ARM GAS  /tmp/cc3FokBo.s 			page 1


   1              		.cpu cortex-m4
   2              		.arch armv7e-m
   3              		.fpu fpv4-sp-d16
   4              		.eabi_attribute 27, 1
   5              		.eabi_attribute 28, 1
   6              		.eabi_attribute 20, 1
   7              		.eabi_attribute 21, 1
   8              		.eabi_attribute 23, 3
   9              		.eabi_attribute 24, 1
  10              		.eabi_attribute 25, 1
  11              		.eabi_attribute 26, 1
  12              		.eabi_attribute 30, 2
  13              		.eabi_attribute 34, 1
  14              		.eabi_attribute 18, 4
  15              		.file	"main.c"
  16              		.text
  17              	.Ltext0:
  18              		.cfi_sections	.debug_frame
  19              		.file 1 "Core/Src/main.c"
  20              		.section	.text.SendCoeffFrame,"ax",%progbits
  21              		.align	1
  22              		.p2align 2,,3
  23              		.syntax unified
  24              		.thumb
  25              		.thumb_func
  27              	SendCoeffFrame:
  28              	.LVL0:
  29              	.LFB347:
   1:Core/Src/main.c **** /* USER CODE BEGIN Header */
   2:Core/Src/main.c **** /**
   3:Core/Src/main.c ****   ******************************************************************************
   4:Core/Src/main.c ****   * @file           : main.c
   5:Core/Src/main.c ****   * @brief          : Main program body
   6:Core/Src/main.c ****   ******************************************************************************
   7:Core/Src/main.c ****   * @attention
   8:Core/Src/main.c ****   *
   9:Core/Src/main.c ****   * Copyright (c) 2026 STMicroelectronics.
  10:Core/Src/main.c ****   * All rights reserved.
  11:Core/Src/main.c ****   *
  12:Core/Src/main.c ****   * This software is licensed under terms that can be found in the LICENSE file
  13:Core/Src/main.c ****   * in the root directory of this software component.
  14:Core/Src/main.c ****   * If no LICENSE file comes with this software, it is provided AS-IS.
  15:Core/Src/main.c ****   *
  16:Core/Src/main.c ****   ******************************************************************************
  17:Core/Src/main.c ****   */
  18:Core/Src/main.c **** /* USER CODE END Header */
  19:Core/Src/main.c **** /* Includes ------------------------------------------------------------------*/
  20:Core/Src/main.c **** #include "main.h"
  21:Core/Src/main.c **** 
  22:Core/Src/main.c **** /* Private includes ----------------------------------------------------------*/
  23:Core/Src/main.c **** /* USER CODE BEGIN Includes */
  24:Core/Src/main.c **** #include <stdbool.h>
  25:Core/Src/main.c **** #include <string.h>
  26:Core/Src/main.c **** #include "hca_lib.h"
  27:Core/Src/main.c **** #include "unipolar_spwm_controller.h"
  28:Core/Src/main.c **** /* USER CODE END Includes */
  29:Core/Src/main.c **** 
ARM GAS  /tmp/cc3FokBo.s 			page 2


  30:Core/Src/main.c **** /* Private typedef -----------------------------------------------------------*/
  31:Core/Src/main.c **** /* USER CODE BEGIN PTD */
  32:Core/Src/main.c **** 
  33:Core/Src/main.c **** /* USER CODE END PTD */
  34:Core/Src/main.c **** 
  35:Core/Src/main.c **** /* Private define ------------------------------------------------------------*/
  36:Core/Src/main.c **** /* USER CODE BEGIN PD */
  37:Core/Src/main.c **** #define ARR_VAL 4249
  38:Core/Src/main.c **** #define SWITCH_RATE 20000.0f // Hz, TIM8 carrier frequency (170MHz / (2*(ARR_VAL+1)))
  39:Core/Src/main.c **** 
  40:Core/Src/main.c **** /** ADC ISR runs at 40kHz; only push every Nth sample -> 40kHz/8 = 5kHz stream rate.
  41:Core/Src/main.c ****  *  5kHz puts Nyquist at 2.5kHz, so the host FFT resolves harmonics up to H50 of a
  42:Core/Src/main.c ****  *  50Hz fundamental. Costs 19 bytes * 5000 Hz = 95,000 B/s on a link good for
  43:Core/Src/main.c ****  *  209,700 B/s (2,097,000 baud, 8N1), i.e. about 45% of the wire. */
  44:Core/Src/main.c **** #define ADC_STREAM_DECIMATION 8U
  45:Core/Src/main.c **** 
  46:Core/Src/main.c **** /** Streaming frame ring buffer depth (must be a power of two) */
  47:Core/Src/main.c **** /* Each frame now carries STREAM_BATCH_SAMPLES samples, so 64 frames is 512
  48:Core/Src/main.c ****  * samples -- ~102ms of slack at the 5kHz stream rate, more than the 256
  49:Core/Src/main.c ****  * single-sample frames it replaces, for 4.8KB of RAM. */
  50:Core/Src/main.c **** #define STREAM_FIFO_LEN  64U
  51:Core/Src/main.c **** #define STREAM_FIFO_MASK (STREAM_FIFO_LEN - 1U)
  52:Core/Src/main.c **** 
  53:Core/Src/main.c **** /** LPUART1 RX ring filled by DMA, drained in the main loop (must be a power of two).
  54:Core/Src/main.c ****  *
  55:Core/Src/main.c ****  *  Polling HAL_UART_Receive() a byte at a time cannot keep up here: one byte is
  56:Core/Src/main.c ****  *  4.77us at 2,097,000 baud, while the main loop can sit inside a blocking
  57:Core/Src/main.c ****  *  HAL_UART_Transmit for ~90us per stream frame and is preempted by the 40kHz
  58:Core/Src/main.c ****  *  ADC ISR every 25us. A single-byte command survives that (it just waits in
  59:Core/Src/main.c ****  *  RDR), but every byte after the first in a multi-byte command is overrun and
  60:Core/Src/main.c ****  *  lost -- which is why SET_COEFF payloads never completed. DMA takes the CPU
  61:Core/Src/main.c ****  *  out of the capture path entirely, so main-loop latency no longer matters.
  62:Core/Src/main.c ****  *
  63:Core/Src/main.c ****  *  64 bytes is over three SET_COEFF commands' worth of slack. */
  64:Core/Src/main.c **** #define UART_RX_DMA_LEN  64U
  65:Core/Src/main.c **** #define UART_RX_DMA_MASK (UART_RX_DMA_LEN - 1U)
  66:Core/Src/main.c **** #define MODULATION_INDEX 0.85f
  67:Core/Src/main.c **** /* USER CODE END PD */
  68:Core/Src/main.c **** 
  69:Core/Src/main.c **** /* Private macro -------------------------------------------------------------*/
  70:Core/Src/main.c **** /* USER CODE BEGIN PM */
  71:Core/Src/main.c **** 
  72:Core/Src/main.c **** /* USER CODE END PM */
  73:Core/Src/main.c **** 
  74:Core/Src/main.c **** /* Private variables ---------------------------------------------------------*/
  75:Core/Src/main.c **** 
  76:Core/Src/main.c **** ADC_HandleTypeDef hadc1;
  77:Core/Src/main.c **** DMA_HandleTypeDef hdma_adc1;
  78:Core/Src/main.c **** 
  79:Core/Src/main.c **** UART_HandleTypeDef hlpuart1;
  80:Core/Src/main.c **** DMA_HandleTypeDef hdma_lpuart1_rx;
  81:Core/Src/main.c **** DMA_HandleTypeDef hdma_lpuart1_tx;
  82:Core/Src/main.c **** 
  83:Core/Src/main.c **** TIM_HandleTypeDef htim8;
  84:Core/Src/main.c **** 
  85:Core/Src/main.c **** /* USER CODE BEGIN PV */
  86:Core/Src/main.c **** volatile uint16_t adc1_raw;  // voltage (single ADC channel)
ARM GAS  /tmp/cc3FokBo.s 			page 3


  87:Core/Src/main.c **** volatile HCA_Handle_t hca;   // HCA Handler type
  88:Core/Src/main.c **** 
  89:Core/Src/main.c **** /** Set/cleared by 'S'/'X' commands received over LPUART1 (see HandleStreamCommand) */
  90:Core/Src/main.c **** volatile uint8_t streaming_enabled = 0;
  91:Core/Src/main.c **** 
  92:Core/Src/main.c **** /* LPUART1 receive path: DMA writes here continuously, the main loop follows it.
  93:Core/Src/main.c ****  * hdma_lpuart1_rx itself is CubeMX-generated (LPUART1 -> DMA Settings in the
  94:Core/Src/main.c ****  * .ioc: DMA1 Channel2, circular, byte-wide). */
  95:Core/Src/main.c **** static uint8_t    uart_rx_dma[UART_RX_DMA_LEN];
  96:Core/Src/main.c **** static uint16_t   uart_rx_tail = 0;
  97:Core/Src/main.c **** 
  98:Core/Src/main.c **** /* Single-producer (ADC ISR) / single-consumer (main loop) ring buffer of frames */
  99:Core/Src/main.c **** static AdcStreamFrame_t  stream_fifo[STREAM_FIFO_LEN];
 100:Core/Src/main.c **** static volatile uint16_t stream_fifo_head = 0;
 101:Core/Src/main.c **** static volatile uint16_t stream_fifo_tail = 0;
 102:Core/Src/main.c **** static volatile uint32_t stream_seq = 0;
 103:Core/Src/main.c **** /* Set while a stream frame is in flight on DMA1_Channel3; cleared by the
 104:Core/Src/main.c ****  * transfer-complete callback, which is also where the FIFO tail advances. The
 105:Core/Src/main.c ****  * slot must stay untouched until then, since the DMA is reading straight out
 106:Core/Src/main.c ****  * of it. */
 107:Core/Src/main.c **** static volatile uint8_t  stream_tx_busy = 0;
 108:Core/Src/main.c **** /* USER CODE END PV */
 109:Core/Src/main.c **** 
 110:Core/Src/main.c **** /* Private function prototypes -----------------------------------------------*/
 111:Core/Src/main.c **** void SystemClock_Config(void);
 112:Core/Src/main.c **** static void MX_GPIO_Init(void);
 113:Core/Src/main.c **** static void MX_DMA_Init(void);
 114:Core/Src/main.c **** static void MX_ADC1_Init(void);
 115:Core/Src/main.c **** static void MX_TIM8_Init(void);
 116:Core/Src/main.c **** static void MX_LPUART1_UART_Init(void);
 117:Core/Src/main.c **** /* USER CODE BEGIN PFP */
 118:Core/Src/main.c **** static void HandleStreamCommand(uint8_t cmd);
 119:Core/Src/main.c **** /* USER CODE END PFP */
 120:Core/Src/main.c **** 
 121:Core/Src/main.c **** /* Private user code ---------------------------------------------------------*/
 122:Core/Src/main.c **** /* USER CODE BEGIN 0 */
 123:Core/Src/main.c **** 
 124:Core/Src/main.c **** /* USER CODE END 0 */
 125:Core/Src/main.c **** 
 126:Core/Src/main.c **** /**
 127:Core/Src/main.c ****   * @brief  The application entry point.
 128:Core/Src/main.c ****   * @retval int
 129:Core/Src/main.c ****   */
 130:Core/Src/main.c **** int main(void)
 131:Core/Src/main.c **** {
 132:Core/Src/main.c **** 
 133:Core/Src/main.c ****   /* USER CODE BEGIN 1 */
 134:Core/Src/main.c **** 
 135:Core/Src/main.c ****   /* USER CODE END 1 */
 136:Core/Src/main.c **** 
 137:Core/Src/main.c ****   /* MCU Configuration--------------------------------------------------------*/
 138:Core/Src/main.c **** 
 139:Core/Src/main.c ****   /* Reset of all peripherals, Initializes the Flash interface and the Systick. */
 140:Core/Src/main.c ****   HAL_Init();
 141:Core/Src/main.c **** 
 142:Core/Src/main.c ****   /* USER CODE BEGIN Init */
 143:Core/Src/main.c ****   const float fundamental_freq = 50.0f;     // your output AC frequency, Hz
ARM GAS  /tmp/cc3FokBo.s 			page 4


 144:Core/Src/main.c ****   const float switching_freq   = SWITCH_RATE;
 145:Core/Src/main.c ****   const uint8_t oversample_ratio = 2;       // 20kHz * 2 = 40kHz control loop (center-aligned TRGO 
 146:Core/Src/main.c ****   const float output_limit = 1.0f;          // matches USPWM's ±1.0 saturation
 147:Core/Src/main.c **** 
 148:Core/Src/main.c ****   HCA_Init(&hca,
 149:Core/Src/main.c ****           fundamental_freq,
 150:Core/Src/main.c ****           switching_freq,
 151:Core/Src/main.c ****           oversample_ratio,
 152:Core/Src/main.c ****           output_limit);
 153:Core/Src/main.c **** 
 154:Core/Src/main.c ****   Complex_t kp1 = {0.5f, -0.03f}; //real, complex
 155:Core/Src/main.c ****   Complex_t ki1 = {0.8407f, 0.0657f}; //real, complex
 156:Core/Src/main.c ****   
 157:Core/Src/main.c ****   Complex_t kp3 = {0.001f, -0.4f}; //real, complex
 158:Core/Src/main.c ****   Complex_t ki3 = {0.0508f, -0.8f}; //real, complex
 159:Core/Src/main.c **** 
 160:Core/Src/main.c ****   Complex_t kp5 = {0.010f, 0.01f}; //real, complex
 161:Core/Src/main.c ****   Complex_t ki5 = {0.01f, 0.02f}; //real, complex
 162:Core/Src/main.c **** 
 163:Core/Src/main.c ****   Complex_t kp7 = {0.001f, 0.001f}; //real, complex
 164:Core/Src/main.c ****   Complex_t ki7 = {0.25f, 3.005f}; //real, complex
 165:Core/Src/main.c **** 
 166:Core/Src/main.c ****   Complex_t kp9 = {0.001f, 0.01f}; //real, complex
 167:Core/Src/main.c ****   Complex_t ki9 = {0.5f, 3.0025f}; //real, complex
 168:Core/Src/main.c **** 
 169:Core/Src/main.c ****   Complex_t kp11 = {0.001f, 0.01f}; //real, complex
 170:Core/Src/main.c ****   Complex_t ki11 = {0.05f, 1.0025f}; //real, complex
 171:Core/Src/main.c **** 
 172:Core/Src/main.c ****   Complex_t kp13 = {0.001f, 0.01f}; //real, complex
 173:Core/Src/main.c ****   Complex_t ki13 = {0.05f, 1.0025f}; //real, complex
 174:Core/Src/main.c **** 
 175:Core/Src/main.c ****   Complex_t kp15 = {0.001f, 0.01f}; //real, complex
 176:Core/Src/main.c ****   Complex_t ki15 = {0.05f, 1.0025f}; //real, complex
 177:Core/Src/main.c **** 
 178:Core/Src/main.c ****   Complex_t kp17 = {0.001f, 0.01f}; //real, complex
 179:Core/Src/main.c ****   Complex_t ki17 = {0.05f, 1.0025f}; //real, complex
 180:Core/Src/main.c **** 
 181:Core/Src/main.c ****   HCA_Add_Channel(&hca, 1, kp1, ki1);  // Fundamental
 182:Core/Src/main.c ****   HCA_Add_Channel(&hca, 3, kp3, ki3);  
 183:Core/Src/main.c ****   HCA_Add_Channel(&hca, 5, kp5, ki5);  
 184:Core/Src/main.c ****   HCA_Add_Channel(&hca, 7, kp7, ki7);  
 185:Core/Src/main.c ****   HCA_Add_Channel(&hca, 9, kp9, ki9);  
 186:Core/Src/main.c ****   HCA_Add_Channel(&hca, 11, kp11, ki11);  
 187:Core/Src/main.c ****   HCA_Add_Channel(&hca, 13, kp13, ki13);
 188:Core/Src/main.c ****   HCA_Add_Channel(&hca, 15, kp15, ki15);
 189:Core/Src/main.c ****   HCA_Add_Channel(&hca, 17, kp17, ki17);    
 190:Core/Src/main.c ****   
 191:Core/Src/main.c ****   /* USER CODE END Init */
 192:Core/Src/main.c **** 
 193:Core/Src/main.c ****   /* Configure the system clock */
 194:Core/Src/main.c ****   SystemClock_Config();
 195:Core/Src/main.c **** 
 196:Core/Src/main.c ****   /* USER CODE BEGIN SysInit */
 197:Core/Src/main.c **** 
 198:Core/Src/main.c ****   /* USER CODE END SysInit */
 199:Core/Src/main.c **** 
 200:Core/Src/main.c ****   /* Initialize all configured peripherals */
ARM GAS  /tmp/cc3FokBo.s 			page 5


 201:Core/Src/main.c ****   MX_GPIO_Init();
 202:Core/Src/main.c ****   MX_DMA_Init();
 203:Core/Src/main.c ****   MX_ADC1_Init();
 204:Core/Src/main.c ****   MX_TIM8_Init();
 205:Core/Src/main.c ****   MX_LPUART1_UART_Init();
 206:Core/Src/main.c ****   /* USER CODE BEGIN 2 */
 207:Core/Src/main.c ****   HAL_ADC_Start_DMA(&hadc1, (uint32_t*)&adc1_raw, 1);
 208:Core/Src/main.c **** 
 209:Core/Src/main.c ****   HAL_TIMEx_PWMN_Start(&htim8, TIM_CHANNEL_1);
 210:Core/Src/main.c ****   HAL_TIMEx_PWMN_Start(&htim8, TIM_CHANNEL_2);
 211:Core/Src/main.c ****   HAL_TIM_PWM_Start(&htim8, TIM_CHANNEL_1);
 212:Core/Src/main.c ****   HAL_TIM_PWM_Start(&htim8, TIM_CHANNEL_2);
 213:Core/Src/main.c ****   /* USER CODE END 2 */
 214:Core/Src/main.c **** 
 215:Core/Src/main.c ****   /* Infinite loop */
 216:Core/Src/main.c ****   /* USER CODE BEGIN WHILE */
 217:Core/Src/main.c ****   while (1)
 218:Core/Src/main.c ****   {
 219:Core/Src/main.c **** 
 220:Core/Src/main.c ****     /* USER CODE END WHILE */
 221:Core/Src/main.c **** 
 222:Core/Src/main.c ****     /* USER CODE BEGIN 3 */
 223:Core/Src/main.c ****     /* Everything DMA has written since the last pass. CNDTR counts down, so
 224:Core/Src/main.c ****      * the write position is the buffer length minus what is left to fill. */
 225:Core/Src/main.c ****     uint16_t rx_head = (uint16_t)(UART_RX_DMA_LEN
 226:Core/Src/main.c ****                                   - __HAL_DMA_GET_COUNTER(&hdma_lpuart1_rx));
 227:Core/Src/main.c ****     while (uart_rx_tail != rx_head)
 228:Core/Src/main.c ****     {
 229:Core/Src/main.c ****       HandleStreamCommand(uart_rx_dma[uart_rx_tail]);
 230:Core/Src/main.c ****       uart_rx_tail = (uint16_t)((uart_rx_tail + 1U) & UART_RX_DMA_MASK);
 231:Core/Src/main.c ****     }
 232:Core/Src/main.c **** 
 233:Core/Src/main.c ****     /* DMA transmit is wired up (HAL_UART_TxCpltCallback below) but stays off
 234:Core/Src/main.c ****      * until the LPUART1 global interrupt is enabled in CubeMX: HAL signals a
 235:Core/Src/main.c ****      * DMA transmit's completion from the UART's TC interrupt, not the DMA's,
 236:Core/Src/main.c ****      * so without that NVIC entry gState never returns to READY and the stream
 237:Core/Src/main.c ****      * stops dead after one frame. Swap these two blocks once it is enabled.
 238:Core/Src/main.c ****      *
 239:Core/Src/main.c ****      *   if (!stream_tx_busy && (stream_fifo_tail != stream_fifo_head))
 240:Core/Src/main.c ****      *   {
 241:Core/Src/main.c ****      *     AdcStreamFrame_t *frame = &stream_fifo[stream_fifo_tail];
 242:Core/Src/main.c ****      *     if (HAL_UART_Transmit_DMA(&hlpuart1, (uint8_t*)frame,
 243:Core/Src/main.c ****      *                               (uint16_t)sizeof(AdcStreamFrame_t)) == HAL_OK)
 244:Core/Src/main.c ****      *     {
 245:Core/Src/main.c ****      *       stream_tx_busy = 1;
 246:Core/Src/main.c ****      *     }
 247:Core/Src/main.c ****      *   }
 248:Core/Src/main.c ****      */
 249:Core/Src/main.c ****     if (stream_fifo_tail != stream_fifo_head)
 250:Core/Src/main.c ****     {
 251:Core/Src/main.c ****       AdcStreamFrame_t *frame = &stream_fifo[stream_fifo_tail];
 252:Core/Src/main.c ****       if (HAL_UART_Transmit(&hlpuart1, (uint8_t*)frame,
 253:Core/Src/main.c ****                             (uint16_t)sizeof(AdcStreamFrame_t), 5) == HAL_OK)
 254:Core/Src/main.c ****       {
 255:Core/Src/main.c ****         stream_fifo_tail = (uint16_t)((stream_fifo_tail + 1U) & STREAM_FIFO_MASK);
 256:Core/Src/main.c ****       }
 257:Core/Src/main.c ****     }
ARM GAS  /tmp/cc3FokBo.s 			page 6


 258:Core/Src/main.c ****   }
 259:Core/Src/main.c ****   /* USER CODE END 3 */
 260:Core/Src/main.c **** }
 261:Core/Src/main.c **** 
 262:Core/Src/main.c **** /**
 263:Core/Src/main.c ****   * @brief System Clock Configuration
 264:Core/Src/main.c ****   * @retval None
 265:Core/Src/main.c ****   */
 266:Core/Src/main.c **** void SystemClock_Config(void)
 267:Core/Src/main.c **** {
 268:Core/Src/main.c ****   RCC_OscInitTypeDef RCC_OscInitStruct = {0};
 269:Core/Src/main.c ****   RCC_ClkInitTypeDef RCC_ClkInitStruct = {0};
 270:Core/Src/main.c **** 
 271:Core/Src/main.c ****   /** Configure the main internal regulator output voltage
 272:Core/Src/main.c ****   */
 273:Core/Src/main.c ****   HAL_PWREx_ControlVoltageScaling(PWR_REGULATOR_VOLTAGE_SCALE1_BOOST);
 274:Core/Src/main.c **** 
 275:Core/Src/main.c ****   /** Initializes the RCC Oscillators according to the specified parameters
 276:Core/Src/main.c ****   * in the RCC_OscInitTypeDef structure.
 277:Core/Src/main.c ****   */
 278:Core/Src/main.c ****   RCC_OscInitStruct.OscillatorType = RCC_OSCILLATORTYPE_HSE;
 279:Core/Src/main.c ****   RCC_OscInitStruct.HSEState = RCC_HSE_ON;
 280:Core/Src/main.c ****   RCC_OscInitStruct.PLL.PLLState = RCC_PLL_ON;
 281:Core/Src/main.c ****   RCC_OscInitStruct.PLL.PLLSource = RCC_PLLSOURCE_HSE;
 282:Core/Src/main.c ****   RCC_OscInitStruct.PLL.PLLM = RCC_PLLM_DIV6;
 283:Core/Src/main.c ****   RCC_OscInitStruct.PLL.PLLN = 85;
 284:Core/Src/main.c ****   RCC_OscInitStruct.PLL.PLLP = RCC_PLLP_DIV2;
 285:Core/Src/main.c ****   RCC_OscInitStruct.PLL.PLLQ = RCC_PLLQ_DIV2;
 286:Core/Src/main.c ****   RCC_OscInitStruct.PLL.PLLR = RCC_PLLR_DIV2;
 287:Core/Src/main.c ****   if (HAL_RCC_OscConfig(&RCC_OscInitStruct) != HAL_OK)
 288:Core/Src/main.c ****   {
 289:Core/Src/main.c ****     Error_Handler();
 290:Core/Src/main.c ****   }
 291:Core/Src/main.c **** 
 292:Core/Src/main.c ****   /** Initializes the CPU, AHB and APB buses clocks
 293:Core/Src/main.c ****   */
 294:Core/Src/main.c ****   RCC_ClkInitStruct.ClockType = RCC_CLOCKTYPE_HCLK|RCC_CLOCKTYPE_SYSCLK
 295:Core/Src/main.c ****                               |RCC_CLOCKTYPE_PCLK1|RCC_CLOCKTYPE_PCLK2;
 296:Core/Src/main.c ****   RCC_ClkInitStruct.SYSCLKSource = RCC_SYSCLKSOURCE_PLLCLK;
 297:Core/Src/main.c ****   RCC_ClkInitStruct.AHBCLKDivider = RCC_SYSCLK_DIV1;
 298:Core/Src/main.c ****   RCC_ClkInitStruct.APB1CLKDivider = RCC_HCLK_DIV1;
 299:Core/Src/main.c ****   RCC_ClkInitStruct.APB2CLKDivider = RCC_HCLK_DIV1;
 300:Core/Src/main.c **** 
 301:Core/Src/main.c ****   if (HAL_RCC_ClockConfig(&RCC_ClkInitStruct, FLASH_LATENCY_4) != HAL_OK)
 302:Core/Src/main.c ****   {
 303:Core/Src/main.c ****     Error_Handler();
 304:Core/Src/main.c ****   }
 305:Core/Src/main.c **** 
 306:Core/Src/main.c ****   /** Enables the Clock Security System
 307:Core/Src/main.c ****   */
 308:Core/Src/main.c ****   HAL_RCC_EnableCSS();
 309:Core/Src/main.c **** }
 310:Core/Src/main.c **** 
 311:Core/Src/main.c **** /**
 312:Core/Src/main.c ****   * @brief ADC1 Initialization Function
 313:Core/Src/main.c ****   * @param None
 314:Core/Src/main.c ****   * @retval None
ARM GAS  /tmp/cc3FokBo.s 			page 7


 315:Core/Src/main.c ****   */
 316:Core/Src/main.c **** static void MX_ADC1_Init(void)
 317:Core/Src/main.c **** {
 318:Core/Src/main.c **** 
 319:Core/Src/main.c ****   /* USER CODE BEGIN ADC1_Init 0 */
 320:Core/Src/main.c **** 
 321:Core/Src/main.c ****   /* USER CODE END ADC1_Init 0 */
 322:Core/Src/main.c **** 
 323:Core/Src/main.c ****   ADC_MultiModeTypeDef multimode = {0};
 324:Core/Src/main.c ****   ADC_ChannelConfTypeDef sConfig = {0};
 325:Core/Src/main.c **** 
 326:Core/Src/main.c ****   /* USER CODE BEGIN ADC1_Init 1 */
 327:Core/Src/main.c **** 
 328:Core/Src/main.c ****   /* USER CODE END ADC1_Init 1 */
 329:Core/Src/main.c **** 
 330:Core/Src/main.c ****   /** Common config
 331:Core/Src/main.c ****   */
 332:Core/Src/main.c ****   hadc1.Instance = ADC1;
 333:Core/Src/main.c ****   hadc1.Init.ClockPrescaler = ADC_CLOCK_SYNC_PCLK_DIV4;
 334:Core/Src/main.c ****   hadc1.Init.Resolution = ADC_RESOLUTION_12B;
 335:Core/Src/main.c ****   hadc1.Init.DataAlign = ADC_DATAALIGN_RIGHT;
 336:Core/Src/main.c ****   hadc1.Init.GainCompensation = 0;
 337:Core/Src/main.c ****   hadc1.Init.ScanConvMode = ADC_SCAN_DISABLE;
 338:Core/Src/main.c ****   hadc1.Init.EOCSelection = ADC_EOC_SINGLE_CONV;
 339:Core/Src/main.c ****   hadc1.Init.LowPowerAutoWait = DISABLE;
 340:Core/Src/main.c ****   hadc1.Init.ContinuousConvMode = DISABLE;
 341:Core/Src/main.c ****   hadc1.Init.NbrOfConversion = 1;
 342:Core/Src/main.c ****   hadc1.Init.DiscontinuousConvMode = DISABLE;
 343:Core/Src/main.c ****   hadc1.Init.ExternalTrigConv = ADC_EXTERNALTRIG_T8_TRGO;
 344:Core/Src/main.c ****   hadc1.Init.ExternalTrigConvEdge = ADC_EXTERNALTRIGCONVEDGE_RISING;
 345:Core/Src/main.c ****   hadc1.Init.DMAContinuousRequests = ENABLE;
 346:Core/Src/main.c ****   hadc1.Init.Overrun = ADC_OVR_DATA_PRESERVED;
 347:Core/Src/main.c ****   hadc1.Init.OversamplingMode = DISABLE;
 348:Core/Src/main.c ****   if (HAL_ADC_Init(&hadc1) != HAL_OK)
 349:Core/Src/main.c ****   {
 350:Core/Src/main.c ****     Error_Handler();
 351:Core/Src/main.c ****   }
 352:Core/Src/main.c **** 
 353:Core/Src/main.c ****   /** Configure the ADC multi-mode
 354:Core/Src/main.c ****   */
 355:Core/Src/main.c ****   multimode.Mode = ADC_MODE_INDEPENDENT;
 356:Core/Src/main.c ****   if (HAL_ADCEx_MultiModeConfigChannel(&hadc1, &multimode) != HAL_OK)
 357:Core/Src/main.c ****   {
 358:Core/Src/main.c ****     Error_Handler();
 359:Core/Src/main.c ****   }
 360:Core/Src/main.c **** 
 361:Core/Src/main.c ****   /** Configure Regular Channel
 362:Core/Src/main.c ****   */
 363:Core/Src/main.c ****   sConfig.Channel = ADC_CHANNEL_1;
 364:Core/Src/main.c ****   sConfig.Rank = ADC_REGULAR_RANK_1;
 365:Core/Src/main.c ****   sConfig.SamplingTime = ADC_SAMPLETIME_247CYCLES_5;
 366:Core/Src/main.c ****   sConfig.SingleDiff = ADC_DIFFERENTIAL_ENDED;
 367:Core/Src/main.c ****   sConfig.OffsetNumber = ADC_OFFSET_NONE;
 368:Core/Src/main.c ****   sConfig.Offset = 0;
 369:Core/Src/main.c ****   if (HAL_ADC_ConfigChannel(&hadc1, &sConfig) != HAL_OK)
 370:Core/Src/main.c ****   {
 371:Core/Src/main.c ****     Error_Handler();
ARM GAS  /tmp/cc3FokBo.s 			page 8


 372:Core/Src/main.c ****   }
 373:Core/Src/main.c ****   /* USER CODE BEGIN ADC1_Init 2 */
 374:Core/Src/main.c **** 
 375:Core/Src/main.c ****   /* USER CODE END ADC1_Init 2 */
 376:Core/Src/main.c **** 
 377:Core/Src/main.c **** }
 378:Core/Src/main.c **** 
 379:Core/Src/main.c **** /**
 380:Core/Src/main.c ****   * @brief LPUART1 Initialization Function
 381:Core/Src/main.c ****   * @param None
 382:Core/Src/main.c ****   * @retval None
 383:Core/Src/main.c ****   */
 384:Core/Src/main.c **** static void MX_LPUART1_UART_Init(void)
 385:Core/Src/main.c **** {
 386:Core/Src/main.c **** 
 387:Core/Src/main.c ****   /* USER CODE BEGIN LPUART1_Init 0 */
 388:Core/Src/main.c **** 
 389:Core/Src/main.c ****   /* USER CODE END LPUART1_Init 0 */
 390:Core/Src/main.c **** 
 391:Core/Src/main.c ****   /* USER CODE BEGIN LPUART1_Init 1 */
 392:Core/Src/main.c **** 
 393:Core/Src/main.c ****   /* USER CODE END LPUART1_Init 1 */
 394:Core/Src/main.c ****   hlpuart1.Instance = LPUART1;
 395:Core/Src/main.c ****   hlpuart1.Init.BaudRate = 2097000;
 396:Core/Src/main.c ****   hlpuart1.Init.WordLength = UART_WORDLENGTH_8B;
 397:Core/Src/main.c ****   hlpuart1.Init.StopBits = UART_STOPBITS_1;
 398:Core/Src/main.c ****   hlpuart1.Init.Parity = UART_PARITY_NONE;
 399:Core/Src/main.c ****   hlpuart1.Init.Mode = UART_MODE_TX_RX;
 400:Core/Src/main.c ****   hlpuart1.Init.HwFlowCtl = UART_HWCONTROL_NONE;
 401:Core/Src/main.c ****   hlpuart1.Init.OneBitSampling = UART_ONE_BIT_SAMPLE_DISABLE;
 402:Core/Src/main.c ****   hlpuart1.Init.ClockPrescaler = UART_PRESCALER_DIV1;
 403:Core/Src/main.c ****   hlpuart1.AdvancedInit.AdvFeatureInit = UART_ADVFEATURE_NO_INIT;
 404:Core/Src/main.c ****   if (HAL_UART_Init(&hlpuart1) != HAL_OK)
 405:Core/Src/main.c ****   {
 406:Core/Src/main.c ****     Error_Handler();
 407:Core/Src/main.c ****   }
 408:Core/Src/main.c ****   if (HAL_UARTEx_SetTxFifoThreshold(&hlpuart1, UART_TXFIFO_THRESHOLD_1_8) != HAL_OK)
 409:Core/Src/main.c ****   {
 410:Core/Src/main.c ****     Error_Handler();
 411:Core/Src/main.c ****   }
 412:Core/Src/main.c ****   if (HAL_UARTEx_SetRxFifoThreshold(&hlpuart1, UART_RXFIFO_THRESHOLD_1_8) != HAL_OK)
 413:Core/Src/main.c ****   {
 414:Core/Src/main.c ****     Error_Handler();
 415:Core/Src/main.c ****   }
 416:Core/Src/main.c ****   if (HAL_UARTEx_DisableFifoMode(&hlpuart1) != HAL_OK)
 417:Core/Src/main.c ****   {
 418:Core/Src/main.c ****     Error_Handler();
 419:Core/Src/main.c ****   }
 420:Core/Src/main.c ****   /* USER CODE BEGIN LPUART1_Init 2 */
 421:Core/Src/main.c ****   /* Circular: this never completes and never needs restarting. */
 422:Core/Src/main.c ****   if (HAL_UART_Receive_DMA(&hlpuart1, uart_rx_dma, UART_RX_DMA_LEN) != HAL_OK)
 423:Core/Src/main.c ****   {
 424:Core/Src/main.c ****     Error_Handler();
 425:Core/Src/main.c ****   }
 426:Core/Src/main.c ****   /* USER CODE END LPUART1_Init 2 */
 427:Core/Src/main.c **** 
 428:Core/Src/main.c **** }
ARM GAS  /tmp/cc3FokBo.s 			page 9


 429:Core/Src/main.c **** 
 430:Core/Src/main.c **** /**
 431:Core/Src/main.c ****   * @brief TIM8 Initialization Function
 432:Core/Src/main.c ****   * @param None
 433:Core/Src/main.c ****   * @retval None
 434:Core/Src/main.c ****   */
 435:Core/Src/main.c **** static void MX_TIM8_Init(void)
 436:Core/Src/main.c **** {
 437:Core/Src/main.c **** 
 438:Core/Src/main.c ****   /* USER CODE BEGIN TIM8_Init 0 */
 439:Core/Src/main.c **** 
 440:Core/Src/main.c ****   /* USER CODE END TIM8_Init 0 */
 441:Core/Src/main.c **** 
 442:Core/Src/main.c ****   TIM_MasterConfigTypeDef sMasterConfig = {0};
 443:Core/Src/main.c ****   TIM_OC_InitTypeDef sConfigOC = {0};
 444:Core/Src/main.c ****   TIM_BreakDeadTimeConfigTypeDef sBreakDeadTimeConfig = {0};
 445:Core/Src/main.c **** 
 446:Core/Src/main.c ****   /* USER CODE BEGIN TIM8_Init 1 */
 447:Core/Src/main.c **** 
 448:Core/Src/main.c ****   /* USER CODE END TIM8_Init 1 */
 449:Core/Src/main.c ****   htim8.Instance = TIM8;
 450:Core/Src/main.c ****   htim8.Init.Prescaler = 0;
 451:Core/Src/main.c ****   htim8.Init.CounterMode = TIM_COUNTERMODE_CENTERALIGNED3;
 452:Core/Src/main.c ****   htim8.Init.Period = 4249;
 453:Core/Src/main.c ****   htim8.Init.ClockDivision = TIM_CLOCKDIVISION_DIV1;
 454:Core/Src/main.c ****   htim8.Init.RepetitionCounter = 0;
 455:Core/Src/main.c ****   htim8.Init.AutoReloadPreload = TIM_AUTORELOAD_PRELOAD_ENABLE;
 456:Core/Src/main.c ****   if (HAL_TIM_PWM_Init(&htim8) != HAL_OK)
 457:Core/Src/main.c ****   {
 458:Core/Src/main.c ****     Error_Handler();
 459:Core/Src/main.c ****   }
 460:Core/Src/main.c ****   sMasterConfig.MasterOutputTrigger = TIM_TRGO_UPDATE;
 461:Core/Src/main.c ****   sMasterConfig.MasterOutputTrigger2 = TIM_TRGO2_RESET;
 462:Core/Src/main.c ****   sMasterConfig.MasterSlaveMode = TIM_MASTERSLAVEMODE_DISABLE;
 463:Core/Src/main.c ****   if (HAL_TIMEx_MasterConfigSynchronization(&htim8, &sMasterConfig) != HAL_OK)
 464:Core/Src/main.c ****   {
 465:Core/Src/main.c ****     Error_Handler();
 466:Core/Src/main.c ****   }
 467:Core/Src/main.c ****   sConfigOC.OCMode = TIM_OCMODE_PWM1;
 468:Core/Src/main.c ****   sConfigOC.Pulse = 0;
 469:Core/Src/main.c ****   sConfigOC.OCPolarity = TIM_OCPOLARITY_HIGH;
 470:Core/Src/main.c ****   sConfigOC.OCNPolarity = TIM_OCNPOLARITY_HIGH;
 471:Core/Src/main.c ****   sConfigOC.OCFastMode = TIM_OCFAST_DISABLE;
 472:Core/Src/main.c ****   sConfigOC.OCIdleState = TIM_OCIDLESTATE_RESET;
 473:Core/Src/main.c ****   sConfigOC.OCNIdleState = TIM_OCNIDLESTATE_RESET;
 474:Core/Src/main.c ****   if (HAL_TIM_PWM_ConfigChannel(&htim8, &sConfigOC, TIM_CHANNEL_1) != HAL_OK)
 475:Core/Src/main.c ****   {
 476:Core/Src/main.c ****     Error_Handler();
 477:Core/Src/main.c ****   }
 478:Core/Src/main.c ****   if (HAL_TIM_PWM_ConfigChannel(&htim8, &sConfigOC, TIM_CHANNEL_2) != HAL_OK)
 479:Core/Src/main.c ****   {
 480:Core/Src/main.c ****     Error_Handler();
 481:Core/Src/main.c ****   }
 482:Core/Src/main.c ****   sBreakDeadTimeConfig.OffStateRunMode = TIM_OSSR_ENABLE;
 483:Core/Src/main.c ****   sBreakDeadTimeConfig.OffStateIDLEMode = TIM_OSSI_ENABLE;
 484:Core/Src/main.c ****   sBreakDeadTimeConfig.LockLevel = TIM_LOCKLEVEL_OFF;
 485:Core/Src/main.c ****   sBreakDeadTimeConfig.DeadTime = 68;
ARM GAS  /tmp/cc3FokBo.s 			page 10


 486:Core/Src/main.c ****   sBreakDeadTimeConfig.BreakState = TIM_BREAK_DISABLE;
 487:Core/Src/main.c ****   sBreakDeadTimeConfig.BreakPolarity = TIM_BREAKPOLARITY_HIGH;
 488:Core/Src/main.c ****   sBreakDeadTimeConfig.BreakFilter = 0;
 489:Core/Src/main.c ****   sBreakDeadTimeConfig.BreakAFMode = TIM_BREAK_AFMODE_INPUT;
 490:Core/Src/main.c ****   sBreakDeadTimeConfig.Break2State = TIM_BREAK2_DISABLE;
 491:Core/Src/main.c ****   sBreakDeadTimeConfig.Break2Polarity = TIM_BREAK2POLARITY_HIGH;
 492:Core/Src/main.c ****   sBreakDeadTimeConfig.Break2Filter = 0;
 493:Core/Src/main.c ****   sBreakDeadTimeConfig.Break2AFMode = TIM_BREAK_AFMODE_INPUT;
 494:Core/Src/main.c ****   sBreakDeadTimeConfig.AutomaticOutput = TIM_AUTOMATICOUTPUT_DISABLE;
 495:Core/Src/main.c ****   if (HAL_TIMEx_ConfigBreakDeadTime(&htim8, &sBreakDeadTimeConfig) != HAL_OK)
 496:Core/Src/main.c ****   {
 497:Core/Src/main.c ****     Error_Handler();
 498:Core/Src/main.c ****   }
 499:Core/Src/main.c ****   /* USER CODE BEGIN TIM8_Init 2 */
 500:Core/Src/main.c **** 
 501:Core/Src/main.c ****   /* USER CODE END TIM8_Init 2 */
 502:Core/Src/main.c ****   HAL_TIM_MspPostInit(&htim8);
 503:Core/Src/main.c **** 
 504:Core/Src/main.c **** }
 505:Core/Src/main.c **** 
 506:Core/Src/main.c **** /**
 507:Core/Src/main.c ****   * Enable DMA controller clock
 508:Core/Src/main.c ****   */
 509:Core/Src/main.c **** static void MX_DMA_Init(void)
 510:Core/Src/main.c **** {
 511:Core/Src/main.c **** 
 512:Core/Src/main.c ****   /* DMA controller clock enable */
 513:Core/Src/main.c ****   __HAL_RCC_DMAMUX1_CLK_ENABLE();
 514:Core/Src/main.c ****   __HAL_RCC_DMA1_CLK_ENABLE();
 515:Core/Src/main.c **** 
 516:Core/Src/main.c ****   /* DMA interrupt init */
 517:Core/Src/main.c ****   /* DMA1_Channel1_IRQn interrupt configuration */
 518:Core/Src/main.c ****   HAL_NVIC_SetPriority(DMA1_Channel1_IRQn, 0, 0);
 519:Core/Src/main.c ****   HAL_NVIC_EnableIRQ(DMA1_Channel1_IRQn);
 520:Core/Src/main.c ****   /* DMA1_Channel2_IRQn interrupt configuration */
 521:Core/Src/main.c ****   HAL_NVIC_SetPriority(DMA1_Channel2_IRQn, 3, 0);
 522:Core/Src/main.c ****   HAL_NVIC_EnableIRQ(DMA1_Channel2_IRQn);
 523:Core/Src/main.c ****   /* DMA1_Channel3_IRQn interrupt configuration */
 524:Core/Src/main.c ****   HAL_NVIC_SetPriority(DMA1_Channel3_IRQn, 3, 0);
 525:Core/Src/main.c ****   HAL_NVIC_EnableIRQ(DMA1_Channel3_IRQn);
 526:Core/Src/main.c **** 
 527:Core/Src/main.c **** }
 528:Core/Src/main.c **** 
 529:Core/Src/main.c **** /**
 530:Core/Src/main.c ****   * @brief GPIO Initialization Function
 531:Core/Src/main.c ****   * @param None
 532:Core/Src/main.c ****   * @retval None
 533:Core/Src/main.c ****   */
 534:Core/Src/main.c **** static void MX_GPIO_Init(void)
 535:Core/Src/main.c **** {
 536:Core/Src/main.c ****   /* USER CODE BEGIN MX_GPIO_Init_1 */
 537:Core/Src/main.c **** 
 538:Core/Src/main.c ****   /* USER CODE END MX_GPIO_Init_1 */
 539:Core/Src/main.c **** 
 540:Core/Src/main.c ****   /* GPIO Ports Clock Enable */
 541:Core/Src/main.c ****   __HAL_RCC_GPIOC_CLK_ENABLE();
 542:Core/Src/main.c ****   __HAL_RCC_GPIOF_CLK_ENABLE();
ARM GAS  /tmp/cc3FokBo.s 			page 11


 543:Core/Src/main.c ****   __HAL_RCC_GPIOA_CLK_ENABLE();
 544:Core/Src/main.c ****   __HAL_RCC_GPIOB_CLK_ENABLE();
 545:Core/Src/main.c **** 
 546:Core/Src/main.c ****   /* USER CODE BEGIN MX_GPIO_Init_2 */
 547:Core/Src/main.c **** 
 548:Core/Src/main.c ****   /* USER CODE END MX_GPIO_Init_2 */
 549:Core/Src/main.c **** }
 550:Core/Src/main.c **** 
 551:Core/Src/main.c **** /* USER CODE BEGIN 4 */
 552:Core/Src/main.c **** 
 553:Core/Src/main.c **** // Stops switching when Clock Security System (CSS) detects a clock failure.
 554:Core/Src/main.c **** volatile uint8_t clock_fault_flag = 0;
 555:Core/Src/main.c **** void HAL_RCC_CSSCallback(void)
 556:Core/Src/main.c **** {
 557:Core/Src/main.c ****     // Force PWM outputs off immediately — this is the critical line
 558:Core/Src/main.c ****     __HAL_TIM_MOE_DISABLE(&htim8);
 559:Core/Src/main.c **** 
 560:Core/Src/main.c ****     // Optional but recommended: fully stop timer channels too
 561:Core/Src/main.c ****     HAL_TIMEx_PWMN_Stop(&htim8, TIM_CHANNEL_1);
 562:Core/Src/main.c ****     HAL_TIMEx_PWMN_Stop(&htim8, TIM_CHANNEL_2);
 563:Core/Src/main.c ****     HAL_TIM_PWM_Stop(&htim8, TIM_CHANNEL_1);
 564:Core/Src/main.c ****     HAL_TIM_PWM_Stop(&htim8, TIM_CHANNEL_2);
 565:Core/Src/main.c **** 
 566:Core/Src/main.c ****     clock_fault_flag = 1;
 567:Core/Src/main.c **** }
 568:Core/Src/main.c **** 
 569:Core/Src/main.c **** #define ADC_VREF              3.3f
 570:Core/Src/main.c **** #define ADC_FULL_SCALE_CODES  2048.0f  // ADC1 is differential; signed code -2048..2047 spans -VREF
 571:Core/Src/main.c **** #define V_PEAK_NOM            200.0f
 572:Core/Src/main.c **** 
 573:Core/Src/main.c **** /**
 574:Core/Src/main.c ****  * Sensor transfer function (measured/derived from the actual circuit):
 575:Core/Src/main.c ****  *   Vout_p = Vin * (250/22000) *  0.43 + 1.65V
 576:Core/Src/main.c ****  *   Vout_n = Vin * (250/22000) * -0.43 + 1.65V
 577:Core/Src/main.c ****  * Both differential pins are biased at 1.65V (VDDA/2) with the signal
 578:Core/Src/main.c ****  * riding symmetrically in opposite directions, so the differential the ADC
 579:Core/Src/main.c ****  * actually measures is:
 580:Core/Src/main.c ****  *   Vinp - Vinn = Vout_p - Vout_n = SENSOR_GAIN * Vin
 581:Core/Src/main.c ****  * where SENSOR_GAIN = 2 * (250/22000) * 0.43. The 1.65V bias on each pin
 582:Core/Src/main.c ****  * cancels out in the subtraction -- no bias removal needed in software.
 583:Core/Src/main.c ****  */
 584:Core/Src/main.c **** #define SENSOR_GAIN (2.0f * (250.0f / 44000.0f) * 0.4779f)
 585:Core/Src/main.c **** #define DC_CAL 21.5f
 586:Core/Src/main.c **** #define GAIN_CAL 172.0f/159.0f
 587:Core/Src/main.c **** 
 588:Core/Src/main.c **** /**
 589:Core/Src/main.c ****  * ADC1 in differential mode reports Vinp-Vinn as a 12-bit *straight offset
 590:Core/Src/main.c ****  * binary* code (0..4095, unsigned) -- NOT two's complement. Code 2048
 591:Core/Src/main.c ****  * (0x800) means Vinp-Vinn = 0V; 0 means -VREF; 4095 means ~+VREF. Center
 592:Core/Src/main.c ****  * it on zero by subtracting the half-scale offset.
 593:Core/Src/main.c ****  */
 594:Core/Src/main.c **** static inline int16_t DifferentialCode(uint16_t raw12)
 595:Core/Src/main.c **** {
 596:Core/Src/main.c ****     return (int16_t)raw12 - (int16_t)ADC_FULL_SCALE_CODES;
 597:Core/Src/main.c **** }
 598:Core/Src/main.c **** 
 599:Core/Src/main.c **** static inline float adcToVoltsActual(int16_t adc_signed){
ARM GAS  /tmp/cc3FokBo.s 			page 12


 600:Core/Src/main.c ****     float v_adc = (float)adc_signed * (ADC_VREF / ADC_FULL_SCALE_CODES); // differential volts at t
 601:Core/Src/main.c ****     return (v_adc / SENSOR_GAIN)*GAIN_CAL + DC_CAL;                                          // inv
 602:Core/Src/main.c **** }
 603:Core/Src/main.c **** 
 604:Core/Src/main.c **** static inline float normaliseVoltage(int16_t adc_signed){
 605:Core/Src/main.c ****     return adcToVoltsActual(adc_signed) / V_PEAK_NOM;       // normalize to ±1.0 like r_t
 606:Core/Src/main.c **** }
 607:Core/Src/main.c **** 
 608:Core/Src/main.c **** /**
 609:Core/Src/main.c ****  * @param adc_signed ADC1 differential reading, zero-centered (see DifferentialCode)
 610:Core/Src/main.c ****  */
 611:Core/Src/main.c **** static inline float Execute_HCA_Control(int16_t adc_signed, uint8_t update)
 612:Core/Src/main.c **** {
 613:Core/Src/main.c ****     static uint32_t step_fundamental = (uint32_t)((50.0f / (2.0f*SWITCH_RATE)) * 4294967296.0f);
 614:Core/Src/main.c ****     static uint32_t angle_fundamental = 0;
 615:Core/Src/main.c **** 
 616:Core/Src/main.c ****     uint32_t theta = angle_fundamental;
 617:Core/Src/main.c ****     float r_t = HCA_fastSin(theta)*0.8f;
 618:Core/Src/main.c **** 
 619:Core/Src/main.c ****     float error = r_t - (float)normaliseVoltage(adc_signed);
 620:Core/Src/main.c ****     float hca_out = HCA_Process(&hca, error);
 621:Core/Src/main.c **** 
 622:Core/Src/main.c ****     angle_fundamental += step_fundamental;
 623:Core/Src/main.c **** 
 624:Core/Src/main.c ****     if ((update & 0x1) == 0) {
 625:Core/Src/main.c ****       USPWM(htim8.Instance, hca_out, ARR_VAL, MODULATION_INDEX);  // modulation_index=1.0, already 
 626:Core/Src/main.c ****     }
 627:Core/Src/main.c **** 
 628:Core/Src/main.c ****     return error;
 629:Core/Src/main.c **** }
 630:Core/Src/main.c **** 
 631:Core/Src/main.c **** static uint8_t StreamChecksum(const AdcStreamFrame_t *f)
 632:Core/Src/main.c **** {
 633:Core/Src/main.c ****     const uint8_t *p = (const uint8_t*)&f->seq;
 634:Core/Src/main.c ****     const uint16_t len = (uint16_t)(sizeof(AdcStreamFrame_t) - sizeof(f->sync0)
 635:Core/Src/main.c ****                                      - sizeof(f->sync1) - sizeof(f->checksum));
 636:Core/Src/main.c ****     uint8_t sum = 0;
 637:Core/Src/main.c ****     for (uint16_t i = 0; i < len; i++) {
 638:Core/Src/main.c ****         sum += p[i];
 639:Core/Src/main.c ****     }
 640:Core/Src/main.c ****     return sum;
 641:Core/Src/main.c **** }
 642:Core/Src/main.c **** 
 643:Core/Src/main.c **** /* Batch under construction. Only the ISR touches it, so it needs no guarding. */
 644:Core/Src/main.c **** static AdcStreamFrame_t stream_accum;
 645:Core/Src/main.c **** static uint8_t          stream_accum_count = 0;
 646:Core/Src/main.c **** 
 647:Core/Src/main.c **** /**
 648:Core/Src/main.c ****  * Producer side (called from ADC ISR). Accumulates STREAM_BATCH_SAMPLES samples
 649:Core/Src/main.c ****  * and pushes them as one frame; drops the whole batch if the FIFO is full.
 650:Core/Src/main.c ****  *
 651:Core/Src/main.c ****  * seq is advanced only on a successful push, which is what lets the host tell
 652:Core/Src/main.c ****  * the two loss modes apart: a FIFO overflow here leaves seq contiguous but
 653:Core/Src/main.c ****  * slower than wall-clock, while bytes lost on the wire leave holes in seq.
 654:Core/Src/main.c ****  */
 655:Core/Src/main.c **** static inline void PushStreamFrame(float voltage, float error)
 656:Core/Src/main.c **** {
ARM GAS  /tmp/cc3FokBo.s 			page 13


 657:Core/Src/main.c ****     if (stream_accum_count == 0U) {
 658:Core/Src/main.c ****         stream_accum.timestamp_ms = HAL_GetTick();
 659:Core/Src/main.c ****     }
 660:Core/Src/main.c **** 
 661:Core/Src/main.c ****     stream_accum.samples[stream_accum_count].voltage = voltage;
 662:Core/Src/main.c ****     stream_accum.samples[stream_accum_count].error   = error;
 663:Core/Src/main.c **** 
 664:Core/Src/main.c ****     if (++stream_accum_count < STREAM_BATCH_SAMPLES) {
 665:Core/Src/main.c ****         return; // batch still filling
 666:Core/Src/main.c ****     }
 667:Core/Src/main.c ****     stream_accum_count = 0;
 668:Core/Src/main.c **** 
 669:Core/Src/main.c ****     uint16_t next_head = (uint16_t)((stream_fifo_head + 1U) & STREAM_FIFO_MASK);
 670:Core/Src/main.c ****     if (next_head == stream_fifo_tail) {
 671:Core/Src/main.c ****         return; // consumer (UART) can't keep up, drop this batch
 672:Core/Src/main.c ****     }
 673:Core/Src/main.c **** 
 674:Core/Src/main.c ****     AdcStreamFrame_t *f = &stream_fifo[stream_fifo_head];
 675:Core/Src/main.c ****     *f              = stream_accum;
 676:Core/Src/main.c ****     f->sync0        = STREAM_SYNC0;
 677:Core/Src/main.c ****     f->sync1        = STREAM_SYNC1;
 678:Core/Src/main.c ****     f->seq          = stream_seq++;
 679:Core/Src/main.c ****     f->checksum     = StreamChecksum(f);
 680:Core/Src/main.c **** 
 681:Core/Src/main.c ****     stream_fifo_head = next_head;
 682:Core/Src/main.c **** }
 683:Core/Src/main.c **** 
 684:Core/Src/main.c **** // Manages the HCA loop 40kHz sample rate and 5kHz telemetry rate
 685:Core/Src/main.c **** volatile uint32_t tick_counter = 0;
 686:Core/Src/main.c **** void HAL_ADC_ConvCpltCallback(ADC_HandleTypeDef *hadc)
 687:Core/Src/main.c **** {
 688:Core/Src/main.c ****     if (hadc->Instance == ADC1)
 689:Core/Src/main.c ****     {
 690:Core/Src/main.c ****         int16_t v_adc_signed = DifferentialCode(adc1_raw); // voltage, differential
 691:Core/Src/main.c **** 
 692:Core/Src/main.c ****         tick_counter++;
 693:Core/Src/main.c **** 
 694:Core/Src/main.c ****         float error = Execute_HCA_Control(v_adc_signed, tick_counter);
 695:Core/Src/main.c **** 
 696:Core/Src/main.c ****         if (streaming_enabled && ((tick_counter % ADC_STREAM_DECIMATION) == 0U))
 697:Core/Src/main.c ****         {
 698:Core/Src/main.c ****             float voltage_v = adcToVoltsActual(v_adc_signed);
 699:Core/Src/main.c ****             PushStreamFrame(voltage_v, error);
 700:Core/Src/main.c ****         }
 701:Core/Src/main.c ****     }
 702:Core/Src/main.c **** }
 703:Core/Src/main.c **** 
 704:Core/Src/main.c **** /**
 705:Core/Src/main.c ****  * Stream frame finished on the wire. Only the stream path uses DMA, so this
 706:Core/Src/main.c ****  * cannot be reached by the command replies below.
 707:Core/Src/main.c ****  */
 708:Core/Src/main.c **** void HAL_UART_TxCpltCallback(UART_HandleTypeDef *huart)
 709:Core/Src/main.c **** {
 710:Core/Src/main.c ****     if (huart->Instance == LPUART1)
 711:Core/Src/main.c ****     {
 712:Core/Src/main.c ****         stream_fifo_tail = (uint16_t)((stream_fifo_tail + 1U) & STREAM_FIFO_MASK);
 713:Core/Src/main.c ****         stream_tx_busy = 0;
ARM GAS  /tmp/cc3FokBo.s 			page 14


 714:Core/Src/main.c ****     }
 715:Core/Src/main.c **** }
 716:Core/Src/main.c **** 
 717:Core/Src/main.c **** /**
 718:Core/Src/main.c ****  * Command replies still transmit in blocking mode -- they are rare and
 719:Core/Src/main.c ****  * user-triggered. HAL refuses a transmit while gState is BUSY_TX, so wait out
 720:Core/Src/main.c ****  * any stream frame first rather than letting the reply be dropped. Bounded by
 721:Core/Src/main.c ****  * one frame time, ~360us at 2,097,000 baud.
 722:Core/Src/main.c ****  */
 723:Core/Src/main.c **** static void StreamTxWaitIdle(void)
 724:Core/Src/main.c **** {
 725:Core/Src/main.c ****     while (stream_tx_busy)
 726:Core/Src/main.c ****     {
 727:Core/Src/main.c ****         /* the DMA1_Channel3 IRQ clears this */
 728:Core/Src/main.c ****     }
 729:Core/Src/main.c **** }
 730:Core/Src/main.c **** 
 731:Core/Src/main.c **** /* ---- SET_COEFF payload reassembly ----------------------------------------
 732:Core/Src/main.c ****  * The main loop hands us one byte at a time, so a multi-byte command has to be
 733:Core/Src/main.c ****  * collected across iterations. Doing a blocking 18-byte read instead would
 734:Core/Src/main.c ****  * stall the stream pump for as long as the host took to finish the command. */
 735:Core/Src/main.c **** static uint8_t  coeff_rx[COEFF_CMD_PAYLOAD_LEN];
 736:Core/Src/main.c **** static uint8_t  coeff_rx_len = 0;
 737:Core/Src/main.c **** static uint8_t  coeff_rx_active = 0;
 738:Core/Src/main.c **** static uint32_t coeff_rx_started_ms = 0;
 739:Core/Src/main.c **** 
 740:Core/Src/main.c **** static uint8_t CoeffChecksum(const uint8_t *p, uint16_t len)
 741:Core/Src/main.c **** {
 742:Core/Src/main.c ****     uint8_t sum = 0;
 743:Core/Src/main.c ****     for (uint16_t i = 0; i < len; i++) {
 744:Core/Src/main.c ****         sum += p[i];
 745:Core/Src/main.c ****     }
 746:Core/Src/main.c ****     return sum;
 747:Core/Src/main.c **** }
 748:Core/Src/main.c **** 
 749:Core/Src/main.c **** /** Emit one channel's gains. Blocking, but only ~105us at 2,097,000 baud. */
 750:Core/Src/main.c **** static void SendCoeffFrame(uint8_t index, uint8_t count, const HCA_Channel_t *ch)
 751:Core/Src/main.c **** {
  30              		.loc 1 751 1 view -0
  31              		.cfi_startproc
  32              		@ args = 0, pretend = 0, frame = 24
  33              		@ frame_needed = 0, uses_anonymous_args = 0
 752:Core/Src/main.c ****     HcaCoeffFrame_t f;
  34              		.loc 1 752 5 view .LVU1
 753:Core/Src/main.c ****     f.sync0   = STREAM_SYNC0;
  35              		.loc 1 753 5 view .LVU2
 754:Core/Src/main.c ****     f.sync1   = COEFF_SYNC1;
  36              		.loc 1 754 5 view .LVU3
 755:Core/Src/main.c ****     f.index   = index;
  37              		.loc 1 755 5 view .LVU4
 756:Core/Src/main.c ****     f.count   = count;
  38              		.loc 1 756 5 view .LVU5
 751:Core/Src/main.c ****     HcaCoeffFrame_t f;
  39              		.loc 1 751 1 is_stmt 0 view .LVU6
  40 0000 00B5     		push	{lr}
  41              	.LCFI0:
  42              		.cfi_def_cfa_offset 4
ARM GAS  /tmp/cc3FokBo.s 			page 15


  43              		.cfi_offset 14, -4
 753:Core/Src/main.c ****     f.sync1   = COEFF_SYNC1;
  44              		.loc 1 753 15 view .LVU7
  45 0002 6FF05A0C 		mvn	ip, #90
  46 0006 0023     		movs	r3, #0
  47 0008 6CF30703 		bfi	r3, ip, #0, #8
  48 000c 4FF05B0C 		mov	ip, #91
  49 0010 6CF30F23 		bfi	r3, ip, #8, #8
 751:Core/Src/main.c ****     HcaCoeffFrame_t f;
  50              		.loc 1 751 1 view .LVU8
  51 0014 87B0     		sub	sp, sp, #28
  52              	.LCFI1:
  53              		.cfi_def_cfa_offset 32
 753:Core/Src/main.c ****     f.sync1   = COEFF_SYNC1;
  54              		.loc 1 753 15 view .LVU9
  55 0016 60F31743 		bfi	r3, r0, #16, #8
  56 001a 61F31F63 		bfi	r3, r1, #24, #8
 757:Core/Src/main.c ****     f.order   = ch->harmonic_order;
 758:Core/Src/main.c ****     f.kp_real = ch->Kp.real;
 759:Core/Src/main.c ****     f.kp_imag = ch->Kp.imag;
  57              		.loc 1 759 15 view .LVU10
  58 001e 1069     		ldr	r0, [r2, #16]	@ float
  59              	.LVL1:
 758:Core/Src/main.c ****     f.kp_imag = ch->Kp.imag;
  60              		.loc 1 758 15 view .LVU11
  61 0020 D2F80CC0 		ldr	ip, [r2, #12]	@ float
 757:Core/Src/main.c ****     f.order   = ch->harmonic_order;
  62              		.loc 1 757 15 view .LVU12
  63 0024 92F800E0 		ldrb	lr, [r2]	@ zero_extendqisi2
 760:Core/Src/main.c ****     f.ki_real = ch->Ki.real;
  64              		.loc 1 760 15 view .LVU13
  65 0028 5169     		ldr	r1, [r2, #20]	@ float
  66              	.LVL2:
 753:Core/Src/main.c ****     f.sync1   = COEFF_SYNC1;
  67              		.loc 1 753 15 view .LVU14
  68 002a 0093     		str	r3, [sp]
 757:Core/Src/main.c ****     f.kp_real = ch->Kp.real;
  69              		.loc 1 757 5 is_stmt 1 view .LVU15
 761:Core/Src/main.c ****     f.ki_imag = ch->Ki.imag;
  70              		.loc 1 761 15 is_stmt 0 view .LVU16
  71 002c 9369     		ldr	r3, [r2, #24]	@ float
 759:Core/Src/main.c ****     f.ki_real = ch->Ki.real;
  72              		.loc 1 759 15 view .LVU17
  73 002e CDF80900 		str	r0, [sp, #9]	@ unaligned
  74              		.loc 1 761 15 view .LVU18
  75 0032 CDF81130 		str	r3, [sp, #17]	@ unaligned
 757:Core/Src/main.c ****     f.kp_real = ch->Kp.real;
  76              		.loc 1 757 15 view .LVU19
  77 0036 8DF804E0 		strb	lr, [sp, #4]
 758:Core/Src/main.c ****     f.kp_imag = ch->Kp.imag;
  78              		.loc 1 758 5 is_stmt 1 view .LVU20
 758:Core/Src/main.c ****     f.kp_imag = ch->Kp.imag;
  79              		.loc 1 758 15 is_stmt 0 view .LVU21
  80 003a CDF805C0 		str	ip, [sp, #5]	@ unaligned
 759:Core/Src/main.c ****     f.ki_real = ch->Ki.real;
  81              		.loc 1 759 5 is_stmt 1 view .LVU22
 760:Core/Src/main.c ****     f.ki_imag = ch->Ki.imag;
ARM GAS  /tmp/cc3FokBo.s 			page 16


  82              		.loc 1 760 5 view .LVU23
 760:Core/Src/main.c ****     f.ki_imag = ch->Ki.imag;
  83              		.loc 1 760 15 is_stmt 0 view .LVU24
  84 003e CDF80D10 		str	r1, [sp, #13]	@ unaligned
  85              		.loc 1 761 5 is_stmt 1 view .LVU25
 762:Core/Src/main.c ****     /* Covers index..ki_imag: everything but the two sync bytes and itself. */
 763:Core/Src/main.c ****     f.checksum = CoeffChecksum((const uint8_t*)&f.index,
  86              		.loc 1 763 5 view .LVU26
  87              	.LVL3:
  88              	.LBB90:
  89              	.LBI90:
 740:Core/Src/main.c **** {
  90              		.loc 1 740 16 view .LVU27
  91              	.LBB91:
 742:Core/Src/main.c ****     for (uint16_t i = 0; i < len; i++) {
  92              		.loc 1 742 5 view .LVU28
 743:Core/Src/main.c ****         sum += p[i];
  93              		.loc 1 743 5 view .LVU29
  94              	.LBB92:
 743:Core/Src/main.c ****         sum += p[i];
  95              		.loc 1 743 10 view .LVU30
 743:Core/Src/main.c ****         sum += p[i];
  96              		.loc 1 743 28 discriminator 2 view .LVU31
  97 0042 0DF10103 		add	r3, sp, #1
  98 0046 05A8     		add	r0, sp, #20
  99              	.LBE92:
 742:Core/Src/main.c ****     for (uint16_t i = 0; i < len; i++) {
 100              		.loc 1 742 13 is_stmt 0 view .LVU32
 101 0048 0022     		movs	r2, #0
 102              	.LVL4:
 103              	.L2:
 104              	.LBB93:
 744:Core/Src/main.c ****     }
 105              		.loc 1 744 9 is_stmt 1 view .LVU33
 744:Core/Src/main.c ****     }
 106              		.loc 1 744 13 is_stmt 0 view .LVU34
 107 004a 13F8011F 		ldrb	r1, [r3, #1]!	@ zero_extendqisi2
 108              	.LVL5:
 743:Core/Src/main.c ****         sum += p[i];
 109              		.loc 1 743 28 discriminator 2 view .LVU35
 110 004e 8342     		cmp	r3, r0
 744:Core/Src/main.c ****     }
 111              		.loc 1 744 13 view .LVU36
 112 0050 0A44     		add	r2, r2, r1
 113              	.LVL6:
 743:Core/Src/main.c ****         sum += p[i];
 114              		.loc 1 743 36 is_stmt 1 discriminator 1 view .LVU37
 743:Core/Src/main.c ****         sum += p[i];
 115              		.loc 1 743 28 discriminator 2 view .LVU38
 116 0052 FAD1     		bne	.L2
 117              	.LBE93:
 746:Core/Src/main.c **** }
 118              		.loc 1 746 5 view .LVU39
 119              	.LVL7:
 746:Core/Src/main.c **** }
 120              		.loc 1 746 5 is_stmt 0 view .LVU40
 121 0054 0649     		ldr	r1, .L8
ARM GAS  /tmp/cc3FokBo.s 			page 17


 122              	.LBE91:
 123              	.LBE90:
 124              		.loc 1 763 16 discriminator 1 view .LVU41
 125 0056 8DF81520 		strb	r2, [sp, #21]
 764:Core/Src/main.c ****                                (uint16_t)(sizeof(f) - 3U));
 765:Core/Src/main.c **** 
 766:Core/Src/main.c ****     StreamTxWaitIdle();
 126              		.loc 1 766 5 is_stmt 1 view .LVU42
 127              	.LBB94:
 128              	.LBI94:
 723:Core/Src/main.c **** {
 129              		.loc 1 723 13 view .LVU43
 130              	.LBB95:
 725:Core/Src/main.c ****     {
 131              		.loc 1 725 5 view .LVU44
 132              	.L3:
 728:Core/Src/main.c **** }
 133              		.loc 1 728 5 view .LVU45
 725:Core/Src/main.c ****     {
 134              		.loc 1 725 12 discriminator 1 view .LVU46
 135 005a 0B78     		ldrb	r3, [r1]	@ zero_extendqisi2
 136 005c 002B     		cmp	r3, #0
 137 005e FCD1     		bne	.L3
 138              	.LBE95:
 139              	.LBE94:
 767:Core/Src/main.c ****     HAL_UART_Transmit(&hlpuart1, (uint8_t*)&f, (uint16_t)sizeof(f), 10);
 140              		.loc 1 767 5 view .LVU47
 141 0060 0A23     		movs	r3, #10
 142 0062 1622     		movs	r2, #22
 143 0064 6946     		mov	r1, sp
 144 0066 0348     		ldr	r0, .L8+4
 145 0068 FFF7FEFF 		bl	HAL_UART_Transmit
 146              	.LVL8:
 768:Core/Src/main.c **** }
 147              		.loc 1 768 1 is_stmt 0 view .LVU48
 148 006c 07B0     		add	sp, sp, #28
 149              	.LCFI2:
 150              		.cfi_def_cfa_offset 4
 151              		@ sp needed
 152 006e 00BD     		pop	{pc}
 153              	.L9:
 154              		.align	2
 155              	.L8:
 156 0070 00000000 		.word	stream_tx_busy
 157 0074 00000000 		.word	hlpuart1
 158              		.cfi_endproc
 159              	.LFE347:
 161              		.section	.text.SystemClock_Config,"ax",%progbits
 162              		.align	1
 163              		.p2align 2,,3
 164              		.global	SystemClock_Config
 165              		.syntax unified
 166              		.thumb
 167              		.thumb_func
 169              	SystemClock_Config:
 170              	.LFB330:
 267:Core/Src/main.c ****   RCC_OscInitTypeDef RCC_OscInitStruct = {0};
ARM GAS  /tmp/cc3FokBo.s 			page 18


 171              		.loc 1 267 1 is_stmt 1 view -0
 172              		.cfi_startproc
 173              		@ args = 0, pretend = 0, frame = 80
 174              		@ frame_needed = 0, uses_anonymous_args = 0
 268:Core/Src/main.c ****   RCC_ClkInitTypeDef RCC_ClkInitStruct = {0};
 175              		.loc 1 268 3 view .LVU50
 267:Core/Src/main.c ****   RCC_OscInitTypeDef RCC_OscInitStruct = {0};
 176              		.loc 1 267 1 is_stmt 0 view .LVU51
 177 0000 10B5     		push	{r4, lr}
 178              	.LCFI3:
 179              		.cfi_def_cfa_offset 8
 180              		.cfi_offset 4, -8
 181              		.cfi_offset 14, -4
 182 0002 94B0     		sub	sp, sp, #80
 183              	.LCFI4:
 184              		.cfi_def_cfa_offset 88
 268:Core/Src/main.c ****   RCC_ClkInitTypeDef RCC_ClkInitStruct = {0};
 185              		.loc 1 268 22 view .LVU52
 186 0004 3822     		movs	r2, #56
 187 0006 0021     		movs	r1, #0
 188 0008 06A8     		add	r0, sp, #24
 189 000a FFF7FEFF 		bl	memset
 190              	.LVL9:
 269:Core/Src/main.c **** 
 191              		.loc 1 269 3 is_stmt 1 view .LVU53
 269:Core/Src/main.c **** 
 192              		.loc 1 269 22 is_stmt 0 view .LVU54
 193 000e 0020     		movs	r0, #0
 194 0010 CDE90100 		strd	r0, r0, [sp, #4]
 195 0014 CDE90300 		strd	r0, r0, [sp, #12]
 196 0018 0590     		str	r0, [sp, #20]
 273:Core/Src/main.c **** 
 197              		.loc 1 273 3 is_stmt 1 view .LVU55
 198 001a FFF7FEFF 		bl	HAL_PWREx_ControlVoltageScaling
 199              	.LVL10:
 278:Core/Src/main.c ****   RCC_OscInitStruct.HSEState = RCC_HSE_ON;
 200              		.loc 1 278 3 view .LVU56
 279:Core/Src/main.c ****   RCC_OscInitStruct.PLL.PLLState = RCC_PLL_ON;
 201              		.loc 1 279 3 view .LVU57
 278:Core/Src/main.c ****   RCC_OscInitStruct.HSEState = RCC_HSE_ON;
 202              		.loc 1 278 36 is_stmt 0 view .LVU58
 203 001e 9FED147B 		vldr.64	d7, .L16	@ int
 282:Core/Src/main.c ****   RCC_OscInitStruct.PLL.PLLN = 85;
 204              		.loc 1 282 30 view .LVU59
 205 0022 0622     		movs	r2, #6
 280:Core/Src/main.c ****   RCC_OscInitStruct.PLL.PLLSource = RCC_PLLSOURCE_HSE;
 206              		.loc 1 280 34 view .LVU60
 207 0024 0223     		movs	r3, #2
 281:Core/Src/main.c ****   RCC_OscInitStruct.PLL.PLLM = RCC_PLLM_DIV6;
 208              		.loc 1 281 35 view .LVU61
 209 0026 0324     		movs	r4, #3
 282:Core/Src/main.c ****   RCC_OscInitStruct.PLL.PLLN = 85;
 210              		.loc 1 282 30 view .LVU62
 211 0028 0F92     		str	r2, [sp, #60]
 287:Core/Src/main.c ****   {
 212              		.loc 1 287 7 view .LVU63
 213 002a 06A8     		add	r0, sp, #24
ARM GAS  /tmp/cc3FokBo.s 			page 19


 283:Core/Src/main.c ****   RCC_OscInitStruct.PLL.PLLP = RCC_PLLP_DIV2;
 214              		.loc 1 283 30 view .LVU64
 215 002c 5522     		movs	r2, #85
 278:Core/Src/main.c ****   RCC_OscInitStruct.HSEState = RCC_HSE_ON;
 216              		.loc 1 278 36 view .LVU65
 217 002e 8DED067B 		vstr.64	d7, [sp, #24]	@ int
 280:Core/Src/main.c ****   RCC_OscInitStruct.PLL.PLLSource = RCC_PLLSOURCE_HSE;
 218              		.loc 1 280 3 is_stmt 1 view .LVU66
 281:Core/Src/main.c ****   RCC_OscInitStruct.PLL.PLLM = RCC_PLLM_DIV6;
 219              		.loc 1 281 35 is_stmt 0 view .LVU67
 220 0032 CDE90D34 		strd	r3, r4, [sp, #52]
 282:Core/Src/main.c ****   RCC_OscInitStruct.PLL.PLLN = 85;
 221              		.loc 1 282 3 is_stmt 1 view .LVU68
 283:Core/Src/main.c ****   RCC_OscInitStruct.PLL.PLLP = RCC_PLLP_DIV2;
 222              		.loc 1 283 3 view .LVU69
 284:Core/Src/main.c ****   RCC_OscInitStruct.PLL.PLLQ = RCC_PLLQ_DIV2;
 223              		.loc 1 284 30 is_stmt 0 view .LVU70
 224 0036 CDE91023 		strd	r2, r3, [sp, #64]
 286:Core/Src/main.c ****   if (HAL_RCC_OscConfig(&RCC_OscInitStruct) != HAL_OK)
 225              		.loc 1 286 30 view .LVU71
 226 003a CDE91233 		strd	r3, r3, [sp, #72]
 287:Core/Src/main.c ****   {
 227              		.loc 1 287 3 is_stmt 1 view .LVU72
 287:Core/Src/main.c ****   {
 228              		.loc 1 287 7 is_stmt 0 view .LVU73
 229 003e FFF7FEFF 		bl	HAL_RCC_OscConfig
 230              	.LVL11:
 287:Core/Src/main.c ****   {
 231              		.loc 1 287 6 discriminator 1 view .LVU74
 232 0042 08B1     		cbz	r0, .L11
 289:Core/Src/main.c ****   }
 233              		.loc 1 289 5 is_stmt 1 view .LVU75
 234              	.LBB96:
 235              	.LBI96:
 769:Core/Src/main.c **** 
 770:Core/Src/main.c **** static void SendAllCoeffFrames(void)
 771:Core/Src/main.c **** {
 772:Core/Src/main.c ****     HCA_Handle_t *h = (HCA_Handle_t*)&hca;
 773:Core/Src/main.c ****     uint8_t count = h->active_channel_count;
 774:Core/Src/main.c ****     for (uint8_t i = 0; i < count; i++) {
 775:Core/Src/main.c ****         SendCoeffFrame(i, count, &h->channels[i]);
 776:Core/Src/main.c ****     }
 777:Core/Src/main.c **** }
 778:Core/Src/main.c **** 
 779:Core/Src/main.c **** /** Validate a fully received SET_COEFF payload and push it into the controller. */
 780:Core/Src/main.c **** static void ApplyCoeffCommand(void)
 781:Core/Src/main.c **** {
 782:Core/Src/main.c ****     if (CoeffChecksum(coeff_rx, COEFF_CMD_PAYLOAD_LEN - 1U)
 783:Core/Src/main.c ****             != coeff_rx[COEFF_CMD_PAYLOAD_LEN - 1U]) {
 784:Core/Src/main.c ****         return; // corrupted on the wire; the host re-sends after its ack times out
 785:Core/Src/main.c ****     }
 786:Core/Src/main.c **** 
 787:Core/Src/main.c ****     uint8_t   order = coeff_rx[0];
 788:Core/Src/main.c ****     Complex_t kp, ki;
 789:Core/Src/main.c ****     /* memcpy rather than a cast: coeff_rx is byte-aligned and the FPU's VLDR
 790:Core/Src/main.c ****      * faults on an unaligned float load. */
 791:Core/Src/main.c ****     memcpy(&kp.real, &coeff_rx[1],  sizeof(float));
ARM GAS  /tmp/cc3FokBo.s 			page 20


 792:Core/Src/main.c ****     memcpy(&kp.imag, &coeff_rx[5],  sizeof(float));
 793:Core/Src/main.c ****     memcpy(&ki.real, &coeff_rx[9],  sizeof(float));
 794:Core/Src/main.c ****     memcpy(&ki.imag, &coeff_rx[13], sizeof(float));
 795:Core/Src/main.c **** 
 796:Core/Src/main.c ****     /* Gains only -- this never creates a channel. The set of active channels is
 797:Core/Src/main.c ****      * fixed at boot by the HCA_Add_Channel calls in main(), so the ISR's
 798:Core/Src/main.c ****      * per-sample workload cannot change underneath it while running.
 799:Core/Src/main.c ****      *
 800:Core/Src/main.c ****      * Safe from the main loop; see the thread-safety note on HCA_UpdateChannel.
 801:Core/Src/main.c ****      * An order with no channel is ignored there, and the absent echo below is
 802:Core/Src/main.c ****      * what tells the host the write did not land. */
 803:Core/Src/main.c ****     HCA_Handle_t *h = (HCA_Handle_t*)&hca;
 804:Core/Src/main.c ****     HCA_UpdateChannel(h, order, kp, ki);
 805:Core/Src/main.c **** 
 806:Core/Src/main.c ****     for (uint8_t i = 0; i < h->active_channel_count; i++) {
 807:Core/Src/main.c ****         if (h->channels[i].harmonic_order == order) {
 808:Core/Src/main.c ****             SendCoeffFrame(i, h->active_channel_count, &h->channels[i]);
 809:Core/Src/main.c ****             return;
 810:Core/Src/main.c ****         }
 811:Core/Src/main.c ****     }
 812:Core/Src/main.c **** }
 813:Core/Src/main.c **** 
 814:Core/Src/main.c **** /** Command byte polled from LPUART1 in the main loop (see HAL_UART_Receive call in USER CODE 3). *
 815:Core/Src/main.c **** static void HandleStreamCommand(uint8_t cmd)
 816:Core/Src/main.c **** {
 817:Core/Src/main.c ****     if (coeff_rx_active)
 818:Core/Src/main.c ****     {
 819:Core/Src/main.c ****         if ((HAL_GetTick() - coeff_rx_started_ms) > COEFF_CMD_TIMEOUT_MS) {
 820:Core/Src/main.c ****             coeff_rx_active = 0;  // stale payload; fall through and read this byte as a command
 821:Core/Src/main.c ****         } else {
 822:Core/Src/main.c ****             coeff_rx[coeff_rx_len++] = cmd;
 823:Core/Src/main.c ****             if (coeff_rx_len >= COEFF_CMD_PAYLOAD_LEN) {
 824:Core/Src/main.c ****                 coeff_rx_active = 0;
 825:Core/Src/main.c ****                 coeff_rx_len = 0;
 826:Core/Src/main.c ****                 ApplyCoeffCommand();
 827:Core/Src/main.c ****             }
 828:Core/Src/main.c ****             return;
 829:Core/Src/main.c ****         }
 830:Core/Src/main.c ****     }
 831:Core/Src/main.c **** 
 832:Core/Src/main.c ****     switch (cmd)
 833:Core/Src/main.c ****     {
 834:Core/Src/main.c ****         case STREAM_CMD_GET_COEFF:
 835:Core/Src/main.c ****             SendAllCoeffFrames();
 836:Core/Src/main.c ****             break;
 837:Core/Src/main.c **** 
 838:Core/Src/main.c ****         case STREAM_CMD_RESET_INT:
 839:Core/Src/main.c ****             /* Zeroes each channel's PI integrator and disperser accumulator and
 840:Core/Src/main.c ****              * clears the shared delay line. Runs from the main loop while the
 841:Core/Src/main.c ****              * ISR keeps calling HCA_Process, so the controller sees the state
 842:Core/Src/main.c ****              * vanish mid-sample -- that is the point of the command, but it does
 843:Core/Src/main.c ****              * put a transient on the output. The ~16KB memset costs roughly one
 844:Core/Src/main.c ****              * 40kHz ISR period.
 845:Core/Src/main.c ****              *
 846:Core/Src/main.c ****              * Gains are untouched, so echoing them back doubles as the ack. */
 847:Core/Src/main.c ****             HCA_reset_accumulators((HCA_Handle_t*)&hca);
 848:Core/Src/main.c ****             SendAllCoeffFrames();
ARM GAS  /tmp/cc3FokBo.s 			page 21


 849:Core/Src/main.c ****             break;
 850:Core/Src/main.c **** 
 851:Core/Src/main.c ****         case STREAM_CMD_SET_COEFF:
 852:Core/Src/main.c ****             coeff_rx_active = 1;
 853:Core/Src/main.c ****             coeff_rx_len = 0;
 854:Core/Src/main.c ****             coeff_rx_started_ms = HAL_GetTick();
 855:Core/Src/main.c ****             break;
 856:Core/Src/main.c **** 
 857:Core/Src/main.c ****         case STREAM_CMD_START:
 858:Core/Src/main.c ****             streaming_enabled = 1;
 859:Core/Src/main.c ****             break;
 860:Core/Src/main.c **** 
 861:Core/Src/main.c ****         case STREAM_CMD_STOP:
 862:Core/Src/main.c ****             streaming_enabled = 0;
 863:Core/Src/main.c ****             break;
 864:Core/Src/main.c **** 
 865:Core/Src/main.c ****         case STREAM_CMD_PING:
 866:Core/Src/main.c ****             StreamTxWaitIdle();
 867:Core/Src/main.c ****             HAL_UART_Transmit(&hlpuart1, (uint8_t*)STREAM_PING_REPLY,
 868:Core/Src/main.c ****                                (uint16_t)(sizeof(STREAM_PING_REPLY) - 1U), 10);
 869:Core/Src/main.c ****             break;
 870:Core/Src/main.c **** 
 871:Core/Src/main.c ****         default:
 872:Core/Src/main.c ****             break; // ignore unknown bytes (e.g. line endings from a terminal)
 873:Core/Src/main.c ****     }
 874:Core/Src/main.c **** }
 875:Core/Src/main.c **** 
 876:Core/Src/main.c **** /* USER CODE END 4 */
 877:Core/Src/main.c **** 
 878:Core/Src/main.c **** /**
 879:Core/Src/main.c ****   * @brief  This function is executed in case of error occurrence.
 880:Core/Src/main.c ****   * @retval None
 881:Core/Src/main.c ****   */
 882:Core/Src/main.c **** void Error_Handler(void)
 236              		.loc 1 882 6 view .LVU76
 883:Core/Src/main.c **** {
 884:Core/Src/main.c ****   /* USER CODE BEGIN Error_Handler_Debug */
 885:Core/Src/main.c ****   /* User can add his own implementation to report the HAL error return state */
 886:Core/Src/main.c ****   __disable_irq();
 237              		.loc 1 886 3 view .LVU77
 238              	.LBB97:
 239              	.LBI97:
 240              		.file 2 "Drivers/CMSIS/Include/cmsis_gcc.h"
   1:Drivers/CMSIS/Include/cmsis_gcc.h **** /**************************************************************************//**
   2:Drivers/CMSIS/Include/cmsis_gcc.h ****  * @file     cmsis_gcc.h
   3:Drivers/CMSIS/Include/cmsis_gcc.h ****  * @brief    CMSIS compiler GCC header file
   4:Drivers/CMSIS/Include/cmsis_gcc.h ****  * @version  V5.2.0
   5:Drivers/CMSIS/Include/cmsis_gcc.h ****  * @date     08. May 2019
   6:Drivers/CMSIS/Include/cmsis_gcc.h ****  ******************************************************************************/
   7:Drivers/CMSIS/Include/cmsis_gcc.h **** /*
   8:Drivers/CMSIS/Include/cmsis_gcc.h ****  * Copyright (c) 2009-2019 Arm Limited. All rights reserved.
   9:Drivers/CMSIS/Include/cmsis_gcc.h ****  *
  10:Drivers/CMSIS/Include/cmsis_gcc.h ****  * SPDX-License-Identifier: Apache-2.0
  11:Drivers/CMSIS/Include/cmsis_gcc.h ****  *
  12:Drivers/CMSIS/Include/cmsis_gcc.h ****  * Licensed under the Apache License, Version 2.0 (the License); you may
  13:Drivers/CMSIS/Include/cmsis_gcc.h ****  * not use this file except in compliance with the License.
  14:Drivers/CMSIS/Include/cmsis_gcc.h ****  * You may obtain a copy of the License at
ARM GAS  /tmp/cc3FokBo.s 			page 22


  15:Drivers/CMSIS/Include/cmsis_gcc.h ****  *
  16:Drivers/CMSIS/Include/cmsis_gcc.h ****  * www.apache.org/licenses/LICENSE-2.0
  17:Drivers/CMSIS/Include/cmsis_gcc.h ****  *
  18:Drivers/CMSIS/Include/cmsis_gcc.h ****  * Unless required by applicable law or agreed to in writing, software
  19:Drivers/CMSIS/Include/cmsis_gcc.h ****  * distributed under the License is distributed on an AS IS BASIS, WITHOUT
  20:Drivers/CMSIS/Include/cmsis_gcc.h ****  * WARRANTIES OR CONDITIONS OF ANY KIND, either express or implied.
  21:Drivers/CMSIS/Include/cmsis_gcc.h ****  * See the License for the specific language governing permissions and
  22:Drivers/CMSIS/Include/cmsis_gcc.h ****  * limitations under the License.
  23:Drivers/CMSIS/Include/cmsis_gcc.h ****  */
  24:Drivers/CMSIS/Include/cmsis_gcc.h **** 
  25:Drivers/CMSIS/Include/cmsis_gcc.h **** #ifndef __CMSIS_GCC_H
  26:Drivers/CMSIS/Include/cmsis_gcc.h **** #define __CMSIS_GCC_H
  27:Drivers/CMSIS/Include/cmsis_gcc.h **** 
  28:Drivers/CMSIS/Include/cmsis_gcc.h **** /* ignore some GCC warnings */
  29:Drivers/CMSIS/Include/cmsis_gcc.h **** #pragma GCC diagnostic push
  30:Drivers/CMSIS/Include/cmsis_gcc.h **** #pragma GCC diagnostic ignored "-Wsign-conversion"
  31:Drivers/CMSIS/Include/cmsis_gcc.h **** #pragma GCC diagnostic ignored "-Wconversion"
  32:Drivers/CMSIS/Include/cmsis_gcc.h **** #pragma GCC diagnostic ignored "-Wunused-parameter"
  33:Drivers/CMSIS/Include/cmsis_gcc.h **** 
  34:Drivers/CMSIS/Include/cmsis_gcc.h **** /* Fallback for __has_builtin */
  35:Drivers/CMSIS/Include/cmsis_gcc.h **** #ifndef __has_builtin
  36:Drivers/CMSIS/Include/cmsis_gcc.h ****   #define __has_builtin(x) (0)
  37:Drivers/CMSIS/Include/cmsis_gcc.h **** #endif
  38:Drivers/CMSIS/Include/cmsis_gcc.h **** 
  39:Drivers/CMSIS/Include/cmsis_gcc.h **** /* CMSIS compiler specific defines */
  40:Drivers/CMSIS/Include/cmsis_gcc.h **** #ifndef   __ASM
  41:Drivers/CMSIS/Include/cmsis_gcc.h ****   #define __ASM                                  __asm
  42:Drivers/CMSIS/Include/cmsis_gcc.h **** #endif
  43:Drivers/CMSIS/Include/cmsis_gcc.h **** #ifndef   __INLINE
  44:Drivers/CMSIS/Include/cmsis_gcc.h ****   #define __INLINE                               inline
  45:Drivers/CMSIS/Include/cmsis_gcc.h **** #endif
  46:Drivers/CMSIS/Include/cmsis_gcc.h **** #ifndef   __STATIC_INLINE
  47:Drivers/CMSIS/Include/cmsis_gcc.h ****   #define __STATIC_INLINE                        static inline
  48:Drivers/CMSIS/Include/cmsis_gcc.h **** #endif
  49:Drivers/CMSIS/Include/cmsis_gcc.h **** #ifndef   __STATIC_FORCEINLINE                 
  50:Drivers/CMSIS/Include/cmsis_gcc.h ****   #define __STATIC_FORCEINLINE                   __attribute__((always_inline)) static inline
  51:Drivers/CMSIS/Include/cmsis_gcc.h **** #endif                                           
  52:Drivers/CMSIS/Include/cmsis_gcc.h **** #ifndef   __NO_RETURN
  53:Drivers/CMSIS/Include/cmsis_gcc.h ****   #define __NO_RETURN                            __attribute__((__noreturn__))
  54:Drivers/CMSIS/Include/cmsis_gcc.h **** #endif
  55:Drivers/CMSIS/Include/cmsis_gcc.h **** #ifndef   __USED
  56:Drivers/CMSIS/Include/cmsis_gcc.h ****   #define __USED                                 __attribute__((used))
  57:Drivers/CMSIS/Include/cmsis_gcc.h **** #endif
  58:Drivers/CMSIS/Include/cmsis_gcc.h **** #ifndef   __WEAK
  59:Drivers/CMSIS/Include/cmsis_gcc.h ****   #define __WEAK                                 __attribute__((weak))
  60:Drivers/CMSIS/Include/cmsis_gcc.h **** #endif
  61:Drivers/CMSIS/Include/cmsis_gcc.h **** #ifndef   __PACKED
  62:Drivers/CMSIS/Include/cmsis_gcc.h ****   #define __PACKED                               __attribute__((packed, aligned(1)))
  63:Drivers/CMSIS/Include/cmsis_gcc.h **** #endif
  64:Drivers/CMSIS/Include/cmsis_gcc.h **** #ifndef   __PACKED_STRUCT
  65:Drivers/CMSIS/Include/cmsis_gcc.h ****   #define __PACKED_STRUCT                        struct __attribute__((packed, aligned(1)))
  66:Drivers/CMSIS/Include/cmsis_gcc.h **** #endif
  67:Drivers/CMSIS/Include/cmsis_gcc.h **** #ifndef   __PACKED_UNION
  68:Drivers/CMSIS/Include/cmsis_gcc.h ****   #define __PACKED_UNION                         union __attribute__((packed, aligned(1)))
  69:Drivers/CMSIS/Include/cmsis_gcc.h **** #endif
  70:Drivers/CMSIS/Include/cmsis_gcc.h **** #ifndef   __UNALIGNED_UINT32        /* deprecated */
  71:Drivers/CMSIS/Include/cmsis_gcc.h ****   #pragma GCC diagnostic push
ARM GAS  /tmp/cc3FokBo.s 			page 23


  72:Drivers/CMSIS/Include/cmsis_gcc.h ****   #pragma GCC diagnostic ignored "-Wpacked"
  73:Drivers/CMSIS/Include/cmsis_gcc.h ****   #pragma GCC diagnostic ignored "-Wattributes"
  74:Drivers/CMSIS/Include/cmsis_gcc.h ****   struct __attribute__((packed)) T_UINT32 { uint32_t v; };
  75:Drivers/CMSIS/Include/cmsis_gcc.h ****   #pragma GCC diagnostic pop
  76:Drivers/CMSIS/Include/cmsis_gcc.h ****   #define __UNALIGNED_UINT32(x)                  (((struct T_UINT32 *)(x))->v)
  77:Drivers/CMSIS/Include/cmsis_gcc.h **** #endif
  78:Drivers/CMSIS/Include/cmsis_gcc.h **** #ifndef   __UNALIGNED_UINT16_WRITE
  79:Drivers/CMSIS/Include/cmsis_gcc.h ****   #pragma GCC diagnostic push
  80:Drivers/CMSIS/Include/cmsis_gcc.h ****   #pragma GCC diagnostic ignored "-Wpacked"
  81:Drivers/CMSIS/Include/cmsis_gcc.h ****   #pragma GCC diagnostic ignored "-Wattributes"
  82:Drivers/CMSIS/Include/cmsis_gcc.h ****   __PACKED_STRUCT T_UINT16_WRITE { uint16_t v; };
  83:Drivers/CMSIS/Include/cmsis_gcc.h ****   #pragma GCC diagnostic pop
  84:Drivers/CMSIS/Include/cmsis_gcc.h ****   #define __UNALIGNED_UINT16_WRITE(addr, val)    (void)((((struct T_UINT16_WRITE *)(void *)(addr))-
  85:Drivers/CMSIS/Include/cmsis_gcc.h **** #endif
  86:Drivers/CMSIS/Include/cmsis_gcc.h **** #ifndef   __UNALIGNED_UINT16_READ
  87:Drivers/CMSIS/Include/cmsis_gcc.h ****   #pragma GCC diagnostic push
  88:Drivers/CMSIS/Include/cmsis_gcc.h ****   #pragma GCC diagnostic ignored "-Wpacked"
  89:Drivers/CMSIS/Include/cmsis_gcc.h ****   #pragma GCC diagnostic ignored "-Wattributes"
  90:Drivers/CMSIS/Include/cmsis_gcc.h ****   __PACKED_STRUCT T_UINT16_READ { uint16_t v; };
  91:Drivers/CMSIS/Include/cmsis_gcc.h ****   #pragma GCC diagnostic pop
  92:Drivers/CMSIS/Include/cmsis_gcc.h ****   #define __UNALIGNED_UINT16_READ(addr)          (((const struct T_UINT16_READ *)(const void *)(add
  93:Drivers/CMSIS/Include/cmsis_gcc.h **** #endif
  94:Drivers/CMSIS/Include/cmsis_gcc.h **** #ifndef   __UNALIGNED_UINT32_WRITE
  95:Drivers/CMSIS/Include/cmsis_gcc.h ****   #pragma GCC diagnostic push
  96:Drivers/CMSIS/Include/cmsis_gcc.h ****   #pragma GCC diagnostic ignored "-Wpacked"
  97:Drivers/CMSIS/Include/cmsis_gcc.h ****   #pragma GCC diagnostic ignored "-Wattributes"
  98:Drivers/CMSIS/Include/cmsis_gcc.h ****   __PACKED_STRUCT T_UINT32_WRITE { uint32_t v; };
  99:Drivers/CMSIS/Include/cmsis_gcc.h ****   #pragma GCC diagnostic pop
 100:Drivers/CMSIS/Include/cmsis_gcc.h ****   #define __UNALIGNED_UINT32_WRITE(addr, val)    (void)((((struct T_UINT32_WRITE *)(void *)(addr))-
 101:Drivers/CMSIS/Include/cmsis_gcc.h **** #endif
 102:Drivers/CMSIS/Include/cmsis_gcc.h **** #ifndef   __UNALIGNED_UINT32_READ
 103:Drivers/CMSIS/Include/cmsis_gcc.h ****   #pragma GCC diagnostic push
 104:Drivers/CMSIS/Include/cmsis_gcc.h ****   #pragma GCC diagnostic ignored "-Wpacked"
 105:Drivers/CMSIS/Include/cmsis_gcc.h ****   #pragma GCC diagnostic ignored "-Wattributes"
 106:Drivers/CMSIS/Include/cmsis_gcc.h ****   __PACKED_STRUCT T_UINT32_READ { uint32_t v; };
 107:Drivers/CMSIS/Include/cmsis_gcc.h ****   #pragma GCC diagnostic pop
 108:Drivers/CMSIS/Include/cmsis_gcc.h ****   #define __UNALIGNED_UINT32_READ(addr)          (((const struct T_UINT32_READ *)(const void *)(add
 109:Drivers/CMSIS/Include/cmsis_gcc.h **** #endif
 110:Drivers/CMSIS/Include/cmsis_gcc.h **** #ifndef   __ALIGNED
 111:Drivers/CMSIS/Include/cmsis_gcc.h ****   #define __ALIGNED(x)                           __attribute__((aligned(x)))
 112:Drivers/CMSIS/Include/cmsis_gcc.h **** #endif
 113:Drivers/CMSIS/Include/cmsis_gcc.h **** #ifndef   __RESTRICT
 114:Drivers/CMSIS/Include/cmsis_gcc.h ****   #define __RESTRICT                             __restrict
 115:Drivers/CMSIS/Include/cmsis_gcc.h **** #endif
 116:Drivers/CMSIS/Include/cmsis_gcc.h **** #ifndef   __COMPILER_BARRIER
 117:Drivers/CMSIS/Include/cmsis_gcc.h ****   #define __COMPILER_BARRIER()                   __ASM volatile("":::"memory")
 118:Drivers/CMSIS/Include/cmsis_gcc.h **** #endif
 119:Drivers/CMSIS/Include/cmsis_gcc.h **** 
 120:Drivers/CMSIS/Include/cmsis_gcc.h **** /* #########################  Startup and Lowlevel Init  ######################## */
 121:Drivers/CMSIS/Include/cmsis_gcc.h **** 
 122:Drivers/CMSIS/Include/cmsis_gcc.h **** #ifndef __PROGRAM_START
 123:Drivers/CMSIS/Include/cmsis_gcc.h **** 
 124:Drivers/CMSIS/Include/cmsis_gcc.h **** /**
 125:Drivers/CMSIS/Include/cmsis_gcc.h ****   \brief   Initializes data and bss sections
 126:Drivers/CMSIS/Include/cmsis_gcc.h ****   \details This default implementations initialized all data and additional bss
 127:Drivers/CMSIS/Include/cmsis_gcc.h ****            sections relying on .copy.table and .zero.table specified properly
 128:Drivers/CMSIS/Include/cmsis_gcc.h ****            in the used linker script.
ARM GAS  /tmp/cc3FokBo.s 			page 24


 129:Drivers/CMSIS/Include/cmsis_gcc.h ****   
 130:Drivers/CMSIS/Include/cmsis_gcc.h ****  */
 131:Drivers/CMSIS/Include/cmsis_gcc.h **** __STATIC_FORCEINLINE __NO_RETURN void __cmsis_start(void)
 132:Drivers/CMSIS/Include/cmsis_gcc.h **** {
 133:Drivers/CMSIS/Include/cmsis_gcc.h ****   extern void _start(void) __NO_RETURN;
 134:Drivers/CMSIS/Include/cmsis_gcc.h ****   
 135:Drivers/CMSIS/Include/cmsis_gcc.h ****   typedef struct {
 136:Drivers/CMSIS/Include/cmsis_gcc.h ****     uint32_t const* src;
 137:Drivers/CMSIS/Include/cmsis_gcc.h ****     uint32_t* dest;
 138:Drivers/CMSIS/Include/cmsis_gcc.h ****     uint32_t  wlen;
 139:Drivers/CMSIS/Include/cmsis_gcc.h ****   } __copy_table_t;
 140:Drivers/CMSIS/Include/cmsis_gcc.h ****   
 141:Drivers/CMSIS/Include/cmsis_gcc.h ****   typedef struct {
 142:Drivers/CMSIS/Include/cmsis_gcc.h ****     uint32_t* dest;
 143:Drivers/CMSIS/Include/cmsis_gcc.h ****     uint32_t  wlen;
 144:Drivers/CMSIS/Include/cmsis_gcc.h ****   } __zero_table_t;
 145:Drivers/CMSIS/Include/cmsis_gcc.h ****   
 146:Drivers/CMSIS/Include/cmsis_gcc.h ****   extern const __copy_table_t __copy_table_start__;
 147:Drivers/CMSIS/Include/cmsis_gcc.h ****   extern const __copy_table_t __copy_table_end__;
 148:Drivers/CMSIS/Include/cmsis_gcc.h ****   extern const __zero_table_t __zero_table_start__;
 149:Drivers/CMSIS/Include/cmsis_gcc.h ****   extern const __zero_table_t __zero_table_end__;
 150:Drivers/CMSIS/Include/cmsis_gcc.h **** 
 151:Drivers/CMSIS/Include/cmsis_gcc.h ****   for (__copy_table_t const* pTable = &__copy_table_start__; pTable < &__copy_table_end__; ++pTable
 152:Drivers/CMSIS/Include/cmsis_gcc.h ****     for(uint32_t i=0u; i<pTable->wlen; ++i) {
 153:Drivers/CMSIS/Include/cmsis_gcc.h ****       pTable->dest[i] = pTable->src[i];
 154:Drivers/CMSIS/Include/cmsis_gcc.h ****     }
 155:Drivers/CMSIS/Include/cmsis_gcc.h ****   }
 156:Drivers/CMSIS/Include/cmsis_gcc.h ****  
 157:Drivers/CMSIS/Include/cmsis_gcc.h ****   for (__zero_table_t const* pTable = &__zero_table_start__; pTable < &__zero_table_end__; ++pTable
 158:Drivers/CMSIS/Include/cmsis_gcc.h ****     for(uint32_t i=0u; i<pTable->wlen; ++i) {
 159:Drivers/CMSIS/Include/cmsis_gcc.h ****       pTable->dest[i] = 0u;
 160:Drivers/CMSIS/Include/cmsis_gcc.h ****     }
 161:Drivers/CMSIS/Include/cmsis_gcc.h ****   }
 162:Drivers/CMSIS/Include/cmsis_gcc.h ****  
 163:Drivers/CMSIS/Include/cmsis_gcc.h ****   _start();
 164:Drivers/CMSIS/Include/cmsis_gcc.h **** }
 165:Drivers/CMSIS/Include/cmsis_gcc.h ****   
 166:Drivers/CMSIS/Include/cmsis_gcc.h **** #define __PROGRAM_START           __cmsis_start
 167:Drivers/CMSIS/Include/cmsis_gcc.h **** #endif
 168:Drivers/CMSIS/Include/cmsis_gcc.h **** 
 169:Drivers/CMSIS/Include/cmsis_gcc.h **** #ifndef __INITIAL_SP
 170:Drivers/CMSIS/Include/cmsis_gcc.h **** #define __INITIAL_SP              __StackTop
 171:Drivers/CMSIS/Include/cmsis_gcc.h **** #endif
 172:Drivers/CMSIS/Include/cmsis_gcc.h **** 
 173:Drivers/CMSIS/Include/cmsis_gcc.h **** #ifndef __STACK_LIMIT
 174:Drivers/CMSIS/Include/cmsis_gcc.h **** #define __STACK_LIMIT             __StackLimit
 175:Drivers/CMSIS/Include/cmsis_gcc.h **** #endif
 176:Drivers/CMSIS/Include/cmsis_gcc.h **** 
 177:Drivers/CMSIS/Include/cmsis_gcc.h **** #ifndef __VECTOR_TABLE
 178:Drivers/CMSIS/Include/cmsis_gcc.h **** #define __VECTOR_TABLE            __Vectors
 179:Drivers/CMSIS/Include/cmsis_gcc.h **** #endif
 180:Drivers/CMSIS/Include/cmsis_gcc.h **** 
 181:Drivers/CMSIS/Include/cmsis_gcc.h **** #ifndef __VECTOR_TABLE_ATTRIBUTE
 182:Drivers/CMSIS/Include/cmsis_gcc.h **** #define __VECTOR_TABLE_ATTRIBUTE  __attribute((used, section(".vectors")))
 183:Drivers/CMSIS/Include/cmsis_gcc.h **** #endif
 184:Drivers/CMSIS/Include/cmsis_gcc.h **** 
 185:Drivers/CMSIS/Include/cmsis_gcc.h **** /* ###########################  Core Function Access  ########################### */
ARM GAS  /tmp/cc3FokBo.s 			page 25


 186:Drivers/CMSIS/Include/cmsis_gcc.h **** /** \ingroup  CMSIS_Core_FunctionInterface
 187:Drivers/CMSIS/Include/cmsis_gcc.h ****     \defgroup CMSIS_Core_RegAccFunctions CMSIS Core Register Access Functions
 188:Drivers/CMSIS/Include/cmsis_gcc.h ****   @{
 189:Drivers/CMSIS/Include/cmsis_gcc.h ****  */
 190:Drivers/CMSIS/Include/cmsis_gcc.h **** 
 191:Drivers/CMSIS/Include/cmsis_gcc.h **** /**
 192:Drivers/CMSIS/Include/cmsis_gcc.h ****   \brief   Enable IRQ Interrupts
 193:Drivers/CMSIS/Include/cmsis_gcc.h ****   \details Enables IRQ interrupts by clearing the I-bit in the CPSR.
 194:Drivers/CMSIS/Include/cmsis_gcc.h ****            Can only be executed in Privileged modes.
 195:Drivers/CMSIS/Include/cmsis_gcc.h ****  */
 196:Drivers/CMSIS/Include/cmsis_gcc.h **** __STATIC_FORCEINLINE void __enable_irq(void)
 197:Drivers/CMSIS/Include/cmsis_gcc.h **** {
 198:Drivers/CMSIS/Include/cmsis_gcc.h ****   __ASM volatile ("cpsie i" : : : "memory");
 199:Drivers/CMSIS/Include/cmsis_gcc.h **** }
 200:Drivers/CMSIS/Include/cmsis_gcc.h **** 
 201:Drivers/CMSIS/Include/cmsis_gcc.h **** 
 202:Drivers/CMSIS/Include/cmsis_gcc.h **** /**
 203:Drivers/CMSIS/Include/cmsis_gcc.h ****   \brief   Disable IRQ Interrupts
 204:Drivers/CMSIS/Include/cmsis_gcc.h ****   \details Disables IRQ interrupts by setting the I-bit in the CPSR.
 205:Drivers/CMSIS/Include/cmsis_gcc.h ****            Can only be executed in Privileged modes.
 206:Drivers/CMSIS/Include/cmsis_gcc.h ****  */
 207:Drivers/CMSIS/Include/cmsis_gcc.h **** __STATIC_FORCEINLINE void __disable_irq(void)
 241              		.loc 2 207 27 view .LVU78
 242              	.LBB98:
 208:Drivers/CMSIS/Include/cmsis_gcc.h **** {
 209:Drivers/CMSIS/Include/cmsis_gcc.h ****   __ASM volatile ("cpsid i" : : : "memory");
 243              		.loc 2 209 3 view .LVU79
 244              		.syntax unified
 245              	@ 209 "Drivers/CMSIS/Include/cmsis_gcc.h" 1
 246 0044 72B6     		cpsid i
 247              	@ 0 "" 2
 248              		.thumb
 249              		.syntax unified
 250              	.L12:
 251              	.LBE98:
 252              	.LBE97:
 887:Core/Src/main.c ****   while (1)
 253              		.loc 1 887 3 view .LVU80
 888:Core/Src/main.c ****   {
 889:Core/Src/main.c ****   }
 254              		.loc 1 889 3 view .LVU81
 887:Core/Src/main.c ****   while (1)
 255              		.loc 1 887 9 view .LVU82
 887:Core/Src/main.c ****   while (1)
 256              		.loc 1 887 3 view .LVU83
 257              		.loc 1 889 3 view .LVU84
 887:Core/Src/main.c ****   while (1)
 258              		.loc 1 887 9 view .LVU85
 259 0046 FEE7     		b	.L12
 260              	.L11:
 261              	.LBE96:
 294:Core/Src/main.c ****                               |RCC_CLOCKTYPE_PCLK1|RCC_CLOCKTYPE_PCLK2;
 262              		.loc 1 294 3 view .LVU86
 301:Core/Src/main.c ****   {
 263              		.loc 1 301 7 is_stmt 0 view .LVU87
 264 0048 0421     		movs	r1, #4
 265 004a 0346     		mov	r3, r0
ARM GAS  /tmp/cc3FokBo.s 			page 26


 294:Core/Src/main.c ****                               |RCC_CLOCKTYPE_PCLK1|RCC_CLOCKTYPE_PCLK2;
 266              		.loc 1 294 31 view .LVU88
 267 004c 0F22     		movs	r2, #15
 301:Core/Src/main.c ****   {
 268              		.loc 1 301 7 view .LVU89
 269 004e 0DEB0100 		add	r0, sp, r1
 296:Core/Src/main.c ****   RCC_ClkInitStruct.AHBCLKDivider = RCC_SYSCLK_DIV1;
 270              		.loc 1 296 34 view .LVU90
 271 0052 CDE90124 		strd	r2, r4, [sp, #4]
 297:Core/Src/main.c ****   RCC_ClkInitStruct.APB1CLKDivider = RCC_HCLK_DIV1;
 272              		.loc 1 297 3 is_stmt 1 view .LVU91
 298:Core/Src/main.c ****   RCC_ClkInitStruct.APB2CLKDivider = RCC_HCLK_DIV1;
 273              		.loc 1 298 36 is_stmt 0 view .LVU92
 274 0056 CDE90333 		strd	r3, r3, [sp, #12]
 299:Core/Src/main.c **** 
 275              		.loc 1 299 3 is_stmt 1 view .LVU93
 299:Core/Src/main.c **** 
 276              		.loc 1 299 36 is_stmt 0 view .LVU94
 277 005a 0593     		str	r3, [sp, #20]
 301:Core/Src/main.c ****   {
 278              		.loc 1 301 3 is_stmt 1 view .LVU95
 301:Core/Src/main.c ****   {
 279              		.loc 1 301 7 is_stmt 0 view .LVU96
 280 005c FFF7FEFF 		bl	HAL_RCC_ClockConfig
 281              	.LVL12:
 301:Core/Src/main.c ****   {
 282              		.loc 1 301 6 discriminator 1 view .LVU97
 283 0060 08B1     		cbz	r0, .L13
 303:Core/Src/main.c ****   }
 284              		.loc 1 303 5 is_stmt 1 view .LVU98
 285              	.LBB99:
 286              	.LBI99:
 882:Core/Src/main.c **** {
 287              		.loc 1 882 6 view .LVU99
 886:Core/Src/main.c ****   while (1)
 288              		.loc 1 886 3 view .LVU100
 289              	.LBB100:
 290              	.LBI100:
 207:Drivers/CMSIS/Include/cmsis_gcc.h **** {
 291              		.loc 2 207 27 view .LVU101
 292              	.LBB101:
 293              		.loc 2 209 3 view .LVU102
 294              		.syntax unified
 295              	@ 209 "Drivers/CMSIS/Include/cmsis_gcc.h" 1
 296 0062 72B6     		cpsid i
 297              	@ 0 "" 2
 298              		.thumb
 299              		.syntax unified
 300              	.L14:
 301              	.LBE101:
 302              	.LBE100:
 887:Core/Src/main.c ****   {
 303              		.loc 1 887 3 view .LVU103
 304              		.loc 1 889 3 view .LVU104
 887:Core/Src/main.c ****   {
 305              		.loc 1 887 9 view .LVU105
 887:Core/Src/main.c ****   {
ARM GAS  /tmp/cc3FokBo.s 			page 27


 306              		.loc 1 887 3 view .LVU106
 307              		.loc 1 889 3 view .LVU107
 887:Core/Src/main.c ****   {
 308              		.loc 1 887 9 view .LVU108
 309 0064 FEE7     		b	.L14
 310              	.L13:
 311              	.LBE99:
 308:Core/Src/main.c **** }
 312              		.loc 1 308 3 view .LVU109
 313 0066 FFF7FEFF 		bl	HAL_RCC_EnableCSS
 314              	.LVL13:
 309:Core/Src/main.c **** 
 315              		.loc 1 309 1 is_stmt 0 view .LVU110
 316 006a 14B0     		add	sp, sp, #80
 317              	.LCFI5:
 318              		.cfi_def_cfa_offset 8
 319              		@ sp needed
 320 006c 10BD     		pop	{r4, pc}
 321              	.L17:
 322 006e 00BF     		.align	3
 323              	.L16:
 324 0070 01000000 		.word	1
 325 0074 00000100 		.word	65536
 326              		.cfi_endproc
 327              	.LFE330:
 329              		.section	.rodata.main.str1.4,"aMS",%progbits,1
 330              		.align	2
 331              	.LC11:
 332 0000 48434131 		.ascii	"HCA1001_ADC_STREAM_V1\012\000"
 332      3030315F 
 332      4144435F 
 332      53545245 
 332      414D5F56 
 333              		.section	.text.startup.main,"ax",%progbits
 334              		.align	1
 335              		.p2align 2,,3
 336              		.global	main
 337              		.syntax unified
 338              		.thumb
 339              		.thumb_func
 341              	main:
 342              	.LFB329:
 131:Core/Src/main.c **** 
 343              		.loc 1 131 1 is_stmt 1 view -0
 344              		.cfi_startproc
 345              		@ args = 0, pretend = 0, frame = 272
 346              		@ frame_needed = 0, uses_anonymous_args = 0
 140:Core/Src/main.c **** 
 347              		.loc 1 140 3 view .LVU112
 131:Core/Src/main.c **** 
 348              		.loc 1 131 1 is_stmt 0 view .LVU113
 349 0000 2DE9F043 		push	{r4, r5, r6, r7, r8, r9, lr}
 350              	.LCFI6:
 351              		.cfi_def_cfa_offset 28
 352              		.cfi_offset 4, -28
 353              		.cfi_offset 5, -24
 354              		.cfi_offset 6, -20
ARM GAS  /tmp/cc3FokBo.s 			page 28


 355              		.cfi_offset 7, -16
 356              		.cfi_offset 8, -12
 357              		.cfi_offset 9, -8
 358              		.cfi_offset 14, -4
 359 0004 C5B0     		sub	sp, sp, #276
 360              	.LCFI7:
 361              		.cfi_def_cfa_offset 304
 140:Core/Src/main.c **** 
 362              		.loc 1 140 3 view .LVU114
 363 0006 FFF7FEFF 		bl	HAL_Init
 364              	.LVL14:
 143:Core/Src/main.c ****   const float switching_freq   = SWITCH_RATE;
 365              		.loc 1 143 3 is_stmt 1 view .LVU115
 144:Core/Src/main.c ****   const uint8_t oversample_ratio = 2;       // 20kHz * 2 = 40kHz control loop (center-aligned TRGO 
 366              		.loc 1 144 3 view .LVU116
 145:Core/Src/main.c ****   const float output_limit = 1.0f;          // matches USPWM's ±1.0 saturation
 367              		.loc 1 145 3 view .LVU117
 146:Core/Src/main.c **** 
 368              		.loc 1 146 3 view .LVU118
 148:Core/Src/main.c ****           fundamental_freq,
 369              		.loc 1 148 3 view .LVU119
 370 000a DFEDB50A 		vldr.32	s1, .L84
 371 000e 9FEDB50A 		vldr.32	s0, .L84+4
 372 0012 B548     		ldr	r0, .L84+8
 170:Core/Src/main.c **** 
 373              		.loc 1 170 13 is_stmt 0 view .LVU120
 374 0014 B54C     		ldr	r4, .L84+12
 148:Core/Src/main.c ****           fundamental_freq,
 375              		.loc 1 148 3 view .LVU121
 376 0016 B7EE001A 		vmov.f32	s2, #1.0e+0
 377 001a 0221     		movs	r1, #2
 378 001c FFF7FEFF 		bl	HCA_Init
 379              	.LVL15:
 154:Core/Src/main.c ****   Complex_t ki1 = {0.8407f, 0.0657f}; //real, complex
 380              		.loc 1 154 3 is_stmt 1 view .LVU122
 157:Core/Src/main.c ****   Complex_t ki3 = {0.0508f, -0.8f}; //real, complex
 381              		.loc 1 157 13 is_stmt 0 view .LVU123
 382 0020 B349     		ldr	r1, .L84+16
 383 0022 0E91     		str	r1, [sp, #56]	@ float
 158:Core/Src/main.c **** 
 384              		.loc 1 158 13 view .LVU124
 385 0024 B349     		ldr	r1, .L84+20
 386 0026 0F91     		str	r1, [sp, #60]	@ float
 387 0028 B349     		ldr	r1, .L84+24
 388 002a 1091     		str	r1, [sp, #64]	@ float
 161:Core/Src/main.c **** 
 389              		.loc 1 161 13 view .LVU125
 390 002c B349     		ldr	r1, .L84+28
 391 002e 1491     		str	r1, [sp, #80]	@ float
 164:Core/Src/main.c **** 
 392              		.loc 1 164 13 view .LVU126
 393 0030 4FF07A51 		mov	r1, #1048576000
 394 0034 1791     		str	r1, [sp, #92]	@ float
 395 0036 B249     		ldr	r1, .L84+32
 154:Core/Src/main.c ****   Complex_t ki1 = {0.8407f, 0.0657f}; //real, complex
 396              		.loc 1 154 13 view .LVU127
 397 0038 DFEDB20A 		vldr.32	s1, .L84+36
ARM GAS  /tmp/cc3FokBo.s 			page 29


 155:Core/Src/main.c ****   
 398              		.loc 1 155 13 view .LVU128
 399 003c 9FEDB21A 		vldr.32	s2, .L84+40
 400 0040 DFEDB21A 		vldr.32	s3, .L84+44
 164:Core/Src/main.c **** 
 401              		.loc 1 164 13 view .LVU129
 402 0044 1891     		str	r1, [sp, #96]	@ float
 167:Core/Src/main.c **** 
 403              		.loc 1 167 13 view .LVU130
 404 0046 B249     		ldr	r1, .L84+48
 170:Core/Src/main.c **** 
 405              		.loc 1 170 13 view .LVU131
 406 0048 DFF8E8C2 		ldr	ip, .L84+84
 157:Core/Src/main.c ****   Complex_t ki3 = {0.0508f, -0.8f}; //real, complex
 407              		.loc 1 157 13 view .LVU132
 408 004c B14A     		ldr	r2, .L84+52
 160:Core/Src/main.c ****   Complex_t ki5 = {0.01f, 0.02f}; //real, complex
 409              		.loc 1 160 13 view .LVU133
 410 004e B24B     		ldr	r3, .L84+56
 181:Core/Src/main.c ****   HCA_Add_Channel(&hca, 3, kp3, ki3);  
 411              		.loc 1 181 3 view .LVU134
 412 0050 A548     		ldr	r0, .L84+8
 167:Core/Src/main.c **** 
 413              		.loc 1 167 13 view .LVU135
 414 0052 1C91     		str	r1, [sp, #112]	@ float
 154:Core/Src/main.c ****   Complex_t ki1 = {0.8407f, 0.0657f}; //real, complex
 415              		.loc 1 154 13 view .LVU136
 416 0054 B6EE000A 		vmov.f32	s0, #5.0e-1
 181:Core/Src/main.c ****   HCA_Add_Channel(&hca, 3, kp3, ki3);  
 417              		.loc 1 181 3 view .LVU137
 418 0058 0121     		movs	r1, #1
 170:Core/Src/main.c **** 
 419              		.loc 1 170 13 view .LVU138
 420 005a CDF87CC0 		str	ip, [sp, #124]	@ float
 173:Core/Src/main.c **** 
 421              		.loc 1 173 13 view .LVU139
 422 005e CDF88CC0 		str	ip, [sp, #140]	@ float
 176:Core/Src/main.c **** 
 423              		.loc 1 176 13 view .LVU140
 424 0062 CDF89CC0 		str	ip, [sp, #156]	@ float
 157:Core/Src/main.c ****   Complex_t ki3 = {0.0508f, -0.8f}; //real, complex
 425              		.loc 1 157 13 view .LVU141
 426 0066 0D92     		str	r2, [sp, #52]	@ float
 160:Core/Src/main.c ****   Complex_t ki5 = {0.01f, 0.02f}; //real, complex
 427              		.loc 1 160 13 view .LVU142
 428 0068 1193     		str	r3, [sp, #68]	@ float
 429 006a 1293     		str	r3, [sp, #72]	@ float
 161:Core/Src/main.c **** 
 430              		.loc 1 161 13 view .LVU143
 431 006c 1393     		str	r3, [sp, #76]	@ float
 163:Core/Src/main.c ****   Complex_t ki7 = {0.25f, 3.005f}; //real, complex
 432              		.loc 1 163 13 view .LVU144
 433 006e 1592     		str	r2, [sp, #84]	@ float
 434 0070 1692     		str	r2, [sp, #88]	@ float
 166:Core/Src/main.c ****   Complex_t ki9 = {0.5f, 3.0025f}; //real, complex
 435              		.loc 1 166 13 view .LVU145
 436 0072 1992     		str	r2, [sp, #100]	@ float
ARM GAS  /tmp/cc3FokBo.s 			page 30


 437 0074 1A93     		str	r3, [sp, #104]	@ float
 169:Core/Src/main.c ****   Complex_t ki11 = {0.05f, 1.0025f}; //real, complex
 438              		.loc 1 169 13 view .LVU146
 439 0076 1D92     		str	r2, [sp, #116]	@ float
 440 0078 1E93     		str	r3, [sp, #120]	@ float
 172:Core/Src/main.c ****   Complex_t ki13 = {0.05f, 1.0025f}; //real, complex
 441              		.loc 1 172 13 view .LVU147
 442 007a 2192     		str	r2, [sp, #132]	@ float
 443 007c 2293     		str	r3, [sp, #136]	@ float
 175:Core/Src/main.c ****   Complex_t ki15 = {0.05f, 1.0025f}; //real, complex
 444              		.loc 1 175 13 view .LVU148
 445 007e 2592     		str	r2, [sp, #148]	@ float
 446 0080 2693     		str	r3, [sp, #152]	@ float
 154:Core/Src/main.c ****   Complex_t ki1 = {0.8407f, 0.0657f}; //real, complex
 447              		.loc 1 154 13 view .LVU149
 448 0082 8DED090A 		vstr.32	s0, [sp, #36]
 449 0086 CDED0A0A 		vstr.32	s1, [sp, #40]
 155:Core/Src/main.c ****   
 450              		.loc 1 155 3 is_stmt 1 view .LVU150
 155:Core/Src/main.c ****   
 451              		.loc 1 155 13 is_stmt 0 view .LVU151
 452 008a 8DED0B1A 		vstr.32	s2, [sp, #44]
 453 008e CDED0C1A 		vstr.32	s3, [sp, #48]
 157:Core/Src/main.c ****   Complex_t ki3 = {0.0508f, -0.8f}; //real, complex
 454              		.loc 1 157 3 is_stmt 1 view .LVU152
 158:Core/Src/main.c **** 
 455              		.loc 1 158 3 view .LVU153
 160:Core/Src/main.c ****   Complex_t ki5 = {0.01f, 0.02f}; //real, complex
 456              		.loc 1 160 3 view .LVU154
 161:Core/Src/main.c **** 
 457              		.loc 1 161 3 view .LVU155
 163:Core/Src/main.c ****   Complex_t ki7 = {0.25f, 3.005f}; //real, complex
 458              		.loc 1 163 3 view .LVU156
 164:Core/Src/main.c **** 
 459              		.loc 1 164 3 view .LVU157
 166:Core/Src/main.c ****   Complex_t ki9 = {0.5f, 3.0025f}; //real, complex
 460              		.loc 1 166 3 view .LVU158
 167:Core/Src/main.c **** 
 461              		.loc 1 167 3 view .LVU159
 169:Core/Src/main.c ****   Complex_t ki11 = {0.05f, 1.0025f}; //real, complex
 462              		.loc 1 169 3 view .LVU160
 170:Core/Src/main.c **** 
 463              		.loc 1 170 3 view .LVU161
 167:Core/Src/main.c **** 
 464              		.loc 1 167 13 is_stmt 0 view .LVU162
 465 0092 8DED1B0A 		vstr.32	s0, [sp, #108]
 170:Core/Src/main.c **** 
 466              		.loc 1 170 13 view .LVU163
 467 0096 2094     		str	r4, [sp, #128]	@ float
 172:Core/Src/main.c ****   Complex_t ki13 = {0.05f, 1.0025f}; //real, complex
 468              		.loc 1 172 3 is_stmt 1 view .LVU164
 173:Core/Src/main.c **** 
 469              		.loc 1 173 3 view .LVU165
 173:Core/Src/main.c **** 
 470              		.loc 1 173 13 is_stmt 0 view .LVU166
 471 0098 2494     		str	r4, [sp, #144]	@ float
 175:Core/Src/main.c ****   Complex_t ki15 = {0.05f, 1.0025f}; //real, complex
ARM GAS  /tmp/cc3FokBo.s 			page 31


 472              		.loc 1 175 3 is_stmt 1 view .LVU167
 176:Core/Src/main.c **** 
 473              		.loc 1 176 3 view .LVU168
 176:Core/Src/main.c **** 
 474              		.loc 1 176 13 is_stmt 0 view .LVU169
 475 009a 2894     		str	r4, [sp, #160]	@ float
 178:Core/Src/main.c ****   Complex_t ki17 = {0.05f, 1.0025f}; //real, complex
 476              		.loc 1 178 3 is_stmt 1 view .LVU170
 178:Core/Src/main.c ****   Complex_t ki17 = {0.05f, 1.0025f}; //real, complex
 477              		.loc 1 178 13 is_stmt 0 view .LVU171
 478 009c 2992     		str	r2, [sp, #164]	@ float
 179:Core/Src/main.c **** 
 479              		.loc 1 179 13 view .LVU172
 480 009e CDF8ACC0 		str	ip, [sp, #172]	@ float
 178:Core/Src/main.c ****   Complex_t ki17 = {0.05f, 1.0025f}; //real, complex
 481              		.loc 1 178 13 view .LVU173
 482 00a2 2A93     		str	r3, [sp, #168]	@ float
 179:Core/Src/main.c **** 
 483              		.loc 1 179 3 is_stmt 1 view .LVU174
 179:Core/Src/main.c **** 
 484              		.loc 1 179 13 is_stmt 0 view .LVU175
 485 00a4 2C94     		str	r4, [sp, #176]	@ float
 181:Core/Src/main.c ****   HCA_Add_Channel(&hca, 3, kp3, ki3);  
 486              		.loc 1 181 3 is_stmt 1 view .LVU176
 487 00a6 FFF7FEFF 		bl	HCA_Add_Channel
 488              	.LVL16:
 182:Core/Src/main.c ****   HCA_Add_Channel(&hca, 5, kp5, ki5);  
 489              		.loc 1 182 3 view .LVU177
 490 00aa 8F48     		ldr	r0, .L84+8
 491 00ac 9DED0F1A 		vldr.32	s2, [sp, #60]
 492 00b0 DDED101A 		vldr.32	s3, [sp, #64]
 493 00b4 9DED0D0A 		vldr.32	s0, [sp, #52]
 494 00b8 DDED0E0A 		vldr.32	s1, [sp, #56]
 495 00bc 0321     		movs	r1, #3
 496 00be FFF7FEFF 		bl	HCA_Add_Channel
 497              	.LVL17:
 183:Core/Src/main.c ****   HCA_Add_Channel(&hca, 7, kp7, ki7);  
 498              		.loc 1 183 3 view .LVU178
 499 00c2 8948     		ldr	r0, .L84+8
 500 00c4 9DED131A 		vldr.32	s2, [sp, #76]
 501 00c8 DDED141A 		vldr.32	s3, [sp, #80]
 502 00cc 9DED110A 		vldr.32	s0, [sp, #68]
 503 00d0 DDED120A 		vldr.32	s1, [sp, #72]
 504 00d4 0521     		movs	r1, #5
 505 00d6 FFF7FEFF 		bl	HCA_Add_Channel
 506              	.LVL18:
 184:Core/Src/main.c ****   HCA_Add_Channel(&hca, 9, kp9, ki9);  
 507              		.loc 1 184 3 view .LVU179
 508 00da 8348     		ldr	r0, .L84+8
 509 00dc 9DED171A 		vldr.32	s2, [sp, #92]
 510 00e0 DDED181A 		vldr.32	s3, [sp, #96]
 511 00e4 9DED150A 		vldr.32	s0, [sp, #84]
 512 00e8 DDED160A 		vldr.32	s1, [sp, #88]
 513 00ec 0721     		movs	r1, #7
 514 00ee FFF7FEFF 		bl	HCA_Add_Channel
 515              	.LVL19:
 185:Core/Src/main.c ****   HCA_Add_Channel(&hca, 11, kp11, ki11);  
ARM GAS  /tmp/cc3FokBo.s 			page 32


 516              		.loc 1 185 3 view .LVU180
 517 00f2 7D48     		ldr	r0, .L84+8
 518 00f4 9DED1B1A 		vldr.32	s2, [sp, #108]
 519 00f8 DDED1C1A 		vldr.32	s3, [sp, #112]
 520 00fc 9DED190A 		vldr.32	s0, [sp, #100]
 521 0100 DDED1A0A 		vldr.32	s1, [sp, #104]
 522 0104 0921     		movs	r1, #9
 523 0106 FFF7FEFF 		bl	HCA_Add_Channel
 524              	.LVL20:
 186:Core/Src/main.c ****   HCA_Add_Channel(&hca, 13, kp13, ki13);
 525              		.loc 1 186 3 view .LVU181
 526 010a 7748     		ldr	r0, .L84+8
 527 010c 9DED1F1A 		vldr.32	s2, [sp, #124]
 528 0110 DDED201A 		vldr.32	s3, [sp, #128]
 529 0114 9DED1D0A 		vldr.32	s0, [sp, #116]
 530 0118 DDED1E0A 		vldr.32	s1, [sp, #120]
 531 011c 0B21     		movs	r1, #11
 532 011e FFF7FEFF 		bl	HCA_Add_Channel
 533              	.LVL21:
 187:Core/Src/main.c ****   HCA_Add_Channel(&hca, 15, kp15, ki15);
 534              		.loc 1 187 3 view .LVU182
 535 0122 7148     		ldr	r0, .L84+8
 536 0124 9DED231A 		vldr.32	s2, [sp, #140]
 537 0128 DDED241A 		vldr.32	s3, [sp, #144]
 538 012c 9DED210A 		vldr.32	s0, [sp, #132]
 539 0130 DDED220A 		vldr.32	s1, [sp, #136]
 540 0134 0D21     		movs	r1, #13
 541 0136 FFF7FEFF 		bl	HCA_Add_Channel
 542              	.LVL22:
 188:Core/Src/main.c ****   HCA_Add_Channel(&hca, 17, kp17, ki17);    
 543              		.loc 1 188 3 view .LVU183
 544 013a 6B48     		ldr	r0, .L84+8
 545 013c 9DED271A 		vldr.32	s2, [sp, #156]
 546 0140 DDED281A 		vldr.32	s3, [sp, #160]
 547 0144 9DED250A 		vldr.32	s0, [sp, #148]
 548 0148 DDED260A 		vldr.32	s1, [sp, #152]
 549 014c 0F21     		movs	r1, #15
 550 014e FFF7FEFF 		bl	HCA_Add_Channel
 551              	.LVL23:
 189:Core/Src/main.c ****   
 552              		.loc 1 189 3 view .LVU184
 553 0152 9DED2B1A 		vldr.32	s2, [sp, #172]
 554 0156 DDED2C1A 		vldr.32	s3, [sp, #176]
 555 015a 9DED290A 		vldr.32	s0, [sp, #164]
 556 015e DDED2A0A 		vldr.32	s1, [sp, #168]
 557 0162 6148     		ldr	r0, .L84+8
 558 0164 1121     		movs	r1, #17
 559 0166 FFF7FEFF 		bl	HCA_Add_Channel
 560              	.LVL24:
 194:Core/Src/main.c **** 
 561              		.loc 1 194 3 view .LVU185
 562 016a FFF7FEFF 		bl	SystemClock_Config
 563              	.LVL25:
 201:Core/Src/main.c ****   MX_DMA_Init();
 564              		.loc 1 201 3 view .LVU186
 565              	.LBB175:
 566              	.LBI175:
ARM GAS  /tmp/cc3FokBo.s 			page 33


 534:Core/Src/main.c **** {
 567              		.loc 1 534 13 view .LVU187
 541:Core/Src/main.c ****   __HAL_RCC_GPIOF_CLK_ENABLE();
 568              		.loc 1 541 3 view .LVU188
 569              	.LBB176:
 541:Core/Src/main.c ****   __HAL_RCC_GPIOF_CLK_ENABLE();
 570              		.loc 1 541 3 view .LVU189
 541:Core/Src/main.c ****   __HAL_RCC_GPIOF_CLK_ENABLE();
 571              		.loc 1 541 3 view .LVU190
 572 016e 6B4B     		ldr	r3, .L84+60
 573 0170 D96C     		ldr	r1, [r3, #76]
 574 0172 41F00401 		orr	r1, r1, #4
 575 0176 D964     		str	r1, [r3, #76]
 541:Core/Src/main.c ****   __HAL_RCC_GPIOF_CLK_ENABLE();
 576              		.loc 1 541 3 view .LVU191
 577 0178 D96C     		ldr	r1, [r3, #76]
 578 017a 01F00401 		and	r1, r1, #4
 579 017e 0591     		str	r1, [sp, #20]
 541:Core/Src/main.c ****   __HAL_RCC_GPIOF_CLK_ENABLE();
 580              		.loc 1 541 3 view .LVU192
 581 0180 0599     		ldr	r1, [sp, #20]
 582              	.LBE176:
 541:Core/Src/main.c ****   __HAL_RCC_GPIOF_CLK_ENABLE();
 583              		.loc 1 541 3 view .LVU193
 542:Core/Src/main.c ****   __HAL_RCC_GPIOA_CLK_ENABLE();
 584              		.loc 1 542 3 view .LVU194
 585              	.LBB177:
 542:Core/Src/main.c ****   __HAL_RCC_GPIOA_CLK_ENABLE();
 586              		.loc 1 542 3 view .LVU195
 542:Core/Src/main.c ****   __HAL_RCC_GPIOA_CLK_ENABLE();
 587              		.loc 1 542 3 view .LVU196
 588 0182 D96C     		ldr	r1, [r3, #76]
 589 0184 41F02001 		orr	r1, r1, #32
 590 0188 D964     		str	r1, [r3, #76]
 542:Core/Src/main.c ****   __HAL_RCC_GPIOA_CLK_ENABLE();
 591              		.loc 1 542 3 view .LVU197
 592 018a D96C     		ldr	r1, [r3, #76]
 593 018c 01F02001 		and	r1, r1, #32
 594 0190 0691     		str	r1, [sp, #24]
 542:Core/Src/main.c ****   __HAL_RCC_GPIOA_CLK_ENABLE();
 595              		.loc 1 542 3 view .LVU198
 596 0192 0699     		ldr	r1, [sp, #24]
 597              	.LBE177:
 542:Core/Src/main.c ****   __HAL_RCC_GPIOA_CLK_ENABLE();
 598              		.loc 1 542 3 view .LVU199
 543:Core/Src/main.c ****   __HAL_RCC_GPIOB_CLK_ENABLE();
 599              		.loc 1 543 3 view .LVU200
 600              	.LBB178:
 543:Core/Src/main.c ****   __HAL_RCC_GPIOB_CLK_ENABLE();
 601              		.loc 1 543 3 view .LVU201
 543:Core/Src/main.c ****   __HAL_RCC_GPIOB_CLK_ENABLE();
 602              		.loc 1 543 3 view .LVU202
 603 0194 D96C     		ldr	r1, [r3, #76]
 604 0196 41F00101 		orr	r1, r1, #1
 605 019a D964     		str	r1, [r3, #76]
 543:Core/Src/main.c ****   __HAL_RCC_GPIOB_CLK_ENABLE();
 606              		.loc 1 543 3 view .LVU203
ARM GAS  /tmp/cc3FokBo.s 			page 34


 607 019c D96C     		ldr	r1, [r3, #76]
 608 019e 01F00101 		and	r1, r1, #1
 609 01a2 0791     		str	r1, [sp, #28]
 543:Core/Src/main.c ****   __HAL_RCC_GPIOB_CLK_ENABLE();
 610              		.loc 1 543 3 view .LVU204
 611 01a4 0799     		ldr	r1, [sp, #28]
 612              	.LBE178:
 543:Core/Src/main.c ****   __HAL_RCC_GPIOB_CLK_ENABLE();
 613              		.loc 1 543 3 view .LVU205
 544:Core/Src/main.c **** 
 614              		.loc 1 544 3 view .LVU206
 615              	.LBB179:
 544:Core/Src/main.c **** 
 616              		.loc 1 544 3 view .LVU207
 544:Core/Src/main.c **** 
 617              		.loc 1 544 3 view .LVU208
 618 01a6 D96C     		ldr	r1, [r3, #76]
 619 01a8 41F00201 		orr	r1, r1, #2
 620 01ac D964     		str	r1, [r3, #76]
 544:Core/Src/main.c **** 
 621              		.loc 1 544 3 view .LVU209
 622 01ae D96C     		ldr	r1, [r3, #76]
 623 01b0 01F00201 		and	r1, r1, #2
 624 01b4 0891     		str	r1, [sp, #32]
 544:Core/Src/main.c **** 
 625              		.loc 1 544 3 view .LVU210
 626 01b6 0899     		ldr	r1, [sp, #32]
 627              	.LBE179:
 544:Core/Src/main.c **** 
 628              		.loc 1 544 3 view .LVU211
 629              	.LBE175:
 202:Core/Src/main.c ****   MX_ADC1_Init();
 630              		.loc 1 202 3 view .LVU212
 631              	.LBB180:
 632              	.LBI180:
 509:Core/Src/main.c **** {
 633              		.loc 1 509 13 view .LVU213
 634              	.LBB181:
 513:Core/Src/main.c ****   __HAL_RCC_DMA1_CLK_ENABLE();
 635              		.loc 1 513 3 view .LVU214
 636              	.LBB182:
 513:Core/Src/main.c ****   __HAL_RCC_DMA1_CLK_ENABLE();
 637              		.loc 1 513 3 view .LVU215
 513:Core/Src/main.c ****   __HAL_RCC_DMA1_CLK_ENABLE();
 638              		.loc 1 513 3 view .LVU216
 639 01b8 996C     		ldr	r1, [r3, #72]
 640 01ba 41F00401 		orr	r1, r1, #4
 641 01be 9964     		str	r1, [r3, #72]
 513:Core/Src/main.c ****   __HAL_RCC_DMA1_CLK_ENABLE();
 642              		.loc 1 513 3 view .LVU217
 643 01c0 996C     		ldr	r1, [r3, #72]
 644 01c2 01F00401 		and	r1, r1, #4
 645 01c6 0391     		str	r1, [sp, #12]
 513:Core/Src/main.c ****   __HAL_RCC_DMA1_CLK_ENABLE();
 646              		.loc 1 513 3 view .LVU218
 647 01c8 0399     		ldr	r1, [sp, #12]
 648              	.LBE182:
ARM GAS  /tmp/cc3FokBo.s 			page 35


 513:Core/Src/main.c ****   __HAL_RCC_DMA1_CLK_ENABLE();
 649              		.loc 1 513 3 view .LVU219
 514:Core/Src/main.c **** 
 650              		.loc 1 514 3 view .LVU220
 651              	.LBB183:
 514:Core/Src/main.c **** 
 652              		.loc 1 514 3 view .LVU221
 514:Core/Src/main.c **** 
 653              		.loc 1 514 3 view .LVU222
 654 01ca 986C     		ldr	r0, [r3, #72]
 655 01cc 40F00100 		orr	r0, r0, #1
 656 01d0 9864     		str	r0, [r3, #72]
 514:Core/Src/main.c **** 
 657              		.loc 1 514 3 view .LVU223
 658 01d2 9B6C     		ldr	r3, [r3, #72]
 659              	.LBE183:
 518:Core/Src/main.c ****   HAL_NVIC_EnableIRQ(DMA1_Channel1_IRQn);
 660              		.loc 1 518 3 is_stmt 0 view .LVU224
 661 01d4 0022     		movs	r2, #0
 662              	.LBB184:
 514:Core/Src/main.c **** 
 663              		.loc 1 514 3 view .LVU225
 664 01d6 03F00103 		and	r3, r3, #1
 665              	.LBE184:
 518:Core/Src/main.c ****   HAL_NVIC_EnableIRQ(DMA1_Channel1_IRQn);
 666              		.loc 1 518 3 view .LVU226
 667 01da 1146     		mov	r1, r2
 668              	.LBB185:
 514:Core/Src/main.c **** 
 669              		.loc 1 514 3 view .LVU227
 670 01dc 0493     		str	r3, [sp, #16]
 514:Core/Src/main.c **** 
 671              		.loc 1 514 3 is_stmt 1 view .LVU228
 672              	.LBE185:
 518:Core/Src/main.c ****   HAL_NVIC_EnableIRQ(DMA1_Channel1_IRQn);
 673              		.loc 1 518 3 is_stmt 0 view .LVU229
 674 01de 0B20     		movs	r0, #11
 675              	.LBB186:
 514:Core/Src/main.c **** 
 676              		.loc 1 514 3 view .LVU230
 677 01e0 049B     		ldr	r3, [sp, #16]
 678              	.LBE186:
 514:Core/Src/main.c **** 
 679              		.loc 1 514 3 is_stmt 1 view .LVU231
 518:Core/Src/main.c ****   HAL_NVIC_EnableIRQ(DMA1_Channel1_IRQn);
 680              		.loc 1 518 3 view .LVU232
 681 01e2 FFF7FEFF 		bl	HAL_NVIC_SetPriority
 682              	.LVL26:
 519:Core/Src/main.c ****   /* DMA1_Channel2_IRQn interrupt configuration */
 683              		.loc 1 519 3 view .LVU233
 684 01e6 0B20     		movs	r0, #11
 685 01e8 FFF7FEFF 		bl	HAL_NVIC_EnableIRQ
 686              	.LVL27:
 521:Core/Src/main.c ****   HAL_NVIC_EnableIRQ(DMA1_Channel2_IRQn);
 687              		.loc 1 521 3 view .LVU234
 688 01ec 0022     		movs	r2, #0
 689 01ee 0321     		movs	r1, #3
ARM GAS  /tmp/cc3FokBo.s 			page 36


 690 01f0 0C20     		movs	r0, #12
 691 01f2 FFF7FEFF 		bl	HAL_NVIC_SetPriority
 692              	.LVL28:
 522:Core/Src/main.c ****   /* DMA1_Channel3_IRQn interrupt configuration */
 693              		.loc 1 522 3 view .LVU235
 694 01f6 0C20     		movs	r0, #12
 695 01f8 FFF7FEFF 		bl	HAL_NVIC_EnableIRQ
 696              	.LVL29:
 524:Core/Src/main.c ****   HAL_NVIC_EnableIRQ(DMA1_Channel3_IRQn);
 697              		.loc 1 524 3 view .LVU236
 698 01fc 0022     		movs	r2, #0
 699 01fe 0321     		movs	r1, #3
 700 0200 0D20     		movs	r0, #13
 701              	.LBE181:
 702              	.LBE180:
 703              	.LBB188:
 704              	.LBB189:
 323:Core/Src/main.c ****   ADC_ChannelConfTypeDef sConfig = {0};
 705              		.loc 1 323 24 is_stmt 0 view .LVU237
 706 0202 0024     		movs	r4, #0
 707              	.LBE189:
 708              	.LBE188:
 709              	.LBB200:
 710              	.LBB187:
 524:Core/Src/main.c ****   HAL_NVIC_EnableIRQ(DMA1_Channel3_IRQn);
 711              		.loc 1 524 3 view .LVU238
 712 0204 FFF7FEFF 		bl	HAL_NVIC_SetPriority
 713              	.LVL30:
 525:Core/Src/main.c **** 
 714              		.loc 1 525 3 is_stmt 1 view .LVU239
 715 0208 0D20     		movs	r0, #13
 716 020a FFF7FEFF 		bl	HAL_NVIC_EnableIRQ
 717              	.LVL31:
 718              	.LBE187:
 719              	.LBE200:
 203:Core/Src/main.c ****   MX_TIM8_Init();
 720              		.loc 1 203 3 view .LVU240
 721              	.LBB201:
 722              	.LBI188:
 316:Core/Src/main.c **** {
 723              		.loc 1 316 13 view .LVU241
 724              	.LBB199:
 323:Core/Src/main.c ****   ADC_ChannelConfTypeDef sConfig = {0};
 725              		.loc 1 323 3 view .LVU242
 324:Core/Src/main.c **** 
 726              		.loc 1 324 26 is_stmt 0 view .LVU243
 727 020e 2022     		movs	r2, #32
 728 0210 2146     		mov	r1, r4
 729 0212 37A8     		add	r0, sp, #220
 323:Core/Src/main.c ****   ADC_ChannelConfTypeDef sConfig = {0};
 730              		.loc 1 323 24 view .LVU244
 731 0214 CDE93044 		strd	r4, r4, [sp, #192]
 732 0218 3294     		str	r4, [sp, #200]
 324:Core/Src/main.c **** 
 733              		.loc 1 324 3 is_stmt 1 view .LVU245
 324:Core/Src/main.c **** 
 734              		.loc 1 324 26 is_stmt 0 view .LVU246
ARM GAS  /tmp/cc3FokBo.s 			page 37


 735 021a FFF7FEFF 		bl	memset
 736              	.LVL32:
 332:Core/Src/main.c ****   hadc1.Init.ClockPrescaler = ADC_CLOCK_SYNC_PCLK_DIV4;
 737              		.loc 1 332 3 is_stmt 1 view .LVU247
 334:Core/Src/main.c ****   hadc1.Init.DataAlign = ADC_DATAALIGN_RIGHT;
 738              		.loc 1 334 25 is_stmt 0 view .LVU248
 739 021e 404B     		ldr	r3, .L84+64
 346:Core/Src/main.c ****   hadc1.Init.OversamplingMode = DISABLE;
 740              		.loc 1 346 22 view .LVU249
 741 0220 1A46     		mov	r2, r3
 335:Core/Src/main.c ****   hadc1.Init.GainCompensation = 0;
 742              		.loc 1 335 24 view .LVU250
 743 0222 C3E90244 		strd	r4, r4, [r3, #8]
 337:Core/Src/main.c ****   hadc1.Init.EOCSelection = ADC_EOC_SINGLE_CONV;
 744              		.loc 1 337 27 view .LVU251
 745 0226 C3E90444 		strd	r4, r4, [r3, #16]
 339:Core/Src/main.c ****   hadc1.Init.ContinuousConvMode = DISABLE;
 746              		.loc 1 339 31 view .LVU252
 747 022a 9C83     		strh	r4, [r3, #28]	@ movhi
 342:Core/Src/main.c ****   hadc1.Init.ExternalTrigConv = ADC_EXTERNALTRIG_T8_TRGO;
 748              		.loc 1 342 36 view .LVU253
 749 022c 83F82440 		strb	r4, [r3, #36]
 346:Core/Src/main.c ****   hadc1.Init.OversamplingMode = DISABLE;
 750              		.loc 1 346 22 view .LVU254
 751 0230 DC63     		str	r4, [r3, #60]
 347:Core/Src/main.c ****   if (HAL_ADC_Init(&hadc1) != HAL_OK)
 752              		.loc 1 347 31 view .LVU255
 753 0232 83F84040 		strb	r4, [r3, #64]
 348:Core/Src/main.c ****   {
 754              		.loc 1 348 7 view .LVU256
 755 0236 1846     		mov	r0, r3
 341:Core/Src/main.c ****   hadc1.Init.DiscontinuousConvMode = DISABLE;
 756              		.loc 1 341 30 view .LVU257
 757 0238 0123     		movs	r3, #1
 758 023a 1362     		str	r3, [r2, #32]
 345:Core/Src/main.c ****   hadc1.Init.Overrun = ADC_OVR_DATA_PRESERVED;
 759              		.loc 1 345 36 view .LVU258
 760 023c 82F83830 		strb	r3, [r2, #56]
 333:Core/Src/main.c ****   hadc1.Init.Resolution = ADC_RESOLUTION_12B;
 761              		.loc 1 333 29 view .LVU259
 762 0240 4FF0A047 		mov	r7, #1342177280
 763 0244 4FF44033 		mov	r3, #196608
 764 0248 C2E90073 		strd	r7, r3, [r2]
 334:Core/Src/main.c ****   hadc1.Init.DataAlign = ADC_DATAALIGN_RIGHT;
 765              		.loc 1 334 3 is_stmt 1 view .LVU260
 335:Core/Src/main.c ****   hadc1.Init.GainCompensation = 0;
 766              		.loc 1 335 3 view .LVU261
 336:Core/Src/main.c ****   hadc1.Init.ScanConvMode = ADC_SCAN_DISABLE;
 767              		.loc 1 336 3 view .LVU262
 337:Core/Src/main.c ****   hadc1.Init.EOCSelection = ADC_EOC_SINGLE_CONV;
 768              		.loc 1 337 3 view .LVU263
 338:Core/Src/main.c ****   hadc1.Init.LowPowerAutoWait = DISABLE;
 769              		.loc 1 338 3 view .LVU264
 338:Core/Src/main.c ****   hadc1.Init.LowPowerAutoWait = DISABLE;
 770              		.loc 1 338 27 is_stmt 0 view .LVU265
 771 024c 0424     		movs	r4, #4
 344:Core/Src/main.c ****   hadc1.Init.DMAContinuousRequests = ENABLE;
ARM GAS  /tmp/cc3FokBo.s 			page 38


 772              		.loc 1 344 35 view .LVU266
 773 024e 4FF49C63 		mov	r3, #1248
 774 0252 4FF48065 		mov	r5, #1024
 775 0256 C2E90B35 		strd	r3, r5, [r2, #44]
 338:Core/Src/main.c ****   hadc1.Init.LowPowerAutoWait = DISABLE;
 776              		.loc 1 338 27 view .LVU267
 777 025a 9461     		str	r4, [r2, #24]
 339:Core/Src/main.c ****   hadc1.Init.ContinuousConvMode = DISABLE;
 778              		.loc 1 339 3 is_stmt 1 view .LVU268
 340:Core/Src/main.c ****   hadc1.Init.NbrOfConversion = 1;
 779              		.loc 1 340 3 view .LVU269
 341:Core/Src/main.c ****   hadc1.Init.DiscontinuousConvMode = DISABLE;
 780              		.loc 1 341 3 view .LVU270
 342:Core/Src/main.c ****   hadc1.Init.ExternalTrigConv = ADC_EXTERNALTRIG_T8_TRGO;
 781              		.loc 1 342 3 view .LVU271
 343:Core/Src/main.c ****   hadc1.Init.ExternalTrigConvEdge = ADC_EXTERNALTRIGCONVEDGE_RISING;
 782              		.loc 1 343 3 view .LVU272
 345:Core/Src/main.c ****   hadc1.Init.Overrun = ADC_OVR_DATA_PRESERVED;
 783              		.loc 1 345 3 view .LVU273
 346:Core/Src/main.c ****   hadc1.Init.OversamplingMode = DISABLE;
 784              		.loc 1 346 3 view .LVU274
 347:Core/Src/main.c ****   if (HAL_ADC_Init(&hadc1) != HAL_OK)
 785              		.loc 1 347 3 view .LVU275
 348:Core/Src/main.c ****   {
 786              		.loc 1 348 3 view .LVU276
 348:Core/Src/main.c ****   {
 787              		.loc 1 348 7 is_stmt 0 view .LVU277
 788 025c FFF7FEFF 		bl	HAL_ADC_Init
 789              	.LVL33:
 348:Core/Src/main.c ****   {
 790              		.loc 1 348 6 discriminator 1 view .LVU278
 791 0260 08B1     		cbz	r0, .L19
 350:Core/Src/main.c ****   }
 792              		.loc 1 350 5 is_stmt 1 view .LVU279
 793              	.LBB190:
 794              	.LBI190:
 882:Core/Src/main.c **** {
 795              		.loc 1 882 6 view .LVU280
 886:Core/Src/main.c ****   while (1)
 796              		.loc 1 886 3 view .LVU281
 797              	.LBB191:
 798              	.LBI191:
 207:Drivers/CMSIS/Include/cmsis_gcc.h **** {
 799              		.loc 2 207 27 view .LVU282
 800              	.LBB192:
 801              		.loc 2 209 3 view .LVU283
 802              		.syntax unified
 803              	@ 209 "Drivers/CMSIS/Include/cmsis_gcc.h" 1
 804 0262 72B6     		cpsid i
 805              	@ 0 "" 2
 806              		.thumb
 807              		.syntax unified
 808              	.L20:
 809              	.LBE192:
 810              	.LBE191:
 887:Core/Src/main.c ****   {
 811              		.loc 1 887 3 view .LVU284
ARM GAS  /tmp/cc3FokBo.s 			page 39


 812              		.loc 1 889 3 view .LVU285
 887:Core/Src/main.c ****   {
 813              		.loc 1 887 9 view .LVU286
 887:Core/Src/main.c ****   {
 814              		.loc 1 887 3 view .LVU287
 815              		.loc 1 889 3 view .LVU288
 887:Core/Src/main.c ****   {
 816              		.loc 1 887 9 view .LVU289
 817 0264 FEE7     		b	.L20
 818              	.L19:
 819              	.LBE190:
 355:Core/Src/main.c ****   if (HAL_ADCEx_MultiModeConfigChannel(&hadc1, &multimode) != HAL_OK)
 820              		.loc 1 355 3 view .LVU290
 355:Core/Src/main.c ****   if (HAL_ADCEx_MultiModeConfigChannel(&hadc1, &multimode) != HAL_OK)
 821              		.loc 1 355 18 is_stmt 0 view .LVU291
 822 0266 3090     		str	r0, [sp, #192]
 356:Core/Src/main.c ****   {
 823              		.loc 1 356 3 is_stmt 1 view .LVU292
 356:Core/Src/main.c ****   {
 824              		.loc 1 356 7 is_stmt 0 view .LVU293
 825 0268 30A9     		add	r1, sp, #192
 826 026a 2D48     		ldr	r0, .L84+64
 827 026c FFF7FEFF 		bl	HAL_ADCEx_MultiModeConfigChannel
 828              	.LVL34:
 356:Core/Src/main.c ****   {
 829              		.loc 1 356 6 discriminator 1 view .LVU294
 830 0270 08B1     		cbz	r0, .L21
 358:Core/Src/main.c ****   }
 831              		.loc 1 358 5 is_stmt 1 view .LVU295
 832              	.LBB193:
 833              	.LBI193:
 882:Core/Src/main.c **** {
 834              		.loc 1 882 6 view .LVU296
 886:Core/Src/main.c ****   while (1)
 835              		.loc 1 886 3 view .LVU297
 836              	.LBB194:
 837              	.LBI194:
 207:Drivers/CMSIS/Include/cmsis_gcc.h **** {
 838              		.loc 2 207 27 view .LVU298
 839              	.LBB195:
 840              		.loc 2 209 3 view .LVU299
 841              		.syntax unified
 842              	@ 209 "Drivers/CMSIS/Include/cmsis_gcc.h" 1
 843 0272 72B6     		cpsid i
 844              	@ 0 "" 2
 845              		.thumb
 846              		.syntax unified
 847              	.L22:
 848              	.LBE195:
 849              	.LBE194:
 887:Core/Src/main.c ****   {
 850              		.loc 1 887 3 view .LVU300
 851              		.loc 1 889 3 view .LVU301
 887:Core/Src/main.c ****   {
 852              		.loc 1 887 9 view .LVU302
 887:Core/Src/main.c ****   {
 853              		.loc 1 887 3 view .LVU303
ARM GAS  /tmp/cc3FokBo.s 			page 40


 854              		.loc 1 889 3 view .LVU304
 887:Core/Src/main.c ****   {
 855              		.loc 1 887 9 view .LVU305
 856 0274 FEE7     		b	.L22
 857              	.L21:
 858              	.LBE193:
 363:Core/Src/main.c ****   sConfig.Rank = ADC_REGULAR_RANK_1;
 859              		.loc 1 363 3 view .LVU306
 364:Core/Src/main.c ****   sConfig.SamplingTime = ADC_SAMPLETIME_247CYCLES_5;
 860              		.loc 1 364 16 is_stmt 0 view .LVU307
 861 0276 0623     		movs	r3, #6
 365:Core/Src/main.c ****   sConfig.SingleDiff = ADC_DIFFERENTIAL_ENDED;
 862              		.loc 1 365 24 view .LVU308
 863 0278 CDE93833 		strd	r3, r3, [sp, #224]
 363:Core/Src/main.c ****   sConfig.Rank = ADC_REGULAR_RANK_1;
 864              		.loc 1 363 19 view .LVU309
 865 027c 294B     		ldr	r3, .L84+68
 368:Core/Src/main.c ****   if (HAL_ADC_ConfigChannel(&hadc1, &sConfig) != HAL_OK)
 866              		.loc 1 368 18 view .LVU310
 867 027e 3C90     		str	r0, [sp, #240]
 363:Core/Src/main.c ****   sConfig.Rank = ADC_REGULAR_RANK_1;
 868              		.loc 1 363 19 view .LVU311
 869 0280 3793     		str	r3, [sp, #220]
 364:Core/Src/main.c ****   sConfig.SamplingTime = ADC_SAMPLETIME_247CYCLES_5;
 870              		.loc 1 364 3 is_stmt 1 view .LVU312
 365:Core/Src/main.c ****   sConfig.SingleDiff = ADC_DIFFERENTIAL_ENDED;
 871              		.loc 1 365 3 view .LVU313
 366:Core/Src/main.c ****   sConfig.OffsetNumber = ADC_OFFSET_NONE;
 872              		.loc 1 366 3 view .LVU314
 369:Core/Src/main.c ****   {
 873              		.loc 1 369 7 is_stmt 0 view .LVU315
 874 0282 37A9     		add	r1, sp, #220
 366:Core/Src/main.c ****   sConfig.OffsetNumber = ADC_OFFSET_NONE;
 875              		.loc 1 366 22 view .LVU316
 876 0284 284B     		ldr	r3, .L84+72
 369:Core/Src/main.c ****   {
 877              		.loc 1 369 7 view .LVU317
 878 0286 2648     		ldr	r0, .L84+64
 367:Core/Src/main.c ****   sConfig.Offset = 0;
 879              		.loc 1 367 24 view .LVU318
 880 0288 3B94     		str	r4, [sp, #236]
 366:Core/Src/main.c ****   sConfig.OffsetNumber = ADC_OFFSET_NONE;
 881              		.loc 1 366 22 view .LVU319
 882 028a 3A93     		str	r3, [sp, #232]
 367:Core/Src/main.c ****   sConfig.Offset = 0;
 883              		.loc 1 367 3 is_stmt 1 view .LVU320
 368:Core/Src/main.c ****   if (HAL_ADC_ConfigChannel(&hadc1, &sConfig) != HAL_OK)
 884              		.loc 1 368 3 view .LVU321
 369:Core/Src/main.c ****   {
 885              		.loc 1 369 3 view .LVU322
 369:Core/Src/main.c ****   {
 886              		.loc 1 369 7 is_stmt 0 view .LVU323
 887 028c FFF7FEFF 		bl	HAL_ADC_ConfigChannel
 888              	.LVL35:
 889 0290 0146     		mov	r1, r0
 369:Core/Src/main.c ****   {
 890              		.loc 1 369 6 discriminator 1 view .LVU324
ARM GAS  /tmp/cc3FokBo.s 			page 41


 891 0292 08B1     		cbz	r0, .L23
 371:Core/Src/main.c ****   }
 892              		.loc 1 371 5 is_stmt 1 view .LVU325
 893              	.LBB196:
 894              	.LBI196:
 882:Core/Src/main.c **** {
 895              		.loc 1 882 6 view .LVU326
 886:Core/Src/main.c ****   while (1)
 896              		.loc 1 886 3 view .LVU327
 897              	.LBB197:
 898              	.LBI197:
 207:Drivers/CMSIS/Include/cmsis_gcc.h **** {
 899              		.loc 2 207 27 view .LVU328
 900              	.LBB198:
 901              		.loc 2 209 3 view .LVU329
 902              		.syntax unified
 903              	@ 209 "Drivers/CMSIS/Include/cmsis_gcc.h" 1
 904 0294 72B6     		cpsid i
 905              	@ 0 "" 2
 906              		.thumb
 907              		.syntax unified
 908              	.L24:
 909              	.LBE198:
 910              	.LBE197:
 887:Core/Src/main.c ****   {
 911              		.loc 1 887 3 view .LVU330
 912              		.loc 1 889 3 view .LVU331
 887:Core/Src/main.c ****   {
 913              		.loc 1 887 9 view .LVU332
 887:Core/Src/main.c ****   {
 914              		.loc 1 887 3 view .LVU333
 915              		.loc 1 889 3 view .LVU334
 887:Core/Src/main.c ****   {
 916              		.loc 1 887 9 view .LVU335
 917 0296 FEE7     		b	.L24
 918              	.L23:
 919              	.LBE196:
 920              	.LBE199:
 921              	.LBE201:
 204:Core/Src/main.c ****   MX_LPUART1_UART_Init();
 922              		.loc 1 204 3 view .LVU336
 923              	.LBB202:
 924              	.LBI202:
 435:Core/Src/main.c **** {
 925              		.loc 1 435 13 view .LVU337
 926              	.LBB203:
 442:Core/Src/main.c ****   TIM_OC_InitTypeDef sConfigOC = {0};
 927              		.loc 1 442 3 view .LVU338
 443:Core/Src/main.c ****   TIM_BreakDeadTimeConfigTypeDef sBreakDeadTimeConfig = {0};
 928              		.loc 1 443 22 is_stmt 0 view .LVU339
 929 0298 CDE93000 		strd	r0, r0, [sp, #192]
 930 029c CDE93200 		strd	r0, r0, [sp, #200]
 931 02a0 CDE93400 		strd	r0, r0, [sp, #208]
 442:Core/Src/main.c ****   TIM_OC_InitTypeDef sConfigOC = {0};
 932              		.loc 1 442 27 view .LVU340
 933 02a4 CDE92E00 		strd	r0, r0, [sp, #184]
 443:Core/Src/main.c ****   TIM_BreakDeadTimeConfigTypeDef sBreakDeadTimeConfig = {0};
ARM GAS  /tmp/cc3FokBo.s 			page 42


 934              		.loc 1 443 3 is_stmt 1 view .LVU341
 444:Core/Src/main.c **** 
 935              		.loc 1 444 3 view .LVU342
 442:Core/Src/main.c ****   TIM_OC_InitTypeDef sConfigOC = {0};
 936              		.loc 1 442 27 is_stmt 0 view .LVU343
 937 02a8 2D90     		str	r0, [sp, #180]
 443:Core/Src/main.c ****   TIM_BreakDeadTimeConfigTypeDef sBreakDeadTimeConfig = {0};
 938              		.loc 1 443 22 view .LVU344
 939 02aa 3690     		str	r0, [sp, #216]
 444:Core/Src/main.c **** 
 940              		.loc 1 444 34 view .LVU345
 941 02ac 3422     		movs	r2, #52
 942 02ae 0190     		str	r0, [sp, #4]
 943 02b0 37A8     		add	r0, sp, #220
 944 02b2 FFF7FEFF 		bl	memset
 945              	.LVL36:
 449:Core/Src/main.c ****   htim8.Init.Prescaler = 0;
 946              		.loc 1 449 3 is_stmt 1 view .LVU346
 449:Core/Src/main.c ****   htim8.Init.Prescaler = 0;
 947              		.loc 1 449 18 is_stmt 0 view .LVU347
 948 02b6 1D4B     		ldr	r3, .L84+76
 949 02b8 1D4A     		ldr	r2, .L84+80
 450:Core/Src/main.c ****   htim8.Init.CounterMode = TIM_COUNTERMODE_CENTERALIGNED3;
 950              		.loc 1 450 24 view .LVU348
 951 02ba 0199     		ldr	r1, [sp, #4]
 449:Core/Src/main.c ****   htim8.Init.Prescaler = 0;
 952              		.loc 1 449 18 view .LVU349
 953 02bc 1A60     		str	r2, [r3]
 450:Core/Src/main.c ****   htim8.Init.CounterMode = TIM_COUNTERMODE_CENTERALIGNED3;
 954              		.loc 1 450 3 is_stmt 1 view .LVU350
 451:Core/Src/main.c ****   htim8.Init.Period = 4249;
 955              		.loc 1 451 3 view .LVU351
 452:Core/Src/main.c ****   htim8.Init.ClockDivision = TIM_CLOCKDIVISION_DIV1;
 956              		.loc 1 452 21 is_stmt 0 view .LVU352
 957 02be 6020     		movs	r0, #96
 958 02c0 41F29902 		movw	r2, #4249
 959 02c4 C3E90202 		strd	r0, r2, [r3, #8]
 453:Core/Src/main.c ****   htim8.Init.RepetitionCounter = 0;
 960              		.loc 1 453 3 is_stmt 1 view .LVU353
 454:Core/Src/main.c ****   htim8.Init.AutoReloadPreload = TIM_AUTORELOAD_PRELOAD_ENABLE;
 961              		.loc 1 454 3 view .LVU354
 455:Core/Src/main.c ****   if (HAL_TIM_PWM_Init(&htim8) != HAL_OK)
 962              		.loc 1 455 3 view .LVU355
 455:Core/Src/main.c ****   if (HAL_TIM_PWM_Init(&htim8) != HAL_OK)
 963              		.loc 1 455 32 is_stmt 0 view .LVU356
 964 02c8 8022     		movs	r2, #128
 456:Core/Src/main.c ****   {
 965              		.loc 1 456 7 view .LVU357
 966 02ca 1846     		mov	r0, r3
 454:Core/Src/main.c ****   htim8.Init.AutoReloadPreload = TIM_AUTORELOAD_PRELOAD_ENABLE;
 967              		.loc 1 454 32 view .LVU358
 968 02cc C3E90411 		strd	r1, r1, [r3, #16]
 450:Core/Src/main.c ****   htim8.Init.CounterMode = TIM_COUNTERMODE_CENTERALIGNED3;
 969              		.loc 1 450 24 view .LVU359
 970 02d0 5960     		str	r1, [r3, #4]
 455:Core/Src/main.c ****   if (HAL_TIM_PWM_Init(&htim8) != HAL_OK)
 971              		.loc 1 455 32 view .LVU360
ARM GAS  /tmp/cc3FokBo.s 			page 43


 972 02d2 9A61     		str	r2, [r3, #24]
 456:Core/Src/main.c ****   {
 973              		.loc 1 456 3 is_stmt 1 view .LVU361
 456:Core/Src/main.c ****   {
 974              		.loc 1 456 7 is_stmt 0 view .LVU362
 975 02d4 FFF7FEFF 		bl	HAL_TIM_PWM_Init
 976              	.LVL37:
 456:Core/Src/main.c ****   {
 977              		.loc 1 456 6 discriminator 1 view .LVU363
 978 02d8 70B3     		cbz	r0, .L25
 458:Core/Src/main.c ****   }
 979              		.loc 1 458 5 is_stmt 1 view .LVU364
 980              	.LBB204:
 981              	.LBI204:
 882:Core/Src/main.c **** {
 982              		.loc 1 882 6 view .LVU365
 886:Core/Src/main.c ****   while (1)
 983              		.loc 1 886 3 view .LVU366
 984              	.LBB205:
 985              	.LBI205:
 207:Drivers/CMSIS/Include/cmsis_gcc.h **** {
 986              		.loc 2 207 27 view .LVU367
 987              	.LBB206:
 988              		.loc 2 209 3 view .LVU368
 989              		.syntax unified
 990              	@ 209 "Drivers/CMSIS/Include/cmsis_gcc.h" 1
 991 02da 72B6     		cpsid i
 992              	@ 0 "" 2
 993              		.thumb
 994              		.syntax unified
 995              	.L26:
 996              	.LBE206:
 997              	.LBE205:
 887:Core/Src/main.c ****   {
 998              		.loc 1 887 3 view .LVU369
 999              		.loc 1 889 3 view .LVU370
 887:Core/Src/main.c ****   {
 1000              		.loc 1 887 9 view .LVU371
 887:Core/Src/main.c ****   {
 1001              		.loc 1 887 3 view .LVU372
 1002              		.loc 1 889 3 view .LVU373
 887:Core/Src/main.c ****   {
 1003              		.loc 1 887 9 view .LVU374
 1004 02dc FEE7     		b	.L26
 1005              	.L85:
 1006 02de 00BF     		.align	2
 1007              	.L84:
 1008 02e0 00409C46 		.word	1184645120
 1009 02e4 00004842 		.word	1112014848
 1010 02e8 00000000 		.word	hca
 1011 02ec EC51803F 		.word	1065374188
 1012 02f0 CDCCCCBE 		.word	-1093874483
 1013 02f4 A913503D 		.word	1028658089
 1014 02f8 CDCC4CBF 		.word	-1085485875
 1015 02fc 0AD7A33C 		.word	1017370378
 1016 0300 EC514040 		.word	1077957100
 1017 0304 8FC2F5BC 		.word	-1124744561
ARM GAS  /tmp/cc3FokBo.s 			page 44


 1018 0308 1D38573F 		.word	1062680605
 1019 030c B98D863D 		.word	1032228281
 1020 0310 F6284040 		.word	1077946614
 1021 0314 6F12833A 		.word	981668463
 1022 0318 0AD7233C 		.word	1008981770
 1023 031c 00100240 		.word	1073876992
 1024 0320 00000000 		.word	hadc1
 1025 0324 02003004 		.word	70254594
 1026 0328 00007F40 		.word	1082064896
 1027 032c 00000000 		.word	htim8
 1028 0330 00340140 		.word	1073820672
 1029 0334 CDCC4C3D 		.word	1028443341
 1030              	.L25:
 1031              	.LBE204:
 460:Core/Src/main.c ****   sMasterConfig.MasterOutputTrigger2 = TIM_TRGO2_RESET;
 1032              		.loc 1 460 3 view .LVU375
 460:Core/Src/main.c ****   sMasterConfig.MasterOutputTrigger2 = TIM_TRGO2_RESET;
 1033              		.loc 1 460 37 is_stmt 0 view .LVU376
 1034 0338 2022     		movs	r2, #32
 462:Core/Src/main.c ****   if (HAL_TIMEx_MasterConfigSynchronization(&htim8, &sMasterConfig) != HAL_OK)
 1035              		.loc 1 462 33 view .LVU377
 1036 033a CDE92E00 		strd	r0, r0, [sp, #184]
 463:Core/Src/main.c ****   {
 1037              		.loc 1 463 7 view .LVU378
 1038 033e 2DA9     		add	r1, sp, #180
 1039 0340 8C48     		ldr	r0, .L86
 460:Core/Src/main.c ****   sMasterConfig.MasterOutputTrigger2 = TIM_TRGO2_RESET;
 1040              		.loc 1 460 37 view .LVU379
 1041 0342 2D92     		str	r2, [sp, #180]
 461:Core/Src/main.c ****   sMasterConfig.MasterSlaveMode = TIM_MASTERSLAVEMODE_DISABLE;
 1042              		.loc 1 461 3 is_stmt 1 view .LVU380
 463:Core/Src/main.c ****   {
 1043              		.loc 1 463 3 view .LVU381
 463:Core/Src/main.c ****   {
 1044              		.loc 1 463 7 is_stmt 0 view .LVU382
 1045 0344 FFF7FEFF 		bl	HAL_TIMEx_MasterConfigSynchronization
 1046              	.LVL38:
 1047 0348 0246     		mov	r2, r0
 463:Core/Src/main.c ****   {
 1048              		.loc 1 463 6 discriminator 1 view .LVU383
 1049 034a 08B1     		cbz	r0, .L27
 465:Core/Src/main.c ****   }
 1050              		.loc 1 465 5 is_stmt 1 view .LVU384
 1051              	.LBB207:
 1052              	.LBI207:
 882:Core/Src/main.c **** {
 1053              		.loc 1 882 6 view .LVU385
 886:Core/Src/main.c ****   while (1)
 1054              		.loc 1 886 3 view .LVU386
 1055              	.LBB208:
 1056              	.LBI208:
 207:Drivers/CMSIS/Include/cmsis_gcc.h **** {
 1057              		.loc 2 207 27 view .LVU387
 1058              	.LBB209:
 1059              		.loc 2 209 3 view .LVU388
 1060              		.syntax unified
 1061              	@ 209 "Drivers/CMSIS/Include/cmsis_gcc.h" 1
ARM GAS  /tmp/cc3FokBo.s 			page 45


 1062 034c 72B6     		cpsid i
 1063              	@ 0 "" 2
 1064              		.thumb
 1065              		.syntax unified
 1066              	.L28:
 1067              	.LBE209:
 1068              	.LBE208:
 887:Core/Src/main.c ****   {
 1069              		.loc 1 887 3 view .LVU389
 1070              		.loc 1 889 3 view .LVU390
 887:Core/Src/main.c ****   {
 1071              		.loc 1 887 9 view .LVU391
 887:Core/Src/main.c ****   {
 1072              		.loc 1 887 3 view .LVU392
 1073              		.loc 1 889 3 view .LVU393
 887:Core/Src/main.c ****   {
 1074              		.loc 1 887 9 view .LVU394
 1075 034e FEE7     		b	.L28
 1076              	.L27:
 1077              	.LBE207:
 467:Core/Src/main.c ****   sConfigOC.Pulse = 0;
 1078              		.loc 1 467 3 view .LVU395
 467:Core/Src/main.c ****   sConfigOC.Pulse = 0;
 1079              		.loc 1 467 20 is_stmt 0 view .LVU396
 1080 0350 6021     		movs	r1, #96
 468:Core/Src/main.c ****   sConfigOC.OCPolarity = TIM_OCPOLARITY_HIGH;
 1081              		.loc 1 468 19 view .LVU397
 1082 0352 CDE93010 		strd	r1, r0, [sp, #192]
 469:Core/Src/main.c ****   sConfigOC.OCNPolarity = TIM_OCNPOLARITY_HIGH;
 1083              		.loc 1 469 3 is_stmt 1 view .LVU398
 470:Core/Src/main.c ****   sConfigOC.OCFastMode = TIM_OCFAST_DISABLE;
 1084              		.loc 1 470 25 is_stmt 0 view .LVU399
 1085 0356 CDE93200 		strd	r0, r0, [sp, #200]
 471:Core/Src/main.c ****   sConfigOC.OCIdleState = TIM_OCIDLESTATE_RESET;
 1086              		.loc 1 471 3 is_stmt 1 view .LVU400
 472:Core/Src/main.c ****   sConfigOC.OCNIdleState = TIM_OCNIDLESTATE_RESET;
 1087              		.loc 1 472 25 is_stmt 0 view .LVU401
 1088 035a CDE93400 		strd	r0, r0, [sp, #208]
 473:Core/Src/main.c ****   if (HAL_TIM_PWM_ConfigChannel(&htim8, &sConfigOC, TIM_CHANNEL_1) != HAL_OK)
 1089              		.loc 1 473 3 is_stmt 1 view .LVU402
 473:Core/Src/main.c ****   if (HAL_TIM_PWM_ConfigChannel(&htim8, &sConfigOC, TIM_CHANNEL_1) != HAL_OK)
 1090              		.loc 1 473 26 is_stmt 0 view .LVU403
 1091 035e 3690     		str	r0, [sp, #216]
 474:Core/Src/main.c ****   {
 1092              		.loc 1 474 3 is_stmt 1 view .LVU404
 474:Core/Src/main.c ****   {
 1093              		.loc 1 474 7 is_stmt 0 view .LVU405
 1094 0360 30A9     		add	r1, sp, #192
 1095 0362 8448     		ldr	r0, .L86
 1096 0364 FFF7FEFF 		bl	HAL_TIM_PWM_ConfigChannel
 1097              	.LVL39:
 474:Core/Src/main.c ****   {
 1098              		.loc 1 474 6 discriminator 1 view .LVU406
 1099 0368 08B1     		cbz	r0, .L29
 476:Core/Src/main.c ****   }
 1100              		.loc 1 476 5 is_stmt 1 view .LVU407
 1101              	.LBB210:
ARM GAS  /tmp/cc3FokBo.s 			page 46


 1102              	.LBI210:
 882:Core/Src/main.c **** {
 1103              		.loc 1 882 6 view .LVU408
 886:Core/Src/main.c ****   while (1)
 1104              		.loc 1 886 3 view .LVU409
 1105              	.LBB211:
 1106              	.LBI211:
 207:Drivers/CMSIS/Include/cmsis_gcc.h **** {
 1107              		.loc 2 207 27 view .LVU410
 1108              	.LBB212:
 1109              		.loc 2 209 3 view .LVU411
 1110              		.syntax unified
 1111              	@ 209 "Drivers/CMSIS/Include/cmsis_gcc.h" 1
 1112 036a 72B6     		cpsid i
 1113              	@ 0 "" 2
 1114              		.thumb
 1115              		.syntax unified
 1116              	.L30:
 1117              	.LBE212:
 1118              	.LBE211:
 887:Core/Src/main.c ****   {
 1119              		.loc 1 887 3 view .LVU412
 1120              		.loc 1 889 3 view .LVU413
 887:Core/Src/main.c ****   {
 1121              		.loc 1 887 9 view .LVU414
 887:Core/Src/main.c ****   {
 1122              		.loc 1 887 3 view .LVU415
 1123              		.loc 1 889 3 view .LVU416
 887:Core/Src/main.c ****   {
 1124              		.loc 1 887 9 view .LVU417
 1125 036c FEE7     		b	.L30
 1126              	.L29:
 1127              	.LBE210:
 478:Core/Src/main.c ****   {
 1128              		.loc 1 478 3 view .LVU418
 478:Core/Src/main.c ****   {
 1129              		.loc 1 478 7 is_stmt 0 view .LVU419
 1130 036e 2246     		mov	r2, r4
 1131 0370 8048     		ldr	r0, .L86
 1132 0372 30A9     		add	r1, sp, #192
 1133 0374 FFF7FEFF 		bl	HAL_TIM_PWM_ConfigChannel
 1134              	.LVL40:
 1135 0378 0246     		mov	r2, r0
 478:Core/Src/main.c ****   {
 1136              		.loc 1 478 6 discriminator 1 view .LVU420
 1137 037a 08B1     		cbz	r0, .L31
 480:Core/Src/main.c ****   }
 1138              		.loc 1 480 5 is_stmt 1 view .LVU421
 1139              	.LBB213:
 1140              	.LBI213:
 882:Core/Src/main.c **** {
 1141              		.loc 1 882 6 view .LVU422
 886:Core/Src/main.c ****   while (1)
 1142              		.loc 1 886 3 view .LVU423
 1143              	.LBB214:
 1144              	.LBI214:
 207:Drivers/CMSIS/Include/cmsis_gcc.h **** {
ARM GAS  /tmp/cc3FokBo.s 			page 47


 1145              		.loc 2 207 27 view .LVU424
 1146              	.LBB215:
 1147              		.loc 2 209 3 view .LVU425
 1148              		.syntax unified
 1149              	@ 209 "Drivers/CMSIS/Include/cmsis_gcc.h" 1
 1150 037c 72B6     		cpsid i
 1151              	@ 0 "" 2
 1152              		.thumb
 1153              		.syntax unified
 1154              	.L32:
 1155              	.LBE215:
 1156              	.LBE214:
 887:Core/Src/main.c ****   {
 1157              		.loc 1 887 3 view .LVU426
 1158              		.loc 1 889 3 view .LVU427
 887:Core/Src/main.c ****   {
 1159              		.loc 1 887 9 view .LVU428
 887:Core/Src/main.c ****   {
 1160              		.loc 1 887 3 view .LVU429
 1161              		.loc 1 889 3 view .LVU430
 887:Core/Src/main.c ****   {
 1162              		.loc 1 887 9 view .LVU431
 1163 037e FEE7     		b	.L32
 1164              	.L31:
 1165              	.LBE213:
 482:Core/Src/main.c ****   sBreakDeadTimeConfig.OffStateIDLEMode = TIM_OSSI_ENABLE;
 1166              		.loc 1 482 3 view .LVU432
 482:Core/Src/main.c ****   sBreakDeadTimeConfig.OffStateIDLEMode = TIM_OSSI_ENABLE;
 1167              		.loc 1 482 40 is_stmt 0 view .LVU433
 1168 0380 4FF40060 		mov	r0, #2048
 1169 0384 3790     		str	r0, [sp, #220]
 483:Core/Src/main.c ****   sBreakDeadTimeConfig.LockLevel = TIM_LOCKLEVEL_OFF;
 1170              		.loc 1 483 3 is_stmt 1 view .LVU434
 485:Core/Src/main.c ****   sBreakDeadTimeConfig.BreakState = TIM_BREAK_DISABLE;
 1171              		.loc 1 485 33 is_stmt 0 view .LVU435
 1172 0386 4420     		movs	r0, #68
 1173 0388 3A90     		str	r0, [sp, #232]
 491:Core/Src/main.c ****   sBreakDeadTimeConfig.Break2Filter = 0;
 1174              		.loc 1 491 39 view .LVU436
 1175 038a 4FF00070 		mov	r0, #33554432
 1176 038e CDE93F20 		strd	r2, r0, [sp, #252]
 495:Core/Src/main.c ****   {
 1177              		.loc 1 495 7 view .LVU437
 1178 0392 37A9     		add	r1, sp, #220
 1179 0394 7748     		ldr	r0, .L86
 494:Core/Src/main.c ****   if (HAL_TIMEx_ConfigBreakDeadTime(&htim8, &sBreakDeadTimeConfig) != HAL_OK)
 1180              		.loc 1 494 40 view .LVU438
 1181 0396 4392     		str	r2, [sp, #268]
 487:Core/Src/main.c ****   sBreakDeadTimeConfig.BreakFilter = 0;
 1182              		.loc 1 487 38 view .LVU439
 1183 0398 4FF40054 		mov	r4, #8192
 484:Core/Src/main.c ****   sBreakDeadTimeConfig.DeadTime = 68;
 1184              		.loc 1 484 34 view .LVU440
 1185 039c CDE93852 		strd	r5, r2, [sp, #224]
 485:Core/Src/main.c ****   sBreakDeadTimeConfig.BreakState = TIM_BREAK_DISABLE;
 1186              		.loc 1 485 3 is_stmt 1 view .LVU441
 486:Core/Src/main.c ****   sBreakDeadTimeConfig.BreakPolarity = TIM_BREAKPOLARITY_HIGH;
ARM GAS  /tmp/cc3FokBo.s 			page 48


 1187              		.loc 1 486 3 view .LVU442
 487:Core/Src/main.c ****   sBreakDeadTimeConfig.BreakFilter = 0;
 1188              		.loc 1 487 38 is_stmt 0 view .LVU443
 1189 03a0 CDE93B24 		strd	r2, r4, [sp, #236]
 488:Core/Src/main.c ****   sBreakDeadTimeConfig.BreakAFMode = TIM_BREAK_AFMODE_INPUT;
 1190              		.loc 1 488 3 is_stmt 1 view .LVU444
 489:Core/Src/main.c ****   sBreakDeadTimeConfig.Break2State = TIM_BREAK2_DISABLE;
 1191              		.loc 1 489 36 is_stmt 0 view .LVU445
 1192 03a4 CDE93D22 		strd	r2, r2, [sp, #244]
 490:Core/Src/main.c ****   sBreakDeadTimeConfig.Break2Polarity = TIM_BREAK2POLARITY_HIGH;
 1193              		.loc 1 490 3 is_stmt 1 view .LVU446
 492:Core/Src/main.c ****   sBreakDeadTimeConfig.Break2AFMode = TIM_BREAK_AFMODE_INPUT;
 1194              		.loc 1 492 3 view .LVU447
 493:Core/Src/main.c ****   sBreakDeadTimeConfig.AutomaticOutput = TIM_AUTOMATICOUTPUT_DISABLE;
 1195              		.loc 1 493 37 is_stmt 0 view .LVU448
 1196 03a8 CDE94122 		strd	r2, r2, [sp, #260]
 494:Core/Src/main.c ****   if (HAL_TIMEx_ConfigBreakDeadTime(&htim8, &sBreakDeadTimeConfig) != HAL_OK)
 1197              		.loc 1 494 3 is_stmt 1 view .LVU449
 495:Core/Src/main.c ****   {
 1198              		.loc 1 495 3 view .LVU450
 495:Core/Src/main.c ****   {
 1199              		.loc 1 495 7 is_stmt 0 view .LVU451
 1200 03ac FFF7FEFF 		bl	HAL_TIMEx_ConfigBreakDeadTime
 1201              	.LVL41:
 1202 03b0 0546     		mov	r5, r0
 495:Core/Src/main.c ****   {
 1203              		.loc 1 495 6 discriminator 1 view .LVU452
 1204 03b2 08B1     		cbz	r0, .L33
 497:Core/Src/main.c ****   }
 1205              		.loc 1 497 5 is_stmt 1 view .LVU453
 1206              	.LBB216:
 1207              	.LBI216:
 882:Core/Src/main.c **** {
 1208              		.loc 1 882 6 view .LVU454
 886:Core/Src/main.c ****   while (1)
 1209              		.loc 1 886 3 view .LVU455
 1210              	.LBB217:
 1211              	.LBI217:
 207:Drivers/CMSIS/Include/cmsis_gcc.h **** {
 1212              		.loc 2 207 27 view .LVU456
 1213              	.LBB218:
 1214              		.loc 2 209 3 view .LVU457
 1215              		.syntax unified
 1216              	@ 209 "Drivers/CMSIS/Include/cmsis_gcc.h" 1
 1217 03b4 72B6     		cpsid i
 1218              	@ 0 "" 2
 1219              		.thumb
 1220              		.syntax unified
 1221              	.L34:
 1222              	.LBE218:
 1223              	.LBE217:
 887:Core/Src/main.c ****   {
 1224              		.loc 1 887 3 view .LVU458
 1225              		.loc 1 889 3 view .LVU459
 887:Core/Src/main.c ****   {
 1226              		.loc 1 887 9 view .LVU460
 887:Core/Src/main.c ****   {
ARM GAS  /tmp/cc3FokBo.s 			page 49


 1227              		.loc 1 887 3 view .LVU461
 1228              		.loc 1 889 3 view .LVU462
 887:Core/Src/main.c ****   {
 1229              		.loc 1 887 9 view .LVU463
 1230 03b6 FEE7     		b	.L34
 1231              	.L33:
 1232              	.LBE216:
 502:Core/Src/main.c **** 
 1233              		.loc 1 502 3 view .LVU464
 1234              	.LBE203:
 1235              	.LBE202:
 1236              	.LBB220:
 1237              	.LBB221:
 394:Core/Src/main.c ****   hlpuart1.Init.BaudRate = 2097000;
 1238              		.loc 1 394 21 is_stmt 0 view .LVU465
 1239 03b8 6F4C     		ldr	r4, .L86+4
 1240              	.LBE221:
 1241              	.LBE220:
 1242              	.LBB238:
 1243              	.LBB219:
 502:Core/Src/main.c **** 
 1244              		.loc 1 502 3 view .LVU466
 1245 03ba 6E48     		ldr	r0, .L86
 1246 03bc FFF7FEFF 		bl	HAL_TIM_MspPostInit
 1247              	.LVL42:
 1248              	.LBE219:
 1249              	.LBE238:
 205:Core/Src/main.c ****   /* USER CODE BEGIN 2 */
 1250              		.loc 1 205 3 is_stmt 1 view .LVU467
 1251              	.LBB239:
 1252              	.LBI220:
 384:Core/Src/main.c **** {
 1253              		.loc 1 384 13 view .LVU468
 1254              	.LBB237:
 394:Core/Src/main.c ****   hlpuart1.Init.BaudRate = 2097000;
 1255              		.loc 1 394 3 view .LVU469
 394:Core/Src/main.c ****   hlpuart1.Init.BaudRate = 2097000;
 1256              		.loc 1 394 21 is_stmt 0 view .LVU470
 1257 03c0 6E49     		ldr	r1, .L86+8
 395:Core/Src/main.c ****   hlpuart1.Init.WordLength = UART_WORDLENGTH_8B;
 1258              		.loc 1 395 26 view .LVU471
 1259 03c2 6F4A     		ldr	r2, .L86+12
 400:Core/Src/main.c ****   hlpuart1.Init.OneBitSampling = UART_ONE_BIT_SAMPLE_DISABLE;
 1260              		.loc 1 400 27 view .LVU472
 1261 03c4 A561     		str	r5, [r4, #24]
 399:Core/Src/main.c ****   hlpuart1.Init.HwFlowCtl = UART_HWCONTROL_NONE;
 1262              		.loc 1 399 22 view .LVU473
 1263 03c6 0C23     		movs	r3, #12
 404:Core/Src/main.c ****   {
 1264              		.loc 1 404 7 view .LVU474
 1265 03c8 2046     		mov	r0, r4
 395:Core/Src/main.c ****   hlpuart1.Init.WordLength = UART_WORDLENGTH_8B;
 1266              		.loc 1 395 26 view .LVU475
 1267 03ca C4E90012 		strd	r1, r2, [r4]
 396:Core/Src/main.c ****   hlpuart1.Init.StopBits = UART_STOPBITS_1;
 1268              		.loc 1 396 3 is_stmt 1 view .LVU476
 397:Core/Src/main.c ****   hlpuart1.Init.Parity = UART_PARITY_NONE;
ARM GAS  /tmp/cc3FokBo.s 			page 50


 1269              		.loc 1 397 26 is_stmt 0 view .LVU477
 1270 03ce C4E90255 		strd	r5, r5, [r4, #8]
 398:Core/Src/main.c ****   hlpuart1.Init.Mode = UART_MODE_TX_RX;
 1271              		.loc 1 398 3 is_stmt 1 view .LVU478
 399:Core/Src/main.c ****   hlpuart1.Init.HwFlowCtl = UART_HWCONTROL_NONE;
 1272              		.loc 1 399 22 is_stmt 0 view .LVU479
 1273 03d2 C4E90453 		strd	r5, r3, [r4, #16]
 400:Core/Src/main.c ****   hlpuart1.Init.OneBitSampling = UART_ONE_BIT_SAMPLE_DISABLE;
 1274              		.loc 1 400 3 is_stmt 1 view .LVU480
 401:Core/Src/main.c ****   hlpuart1.Init.ClockPrescaler = UART_PRESCALER_DIV1;
 1275              		.loc 1 401 3 view .LVU481
 402:Core/Src/main.c ****   hlpuart1.AdvancedInit.AdvFeatureInit = UART_ADVFEATURE_NO_INIT;
 1276              		.loc 1 402 32 is_stmt 0 view .LVU482
 1277 03d6 C4E90855 		strd	r5, r5, [r4, #32]
 403:Core/Src/main.c ****   if (HAL_UART_Init(&hlpuart1) != HAL_OK)
 1278              		.loc 1 403 3 is_stmt 1 view .LVU483
 403:Core/Src/main.c ****   if (HAL_UART_Init(&hlpuart1) != HAL_OK)
 1279              		.loc 1 403 40 is_stmt 0 view .LVU484
 1280 03da A562     		str	r5, [r4, #40]
 404:Core/Src/main.c ****   {
 1281              		.loc 1 404 3 is_stmt 1 view .LVU485
 404:Core/Src/main.c ****   {
 1282              		.loc 1 404 7 is_stmt 0 view .LVU486
 1283 03dc FFF7FEFF 		bl	HAL_UART_Init
 1284              	.LVL43:
 1285 03e0 0146     		mov	r1, r0
 404:Core/Src/main.c ****   {
 1286              		.loc 1 404 6 discriminator 1 view .LVU487
 1287 03e2 08B1     		cbz	r0, .L35
 406:Core/Src/main.c ****   }
 1288              		.loc 1 406 5 is_stmt 1 view .LVU488
 1289              	.LBB222:
 1290              	.LBI222:
 882:Core/Src/main.c **** {
 1291              		.loc 1 882 6 view .LVU489
 886:Core/Src/main.c ****   while (1)
 1292              		.loc 1 886 3 view .LVU490
 1293              	.LBB223:
 1294              	.LBI223:
 207:Drivers/CMSIS/Include/cmsis_gcc.h **** {
 1295              		.loc 2 207 27 view .LVU491
 1296              	.LBB224:
 1297              		.loc 2 209 3 view .LVU492
 1298              		.syntax unified
 1299              	@ 209 "Drivers/CMSIS/Include/cmsis_gcc.h" 1
 1300 03e4 72B6     		cpsid i
 1301              	@ 0 "" 2
 1302              		.thumb
 1303              		.syntax unified
 1304              	.L36:
 1305              	.LBE224:
 1306              	.LBE223:
 887:Core/Src/main.c ****   {
 1307              		.loc 1 887 3 view .LVU493
 1308              		.loc 1 889 3 view .LVU494
 887:Core/Src/main.c ****   {
 1309              		.loc 1 887 9 view .LVU495
ARM GAS  /tmp/cc3FokBo.s 			page 51


 887:Core/Src/main.c ****   {
 1310              		.loc 1 887 3 view .LVU496
 1311              		.loc 1 889 3 view .LVU497
 887:Core/Src/main.c ****   {
 1312              		.loc 1 887 9 view .LVU498
 1313 03e6 FEE7     		b	.L36
 1314              	.L35:
 1315              	.LBE222:
 408:Core/Src/main.c ****   {
 1316              		.loc 1 408 3 view .LVU499
 408:Core/Src/main.c ****   {
 1317              		.loc 1 408 7 is_stmt 0 view .LVU500
 1318 03e8 2046     		mov	r0, r4
 1319 03ea FFF7FEFF 		bl	HAL_UARTEx_SetTxFifoThreshold
 1320              	.LVL44:
 408:Core/Src/main.c ****   {
 1321              		.loc 1 408 6 discriminator 1 view .LVU501
 1322 03ee 08B1     		cbz	r0, .L37
 410:Core/Src/main.c ****   }
 1323              		.loc 1 410 5 is_stmt 1 view .LVU502
 1324              	.LBB225:
 1325              	.LBI225:
 882:Core/Src/main.c **** {
 1326              		.loc 1 882 6 view .LVU503
 886:Core/Src/main.c ****   while (1)
 1327              		.loc 1 886 3 view .LVU504
 1328              	.LBB226:
 1329              	.LBI226:
 207:Drivers/CMSIS/Include/cmsis_gcc.h **** {
 1330              		.loc 2 207 27 view .LVU505
 1331              	.LBB227:
 1332              		.loc 2 209 3 view .LVU506
 1333              		.syntax unified
 1334              	@ 209 "Drivers/CMSIS/Include/cmsis_gcc.h" 1
 1335 03f0 72B6     		cpsid i
 1336              	@ 0 "" 2
 1337              		.thumb
 1338              		.syntax unified
 1339              	.L38:
 1340              	.LBE227:
 1341              	.LBE226:
 887:Core/Src/main.c ****   {
 1342              		.loc 1 887 3 view .LVU507
 1343              		.loc 1 889 3 view .LVU508
 887:Core/Src/main.c ****   {
 1344              		.loc 1 887 9 view .LVU509
 887:Core/Src/main.c ****   {
 1345              		.loc 1 887 3 view .LVU510
 1346              		.loc 1 889 3 view .LVU511
 887:Core/Src/main.c ****   {
 1347              		.loc 1 887 9 view .LVU512
 1348 03f2 FEE7     		b	.L38
 1349              	.L37:
 1350              	.LBE225:
 412:Core/Src/main.c ****   {
 1351              		.loc 1 412 3 view .LVU513
 412:Core/Src/main.c ****   {
ARM GAS  /tmp/cc3FokBo.s 			page 52


 1352              		.loc 1 412 7 is_stmt 0 view .LVU514
 1353 03f4 6048     		ldr	r0, .L86+4
 1354 03f6 0021     		movs	r1, #0
 1355 03f8 FFF7FEFF 		bl	HAL_UARTEx_SetRxFifoThreshold
 1356              	.LVL45:
 412:Core/Src/main.c ****   {
 1357              		.loc 1 412 6 discriminator 1 view .LVU515
 1358 03fc 08B1     		cbz	r0, .L39
 414:Core/Src/main.c ****   }
 1359              		.loc 1 414 5 is_stmt 1 view .LVU516
 1360              	.LBB228:
 1361              	.LBI228:
 882:Core/Src/main.c **** {
 1362              		.loc 1 882 6 view .LVU517
 886:Core/Src/main.c ****   while (1)
 1363              		.loc 1 886 3 view .LVU518
 1364              	.LBB229:
 1365              	.LBI229:
 207:Drivers/CMSIS/Include/cmsis_gcc.h **** {
 1366              		.loc 2 207 27 view .LVU519
 1367              	.LBB230:
 1368              		.loc 2 209 3 view .LVU520
 1369              		.syntax unified
 1370              	@ 209 "Drivers/CMSIS/Include/cmsis_gcc.h" 1
 1371 03fe 72B6     		cpsid i
 1372              	@ 0 "" 2
 1373              		.thumb
 1374              		.syntax unified
 1375              	.L40:
 1376              	.LBE230:
 1377              	.LBE229:
 887:Core/Src/main.c ****   {
 1378              		.loc 1 887 3 view .LVU521
 1379              		.loc 1 889 3 view .LVU522
 887:Core/Src/main.c ****   {
 1380              		.loc 1 887 9 view .LVU523
 887:Core/Src/main.c ****   {
 1381              		.loc 1 887 3 view .LVU524
 1382              		.loc 1 889 3 view .LVU525
 887:Core/Src/main.c ****   {
 1383              		.loc 1 887 9 view .LVU526
 1384 0400 FEE7     		b	.L40
 1385              	.L39:
 1386              	.LBE228:
 416:Core/Src/main.c ****   {
 1387              		.loc 1 416 3 view .LVU527
 416:Core/Src/main.c ****   {
 1388              		.loc 1 416 7 is_stmt 0 view .LVU528
 1389 0402 5D48     		ldr	r0, .L86+4
 1390 0404 FFF7FEFF 		bl	HAL_UARTEx_DisableFifoMode
 1391              	.LVL46:
 416:Core/Src/main.c ****   {
 1392              		.loc 1 416 6 discriminator 1 view .LVU529
 1393 0408 08B1     		cbz	r0, .L41
 418:Core/Src/main.c ****   }
 1394              		.loc 1 418 5 is_stmt 1 view .LVU530
 1395              	.LBB231:
ARM GAS  /tmp/cc3FokBo.s 			page 53


 1396              	.LBI231:
 882:Core/Src/main.c **** {
 1397              		.loc 1 882 6 view .LVU531
 886:Core/Src/main.c ****   while (1)
 1398              		.loc 1 886 3 view .LVU532
 1399              	.LBB232:
 1400              	.LBI232:
 207:Drivers/CMSIS/Include/cmsis_gcc.h **** {
 1401              		.loc 2 207 27 view .LVU533
 1402              	.LBB233:
 1403              		.loc 2 209 3 view .LVU534
 1404              		.syntax unified
 1405              	@ 209 "Drivers/CMSIS/Include/cmsis_gcc.h" 1
 1406 040a 72B6     		cpsid i
 1407              	@ 0 "" 2
 1408              		.thumb
 1409              		.syntax unified
 1410              	.L42:
 1411              	.LBE233:
 1412              	.LBE232:
 887:Core/Src/main.c ****   {
 1413              		.loc 1 887 3 view .LVU535
 1414              		.loc 1 889 3 view .LVU536
 887:Core/Src/main.c ****   {
 1415              		.loc 1 887 9 view .LVU537
 887:Core/Src/main.c ****   {
 1416              		.loc 1 887 3 view .LVU538
 1417              		.loc 1 889 3 view .LVU539
 887:Core/Src/main.c ****   {
 1418              		.loc 1 887 9 view .LVU540
 1419 040c FEE7     		b	.L42
 1420              	.L41:
 1421              	.LBE231:
 422:Core/Src/main.c ****   {
 1422              		.loc 1 422 3 view .LVU541
 422:Core/Src/main.c ****   {
 1423              		.loc 1 422 7 is_stmt 0 view .LVU542
 1424 040e 5D49     		ldr	r1, .L86+16
 1425 0410 5948     		ldr	r0, .L86+4
 1426 0412 4022     		movs	r2, #64
 1427 0414 FFF7FEFF 		bl	HAL_UART_Receive_DMA
 1428              	.LVL47:
 1429 0418 0546     		mov	r5, r0
 422:Core/Src/main.c ****   {
 1430              		.loc 1 422 6 discriminator 1 view .LVU543
 1431 041a 08B1     		cbz	r0, .L43
 424:Core/Src/main.c ****   }
 1432              		.loc 1 424 5 is_stmt 1 view .LVU544
 1433              	.LBB234:
 1434              	.LBI234:
 882:Core/Src/main.c **** {
 1435              		.loc 1 882 6 view .LVU545
 886:Core/Src/main.c ****   while (1)
 1436              		.loc 1 886 3 view .LVU546
 1437              	.LBB235:
 1438              	.LBI235:
 207:Drivers/CMSIS/Include/cmsis_gcc.h **** {
ARM GAS  /tmp/cc3FokBo.s 			page 54


 1439              		.loc 2 207 27 view .LVU547
 1440              	.LBB236:
 1441              		.loc 2 209 3 view .LVU548
 1442              		.syntax unified
 1443              	@ 209 "Drivers/CMSIS/Include/cmsis_gcc.h" 1
 1444 041c 72B6     		cpsid i
 1445              	@ 0 "" 2
 1446              		.thumb
 1447              		.syntax unified
 1448              	.L44:
 1449              	.LBE236:
 1450              	.LBE235:
 887:Core/Src/main.c ****   {
 1451              		.loc 1 887 3 view .LVU549
 1452              		.loc 1 889 3 view .LVU550
 887:Core/Src/main.c ****   {
 1453              		.loc 1 887 9 view .LVU551
 887:Core/Src/main.c ****   {
 1454              		.loc 1 887 3 view .LVU552
 1455              		.loc 1 889 3 view .LVU553
 887:Core/Src/main.c ****   {
 1456              		.loc 1 887 9 view .LVU554
 1457 041e FEE7     		b	.L44
 1458              	.L43:
 1459              	.LBE234:
 1460              	.LBE237:
 1461              	.LBE239:
 207:Core/Src/main.c **** 
 1462              		.loc 1 207 3 view .LVU555
 1463 0420 0122     		movs	r2, #1
 1464 0422 5949     		ldr	r1, .L86+20
 1465 0424 5948     		ldr	r0, .L86+24
 1466 0426 5A4E     		ldr	r6, .L86+28
 1467 0428 FFF7FEFF 		bl	HAL_ADC_Start_DMA
 1468              	.LVL48:
 209:Core/Src/main.c ****   HAL_TIMEx_PWMN_Start(&htim8, TIM_CHANNEL_2);
 1469              		.loc 1 209 3 view .LVU556
 1470 042c 2946     		mov	r1, r5
 1471 042e 5148     		ldr	r0, .L86
 1472 0430 FFF7FEFF 		bl	HAL_TIMEx_PWMN_Start
 1473              	.LVL49:
 210:Core/Src/main.c ****   HAL_TIM_PWM_Start(&htim8, TIM_CHANNEL_1);
 1474              		.loc 1 210 3 view .LVU557
 1475 0434 0421     		movs	r1, #4
 1476 0436 4F48     		ldr	r0, .L86
 1477 0438 FFF7FEFF 		bl	HAL_TIMEx_PWMN_Start
 1478              	.LVL50:
 211:Core/Src/main.c ****   HAL_TIM_PWM_Start(&htim8, TIM_CHANNEL_2);
 1479              		.loc 1 211 3 view .LVU558
 1480 043c 2946     		mov	r1, r5
 1481 043e 4D48     		ldr	r0, .L86
 1482 0440 FFF7FEFF 		bl	HAL_TIM_PWM_Start
 1483              	.LVL51:
 212:Core/Src/main.c ****   /* USER CODE END 2 */
 1484              		.loc 1 212 3 view .LVU559
 1485 0444 4B48     		ldr	r0, .L86
 1486 0446 0421     		movs	r1, #4
ARM GAS  /tmp/cc3FokBo.s 			page 55


 1487 0448 FFF7FEFF 		bl	HAL_TIM_PWM_Start
 1488              	.LVL52:
 1489 044c 2C46     		mov	r4, r5
 1490              	.L65:
 217:Core/Src/main.c ****   {
 1491              		.loc 1 217 3 view .LVU560
 1492              	.LBB240:
 225:Core/Src/main.c ****                                   - __HAL_DMA_GET_COUNTER(&hdma_lpuart1_rx));
 1493              		.loc 1 225 5 view .LVU561
 226:Core/Src/main.c ****     while (uart_rx_tail != rx_head)
 1494              		.loc 1 226 37 is_stmt 0 view .LVU562
 1495 044e 514B     		ldr	r3, .L86+32
 1496 0450 1B68     		ldr	r3, [r3]
 1497 0452 5D68     		ldr	r5, [r3, #4]
 225:Core/Src/main.c ****                                   - __HAL_DMA_GET_COUNTER(&hdma_lpuart1_rx));
 1498              		.loc 1 225 14 view .LVU563
 1499 0454 C5F14005 		rsb	r5, r5, #64
 1500 0458 AFB2     		uxth	r7, r5
 1501              	.LVL53:
 227:Core/Src/main.c ****     {
 1502              		.loc 1 227 5 is_stmt 1 view .LVU564
 1503 045a 3546     		mov	r5, r6
 1504              	.L45:
 227:Core/Src/main.c ****     {
 1505              		.loc 1 227 25 discriminator 1 view .LVU565
 1506 045c 4E4B     		ldr	r3, .L86+36
 1507 045e 1B88     		ldrh	r3, [r3]
 1508 0460 BB42     		cmp	r3, r7
 1509 0462 6CD0     		beq	.L81
 229:Core/Src/main.c ****       uart_rx_tail = (uint16_t)((uart_rx_tail + 1U) & UART_RX_DMA_MASK);
 1510              		.loc 1 229 7 view .LVU566
 1511 0464 474A     		ldr	r2, .L86+16
 1512 0466 D25C     		ldrb	r2, [r2, r3]	@ zero_extendqisi2
 1513              	.LVL54:
 1514              	.LBB241:
 1515              	.LBI241:
 815:Core/Src/main.c **** {
 1516              		.loc 1 815 13 view .LVU567
 1517              	.LBB242:
 817:Core/Src/main.c ****     {
 1518              		.loc 1 817 5 view .LVU568
 817:Core/Src/main.c ****     {
 1519              		.loc 1 817 8 is_stmt 0 view .LVU569
 1520 0468 4C4B     		ldr	r3, .L86+40
 1521 046a 1B78     		ldrb	r3, [r3]	@ zero_extendqisi2
 1522 046c 03BB     		cbnz	r3, .L82
 1523              	.LVL55:
 1524              	.L46:
 832:Core/Src/main.c ****     {
 1525              		.loc 1 832 5 is_stmt 1 view .LVU570
 1526 046e 433A     		subs	r2, r2, #67
 1527 0470 152A     		cmp	r2, #21
 1528 0472 16D8     		bhi	.L48
 1529 0474 DFE802F0 		tbb	[pc, r2]
 1530              	.L54:
 1531 0478 59       		.byte	(.L59-.L54)/2
 1532 0479 15       		.byte	(.L48-.L54)/2
ARM GAS  /tmp/cc3FokBo.s 			page 56


 1533 047a 15       		.byte	(.L48-.L54)/2
 1534 047b 15       		.byte	(.L48-.L54)/2
 1535 047c 28       		.byte	(.L58-.L54)/2
 1536 047d 15       		.byte	(.L48-.L54)/2
 1537 047e 15       		.byte	(.L48-.L54)/2
 1538 047f 15       		.byte	(.L48-.L54)/2
 1539 0480 15       		.byte	(.L48-.L54)/2
 1540 0481 15       		.byte	(.L48-.L54)/2
 1541 0482 15       		.byte	(.L48-.L54)/2
 1542 0483 15       		.byte	(.L48-.L54)/2
 1543 0484 15       		.byte	(.L48-.L54)/2
 1544 0485 0B       		.byte	(.L57-.L54)/2
 1545 0486 15       		.byte	(.L48-.L54)/2
 1546 0487 42       		.byte	(.L56-.L54)/2
 1547 0488 3E       		.byte	(.L55-.L54)/2
 1548 0489 15       		.byte	(.L48-.L54)/2
 1549 048a 15       		.byte	(.L48-.L54)/2
 1550 048b 15       		.byte	(.L48-.L54)/2
 1551 048c 15       		.byte	(.L48-.L54)/2
 1552 048d 3B       		.byte	(.L53-.L54)/2
 1553              		.p2align 1
 1554              	.L57:
 1555              	.LBB243:
 1556              	.LBB244:
 728:Core/Src/main.c **** }
 1557              		.loc 1 728 5 view .LVU571
 725:Core/Src/main.c ****     {
 1558              		.loc 1 725 12 discriminator 1 view .LVU572
 1559 048e 444B     		ldr	r3, .L86+44
 1560 0490 1B78     		ldrb	r3, [r3]	@ zero_extendqisi2
 1561 0492 002B     		cmp	r3, #0
 1562 0494 FBD1     		bne	.L57
 1563              	.LBE244:
 1564              	.LBE243:
 867:Core/Src/main.c ****                                (uint16_t)(sizeof(STREAM_PING_REPLY) - 1U), 10);
 1565              		.loc 1 867 13 view .LVU573
 1566 0496 4349     		ldr	r1, .L86+48
 1567 0498 3748     		ldr	r0, .L86+4
 1568 049a 0A23     		movs	r3, #10
 1569 049c 1622     		movs	r2, #22
 1570 049e FFF7FEFF 		bl	HAL_UART_Transmit
 1571              	.LVL56:
 869:Core/Src/main.c **** 
 1572              		.loc 1 869 13 view .LVU574
 1573              	.L48:
 869:Core/Src/main.c **** 
 1574              		.loc 1 869 13 is_stmt 0 view .LVU575
 1575              	.LBE242:
 1576              	.LBE241:
 230:Core/Src/main.c ****     }
 1577              		.loc 1 230 7 is_stmt 1 view .LVU576
 230:Core/Src/main.c ****     }
 1578              		.loc 1 230 47 is_stmt 0 view .LVU577
 1579 04a2 3D4A     		ldr	r2, .L86+36
 1580 04a4 1388     		ldrh	r3, [r2]
 1581 04a6 0133     		adds	r3, r3, #1
 230:Core/Src/main.c ****     }
ARM GAS  /tmp/cc3FokBo.s 			page 57


 1582              		.loc 1 230 22 view .LVU578
 1583 04a8 03F03F03 		and	r3, r3, #63
 230:Core/Src/main.c ****     }
 1584              		.loc 1 230 20 view .LVU579
 1585 04ac 1380     		strh	r3, [r2]	@ movhi
 1586 04ae D5E7     		b	.L45
 1587              	.LVL57:
 1588              	.L82:
 1589              	.LBB260:
 1590              	.LBB258:
 819:Core/Src/main.c ****             coeff_rx_active = 0;  // stale payload; fall through and read this byte as a command
 1591              		.loc 1 819 9 is_stmt 1 view .LVU580
 1592 04b0 0192     		str	r2, [sp, #4]
 819:Core/Src/main.c ****             coeff_rx_active = 0;  // stale payload; fall through and read this byte as a command
 1593              		.loc 1 819 14 is_stmt 0 view .LVU581
 1594 04b2 FFF7FEFF 		bl	HAL_GetTick
 1595              	.LVL58:
 819:Core/Src/main.c ****             coeff_rx_active = 0;  // stale payload; fall through and read this byte as a command
 1596              		.loc 1 819 28 discriminator 1 view .LVU582
 1597 04b6 3C4B     		ldr	r3, .L86+52
 819:Core/Src/main.c ****             coeff_rx_active = 0;  // stale payload; fall through and read this byte as a command
 1598              		.loc 1 819 12 discriminator 1 view .LVU583
 1599 04b8 019A     		ldr	r2, [sp, #4]
 819:Core/Src/main.c ****             coeff_rx_active = 0;  // stale payload; fall through and read this byte as a command
 1600              		.loc 1 819 28 discriminator 1 view .LVU584
 1601 04ba 1B68     		ldr	r3, [r3]
 1602 04bc C31A     		subs	r3, r0, r3
 819:Core/Src/main.c ****             coeff_rx_active = 0;  // stale payload; fall through and read this byte as a command
 1603              		.loc 1 819 12 discriminator 1 view .LVU585
 1604 04be 642B     		cmp	r3, #100
 1605 04c0 7ED9     		bls	.L47
 820:Core/Src/main.c ****         } else {
 1606              		.loc 1 820 13 is_stmt 1 view .LVU586
 820:Core/Src/main.c ****         } else {
 1607              		.loc 1 820 29 is_stmt 0 view .LVU587
 1608 04c2 364B     		ldr	r3, .L86+40
 1609 04c4 1C70     		strb	r4, [r3]
 1610 04c6 D2E7     		b	.L46
 1611              	.LVL59:
 1612              	.L58:
 835:Core/Src/main.c ****             break;
 1613              		.loc 1 835 13 is_stmt 1 view .LVU588
 1614              	.LBB245:
 1615              	.LBI245:
 770:Core/Src/main.c **** {
 1616              		.loc 1 770 13 view .LVU589
 1617              	.LBB246:
 772:Core/Src/main.c ****     uint8_t count = h->active_channel_count;
 1618              		.loc 1 772 5 view .LVU590
 773:Core/Src/main.c ****     for (uint8_t i = 0; i < count; i++) {
 1619              		.loc 1 773 5 view .LVU591
 773:Core/Src/main.c ****     for (uint8_t i = 0; i < count; i++) {
 1620              		.loc 1 773 13 is_stmt 0 view .LVU592
 1621 04c8 95F89838 		ldrb	r3, [r5, #2200]	@ zero_extendqisi2
 1622 04cc 304E     		ldr	r6, .L86+28
 1623 04ce A146     		mov	r9, r4
 1624 04d0 9846     		mov	r8, r3
ARM GAS  /tmp/cc3FokBo.s 			page 58


 1625              	.LVL60:
 774:Core/Src/main.c ****         SendCoeffFrame(i, count, &h->channels[i]);
 1626              		.loc 1 774 5 is_stmt 1 view .LVU593
 1627              	.LBB247:
 774:Core/Src/main.c ****         SendCoeffFrame(i, count, &h->channels[i]);
 1628              		.loc 1 774 10 view .LVU594
 774:Core/Src/main.c ****         SendCoeffFrame(i, count, &h->channels[i]);
 1629              		.loc 1 774 10 is_stmt 0 view .LVU595
 1630 04d2 3546     		mov	r5, r6
 1631 04d4 0024     		movs	r4, #0
 774:Core/Src/main.c ****         SendCoeffFrame(i, count, &h->channels[i]);
 1632              		.loc 1 774 5 view .LVU596
 1633 04d6 03E0     		b	.L60
 1634              	.LVL61:
 1635              	.L61:
 775:Core/Src/main.c ****     }
 1636              		.loc 1 775 9 view .LVU597
 1637 04d8 FFF7FEFF 		bl	SendCoeffFrame
 1638              	.LVL62:
 774:Core/Src/main.c ****         SendCoeffFrame(i, count, &h->channels[i]);
 1639              		.loc 1 774 37 is_stmt 1 discriminator 1 view .LVU598
 774:Core/Src/main.c ****         SendCoeffFrame(i, count, &h->channels[i]);
 1640              		.loc 1 774 37 is_stmt 0 discriminator 1 view .LVU599
 1641 04dc 0134     		adds	r4, r4, #1
 1642              	.LVL63:
 774:Core/Src/main.c ****         SendCoeffFrame(i, count, &h->channels[i]);
 1643              		.loc 1 774 37 discriminator 1 view .LVU600
 1644 04de 2C36     		adds	r6, r6, #44
 1645              	.LVL64:
 1646              	.L60:
 775:Core/Src/main.c ****     }
 1647              		.loc 1 775 9 is_stmt 1 view .LVU601
 1648 04e0 E0B2     		uxtb	r0, r4
 774:Core/Src/main.c ****         SendCoeffFrame(i, count, &h->channels[i]);
 1649              		.loc 1 774 27 discriminator 2 view .LVU602
 1650 04e2 8045     		cmp	r8, r0
 775:Core/Src/main.c ****     }
 1651              		.loc 1 775 9 is_stmt 0 view .LVU603
 1652 04e4 3246     		mov	r2, r6
 1653 04e6 4146     		mov	r1, r8
 774:Core/Src/main.c ****         SendCoeffFrame(i, count, &h->channels[i]);
 1654              		.loc 1 774 27 discriminator 2 view .LVU604
 1655 04e8 F6D8     		bhi	.L61
 1656 04ea 4C46     		mov	r4, r9
 1657 04ec D9E7     		b	.L48
 1658              	.LVL65:
 1659              	.L53:
 774:Core/Src/main.c ****         SendCoeffFrame(i, count, &h->channels[i]);
 1660              		.loc 1 774 27 discriminator 2 view .LVU605
 1661              	.LBE247:
 1662              	.LBE246:
 1663              	.LBE245:
 862:Core/Src/main.c ****             break;
 1664              		.loc 1 862 13 is_stmt 1 view .LVU606
 862:Core/Src/main.c ****             break;
 1665              		.loc 1 862 31 is_stmt 0 view .LVU607
 1666 04ee 2F4B     		ldr	r3, .L86+56
ARM GAS  /tmp/cc3FokBo.s 			page 59


 1667 04f0 1C70     		strb	r4, [r3]
 863:Core/Src/main.c **** 
 1668              		.loc 1 863 13 is_stmt 1 view .LVU608
 1669 04f2 D6E7     		b	.L48
 1670              	.L55:
 858:Core/Src/main.c ****             break;
 1671              		.loc 1 858 13 view .LVU609
 858:Core/Src/main.c ****             break;
 1672              		.loc 1 858 31 is_stmt 0 view .LVU610
 1673 04f4 2D4A     		ldr	r2, .L86+56
 1674 04f6 0123     		movs	r3, #1
 1675 04f8 1370     		strb	r3, [r2]
 859:Core/Src/main.c **** 
 1676              		.loc 1 859 13 is_stmt 1 view .LVU611
 1677 04fa D2E7     		b	.L48
 1678              	.L56:
 847:Core/Src/main.c ****             SendAllCoeffFrames();
 1679              		.loc 1 847 13 view .LVU612
 1680 04fc 2448     		ldr	r0, .L86+28
 1681 04fe 244E     		ldr	r6, .L86+28
 1682 0500 FFF7FEFF 		bl	HCA_reset_accumulators
 1683              	.LVL66:
 848:Core/Src/main.c ****             break;
 1684              		.loc 1 848 13 view .LVU613
 1685              	.LBB248:
 1686              	.LBI248:
 770:Core/Src/main.c **** {
 1687              		.loc 1 770 13 view .LVU614
 1688              	.LBB249:
 772:Core/Src/main.c ****     uint8_t count = h->active_channel_count;
 1689              		.loc 1 772 5 view .LVU615
 773:Core/Src/main.c ****     for (uint8_t i = 0; i < count; i++) {
 1690              		.loc 1 773 5 view .LVU616
 773:Core/Src/main.c ****     for (uint8_t i = 0; i < count; i++) {
 1691              		.loc 1 773 13 is_stmt 0 view .LVU617
 1692 0504 95F89838 		ldrb	r3, [r5, #2200]	@ zero_extendqisi2
 1693 0508 A146     		mov	r9, r4
 1694 050a 9846     		mov	r8, r3
 1695              	.LVL67:
 774:Core/Src/main.c ****         SendCoeffFrame(i, count, &h->channels[i]);
 1696              		.loc 1 774 5 is_stmt 1 view .LVU618
 1697              	.LBB250:
 774:Core/Src/main.c ****         SendCoeffFrame(i, count, &h->channels[i]);
 1698              		.loc 1 774 10 view .LVU619
 774:Core/Src/main.c ****         SendCoeffFrame(i, count, &h->channels[i]);
 1699              		.loc 1 774 10 is_stmt 0 view .LVU620
 1700 050c 3446     		mov	r4, r6
 1701 050e 0025     		movs	r5, #0
 774:Core/Src/main.c ****         SendCoeffFrame(i, count, &h->channels[i]);
 1702              		.loc 1 774 5 view .LVU621
 1703 0510 03E0     		b	.L62
 1704              	.LVL68:
 1705              	.L63:
 775:Core/Src/main.c ****     }
 1706              		.loc 1 775 9 view .LVU622
 1707 0512 FFF7FEFF 		bl	SendCoeffFrame
 1708              	.LVL69:
ARM GAS  /tmp/cc3FokBo.s 			page 60


 774:Core/Src/main.c ****         SendCoeffFrame(i, count, &h->channels[i]);
 1709              		.loc 1 774 37 is_stmt 1 discriminator 1 view .LVU623
 774:Core/Src/main.c ****         SendCoeffFrame(i, count, &h->channels[i]);
 1710              		.loc 1 774 37 is_stmt 0 discriminator 1 view .LVU624
 1711 0516 0135     		adds	r5, r5, #1
 1712              	.LVL70:
 774:Core/Src/main.c ****         SendCoeffFrame(i, count, &h->channels[i]);
 1713              		.loc 1 774 37 discriminator 1 view .LVU625
 1714 0518 2C36     		adds	r6, r6, #44
 1715              	.LVL71:
 1716              	.L62:
 775:Core/Src/main.c ****     }
 1717              		.loc 1 775 9 is_stmt 1 view .LVU626
 1718 051a E8B2     		uxtb	r0, r5
 774:Core/Src/main.c ****         SendCoeffFrame(i, count, &h->channels[i]);
 1719              		.loc 1 774 27 discriminator 2 view .LVU627
 1720 051c 8045     		cmp	r8, r0
 775:Core/Src/main.c ****     }
 1721              		.loc 1 775 9 is_stmt 0 view .LVU628
 1722 051e 3246     		mov	r2, r6
 1723 0520 4146     		mov	r1, r8
 774:Core/Src/main.c ****         SendCoeffFrame(i, count, &h->channels[i]);
 1724              		.loc 1 774 27 discriminator 2 view .LVU629
 1725 0522 F6D8     		bhi	.L63
 1726 0524 2546     		mov	r5, r4
 1727 0526 4C46     		mov	r4, r9
 1728 0528 BBE7     		b	.L48
 1729              	.LVL72:
 1730              	.L59:
 774:Core/Src/main.c ****         SendCoeffFrame(i, count, &h->channels[i]);
 1731              		.loc 1 774 27 discriminator 2 view .LVU630
 1732              	.LBE250:
 1733              	.LBE249:
 1734              	.LBE248:
 852:Core/Src/main.c ****             coeff_rx_len = 0;
 1735              		.loc 1 852 13 is_stmt 1 view .LVU631
 853:Core/Src/main.c ****             coeff_rx_started_ms = HAL_GetTick();
 1736              		.loc 1 853 26 is_stmt 0 view .LVU632
 1737 052a 214B     		ldr	r3, .L86+60
 852:Core/Src/main.c ****             coeff_rx_len = 0;
 1738              		.loc 1 852 29 view .LVU633
 1739 052c 1B4A     		ldr	r2, .L86+40
 853:Core/Src/main.c ****             coeff_rx_started_ms = HAL_GetTick();
 1740              		.loc 1 853 26 view .LVU634
 1741 052e 1C70     		strb	r4, [r3]
 852:Core/Src/main.c ****             coeff_rx_len = 0;
 1742              		.loc 1 852 29 view .LVU635
 1743 0530 0123     		movs	r3, #1
 1744 0532 1370     		strb	r3, [r2]
 853:Core/Src/main.c ****             coeff_rx_started_ms = HAL_GetTick();
 1745              		.loc 1 853 13 is_stmt 1 view .LVU636
 854:Core/Src/main.c ****             break;
 1746              		.loc 1 854 13 view .LVU637
 854:Core/Src/main.c ****             break;
 1747              		.loc 1 854 35 is_stmt 0 view .LVU638
 1748 0534 FFF7FEFF 		bl	HAL_GetTick
 1749              	.LVL73:
ARM GAS  /tmp/cc3FokBo.s 			page 61


 854:Core/Src/main.c ****             break;
 1750              		.loc 1 854 33 discriminator 1 view .LVU639
 1751 0538 1B4B     		ldr	r3, .L86+52
 1752 053a 1860     		str	r0, [r3]
 855:Core/Src/main.c **** 
 1753              		.loc 1 855 13 is_stmt 1 view .LVU640
 1754 053c B1E7     		b	.L48
 1755              	.LVL74:
 1756              	.L81:
 855:Core/Src/main.c **** 
 1757              		.loc 1 855 13 is_stmt 0 view .LVU641
 1758              	.LBE258:
 1759              	.LBE260:
 249:Core/Src/main.c ****     {
 1760              		.loc 1 249 26 view .LVU642
 1761 053e 1D4B     		ldr	r3, .L86+64
 1762 0540 1A88     		ldrh	r2, [r3]
 1763 0542 1D4B     		ldr	r3, .L86+68
 1764 0544 1B88     		ldrh	r3, [r3]
 249:Core/Src/main.c ****     {
 1765              		.loc 1 249 8 view .LVU643
 1766 0546 9A42     		cmp	r2, r3
 249:Core/Src/main.c ****     {
 1767              		.loc 1 249 26 view .LVU644
 1768 0548 2E46     		mov	r6, r5
 249:Core/Src/main.c ****     {
 1769              		.loc 1 249 5 is_stmt 1 view .LVU645
 249:Core/Src/main.c ****     {
 1770              		.loc 1 249 8 is_stmt 0 view .LVU646
 1771 054a 80D0     		beq	.L65
 1772              	.LBB261:
 251:Core/Src/main.c ****       if (HAL_UART_Transmit(&hlpuart1, (uint8_t*)frame,
 1773              		.loc 1 251 7 is_stmt 1 view .LVU647
 251:Core/Src/main.c ****       if (HAL_UART_Transmit(&hlpuart1, (uint8_t*)frame,
 1774              		.loc 1 251 45 is_stmt 0 view .LVU648
 1775 054c 194A     		ldr	r2, .L86+64
 252:Core/Src/main.c ****                             (uint16_t)sizeof(AdcStreamFrame_t), 5) == HAL_OK)
 1776              		.loc 1 252 11 view .LVU649
 1777 054e 1B4B     		ldr	r3, .L86+72
 251:Core/Src/main.c ****       if (HAL_UART_Transmit(&hlpuart1, (uint8_t*)frame,
 1778              		.loc 1 251 45 view .LVU650
 1779 0550 1188     		ldrh	r1, [r2]
 1780              	.LVL75:
 252:Core/Src/main.c ****                             (uint16_t)sizeof(AdcStreamFrame_t), 5) == HAL_OK)
 1781              		.loc 1 252 7 is_stmt 1 view .LVU651
 252:Core/Src/main.c ****                             (uint16_t)sizeof(AdcStreamFrame_t), 5) == HAL_OK)
 1782              		.loc 1 252 11 is_stmt 0 view .LVU652
 1783 0552 0948     		ldr	r0, .L86+4
 251:Core/Src/main.c ****       if (HAL_UART_Transmit(&hlpuart1, (uint8_t*)frame,
 1784              		.loc 1 251 45 view .LVU653
 1785 0554 1546     		mov	r5, r2
 252:Core/Src/main.c ****                             (uint16_t)sizeof(AdcStreamFrame_t), 5) == HAL_OK)
 1786              		.loc 1 252 11 view .LVU654
 1787 0556 4B22     		movs	r2, #75
 1788 0558 02FB0131 		mla	r1, r2, r1, r3
 1789              	.LVL76:
 252:Core/Src/main.c ****                             (uint16_t)sizeof(AdcStreamFrame_t), 5) == HAL_OK)
ARM GAS  /tmp/cc3FokBo.s 			page 62


 1790              		.loc 1 252 11 view .LVU655
 1791 055c 0523     		movs	r3, #5
 1792 055e FFF7FEFF 		bl	HAL_UART_Transmit
 1793              	.LVL77:
 252:Core/Src/main.c ****                             (uint16_t)sizeof(AdcStreamFrame_t), 5) == HAL_OK)
 1794              		.loc 1 252 10 discriminator 1 view .LVU656
 1795 0562 0028     		cmp	r0, #0
 1796 0564 7FF473AF 		bne	.L65
 255:Core/Src/main.c ****       }
 1797              		.loc 1 255 9 is_stmt 1 view .LVU657
 255:Core/Src/main.c ****       }
 1798              		.loc 1 255 28 is_stmt 0 view .LVU658
 1799 0568 2B88     		ldrh	r3, [r5]
 255:Core/Src/main.c ****       }
 1800              		.loc 1 255 57 view .LVU659
 1801 056a 0133     		adds	r3, r3, #1
 255:Core/Src/main.c ****       }
 1802              		.loc 1 255 28 view .LVU660
 1803 056c 03F03F03 		and	r3, r3, #63
 255:Core/Src/main.c ****       }
 1804              		.loc 1 255 26 view .LVU661
 1805 0570 2B80     		strh	r3, [r5]	@ movhi
 1806 0572 6CE7     		b	.L65
 1807              	.L87:
 1808              		.align	2
 1809              	.L86:
 1810 0574 00000000 		.word	htim8
 1811 0578 00000000 		.word	hlpuart1
 1812 057c 00800040 		.word	1073774592
 1813 0580 68FF1F00 		.word	2097000
 1814 0584 00000000 		.word	uart_rx_dma
 1815 0588 00000000 		.word	adc1_raw
 1816 058c 00000000 		.word	hadc1
 1817 0590 00000000 		.word	hca
 1818 0594 00000000 		.word	hdma_lpuart1_rx
 1819 0598 00000000 		.word	uart_rx_tail
 1820 059c 00000000 		.word	coeff_rx_active
 1821 05a0 00000000 		.word	stream_tx_busy
 1822 05a4 00000000 		.word	.LC11
 1823 05a8 00000000 		.word	coeff_rx_started_ms
 1824 05ac 00000000 		.word	streaming_enabled
 1825 05b0 00000000 		.word	coeff_rx_len
 1826 05b4 00000000 		.word	stream_fifo_tail
 1827 05b8 00000000 		.word	stream_fifo_head
 1828 05bc 00000000 		.word	stream_fifo
 1829              	.LVL78:
 1830              	.L47:
 255:Core/Src/main.c ****       }
 1831              		.loc 1 255 26 view .LVU662
 1832              	.LBE261:
 1833              	.LBB262:
 1834              	.LBB259:
 822:Core/Src/main.c ****             if (coeff_rx_len >= COEFF_CMD_PAYLOAD_LEN) {
 1835              		.loc 1 822 13 is_stmt 1 view .LVU663
 822:Core/Src/main.c ****             if (coeff_rx_len >= COEFF_CMD_PAYLOAD_LEN) {
 1836              		.loc 1 822 34 is_stmt 0 view .LVU664
 1837 05c0 2649     		ldr	r1, .L88
ARM GAS  /tmp/cc3FokBo.s 			page 63


 822:Core/Src/main.c ****             if (coeff_rx_len >= COEFF_CMD_PAYLOAD_LEN) {
 1838              		.loc 1 822 38 view .LVU665
 1839 05c2 2748     		ldr	r0, .L88+4
 822:Core/Src/main.c ****             if (coeff_rx_len >= COEFF_CMD_PAYLOAD_LEN) {
 1840              		.loc 1 822 34 view .LVU666
 1841 05c4 0B78     		ldrb	r3, [r1]	@ zero_extendqisi2
 822:Core/Src/main.c ****             if (coeff_rx_len >= COEFF_CMD_PAYLOAD_LEN) {
 1842              		.loc 1 822 38 view .LVU667
 1843 05c6 C254     		strb	r2, [r0, r3]
 823:Core/Src/main.c ****                 coeff_rx_active = 0;
 1844              		.loc 1 823 13 is_stmt 1 view .LVU668
 822:Core/Src/main.c ****             if (coeff_rx_len >= COEFF_CMD_PAYLOAD_LEN) {
 1845              		.loc 1 822 34 is_stmt 0 view .LVU669
 1846 05c8 0133     		adds	r3, r3, #1
 1847 05ca DBB2     		uxtb	r3, r3
 823:Core/Src/main.c ****                 coeff_rx_active = 0;
 1848              		.loc 1 823 16 view .LVU670
 1849 05cc 112B     		cmp	r3, #17
 822:Core/Src/main.c ****             if (coeff_rx_len >= COEFF_CMD_PAYLOAD_LEN) {
 1850              		.loc 1 822 34 view .LVU671
 1851 05ce 0B70     		strb	r3, [r1]
 823:Core/Src/main.c ****                 coeff_rx_active = 0;
 1852              		.loc 1 823 16 view .LVU672
 1853 05d0 7FF667AF 		bls	.L48
 824:Core/Src/main.c ****                 coeff_rx_len = 0;
 1854              		.loc 1 824 17 is_stmt 1 view .LVU673
 824:Core/Src/main.c ****                 coeff_rx_len = 0;
 1855              		.loc 1 824 33 is_stmt 0 view .LVU674
 1856 05d4 234B     		ldr	r3, .L88+8
 825:Core/Src/main.c ****                 ApplyCoeffCommand();
 1857              		.loc 1 825 30 view .LVU675
 1858 05d6 0C70     		strb	r4, [r1]
 824:Core/Src/main.c ****                 coeff_rx_len = 0;
 1859              		.loc 1 824 33 view .LVU676
 1860 05d8 1C70     		strb	r4, [r3]
 825:Core/Src/main.c ****                 ApplyCoeffCommand();
 1861              		.loc 1 825 17 is_stmt 1 view .LVU677
 826:Core/Src/main.c ****             }
 1862              		.loc 1 826 17 view .LVU678
 1863              	.LBB251:
 1864              	.LBI251:
 780:Core/Src/main.c **** {
 1865              		.loc 1 780 13 view .LVU679
 1866              	.LBB252:
 782:Core/Src/main.c ****             != coeff_rx[COEFF_CMD_PAYLOAD_LEN - 1U]) {
 1867              		.loc 1 782 5 view .LVU680
 1868              	.LVL79:
 1869              	.LBB253:
 1870              	.LBI253:
 740:Core/Src/main.c **** {
 1871              		.loc 1 740 16 view .LVU681
 1872              	.LBB254:
 742:Core/Src/main.c ****     for (uint16_t i = 0; i < len; i++) {
 1873              		.loc 1 742 5 view .LVU682
 743:Core/Src/main.c ****         sum += p[i];
 1874              		.loc 1 743 5 view .LVU683
 1875              	.LBB255:
ARM GAS  /tmp/cc3FokBo.s 			page 64


 743:Core/Src/main.c ****         sum += p[i];
 1876              		.loc 1 743 10 view .LVU684
 743:Core/Src/main.c ****         sum += p[i];
 1877              		.loc 1 743 28 discriminator 2 view .LVU685
 1878              	.LBE255:
 742:Core/Src/main.c ****     for (uint16_t i = 0; i < len; i++) {
 1879              		.loc 1 742 13 is_stmt 0 view .LVU686
 1880 05da 0023     		movs	r3, #0
 1881              	.LBB256:
 743:Core/Src/main.c ****         sum += p[i];
 1882              		.loc 1 743 19 view .LVU687
 1883 05dc 1946     		mov	r1, r3
 1884              	.LVL80:
 1885              	.L49:
 744:Core/Src/main.c ****     }
 1886              		.loc 1 744 9 is_stmt 1 view .LVU688
 744:Core/Src/main.c ****     }
 1887              		.loc 1 744 17 is_stmt 0 view .LVU689
 1888 05de 10F8012B 		ldrb	r2, [r0], #1	@ zero_extendqisi2
 743:Core/Src/main.c ****         sum += p[i];
 1889              		.loc 1 743 36 discriminator 1 view .LVU690
 1890 05e2 0131     		adds	r1, r1, #1
 1891              	.LVL81:
 743:Core/Src/main.c ****         sum += p[i];
 1892              		.loc 1 743 36 discriminator 1 view .LVU691
 1893 05e4 89B2     		uxth	r1, r1
 1894              	.LVL82:
 744:Core/Src/main.c ****     }
 1895              		.loc 1 744 13 view .LVU692
 1896 05e6 1344     		add	r3, r3, r2
 1897              	.LVL83:
 743:Core/Src/main.c ****         sum += p[i];
 1898              		.loc 1 743 28 discriminator 2 view .LVU693
 1899 05e8 1129     		cmp	r1, #17
 744:Core/Src/main.c ****     }
 1900              		.loc 1 744 13 view .LVU694
 1901 05ea DBB2     		uxtb	r3, r3
 1902              	.LVL84:
 743:Core/Src/main.c ****         sum += p[i];
 1903              		.loc 1 743 36 is_stmt 1 discriminator 1 view .LVU695
 743:Core/Src/main.c ****         sum += p[i];
 1904              		.loc 1 743 28 discriminator 2 view .LVU696
 1905 05ec F7D1     		bne	.L49
 1906              	.LBE256:
 746:Core/Src/main.c **** }
 1907              		.loc 1 746 5 view .LVU697
 1908              	.LVL85:
 746:Core/Src/main.c **** }
 1909              		.loc 1 746 5 is_stmt 0 view .LVU698
 1910              	.LBE254:
 1911              	.LBE253:
 782:Core/Src/main.c ****             != coeff_rx[COEFF_CMD_PAYLOAD_LEN - 1U]) {
 1912              		.loc 1 782 8 discriminator 1 view .LVU699
 1913 05ee 1C4A     		ldr	r2, .L88+4
 1914 05f0 527C     		ldrb	r2, [r2, #17]	@ zero_extendqisi2
 1915 05f2 9A42     		cmp	r2, r3
 1916 05f4 7FF455AF 		bne	.L48
ARM GAS  /tmp/cc3FokBo.s 			page 65


 787:Core/Src/main.c ****     Complex_t kp, ki;
 1917              		.loc 1 787 5 is_stmt 1 view .LVU700
 787:Core/Src/main.c ****     Complex_t kp, ki;
 1918              		.loc 1 787 15 is_stmt 0 view .LVU701
 1919 05f8 194B     		ldr	r3, .L88+4
 804:Core/Src/main.c **** 
 1920              		.loc 1 804 5 view .LVU702
 1921 05fa 1B48     		ldr	r0, .L88+12
 787:Core/Src/main.c ****     Complex_t kp, ki;
 1922              		.loc 1 787 15 view .LVU703
 1923 05fc 1978     		ldrb	r1, [r3]	@ zero_extendqisi2
 791:Core/Src/main.c ****     memcpy(&kp.imag, &coeff_rx[5],  sizeof(float));
 1924              		.loc 1 791 5 view .LVU704
 1925 05fe 1A46     		mov	r2, r3
 1926 0600 D3F80130 		ldr	r3, [r3, #1]	@ unaligned
 1927 0604 3093     		str	r3, [sp, #192]
 792:Core/Src/main.c ****     memcpy(&ki.real, &coeff_rx[9],  sizeof(float));
 1928              		.loc 1 792 5 view .LVU705
 1929 0606 D2F80530 		ldr	r3, [r2, #5]	@ unaligned
 1930 060a 3193     		str	r3, [sp, #196]
 793:Core/Src/main.c ****     memcpy(&ki.imag, &coeff_rx[13], sizeof(float));
 1931              		.loc 1 793 5 view .LVU706
 1932 060c D2F80930 		ldr	r3, [r2, #9]	@ unaligned
 1933 0610 3793     		str	r3, [sp, #220]
 794:Core/Src/main.c **** 
 1934              		.loc 1 794 5 view .LVU707
 1935 0612 D2F80D30 		ldr	r3, [r2, #13]	@ unaligned
 1936 0616 3893     		str	r3, [sp, #224]
 804:Core/Src/main.c **** 
 1937              		.loc 1 804 5 view .LVU708
 1938 0618 9DED300A 		vldr.32	s0, [sp, #192]
 1939 061c DDED310A 		vldr.32	s1, [sp, #196]
 1940 0620 9DED371A 		vldr.32	s2, [sp, #220]
 1941 0624 DDED381A 		vldr.32	s3, [sp, #224]
 787:Core/Src/main.c ****     Complex_t kp, ki;
 1942              		.loc 1 787 15 view .LVU709
 1943 0628 8846     		mov	r8, r1
 1944              	.LVL86:
 788:Core/Src/main.c ****     /* memcpy rather than a cast: coeff_rx is byte-aligned and the FPU's VLDR
 1945              		.loc 1 788 5 is_stmt 1 view .LVU710
 791:Core/Src/main.c ****     memcpy(&kp.imag, &coeff_rx[5],  sizeof(float));
 1946              		.loc 1 791 5 view .LVU711
 792:Core/Src/main.c ****     memcpy(&ki.real, &coeff_rx[9],  sizeof(float));
 1947              		.loc 1 792 5 view .LVU712
 793:Core/Src/main.c ****     memcpy(&ki.imag, &coeff_rx[13], sizeof(float));
 1948              		.loc 1 793 5 view .LVU713
 794:Core/Src/main.c **** 
 1949              		.loc 1 794 5 view .LVU714
 803:Core/Src/main.c ****     HCA_UpdateChannel(h, order, kp, ki);
 1950              		.loc 1 803 5 view .LVU715
 804:Core/Src/main.c **** 
 1951              		.loc 1 804 5 view .LVU716
 1952 062a FFF7FEFF 		bl	HCA_UpdateChannel
 1953              	.LVL87:
 806:Core/Src/main.c ****         if (h->channels[i].harmonic_order == order) {
 1954              		.loc 1 806 5 view .LVU717
 1955              	.LBB257:
ARM GAS  /tmp/cc3FokBo.s 			page 66


 806:Core/Src/main.c ****         if (h->channels[i].harmonic_order == order) {
 1956              		.loc 1 806 10 view .LVU718
 806:Core/Src/main.c ****         if (h->channels[i].harmonic_order == order) {
 1957              		.loc 1 806 30 is_stmt 0 discriminator 2 view .LVU719
 1958 062e 95F89818 		ldrb	r1, [r5, #2200]	@ zero_extendqisi2
 806:Core/Src/main.c ****         if (h->channels[i].harmonic_order == order) {
 1959              		.loc 1 806 5 view .LVU720
 1960 0632 0023     		movs	r3, #0
 807:Core/Src/main.c ****             SendCoeffFrame(i, h->active_channel_count, &h->channels[i]);
 1961              		.loc 1 807 27 view .LVU721
 1962 0634 2C22     		movs	r2, #44
 806:Core/Src/main.c ****         if (h->channels[i].harmonic_order == order) {
 1963              		.loc 1 806 5 view .LVU722
 1964 0636 07E0     		b	.L51
 1965              	.LVL88:
 1966              	.L52:
 807:Core/Src/main.c ****             SendCoeffFrame(i, h->active_channel_count, &h->channels[i]);
 1967              		.loc 1 807 12 view .LVU723
 1968 0638 0C4E     		ldr	r6, .L88+16
 807:Core/Src/main.c ****             SendCoeffFrame(i, h->active_channel_count, &h->channels[i]);
 1969              		.loc 1 807 27 view .LVU724
 1970 063a 03FB022C 		mla	ip, r3, r2, r2
 807:Core/Src/main.c ****             SendCoeffFrame(i, h->active_channel_count, &h->channels[i]);
 1971              		.loc 1 807 12 view .LVU725
 1972 063e 16F80CC0 		ldrb	ip, [r6, ip]	@ zero_extendqisi2
 1973 0642 C445     		cmp	ip, r8
 1974 0644 04D0     		beq	.L83
 1975 0646 0133     		adds	r3, r3, #1
 1976              	.LVL89:
 1977              	.L51:
 807:Core/Src/main.c ****             SendCoeffFrame(i, h->active_channel_count, &h->channels[i]);
 1978              		.loc 1 807 9 is_stmt 1 view .LVU726
 1979 0648 D8B2     		uxtb	r0, r3
 1980              	.LVL90:
 806:Core/Src/main.c ****         if (h->channels[i].harmonic_order == order) {
 1981              		.loc 1 806 27 discriminator 2 view .LVU727
 1982 064a 8142     		cmp	r1, r0
 1983 064c F4D8     		bhi	.L52
 1984 064e 28E7     		b	.L48
 1985              	.L83:
 808:Core/Src/main.c ****             return;
 1986              		.loc 1 808 13 view .LVU728
 1987 0650 02FB0352 		mla	r2, r2, r3, r5
 1988 0654 FFF7FEFF 		bl	SendCoeffFrame
 1989              	.LVL91:
 809:Core/Src/main.c ****         }
 1990              		.loc 1 809 13 view .LVU729
 1991 0658 23E7     		b	.L48
 1992              	.L89:
 1993 065a 00BF     		.align	2
 1994              	.L88:
 1995 065c 00000000 		.word	coeff_rx_len
 1996 0660 00000000 		.word	coeff_rx
 1997 0664 00000000 		.word	coeff_rx_active
 1998 0668 00000000 		.word	hca
 1999 066c D4FFFFFF 		.word	hca-44
 2000              	.LBE257:
ARM GAS  /tmp/cc3FokBo.s 			page 67


 2001              	.LBE252:
 2002              	.LBE251:
 2003              	.LBE259:
 2004              	.LBE262:
 2005              	.LBE240:
 2006              		.cfi_endproc
 2007              	.LFE329:
 2009              		.section	.text.HAL_RCC_CSSCallback,"ax",%progbits
 2010              		.align	1
 2011              		.p2align 2,,3
 2012              		.global	HAL_RCC_CSSCallback
 2013              		.syntax unified
 2014              		.thumb
 2015              		.thumb_func
 2017              	HAL_RCC_CSSCallback:
 2018              	.LFB336:
 556:Core/Src/main.c ****     // Force PWM outputs off immediately — this is the critical line
 2019              		.loc 1 556 1 view -0
 2020              		.cfi_startproc
 2021              		@ args = 0, pretend = 0, frame = 0
 2022              		@ frame_needed = 0, uses_anonymous_args = 0
 558:Core/Src/main.c **** 
 2023              		.loc 1 558 5 view .LVU731
 558:Core/Src/main.c **** 
 2024              		.loc 1 558 5 view .LVU732
 556:Core/Src/main.c ****     // Force PWM outputs off immediately — this is the critical line
 2025              		.loc 1 556 1 is_stmt 0 view .LVU733
 2026 0000 08B5     		push	{r3, lr}
 2027              	.LCFI8:
 2028              		.cfi_def_cfa_offset 8
 2029              		.cfi_offset 3, -8
 2030              		.cfi_offset 14, -4
 558:Core/Src/main.c **** 
 2031              		.loc 1 558 5 view .LVU734
 2032 0002 124B     		ldr	r3, .L93
 2033 0004 1A68     		ldr	r2, [r3]
 2034 0006 136A     		ldr	r3, [r2, #32]
 2035 0008 03F01133 		and	r3, r3, #286331153
 2036 000c 23F08853 		bic	r3, r3, #285212672
 2037 0010 43B9     		cbnz	r3, .L91
 558:Core/Src/main.c **** 
 2038              		.loc 1 558 5 is_stmt 1 discriminator 1 view .LVU735
 2039 0012 116A     		ldr	r1, [r2, #32]
 2040 0014 44F24443 		movw	r3, #17476
 2041 0018 1942     		tst	r1, r3
 2042 001a 03D1     		bne	.L91
 558:Core/Src/main.c **** 
 2043              		.loc 1 558 5 discriminator 2 view .LVU736
 2044 001c 536C     		ldr	r3, [r2, #68]
 2045 001e 23F40043 		bic	r3, r3, #32768
 2046 0022 5364     		str	r3, [r2, #68]
 2047              	.L91:
 558:Core/Src/main.c **** 
 2048              		.loc 1 558 5 discriminator 3 view .LVU737
 561:Core/Src/main.c ****     HAL_TIMEx_PWMN_Stop(&htim8, TIM_CHANNEL_2);
 2049              		.loc 1 561 5 view .LVU738
 2050 0024 0021     		movs	r1, #0
ARM GAS  /tmp/cc3FokBo.s 			page 68


 2051 0026 0948     		ldr	r0, .L93
 2052 0028 FFF7FEFF 		bl	HAL_TIMEx_PWMN_Stop
 2053              	.LVL92:
 562:Core/Src/main.c ****     HAL_TIM_PWM_Stop(&htim8, TIM_CHANNEL_1);
 2054              		.loc 1 562 5 view .LVU739
 2055 002c 0421     		movs	r1, #4
 2056 002e 0748     		ldr	r0, .L93
 2057 0030 FFF7FEFF 		bl	HAL_TIMEx_PWMN_Stop
 2058              	.LVL93:
 563:Core/Src/main.c ****     HAL_TIM_PWM_Stop(&htim8, TIM_CHANNEL_2);
 2059              		.loc 1 563 5 view .LVU740
 2060 0034 0021     		movs	r1, #0
 2061 0036 0548     		ldr	r0, .L93
 2062 0038 FFF7FEFF 		bl	HAL_TIM_PWM_Stop
 2063              	.LVL94:
 564:Core/Src/main.c **** 
 2064              		.loc 1 564 5 view .LVU741
 2065 003c 0348     		ldr	r0, .L93
 2066 003e 0421     		movs	r1, #4
 2067 0040 FFF7FEFF 		bl	HAL_TIM_PWM_Stop
 2068              	.LVL95:
 566:Core/Src/main.c **** }
 2069              		.loc 1 566 5 view .LVU742
 566:Core/Src/main.c **** }
 2070              		.loc 1 566 22 is_stmt 0 view .LVU743
 2071 0044 024B     		ldr	r3, .L93+4
 2072 0046 0122     		movs	r2, #1
 2073 0048 1A70     		strb	r2, [r3]
 567:Core/Src/main.c **** 
 2074              		.loc 1 567 1 view .LVU744
 2075 004a 08BD     		pop	{r3, pc}
 2076              	.L94:
 2077              		.align	2
 2078              	.L93:
 2079 004c 00000000 		.word	htim8
 2080 0050 00000000 		.word	clock_fault_flag
 2081              		.cfi_endproc
 2082              	.LFE336:
 2084              		.section	.text.HAL_ADC_ConvCpltCallback,"ax",%progbits
 2085              		.align	1
 2086              		.p2align 2,,3
 2087              		.global	HAL_ADC_ConvCpltCallback
 2088              		.syntax unified
 2089              		.thumb
 2090              		.thumb_func
 2092              	HAL_ADC_ConvCpltCallback:
 2093              	.LVL96:
 2094              	.LFB343:
 687:Core/Src/main.c ****     if (hadc->Instance == ADC1)
 2095              		.loc 1 687 1 is_stmt 1 view -0
 2096              		.cfi_startproc
 2097              		@ args = 0, pretend = 0, frame = 0
 2098              		@ frame_needed = 0, uses_anonymous_args = 0
 688:Core/Src/main.c ****     {
 2099              		.loc 1 688 5 view .LVU746
 687:Core/Src/main.c ****     if (hadc->Instance == ADC1)
 2100              		.loc 1 687 1 is_stmt 0 view .LVU747
ARM GAS  /tmp/cc3FokBo.s 			page 69


 2101 0000 F8B5     		push	{r3, r4, r5, r6, r7, lr}
 2102              	.LCFI9:
 2103              		.cfi_def_cfa_offset 24
 2104              		.cfi_offset 3, -24
 2105              		.cfi_offset 4, -20
 2106              		.cfi_offset 5, -16
 2107              		.cfi_offset 6, -12
 2108              		.cfi_offset 7, -8
 2109              		.cfi_offset 14, -4
 688:Core/Src/main.c ****     {
 2110              		.loc 1 688 8 view .LVU748
 2111 0002 0368     		ldr	r3, [r0]
 2112 0004 B3F1A04F 		cmp	r3, #1342177280
 687:Core/Src/main.c ****     if (hadc->Instance == ADC1)
 2113              		.loc 1 687 1 view .LVU749
 2114 0008 2DED028B 		vpush.64	{d8}
 2115              	.LCFI10:
 2116              		.cfi_def_cfa_offset 32
 2117              		.cfi_offset 80, -32
 2118              		.cfi_offset 81, -28
 688:Core/Src/main.c ****     {
 2119              		.loc 1 688 8 view .LVU750
 2120 000c 02D0     		beq	.L108
 2121              	.LVL97:
 2122              	.L95:
 702:Core/Src/main.c **** 
 2123              		.loc 1 702 1 view .LVU751
 2124 000e BDEC028B 		vldm	sp!, {d8}
 2125              	.LCFI11:
 2126              		.cfi_remember_state
 2127              		.cfi_restore 80
 2128              		.cfi_restore 81
 2129              		.cfi_def_cfa_offset 24
 2130 0012 F8BD     		pop	{r3, r4, r5, r6, r7, pc}
 2131              	.LVL98:
 2132              	.L108:
 2133              	.LCFI12:
 2134              		.cfi_restore_state
 2135              	.LBB280:
 690:Core/Src/main.c **** 
 2136              		.loc 1 690 9 is_stmt 1 view .LVU752
 692:Core/Src/main.c **** 
 2137              		.loc 1 692 21 is_stmt 0 view .LVU753
 2138 0014 554A     		ldr	r2, .L111
 690:Core/Src/main.c **** 
 2139              		.loc 1 690 32 view .LVU754
 2140 0016 564B     		ldr	r3, .L111+4
 2141              	.LBB281:
 2142              	.LBB282:
 616:Core/Src/main.c ****     float r_t = HCA_fastSin(theta)*0.8f;
 2143              		.loc 1 616 14 view .LVU755
 2144 0018 5649     		ldr	r1, .L111+8
 2145              	.LBE282:
 2146              	.LBE281:
 690:Core/Src/main.c **** 
 2147              		.loc 1 690 32 view .LVU756
 2148 001a 1C88     		ldrh	r4, [r3]
ARM GAS  /tmp/cc3FokBo.s 			page 70


 2149              	.LVL99:
 2150              	.LBB303:
 2151              	.LBI303:
 594:Core/Src/main.c **** {
 2152              		.loc 1 594 23 is_stmt 1 view .LVU757
 2153              	.LBB304:
 596:Core/Src/main.c **** }
 2154              		.loc 1 596 5 view .LVU758
 596:Core/Src/main.c **** }
 2155              		.loc 1 596 5 is_stmt 0 view .LVU759
 2156              	.LBE304:
 2157              	.LBE303:
 692:Core/Src/main.c **** 
 2158              		.loc 1 692 9 is_stmt 1 view .LVU760
 692:Core/Src/main.c **** 
 2159              		.loc 1 692 21 is_stmt 0 view .LVU761
 2160 001c 1368     		ldr	r3, [r2]
 2161              	.LBB306:
 2162              	.LBB299:
 617:Core/Src/main.c **** 
 2163              		.loc 1 617 17 view .LVU762
 2164 001e 0868     		ldr	r0, [r1]
 2165              	.LVL100:
 617:Core/Src/main.c **** 
 2166              		.loc 1 617 17 view .LVU763
 2167              	.LBE299:
 2168              	.LBE306:
 692:Core/Src/main.c **** 
 2169              		.loc 1 692 21 view .LVU764
 2170 0020 0133     		adds	r3, r3, #1
 2171 0022 1360     		str	r3, [r2]
 694:Core/Src/main.c **** 
 2172              		.loc 1 694 9 is_stmt 1 view .LVU765
 2173              	.LVL101:
 694:Core/Src/main.c **** 
 2174              		.loc 1 694 23 is_stmt 0 view .LVU766
 2175 0024 1568     		ldr	r5, [r2]
 2176              	.LVL102:
 2177              	.LBB307:
 2178              	.LBI281:
 611:Core/Src/main.c **** {
 2179              		.loc 1 611 21 is_stmt 1 view .LVU767
 2180              	.LBB300:
 613:Core/Src/main.c ****     static uint32_t angle_fundamental = 0;
 2181              		.loc 1 613 5 view .LVU768
 614:Core/Src/main.c **** 
 2182              		.loc 1 614 5 view .LVU769
 616:Core/Src/main.c ****     float r_t = HCA_fastSin(theta)*0.8f;
 2183              		.loc 1 616 5 view .LVU770
 617:Core/Src/main.c **** 
 2184              		.loc 1 617 5 view .LVU771
 617:Core/Src/main.c **** 
 2185              		.loc 1 617 17 is_stmt 0 view .LVU772
 2186 0026 FFF7FEFF 		bl	HCA_fastSin
 2187              	.LVL103:
 619:Core/Src/main.c ****     float hca_out = HCA_Process(&hca, error);
 2188              		.loc 1 619 5 is_stmt 1 view .LVU773
ARM GAS  /tmp/cc3FokBo.s 			page 71


 2189              	.LBB283:
 2190              	.LBI283:
 604:Core/Src/main.c ****     return adcToVoltsActual(adc_signed) / V_PEAK_NOM;       // normalize to ±1.0 like r_t
 2191              		.loc 1 604 21 view .LVU774
 2192              	.LBB284:
 605:Core/Src/main.c **** }
 2193              		.loc 1 605 5 view .LVU775
 2194              	.LBB285:
 2195              	.LBI285:
 599:Core/Src/main.c ****     float v_adc = (float)adc_signed * (ADC_VREF / ADC_FULL_SCALE_CODES); // differential volts at t
 2196              		.loc 1 599 21 view .LVU776
 2197              	.LBB286:
 600:Core/Src/main.c ****     return (v_adc / SENSOR_GAIN)*GAIN_CAL + DC_CAL;                                          // inv
 2198              		.loc 1 600 5 view .LVU777
 601:Core/Src/main.c **** }
 2199              		.loc 1 601 5 view .LVU778
 2200              	.LBE286:
 2201              	.LBE285:
 2202              	.LBE284:
 2203              	.LBE283:
 2204              	.LBE300:
 2205              	.LBE307:
 2206              	.LBB308:
 2207              	.LBB305:
 596:Core/Src/main.c **** }
 2208              		.loc 1 596 27 is_stmt 0 view .LVU779
 2209 002a A4F50063 		sub	r3, r4, #2048
 2210              	.LBE305:
 2211              	.LBE308:
 2212              	.LBB309:
 2213              	.LBB301:
 2214              	.LBB296:
 2215              	.LBB293:
 2216              	.LBB290:
 2217              	.LBB287:
 600:Core/Src/main.c ****     return (v_adc / SENSOR_GAIN)*GAIN_CAL + DC_CAL;                                          // inv
 2218              		.loc 1 600 19 view .LVU780
 2219 002e 1BB2     		sxth	r3, r3
 2220 0030 07EE903A 		vmov	s15, r3	@ int
 600:Core/Src/main.c ****     return (v_adc / SENSOR_GAIN)*GAIN_CAL + DC_CAL;                                          // inv
 2221              		.loc 1 600 11 view .LVU781
 2222 0034 9FED507A 		vldr.32	s14, .L111+12
 601:Core/Src/main.c **** }
 2223              		.loc 1 601 19 view .LVU782
 2224 0038 DFED506A 		vldr.32	s13, .L111+16
 601:Core/Src/main.c **** }
 2225              		.loc 1 601 33 view .LVU783
 2226 003c DFED504A 		vldr.32	s9, .L111+20
 601:Core/Src/main.c **** }
 2227              		.loc 1 601 34 view .LVU784
 2228 0040 9FED505A 		vldr.32	s10, .L111+24
 601:Core/Src/main.c **** }
 2229              		.loc 1 601 43 view .LVU785
 2230 0044 DFED505A 		vldr.32	s11, .L111+28
 2231              	.LBE287:
 2232              	.LBE290:
 605:Core/Src/main.c **** }
ARM GAS  /tmp/cc3FokBo.s 			page 72


 2233              		.loc 1 605 41 discriminator 1 view .LVU786
 2234 0048 9FED506A 		vldr.32	s12, .L111+32
 2235              	.LBE293:
 2236              	.LBE296:
 620:Core/Src/main.c **** 
 2237              		.loc 1 620 21 view .LVU787
 2238 004c 5048     		ldr	r0, .L111+36
 2239              	.LBB297:
 2240              	.LBB294:
 2241              	.LBB291:
 2242              	.LBB288:
 600:Core/Src/main.c ****     return (v_adc / SENSOR_GAIN)*GAIN_CAL + DC_CAL;                                          // inv
 2243              		.loc 1 600 19 view .LVU788
 2244 004e F8EEE77A 		vcvt.f32.s32	s15, s15
 600:Core/Src/main.c ****     return (v_adc / SENSOR_GAIN)*GAIN_CAL + DC_CAL;                                          // inv
 2245              		.loc 1 600 11 view .LVU789
 2246 0052 67EE877A 		vmul.f32	s15, s15, s14
 601:Core/Src/main.c **** }
 2247              		.loc 1 601 19 view .LVU790
 2248 0056 87EEA67A 		vdiv.f32	s14, s15, s13
 2249              	.LBE288:
 2250              	.LBE291:
 2251              	.LBE294:
 2252              	.LBE297:
 619:Core/Src/main.c ****     float hca_out = HCA_Process(&hca, error);
 2253              		.loc 1 619 11 discriminator 1 view .LVU791
 2254 005a DFED4E6A 		vldr.32	s13, .L111+40
 2255              	.LBB298:
 2256              	.LBB295:
 2257              	.LBB292:
 2258              	.LBB289:
 601:Core/Src/main.c **** }
 2259              		.loc 1 601 33 view .LVU792
 2260 005e 27EE247A 		vmul.f32	s14, s14, s9
 601:Core/Src/main.c **** }
 2261              		.loc 1 601 34 view .LVU793
 2262 0062 C7EE057A 		vdiv.f32	s15, s14, s10
 601:Core/Src/main.c **** }
 2263              		.loc 1 601 43 view .LVU794
 2264 0066 77EEA57A 		vadd.f32	s15, s15, s11
 2265 006a B0EE678A 		vmov.f32	s16, s15
 2266              	.LVL104:
 601:Core/Src/main.c **** }
 2267              		.loc 1 601 43 view .LVU795
 2268              	.LBE289:
 2269              	.LBE292:
 605:Core/Src/main.c **** }
 2270              		.loc 1 605 41 discriminator 1 view .LVU796
 2271 006e C7EE867A 		vdiv.f32	s15, s15, s12
 2272              	.LBE295:
 2273              	.LBE298:
 619:Core/Src/main.c ****     float hca_out = HCA_Process(&hca, error);
 2274              		.loc 1 619 11 discriminator 1 view .LVU797
 2275 0072 D0EE267A 		vfnms.f32	s15, s0, s13
 620:Core/Src/main.c **** 
 2276              		.loc 1 620 21 view .LVU798
 2277 0076 B0EE670A 		vmov.f32	s0, s15
ARM GAS  /tmp/cc3FokBo.s 			page 73


 2278              	.LVL105:
 619:Core/Src/main.c ****     float hca_out = HCA_Process(&hca, error);
 2279              		.loc 1 619 11 discriminator 1 view .LVU799
 2280 007a F0EE678A 		vmov.f32	s17, s15
 2281              	.LVL106:
 620:Core/Src/main.c **** 
 2282              		.loc 1 620 5 is_stmt 1 view .LVU800
 620:Core/Src/main.c **** 
 2283              		.loc 1 620 21 is_stmt 0 view .LVU801
 2284 007e FFF7FEFF 		bl	HCA_Process
 2285              	.LVL107:
 622:Core/Src/main.c **** 
 2286              		.loc 1 622 5 is_stmt 1 view .LVU802
 622:Core/Src/main.c **** 
 2287              		.loc 1 622 23 is_stmt 0 view .LVU803
 2288 0082 3C49     		ldr	r1, .L111+8
 2289 0084 444B     		ldr	r3, .L111+44
 2290 0086 0868     		ldr	r0, [r1]
 624:Core/Src/main.c ****       USPWM(htim8.Instance, hca_out, ARR_VAL, MODULATION_INDEX);  // modulation_index=1.0, already 
 2291              		.loc 1 624 8 view .LVU804
 2292 0088 384A     		ldr	r2, .L111
 622:Core/Src/main.c **** 
 2293              		.loc 1 622 23 view .LVU805
 2294 008a C318     		adds	r3, r0, r3
 624:Core/Src/main.c ****       USPWM(htim8.Instance, hca_out, ARR_VAL, MODULATION_INDEX);  // modulation_index=1.0, already 
 2295              		.loc 1 624 8 view .LVU806
 2296 008c 15F0010F 		tst	r5, #1
 622:Core/Src/main.c **** 
 2297              		.loc 1 622 23 view .LVU807
 2298 0090 0B60     		str	r3, [r1]
 624:Core/Src/main.c ****       USPWM(htim8.Instance, hca_out, ARR_VAL, MODULATION_INDEX);  // modulation_index=1.0, already 
 2299              		.loc 1 624 5 is_stmt 1 view .LVU808
 624:Core/Src/main.c ****       USPWM(htim8.Instance, hca_out, ARR_VAL, MODULATION_INDEX);  // modulation_index=1.0, already 
 2300              		.loc 1 624 8 is_stmt 0 view .LVU809
 2301 0092 56D0     		beq	.L109
 2302              	.LVL108:
 2303              	.L97:
 628:Core/Src/main.c **** }
 2304              		.loc 1 628 5 is_stmt 1 view .LVU810
 628:Core/Src/main.c **** }
 2305              		.loc 1 628 5 is_stmt 0 view .LVU811
 2306              	.LBE301:
 2307              	.LBE309:
 696:Core/Src/main.c ****         {
 2308              		.loc 1 696 9 is_stmt 1 view .LVU812
 696:Core/Src/main.c ****         {
 2309              		.loc 1 696 13 is_stmt 0 view .LVU813
 2310 0094 414B     		ldr	r3, .L111+48
 2311 0096 1B78     		ldrb	r3, [r3]	@ zero_extendqisi2
 696:Core/Src/main.c ****         {
 2312              		.loc 1 696 12 view .LVU814
 2313 0098 002B     		cmp	r3, #0
 2314 009a B8D0     		beq	.L95
 696:Core/Src/main.c ****         {
 2315              		.loc 1 696 49 discriminator 1 view .LVU815
 2316 009c 1368     		ldr	r3, [r2]
 696:Core/Src/main.c ****         {
ARM GAS  /tmp/cc3FokBo.s 			page 74


 2317              		.loc 1 696 31 discriminator 1 view .LVU816
 2318 009e 5B07     		lsls	r3, r3, #29
 2319 00a0 B5D1     		bne	.L95
 2320              	.LBB310:
 698:Core/Src/main.c ****             PushStreamFrame(voltage_v, error);
 2321              		.loc 1 698 13 is_stmt 1 view .LVU817
 2322              	.LVL109:
 699:Core/Src/main.c ****         }
 2323              		.loc 1 699 13 view .LVU818
 2324              	.LBB311:
 2325              	.LBI311:
 655:Core/Src/main.c **** {
 2326              		.loc 1 655 20 view .LVU819
 2327              	.LBB312:
 657:Core/Src/main.c ****         stream_accum.timestamp_ms = HAL_GetTick();
 2328              		.loc 1 657 5 view .LVU820
 657:Core/Src/main.c ****         stream_accum.timestamp_ms = HAL_GetTick();
 2329              		.loc 1 657 28 is_stmt 0 view .LVU821
 2330 00a2 3F4B     		ldr	r3, .L111+52
 2331 00a4 1978     		ldrb	r1, [r3]	@ zero_extendqisi2
 657:Core/Src/main.c ****         stream_accum.timestamp_ms = HAL_GetTick();
 2332              		.loc 1 657 8 view .LVU822
 2333 00a6 0029     		cmp	r1, #0
 2334 00a8 58D0     		beq	.L106
 2335 00aa 3E4A     		ldr	r2, .L111+56
 2336              	.L98:
 661:Core/Src/main.c ****     stream_accum.samples[stream_accum_count].error   = error;
 2337              		.loc 1 661 5 is_stmt 1 view .LVU823
 661:Core/Src/main.c ****     stream_accum.samples[stream_accum_count].error   = error;
 2338              		.loc 1 661 54 is_stmt 0 view .LVU824
 2339 00ac 0131     		adds	r1, r1, #1
 2340 00ae 02EBC100 		add	r0, r2, r1, lsl #3
 662:Core/Src/main.c **** 
 2341              		.loc 1 662 54 view .LVU825
 2342 00b2 18EE903A 		vmov	r3, s17
 661:Core/Src/main.c ****     stream_accum.samples[stream_accum_count].error   = error;
 2343              		.loc 1 661 54 view .LVU826
 2344 00b6 18EE102A 		vmov	r2, s16
 664:Core/Src/main.c ****         return; // batch still filling
 2345              		.loc 1 664 9 view .LVU827
 2346 00ba C9B2     		uxtb	r1, r1
 664:Core/Src/main.c ****         return; // batch still filling
 2347              		.loc 1 664 8 view .LVU828
 2348 00bc 0729     		cmp	r1, #7
 661:Core/Src/main.c ****     stream_accum.samples[stream_accum_count].error   = error;
 2349              		.loc 1 661 54 view .LVU829
 2350 00be C0F80220 		str	r2, [r0, #2]	@ unaligned
 662:Core/Src/main.c **** 
 2351              		.loc 1 662 5 is_stmt 1 view .LVU830
 662:Core/Src/main.c **** 
 2352              		.loc 1 662 54 is_stmt 0 view .LVU831
 2353 00c2 C0F80630 		str	r3, [r0, #6]	@ unaligned
 664:Core/Src/main.c ****         return; // batch still filling
 2354              		.loc 1 664 5 is_stmt 1 view .LVU832
 664:Core/Src/main.c ****         return; // batch still filling
 2355              		.loc 1 664 8 is_stmt 0 view .LVU833
 2356 00c6 46D9     		bls	.L110
ARM GAS  /tmp/cc3FokBo.s 			page 75


 2357              	.LVL110:
 667:Core/Src/main.c **** 
 2358              		.loc 1 667 5 is_stmt 1 view .LVU834
 669:Core/Src/main.c ****     if (next_head == stream_fifo_tail) {
 2359              		.loc 1 669 55 is_stmt 0 view .LVU835
 2360 00c8 3749     		ldr	r1, .L111+60
 670:Core/Src/main.c ****         return; // consumer (UART) can't keep up, drop this batch
 2361              		.loc 1 670 19 view .LVU836
 2362 00ca 384A     		ldr	r2, .L111+64
 2363              	.LVL111:
 669:Core/Src/main.c ****     if (next_head == stream_fifo_tail) {
 2364              		.loc 1 669 55 view .LVU837
 2365 00cc 0B88     		ldrh	r3, [r1]
 2366              	.LVL112:
 670:Core/Src/main.c ****         return; // consumer (UART) can't keep up, drop this batch
 2367              		.loc 1 670 19 view .LVU838
 2368 00ce 1288     		ldrh	r2, [r2]
 667:Core/Src/main.c **** 
 2369              		.loc 1 667 24 view .LVU839
 2370 00d0 3348     		ldr	r0, .L111+52
 669:Core/Src/main.c ****     if (next_head == stream_fifo_tail) {
 2371              		.loc 1 669 55 view .LVU840
 2372 00d2 0133     		adds	r3, r3, #1
 669:Core/Src/main.c ****     if (next_head == stream_fifo_tail) {
 2373              		.loc 1 669 14 view .LVU841
 2374 00d4 03F03F03 		and	r3, r3, #63
 667:Core/Src/main.c **** 
 2375              		.loc 1 667 24 view .LVU842
 2376 00d8 4FF00004 		mov	r4, #0
 2377              	.LVL113:
 670:Core/Src/main.c ****         return; // consumer (UART) can't keep up, drop this batch
 2378              		.loc 1 670 8 view .LVU843
 2379 00dc 9342     		cmp	r3, r2
 669:Core/Src/main.c ****     if (next_head == stream_fifo_tail) {
 2380              		.loc 1 669 14 view .LVU844
 2381 00de 1E46     		mov	r6, r3
 667:Core/Src/main.c **** 
 2382              		.loc 1 667 24 view .LVU845
 2383 00e0 0470     		strb	r4, [r0]
 669:Core/Src/main.c ****     if (next_head == stream_fifo_tail) {
 2384              		.loc 1 669 5 is_stmt 1 view .LVU846
 2385              	.LVL114:
 670:Core/Src/main.c ****         return; // consumer (UART) can't keep up, drop this batch
 2386              		.loc 1 670 5 view .LVU847
 670:Core/Src/main.c ****         return; // consumer (UART) can't keep up, drop this batch
 2387              		.loc 1 670 8 is_stmt 0 view .LVU848
 2388 00e2 94D0     		beq	.L95
 674:Core/Src/main.c ****     *f              = stream_accum;
 2389              		.loc 1 674 5 is_stmt 1 view .LVU849
 674:Core/Src/main.c ****     *f              = stream_accum;
 2390              		.loc 1 674 39 is_stmt 0 view .LVU850
 2391 00e4 0B88     		ldrh	r3, [r1]
 2392              	.LVL115:
 675:Core/Src/main.c ****     f->sync0        = STREAM_SYNC0;
 2393              		.loc 1 675 21 view .LVU851
 2394 00e6 324D     		ldr	r5, .L111+68
 2395 00e8 2E49     		ldr	r1, .L111+56
ARM GAS  /tmp/cc3FokBo.s 			page 76


 674:Core/Src/main.c ****     *f              = stream_accum;
 2396              		.loc 1 674 39 view .LVU852
 2397 00ea 1F46     		mov	r7, r3
 2398              	.LVL116:
 675:Core/Src/main.c ****     f->sync0        = STREAM_SYNC0;
 2399              		.loc 1 675 5 is_stmt 1 view .LVU853
 675:Core/Src/main.c ****     f->sync0        = STREAM_SYNC0;
 2400              		.loc 1 675 21 is_stmt 0 view .LVU854
 2401 00ec 03EB8303 		add	r3, r3, r3, lsl #2
 2402              	.LVL117:
 675:Core/Src/main.c ****     f->sync0        = STREAM_SYNC0;
 2403              		.loc 1 675 21 view .LVU855
 2404 00f0 C3EB0314 		rsb	r4, r3, r3, lsl #4
 2405 00f4 4B22     		movs	r2, #75
 2406 00f6 2819     		adds	r0, r5, r4
 2407 00f8 FFF7FEFF 		bl	memcpy
 2408              	.LVL118:
 678:Core/Src/main.c ****     f->checksum     = StreamChecksum(f);
 2409              		.loc 1 678 33 view .LVU856
 2410 00fc DFF8BCC0 		ldr	ip, .L111+80
 675:Core/Src/main.c ****     f->sync0        = STREAM_SYNC0;
 2411              		.loc 1 675 21 view .LVU857
 2412 0100 0346     		mov	r3, r0
 676:Core/Src/main.c ****     f->sync1        = STREAM_SYNC1;
 2413              		.loc 1 676 5 is_stmt 1 view .LVU858
 677:Core/Src/main.c ****     f->seq          = stream_seq++;
 2414              		.loc 1 677 5 view .LVU859
 678:Core/Src/main.c ****     f->checksum     = StreamChecksum(f);
 2415              		.loc 1 678 33 is_stmt 0 view .LVU860
 2416 0102 DCF80010 		ldr	r1, [ip]
 2417              	.LBB313:
 2418              	.LBB314:
 633:Core/Src/main.c ****     const uint16_t len = (uint16_t)(sizeof(AdcStreamFrame_t) - sizeof(f->sync0)
 2419              		.loc 1 633 20 view .LVU861
 2420 0106 A01C     		adds	r0, r4, #2
 2421              	.LBE314:
 2422              	.LBE313:
 676:Core/Src/main.c ****     f->sync1        = STREAM_SYNC1;
 2423              		.loc 1 676 21 view .LVU862
 2424 0108 45F6A52E 		movw	lr, 23205	@ movhi
 2425              	.LBB321:
 2426              	.LBB317:
 633:Core/Src/main.c ****     const uint16_t len = (uint16_t)(sizeof(AdcStreamFrame_t) - sizeof(f->sync0)
 2427              		.loc 1 633 20 view .LVU863
 2428 010c 2844     		add	r0, r0, r5
 2429              	.LBE317:
 2430              	.LBE321:
 676:Core/Src/main.c ****     f->sync1        = STREAM_SYNC1;
 2431              		.loc 1 676 21 view .LVU864
 2432 010e 25F804E0 		strh	lr, [r5, r4]	@ unaligned
 678:Core/Src/main.c ****     f->checksum     = StreamChecksum(f);
 2433              		.loc 1 678 5 is_stmt 1 view .LVU865
 678:Core/Src/main.c ****     f->checksum     = StreamChecksum(f);
 2434              		.loc 1 678 21 is_stmt 0 view .LVU866
 2435 0112 C3F80210 		str	r1, [r3, #2]	@ unaligned
 679:Core/Src/main.c **** 
 2436              		.loc 1 679 5 is_stmt 1 view .LVU867
ARM GAS  /tmp/cc3FokBo.s 			page 77


 2437              	.LVL119:
 2438              	.LBB322:
 2439              	.LBI313:
 631:Core/Src/main.c **** {
 2440              		.loc 1 631 16 view .LVU868
 2441              	.LBB318:
 633:Core/Src/main.c ****     const uint16_t len = (uint16_t)(sizeof(AdcStreamFrame_t) - sizeof(f->sync0)
 2442              		.loc 1 633 5 view .LVU869
 634:Core/Src/main.c ****                                      - sizeof(f->sync1) - sizeof(f->checksum));
 2443              		.loc 1 634 5 view .LVU870
 636:Core/Src/main.c ****     for (uint16_t i = 0; i < len; i++) {
 2444              		.loc 1 636 5 view .LVU871
 637:Core/Src/main.c ****         sum += p[i];
 2445              		.loc 1 637 5 view .LVU872
 2446              	.LBB315:
 637:Core/Src/main.c ****         sum += p[i];
 2447              		.loc 1 637 10 view .LVU873
 637:Core/Src/main.c ****         sum += p[i];
 2448              		.loc 1 637 28 discriminator 2 view .LVU874
 2449              	.LBE315:
 2450              	.LBE318:
 2451              	.LBE322:
 678:Core/Src/main.c ****     f->checksum     = StreamChecksum(f);
 2452              		.loc 1 678 33 is_stmt 0 view .LVU875
 2453 0116 0131     		adds	r1, r1, #1
 2454 0118 431E     		subs	r3, r0, #1
 2455              	.LBB323:
 2456              	.LBB319:
 636:Core/Src/main.c ****     for (uint16_t i = 0; i < len; i++) {
 2457              		.loc 1 636 13 view .LVU876
 2458 011a 0022     		movs	r2, #0
 2459              	.LBE319:
 2460              	.LBE323:
 678:Core/Src/main.c ****     f->checksum     = StreamChecksum(f);
 2461              		.loc 1 678 33 view .LVU877
 2462 011c CCF80010 		str	r1, [ip]
 2463 0120 4730     		adds	r0, r0, #71
 2464              	.LVL120:
 2465              	.L100:
 2466              	.LBB324:
 2467              	.LBB320:
 2468              	.LBB316:
 638:Core/Src/main.c ****     }
 2469              		.loc 1 638 9 is_stmt 1 view .LVU878
 638:Core/Src/main.c ****     }
 2470              		.loc 1 638 13 is_stmt 0 view .LVU879
 2471 0122 13F8011F 		ldrb	r1, [r3, #1]!	@ zero_extendqisi2
 2472              	.LVL121:
 637:Core/Src/main.c ****         sum += p[i];
 2473              		.loc 1 637 28 discriminator 2 view .LVU880
 2474 0126 8342     		cmp	r3, r0
 638:Core/Src/main.c ****     }
 2475              		.loc 1 638 13 view .LVU881
 2476 0128 0A44     		add	r2, r2, r1
 2477              	.LVL122:
 637:Core/Src/main.c ****         sum += p[i];
 2478              		.loc 1 637 36 is_stmt 1 discriminator 1 view .LVU882
ARM GAS  /tmp/cc3FokBo.s 			page 78


 637:Core/Src/main.c ****         sum += p[i];
 2479              		.loc 1 637 28 discriminator 2 view .LVU883
 2480 012a FAD1     		bne	.L100
 2481              	.LBE316:
 640:Core/Src/main.c **** }
 2482              		.loc 1 640 5 view .LVU884
 2483              	.LVL123:
 640:Core/Src/main.c **** }
 2484              		.loc 1 640 5 is_stmt 0 view .LVU885
 2485              	.LBE320:
 2486              	.LBE324:
 679:Core/Src/main.c **** 
 2487              		.loc 1 679 21 discriminator 1 view .LVU886
 2488 012c 2049     		ldr	r1, .L111+68
 2489 012e 07EB8703 		add	r3, r7, r7, lsl #2
 2490 0132 C3EB0313 		rsb	r3, r3, r3, lsl #4
 2491 0136 0B44     		add	r3, r3, r1
 681:Core/Src/main.c **** }
 2492              		.loc 1 681 22 view .LVU887
 2493 0138 1B49     		ldr	r1, .L111+60
 679:Core/Src/main.c **** 
 2494              		.loc 1 679 21 discriminator 1 view .LVU888
 2495 013a 83F84A20 		strb	r2, [r3, #74]
 681:Core/Src/main.c **** }
 2496              		.loc 1 681 5 is_stmt 1 view .LVU889
 2497              	.LVL124:
 681:Core/Src/main.c **** }
 2498              		.loc 1 681 22 is_stmt 0 view .LVU890
 2499 013e 0E80     		strh	r6, [r1]	@ movhi
 2500              	.LBE312:
 2501              	.LBE311:
 2502              	.LBE310:
 2503              	.LBE280:
 702:Core/Src/main.c **** 
 2504              		.loc 1 702 1 view .LVU891
 2505 0140 65E7     		b	.L95
 2506              	.LVL125:
 2507              	.L109:
 2508              	.LBB329:
 2509              	.LBB327:
 2510              	.LBB302:
 625:Core/Src/main.c ****     }
 2511              		.loc 1 625 7 is_stmt 1 view .LVU892
 2512 0142 1C4B     		ldr	r3, .L111+72
 2513 0144 DFED1C0A 		vldr.32	s1, .L111+76
 2514 0148 1868     		ldr	r0, [r3]
 2515 014a 41F29901 		movw	r1, #4249
 2516 014e FFF7FEFF 		bl	USPWM
 2517              	.LVL126:
 625:Core/Src/main.c ****     }
 2518              		.loc 1 625 7 is_stmt 0 view .LVU893
 2519 0152 064A     		ldr	r2, .L111
 2520 0154 9EE7     		b	.L97
 2521              	.LVL127:
 2522              	.L110:
 625:Core/Src/main.c ****     }
 2523              		.loc 1 625 7 view .LVU894
ARM GAS  /tmp/cc3FokBo.s 			page 79


 2524              	.LBE302:
 2525              	.LBE327:
 2526              	.LBB328:
 2527              	.LBB326:
 2528              	.LBB325:
 664:Core/Src/main.c ****         return; // batch still filling
 2529              		.loc 1 664 8 view .LVU895
 2530 0156 124B     		ldr	r3, .L111+52
 2531              	.LVL128:
 664:Core/Src/main.c ****         return; // batch still filling
 2532              		.loc 1 664 8 view .LVU896
 2533 0158 1970     		strb	r1, [r3]
 2534 015a 58E7     		b	.L95
 2535              	.LVL129:
 2536              	.L106:
 658:Core/Src/main.c ****     }
 2537              		.loc 1 658 9 is_stmt 1 view .LVU897
 658:Core/Src/main.c ****     }
 2538              		.loc 1 658 37 is_stmt 0 view .LVU898
 2539 015c FFF7FEFF 		bl	HAL_GetTick
 2540              	.LVL130:
 658:Core/Src/main.c ****     }
 2541              		.loc 1 658 35 discriminator 1 view .LVU899
 2542 0160 104A     		ldr	r2, .L111+56
 661:Core/Src/main.c ****     stream_accum.samples[stream_accum_count].error   = error;
 2543              		.loc 1 661 45 view .LVU900
 2544 0162 0F4B     		ldr	r3, .L111+52
 658:Core/Src/main.c ****     }
 2545              		.loc 1 658 35 discriminator 1 view .LVU901
 2546 0164 C2F80600 		str	r0, [r2, #6]	@ unaligned
 661:Core/Src/main.c ****     stream_accum.samples[stream_accum_count].error   = error;
 2547              		.loc 1 661 45 view .LVU902
 2548 0168 1978     		ldrb	r1, [r3]	@ zero_extendqisi2
 2549 016a 9FE7     		b	.L98
 2550              	.L112:
 2551              		.align	2
 2552              	.L111:
 2553 016c 00000000 		.word	tick_counter
 2554 0170 00000000 		.word	adc1_raw
 2555 0174 00000000 		.word	angle_fundamental.1
 2556 0178 3333D33A 		.word	986919731
 2557 017c DDF3B13B 		.word	1001518045
 2558 0180 00002C43 		.word	1126957056
 2559 0184 00001F43 		.word	1126105088
 2560 0188 0000AC41 		.word	1101791232
 2561 018c 00004843 		.word	1128792064
 2562 0190 00000000 		.word	hca
 2563 0194 CDCC4C3F 		.word	1061997773
 2564 0198 85EB5100 		.word	5368709
 2565 019c 00000000 		.word	streaming_enabled
 2566 01a0 00000000 		.word	stream_accum_count
 2567 01a4 00000000 		.word	stream_accum
 2568 01a8 00000000 		.word	stream_fifo_head
 2569 01ac 00000000 		.word	stream_fifo_tail
 2570 01b0 00000000 		.word	stream_fifo
 2571 01b4 00000000 		.word	htim8
 2572 01b8 9A99593F 		.word	1062836634
ARM GAS  /tmp/cc3FokBo.s 			page 80


 2573 01bc 00000000 		.word	stream_seq
 2574              	.LBE325:
 2575              	.LBE326:
 2576              	.LBE328:
 2577              	.LBE329:
 2578              		.cfi_endproc
 2579              	.LFE343:
 2581              		.section	.text.HAL_UART_TxCpltCallback,"ax",%progbits
 2582              		.align	1
 2583              		.p2align 2,,3
 2584              		.global	HAL_UART_TxCpltCallback
 2585              		.syntax unified
 2586              		.thumb
 2587              		.thumb_func
 2589              	HAL_UART_TxCpltCallback:
 2590              	.LVL131:
 2591              	.LFB344:
 709:Core/Src/main.c ****     if (huart->Instance == LPUART1)
 2592              		.loc 1 709 1 is_stmt 1 view -0
 2593              		.cfi_startproc
 2594              		@ args = 0, pretend = 0, frame = 0
 2595              		@ frame_needed = 0, uses_anonymous_args = 0
 2596              		@ link register save eliminated.
 710:Core/Src/main.c ****     {
 2597              		.loc 1 710 5 view .LVU904
 710:Core/Src/main.c ****     {
 2598              		.loc 1 710 8 is_stmt 0 view .LVU905
 2599 0000 074B     		ldr	r3, .L116
 2600 0002 0268     		ldr	r2, [r0]
 2601 0004 9A42     		cmp	r2, r3
 2602 0006 00D0     		beq	.L115
 715:Core/Src/main.c **** 
 2603              		.loc 1 715 1 view .LVU906
 2604 0008 7047     		bx	lr
 2605              	.L115:
 712:Core/Src/main.c ****         stream_tx_busy = 0;
 2606              		.loc 1 712 9 is_stmt 1 view .LVU907
 712:Core/Src/main.c ****         stream_tx_busy = 0;
 2607              		.loc 1 712 28 is_stmt 0 view .LVU908
 2608 000a 064A     		ldr	r2, .L116+4
 713:Core/Src/main.c ****     }
 2609              		.loc 1 713 24 view .LVU909
 2610 000c 0649     		ldr	r1, .L116+8
 712:Core/Src/main.c ****         stream_tx_busy = 0;
 2611              		.loc 1 712 28 view .LVU910
 2612 000e 1388     		ldrh	r3, [r2]
 712:Core/Src/main.c ****         stream_tx_busy = 0;
 2613              		.loc 1 712 57 view .LVU911
 2614 0010 0133     		adds	r3, r3, #1
 713:Core/Src/main.c ****     }
 2615              		.loc 1 713 24 view .LVU912
 2616 0012 0020     		movs	r0, #0
 2617              	.LVL132:
 712:Core/Src/main.c ****         stream_tx_busy = 0;
 2618              		.loc 1 712 28 view .LVU913
 2619 0014 03F03F03 		and	r3, r3, #63
 712:Core/Src/main.c ****         stream_tx_busy = 0;
ARM GAS  /tmp/cc3FokBo.s 			page 81


 2620              		.loc 1 712 26 view .LVU914
 2621 0018 1380     		strh	r3, [r2]	@ movhi
 713:Core/Src/main.c ****     }
 2622              		.loc 1 713 9 is_stmt 1 view .LVU915
 713:Core/Src/main.c ****     }
 2623              		.loc 1 713 24 is_stmt 0 view .LVU916
 2624 001a 0870     		strb	r0, [r1]
 715:Core/Src/main.c **** 
 2625              		.loc 1 715 1 view .LVU917
 2626 001c 7047     		bx	lr
 2627              	.L117:
 2628 001e 00BF     		.align	2
 2629              	.L116:
 2630 0020 00800040 		.word	1073774592
 2631 0024 00000000 		.word	stream_fifo_tail
 2632 0028 00000000 		.word	stream_tx_busy
 2633              		.cfi_endproc
 2634              	.LFE344:
 2636              		.section	.text.Error_Handler,"ax",%progbits
 2637              		.align	1
 2638              		.p2align 2,,3
 2639              		.global	Error_Handler
 2640              		.syntax unified
 2641              		.thumb
 2642              		.thumb_func
 2644              	Error_Handler:
 2645              	.LFB351:
 883:Core/Src/main.c ****   /* USER CODE BEGIN Error_Handler_Debug */
 2646              		.loc 1 883 1 is_stmt 1 view -0
 2647              		.cfi_startproc
 2648              		@ Volatile: function does not return.
 2649              		@ args = 0, pretend = 0, frame = 0
 2650              		@ frame_needed = 0, uses_anonymous_args = 0
 2651              		@ link register save eliminated.
 886:Core/Src/main.c ****   while (1)
 2652              		.loc 1 886 3 view .LVU919
 2653              	.LBB330:
 2654              	.LBI330:
 207:Drivers/CMSIS/Include/cmsis_gcc.h **** {
 2655              		.loc 2 207 27 view .LVU920
 2656              	.LBB331:
 2657              		.loc 2 209 3 view .LVU921
 2658              		.syntax unified
 2659              	@ 209 "Drivers/CMSIS/Include/cmsis_gcc.h" 1
 2660 0000 72B6     		cpsid i
 2661              	@ 0 "" 2
 2662              		.thumb
 2663              		.syntax unified
 2664              	.L119:
 2665              	.LBE331:
 2666              	.LBE330:
 887:Core/Src/main.c ****   {
 2667              		.loc 1 887 3 view .LVU922
 2668              		.loc 1 889 3 view .LVU923
 887:Core/Src/main.c ****   {
 2669              		.loc 1 887 9 view .LVU924
 887:Core/Src/main.c ****   {
ARM GAS  /tmp/cc3FokBo.s 			page 82


 2670              		.loc 1 887 3 view .LVU925
 2671              		.loc 1 889 3 view .LVU926
 887:Core/Src/main.c ****   {
 2672              		.loc 1 887 9 view .LVU927
 2673 0002 FEE7     		b	.L119
 2674              		.cfi_endproc
 2675              	.LFE351:
 2677              		.section	.bss.angle_fundamental.1,"aw",%nobits
 2678              		.align	2
 2681              	angle_fundamental.1:
 2682 0000 00000000 		.space	4
 2683              		.section	.bss.coeff_rx_started_ms,"aw",%nobits
 2684              		.align	2
 2687              	coeff_rx_started_ms:
 2688 0000 00000000 		.space	4
 2689              		.section	.bss.coeff_rx_active,"aw",%nobits
 2692              	coeff_rx_active:
 2693 0000 00       		.space	1
 2694              		.section	.bss.coeff_rx_len,"aw",%nobits
 2697              	coeff_rx_len:
 2698 0000 00       		.space	1
 2699              		.section	.bss.coeff_rx,"aw",%nobits
 2700              		.align	2
 2703              	coeff_rx:
 2704 0000 00000000 		.space	18
 2704      00000000 
 2704      00000000 
 2704      00000000 
 2704      0000
 2705              		.global	tick_counter
 2706              		.section	.bss.tick_counter,"aw",%nobits
 2707              		.align	2
 2710              	tick_counter:
 2711 0000 00000000 		.space	4
 2712              		.section	.bss.stream_accum_count,"aw",%nobits
 2715              	stream_accum_count:
 2716 0000 00       		.space	1
 2717              		.section	.bss.stream_accum,"aw",%nobits
 2718              		.align	2
 2721              	stream_accum:
 2722 0000 00000000 		.space	75
 2722      00000000 
 2722      00000000 
 2722      00000000 
 2722      00000000 
 2723              		.global	clock_fault_flag
 2724              		.section	.bss.clock_fault_flag,"aw",%nobits
 2727              	clock_fault_flag:
 2728 0000 00       		.space	1
 2729              		.section	.bss.stream_tx_busy,"aw",%nobits
 2732              	stream_tx_busy:
 2733 0000 00       		.space	1
 2734              		.section	.bss.stream_seq,"aw",%nobits
 2735              		.align	2
 2738              	stream_seq:
 2739 0000 00000000 		.space	4
 2740              		.section	.bss.stream_fifo_tail,"aw",%nobits
ARM GAS  /tmp/cc3FokBo.s 			page 83


 2741              		.align	1
 2744              	stream_fifo_tail:
 2745 0000 0000     		.space	2
 2746              		.section	.bss.stream_fifo_head,"aw",%nobits
 2747              		.align	1
 2750              	stream_fifo_head:
 2751 0000 0000     		.space	2
 2752              		.section	.bss.stream_fifo,"aw",%nobits
 2753              		.align	2
 2756              	stream_fifo:
 2757 0000 00000000 		.space	4800
 2757      00000000 
 2757      00000000 
 2757      00000000 
 2757      00000000 
 2758              		.section	.bss.uart_rx_tail,"aw",%nobits
 2759              		.align	1
 2762              	uart_rx_tail:
 2763 0000 0000     		.space	2
 2764              		.section	.bss.uart_rx_dma,"aw",%nobits
 2765              		.align	2
 2768              	uart_rx_dma:
 2769 0000 00000000 		.space	64
 2769      00000000 
 2769      00000000 
 2769      00000000 
 2769      00000000 
 2770              		.global	streaming_enabled
 2771              		.section	.bss.streaming_enabled,"aw",%nobits
 2774              	streaming_enabled:
 2775 0000 00       		.space	1
 2776              		.global	hca
 2777              		.section	.bss.hca,"aw",%nobits
 2778              		.align	2
 2781              	hca:
 2782 0000 00000000 		.space	18608
 2782      00000000 
 2782      00000000 
 2782      00000000 
 2782      00000000 
 2783              		.global	adc1_raw
 2784              		.section	.bss.adc1_raw,"aw",%nobits
 2785              		.align	1
 2788              	adc1_raw:
 2789 0000 0000     		.space	2
 2790              		.global	htim8
 2791              		.section	.bss.htim8,"aw",%nobits
 2792              		.align	2
 2795              	htim8:
 2796 0000 00000000 		.space	76
 2796      00000000 
 2796      00000000 
 2796      00000000 
 2796      00000000 
 2797              		.global	hdma_lpuart1_tx
 2798              		.section	.bss.hdma_lpuart1_tx,"aw",%nobits
 2799              		.align	2
ARM GAS  /tmp/cc3FokBo.s 			page 84


 2802              	hdma_lpuart1_tx:
 2803 0000 00000000 		.space	96
 2803      00000000 
 2803      00000000 
 2803      00000000 
 2803      00000000 
 2804              		.global	hdma_lpuart1_rx
 2805              		.section	.bss.hdma_lpuart1_rx,"aw",%nobits
 2806              		.align	2
 2809              	hdma_lpuart1_rx:
 2810 0000 00000000 		.space	96
 2810      00000000 
 2810      00000000 
 2810      00000000 
 2810      00000000 
 2811              		.global	hlpuart1
 2812              		.section	.bss.hlpuart1,"aw",%nobits
 2813              		.align	2
 2816              	hlpuart1:
 2817 0000 00000000 		.space	148
 2817      00000000 
 2817      00000000 
 2817      00000000 
 2817      00000000 
 2818              		.global	hdma_adc1
 2819              		.section	.bss.hdma_adc1,"aw",%nobits
 2820              		.align	2
 2823              	hdma_adc1:
 2824 0000 00000000 		.space	96
 2824      00000000 
 2824      00000000 
 2824      00000000 
 2824      00000000 
 2825              		.global	hadc1
 2826              		.section	.bss.hadc1,"aw",%nobits
 2827              		.align	2
 2830              	hadc1:
 2831 0000 00000000 		.space	108
 2831      00000000 
 2831      00000000 
 2831      00000000 
 2831      00000000 
 2832              		.text
 2833              	.Letext0:
 2834              		.file 3 "Drivers/CMSIS/Device/ST/STM32G4xx/Include/stm32g474xx.h"
 2835              		.file 4 "/usr/arm-none-eabi/include/machine/_default_types.h"
 2836              		.file 5 "/usr/arm-none-eabi/include/sys/_stdint.h"
 2837              		.file 6 "Drivers/CMSIS/Device/ST/STM32G4xx/Include/stm32g4xx.h"
 2838              		.file 7 "Drivers/STM32G4xx_HAL_Driver/Inc/stm32g4xx_hal_def.h"
 2839              		.file 8 "Drivers/STM32G4xx_HAL_Driver/Inc/stm32g4xx_hal_rcc.h"
 2840              		.file 9 "Drivers/STM32G4xx_HAL_Driver/Inc/stm32g4xx_hal_dma.h"
 2841              		.file 10 "Drivers/STM32G4xx_HAL_Driver/Inc/stm32g4xx_hal_adc.h"
 2842              		.file 11 "Drivers/STM32G4xx_HAL_Driver/Inc/stm32g4xx_hal_adc_ex.h"
 2843              		.file 12 "Drivers/STM32G4xx_HAL_Driver/Inc/stm32g4xx_hal_tim.h"
 2844              		.file 13 "Drivers/STM32G4xx_HAL_Driver/Inc/stm32g4xx_hal_uart.h"
 2845              		.file 14 "Core/Inc/main.h"
 2846              		.file 15 "Core/Inc/hca_lib.h"
ARM GAS  /tmp/cc3FokBo.s 			page 85


 2847              		.file 16 "Core/Inc/unipolar_spwm_controller.h"
 2848              		.file 17 "Drivers/STM32G4xx_HAL_Driver/Inc/stm32g4xx_hal_tim_ex.h"
 2849              		.file 18 "Drivers/STM32G4xx_HAL_Driver/Inc/stm32g4xx_hal_pwr_ex.h"
 2850              		.file 19 "Drivers/STM32G4xx_HAL_Driver/Inc/stm32g4xx_hal_uart_ex.h"
 2851              		.file 20 "Drivers/STM32G4xx_HAL_Driver/Inc/stm32g4xx_hal_cortex.h"
 2852              		.file 21 "Drivers/STM32G4xx_HAL_Driver/Inc/stm32g4xx_hal.h"
 2853              		.file 22 "<built-in>"
ARM GAS  /tmp/cc3FokBo.s 			page 86


DEFINED SYMBOLS
                            *ABS*:00000000 main.c
     /tmp/cc3FokBo.s:21     .text.SendCoeffFrame:00000000 $t
     /tmp/cc3FokBo.s:27     .text.SendCoeffFrame:00000000 SendCoeffFrame
     /tmp/cc3FokBo.s:156    .text.SendCoeffFrame:00000070 $d
     /tmp/cc3FokBo.s:2732   .bss.stream_tx_busy:00000000 stream_tx_busy
     /tmp/cc3FokBo.s:2816   .bss.hlpuart1:00000000 hlpuart1
     /tmp/cc3FokBo.s:162    .text.SystemClock_Config:00000000 $t
     /tmp/cc3FokBo.s:169    .text.SystemClock_Config:00000000 SystemClock_Config
     /tmp/cc3FokBo.s:324    .text.SystemClock_Config:00000070 $d
     /tmp/cc3FokBo.s:330    .rodata.main.str1.4:00000000 $d
     /tmp/cc3FokBo.s:334    .text.startup.main:00000000 $t
     /tmp/cc3FokBo.s:341    .text.startup.main:00000000 main
     /tmp/cc3FokBo.s:1008   .text.startup.main:000002e0 $d
     /tmp/cc3FokBo.s:2781   .bss.hca:00000000 hca
     /tmp/cc3FokBo.s:2830   .bss.hadc1:00000000 hadc1
     /tmp/cc3FokBo.s:2795   .bss.htim8:00000000 htim8
     /tmp/cc3FokBo.s:1034   .text.startup.main:00000338 $t
     /tmp/cc3FokBo.s:1531   .text.startup.main:00000478 $d
     /tmp/cc3FokBo.s:1553   .text.startup.main:0000048e $t
     /tmp/cc3FokBo.s:1810   .text.startup.main:00000574 $d
     /tmp/cc3FokBo.s:2768   .bss.uart_rx_dma:00000000 uart_rx_dma
     /tmp/cc3FokBo.s:2788   .bss.adc1_raw:00000000 adc1_raw
     /tmp/cc3FokBo.s:2809   .bss.hdma_lpuart1_rx:00000000 hdma_lpuart1_rx
     /tmp/cc3FokBo.s:2762   .bss.uart_rx_tail:00000000 uart_rx_tail
     /tmp/cc3FokBo.s:2692   .bss.coeff_rx_active:00000000 coeff_rx_active
     /tmp/cc3FokBo.s:2687   .bss.coeff_rx_started_ms:00000000 coeff_rx_started_ms
     /tmp/cc3FokBo.s:2774   .bss.streaming_enabled:00000000 streaming_enabled
     /tmp/cc3FokBo.s:2697   .bss.coeff_rx_len:00000000 coeff_rx_len
     /tmp/cc3FokBo.s:2744   .bss.stream_fifo_tail:00000000 stream_fifo_tail
     /tmp/cc3FokBo.s:2750   .bss.stream_fifo_head:00000000 stream_fifo_head
     /tmp/cc3FokBo.s:2756   .bss.stream_fifo:00000000 stream_fifo
     /tmp/cc3FokBo.s:1837   .text.startup.main:000005c0 $t
     /tmp/cc3FokBo.s:1995   .text.startup.main:0000065c $d
     /tmp/cc3FokBo.s:2703   .bss.coeff_rx:00000000 coeff_rx
     /tmp/cc3FokBo.s:2010   .text.HAL_RCC_CSSCallback:00000000 $t
     /tmp/cc3FokBo.s:2017   .text.HAL_RCC_CSSCallback:00000000 HAL_RCC_CSSCallback
     /tmp/cc3FokBo.s:2079   .text.HAL_RCC_CSSCallback:0000004c $d
     /tmp/cc3FokBo.s:2727   .bss.clock_fault_flag:00000000 clock_fault_flag
     /tmp/cc3FokBo.s:2085   .text.HAL_ADC_ConvCpltCallback:00000000 $t
     /tmp/cc3FokBo.s:2092   .text.HAL_ADC_ConvCpltCallback:00000000 HAL_ADC_ConvCpltCallback
     /tmp/cc3FokBo.s:2553   .text.HAL_ADC_ConvCpltCallback:0000016c $d
     /tmp/cc3FokBo.s:2710   .bss.tick_counter:00000000 tick_counter
     /tmp/cc3FokBo.s:2681   .bss.angle_fundamental.1:00000000 angle_fundamental.1
     /tmp/cc3FokBo.s:2715   .bss.stream_accum_count:00000000 stream_accum_count
     /tmp/cc3FokBo.s:2721   .bss.stream_accum:00000000 stream_accum
     /tmp/cc3FokBo.s:2738   .bss.stream_seq:00000000 stream_seq
     /tmp/cc3FokBo.s:2582   .text.HAL_UART_TxCpltCallback:00000000 $t
     /tmp/cc3FokBo.s:2589   .text.HAL_UART_TxCpltCallback:00000000 HAL_UART_TxCpltCallback
     /tmp/cc3FokBo.s:2630   .text.HAL_UART_TxCpltCallback:00000020 $d
     /tmp/cc3FokBo.s:2637   .text.Error_Handler:00000000 $t
     /tmp/cc3FokBo.s:2644   .text.Error_Handler:00000000 Error_Handler
     /tmp/cc3FokBo.s:2678   .bss.angle_fundamental.1:00000000 $d
     /tmp/cc3FokBo.s:2684   .bss.coeff_rx_started_ms:00000000 $d
     /tmp/cc3FokBo.s:2693   .bss.coeff_rx_active:00000000 $d
     /tmp/cc3FokBo.s:2698   .bss.coeff_rx_len:00000000 $d
     /tmp/cc3FokBo.s:2700   .bss.coeff_rx:00000000 $d
ARM GAS  /tmp/cc3FokBo.s 			page 87


     /tmp/cc3FokBo.s:2707   .bss.tick_counter:00000000 $d
     /tmp/cc3FokBo.s:2716   .bss.stream_accum_count:00000000 $d
     /tmp/cc3FokBo.s:2718   .bss.stream_accum:00000000 $d
     /tmp/cc3FokBo.s:2728   .bss.clock_fault_flag:00000000 $d
     /tmp/cc3FokBo.s:2733   .bss.stream_tx_busy:00000000 $d
     /tmp/cc3FokBo.s:2735   .bss.stream_seq:00000000 $d
     /tmp/cc3FokBo.s:2741   .bss.stream_fifo_tail:00000000 $d
     /tmp/cc3FokBo.s:2747   .bss.stream_fifo_head:00000000 $d
     /tmp/cc3FokBo.s:2753   .bss.stream_fifo:00000000 $d
     /tmp/cc3FokBo.s:2759   .bss.uart_rx_tail:00000000 $d
     /tmp/cc3FokBo.s:2765   .bss.uart_rx_dma:00000000 $d
     /tmp/cc3FokBo.s:2775   .bss.streaming_enabled:00000000 $d
     /tmp/cc3FokBo.s:2778   .bss.hca:00000000 $d
     /tmp/cc3FokBo.s:2785   .bss.adc1_raw:00000000 $d
     /tmp/cc3FokBo.s:2792   .bss.htim8:00000000 $d
     /tmp/cc3FokBo.s:2802   .bss.hdma_lpuart1_tx:00000000 hdma_lpuart1_tx
     /tmp/cc3FokBo.s:2799   .bss.hdma_lpuart1_tx:00000000 $d
     /tmp/cc3FokBo.s:2806   .bss.hdma_lpuart1_rx:00000000 $d
     /tmp/cc3FokBo.s:2813   .bss.hlpuart1:00000000 $d
     /tmp/cc3FokBo.s:2823   .bss.hdma_adc1:00000000 hdma_adc1
     /tmp/cc3FokBo.s:2820   .bss.hdma_adc1:00000000 $d
     /tmp/cc3FokBo.s:2827   .bss.hadc1:00000000 $d

UNDEFINED SYMBOLS
HAL_UART_Transmit
memset
HAL_PWREx_ControlVoltageScaling
HAL_RCC_OscConfig
HAL_RCC_ClockConfig
HAL_RCC_EnableCSS
HAL_Init
HCA_Init
HCA_Add_Channel
HAL_NVIC_SetPriority
HAL_NVIC_EnableIRQ
HAL_ADC_Init
HAL_ADCEx_MultiModeConfigChannel
HAL_ADC_ConfigChannel
HAL_TIM_PWM_Init
HAL_TIMEx_MasterConfigSynchronization
HAL_TIM_PWM_ConfigChannel
HAL_TIMEx_ConfigBreakDeadTime
HAL_TIM_MspPostInit
HAL_UART_Init
HAL_UARTEx_SetTxFifoThreshold
HAL_UARTEx_SetRxFifoThreshold
HAL_UARTEx_DisableFifoMode
HAL_UART_Receive_DMA
HAL_ADC_Start_DMA
HAL_TIMEx_PWMN_Start
HAL_TIM_PWM_Start
HAL_GetTick
HCA_reset_accumulators
HCA_UpdateChannel
HAL_TIMEx_PWMN_Stop
HAL_TIM_PWM_Stop
HCA_fastSin
ARM GAS  /tmp/cc3FokBo.s 			page 88


HCA_Process
memcpy
USPWM
