ARM GAS  /tmp/ccTSPs4y.s 			page 1


   1              		.cpu cortex-m4
   2              		.arch armv7e-m
   3              		.fpu fpv4-sp-d16
   4              		.eabi_attribute 27, 1
   5              		.eabi_attribute 28, 1
   6              		.eabi_attribute 20, 1
   7              		.eabi_attribute 21, 1
   8              		.eabi_attribute 23, 3
   9              		.eabi_attribute 24, 1
  10              		.eabi_attribute 25, 1
  11              		.eabi_attribute 26, 1
  12              		.eabi_attribute 30, 2
  13              		.eabi_attribute 34, 1
  14              		.eabi_attribute 18, 4
  15              		.file	"stm32g4xx_hal_dma.c"
  16              		.text
  17              	.Ltext0:
  18              		.cfi_sections	.debug_frame
  19              		.file 1 "Drivers/STM32G4xx_HAL_Driver/Src/stm32g4xx_hal_dma.c"
  20              		.section	.text.DMA_CalcDMAMUXChannelBaseAndMask,"ax",%progbits
  21              		.align	1
  22              		.p2align 2,,3
  23              		.syntax unified
  24              		.thumb
  25              		.thumb_func
  27              	DMA_CalcDMAMUXChannelBaseAndMask:
  28              	.LVL0:
  29              	.LFB342:
   1:Drivers/STM32G4xx_HAL_Driver/Src/stm32g4xx_hal_dma.c **** /**
   2:Drivers/STM32G4xx_HAL_Driver/Src/stm32g4xx_hal_dma.c ****   ******************************************************************************
   3:Drivers/STM32G4xx_HAL_Driver/Src/stm32g4xx_hal_dma.c ****   * @file    stm32g4xx_hal_dma.c
   4:Drivers/STM32G4xx_HAL_Driver/Src/stm32g4xx_hal_dma.c ****   * @author  MCD Application Team
   5:Drivers/STM32G4xx_HAL_Driver/Src/stm32g4xx_hal_dma.c ****   * @brief   DMA HAL module driver.
   6:Drivers/STM32G4xx_HAL_Driver/Src/stm32g4xx_hal_dma.c ****   *         This file provides firmware functions to manage the following
   7:Drivers/STM32G4xx_HAL_Driver/Src/stm32g4xx_hal_dma.c ****   *         functionalities of the Direct Memory Access (DMA) peripheral:
   8:Drivers/STM32G4xx_HAL_Driver/Src/stm32g4xx_hal_dma.c ****   *           + Initialization and de-initialization functions
   9:Drivers/STM32G4xx_HAL_Driver/Src/stm32g4xx_hal_dma.c ****   *           + IO operation functions
  10:Drivers/STM32G4xx_HAL_Driver/Src/stm32g4xx_hal_dma.c ****   *           + Peripheral State and errors functions
  11:Drivers/STM32G4xx_HAL_Driver/Src/stm32g4xx_hal_dma.c ****   *
  12:Drivers/STM32G4xx_HAL_Driver/Src/stm32g4xx_hal_dma.c ****   ******************************************************************************
  13:Drivers/STM32G4xx_HAL_Driver/Src/stm32g4xx_hal_dma.c ****   * @attention
  14:Drivers/STM32G4xx_HAL_Driver/Src/stm32g4xx_hal_dma.c ****   *
  15:Drivers/STM32G4xx_HAL_Driver/Src/stm32g4xx_hal_dma.c ****   * Copyright (c) 2019 STMicroelectronics.
  16:Drivers/STM32G4xx_HAL_Driver/Src/stm32g4xx_hal_dma.c ****   * All rights reserved.
  17:Drivers/STM32G4xx_HAL_Driver/Src/stm32g4xx_hal_dma.c ****   *
  18:Drivers/STM32G4xx_HAL_Driver/Src/stm32g4xx_hal_dma.c ****   * This software is licensed under terms that can be found in the LICENSE file
  19:Drivers/STM32G4xx_HAL_Driver/Src/stm32g4xx_hal_dma.c ****   * in the root directory of this software component.
  20:Drivers/STM32G4xx_HAL_Driver/Src/stm32g4xx_hal_dma.c ****   * If no LICENSE file comes with this software, it is provided AS-IS.
  21:Drivers/STM32G4xx_HAL_Driver/Src/stm32g4xx_hal_dma.c ****   *
  22:Drivers/STM32G4xx_HAL_Driver/Src/stm32g4xx_hal_dma.c ****   ******************************************************************************
  23:Drivers/STM32G4xx_HAL_Driver/Src/stm32g4xx_hal_dma.c ****   @verbatim
  24:Drivers/STM32G4xx_HAL_Driver/Src/stm32g4xx_hal_dma.c ****   ==============================================================================
  25:Drivers/STM32G4xx_HAL_Driver/Src/stm32g4xx_hal_dma.c ****                         ##### How to use this driver #####
  26:Drivers/STM32G4xx_HAL_Driver/Src/stm32g4xx_hal_dma.c ****   ==============================================================================
  27:Drivers/STM32G4xx_HAL_Driver/Src/stm32g4xx_hal_dma.c ****   [..]
  28:Drivers/STM32G4xx_HAL_Driver/Src/stm32g4xx_hal_dma.c ****    (#) Enable and configure the peripheral to be connected to the DMA Channel
  29:Drivers/STM32G4xx_HAL_Driver/Src/stm32g4xx_hal_dma.c ****        (except for internal SRAM / FLASH memories: no initialization is
ARM GAS  /tmp/ccTSPs4y.s 			page 2


  30:Drivers/STM32G4xx_HAL_Driver/Src/stm32g4xx_hal_dma.c ****        necessary). Please refer to the Reference manual for connection between peripherals
  31:Drivers/STM32G4xx_HAL_Driver/Src/stm32g4xx_hal_dma.c ****        and DMA requests.
  32:Drivers/STM32G4xx_HAL_Driver/Src/stm32g4xx_hal_dma.c **** 
  33:Drivers/STM32G4xx_HAL_Driver/Src/stm32g4xx_hal_dma.c ****    (#) For a given Channel, program the required configuration through the following parameters:
  34:Drivers/STM32G4xx_HAL_Driver/Src/stm32g4xx_hal_dma.c ****        Channel request, Transfer Direction, Source and Destination data formats,
  35:Drivers/STM32G4xx_HAL_Driver/Src/stm32g4xx_hal_dma.c ****        Circular or Normal mode, Channel Priority level, Source and Destination Increment mode
  36:Drivers/STM32G4xx_HAL_Driver/Src/stm32g4xx_hal_dma.c ****        using HAL_DMA_Init() function.
  37:Drivers/STM32G4xx_HAL_Driver/Src/stm32g4xx_hal_dma.c **** 
  38:Drivers/STM32G4xx_HAL_Driver/Src/stm32g4xx_hal_dma.c ****        Prior to HAL_DMA_Init the peripheral clock shall be enabled for both DMA & DMAMUX
  39:Drivers/STM32G4xx_HAL_Driver/Src/stm32g4xx_hal_dma.c ****        thanks to:
  40:Drivers/STM32G4xx_HAL_Driver/Src/stm32g4xx_hal_dma.c ****       (##) DMA1 or DMA2: __HAL_RCC_DMA1_CLK_ENABLE() or  __HAL_RCC_DMA2_CLK_ENABLE() ;
  41:Drivers/STM32G4xx_HAL_Driver/Src/stm32g4xx_hal_dma.c ****       (##) DMAMUX1:      __HAL_RCC_DMAMUX1_CLK_ENABLE();
  42:Drivers/STM32G4xx_HAL_Driver/Src/stm32g4xx_hal_dma.c **** 
  43:Drivers/STM32G4xx_HAL_Driver/Src/stm32g4xx_hal_dma.c ****    (#) Use HAL_DMA_GetState() function to return the DMA state and HAL_DMA_GetError() in case of er
  44:Drivers/STM32G4xx_HAL_Driver/Src/stm32g4xx_hal_dma.c ****        detection.
  45:Drivers/STM32G4xx_HAL_Driver/Src/stm32g4xx_hal_dma.c **** 
  46:Drivers/STM32G4xx_HAL_Driver/Src/stm32g4xx_hal_dma.c ****    (#) Use HAL_DMA_Abort() function to abort the current transfer
  47:Drivers/STM32G4xx_HAL_Driver/Src/stm32g4xx_hal_dma.c **** 
  48:Drivers/STM32G4xx_HAL_Driver/Src/stm32g4xx_hal_dma.c ****      -@-   In Memory-to-Memory transfer mode, Circular mode is not allowed.
  49:Drivers/STM32G4xx_HAL_Driver/Src/stm32g4xx_hal_dma.c **** 
  50:Drivers/STM32G4xx_HAL_Driver/Src/stm32g4xx_hal_dma.c ****      *** Polling mode IO operation ***
  51:Drivers/STM32G4xx_HAL_Driver/Src/stm32g4xx_hal_dma.c ****      =================================
  52:Drivers/STM32G4xx_HAL_Driver/Src/stm32g4xx_hal_dma.c ****     [..]
  53:Drivers/STM32G4xx_HAL_Driver/Src/stm32g4xx_hal_dma.c ****           (+) Use HAL_DMA_Start() to start DMA transfer after the configuration of Source
  54:Drivers/STM32G4xx_HAL_Driver/Src/stm32g4xx_hal_dma.c ****               address and destination address and the Length of data to be transferred
  55:Drivers/STM32G4xx_HAL_Driver/Src/stm32g4xx_hal_dma.c ****           (+) Use HAL_DMA_PollForTransfer() to poll for the end of current transfer, in this
  56:Drivers/STM32G4xx_HAL_Driver/Src/stm32g4xx_hal_dma.c ****               case a fixed Timeout can be configured by User depending from his application.
  57:Drivers/STM32G4xx_HAL_Driver/Src/stm32g4xx_hal_dma.c **** 
  58:Drivers/STM32G4xx_HAL_Driver/Src/stm32g4xx_hal_dma.c ****      *** Interrupt mode IO operation ***
  59:Drivers/STM32G4xx_HAL_Driver/Src/stm32g4xx_hal_dma.c ****      ===================================
  60:Drivers/STM32G4xx_HAL_Driver/Src/stm32g4xx_hal_dma.c ****     [..]
  61:Drivers/STM32G4xx_HAL_Driver/Src/stm32g4xx_hal_dma.c ****           (+) Configure the DMA interrupt priority using HAL_NVIC_SetPriority()
  62:Drivers/STM32G4xx_HAL_Driver/Src/stm32g4xx_hal_dma.c ****           (+) Enable the DMA IRQ handler using HAL_NVIC_EnableIRQ()
  63:Drivers/STM32G4xx_HAL_Driver/Src/stm32g4xx_hal_dma.c ****           (+) Use HAL_DMA_Start_IT() to start DMA transfer after the configuration of
  64:Drivers/STM32G4xx_HAL_Driver/Src/stm32g4xx_hal_dma.c ****               Source address and destination address and the Length of data to be transferred.
  65:Drivers/STM32G4xx_HAL_Driver/Src/stm32g4xx_hal_dma.c ****               In this case the DMA interrupt is configured
  66:Drivers/STM32G4xx_HAL_Driver/Src/stm32g4xx_hal_dma.c ****           (+) Use HAL_DMA_IRQHandler() called under DMA_IRQHandler() Interrupt subroutine
  67:Drivers/STM32G4xx_HAL_Driver/Src/stm32g4xx_hal_dma.c ****           (+) At the end of data transfer HAL_DMA_IRQHandler() function is executed and user can
  68:Drivers/STM32G4xx_HAL_Driver/Src/stm32g4xx_hal_dma.c ****               add his own function to register callbacks with HAL_DMA_RegisterCallback().
  69:Drivers/STM32G4xx_HAL_Driver/Src/stm32g4xx_hal_dma.c **** 
  70:Drivers/STM32G4xx_HAL_Driver/Src/stm32g4xx_hal_dma.c ****      *** DMA HAL driver macros list ***
  71:Drivers/STM32G4xx_HAL_Driver/Src/stm32g4xx_hal_dma.c ****      =============================================
  72:Drivers/STM32G4xx_HAL_Driver/Src/stm32g4xx_hal_dma.c ****       [..]
  73:Drivers/STM32G4xx_HAL_Driver/Src/stm32g4xx_hal_dma.c ****        Below the list of macros in DMA HAL driver.
  74:Drivers/STM32G4xx_HAL_Driver/Src/stm32g4xx_hal_dma.c **** 
  75:Drivers/STM32G4xx_HAL_Driver/Src/stm32g4xx_hal_dma.c ****        (+) __HAL_DMA_ENABLE: Enable the specified DMA Channel.
  76:Drivers/STM32G4xx_HAL_Driver/Src/stm32g4xx_hal_dma.c ****        (+) __HAL_DMA_DISABLE: Disable the specified DMA Channel.
  77:Drivers/STM32G4xx_HAL_Driver/Src/stm32g4xx_hal_dma.c ****        (+) __HAL_DMA_GET_FLAG: Get the DMA Channel pending flags.
  78:Drivers/STM32G4xx_HAL_Driver/Src/stm32g4xx_hal_dma.c ****        (+) __HAL_DMA_CLEAR_FLAG: Clear the DMA Channel pending flags.
  79:Drivers/STM32G4xx_HAL_Driver/Src/stm32g4xx_hal_dma.c ****        (+) __HAL_DMA_ENABLE_IT: Enable the specified DMA Channel interrupts.
  80:Drivers/STM32G4xx_HAL_Driver/Src/stm32g4xx_hal_dma.c ****        (+) __HAL_DMA_DISABLE_IT: Disable the specified DMA Channel interrupts.
  81:Drivers/STM32G4xx_HAL_Driver/Src/stm32g4xx_hal_dma.c ****        (+) __HAL_DMA_GET_IT_SOURCE: Check whether the specified DMA Channel interrupt has occurred 
  82:Drivers/STM32G4xx_HAL_Driver/Src/stm32g4xx_hal_dma.c **** 
  83:Drivers/STM32G4xx_HAL_Driver/Src/stm32g4xx_hal_dma.c ****      [..]
  84:Drivers/STM32G4xx_HAL_Driver/Src/stm32g4xx_hal_dma.c ****       (@) You can refer to the DMA HAL driver header file for more useful macros
  85:Drivers/STM32G4xx_HAL_Driver/Src/stm32g4xx_hal_dma.c **** 
  86:Drivers/STM32G4xx_HAL_Driver/Src/stm32g4xx_hal_dma.c ****   @endverbatim
ARM GAS  /tmp/ccTSPs4y.s 			page 3


  87:Drivers/STM32G4xx_HAL_Driver/Src/stm32g4xx_hal_dma.c ****   */
  88:Drivers/STM32G4xx_HAL_Driver/Src/stm32g4xx_hal_dma.c **** 
  89:Drivers/STM32G4xx_HAL_Driver/Src/stm32g4xx_hal_dma.c **** /* Includes ------------------------------------------------------------------*/
  90:Drivers/STM32G4xx_HAL_Driver/Src/stm32g4xx_hal_dma.c **** #include "stm32g4xx_hal.h"
  91:Drivers/STM32G4xx_HAL_Driver/Src/stm32g4xx_hal_dma.c **** 
  92:Drivers/STM32G4xx_HAL_Driver/Src/stm32g4xx_hal_dma.c **** /** @addtogroup STM32G4xx_HAL_Driver
  93:Drivers/STM32G4xx_HAL_Driver/Src/stm32g4xx_hal_dma.c ****   * @{
  94:Drivers/STM32G4xx_HAL_Driver/Src/stm32g4xx_hal_dma.c ****   */
  95:Drivers/STM32G4xx_HAL_Driver/Src/stm32g4xx_hal_dma.c **** 
  96:Drivers/STM32G4xx_HAL_Driver/Src/stm32g4xx_hal_dma.c **** /** @defgroup DMA DMA
  97:Drivers/STM32G4xx_HAL_Driver/Src/stm32g4xx_hal_dma.c ****   * @brief DMA HAL module driver
  98:Drivers/STM32G4xx_HAL_Driver/Src/stm32g4xx_hal_dma.c ****   * @{
  99:Drivers/STM32G4xx_HAL_Driver/Src/stm32g4xx_hal_dma.c ****   */
 100:Drivers/STM32G4xx_HAL_Driver/Src/stm32g4xx_hal_dma.c **** 
 101:Drivers/STM32G4xx_HAL_Driver/Src/stm32g4xx_hal_dma.c **** #ifdef HAL_DMA_MODULE_ENABLED
 102:Drivers/STM32G4xx_HAL_Driver/Src/stm32g4xx_hal_dma.c **** 
 103:Drivers/STM32G4xx_HAL_Driver/Src/stm32g4xx_hal_dma.c **** /* Private typedef -----------------------------------------------------------*/
 104:Drivers/STM32G4xx_HAL_Driver/Src/stm32g4xx_hal_dma.c **** /* Private define ------------------------------------------------------------*/
 105:Drivers/STM32G4xx_HAL_Driver/Src/stm32g4xx_hal_dma.c **** /* Private macro -------------------------------------------------------------*/
 106:Drivers/STM32G4xx_HAL_Driver/Src/stm32g4xx_hal_dma.c **** /* Private variables ---------------------------------------------------------*/
 107:Drivers/STM32G4xx_HAL_Driver/Src/stm32g4xx_hal_dma.c **** /* Private function prototypes -----------------------------------------------*/
 108:Drivers/STM32G4xx_HAL_Driver/Src/stm32g4xx_hal_dma.c **** /** @defgroup DMA_Private_Functions DMA Private Functions
 109:Drivers/STM32G4xx_HAL_Driver/Src/stm32g4xx_hal_dma.c ****   * @{
 110:Drivers/STM32G4xx_HAL_Driver/Src/stm32g4xx_hal_dma.c ****   */
 111:Drivers/STM32G4xx_HAL_Driver/Src/stm32g4xx_hal_dma.c **** static void DMA_SetConfig(DMA_HandleTypeDef *hdma, uint32_t SrcAddress, uint32_t DstAddress, uint32
 112:Drivers/STM32G4xx_HAL_Driver/Src/stm32g4xx_hal_dma.c **** 
 113:Drivers/STM32G4xx_HAL_Driver/Src/stm32g4xx_hal_dma.c **** static void DMA_CalcDMAMUXChannelBaseAndMask(DMA_HandleTypeDef *hdma);
 114:Drivers/STM32G4xx_HAL_Driver/Src/stm32g4xx_hal_dma.c **** static void DMA_CalcDMAMUXRequestGenBaseAndMask(DMA_HandleTypeDef *hdma);
 115:Drivers/STM32G4xx_HAL_Driver/Src/stm32g4xx_hal_dma.c **** 
 116:Drivers/STM32G4xx_HAL_Driver/Src/stm32g4xx_hal_dma.c **** /**
 117:Drivers/STM32G4xx_HAL_Driver/Src/stm32g4xx_hal_dma.c ****   * @}
 118:Drivers/STM32G4xx_HAL_Driver/Src/stm32g4xx_hal_dma.c ****   */
 119:Drivers/STM32G4xx_HAL_Driver/Src/stm32g4xx_hal_dma.c **** 
 120:Drivers/STM32G4xx_HAL_Driver/Src/stm32g4xx_hal_dma.c **** /* Exported functions ---------------------------------------------------------*/
 121:Drivers/STM32G4xx_HAL_Driver/Src/stm32g4xx_hal_dma.c **** 
 122:Drivers/STM32G4xx_HAL_Driver/Src/stm32g4xx_hal_dma.c **** /** @defgroup DMA_Exported_Functions DMA Exported Functions
 123:Drivers/STM32G4xx_HAL_Driver/Src/stm32g4xx_hal_dma.c ****   * @{
 124:Drivers/STM32G4xx_HAL_Driver/Src/stm32g4xx_hal_dma.c ****   */
 125:Drivers/STM32G4xx_HAL_Driver/Src/stm32g4xx_hal_dma.c **** 
 126:Drivers/STM32G4xx_HAL_Driver/Src/stm32g4xx_hal_dma.c **** /** @defgroup DMA_Exported_Functions_Group1 Initialization and de-initialization functions
 127:Drivers/STM32G4xx_HAL_Driver/Src/stm32g4xx_hal_dma.c ****   *  @brief   Initialization and de-initialization functions
 128:Drivers/STM32G4xx_HAL_Driver/Src/stm32g4xx_hal_dma.c ****   *
 129:Drivers/STM32G4xx_HAL_Driver/Src/stm32g4xx_hal_dma.c **** @verbatim
 130:Drivers/STM32G4xx_HAL_Driver/Src/stm32g4xx_hal_dma.c ****  ===============================================================================
 131:Drivers/STM32G4xx_HAL_Driver/Src/stm32g4xx_hal_dma.c ****              ##### Initialization and de-initialization functions  #####
 132:Drivers/STM32G4xx_HAL_Driver/Src/stm32g4xx_hal_dma.c ****  ===============================================================================
 133:Drivers/STM32G4xx_HAL_Driver/Src/stm32g4xx_hal_dma.c ****     [..]
 134:Drivers/STM32G4xx_HAL_Driver/Src/stm32g4xx_hal_dma.c ****     This section provides functions allowing to initialize the DMA Channel source
 135:Drivers/STM32G4xx_HAL_Driver/Src/stm32g4xx_hal_dma.c ****     and destination addresses, incrementation and data sizes, transfer direction,
 136:Drivers/STM32G4xx_HAL_Driver/Src/stm32g4xx_hal_dma.c ****     circular/normal mode selection, memory-to-memory mode selection and Channel priority value.
 137:Drivers/STM32G4xx_HAL_Driver/Src/stm32g4xx_hal_dma.c ****     [..]
 138:Drivers/STM32G4xx_HAL_Driver/Src/stm32g4xx_hal_dma.c ****     The HAL_DMA_Init() function follows the DMA configuration procedures as described in
 139:Drivers/STM32G4xx_HAL_Driver/Src/stm32g4xx_hal_dma.c ****     reference manual.
 140:Drivers/STM32G4xx_HAL_Driver/Src/stm32g4xx_hal_dma.c **** 
 141:Drivers/STM32G4xx_HAL_Driver/Src/stm32g4xx_hal_dma.c **** @endverbatim
 142:Drivers/STM32G4xx_HAL_Driver/Src/stm32g4xx_hal_dma.c ****   * @{
 143:Drivers/STM32G4xx_HAL_Driver/Src/stm32g4xx_hal_dma.c ****   */
ARM GAS  /tmp/ccTSPs4y.s 			page 4


 144:Drivers/STM32G4xx_HAL_Driver/Src/stm32g4xx_hal_dma.c **** 
 145:Drivers/STM32G4xx_HAL_Driver/Src/stm32g4xx_hal_dma.c **** /**
 146:Drivers/STM32G4xx_HAL_Driver/Src/stm32g4xx_hal_dma.c ****   * @brief  Initialize the DMA according to the specified
 147:Drivers/STM32G4xx_HAL_Driver/Src/stm32g4xx_hal_dma.c ****   *         parameters in the DMA_InitTypeDef and initialize the associated handle.
 148:Drivers/STM32G4xx_HAL_Driver/Src/stm32g4xx_hal_dma.c ****   * @param  hdma Pointer to a DMA_HandleTypeDef structure that contains
 149:Drivers/STM32G4xx_HAL_Driver/Src/stm32g4xx_hal_dma.c ****   *               the configuration information for the specified DMA Channel.
 150:Drivers/STM32G4xx_HAL_Driver/Src/stm32g4xx_hal_dma.c ****   * @retval HAL status
 151:Drivers/STM32G4xx_HAL_Driver/Src/stm32g4xx_hal_dma.c ****   */
 152:Drivers/STM32G4xx_HAL_Driver/Src/stm32g4xx_hal_dma.c **** HAL_StatusTypeDef HAL_DMA_Init(DMA_HandleTypeDef *hdma)
 153:Drivers/STM32G4xx_HAL_Driver/Src/stm32g4xx_hal_dma.c **** {
 154:Drivers/STM32G4xx_HAL_Driver/Src/stm32g4xx_hal_dma.c ****   uint32_t tmp;
 155:Drivers/STM32G4xx_HAL_Driver/Src/stm32g4xx_hal_dma.c **** 
 156:Drivers/STM32G4xx_HAL_Driver/Src/stm32g4xx_hal_dma.c ****   /* Check the DMA handle allocation */
 157:Drivers/STM32G4xx_HAL_Driver/Src/stm32g4xx_hal_dma.c ****   if (hdma == NULL)
 158:Drivers/STM32G4xx_HAL_Driver/Src/stm32g4xx_hal_dma.c ****   {
 159:Drivers/STM32G4xx_HAL_Driver/Src/stm32g4xx_hal_dma.c ****     return HAL_ERROR;
 160:Drivers/STM32G4xx_HAL_Driver/Src/stm32g4xx_hal_dma.c ****   }
 161:Drivers/STM32G4xx_HAL_Driver/Src/stm32g4xx_hal_dma.c **** 
 162:Drivers/STM32G4xx_HAL_Driver/Src/stm32g4xx_hal_dma.c ****   /* Check the parameters */
 163:Drivers/STM32G4xx_HAL_Driver/Src/stm32g4xx_hal_dma.c ****   assert_param(IS_DMA_ALL_INSTANCE(hdma->Instance));
 164:Drivers/STM32G4xx_HAL_Driver/Src/stm32g4xx_hal_dma.c ****   assert_param(IS_DMA_DIRECTION(hdma->Init.Direction));
 165:Drivers/STM32G4xx_HAL_Driver/Src/stm32g4xx_hal_dma.c ****   assert_param(IS_DMA_PERIPHERAL_INC_STATE(hdma->Init.PeriphInc));
 166:Drivers/STM32G4xx_HAL_Driver/Src/stm32g4xx_hal_dma.c ****   assert_param(IS_DMA_MEMORY_INC_STATE(hdma->Init.MemInc));
 167:Drivers/STM32G4xx_HAL_Driver/Src/stm32g4xx_hal_dma.c ****   assert_param(IS_DMA_PERIPHERAL_DATA_SIZE(hdma->Init.PeriphDataAlignment));
 168:Drivers/STM32G4xx_HAL_Driver/Src/stm32g4xx_hal_dma.c ****   assert_param(IS_DMA_MEMORY_DATA_SIZE(hdma->Init.MemDataAlignment));
 169:Drivers/STM32G4xx_HAL_Driver/Src/stm32g4xx_hal_dma.c ****   assert_param(IS_DMA_MODE(hdma->Init.Mode));
 170:Drivers/STM32G4xx_HAL_Driver/Src/stm32g4xx_hal_dma.c ****   assert_param(IS_DMA_PRIORITY(hdma->Init.Priority));
 171:Drivers/STM32G4xx_HAL_Driver/Src/stm32g4xx_hal_dma.c **** 
 172:Drivers/STM32G4xx_HAL_Driver/Src/stm32g4xx_hal_dma.c ****   assert_param(IS_DMA_ALL_REQUEST(hdma->Init.Request));
 173:Drivers/STM32G4xx_HAL_Driver/Src/stm32g4xx_hal_dma.c **** 
 174:Drivers/STM32G4xx_HAL_Driver/Src/stm32g4xx_hal_dma.c ****   /* Compute the channel index */
 175:Drivers/STM32G4xx_HAL_Driver/Src/stm32g4xx_hal_dma.c ****   if ((uint32_t)(hdma->Instance) < (uint32_t)(DMA2_Channel1))
 176:Drivers/STM32G4xx_HAL_Driver/Src/stm32g4xx_hal_dma.c ****   {
 177:Drivers/STM32G4xx_HAL_Driver/Src/stm32g4xx_hal_dma.c ****     /* DMA1 */
 178:Drivers/STM32G4xx_HAL_Driver/Src/stm32g4xx_hal_dma.c ****     hdma->ChannelIndex = (((uint32_t)hdma->Instance - (uint32_t)DMA1_Channel1) / ((uint32_t)DMA1_Ch
 179:Drivers/STM32G4xx_HAL_Driver/Src/stm32g4xx_hal_dma.c ****     hdma->DmaBaseAddress = DMA1;
 180:Drivers/STM32G4xx_HAL_Driver/Src/stm32g4xx_hal_dma.c ****   }
 181:Drivers/STM32G4xx_HAL_Driver/Src/stm32g4xx_hal_dma.c ****   else
 182:Drivers/STM32G4xx_HAL_Driver/Src/stm32g4xx_hal_dma.c ****   {
 183:Drivers/STM32G4xx_HAL_Driver/Src/stm32g4xx_hal_dma.c ****     /* DMA2 */
 184:Drivers/STM32G4xx_HAL_Driver/Src/stm32g4xx_hal_dma.c ****     hdma->ChannelIndex = (((uint32_t)hdma->Instance - (uint32_t)DMA2_Channel1) / ((uint32_t)DMA2_Ch
 185:Drivers/STM32G4xx_HAL_Driver/Src/stm32g4xx_hal_dma.c ****     hdma->DmaBaseAddress = DMA2;
 186:Drivers/STM32G4xx_HAL_Driver/Src/stm32g4xx_hal_dma.c ****   }
 187:Drivers/STM32G4xx_HAL_Driver/Src/stm32g4xx_hal_dma.c **** 
 188:Drivers/STM32G4xx_HAL_Driver/Src/stm32g4xx_hal_dma.c ****   /* Change DMA peripheral state */
 189:Drivers/STM32G4xx_HAL_Driver/Src/stm32g4xx_hal_dma.c ****   hdma->State = HAL_DMA_STATE_BUSY;
 190:Drivers/STM32G4xx_HAL_Driver/Src/stm32g4xx_hal_dma.c **** 
 191:Drivers/STM32G4xx_HAL_Driver/Src/stm32g4xx_hal_dma.c ****   /* Get the CR register value */
 192:Drivers/STM32G4xx_HAL_Driver/Src/stm32g4xx_hal_dma.c ****   tmp = hdma->Instance->CCR;
 193:Drivers/STM32G4xx_HAL_Driver/Src/stm32g4xx_hal_dma.c **** 
 194:Drivers/STM32G4xx_HAL_Driver/Src/stm32g4xx_hal_dma.c ****   /* Clear PL, MSIZE, PSIZE, MINC, PINC, CIRC, DIR and MEM2MEM bits */
 195:Drivers/STM32G4xx_HAL_Driver/Src/stm32g4xx_hal_dma.c ****   tmp &= ((uint32_t)~(DMA_CCR_PL    | DMA_CCR_MSIZE  | DMA_CCR_PSIZE  |
 196:Drivers/STM32G4xx_HAL_Driver/Src/stm32g4xx_hal_dma.c ****                       DMA_CCR_MINC  | DMA_CCR_PINC   | DMA_CCR_CIRC   |
 197:Drivers/STM32G4xx_HAL_Driver/Src/stm32g4xx_hal_dma.c ****                       DMA_CCR_DIR   | DMA_CCR_MEM2MEM));
 198:Drivers/STM32G4xx_HAL_Driver/Src/stm32g4xx_hal_dma.c **** 
 199:Drivers/STM32G4xx_HAL_Driver/Src/stm32g4xx_hal_dma.c ****   /* Prepare the DMA Channel configuration */
 200:Drivers/STM32G4xx_HAL_Driver/Src/stm32g4xx_hal_dma.c ****   tmp |=  hdma->Init.Direction        |
ARM GAS  /tmp/ccTSPs4y.s 			page 5


 201:Drivers/STM32G4xx_HAL_Driver/Src/stm32g4xx_hal_dma.c ****           hdma->Init.PeriphInc           | hdma->Init.MemInc           |
 202:Drivers/STM32G4xx_HAL_Driver/Src/stm32g4xx_hal_dma.c ****           hdma->Init.PeriphDataAlignment | hdma->Init.MemDataAlignment |
 203:Drivers/STM32G4xx_HAL_Driver/Src/stm32g4xx_hal_dma.c ****           hdma->Init.Mode                | hdma->Init.Priority;
 204:Drivers/STM32G4xx_HAL_Driver/Src/stm32g4xx_hal_dma.c **** 
 205:Drivers/STM32G4xx_HAL_Driver/Src/stm32g4xx_hal_dma.c ****   /* Write to DMA Channel CR register */
 206:Drivers/STM32G4xx_HAL_Driver/Src/stm32g4xx_hal_dma.c ****   hdma->Instance->CCR = tmp;
 207:Drivers/STM32G4xx_HAL_Driver/Src/stm32g4xx_hal_dma.c **** 
 208:Drivers/STM32G4xx_HAL_Driver/Src/stm32g4xx_hal_dma.c ****   /* Initialize parameters for DMAMUX channel :
 209:Drivers/STM32G4xx_HAL_Driver/Src/stm32g4xx_hal_dma.c ****      DMAmuxChannel, DMAmuxChannelStatus and DMAmuxChannelStatusMask
 210:Drivers/STM32G4xx_HAL_Driver/Src/stm32g4xx_hal_dma.c ****   */
 211:Drivers/STM32G4xx_HAL_Driver/Src/stm32g4xx_hal_dma.c ****   DMA_CalcDMAMUXChannelBaseAndMask(hdma);
 212:Drivers/STM32G4xx_HAL_Driver/Src/stm32g4xx_hal_dma.c **** 
 213:Drivers/STM32G4xx_HAL_Driver/Src/stm32g4xx_hal_dma.c ****   if (hdma->Init.Direction == DMA_MEMORY_TO_MEMORY)
 214:Drivers/STM32G4xx_HAL_Driver/Src/stm32g4xx_hal_dma.c ****   {
 215:Drivers/STM32G4xx_HAL_Driver/Src/stm32g4xx_hal_dma.c ****     /* if memory to memory force the request to 0*/
 216:Drivers/STM32G4xx_HAL_Driver/Src/stm32g4xx_hal_dma.c ****     hdma->Init.Request = DMA_REQUEST_MEM2MEM;
 217:Drivers/STM32G4xx_HAL_Driver/Src/stm32g4xx_hal_dma.c ****   }
 218:Drivers/STM32G4xx_HAL_Driver/Src/stm32g4xx_hal_dma.c **** 
 219:Drivers/STM32G4xx_HAL_Driver/Src/stm32g4xx_hal_dma.c ****   /* Set peripheral request  to DMAMUX channel */
 220:Drivers/STM32G4xx_HAL_Driver/Src/stm32g4xx_hal_dma.c ****   hdma->DMAmuxChannel->CCR = (hdma->Init.Request & DMAMUX_CxCR_DMAREQ_ID);
 221:Drivers/STM32G4xx_HAL_Driver/Src/stm32g4xx_hal_dma.c **** 
 222:Drivers/STM32G4xx_HAL_Driver/Src/stm32g4xx_hal_dma.c ****   /* Clear the DMAMUX synchro overrun flag */
 223:Drivers/STM32G4xx_HAL_Driver/Src/stm32g4xx_hal_dma.c ****   hdma->DMAmuxChannelStatus->CFR = hdma->DMAmuxChannelStatusMask;
 224:Drivers/STM32G4xx_HAL_Driver/Src/stm32g4xx_hal_dma.c **** 
 225:Drivers/STM32G4xx_HAL_Driver/Src/stm32g4xx_hal_dma.c ****   if (((hdma->Init.Request >  0U) && (hdma->Init.Request <= DMA_REQUEST_GENERATOR3)))
 226:Drivers/STM32G4xx_HAL_Driver/Src/stm32g4xx_hal_dma.c ****   {
 227:Drivers/STM32G4xx_HAL_Driver/Src/stm32g4xx_hal_dma.c ****     /* Initialize parameters for DMAMUX request generator :
 228:Drivers/STM32G4xx_HAL_Driver/Src/stm32g4xx_hal_dma.c ****        DMAmuxRequestGen, DMAmuxRequestGenStatus and DMAmuxRequestGenStatusMask
 229:Drivers/STM32G4xx_HAL_Driver/Src/stm32g4xx_hal_dma.c ****     */
 230:Drivers/STM32G4xx_HAL_Driver/Src/stm32g4xx_hal_dma.c ****     DMA_CalcDMAMUXRequestGenBaseAndMask(hdma);
 231:Drivers/STM32G4xx_HAL_Driver/Src/stm32g4xx_hal_dma.c **** 
 232:Drivers/STM32G4xx_HAL_Driver/Src/stm32g4xx_hal_dma.c ****     /* Reset the DMAMUX request generator register*/
 233:Drivers/STM32G4xx_HAL_Driver/Src/stm32g4xx_hal_dma.c ****     hdma->DMAmuxRequestGen->RGCR = 0U;
 234:Drivers/STM32G4xx_HAL_Driver/Src/stm32g4xx_hal_dma.c **** 
 235:Drivers/STM32G4xx_HAL_Driver/Src/stm32g4xx_hal_dma.c ****     /* Clear the DMAMUX request generator overrun flag */
 236:Drivers/STM32G4xx_HAL_Driver/Src/stm32g4xx_hal_dma.c ****     hdma->DMAmuxRequestGenStatus->RGCFR = hdma->DMAmuxRequestGenStatusMask;
 237:Drivers/STM32G4xx_HAL_Driver/Src/stm32g4xx_hal_dma.c ****   }
 238:Drivers/STM32G4xx_HAL_Driver/Src/stm32g4xx_hal_dma.c ****   else
 239:Drivers/STM32G4xx_HAL_Driver/Src/stm32g4xx_hal_dma.c ****   {
 240:Drivers/STM32G4xx_HAL_Driver/Src/stm32g4xx_hal_dma.c ****     hdma->DMAmuxRequestGen = 0U;
 241:Drivers/STM32G4xx_HAL_Driver/Src/stm32g4xx_hal_dma.c ****     hdma->DMAmuxRequestGenStatus = 0U;
 242:Drivers/STM32G4xx_HAL_Driver/Src/stm32g4xx_hal_dma.c ****     hdma->DMAmuxRequestGenStatusMask = 0U;
 243:Drivers/STM32G4xx_HAL_Driver/Src/stm32g4xx_hal_dma.c ****   }
 244:Drivers/STM32G4xx_HAL_Driver/Src/stm32g4xx_hal_dma.c **** 
 245:Drivers/STM32G4xx_HAL_Driver/Src/stm32g4xx_hal_dma.c ****   /* Initialize the error code */
 246:Drivers/STM32G4xx_HAL_Driver/Src/stm32g4xx_hal_dma.c ****   hdma->ErrorCode = HAL_DMA_ERROR_NONE;
 247:Drivers/STM32G4xx_HAL_Driver/Src/stm32g4xx_hal_dma.c **** 
 248:Drivers/STM32G4xx_HAL_Driver/Src/stm32g4xx_hal_dma.c ****   /* Initialize the DMA state*/
 249:Drivers/STM32G4xx_HAL_Driver/Src/stm32g4xx_hal_dma.c ****   hdma->State  = HAL_DMA_STATE_READY;
 250:Drivers/STM32G4xx_HAL_Driver/Src/stm32g4xx_hal_dma.c **** 
 251:Drivers/STM32G4xx_HAL_Driver/Src/stm32g4xx_hal_dma.c ****   /* Allocate lock resource and initialize it */
 252:Drivers/STM32G4xx_HAL_Driver/Src/stm32g4xx_hal_dma.c ****   hdma->Lock = HAL_UNLOCKED;
 253:Drivers/STM32G4xx_HAL_Driver/Src/stm32g4xx_hal_dma.c **** 
 254:Drivers/STM32G4xx_HAL_Driver/Src/stm32g4xx_hal_dma.c ****   return HAL_OK;
 255:Drivers/STM32G4xx_HAL_Driver/Src/stm32g4xx_hal_dma.c **** }
 256:Drivers/STM32G4xx_HAL_Driver/Src/stm32g4xx_hal_dma.c **** 
 257:Drivers/STM32G4xx_HAL_Driver/Src/stm32g4xx_hal_dma.c **** /**
ARM GAS  /tmp/ccTSPs4y.s 			page 6


 258:Drivers/STM32G4xx_HAL_Driver/Src/stm32g4xx_hal_dma.c ****   * @brief  DeInitialize the DMA peripheral.
 259:Drivers/STM32G4xx_HAL_Driver/Src/stm32g4xx_hal_dma.c ****   * @param  hdma pointer to a DMA_HandleTypeDef structure that contains
 260:Drivers/STM32G4xx_HAL_Driver/Src/stm32g4xx_hal_dma.c ****   *               the configuration information for the specified DMA Channel.
 261:Drivers/STM32G4xx_HAL_Driver/Src/stm32g4xx_hal_dma.c ****   * @retval HAL status
 262:Drivers/STM32G4xx_HAL_Driver/Src/stm32g4xx_hal_dma.c ****   */
 263:Drivers/STM32G4xx_HAL_Driver/Src/stm32g4xx_hal_dma.c **** HAL_StatusTypeDef HAL_DMA_DeInit(DMA_HandleTypeDef *hdma)
 264:Drivers/STM32G4xx_HAL_Driver/Src/stm32g4xx_hal_dma.c **** {
 265:Drivers/STM32G4xx_HAL_Driver/Src/stm32g4xx_hal_dma.c **** 
 266:Drivers/STM32G4xx_HAL_Driver/Src/stm32g4xx_hal_dma.c ****   /* Check the DMA handle allocation */
 267:Drivers/STM32G4xx_HAL_Driver/Src/stm32g4xx_hal_dma.c ****   if (NULL == hdma)
 268:Drivers/STM32G4xx_HAL_Driver/Src/stm32g4xx_hal_dma.c ****   {
 269:Drivers/STM32G4xx_HAL_Driver/Src/stm32g4xx_hal_dma.c ****     return HAL_ERROR;
 270:Drivers/STM32G4xx_HAL_Driver/Src/stm32g4xx_hal_dma.c ****   }
 271:Drivers/STM32G4xx_HAL_Driver/Src/stm32g4xx_hal_dma.c **** 
 272:Drivers/STM32G4xx_HAL_Driver/Src/stm32g4xx_hal_dma.c ****   /* Check the parameters */
 273:Drivers/STM32G4xx_HAL_Driver/Src/stm32g4xx_hal_dma.c ****   assert_param(IS_DMA_ALL_INSTANCE(hdma->Instance));
 274:Drivers/STM32G4xx_HAL_Driver/Src/stm32g4xx_hal_dma.c **** 
 275:Drivers/STM32G4xx_HAL_Driver/Src/stm32g4xx_hal_dma.c ****   /* Disable the selected DMA Channelx */
 276:Drivers/STM32G4xx_HAL_Driver/Src/stm32g4xx_hal_dma.c ****   __HAL_DMA_DISABLE(hdma);
 277:Drivers/STM32G4xx_HAL_Driver/Src/stm32g4xx_hal_dma.c **** 
 278:Drivers/STM32G4xx_HAL_Driver/Src/stm32g4xx_hal_dma.c ****   /* Compute the channel index */
 279:Drivers/STM32G4xx_HAL_Driver/Src/stm32g4xx_hal_dma.c ****   if ((uint32_t)(hdma->Instance) < (uint32_t)(DMA2_Channel1))
 280:Drivers/STM32G4xx_HAL_Driver/Src/stm32g4xx_hal_dma.c ****   {
 281:Drivers/STM32G4xx_HAL_Driver/Src/stm32g4xx_hal_dma.c ****     /* DMA1 */
 282:Drivers/STM32G4xx_HAL_Driver/Src/stm32g4xx_hal_dma.c ****     hdma->ChannelIndex = (((uint32_t)hdma->Instance - (uint32_t)DMA1_Channel1) / ((uint32_t)DMA1_Ch
 283:Drivers/STM32G4xx_HAL_Driver/Src/stm32g4xx_hal_dma.c ****     hdma->DmaBaseAddress = DMA1;
 284:Drivers/STM32G4xx_HAL_Driver/Src/stm32g4xx_hal_dma.c ****   }
 285:Drivers/STM32G4xx_HAL_Driver/Src/stm32g4xx_hal_dma.c ****   else
 286:Drivers/STM32G4xx_HAL_Driver/Src/stm32g4xx_hal_dma.c ****   {
 287:Drivers/STM32G4xx_HAL_Driver/Src/stm32g4xx_hal_dma.c ****     /* DMA2 */
 288:Drivers/STM32G4xx_HAL_Driver/Src/stm32g4xx_hal_dma.c ****     hdma->ChannelIndex = (((uint32_t)hdma->Instance - (uint32_t)DMA2_Channel1) / ((uint32_t)DMA2_Ch
 289:Drivers/STM32G4xx_HAL_Driver/Src/stm32g4xx_hal_dma.c ****     hdma->DmaBaseAddress = DMA2;
 290:Drivers/STM32G4xx_HAL_Driver/Src/stm32g4xx_hal_dma.c ****   }
 291:Drivers/STM32G4xx_HAL_Driver/Src/stm32g4xx_hal_dma.c **** 
 292:Drivers/STM32G4xx_HAL_Driver/Src/stm32g4xx_hal_dma.c ****   /* Reset DMA Channel control register */
 293:Drivers/STM32G4xx_HAL_Driver/Src/stm32g4xx_hal_dma.c ****   hdma->Instance->CCR  = 0;
 294:Drivers/STM32G4xx_HAL_Driver/Src/stm32g4xx_hal_dma.c **** 
 295:Drivers/STM32G4xx_HAL_Driver/Src/stm32g4xx_hal_dma.c ****   /* Clear all flags */
 296:Drivers/STM32G4xx_HAL_Driver/Src/stm32g4xx_hal_dma.c ****   hdma->DmaBaseAddress->IFCR = (DMA_ISR_GIF1 << (hdma->ChannelIndex & 0x1FU));
 297:Drivers/STM32G4xx_HAL_Driver/Src/stm32g4xx_hal_dma.c **** 
 298:Drivers/STM32G4xx_HAL_Driver/Src/stm32g4xx_hal_dma.c ****   /* Initialize parameters for DMAMUX channel :
 299:Drivers/STM32G4xx_HAL_Driver/Src/stm32g4xx_hal_dma.c ****      DMAmuxChannel, DMAmuxChannelStatus and DMAmuxChannelStatusMask */
 300:Drivers/STM32G4xx_HAL_Driver/Src/stm32g4xx_hal_dma.c **** 
 301:Drivers/STM32G4xx_HAL_Driver/Src/stm32g4xx_hal_dma.c ****   DMA_CalcDMAMUXChannelBaseAndMask(hdma);
 302:Drivers/STM32G4xx_HAL_Driver/Src/stm32g4xx_hal_dma.c **** 
 303:Drivers/STM32G4xx_HAL_Driver/Src/stm32g4xx_hal_dma.c ****   /* Reset the DMAMUX channel that corresponds to the DMA channel */
 304:Drivers/STM32G4xx_HAL_Driver/Src/stm32g4xx_hal_dma.c ****   hdma->DMAmuxChannel->CCR = 0;
 305:Drivers/STM32G4xx_HAL_Driver/Src/stm32g4xx_hal_dma.c **** 
 306:Drivers/STM32G4xx_HAL_Driver/Src/stm32g4xx_hal_dma.c ****   /* Clear the DMAMUX synchro overrun flag */
 307:Drivers/STM32G4xx_HAL_Driver/Src/stm32g4xx_hal_dma.c ****   hdma->DMAmuxChannelStatus->CFR = hdma->DMAmuxChannelStatusMask;
 308:Drivers/STM32G4xx_HAL_Driver/Src/stm32g4xx_hal_dma.c **** 
 309:Drivers/STM32G4xx_HAL_Driver/Src/stm32g4xx_hal_dma.c ****   /* Reset Request generator parameters if any */
 310:Drivers/STM32G4xx_HAL_Driver/Src/stm32g4xx_hal_dma.c ****   if (((hdma->Init.Request >  0U) && (hdma->Init.Request <= DMA_REQUEST_GENERATOR3)))
 311:Drivers/STM32G4xx_HAL_Driver/Src/stm32g4xx_hal_dma.c ****   {
 312:Drivers/STM32G4xx_HAL_Driver/Src/stm32g4xx_hal_dma.c ****     /* Initialize parameters for DMAMUX request generator :
 313:Drivers/STM32G4xx_HAL_Driver/Src/stm32g4xx_hal_dma.c ****        DMAmuxRequestGen, DMAmuxRequestGenStatus and DMAmuxRequestGenStatusMask
 314:Drivers/STM32G4xx_HAL_Driver/Src/stm32g4xx_hal_dma.c ****     */
ARM GAS  /tmp/ccTSPs4y.s 			page 7


 315:Drivers/STM32G4xx_HAL_Driver/Src/stm32g4xx_hal_dma.c ****     DMA_CalcDMAMUXRequestGenBaseAndMask(hdma);
 316:Drivers/STM32G4xx_HAL_Driver/Src/stm32g4xx_hal_dma.c **** 
 317:Drivers/STM32G4xx_HAL_Driver/Src/stm32g4xx_hal_dma.c ****     /* Reset the DMAMUX request generator register*/
 318:Drivers/STM32G4xx_HAL_Driver/Src/stm32g4xx_hal_dma.c ****     hdma->DMAmuxRequestGen->RGCR = 0U;
 319:Drivers/STM32G4xx_HAL_Driver/Src/stm32g4xx_hal_dma.c **** 
 320:Drivers/STM32G4xx_HAL_Driver/Src/stm32g4xx_hal_dma.c ****     /* Clear the DMAMUX request generator overrun flag */
 321:Drivers/STM32G4xx_HAL_Driver/Src/stm32g4xx_hal_dma.c ****     hdma->DMAmuxRequestGenStatus->RGCFR = hdma->DMAmuxRequestGenStatusMask;
 322:Drivers/STM32G4xx_HAL_Driver/Src/stm32g4xx_hal_dma.c ****   }
 323:Drivers/STM32G4xx_HAL_Driver/Src/stm32g4xx_hal_dma.c **** 
 324:Drivers/STM32G4xx_HAL_Driver/Src/stm32g4xx_hal_dma.c ****   hdma->DMAmuxRequestGen = 0U;
 325:Drivers/STM32G4xx_HAL_Driver/Src/stm32g4xx_hal_dma.c ****   hdma->DMAmuxRequestGenStatus = 0U;
 326:Drivers/STM32G4xx_HAL_Driver/Src/stm32g4xx_hal_dma.c ****   hdma->DMAmuxRequestGenStatusMask = 0U;
 327:Drivers/STM32G4xx_HAL_Driver/Src/stm32g4xx_hal_dma.c **** 
 328:Drivers/STM32G4xx_HAL_Driver/Src/stm32g4xx_hal_dma.c ****   /* Clean callbacks */
 329:Drivers/STM32G4xx_HAL_Driver/Src/stm32g4xx_hal_dma.c ****   hdma->XferCpltCallback = NULL;
 330:Drivers/STM32G4xx_HAL_Driver/Src/stm32g4xx_hal_dma.c ****   hdma->XferHalfCpltCallback = NULL;
 331:Drivers/STM32G4xx_HAL_Driver/Src/stm32g4xx_hal_dma.c ****   hdma->XferErrorCallback = NULL;
 332:Drivers/STM32G4xx_HAL_Driver/Src/stm32g4xx_hal_dma.c ****   hdma->XferAbortCallback = NULL;
 333:Drivers/STM32G4xx_HAL_Driver/Src/stm32g4xx_hal_dma.c **** 
 334:Drivers/STM32G4xx_HAL_Driver/Src/stm32g4xx_hal_dma.c ****   /* Initialize the error code */
 335:Drivers/STM32G4xx_HAL_Driver/Src/stm32g4xx_hal_dma.c ****   hdma->ErrorCode = HAL_DMA_ERROR_NONE;
 336:Drivers/STM32G4xx_HAL_Driver/Src/stm32g4xx_hal_dma.c **** 
 337:Drivers/STM32G4xx_HAL_Driver/Src/stm32g4xx_hal_dma.c ****   /* Initialize the DMA state */
 338:Drivers/STM32G4xx_HAL_Driver/Src/stm32g4xx_hal_dma.c ****   hdma->State = HAL_DMA_STATE_RESET;
 339:Drivers/STM32G4xx_HAL_Driver/Src/stm32g4xx_hal_dma.c **** 
 340:Drivers/STM32G4xx_HAL_Driver/Src/stm32g4xx_hal_dma.c ****   /* Release Lock */
 341:Drivers/STM32G4xx_HAL_Driver/Src/stm32g4xx_hal_dma.c ****   __HAL_UNLOCK(hdma);
 342:Drivers/STM32G4xx_HAL_Driver/Src/stm32g4xx_hal_dma.c **** 
 343:Drivers/STM32G4xx_HAL_Driver/Src/stm32g4xx_hal_dma.c ****   return HAL_OK;
 344:Drivers/STM32G4xx_HAL_Driver/Src/stm32g4xx_hal_dma.c **** }
 345:Drivers/STM32G4xx_HAL_Driver/Src/stm32g4xx_hal_dma.c **** 
 346:Drivers/STM32G4xx_HAL_Driver/Src/stm32g4xx_hal_dma.c **** /**
 347:Drivers/STM32G4xx_HAL_Driver/Src/stm32g4xx_hal_dma.c ****   * @}
 348:Drivers/STM32G4xx_HAL_Driver/Src/stm32g4xx_hal_dma.c ****   */
 349:Drivers/STM32G4xx_HAL_Driver/Src/stm32g4xx_hal_dma.c **** 
 350:Drivers/STM32G4xx_HAL_Driver/Src/stm32g4xx_hal_dma.c **** /** @defgroup DMA_Exported_Functions_Group2 Input and Output operation functions
 351:Drivers/STM32G4xx_HAL_Driver/Src/stm32g4xx_hal_dma.c ****   *  @brief   Input and Output operation functions
 352:Drivers/STM32G4xx_HAL_Driver/Src/stm32g4xx_hal_dma.c ****   *
 353:Drivers/STM32G4xx_HAL_Driver/Src/stm32g4xx_hal_dma.c **** @verbatim
 354:Drivers/STM32G4xx_HAL_Driver/Src/stm32g4xx_hal_dma.c ****  ===============================================================================
 355:Drivers/STM32G4xx_HAL_Driver/Src/stm32g4xx_hal_dma.c ****                       #####  IO operation functions  #####
 356:Drivers/STM32G4xx_HAL_Driver/Src/stm32g4xx_hal_dma.c ****  ===============================================================================
 357:Drivers/STM32G4xx_HAL_Driver/Src/stm32g4xx_hal_dma.c ****     [..]  This section provides functions allowing to:
 358:Drivers/STM32G4xx_HAL_Driver/Src/stm32g4xx_hal_dma.c ****       (+) Configure the source, destination address and data length and Start DMA transfer
 359:Drivers/STM32G4xx_HAL_Driver/Src/stm32g4xx_hal_dma.c ****       (+) Configure the source, destination address and data length and
 360:Drivers/STM32G4xx_HAL_Driver/Src/stm32g4xx_hal_dma.c ****           Start DMA transfer with interrupt
 361:Drivers/STM32G4xx_HAL_Driver/Src/stm32g4xx_hal_dma.c ****       (+) Abort DMA transfer
 362:Drivers/STM32G4xx_HAL_Driver/Src/stm32g4xx_hal_dma.c ****       (+) Poll for transfer complete
 363:Drivers/STM32G4xx_HAL_Driver/Src/stm32g4xx_hal_dma.c ****       (+) Handle DMA interrupt request
 364:Drivers/STM32G4xx_HAL_Driver/Src/stm32g4xx_hal_dma.c **** 
 365:Drivers/STM32G4xx_HAL_Driver/Src/stm32g4xx_hal_dma.c **** @endverbatim
 366:Drivers/STM32G4xx_HAL_Driver/Src/stm32g4xx_hal_dma.c ****   * @{
 367:Drivers/STM32G4xx_HAL_Driver/Src/stm32g4xx_hal_dma.c ****   */
 368:Drivers/STM32G4xx_HAL_Driver/Src/stm32g4xx_hal_dma.c **** 
 369:Drivers/STM32G4xx_HAL_Driver/Src/stm32g4xx_hal_dma.c **** /**
 370:Drivers/STM32G4xx_HAL_Driver/Src/stm32g4xx_hal_dma.c ****   * @brief  Start the DMA Transfer.
 371:Drivers/STM32G4xx_HAL_Driver/Src/stm32g4xx_hal_dma.c ****   * @param  hdma pointer to a DMA_HandleTypeDef structure that contains
ARM GAS  /tmp/ccTSPs4y.s 			page 8


 372:Drivers/STM32G4xx_HAL_Driver/Src/stm32g4xx_hal_dma.c ****   *               the configuration information for the specified DMA Channel.
 373:Drivers/STM32G4xx_HAL_Driver/Src/stm32g4xx_hal_dma.c ****   * @param  SrcAddress The source memory Buffer address
 374:Drivers/STM32G4xx_HAL_Driver/Src/stm32g4xx_hal_dma.c ****   * @param  DstAddress The destination memory Buffer address
 375:Drivers/STM32G4xx_HAL_Driver/Src/stm32g4xx_hal_dma.c ****   * @param  DataLength The length of data to be transferred from source to destination (up to 256Kb
 376:Drivers/STM32G4xx_HAL_Driver/Src/stm32g4xx_hal_dma.c ****   * @retval HAL status
 377:Drivers/STM32G4xx_HAL_Driver/Src/stm32g4xx_hal_dma.c ****   */
 378:Drivers/STM32G4xx_HAL_Driver/Src/stm32g4xx_hal_dma.c **** HAL_StatusTypeDef HAL_DMA_Start(DMA_HandleTypeDef *hdma, uint32_t SrcAddress, uint32_t DstAddress, 
 379:Drivers/STM32G4xx_HAL_Driver/Src/stm32g4xx_hal_dma.c **** {
 380:Drivers/STM32G4xx_HAL_Driver/Src/stm32g4xx_hal_dma.c ****   HAL_StatusTypeDef status = HAL_OK;
 381:Drivers/STM32G4xx_HAL_Driver/Src/stm32g4xx_hal_dma.c **** 
 382:Drivers/STM32G4xx_HAL_Driver/Src/stm32g4xx_hal_dma.c ****   /* Check the parameters */
 383:Drivers/STM32G4xx_HAL_Driver/Src/stm32g4xx_hal_dma.c ****   assert_param(IS_DMA_BUFFER_SIZE(DataLength));
 384:Drivers/STM32G4xx_HAL_Driver/Src/stm32g4xx_hal_dma.c **** 
 385:Drivers/STM32G4xx_HAL_Driver/Src/stm32g4xx_hal_dma.c ****   /* Process locked */
 386:Drivers/STM32G4xx_HAL_Driver/Src/stm32g4xx_hal_dma.c ****   __HAL_LOCK(hdma);
 387:Drivers/STM32G4xx_HAL_Driver/Src/stm32g4xx_hal_dma.c **** 
 388:Drivers/STM32G4xx_HAL_Driver/Src/stm32g4xx_hal_dma.c ****   if (HAL_DMA_STATE_READY == hdma->State)
 389:Drivers/STM32G4xx_HAL_Driver/Src/stm32g4xx_hal_dma.c ****   {
 390:Drivers/STM32G4xx_HAL_Driver/Src/stm32g4xx_hal_dma.c ****     /* Change DMA peripheral state */
 391:Drivers/STM32G4xx_HAL_Driver/Src/stm32g4xx_hal_dma.c ****     hdma->State = HAL_DMA_STATE_BUSY;
 392:Drivers/STM32G4xx_HAL_Driver/Src/stm32g4xx_hal_dma.c ****     hdma->ErrorCode = HAL_DMA_ERROR_NONE;
 393:Drivers/STM32G4xx_HAL_Driver/Src/stm32g4xx_hal_dma.c **** 
 394:Drivers/STM32G4xx_HAL_Driver/Src/stm32g4xx_hal_dma.c ****     /* Disable the peripheral */
 395:Drivers/STM32G4xx_HAL_Driver/Src/stm32g4xx_hal_dma.c ****     __HAL_DMA_DISABLE(hdma);
 396:Drivers/STM32G4xx_HAL_Driver/Src/stm32g4xx_hal_dma.c **** 
 397:Drivers/STM32G4xx_HAL_Driver/Src/stm32g4xx_hal_dma.c ****     /* Configure the source, destination address and the data length & clear flags*/
 398:Drivers/STM32G4xx_HAL_Driver/Src/stm32g4xx_hal_dma.c ****     DMA_SetConfig(hdma, SrcAddress, DstAddress, DataLength);
 399:Drivers/STM32G4xx_HAL_Driver/Src/stm32g4xx_hal_dma.c **** 
 400:Drivers/STM32G4xx_HAL_Driver/Src/stm32g4xx_hal_dma.c ****     /* Enable the Peripheral */
 401:Drivers/STM32G4xx_HAL_Driver/Src/stm32g4xx_hal_dma.c ****     __HAL_DMA_ENABLE(hdma);
 402:Drivers/STM32G4xx_HAL_Driver/Src/stm32g4xx_hal_dma.c ****   }
 403:Drivers/STM32G4xx_HAL_Driver/Src/stm32g4xx_hal_dma.c ****   else
 404:Drivers/STM32G4xx_HAL_Driver/Src/stm32g4xx_hal_dma.c ****   {
 405:Drivers/STM32G4xx_HAL_Driver/Src/stm32g4xx_hal_dma.c ****     /* Process Unlocked */
 406:Drivers/STM32G4xx_HAL_Driver/Src/stm32g4xx_hal_dma.c ****     __HAL_UNLOCK(hdma);
 407:Drivers/STM32G4xx_HAL_Driver/Src/stm32g4xx_hal_dma.c ****     status = HAL_BUSY;
 408:Drivers/STM32G4xx_HAL_Driver/Src/stm32g4xx_hal_dma.c ****   }
 409:Drivers/STM32G4xx_HAL_Driver/Src/stm32g4xx_hal_dma.c ****   return status;
 410:Drivers/STM32G4xx_HAL_Driver/Src/stm32g4xx_hal_dma.c **** }
 411:Drivers/STM32G4xx_HAL_Driver/Src/stm32g4xx_hal_dma.c **** 
 412:Drivers/STM32G4xx_HAL_Driver/Src/stm32g4xx_hal_dma.c **** /**
 413:Drivers/STM32G4xx_HAL_Driver/Src/stm32g4xx_hal_dma.c ****   * @brief  Start the DMA Transfer with interrupt enabled.
 414:Drivers/STM32G4xx_HAL_Driver/Src/stm32g4xx_hal_dma.c ****   * @param  hdma pointer to a DMA_HandleTypeDef structure that contains
 415:Drivers/STM32G4xx_HAL_Driver/Src/stm32g4xx_hal_dma.c ****   *               the configuration information for the specified DMA Channel.
 416:Drivers/STM32G4xx_HAL_Driver/Src/stm32g4xx_hal_dma.c ****   * @param  SrcAddress The source memory Buffer address
 417:Drivers/STM32G4xx_HAL_Driver/Src/stm32g4xx_hal_dma.c ****   * @param  DstAddress The destination memory Buffer address
 418:Drivers/STM32G4xx_HAL_Driver/Src/stm32g4xx_hal_dma.c ****   * @param  DataLength The length of data to be transferred from source to destination (up to 256Kb
 419:Drivers/STM32G4xx_HAL_Driver/Src/stm32g4xx_hal_dma.c ****   * @retval HAL status
 420:Drivers/STM32G4xx_HAL_Driver/Src/stm32g4xx_hal_dma.c ****   */
 421:Drivers/STM32G4xx_HAL_Driver/Src/stm32g4xx_hal_dma.c **** HAL_StatusTypeDef HAL_DMA_Start_IT(DMA_HandleTypeDef *hdma, uint32_t SrcAddress, uint32_t DstAddres
 422:Drivers/STM32G4xx_HAL_Driver/Src/stm32g4xx_hal_dma.c ****                                    uint32_t DataLength)
 423:Drivers/STM32G4xx_HAL_Driver/Src/stm32g4xx_hal_dma.c **** {
 424:Drivers/STM32G4xx_HAL_Driver/Src/stm32g4xx_hal_dma.c ****   HAL_StatusTypeDef status = HAL_OK;
 425:Drivers/STM32G4xx_HAL_Driver/Src/stm32g4xx_hal_dma.c **** 
 426:Drivers/STM32G4xx_HAL_Driver/Src/stm32g4xx_hal_dma.c ****   /* Check the parameters */
 427:Drivers/STM32G4xx_HAL_Driver/Src/stm32g4xx_hal_dma.c ****   assert_param(IS_DMA_BUFFER_SIZE(DataLength));
 428:Drivers/STM32G4xx_HAL_Driver/Src/stm32g4xx_hal_dma.c **** 
ARM GAS  /tmp/ccTSPs4y.s 			page 9


 429:Drivers/STM32G4xx_HAL_Driver/Src/stm32g4xx_hal_dma.c ****   /* Process locked */
 430:Drivers/STM32G4xx_HAL_Driver/Src/stm32g4xx_hal_dma.c ****   __HAL_LOCK(hdma);
 431:Drivers/STM32G4xx_HAL_Driver/Src/stm32g4xx_hal_dma.c **** 
 432:Drivers/STM32G4xx_HAL_Driver/Src/stm32g4xx_hal_dma.c ****   if (HAL_DMA_STATE_READY == hdma->State)
 433:Drivers/STM32G4xx_HAL_Driver/Src/stm32g4xx_hal_dma.c ****   {
 434:Drivers/STM32G4xx_HAL_Driver/Src/stm32g4xx_hal_dma.c ****     /* Change DMA peripheral state */
 435:Drivers/STM32G4xx_HAL_Driver/Src/stm32g4xx_hal_dma.c ****     hdma->State = HAL_DMA_STATE_BUSY;
 436:Drivers/STM32G4xx_HAL_Driver/Src/stm32g4xx_hal_dma.c ****     hdma->ErrorCode = HAL_DMA_ERROR_NONE;
 437:Drivers/STM32G4xx_HAL_Driver/Src/stm32g4xx_hal_dma.c **** 
 438:Drivers/STM32G4xx_HAL_Driver/Src/stm32g4xx_hal_dma.c ****     /* Disable the peripheral */
 439:Drivers/STM32G4xx_HAL_Driver/Src/stm32g4xx_hal_dma.c ****     __HAL_DMA_DISABLE(hdma);
 440:Drivers/STM32G4xx_HAL_Driver/Src/stm32g4xx_hal_dma.c **** 
 441:Drivers/STM32G4xx_HAL_Driver/Src/stm32g4xx_hal_dma.c ****     /* Configure the source, destination address and the data length & clear flags*/
 442:Drivers/STM32G4xx_HAL_Driver/Src/stm32g4xx_hal_dma.c ****     DMA_SetConfig(hdma, SrcAddress, DstAddress, DataLength);
 443:Drivers/STM32G4xx_HAL_Driver/Src/stm32g4xx_hal_dma.c **** 
 444:Drivers/STM32G4xx_HAL_Driver/Src/stm32g4xx_hal_dma.c ****     /* Enable the transfer complete interrupt */
 445:Drivers/STM32G4xx_HAL_Driver/Src/stm32g4xx_hal_dma.c ****     /* Enable the transfer Error interrupt */
 446:Drivers/STM32G4xx_HAL_Driver/Src/stm32g4xx_hal_dma.c ****     if (NULL != hdma->XferHalfCpltCallback)
 447:Drivers/STM32G4xx_HAL_Driver/Src/stm32g4xx_hal_dma.c ****     {
 448:Drivers/STM32G4xx_HAL_Driver/Src/stm32g4xx_hal_dma.c ****       /* Enable the Half transfer complete interrupt as well */
 449:Drivers/STM32G4xx_HAL_Driver/Src/stm32g4xx_hal_dma.c ****       __HAL_DMA_ENABLE_IT(hdma, (DMA_IT_TC | DMA_IT_HT | DMA_IT_TE));
 450:Drivers/STM32G4xx_HAL_Driver/Src/stm32g4xx_hal_dma.c ****     }
 451:Drivers/STM32G4xx_HAL_Driver/Src/stm32g4xx_hal_dma.c ****     else
 452:Drivers/STM32G4xx_HAL_Driver/Src/stm32g4xx_hal_dma.c ****     {
 453:Drivers/STM32G4xx_HAL_Driver/Src/stm32g4xx_hal_dma.c ****       __HAL_DMA_DISABLE_IT(hdma, DMA_IT_HT);
 454:Drivers/STM32G4xx_HAL_Driver/Src/stm32g4xx_hal_dma.c ****       __HAL_DMA_ENABLE_IT(hdma, (DMA_IT_TC | DMA_IT_TE));
 455:Drivers/STM32G4xx_HAL_Driver/Src/stm32g4xx_hal_dma.c ****     }
 456:Drivers/STM32G4xx_HAL_Driver/Src/stm32g4xx_hal_dma.c **** 
 457:Drivers/STM32G4xx_HAL_Driver/Src/stm32g4xx_hal_dma.c ****     /* Check if DMAMUX Synchronization is enabled*/
 458:Drivers/STM32G4xx_HAL_Driver/Src/stm32g4xx_hal_dma.c ****     if ((hdma->DMAmuxChannel->CCR & DMAMUX_CxCR_SE) != 0U)
 459:Drivers/STM32G4xx_HAL_Driver/Src/stm32g4xx_hal_dma.c ****     {
 460:Drivers/STM32G4xx_HAL_Driver/Src/stm32g4xx_hal_dma.c ****       /* Enable DMAMUX sync overrun IT*/
 461:Drivers/STM32G4xx_HAL_Driver/Src/stm32g4xx_hal_dma.c ****       hdma->DMAmuxChannel->CCR |= DMAMUX_CxCR_SOIE;
 462:Drivers/STM32G4xx_HAL_Driver/Src/stm32g4xx_hal_dma.c ****     }
 463:Drivers/STM32G4xx_HAL_Driver/Src/stm32g4xx_hal_dma.c **** 
 464:Drivers/STM32G4xx_HAL_Driver/Src/stm32g4xx_hal_dma.c ****     if (hdma->DMAmuxRequestGen != 0U)
 465:Drivers/STM32G4xx_HAL_Driver/Src/stm32g4xx_hal_dma.c ****     {
 466:Drivers/STM32G4xx_HAL_Driver/Src/stm32g4xx_hal_dma.c ****       /* if using DMAMUX request generator, enable the DMAMUX request generator overrun IT*/
 467:Drivers/STM32G4xx_HAL_Driver/Src/stm32g4xx_hal_dma.c ****       /* enable the request gen overrun IT*/
 468:Drivers/STM32G4xx_HAL_Driver/Src/stm32g4xx_hal_dma.c ****       hdma->DMAmuxRequestGen->RGCR |= DMAMUX_RGxCR_OIE;
 469:Drivers/STM32G4xx_HAL_Driver/Src/stm32g4xx_hal_dma.c ****     }
 470:Drivers/STM32G4xx_HAL_Driver/Src/stm32g4xx_hal_dma.c **** 
 471:Drivers/STM32G4xx_HAL_Driver/Src/stm32g4xx_hal_dma.c ****     /* Enable the Peripheral */
 472:Drivers/STM32G4xx_HAL_Driver/Src/stm32g4xx_hal_dma.c ****     __HAL_DMA_ENABLE(hdma);
 473:Drivers/STM32G4xx_HAL_Driver/Src/stm32g4xx_hal_dma.c ****   }
 474:Drivers/STM32G4xx_HAL_Driver/Src/stm32g4xx_hal_dma.c ****   else
 475:Drivers/STM32G4xx_HAL_Driver/Src/stm32g4xx_hal_dma.c ****   {
 476:Drivers/STM32G4xx_HAL_Driver/Src/stm32g4xx_hal_dma.c ****     /* Process Unlocked */
 477:Drivers/STM32G4xx_HAL_Driver/Src/stm32g4xx_hal_dma.c ****     __HAL_UNLOCK(hdma);
 478:Drivers/STM32G4xx_HAL_Driver/Src/stm32g4xx_hal_dma.c **** 
 479:Drivers/STM32G4xx_HAL_Driver/Src/stm32g4xx_hal_dma.c ****     /* Remain BUSY */
 480:Drivers/STM32G4xx_HAL_Driver/Src/stm32g4xx_hal_dma.c ****     status = HAL_BUSY;
 481:Drivers/STM32G4xx_HAL_Driver/Src/stm32g4xx_hal_dma.c ****   }
 482:Drivers/STM32G4xx_HAL_Driver/Src/stm32g4xx_hal_dma.c ****   return status;
 483:Drivers/STM32G4xx_HAL_Driver/Src/stm32g4xx_hal_dma.c **** }
 484:Drivers/STM32G4xx_HAL_Driver/Src/stm32g4xx_hal_dma.c **** 
 485:Drivers/STM32G4xx_HAL_Driver/Src/stm32g4xx_hal_dma.c **** /**
ARM GAS  /tmp/ccTSPs4y.s 			page 10


 486:Drivers/STM32G4xx_HAL_Driver/Src/stm32g4xx_hal_dma.c ****   * @brief  Abort the DMA Transfer.
 487:Drivers/STM32G4xx_HAL_Driver/Src/stm32g4xx_hal_dma.c ****   * @param  hdma pointer to a DMA_HandleTypeDef structure that contains
 488:Drivers/STM32G4xx_HAL_Driver/Src/stm32g4xx_hal_dma.c ****   *               the configuration information for the specified DMA Channel.
 489:Drivers/STM32G4xx_HAL_Driver/Src/stm32g4xx_hal_dma.c ****     * @retval HAL status
 490:Drivers/STM32G4xx_HAL_Driver/Src/stm32g4xx_hal_dma.c ****   */
 491:Drivers/STM32G4xx_HAL_Driver/Src/stm32g4xx_hal_dma.c **** HAL_StatusTypeDef HAL_DMA_Abort(DMA_HandleTypeDef *hdma)
 492:Drivers/STM32G4xx_HAL_Driver/Src/stm32g4xx_hal_dma.c **** {
 493:Drivers/STM32G4xx_HAL_Driver/Src/stm32g4xx_hal_dma.c ****   HAL_StatusTypeDef status = HAL_OK;
 494:Drivers/STM32G4xx_HAL_Driver/Src/stm32g4xx_hal_dma.c **** 
 495:Drivers/STM32G4xx_HAL_Driver/Src/stm32g4xx_hal_dma.c ****   /* Check the DMA peripheral handle parameter */
 496:Drivers/STM32G4xx_HAL_Driver/Src/stm32g4xx_hal_dma.c ****   if (hdma == NULL)
 497:Drivers/STM32G4xx_HAL_Driver/Src/stm32g4xx_hal_dma.c ****   {
 498:Drivers/STM32G4xx_HAL_Driver/Src/stm32g4xx_hal_dma.c ****     return HAL_ERROR;
 499:Drivers/STM32G4xx_HAL_Driver/Src/stm32g4xx_hal_dma.c ****   }
 500:Drivers/STM32G4xx_HAL_Driver/Src/stm32g4xx_hal_dma.c **** 
 501:Drivers/STM32G4xx_HAL_Driver/Src/stm32g4xx_hal_dma.c ****   if (hdma->State != HAL_DMA_STATE_BUSY)
 502:Drivers/STM32G4xx_HAL_Driver/Src/stm32g4xx_hal_dma.c ****   {
 503:Drivers/STM32G4xx_HAL_Driver/Src/stm32g4xx_hal_dma.c ****     /* no transfer ongoing */
 504:Drivers/STM32G4xx_HAL_Driver/Src/stm32g4xx_hal_dma.c ****     hdma->ErrorCode = HAL_DMA_ERROR_NO_XFER;
 505:Drivers/STM32G4xx_HAL_Driver/Src/stm32g4xx_hal_dma.c **** 
 506:Drivers/STM32G4xx_HAL_Driver/Src/stm32g4xx_hal_dma.c ****     status = HAL_ERROR;
 507:Drivers/STM32G4xx_HAL_Driver/Src/stm32g4xx_hal_dma.c ****   }
 508:Drivers/STM32G4xx_HAL_Driver/Src/stm32g4xx_hal_dma.c ****   else
 509:Drivers/STM32G4xx_HAL_Driver/Src/stm32g4xx_hal_dma.c ****   {
 510:Drivers/STM32G4xx_HAL_Driver/Src/stm32g4xx_hal_dma.c ****     /* Disable the channel */
 511:Drivers/STM32G4xx_HAL_Driver/Src/stm32g4xx_hal_dma.c ****     __HAL_DMA_DISABLE(hdma);
 512:Drivers/STM32G4xx_HAL_Driver/Src/stm32g4xx_hal_dma.c **** 
 513:Drivers/STM32G4xx_HAL_Driver/Src/stm32g4xx_hal_dma.c ****     /* Disable DMA IT */
 514:Drivers/STM32G4xx_HAL_Driver/Src/stm32g4xx_hal_dma.c ****     __HAL_DMA_DISABLE_IT(hdma, (DMA_IT_TC | DMA_IT_HT | DMA_IT_TE));
 515:Drivers/STM32G4xx_HAL_Driver/Src/stm32g4xx_hal_dma.c **** 
 516:Drivers/STM32G4xx_HAL_Driver/Src/stm32g4xx_hal_dma.c ****     /* disable the DMAMUX sync overrun IT*/
 517:Drivers/STM32G4xx_HAL_Driver/Src/stm32g4xx_hal_dma.c ****     hdma->DMAmuxChannel->CCR &= ~DMAMUX_CxCR_SOIE;
 518:Drivers/STM32G4xx_HAL_Driver/Src/stm32g4xx_hal_dma.c **** 
 519:Drivers/STM32G4xx_HAL_Driver/Src/stm32g4xx_hal_dma.c ****     /* Clear all flags */
 520:Drivers/STM32G4xx_HAL_Driver/Src/stm32g4xx_hal_dma.c ****     hdma->DmaBaseAddress->IFCR = (DMA_ISR_GIF1 << (hdma->ChannelIndex & 0x1FU));
 521:Drivers/STM32G4xx_HAL_Driver/Src/stm32g4xx_hal_dma.c **** 
 522:Drivers/STM32G4xx_HAL_Driver/Src/stm32g4xx_hal_dma.c ****     /* Clear the DMAMUX synchro overrun flag */
 523:Drivers/STM32G4xx_HAL_Driver/Src/stm32g4xx_hal_dma.c ****     hdma->DMAmuxChannelStatus->CFR = hdma->DMAmuxChannelStatusMask;
 524:Drivers/STM32G4xx_HAL_Driver/Src/stm32g4xx_hal_dma.c **** 
 525:Drivers/STM32G4xx_HAL_Driver/Src/stm32g4xx_hal_dma.c ****     if (hdma->DMAmuxRequestGen != 0U)
 526:Drivers/STM32G4xx_HAL_Driver/Src/stm32g4xx_hal_dma.c ****     {
 527:Drivers/STM32G4xx_HAL_Driver/Src/stm32g4xx_hal_dma.c ****       /* if using DMAMUX request generator, disable the DMAMUX request generator overrun IT*/
 528:Drivers/STM32G4xx_HAL_Driver/Src/stm32g4xx_hal_dma.c ****       /* disable the request gen overrun IT*/
 529:Drivers/STM32G4xx_HAL_Driver/Src/stm32g4xx_hal_dma.c ****       hdma->DMAmuxRequestGen->RGCR &= ~DMAMUX_RGxCR_OIE;
 530:Drivers/STM32G4xx_HAL_Driver/Src/stm32g4xx_hal_dma.c **** 
 531:Drivers/STM32G4xx_HAL_Driver/Src/stm32g4xx_hal_dma.c ****       /* Clear the DMAMUX request generator overrun flag */
 532:Drivers/STM32G4xx_HAL_Driver/Src/stm32g4xx_hal_dma.c ****       hdma->DMAmuxRequestGenStatus->RGCFR = hdma->DMAmuxRequestGenStatusMask;
 533:Drivers/STM32G4xx_HAL_Driver/Src/stm32g4xx_hal_dma.c ****     }
 534:Drivers/STM32G4xx_HAL_Driver/Src/stm32g4xx_hal_dma.c ****   }
 535:Drivers/STM32G4xx_HAL_Driver/Src/stm32g4xx_hal_dma.c ****   /* Change the DMA state */
 536:Drivers/STM32G4xx_HAL_Driver/Src/stm32g4xx_hal_dma.c ****   hdma->State = HAL_DMA_STATE_READY;
 537:Drivers/STM32G4xx_HAL_Driver/Src/stm32g4xx_hal_dma.c **** 
 538:Drivers/STM32G4xx_HAL_Driver/Src/stm32g4xx_hal_dma.c ****   /* Process Unlocked */
 539:Drivers/STM32G4xx_HAL_Driver/Src/stm32g4xx_hal_dma.c ****   __HAL_UNLOCK(hdma);
 540:Drivers/STM32G4xx_HAL_Driver/Src/stm32g4xx_hal_dma.c **** 
 541:Drivers/STM32G4xx_HAL_Driver/Src/stm32g4xx_hal_dma.c ****   return status;
 542:Drivers/STM32G4xx_HAL_Driver/Src/stm32g4xx_hal_dma.c **** }
ARM GAS  /tmp/ccTSPs4y.s 			page 11


 543:Drivers/STM32G4xx_HAL_Driver/Src/stm32g4xx_hal_dma.c **** 
 544:Drivers/STM32G4xx_HAL_Driver/Src/stm32g4xx_hal_dma.c **** /**
 545:Drivers/STM32G4xx_HAL_Driver/Src/stm32g4xx_hal_dma.c ****   * @brief  Aborts the DMA Transfer in Interrupt mode.
 546:Drivers/STM32G4xx_HAL_Driver/Src/stm32g4xx_hal_dma.c ****   * @param  hdma pointer to a DMA_HandleTypeDef structure that contains
 547:Drivers/STM32G4xx_HAL_Driver/Src/stm32g4xx_hal_dma.c ****   *              the configuration information for the specified DMA Channel.
 548:Drivers/STM32G4xx_HAL_Driver/Src/stm32g4xx_hal_dma.c ****   * @retval HAL status
 549:Drivers/STM32G4xx_HAL_Driver/Src/stm32g4xx_hal_dma.c ****   */
 550:Drivers/STM32G4xx_HAL_Driver/Src/stm32g4xx_hal_dma.c **** HAL_StatusTypeDef HAL_DMA_Abort_IT(DMA_HandleTypeDef *hdma)
 551:Drivers/STM32G4xx_HAL_Driver/Src/stm32g4xx_hal_dma.c **** {
 552:Drivers/STM32G4xx_HAL_Driver/Src/stm32g4xx_hal_dma.c ****   HAL_StatusTypeDef status = HAL_OK;
 553:Drivers/STM32G4xx_HAL_Driver/Src/stm32g4xx_hal_dma.c **** 
 554:Drivers/STM32G4xx_HAL_Driver/Src/stm32g4xx_hal_dma.c ****   if (HAL_DMA_STATE_BUSY != hdma->State)
 555:Drivers/STM32G4xx_HAL_Driver/Src/stm32g4xx_hal_dma.c ****   {
 556:Drivers/STM32G4xx_HAL_Driver/Src/stm32g4xx_hal_dma.c ****     /* no transfer ongoing */
 557:Drivers/STM32G4xx_HAL_Driver/Src/stm32g4xx_hal_dma.c ****     hdma->ErrorCode = HAL_DMA_ERROR_NO_XFER;
 558:Drivers/STM32G4xx_HAL_Driver/Src/stm32g4xx_hal_dma.c **** 
 559:Drivers/STM32G4xx_HAL_Driver/Src/stm32g4xx_hal_dma.c ****     /* Change the DMA state */
 560:Drivers/STM32G4xx_HAL_Driver/Src/stm32g4xx_hal_dma.c ****     hdma->State = HAL_DMA_STATE_READY;
 561:Drivers/STM32G4xx_HAL_Driver/Src/stm32g4xx_hal_dma.c **** 
 562:Drivers/STM32G4xx_HAL_Driver/Src/stm32g4xx_hal_dma.c ****     /* Process Unlocked */
 563:Drivers/STM32G4xx_HAL_Driver/Src/stm32g4xx_hal_dma.c ****     __HAL_UNLOCK(hdma);
 564:Drivers/STM32G4xx_HAL_Driver/Src/stm32g4xx_hal_dma.c **** 
 565:Drivers/STM32G4xx_HAL_Driver/Src/stm32g4xx_hal_dma.c ****     status = HAL_ERROR;
 566:Drivers/STM32G4xx_HAL_Driver/Src/stm32g4xx_hal_dma.c ****   }
 567:Drivers/STM32G4xx_HAL_Driver/Src/stm32g4xx_hal_dma.c ****   else
 568:Drivers/STM32G4xx_HAL_Driver/Src/stm32g4xx_hal_dma.c ****   {
 569:Drivers/STM32G4xx_HAL_Driver/Src/stm32g4xx_hal_dma.c **** 
 570:Drivers/STM32G4xx_HAL_Driver/Src/stm32g4xx_hal_dma.c ****     /* Disable the channel */
 571:Drivers/STM32G4xx_HAL_Driver/Src/stm32g4xx_hal_dma.c ****     __HAL_DMA_DISABLE(hdma);
 572:Drivers/STM32G4xx_HAL_Driver/Src/stm32g4xx_hal_dma.c **** 
 573:Drivers/STM32G4xx_HAL_Driver/Src/stm32g4xx_hal_dma.c ****     /* Disable DMA IT */
 574:Drivers/STM32G4xx_HAL_Driver/Src/stm32g4xx_hal_dma.c ****     __HAL_DMA_DISABLE_IT(hdma, (DMA_IT_TC | DMA_IT_HT | DMA_IT_TE));
 575:Drivers/STM32G4xx_HAL_Driver/Src/stm32g4xx_hal_dma.c **** 
 576:Drivers/STM32G4xx_HAL_Driver/Src/stm32g4xx_hal_dma.c ****     /* disable the DMAMUX sync overrun IT*/
 577:Drivers/STM32G4xx_HAL_Driver/Src/stm32g4xx_hal_dma.c ****     hdma->DMAmuxChannel->CCR &= ~DMAMUX_CxCR_SOIE;
 578:Drivers/STM32G4xx_HAL_Driver/Src/stm32g4xx_hal_dma.c **** 
 579:Drivers/STM32G4xx_HAL_Driver/Src/stm32g4xx_hal_dma.c ****     /* Clear all flags */
 580:Drivers/STM32G4xx_HAL_Driver/Src/stm32g4xx_hal_dma.c ****     hdma->DmaBaseAddress->IFCR = (DMA_ISR_GIF1 << (hdma->ChannelIndex & 0x1FU));
 581:Drivers/STM32G4xx_HAL_Driver/Src/stm32g4xx_hal_dma.c **** 
 582:Drivers/STM32G4xx_HAL_Driver/Src/stm32g4xx_hal_dma.c ****     /* Clear the DMAMUX synchro overrun flag */
 583:Drivers/STM32G4xx_HAL_Driver/Src/stm32g4xx_hal_dma.c ****     hdma->DMAmuxChannelStatus->CFR = hdma->DMAmuxChannelStatusMask;
 584:Drivers/STM32G4xx_HAL_Driver/Src/stm32g4xx_hal_dma.c **** 
 585:Drivers/STM32G4xx_HAL_Driver/Src/stm32g4xx_hal_dma.c ****     if (hdma->DMAmuxRequestGen != 0U)
 586:Drivers/STM32G4xx_HAL_Driver/Src/stm32g4xx_hal_dma.c ****     {
 587:Drivers/STM32G4xx_HAL_Driver/Src/stm32g4xx_hal_dma.c ****       /* if using DMAMUX request generator, disable the DMAMUX request generator overrun IT*/
 588:Drivers/STM32G4xx_HAL_Driver/Src/stm32g4xx_hal_dma.c ****       /* disable the request gen overrun IT*/
 589:Drivers/STM32G4xx_HAL_Driver/Src/stm32g4xx_hal_dma.c ****       hdma->DMAmuxRequestGen->RGCR &= ~DMAMUX_RGxCR_OIE;
 590:Drivers/STM32G4xx_HAL_Driver/Src/stm32g4xx_hal_dma.c **** 
 591:Drivers/STM32G4xx_HAL_Driver/Src/stm32g4xx_hal_dma.c ****       /* Clear the DMAMUX request generator overrun flag */
 592:Drivers/STM32G4xx_HAL_Driver/Src/stm32g4xx_hal_dma.c ****       hdma->DMAmuxRequestGenStatus->RGCFR = hdma->DMAmuxRequestGenStatusMask;
 593:Drivers/STM32G4xx_HAL_Driver/Src/stm32g4xx_hal_dma.c ****     }
 594:Drivers/STM32G4xx_HAL_Driver/Src/stm32g4xx_hal_dma.c **** 
 595:Drivers/STM32G4xx_HAL_Driver/Src/stm32g4xx_hal_dma.c ****     /* Change the DMA state */
 596:Drivers/STM32G4xx_HAL_Driver/Src/stm32g4xx_hal_dma.c ****     hdma->State = HAL_DMA_STATE_READY;
 597:Drivers/STM32G4xx_HAL_Driver/Src/stm32g4xx_hal_dma.c **** 
 598:Drivers/STM32G4xx_HAL_Driver/Src/stm32g4xx_hal_dma.c ****     /* Process Unlocked */
 599:Drivers/STM32G4xx_HAL_Driver/Src/stm32g4xx_hal_dma.c ****     __HAL_UNLOCK(hdma);
ARM GAS  /tmp/ccTSPs4y.s 			page 12


 600:Drivers/STM32G4xx_HAL_Driver/Src/stm32g4xx_hal_dma.c **** 
 601:Drivers/STM32G4xx_HAL_Driver/Src/stm32g4xx_hal_dma.c ****     /* Call User Abort callback */
 602:Drivers/STM32G4xx_HAL_Driver/Src/stm32g4xx_hal_dma.c ****     if (hdma->XferAbortCallback != NULL)
 603:Drivers/STM32G4xx_HAL_Driver/Src/stm32g4xx_hal_dma.c ****     {
 604:Drivers/STM32G4xx_HAL_Driver/Src/stm32g4xx_hal_dma.c ****       hdma->XferAbortCallback(hdma);
 605:Drivers/STM32G4xx_HAL_Driver/Src/stm32g4xx_hal_dma.c ****     }
 606:Drivers/STM32G4xx_HAL_Driver/Src/stm32g4xx_hal_dma.c ****   }
 607:Drivers/STM32G4xx_HAL_Driver/Src/stm32g4xx_hal_dma.c ****   return status;
 608:Drivers/STM32G4xx_HAL_Driver/Src/stm32g4xx_hal_dma.c **** }
 609:Drivers/STM32G4xx_HAL_Driver/Src/stm32g4xx_hal_dma.c **** 
 610:Drivers/STM32G4xx_HAL_Driver/Src/stm32g4xx_hal_dma.c **** /**
 611:Drivers/STM32G4xx_HAL_Driver/Src/stm32g4xx_hal_dma.c ****   * @brief  Polling for transfer complete.
 612:Drivers/STM32G4xx_HAL_Driver/Src/stm32g4xx_hal_dma.c ****   * @param  hdma pointer to a DMA_HandleTypeDef structure that contains
 613:Drivers/STM32G4xx_HAL_Driver/Src/stm32g4xx_hal_dma.c ****   *              the configuration information for the specified DMA Channel.
 614:Drivers/STM32G4xx_HAL_Driver/Src/stm32g4xx_hal_dma.c ****   * @param  CompleteLevel Specifies the DMA level complete.
 615:Drivers/STM32G4xx_HAL_Driver/Src/stm32g4xx_hal_dma.c ****   * @param  Timeout       Timeout duration.
 616:Drivers/STM32G4xx_HAL_Driver/Src/stm32g4xx_hal_dma.c ****   * @retval HAL status
 617:Drivers/STM32G4xx_HAL_Driver/Src/stm32g4xx_hal_dma.c ****   */
 618:Drivers/STM32G4xx_HAL_Driver/Src/stm32g4xx_hal_dma.c **** HAL_StatusTypeDef HAL_DMA_PollForTransfer(DMA_HandleTypeDef *hdma, HAL_DMA_LevelCompleteTypeDef Com
 619:Drivers/STM32G4xx_HAL_Driver/Src/stm32g4xx_hal_dma.c ****                                           uint32_t Timeout)
 620:Drivers/STM32G4xx_HAL_Driver/Src/stm32g4xx_hal_dma.c **** {
 621:Drivers/STM32G4xx_HAL_Driver/Src/stm32g4xx_hal_dma.c ****   uint32_t temp;
 622:Drivers/STM32G4xx_HAL_Driver/Src/stm32g4xx_hal_dma.c ****   uint32_t tickstart;
 623:Drivers/STM32G4xx_HAL_Driver/Src/stm32g4xx_hal_dma.c **** 
 624:Drivers/STM32G4xx_HAL_Driver/Src/stm32g4xx_hal_dma.c ****   if (HAL_DMA_STATE_BUSY != hdma->State)
 625:Drivers/STM32G4xx_HAL_Driver/Src/stm32g4xx_hal_dma.c ****   {
 626:Drivers/STM32G4xx_HAL_Driver/Src/stm32g4xx_hal_dma.c ****     /* no transfer ongoing */
 627:Drivers/STM32G4xx_HAL_Driver/Src/stm32g4xx_hal_dma.c ****     hdma->ErrorCode = HAL_DMA_ERROR_NO_XFER;
 628:Drivers/STM32G4xx_HAL_Driver/Src/stm32g4xx_hal_dma.c ****     __HAL_UNLOCK(hdma);
 629:Drivers/STM32G4xx_HAL_Driver/Src/stm32g4xx_hal_dma.c ****     return HAL_ERROR;
 630:Drivers/STM32G4xx_HAL_Driver/Src/stm32g4xx_hal_dma.c ****   }
 631:Drivers/STM32G4xx_HAL_Driver/Src/stm32g4xx_hal_dma.c **** 
 632:Drivers/STM32G4xx_HAL_Driver/Src/stm32g4xx_hal_dma.c ****   /* Polling mode not supported in circular mode */
 633:Drivers/STM32G4xx_HAL_Driver/Src/stm32g4xx_hal_dma.c ****   if (0U != (hdma->Instance->CCR & DMA_CCR_CIRC))
 634:Drivers/STM32G4xx_HAL_Driver/Src/stm32g4xx_hal_dma.c ****   {
 635:Drivers/STM32G4xx_HAL_Driver/Src/stm32g4xx_hal_dma.c ****     hdma->ErrorCode = HAL_DMA_ERROR_NOT_SUPPORTED;
 636:Drivers/STM32G4xx_HAL_Driver/Src/stm32g4xx_hal_dma.c ****     return HAL_ERROR;
 637:Drivers/STM32G4xx_HAL_Driver/Src/stm32g4xx_hal_dma.c ****   }
 638:Drivers/STM32G4xx_HAL_Driver/Src/stm32g4xx_hal_dma.c **** 
 639:Drivers/STM32G4xx_HAL_Driver/Src/stm32g4xx_hal_dma.c ****   /* Get the level transfer complete flag */
 640:Drivers/STM32G4xx_HAL_Driver/Src/stm32g4xx_hal_dma.c ****   if (HAL_DMA_FULL_TRANSFER == CompleteLevel)
 641:Drivers/STM32G4xx_HAL_Driver/Src/stm32g4xx_hal_dma.c ****   {
 642:Drivers/STM32G4xx_HAL_Driver/Src/stm32g4xx_hal_dma.c ****     /* Transfer Complete flag */
 643:Drivers/STM32G4xx_HAL_Driver/Src/stm32g4xx_hal_dma.c **** 
 644:Drivers/STM32G4xx_HAL_Driver/Src/stm32g4xx_hal_dma.c ****     temp = (uint32_t)DMA_FLAG_TC1 << (hdma->ChannelIndex & 0x1FU);
 645:Drivers/STM32G4xx_HAL_Driver/Src/stm32g4xx_hal_dma.c ****   }
 646:Drivers/STM32G4xx_HAL_Driver/Src/stm32g4xx_hal_dma.c ****   else
 647:Drivers/STM32G4xx_HAL_Driver/Src/stm32g4xx_hal_dma.c ****   {
 648:Drivers/STM32G4xx_HAL_Driver/Src/stm32g4xx_hal_dma.c ****     /* Half Transfer Complete flag */
 649:Drivers/STM32G4xx_HAL_Driver/Src/stm32g4xx_hal_dma.c ****     temp = (uint32_t)DMA_FLAG_HT1 << (hdma->ChannelIndex & 0x1FU);
 650:Drivers/STM32G4xx_HAL_Driver/Src/stm32g4xx_hal_dma.c ****   }
 651:Drivers/STM32G4xx_HAL_Driver/Src/stm32g4xx_hal_dma.c **** 
 652:Drivers/STM32G4xx_HAL_Driver/Src/stm32g4xx_hal_dma.c ****   /* Get tick */
 653:Drivers/STM32G4xx_HAL_Driver/Src/stm32g4xx_hal_dma.c ****   tickstart = HAL_GetTick();
 654:Drivers/STM32G4xx_HAL_Driver/Src/stm32g4xx_hal_dma.c **** 
 655:Drivers/STM32G4xx_HAL_Driver/Src/stm32g4xx_hal_dma.c ****   while (0U == (hdma->DmaBaseAddress->ISR & temp))
 656:Drivers/STM32G4xx_HAL_Driver/Src/stm32g4xx_hal_dma.c ****   {
ARM GAS  /tmp/ccTSPs4y.s 			page 13


 657:Drivers/STM32G4xx_HAL_Driver/Src/stm32g4xx_hal_dma.c ****     if ((0U != (hdma->DmaBaseAddress->ISR & ((uint32_t)DMA_FLAG_TE1 << (hdma->ChannelIndex & 0x1FU)
 658:Drivers/STM32G4xx_HAL_Driver/Src/stm32g4xx_hal_dma.c ****     {
 659:Drivers/STM32G4xx_HAL_Driver/Src/stm32g4xx_hal_dma.c ****       /* When a DMA transfer error occurs */
 660:Drivers/STM32G4xx_HAL_Driver/Src/stm32g4xx_hal_dma.c ****       /* A hardware clear of its EN bits is performed */
 661:Drivers/STM32G4xx_HAL_Driver/Src/stm32g4xx_hal_dma.c ****       /* Clear all flags */
 662:Drivers/STM32G4xx_HAL_Driver/Src/stm32g4xx_hal_dma.c ****       hdma->DmaBaseAddress->IFCR = ((uint32_t)DMA_ISR_GIF1 << (hdma->ChannelIndex & 0x1FU));
 663:Drivers/STM32G4xx_HAL_Driver/Src/stm32g4xx_hal_dma.c **** 
 664:Drivers/STM32G4xx_HAL_Driver/Src/stm32g4xx_hal_dma.c ****       /* Update error code */
 665:Drivers/STM32G4xx_HAL_Driver/Src/stm32g4xx_hal_dma.c ****       hdma->ErrorCode = HAL_DMA_ERROR_TE;
 666:Drivers/STM32G4xx_HAL_Driver/Src/stm32g4xx_hal_dma.c **** 
 667:Drivers/STM32G4xx_HAL_Driver/Src/stm32g4xx_hal_dma.c ****       /* Change the DMA state */
 668:Drivers/STM32G4xx_HAL_Driver/Src/stm32g4xx_hal_dma.c ****       hdma->State = HAL_DMA_STATE_READY;
 669:Drivers/STM32G4xx_HAL_Driver/Src/stm32g4xx_hal_dma.c **** 
 670:Drivers/STM32G4xx_HAL_Driver/Src/stm32g4xx_hal_dma.c ****       /* Process Unlocked */
 671:Drivers/STM32G4xx_HAL_Driver/Src/stm32g4xx_hal_dma.c ****       __HAL_UNLOCK(hdma);
 672:Drivers/STM32G4xx_HAL_Driver/Src/stm32g4xx_hal_dma.c **** 
 673:Drivers/STM32G4xx_HAL_Driver/Src/stm32g4xx_hal_dma.c ****       return HAL_ERROR;
 674:Drivers/STM32G4xx_HAL_Driver/Src/stm32g4xx_hal_dma.c ****     }
 675:Drivers/STM32G4xx_HAL_Driver/Src/stm32g4xx_hal_dma.c ****     /* Check for the Timeout */
 676:Drivers/STM32G4xx_HAL_Driver/Src/stm32g4xx_hal_dma.c ****     if (Timeout != HAL_MAX_DELAY)
 677:Drivers/STM32G4xx_HAL_Driver/Src/stm32g4xx_hal_dma.c ****     {
 678:Drivers/STM32G4xx_HAL_Driver/Src/stm32g4xx_hal_dma.c ****       if (((HAL_GetTick() - tickstart) > Timeout) || (Timeout == 0U))
 679:Drivers/STM32G4xx_HAL_Driver/Src/stm32g4xx_hal_dma.c ****       {
 680:Drivers/STM32G4xx_HAL_Driver/Src/stm32g4xx_hal_dma.c ****         /* Update error code */
 681:Drivers/STM32G4xx_HAL_Driver/Src/stm32g4xx_hal_dma.c ****         hdma->ErrorCode = HAL_DMA_ERROR_TIMEOUT;
 682:Drivers/STM32G4xx_HAL_Driver/Src/stm32g4xx_hal_dma.c **** 
 683:Drivers/STM32G4xx_HAL_Driver/Src/stm32g4xx_hal_dma.c ****         /* Change the DMA state */
 684:Drivers/STM32G4xx_HAL_Driver/Src/stm32g4xx_hal_dma.c ****         hdma->State = HAL_DMA_STATE_READY;
 685:Drivers/STM32G4xx_HAL_Driver/Src/stm32g4xx_hal_dma.c **** 
 686:Drivers/STM32G4xx_HAL_Driver/Src/stm32g4xx_hal_dma.c ****         /* Process Unlocked */
 687:Drivers/STM32G4xx_HAL_Driver/Src/stm32g4xx_hal_dma.c ****         __HAL_UNLOCK(hdma);
 688:Drivers/STM32G4xx_HAL_Driver/Src/stm32g4xx_hal_dma.c **** 
 689:Drivers/STM32G4xx_HAL_Driver/Src/stm32g4xx_hal_dma.c ****         return HAL_ERROR;
 690:Drivers/STM32G4xx_HAL_Driver/Src/stm32g4xx_hal_dma.c ****       }
 691:Drivers/STM32G4xx_HAL_Driver/Src/stm32g4xx_hal_dma.c ****     }
 692:Drivers/STM32G4xx_HAL_Driver/Src/stm32g4xx_hal_dma.c ****   }
 693:Drivers/STM32G4xx_HAL_Driver/Src/stm32g4xx_hal_dma.c **** 
 694:Drivers/STM32G4xx_HAL_Driver/Src/stm32g4xx_hal_dma.c ****   /*Check for DMAMUX Request generator (if used) overrun status */
 695:Drivers/STM32G4xx_HAL_Driver/Src/stm32g4xx_hal_dma.c ****   if (hdma->DMAmuxRequestGen != 0U)
 696:Drivers/STM32G4xx_HAL_Driver/Src/stm32g4xx_hal_dma.c ****   {
 697:Drivers/STM32G4xx_HAL_Driver/Src/stm32g4xx_hal_dma.c ****     /* if using DMAMUX request generator Check for DMAMUX request generator overrun */
 698:Drivers/STM32G4xx_HAL_Driver/Src/stm32g4xx_hal_dma.c ****     if ((hdma->DMAmuxRequestGenStatus->RGSR & hdma->DMAmuxRequestGenStatusMask) != 0U)
 699:Drivers/STM32G4xx_HAL_Driver/Src/stm32g4xx_hal_dma.c ****     {
 700:Drivers/STM32G4xx_HAL_Driver/Src/stm32g4xx_hal_dma.c ****       /* Disable the request gen overrun interrupt */
 701:Drivers/STM32G4xx_HAL_Driver/Src/stm32g4xx_hal_dma.c ****       hdma->DMAmuxRequestGen->RGCR |= DMAMUX_RGxCR_OIE;
 702:Drivers/STM32G4xx_HAL_Driver/Src/stm32g4xx_hal_dma.c **** 
 703:Drivers/STM32G4xx_HAL_Driver/Src/stm32g4xx_hal_dma.c ****       /* Clear the DMAMUX request generator overrun flag */
 704:Drivers/STM32G4xx_HAL_Driver/Src/stm32g4xx_hal_dma.c ****       hdma->DMAmuxRequestGenStatus->RGCFR = hdma->DMAmuxRequestGenStatusMask;
 705:Drivers/STM32G4xx_HAL_Driver/Src/stm32g4xx_hal_dma.c **** 
 706:Drivers/STM32G4xx_HAL_Driver/Src/stm32g4xx_hal_dma.c ****       /* Update error code */
 707:Drivers/STM32G4xx_HAL_Driver/Src/stm32g4xx_hal_dma.c ****       hdma->ErrorCode |= HAL_DMA_ERROR_REQGEN;
 708:Drivers/STM32G4xx_HAL_Driver/Src/stm32g4xx_hal_dma.c ****     }
 709:Drivers/STM32G4xx_HAL_Driver/Src/stm32g4xx_hal_dma.c ****   }
 710:Drivers/STM32G4xx_HAL_Driver/Src/stm32g4xx_hal_dma.c **** 
 711:Drivers/STM32G4xx_HAL_Driver/Src/stm32g4xx_hal_dma.c ****   /* Check for DMAMUX Synchronization overrun */
 712:Drivers/STM32G4xx_HAL_Driver/Src/stm32g4xx_hal_dma.c ****   if ((hdma->DMAmuxChannelStatus->CSR & hdma->DMAmuxChannelStatusMask) != 0U)
 713:Drivers/STM32G4xx_HAL_Driver/Src/stm32g4xx_hal_dma.c ****   {
ARM GAS  /tmp/ccTSPs4y.s 			page 14


 714:Drivers/STM32G4xx_HAL_Driver/Src/stm32g4xx_hal_dma.c ****     /* Clear the DMAMUX synchro overrun flag */
 715:Drivers/STM32G4xx_HAL_Driver/Src/stm32g4xx_hal_dma.c ****     hdma->DMAmuxChannelStatus->CFR = hdma->DMAmuxChannelStatusMask;
 716:Drivers/STM32G4xx_HAL_Driver/Src/stm32g4xx_hal_dma.c **** 
 717:Drivers/STM32G4xx_HAL_Driver/Src/stm32g4xx_hal_dma.c ****     /* Update error code */
 718:Drivers/STM32G4xx_HAL_Driver/Src/stm32g4xx_hal_dma.c ****     hdma->ErrorCode |= HAL_DMA_ERROR_SYNC;
 719:Drivers/STM32G4xx_HAL_Driver/Src/stm32g4xx_hal_dma.c ****   }
 720:Drivers/STM32G4xx_HAL_Driver/Src/stm32g4xx_hal_dma.c **** 
 721:Drivers/STM32G4xx_HAL_Driver/Src/stm32g4xx_hal_dma.c ****   if (HAL_DMA_FULL_TRANSFER == CompleteLevel)
 722:Drivers/STM32G4xx_HAL_Driver/Src/stm32g4xx_hal_dma.c ****   {
 723:Drivers/STM32G4xx_HAL_Driver/Src/stm32g4xx_hal_dma.c ****     /* Clear the transfer complete flag */
 724:Drivers/STM32G4xx_HAL_Driver/Src/stm32g4xx_hal_dma.c ****     hdma->DmaBaseAddress->IFCR = ((uint32_t)DMA_FLAG_TC1 << (hdma->ChannelIndex & 0x1FU));
 725:Drivers/STM32G4xx_HAL_Driver/Src/stm32g4xx_hal_dma.c **** 
 726:Drivers/STM32G4xx_HAL_Driver/Src/stm32g4xx_hal_dma.c ****     /* The selected Channelx EN bit is cleared (DMA is disabled and
 727:Drivers/STM32G4xx_HAL_Driver/Src/stm32g4xx_hal_dma.c ****     all transfers are complete) */
 728:Drivers/STM32G4xx_HAL_Driver/Src/stm32g4xx_hal_dma.c ****     hdma->State = HAL_DMA_STATE_READY;
 729:Drivers/STM32G4xx_HAL_Driver/Src/stm32g4xx_hal_dma.c ****   }
 730:Drivers/STM32G4xx_HAL_Driver/Src/stm32g4xx_hal_dma.c ****   else
 731:Drivers/STM32G4xx_HAL_Driver/Src/stm32g4xx_hal_dma.c ****   {
 732:Drivers/STM32G4xx_HAL_Driver/Src/stm32g4xx_hal_dma.c ****     /* Clear the half transfer complete flag */
 733:Drivers/STM32G4xx_HAL_Driver/Src/stm32g4xx_hal_dma.c ****     hdma->DmaBaseAddress->IFCR = ((uint32_t)DMA_FLAG_HT1 << (hdma->ChannelIndex & 0x1FU));
 734:Drivers/STM32G4xx_HAL_Driver/Src/stm32g4xx_hal_dma.c ****   }
 735:Drivers/STM32G4xx_HAL_Driver/Src/stm32g4xx_hal_dma.c **** 
 736:Drivers/STM32G4xx_HAL_Driver/Src/stm32g4xx_hal_dma.c ****   /* Process unlocked */
 737:Drivers/STM32G4xx_HAL_Driver/Src/stm32g4xx_hal_dma.c ****   __HAL_UNLOCK(hdma);
 738:Drivers/STM32G4xx_HAL_Driver/Src/stm32g4xx_hal_dma.c **** 
 739:Drivers/STM32G4xx_HAL_Driver/Src/stm32g4xx_hal_dma.c ****   return HAL_OK;
 740:Drivers/STM32G4xx_HAL_Driver/Src/stm32g4xx_hal_dma.c **** }
 741:Drivers/STM32G4xx_HAL_Driver/Src/stm32g4xx_hal_dma.c **** 
 742:Drivers/STM32G4xx_HAL_Driver/Src/stm32g4xx_hal_dma.c **** /**
 743:Drivers/STM32G4xx_HAL_Driver/Src/stm32g4xx_hal_dma.c ****   * @brief  Handle DMA interrupt request.
 744:Drivers/STM32G4xx_HAL_Driver/Src/stm32g4xx_hal_dma.c ****   * @param  hdma pointer to a DMA_HandleTypeDef structure that contains
 745:Drivers/STM32G4xx_HAL_Driver/Src/stm32g4xx_hal_dma.c ****   *               the configuration information for the specified DMA Channel.
 746:Drivers/STM32G4xx_HAL_Driver/Src/stm32g4xx_hal_dma.c ****   * @retval None
 747:Drivers/STM32G4xx_HAL_Driver/Src/stm32g4xx_hal_dma.c ****   */
 748:Drivers/STM32G4xx_HAL_Driver/Src/stm32g4xx_hal_dma.c **** void HAL_DMA_IRQHandler(DMA_HandleTypeDef *hdma)
 749:Drivers/STM32G4xx_HAL_Driver/Src/stm32g4xx_hal_dma.c **** {
 750:Drivers/STM32G4xx_HAL_Driver/Src/stm32g4xx_hal_dma.c ****   uint32_t flag_it = hdma->DmaBaseAddress->ISR;
 751:Drivers/STM32G4xx_HAL_Driver/Src/stm32g4xx_hal_dma.c ****   uint32_t source_it = hdma->Instance->CCR;
 752:Drivers/STM32G4xx_HAL_Driver/Src/stm32g4xx_hal_dma.c **** 
 753:Drivers/STM32G4xx_HAL_Driver/Src/stm32g4xx_hal_dma.c ****   /* Half Transfer Complete Interrupt management ******************************/
 754:Drivers/STM32G4xx_HAL_Driver/Src/stm32g4xx_hal_dma.c ****   if ((0U != (flag_it & ((uint32_t)DMA_FLAG_HT1 << (hdma->ChannelIndex & 0x1FU)))) && (0U != (sourc
 755:Drivers/STM32G4xx_HAL_Driver/Src/stm32g4xx_hal_dma.c ****   {
 756:Drivers/STM32G4xx_HAL_Driver/Src/stm32g4xx_hal_dma.c ****     /* Disable the half transfer interrupt if the DMA mode is not CIRCULAR */
 757:Drivers/STM32G4xx_HAL_Driver/Src/stm32g4xx_hal_dma.c ****     if ((hdma->Instance->CCR & DMA_CCR_CIRC) == 0U)
 758:Drivers/STM32G4xx_HAL_Driver/Src/stm32g4xx_hal_dma.c ****     {
 759:Drivers/STM32G4xx_HAL_Driver/Src/stm32g4xx_hal_dma.c ****       /* Disable the half transfer interrupt */
 760:Drivers/STM32G4xx_HAL_Driver/Src/stm32g4xx_hal_dma.c ****       __HAL_DMA_DISABLE_IT(hdma, DMA_IT_HT);
 761:Drivers/STM32G4xx_HAL_Driver/Src/stm32g4xx_hal_dma.c ****     }
 762:Drivers/STM32G4xx_HAL_Driver/Src/stm32g4xx_hal_dma.c ****     /* Clear the half transfer complete flag */
 763:Drivers/STM32G4xx_HAL_Driver/Src/stm32g4xx_hal_dma.c ****     hdma->DmaBaseAddress->IFCR = ((uint32_t)DMA_ISR_HTIF1 << (hdma->ChannelIndex & 0x1FU));
 764:Drivers/STM32G4xx_HAL_Driver/Src/stm32g4xx_hal_dma.c **** 
 765:Drivers/STM32G4xx_HAL_Driver/Src/stm32g4xx_hal_dma.c ****     /* DMA peripheral state is not updated in Half Transfer */
 766:Drivers/STM32G4xx_HAL_Driver/Src/stm32g4xx_hal_dma.c ****     /* but in Transfer Complete case */
 767:Drivers/STM32G4xx_HAL_Driver/Src/stm32g4xx_hal_dma.c **** 
 768:Drivers/STM32G4xx_HAL_Driver/Src/stm32g4xx_hal_dma.c ****     if (hdma->XferHalfCpltCallback != NULL)
 769:Drivers/STM32G4xx_HAL_Driver/Src/stm32g4xx_hal_dma.c ****     {
 770:Drivers/STM32G4xx_HAL_Driver/Src/stm32g4xx_hal_dma.c ****       /* Half transfer callback */
ARM GAS  /tmp/ccTSPs4y.s 			page 15


 771:Drivers/STM32G4xx_HAL_Driver/Src/stm32g4xx_hal_dma.c ****       hdma->XferHalfCpltCallback(hdma);
 772:Drivers/STM32G4xx_HAL_Driver/Src/stm32g4xx_hal_dma.c ****     }
 773:Drivers/STM32G4xx_HAL_Driver/Src/stm32g4xx_hal_dma.c ****   }
 774:Drivers/STM32G4xx_HAL_Driver/Src/stm32g4xx_hal_dma.c ****   /* Transfer Complete Interrupt management ***********************************/
 775:Drivers/STM32G4xx_HAL_Driver/Src/stm32g4xx_hal_dma.c ****   else if ((0U != (flag_it & ((uint32_t)DMA_FLAG_TC1 << (hdma->ChannelIndex & 0x1FU))))
 776:Drivers/STM32G4xx_HAL_Driver/Src/stm32g4xx_hal_dma.c ****            && (0U != (source_it & DMA_IT_TC)))
 777:Drivers/STM32G4xx_HAL_Driver/Src/stm32g4xx_hal_dma.c ****   {
 778:Drivers/STM32G4xx_HAL_Driver/Src/stm32g4xx_hal_dma.c ****     if ((hdma->Instance->CCR & DMA_CCR_CIRC) == 0U)
 779:Drivers/STM32G4xx_HAL_Driver/Src/stm32g4xx_hal_dma.c ****     {
 780:Drivers/STM32G4xx_HAL_Driver/Src/stm32g4xx_hal_dma.c ****       /* Disable the transfer complete and error interrupt */
 781:Drivers/STM32G4xx_HAL_Driver/Src/stm32g4xx_hal_dma.c ****       __HAL_DMA_DISABLE_IT(hdma, DMA_IT_TE | DMA_IT_TC);
 782:Drivers/STM32G4xx_HAL_Driver/Src/stm32g4xx_hal_dma.c **** 
 783:Drivers/STM32G4xx_HAL_Driver/Src/stm32g4xx_hal_dma.c ****       /* Change the DMA state */
 784:Drivers/STM32G4xx_HAL_Driver/Src/stm32g4xx_hal_dma.c ****       hdma->State = HAL_DMA_STATE_READY;
 785:Drivers/STM32G4xx_HAL_Driver/Src/stm32g4xx_hal_dma.c ****     }
 786:Drivers/STM32G4xx_HAL_Driver/Src/stm32g4xx_hal_dma.c ****     /* Clear the transfer complete flag */
 787:Drivers/STM32G4xx_HAL_Driver/Src/stm32g4xx_hal_dma.c ****     hdma->DmaBaseAddress->IFCR = ((uint32_t)DMA_ISR_TCIF1 << (hdma->ChannelIndex & 0x1FU));
 788:Drivers/STM32G4xx_HAL_Driver/Src/stm32g4xx_hal_dma.c **** 
 789:Drivers/STM32G4xx_HAL_Driver/Src/stm32g4xx_hal_dma.c ****     /* Process Unlocked */
 790:Drivers/STM32G4xx_HAL_Driver/Src/stm32g4xx_hal_dma.c ****     __HAL_UNLOCK(hdma);
 791:Drivers/STM32G4xx_HAL_Driver/Src/stm32g4xx_hal_dma.c **** 
 792:Drivers/STM32G4xx_HAL_Driver/Src/stm32g4xx_hal_dma.c ****     if (hdma->XferCpltCallback != NULL)
 793:Drivers/STM32G4xx_HAL_Driver/Src/stm32g4xx_hal_dma.c ****     {
 794:Drivers/STM32G4xx_HAL_Driver/Src/stm32g4xx_hal_dma.c ****       /* Transfer complete callback */
 795:Drivers/STM32G4xx_HAL_Driver/Src/stm32g4xx_hal_dma.c ****       hdma->XferCpltCallback(hdma);
 796:Drivers/STM32G4xx_HAL_Driver/Src/stm32g4xx_hal_dma.c ****     }
 797:Drivers/STM32G4xx_HAL_Driver/Src/stm32g4xx_hal_dma.c ****   }
 798:Drivers/STM32G4xx_HAL_Driver/Src/stm32g4xx_hal_dma.c ****   /* Transfer Error Interrupt management **************************************/
 799:Drivers/STM32G4xx_HAL_Driver/Src/stm32g4xx_hal_dma.c ****   else if ((0U != (flag_it & ((uint32_t)DMA_FLAG_TE1 << (hdma->ChannelIndex & 0x1FU))))
 800:Drivers/STM32G4xx_HAL_Driver/Src/stm32g4xx_hal_dma.c ****            && (0U != (source_it & DMA_IT_TE)))
 801:Drivers/STM32G4xx_HAL_Driver/Src/stm32g4xx_hal_dma.c ****   {
 802:Drivers/STM32G4xx_HAL_Driver/Src/stm32g4xx_hal_dma.c ****     /* When a DMA transfer error occurs */
 803:Drivers/STM32G4xx_HAL_Driver/Src/stm32g4xx_hal_dma.c ****     /* A hardware clear of its EN bits is performed */
 804:Drivers/STM32G4xx_HAL_Driver/Src/stm32g4xx_hal_dma.c ****     /* Disable ALL DMA IT */
 805:Drivers/STM32G4xx_HAL_Driver/Src/stm32g4xx_hal_dma.c ****     __HAL_DMA_DISABLE_IT(hdma, (DMA_IT_TC | DMA_IT_HT | DMA_IT_TE));
 806:Drivers/STM32G4xx_HAL_Driver/Src/stm32g4xx_hal_dma.c **** 
 807:Drivers/STM32G4xx_HAL_Driver/Src/stm32g4xx_hal_dma.c ****     /* Clear all flags */
 808:Drivers/STM32G4xx_HAL_Driver/Src/stm32g4xx_hal_dma.c ****     hdma->DmaBaseAddress->IFCR = ((uint32_t)DMA_ISR_GIF1 << (hdma->ChannelIndex & 0x1FU));
 809:Drivers/STM32G4xx_HAL_Driver/Src/stm32g4xx_hal_dma.c **** 
 810:Drivers/STM32G4xx_HAL_Driver/Src/stm32g4xx_hal_dma.c ****     /* Update error code */
 811:Drivers/STM32G4xx_HAL_Driver/Src/stm32g4xx_hal_dma.c ****     hdma->ErrorCode = HAL_DMA_ERROR_TE;
 812:Drivers/STM32G4xx_HAL_Driver/Src/stm32g4xx_hal_dma.c **** 
 813:Drivers/STM32G4xx_HAL_Driver/Src/stm32g4xx_hal_dma.c ****     /* Change the DMA state */
 814:Drivers/STM32G4xx_HAL_Driver/Src/stm32g4xx_hal_dma.c ****     hdma->State = HAL_DMA_STATE_READY;
 815:Drivers/STM32G4xx_HAL_Driver/Src/stm32g4xx_hal_dma.c **** 
 816:Drivers/STM32G4xx_HAL_Driver/Src/stm32g4xx_hal_dma.c ****     /* Process Unlocked */
 817:Drivers/STM32G4xx_HAL_Driver/Src/stm32g4xx_hal_dma.c ****     __HAL_UNLOCK(hdma);
 818:Drivers/STM32G4xx_HAL_Driver/Src/stm32g4xx_hal_dma.c **** 
 819:Drivers/STM32G4xx_HAL_Driver/Src/stm32g4xx_hal_dma.c ****     if (hdma->XferErrorCallback != NULL)
 820:Drivers/STM32G4xx_HAL_Driver/Src/stm32g4xx_hal_dma.c ****     {
 821:Drivers/STM32G4xx_HAL_Driver/Src/stm32g4xx_hal_dma.c ****       /* Transfer error callback */
 822:Drivers/STM32G4xx_HAL_Driver/Src/stm32g4xx_hal_dma.c ****       hdma->XferErrorCallback(hdma);
 823:Drivers/STM32G4xx_HAL_Driver/Src/stm32g4xx_hal_dma.c ****     }
 824:Drivers/STM32G4xx_HAL_Driver/Src/stm32g4xx_hal_dma.c ****   }
 825:Drivers/STM32G4xx_HAL_Driver/Src/stm32g4xx_hal_dma.c ****   else
 826:Drivers/STM32G4xx_HAL_Driver/Src/stm32g4xx_hal_dma.c ****   {
 827:Drivers/STM32G4xx_HAL_Driver/Src/stm32g4xx_hal_dma.c ****     /* Nothing To Do */
ARM GAS  /tmp/ccTSPs4y.s 			page 16


 828:Drivers/STM32G4xx_HAL_Driver/Src/stm32g4xx_hal_dma.c ****   }
 829:Drivers/STM32G4xx_HAL_Driver/Src/stm32g4xx_hal_dma.c ****   return;
 830:Drivers/STM32G4xx_HAL_Driver/Src/stm32g4xx_hal_dma.c **** }
 831:Drivers/STM32G4xx_HAL_Driver/Src/stm32g4xx_hal_dma.c **** 
 832:Drivers/STM32G4xx_HAL_Driver/Src/stm32g4xx_hal_dma.c **** /**
 833:Drivers/STM32G4xx_HAL_Driver/Src/stm32g4xx_hal_dma.c ****   * @brief  Register callbacks
 834:Drivers/STM32G4xx_HAL_Driver/Src/stm32g4xx_hal_dma.c ****   * @param  hdma                 pointer to a DMA_HandleTypeDef structure that contains
 835:Drivers/STM32G4xx_HAL_Driver/Src/stm32g4xx_hal_dma.c ****   *                               the configuration information for the specified DMA Channel.
 836:Drivers/STM32G4xx_HAL_Driver/Src/stm32g4xx_hal_dma.c ****   * @param  CallbackID           User Callback identifier
 837:Drivers/STM32G4xx_HAL_Driver/Src/stm32g4xx_hal_dma.c ****   *                               a HAL_DMA_CallbackIDTypeDef ENUM as parameter.
 838:Drivers/STM32G4xx_HAL_Driver/Src/stm32g4xx_hal_dma.c ****   * @param  pCallback            pointer to private callbacsk function which has pointer to
 839:Drivers/STM32G4xx_HAL_Driver/Src/stm32g4xx_hal_dma.c ****   *                               a DMA_HandleTypeDef structure as parameter.
 840:Drivers/STM32G4xx_HAL_Driver/Src/stm32g4xx_hal_dma.c ****   * @retval HAL status
 841:Drivers/STM32G4xx_HAL_Driver/Src/stm32g4xx_hal_dma.c ****   */
 842:Drivers/STM32G4xx_HAL_Driver/Src/stm32g4xx_hal_dma.c **** HAL_StatusTypeDef HAL_DMA_RegisterCallback(DMA_HandleTypeDef *hdma, HAL_DMA_CallbackIDTypeDef Callb
 843:Drivers/STM32G4xx_HAL_Driver/Src/stm32g4xx_hal_dma.c **** {
 844:Drivers/STM32G4xx_HAL_Driver/Src/stm32g4xx_hal_dma.c ****   HAL_StatusTypeDef status = HAL_OK;
 845:Drivers/STM32G4xx_HAL_Driver/Src/stm32g4xx_hal_dma.c **** 
 846:Drivers/STM32G4xx_HAL_Driver/Src/stm32g4xx_hal_dma.c ****   /* Process locked */
 847:Drivers/STM32G4xx_HAL_Driver/Src/stm32g4xx_hal_dma.c ****   __HAL_LOCK(hdma);
 848:Drivers/STM32G4xx_HAL_Driver/Src/stm32g4xx_hal_dma.c **** 
 849:Drivers/STM32G4xx_HAL_Driver/Src/stm32g4xx_hal_dma.c ****   if (HAL_DMA_STATE_READY == hdma->State)
 850:Drivers/STM32G4xx_HAL_Driver/Src/stm32g4xx_hal_dma.c ****   {
 851:Drivers/STM32G4xx_HAL_Driver/Src/stm32g4xx_hal_dma.c ****     switch (CallbackID)
 852:Drivers/STM32G4xx_HAL_Driver/Src/stm32g4xx_hal_dma.c ****     {
 853:Drivers/STM32G4xx_HAL_Driver/Src/stm32g4xx_hal_dma.c ****       case  HAL_DMA_XFER_CPLT_CB_ID:
 854:Drivers/STM32G4xx_HAL_Driver/Src/stm32g4xx_hal_dma.c ****         hdma->XferCpltCallback = pCallback;
 855:Drivers/STM32G4xx_HAL_Driver/Src/stm32g4xx_hal_dma.c ****         break;
 856:Drivers/STM32G4xx_HAL_Driver/Src/stm32g4xx_hal_dma.c **** 
 857:Drivers/STM32G4xx_HAL_Driver/Src/stm32g4xx_hal_dma.c ****       case  HAL_DMA_XFER_HALFCPLT_CB_ID:
 858:Drivers/STM32G4xx_HAL_Driver/Src/stm32g4xx_hal_dma.c ****         hdma->XferHalfCpltCallback = pCallback;
 859:Drivers/STM32G4xx_HAL_Driver/Src/stm32g4xx_hal_dma.c ****         break;
 860:Drivers/STM32G4xx_HAL_Driver/Src/stm32g4xx_hal_dma.c **** 
 861:Drivers/STM32G4xx_HAL_Driver/Src/stm32g4xx_hal_dma.c ****       case  HAL_DMA_XFER_ERROR_CB_ID:
 862:Drivers/STM32G4xx_HAL_Driver/Src/stm32g4xx_hal_dma.c ****         hdma->XferErrorCallback = pCallback;
 863:Drivers/STM32G4xx_HAL_Driver/Src/stm32g4xx_hal_dma.c ****         break;
 864:Drivers/STM32G4xx_HAL_Driver/Src/stm32g4xx_hal_dma.c **** 
 865:Drivers/STM32G4xx_HAL_Driver/Src/stm32g4xx_hal_dma.c ****       case  HAL_DMA_XFER_ABORT_CB_ID:
 866:Drivers/STM32G4xx_HAL_Driver/Src/stm32g4xx_hal_dma.c ****         hdma->XferAbortCallback = pCallback;
 867:Drivers/STM32G4xx_HAL_Driver/Src/stm32g4xx_hal_dma.c ****         break;
 868:Drivers/STM32G4xx_HAL_Driver/Src/stm32g4xx_hal_dma.c **** 
 869:Drivers/STM32G4xx_HAL_Driver/Src/stm32g4xx_hal_dma.c ****       default:
 870:Drivers/STM32G4xx_HAL_Driver/Src/stm32g4xx_hal_dma.c ****         status = HAL_ERROR;
 871:Drivers/STM32G4xx_HAL_Driver/Src/stm32g4xx_hal_dma.c ****         break;
 872:Drivers/STM32G4xx_HAL_Driver/Src/stm32g4xx_hal_dma.c ****     }
 873:Drivers/STM32G4xx_HAL_Driver/Src/stm32g4xx_hal_dma.c ****   }
 874:Drivers/STM32G4xx_HAL_Driver/Src/stm32g4xx_hal_dma.c ****   else
 875:Drivers/STM32G4xx_HAL_Driver/Src/stm32g4xx_hal_dma.c ****   {
 876:Drivers/STM32G4xx_HAL_Driver/Src/stm32g4xx_hal_dma.c ****     status = HAL_ERROR;
 877:Drivers/STM32G4xx_HAL_Driver/Src/stm32g4xx_hal_dma.c ****   }
 878:Drivers/STM32G4xx_HAL_Driver/Src/stm32g4xx_hal_dma.c **** 
 879:Drivers/STM32G4xx_HAL_Driver/Src/stm32g4xx_hal_dma.c ****   /* Release Lock */
 880:Drivers/STM32G4xx_HAL_Driver/Src/stm32g4xx_hal_dma.c ****   __HAL_UNLOCK(hdma);
 881:Drivers/STM32G4xx_HAL_Driver/Src/stm32g4xx_hal_dma.c **** 
 882:Drivers/STM32G4xx_HAL_Driver/Src/stm32g4xx_hal_dma.c ****   return status;
 883:Drivers/STM32G4xx_HAL_Driver/Src/stm32g4xx_hal_dma.c **** }
 884:Drivers/STM32G4xx_HAL_Driver/Src/stm32g4xx_hal_dma.c **** 
ARM GAS  /tmp/ccTSPs4y.s 			page 17


 885:Drivers/STM32G4xx_HAL_Driver/Src/stm32g4xx_hal_dma.c **** /**
 886:Drivers/STM32G4xx_HAL_Driver/Src/stm32g4xx_hal_dma.c ****   * @brief  UnRegister callbacks
 887:Drivers/STM32G4xx_HAL_Driver/Src/stm32g4xx_hal_dma.c ****   * @param  hdma                 pointer to a DMA_HandleTypeDef structure that contains
 888:Drivers/STM32G4xx_HAL_Driver/Src/stm32g4xx_hal_dma.c ****   *                               the configuration information for the specified DMA Channel.
 889:Drivers/STM32G4xx_HAL_Driver/Src/stm32g4xx_hal_dma.c ****   * @param  CallbackID           User Callback identifier
 890:Drivers/STM32G4xx_HAL_Driver/Src/stm32g4xx_hal_dma.c ****   *                               a HAL_DMA_CallbackIDTypeDef ENUM as parameter.
 891:Drivers/STM32G4xx_HAL_Driver/Src/stm32g4xx_hal_dma.c ****   * @retval HAL status
 892:Drivers/STM32G4xx_HAL_Driver/Src/stm32g4xx_hal_dma.c ****   */
 893:Drivers/STM32G4xx_HAL_Driver/Src/stm32g4xx_hal_dma.c **** HAL_StatusTypeDef HAL_DMA_UnRegisterCallback(DMA_HandleTypeDef *hdma, HAL_DMA_CallbackIDTypeDef Cal
 894:Drivers/STM32G4xx_HAL_Driver/Src/stm32g4xx_hal_dma.c **** {
 895:Drivers/STM32G4xx_HAL_Driver/Src/stm32g4xx_hal_dma.c ****   HAL_StatusTypeDef status = HAL_OK;
 896:Drivers/STM32G4xx_HAL_Driver/Src/stm32g4xx_hal_dma.c **** 
 897:Drivers/STM32G4xx_HAL_Driver/Src/stm32g4xx_hal_dma.c ****   /* Process locked */
 898:Drivers/STM32G4xx_HAL_Driver/Src/stm32g4xx_hal_dma.c ****   __HAL_LOCK(hdma);
 899:Drivers/STM32G4xx_HAL_Driver/Src/stm32g4xx_hal_dma.c **** 
 900:Drivers/STM32G4xx_HAL_Driver/Src/stm32g4xx_hal_dma.c ****   if (HAL_DMA_STATE_READY == hdma->State)
 901:Drivers/STM32G4xx_HAL_Driver/Src/stm32g4xx_hal_dma.c ****   {
 902:Drivers/STM32G4xx_HAL_Driver/Src/stm32g4xx_hal_dma.c ****     switch (CallbackID)
 903:Drivers/STM32G4xx_HAL_Driver/Src/stm32g4xx_hal_dma.c ****     {
 904:Drivers/STM32G4xx_HAL_Driver/Src/stm32g4xx_hal_dma.c ****       case  HAL_DMA_XFER_CPLT_CB_ID:
 905:Drivers/STM32G4xx_HAL_Driver/Src/stm32g4xx_hal_dma.c ****         hdma->XferCpltCallback = NULL;
 906:Drivers/STM32G4xx_HAL_Driver/Src/stm32g4xx_hal_dma.c ****         break;
 907:Drivers/STM32G4xx_HAL_Driver/Src/stm32g4xx_hal_dma.c **** 
 908:Drivers/STM32G4xx_HAL_Driver/Src/stm32g4xx_hal_dma.c ****       case  HAL_DMA_XFER_HALFCPLT_CB_ID:
 909:Drivers/STM32G4xx_HAL_Driver/Src/stm32g4xx_hal_dma.c ****         hdma->XferHalfCpltCallback = NULL;
 910:Drivers/STM32G4xx_HAL_Driver/Src/stm32g4xx_hal_dma.c ****         break;
 911:Drivers/STM32G4xx_HAL_Driver/Src/stm32g4xx_hal_dma.c **** 
 912:Drivers/STM32G4xx_HAL_Driver/Src/stm32g4xx_hal_dma.c ****       case  HAL_DMA_XFER_ERROR_CB_ID:
 913:Drivers/STM32G4xx_HAL_Driver/Src/stm32g4xx_hal_dma.c ****         hdma->XferErrorCallback = NULL;
 914:Drivers/STM32G4xx_HAL_Driver/Src/stm32g4xx_hal_dma.c ****         break;
 915:Drivers/STM32G4xx_HAL_Driver/Src/stm32g4xx_hal_dma.c **** 
 916:Drivers/STM32G4xx_HAL_Driver/Src/stm32g4xx_hal_dma.c ****       case  HAL_DMA_XFER_ABORT_CB_ID:
 917:Drivers/STM32G4xx_HAL_Driver/Src/stm32g4xx_hal_dma.c ****         hdma->XferAbortCallback = NULL;
 918:Drivers/STM32G4xx_HAL_Driver/Src/stm32g4xx_hal_dma.c ****         break;
 919:Drivers/STM32G4xx_HAL_Driver/Src/stm32g4xx_hal_dma.c **** 
 920:Drivers/STM32G4xx_HAL_Driver/Src/stm32g4xx_hal_dma.c ****       case   HAL_DMA_XFER_ALL_CB_ID:
 921:Drivers/STM32G4xx_HAL_Driver/Src/stm32g4xx_hal_dma.c ****         hdma->XferCpltCallback = NULL;
 922:Drivers/STM32G4xx_HAL_Driver/Src/stm32g4xx_hal_dma.c ****         hdma->XferHalfCpltCallback = NULL;
 923:Drivers/STM32G4xx_HAL_Driver/Src/stm32g4xx_hal_dma.c ****         hdma->XferErrorCallback = NULL;
 924:Drivers/STM32G4xx_HAL_Driver/Src/stm32g4xx_hal_dma.c ****         hdma->XferAbortCallback = NULL;
 925:Drivers/STM32G4xx_HAL_Driver/Src/stm32g4xx_hal_dma.c ****         break;
 926:Drivers/STM32G4xx_HAL_Driver/Src/stm32g4xx_hal_dma.c **** 
 927:Drivers/STM32G4xx_HAL_Driver/Src/stm32g4xx_hal_dma.c ****       default:
 928:Drivers/STM32G4xx_HAL_Driver/Src/stm32g4xx_hal_dma.c ****         status = HAL_ERROR;
 929:Drivers/STM32G4xx_HAL_Driver/Src/stm32g4xx_hal_dma.c ****         break;
 930:Drivers/STM32G4xx_HAL_Driver/Src/stm32g4xx_hal_dma.c ****     }
 931:Drivers/STM32G4xx_HAL_Driver/Src/stm32g4xx_hal_dma.c ****   }
 932:Drivers/STM32G4xx_HAL_Driver/Src/stm32g4xx_hal_dma.c ****   else
 933:Drivers/STM32G4xx_HAL_Driver/Src/stm32g4xx_hal_dma.c ****   {
 934:Drivers/STM32G4xx_HAL_Driver/Src/stm32g4xx_hal_dma.c ****     status = HAL_ERROR;
 935:Drivers/STM32G4xx_HAL_Driver/Src/stm32g4xx_hal_dma.c ****   }
 936:Drivers/STM32G4xx_HAL_Driver/Src/stm32g4xx_hal_dma.c **** 
 937:Drivers/STM32G4xx_HAL_Driver/Src/stm32g4xx_hal_dma.c ****   /* Release Lock */
 938:Drivers/STM32G4xx_HAL_Driver/Src/stm32g4xx_hal_dma.c ****   __HAL_UNLOCK(hdma);
 939:Drivers/STM32G4xx_HAL_Driver/Src/stm32g4xx_hal_dma.c **** 
 940:Drivers/STM32G4xx_HAL_Driver/Src/stm32g4xx_hal_dma.c ****   return status;
 941:Drivers/STM32G4xx_HAL_Driver/Src/stm32g4xx_hal_dma.c **** }
ARM GAS  /tmp/ccTSPs4y.s 			page 18


 942:Drivers/STM32G4xx_HAL_Driver/Src/stm32g4xx_hal_dma.c **** 
 943:Drivers/STM32G4xx_HAL_Driver/Src/stm32g4xx_hal_dma.c **** /**
 944:Drivers/STM32G4xx_HAL_Driver/Src/stm32g4xx_hal_dma.c ****   * @}
 945:Drivers/STM32G4xx_HAL_Driver/Src/stm32g4xx_hal_dma.c ****   */
 946:Drivers/STM32G4xx_HAL_Driver/Src/stm32g4xx_hal_dma.c **** 
 947:Drivers/STM32G4xx_HAL_Driver/Src/stm32g4xx_hal_dma.c **** 
 948:Drivers/STM32G4xx_HAL_Driver/Src/stm32g4xx_hal_dma.c **** /** @defgroup DMA_Exported_Functions_Group3 Peripheral State and Errors functions
 949:Drivers/STM32G4xx_HAL_Driver/Src/stm32g4xx_hal_dma.c ****   *  @brief    Peripheral State and Errors functions
 950:Drivers/STM32G4xx_HAL_Driver/Src/stm32g4xx_hal_dma.c ****   *
 951:Drivers/STM32G4xx_HAL_Driver/Src/stm32g4xx_hal_dma.c **** @verbatim
 952:Drivers/STM32G4xx_HAL_Driver/Src/stm32g4xx_hal_dma.c ****  ===============================================================================
 953:Drivers/STM32G4xx_HAL_Driver/Src/stm32g4xx_hal_dma.c ****             ##### Peripheral State and Errors functions #####
 954:Drivers/STM32G4xx_HAL_Driver/Src/stm32g4xx_hal_dma.c ****  ===============================================================================
 955:Drivers/STM32G4xx_HAL_Driver/Src/stm32g4xx_hal_dma.c ****     [..]
 956:Drivers/STM32G4xx_HAL_Driver/Src/stm32g4xx_hal_dma.c ****     This subsection provides functions allowing to
 957:Drivers/STM32G4xx_HAL_Driver/Src/stm32g4xx_hal_dma.c ****       (+) Check the DMA state
 958:Drivers/STM32G4xx_HAL_Driver/Src/stm32g4xx_hal_dma.c ****       (+) Get error code
 959:Drivers/STM32G4xx_HAL_Driver/Src/stm32g4xx_hal_dma.c **** 
 960:Drivers/STM32G4xx_HAL_Driver/Src/stm32g4xx_hal_dma.c **** @endverbatim
 961:Drivers/STM32G4xx_HAL_Driver/Src/stm32g4xx_hal_dma.c ****   * @{
 962:Drivers/STM32G4xx_HAL_Driver/Src/stm32g4xx_hal_dma.c ****   */
 963:Drivers/STM32G4xx_HAL_Driver/Src/stm32g4xx_hal_dma.c **** 
 964:Drivers/STM32G4xx_HAL_Driver/Src/stm32g4xx_hal_dma.c **** /**
 965:Drivers/STM32G4xx_HAL_Driver/Src/stm32g4xx_hal_dma.c ****   * @brief  Return the DMA hande state.
 966:Drivers/STM32G4xx_HAL_Driver/Src/stm32g4xx_hal_dma.c ****   * @param  hdma pointer to a DMA_HandleTypeDef structure that contains
 967:Drivers/STM32G4xx_HAL_Driver/Src/stm32g4xx_hal_dma.c ****   *               the configuration information for the specified DMA Channel.
 968:Drivers/STM32G4xx_HAL_Driver/Src/stm32g4xx_hal_dma.c ****   * @retval HAL state
 969:Drivers/STM32G4xx_HAL_Driver/Src/stm32g4xx_hal_dma.c ****   */
 970:Drivers/STM32G4xx_HAL_Driver/Src/stm32g4xx_hal_dma.c **** HAL_DMA_StateTypeDef HAL_DMA_GetState(DMA_HandleTypeDef *hdma)
 971:Drivers/STM32G4xx_HAL_Driver/Src/stm32g4xx_hal_dma.c **** {
 972:Drivers/STM32G4xx_HAL_Driver/Src/stm32g4xx_hal_dma.c ****   /* Return DMA handle state */
 973:Drivers/STM32G4xx_HAL_Driver/Src/stm32g4xx_hal_dma.c ****   return hdma->State;
 974:Drivers/STM32G4xx_HAL_Driver/Src/stm32g4xx_hal_dma.c **** }
 975:Drivers/STM32G4xx_HAL_Driver/Src/stm32g4xx_hal_dma.c **** 
 976:Drivers/STM32G4xx_HAL_Driver/Src/stm32g4xx_hal_dma.c **** /**
 977:Drivers/STM32G4xx_HAL_Driver/Src/stm32g4xx_hal_dma.c ****   * @brief  Return the DMA error code.
 978:Drivers/STM32G4xx_HAL_Driver/Src/stm32g4xx_hal_dma.c ****   * @param  hdma : pointer to a DMA_HandleTypeDef structure that contains
 979:Drivers/STM32G4xx_HAL_Driver/Src/stm32g4xx_hal_dma.c ****   *              the configuration information for the specified DMA Channel.
 980:Drivers/STM32G4xx_HAL_Driver/Src/stm32g4xx_hal_dma.c ****   * @retval DMA Error Code
 981:Drivers/STM32G4xx_HAL_Driver/Src/stm32g4xx_hal_dma.c ****   */
 982:Drivers/STM32G4xx_HAL_Driver/Src/stm32g4xx_hal_dma.c **** uint32_t HAL_DMA_GetError(DMA_HandleTypeDef *hdma)
 983:Drivers/STM32G4xx_HAL_Driver/Src/stm32g4xx_hal_dma.c **** {
 984:Drivers/STM32G4xx_HAL_Driver/Src/stm32g4xx_hal_dma.c ****   return hdma->ErrorCode;
 985:Drivers/STM32G4xx_HAL_Driver/Src/stm32g4xx_hal_dma.c **** }
 986:Drivers/STM32G4xx_HAL_Driver/Src/stm32g4xx_hal_dma.c **** 
 987:Drivers/STM32G4xx_HAL_Driver/Src/stm32g4xx_hal_dma.c **** /**
 988:Drivers/STM32G4xx_HAL_Driver/Src/stm32g4xx_hal_dma.c ****   * @}
 989:Drivers/STM32G4xx_HAL_Driver/Src/stm32g4xx_hal_dma.c ****   */
 990:Drivers/STM32G4xx_HAL_Driver/Src/stm32g4xx_hal_dma.c **** 
 991:Drivers/STM32G4xx_HAL_Driver/Src/stm32g4xx_hal_dma.c **** /**
 992:Drivers/STM32G4xx_HAL_Driver/Src/stm32g4xx_hal_dma.c ****   * @}
 993:Drivers/STM32G4xx_HAL_Driver/Src/stm32g4xx_hal_dma.c ****   */
 994:Drivers/STM32G4xx_HAL_Driver/Src/stm32g4xx_hal_dma.c **** 
 995:Drivers/STM32G4xx_HAL_Driver/Src/stm32g4xx_hal_dma.c **** /** @addtogroup DMA_Private_Functions
 996:Drivers/STM32G4xx_HAL_Driver/Src/stm32g4xx_hal_dma.c ****   * @{
 997:Drivers/STM32G4xx_HAL_Driver/Src/stm32g4xx_hal_dma.c ****   */
 998:Drivers/STM32G4xx_HAL_Driver/Src/stm32g4xx_hal_dma.c **** 
ARM GAS  /tmp/ccTSPs4y.s 			page 19


 999:Drivers/STM32G4xx_HAL_Driver/Src/stm32g4xx_hal_dma.c **** /**
1000:Drivers/STM32G4xx_HAL_Driver/Src/stm32g4xx_hal_dma.c ****   * @brief  Sets the DMA Transfer parameter.
1001:Drivers/STM32G4xx_HAL_Driver/Src/stm32g4xx_hal_dma.c ****   * @param  hdma       pointer to a DMA_HandleTypeDef structure that contains
1002:Drivers/STM32G4xx_HAL_Driver/Src/stm32g4xx_hal_dma.c ****   *                     the configuration information for the specified DMA Channel.
1003:Drivers/STM32G4xx_HAL_Driver/Src/stm32g4xx_hal_dma.c ****   * @param  SrcAddress The source memory Buffer address
1004:Drivers/STM32G4xx_HAL_Driver/Src/stm32g4xx_hal_dma.c ****   * @param  DstAddress The destination memory Buffer address
1005:Drivers/STM32G4xx_HAL_Driver/Src/stm32g4xx_hal_dma.c ****   * @param  DataLength The length of data to be transferred from source to destination
1006:Drivers/STM32G4xx_HAL_Driver/Src/stm32g4xx_hal_dma.c ****   * @retval HAL status
1007:Drivers/STM32G4xx_HAL_Driver/Src/stm32g4xx_hal_dma.c ****   */
1008:Drivers/STM32G4xx_HAL_Driver/Src/stm32g4xx_hal_dma.c **** static void DMA_SetConfig(DMA_HandleTypeDef *hdma, uint32_t SrcAddress, uint32_t DstAddress, uint32
1009:Drivers/STM32G4xx_HAL_Driver/Src/stm32g4xx_hal_dma.c **** {
1010:Drivers/STM32G4xx_HAL_Driver/Src/stm32g4xx_hal_dma.c ****   /* Clear the DMAMUX synchro overrun flag */
1011:Drivers/STM32G4xx_HAL_Driver/Src/stm32g4xx_hal_dma.c ****   hdma->DMAmuxChannelStatus->CFR = hdma->DMAmuxChannelStatusMask;
1012:Drivers/STM32G4xx_HAL_Driver/Src/stm32g4xx_hal_dma.c **** 
1013:Drivers/STM32G4xx_HAL_Driver/Src/stm32g4xx_hal_dma.c ****   if (hdma->DMAmuxRequestGen != 0U)
1014:Drivers/STM32G4xx_HAL_Driver/Src/stm32g4xx_hal_dma.c ****   {
1015:Drivers/STM32G4xx_HAL_Driver/Src/stm32g4xx_hal_dma.c ****     /* Clear the DMAMUX request generator overrun flag */
1016:Drivers/STM32G4xx_HAL_Driver/Src/stm32g4xx_hal_dma.c ****     hdma->DMAmuxRequestGenStatus->RGCFR = hdma->DMAmuxRequestGenStatusMask;
1017:Drivers/STM32G4xx_HAL_Driver/Src/stm32g4xx_hal_dma.c ****   }
1018:Drivers/STM32G4xx_HAL_Driver/Src/stm32g4xx_hal_dma.c **** 
1019:Drivers/STM32G4xx_HAL_Driver/Src/stm32g4xx_hal_dma.c ****   /* Clear all flags */
1020:Drivers/STM32G4xx_HAL_Driver/Src/stm32g4xx_hal_dma.c ****   hdma->DmaBaseAddress->IFCR = (DMA_ISR_GIF1 << (hdma->ChannelIndex & 0x1FU));
1021:Drivers/STM32G4xx_HAL_Driver/Src/stm32g4xx_hal_dma.c **** 
1022:Drivers/STM32G4xx_HAL_Driver/Src/stm32g4xx_hal_dma.c ****   /* Configure DMA Channel data length */
1023:Drivers/STM32G4xx_HAL_Driver/Src/stm32g4xx_hal_dma.c ****   hdma->Instance->CNDTR = DataLength;
1024:Drivers/STM32G4xx_HAL_Driver/Src/stm32g4xx_hal_dma.c **** 
1025:Drivers/STM32G4xx_HAL_Driver/Src/stm32g4xx_hal_dma.c ****   /* Memory to Peripheral */
1026:Drivers/STM32G4xx_HAL_Driver/Src/stm32g4xx_hal_dma.c ****   if ((hdma->Init.Direction) == DMA_MEMORY_TO_PERIPH)
1027:Drivers/STM32G4xx_HAL_Driver/Src/stm32g4xx_hal_dma.c ****   {
1028:Drivers/STM32G4xx_HAL_Driver/Src/stm32g4xx_hal_dma.c ****     /* Configure DMA Channel destination address */
1029:Drivers/STM32G4xx_HAL_Driver/Src/stm32g4xx_hal_dma.c ****     hdma->Instance->CPAR = DstAddress;
1030:Drivers/STM32G4xx_HAL_Driver/Src/stm32g4xx_hal_dma.c **** 
1031:Drivers/STM32G4xx_HAL_Driver/Src/stm32g4xx_hal_dma.c ****     /* Configure DMA Channel source address */
1032:Drivers/STM32G4xx_HAL_Driver/Src/stm32g4xx_hal_dma.c ****     hdma->Instance->CMAR = SrcAddress;
1033:Drivers/STM32G4xx_HAL_Driver/Src/stm32g4xx_hal_dma.c ****   }
1034:Drivers/STM32G4xx_HAL_Driver/Src/stm32g4xx_hal_dma.c ****   /* Peripheral to Memory */
1035:Drivers/STM32G4xx_HAL_Driver/Src/stm32g4xx_hal_dma.c ****   else
1036:Drivers/STM32G4xx_HAL_Driver/Src/stm32g4xx_hal_dma.c ****   {
1037:Drivers/STM32G4xx_HAL_Driver/Src/stm32g4xx_hal_dma.c ****     /* Configure DMA Channel source address */
1038:Drivers/STM32G4xx_HAL_Driver/Src/stm32g4xx_hal_dma.c ****     hdma->Instance->CPAR = SrcAddress;
1039:Drivers/STM32G4xx_HAL_Driver/Src/stm32g4xx_hal_dma.c **** 
1040:Drivers/STM32G4xx_HAL_Driver/Src/stm32g4xx_hal_dma.c ****     /* Configure DMA Channel destination address */
1041:Drivers/STM32G4xx_HAL_Driver/Src/stm32g4xx_hal_dma.c ****     hdma->Instance->CMAR = DstAddress;
1042:Drivers/STM32G4xx_HAL_Driver/Src/stm32g4xx_hal_dma.c ****   }
1043:Drivers/STM32G4xx_HAL_Driver/Src/stm32g4xx_hal_dma.c **** }
1044:Drivers/STM32G4xx_HAL_Driver/Src/stm32g4xx_hal_dma.c **** 
1045:Drivers/STM32G4xx_HAL_Driver/Src/stm32g4xx_hal_dma.c **** /**
1046:Drivers/STM32G4xx_HAL_Driver/Src/stm32g4xx_hal_dma.c ****   * @brief  Updates the DMA handle with the DMAMUX  channel and status mask depending on stream num
1047:Drivers/STM32G4xx_HAL_Driver/Src/stm32g4xx_hal_dma.c ****   * @param  hdma        pointer to a DMA_HandleTypeDef structure that contains
1048:Drivers/STM32G4xx_HAL_Driver/Src/stm32g4xx_hal_dma.c ****   *                     the configuration information for the specified DMA Stream.
1049:Drivers/STM32G4xx_HAL_Driver/Src/stm32g4xx_hal_dma.c ****   * @retval None
1050:Drivers/STM32G4xx_HAL_Driver/Src/stm32g4xx_hal_dma.c ****   */
1051:Drivers/STM32G4xx_HAL_Driver/Src/stm32g4xx_hal_dma.c **** static void DMA_CalcDMAMUXChannelBaseAndMask(DMA_HandleTypeDef *hdma)
1052:Drivers/STM32G4xx_HAL_Driver/Src/stm32g4xx_hal_dma.c **** {
  30              		.loc 1 1052 1 view -0
  31              		.cfi_startproc
  32              		@ args = 0, pretend = 0, frame = 0
ARM GAS  /tmp/ccTSPs4y.s 			page 20


  33              		@ frame_needed = 0, uses_anonymous_args = 0
1053:Drivers/STM32G4xx_HAL_Driver/Src/stm32g4xx_hal_dma.c ****   uint32_t dmamux_base_addr;
  34              		.loc 1 1053 3 view .LVU1
1054:Drivers/STM32G4xx_HAL_Driver/Src/stm32g4xx_hal_dma.c ****   uint32_t channel_number;
  35              		.loc 1 1054 3 view .LVU2
1055:Drivers/STM32G4xx_HAL_Driver/Src/stm32g4xx_hal_dma.c ****   DMAMUX_Channel_TypeDef *DMAMUX1_ChannelBase;
  36              		.loc 1 1055 3 view .LVU3
1056:Drivers/STM32G4xx_HAL_Driver/Src/stm32g4xx_hal_dma.c **** 
1057:Drivers/STM32G4xx_HAL_Driver/Src/stm32g4xx_hal_dma.c ****   /* check if instance is not outside the DMA channel range */
1058:Drivers/STM32G4xx_HAL_Driver/Src/stm32g4xx_hal_dma.c ****   if ((uint32_t)hdma->Instance < (uint32_t)DMA2_Channel1)
  37              		.loc 1 1058 3 view .LVU4
  38              		.loc 1 1058 7 is_stmt 0 view .LVU5
  39 0000 0268     		ldr	r2, [r0]
1059:Drivers/STM32G4xx_HAL_Driver/Src/stm32g4xx_hal_dma.c ****   {
1060:Drivers/STM32G4xx_HAL_Driver/Src/stm32g4xx_hal_dma.c ****     /* DMA1 */
1061:Drivers/STM32G4xx_HAL_Driver/Src/stm32g4xx_hal_dma.c ****     DMAMUX1_ChannelBase = DMAMUX1_Channel0;
1062:Drivers/STM32G4xx_HAL_Driver/Src/stm32g4xx_hal_dma.c ****     channel_number = (((uint32_t)hdma->Instance & 0xFFU) - 8U) / 20U;
1063:Drivers/STM32G4xx_HAL_Driver/Src/stm32g4xx_hal_dma.c ****   }
1064:Drivers/STM32G4xx_HAL_Driver/Src/stm32g4xx_hal_dma.c ****   else
1065:Drivers/STM32G4xx_HAL_Driver/Src/stm32g4xx_hal_dma.c ****   {
1066:Drivers/STM32G4xx_HAL_Driver/Src/stm32g4xx_hal_dma.c ****     /* DMA2 */
1067:Drivers/STM32G4xx_HAL_Driver/Src/stm32g4xx_hal_dma.c **** #if defined (STM32G471xx) || defined (STM32G473xx) || defined (STM32G474xx) || defined (STM32G414xx
1068:Drivers/STM32G4xx_HAL_Driver/Src/stm32g4xx_hal_dma.c ****     DMAMUX1_ChannelBase = DMAMUX1_Channel8;
1069:Drivers/STM32G4xx_HAL_Driver/Src/stm32g4xx_hal_dma.c ****     channel_number = ((((uint32_t)hdma->Instance & 0xFFU) - 8U) / 20U) + 8U;
  40              		.loc 1 1069 65 view .LVU6
  41 0002 1149     		ldr	r1, .L6
1058:Drivers/STM32G4xx_HAL_Driver/Src/stm32g4xx_hal_dma.c ****   {
  42              		.loc 1 1058 6 view .LVU7
  43 0004 DFF844C0 		ldr	ip, .L6+4
1062:Drivers/STM32G4xx_HAL_Driver/Src/stm32g4xx_hal_dma.c ****   }
  44              		.loc 1 1062 49 view .LVU8
  45 0008 D3B2     		uxtb	r3, r2
  46              		.loc 1 1069 59 view .LVU9
  47 000a 083B     		subs	r3, r3, #8
1052:Drivers/STM32G4xx_HAL_Driver/Src/stm32g4xx_hal_dma.c ****   uint32_t dmamux_base_addr;
  48              		.loc 1 1052 1 view .LVU10
  49 000c 00B5     		push	{lr}
  50              	.LCFI0:
  51              		.cfi_def_cfa_offset 4
  52              		.cfi_offset 14, -4
  53              		.loc 1 1069 65 view .LVU11
  54 000e A1FB0313 		umull	r1, r3, r1, r3
1058:Drivers/STM32G4xx_HAL_Driver/Src/stm32g4xx_hal_dma.c ****   {
  55              		.loc 1 1058 6 view .LVU12
  56 0012 6245     		cmp	r2, ip
1068:Drivers/STM32G4xx_HAL_Driver/Src/stm32g4xx_hal_dma.c ****     channel_number = ((((uint32_t)hdma->Instance & 0xFFU) - 8U) / 20U) + 8U;
  57              		.loc 1 1068 5 is_stmt 1 view .LVU13
  58              	.LVL1:
  59              		.loc 1 1069 5 view .LVU14
  60              		.loc 1 1069 65 is_stmt 0 view .LVU15
  61 0014 4FEA1313 		lsr	r3, r3, #4
1070:Drivers/STM32G4xx_HAL_Driver/Src/stm32g4xx_hal_dma.c **** #elif defined (STM32G411xB) || defined (STM32G431xx) || defined (STM32G441xx) || defined (STM32GBK1
1071:Drivers/STM32G4xx_HAL_Driver/Src/stm32g4xx_hal_dma.c ****     DMAMUX1_ChannelBase = DMAMUX1_Channel6;
1072:Drivers/STM32G4xx_HAL_Driver/Src/stm32g4xx_hal_dma.c ****     channel_number = ((((uint32_t)hdma->Instance & 0xFFU) - 8U) / 20U) + 6U;
1073:Drivers/STM32G4xx_HAL_Driver/Src/stm32g4xx_hal_dma.c **** #else
1074:Drivers/STM32G4xx_HAL_Driver/Src/stm32g4xx_hal_dma.c ****     DMAMUX1_ChannelBase = DMAMUX1_Channel7;
1075:Drivers/STM32G4xx_HAL_Driver/Src/stm32g4xx_hal_dma.c ****     channel_number = ((((uint32_t)hdma->Instance & 0xFFU) - 8U) / 20U) + 7U;
ARM GAS  /tmp/ccTSPs4y.s 			page 21


1076:Drivers/STM32G4xx_HAL_Driver/Src/stm32g4xx_hal_dma.c **** #endif /* STM32G4x1xx) */
1077:Drivers/STM32G4xx_HAL_Driver/Src/stm32g4xx_hal_dma.c ****   }
1078:Drivers/STM32G4xx_HAL_Driver/Src/stm32g4xx_hal_dma.c **** 
1079:Drivers/STM32G4xx_HAL_Driver/Src/stm32g4xx_hal_dma.c ****   dmamux_base_addr = (uint32_t)DMAMUX1_ChannelBase;
1080:Drivers/STM32G4xx_HAL_Driver/Src/stm32g4xx_hal_dma.c ****   hdma->DMAmuxChannel = (DMAMUX_Channel_TypeDef *)(uint32_t)(dmamux_base_addr + ((hdma->ChannelInde
  62              		.loc 1 1080 102 view .LVU16
  63 0018 426C     		ldr	r2, [r0, #68]
  64 001a 98BF     		it	ls
  65 001c DFF830C0 		ldrls	ip, .L6+8
1081:Drivers/STM32G4xx_HAL_Driver/Src/stm32g4xx_hal_dma.c ****   hdma->DMAmuxChannelStatus = DMAMUX1_ChannelStatus;
  66              		.loc 1 1081 29 view .LVU17
  67 0020 DFF830E0 		ldr	lr, .L6+12
  68 0024 C0F84CE0 		str	lr, [r0, #76]
1069:Drivers/STM32G4xx_HAL_Driver/Src/stm32g4xx_hal_dma.c **** #elif defined (STM32G411xB) || defined (STM32G431xx) || defined (STM32G441xx) || defined (STM32GBK1
  69              		.loc 1 1069 20 view .LVU18
  70 0028 84BF     		itt	hi
  71 002a 0833     		addhi	r3, r3, #8
  72              	.LVL2:
1079:Drivers/STM32G4xx_HAL_Driver/Src/stm32g4xx_hal_dma.c ****   hdma->DMAmuxChannel = (DMAMUX_Channel_TypeDef *)(uint32_t)(dmamux_base_addr + ((hdma->ChannelInde
  73              		.loc 1 1079 3 is_stmt 1 view .LVU19
1080:Drivers/STM32G4xx_HAL_Driver/Src/stm32g4xx_hal_dma.c ****   hdma->DMAmuxChannelStatus = DMAMUX1_ChannelStatus;
  74              		.loc 1 1080 3 view .LVU20
1069:Drivers/STM32G4xx_HAL_Driver/Src/stm32g4xx_hal_dma.c **** #elif defined (STM32G411xB) || defined (STM32G431xx) || defined (STM32G441xx) || defined (STM32GBK1
  75              		.loc 1 1069 20 is_stmt 0 view .LVU21
  76 002c 0CF2194C 		addwhi	ip, ip, #1049
1082:Drivers/STM32G4xx_HAL_Driver/Src/stm32g4xx_hal_dma.c ****   hdma->DMAmuxChannelStatusMask = 1UL << (channel_number & 0x1FU);
  77              		.loc 1 1082 58 view .LVU22
  78 0030 03F01F03 		and	r3, r3, #31
  79              	.LVL3:
1080:Drivers/STM32G4xx_HAL_Driver/Src/stm32g4xx_hal_dma.c ****   hdma->DMAmuxChannelStatus = DMAMUX1_ChannelStatus;
  80              		.loc 1 1080 109 view .LVU23
  81 0034 22F00302 		bic	r2, r2, #3
  82              		.loc 1 1082 39 view .LVU24
  83 0038 0121     		movs	r1, #1
  84 003a 01FA03F3 		lsl	r3, r1, r3
1080:Drivers/STM32G4xx_HAL_Driver/Src/stm32g4xx_hal_dma.c ****   hdma->DMAmuxChannelStatus = DMAMUX1_ChannelStatus;
  85              		.loc 1 1080 51 view .LVU25
  86 003e 6244     		add	r2, r2, ip
1080:Drivers/STM32G4xx_HAL_Driver/Src/stm32g4xx_hal_dma.c ****   hdma->DMAmuxChannelStatus = DMAMUX1_ChannelStatus;
  87              		.loc 1 1080 23 view .LVU26
  88 0040 8264     		str	r2, [r0, #72]
1081:Drivers/STM32G4xx_HAL_Driver/Src/stm32g4xx_hal_dma.c ****   hdma->DMAmuxChannelStatusMask = 1UL << (channel_number & 0x1FU);
  89              		.loc 1 1081 3 is_stmt 1 view .LVU27
  90              		.loc 1 1082 3 view .LVU28
  91              		.loc 1 1082 33 is_stmt 0 view .LVU29
  92 0042 0365     		str	r3, [r0, #80]
1083:Drivers/STM32G4xx_HAL_Driver/Src/stm32g4xx_hal_dma.c **** }
  93              		.loc 1 1083 1 view .LVU30
  94 0044 00BD     		pop	{pc}
  95              	.L7:
  96 0046 00BF     		.align	2
  97              	.L6:
  98 0048 CDCCCCCC 		.word	-858993459
  99 004c 07040240 		.word	1073873927
 100 0050 00080240 		.word	1073874944
 101 0054 80080240 		.word	1073875072
 102              		.cfi_endproc
ARM GAS  /tmp/ccTSPs4y.s 			page 22


 103              	.LFE342:
 105              		.section	.text.HAL_DMA_Init,"ax",%progbits
 106              		.align	1
 107              		.p2align 2,,3
 108              		.global	HAL_DMA_Init
 109              		.syntax unified
 110              		.thumb
 111              		.thumb_func
 113              	HAL_DMA_Init:
 114              	.LVL4:
 115              	.LFB329:
 153:Drivers/STM32G4xx_HAL_Driver/Src/stm32g4xx_hal_dma.c ****   uint32_t tmp;
 116              		.loc 1 153 1 is_stmt 1 view -0
 117              		.cfi_startproc
 118              		@ args = 0, pretend = 0, frame = 8
 119              		@ frame_needed = 0, uses_anonymous_args = 0
 154:Drivers/STM32G4xx_HAL_Driver/Src/stm32g4xx_hal_dma.c **** 
 120              		.loc 1 154 3 view .LVU32
 157:Drivers/STM32G4xx_HAL_Driver/Src/stm32g4xx_hal_dma.c ****   {
 121              		.loc 1 157 3 view .LVU33
 157:Drivers/STM32G4xx_HAL_Driver/Src/stm32g4xx_hal_dma.c ****   {
 122              		.loc 1 157 6 is_stmt 0 view .LVU34
 123 0000 0028     		cmp	r0, #0
 124 0002 6ED0     		beq	.L15
 163:Drivers/STM32G4xx_HAL_Driver/Src/stm32g4xx_hal_dma.c ****   assert_param(IS_DMA_DIRECTION(hdma->Init.Direction));
 125              		.loc 1 163 3 is_stmt 1 view .LVU35
 164:Drivers/STM32G4xx_HAL_Driver/Src/stm32g4xx_hal_dma.c ****   assert_param(IS_DMA_PERIPHERAL_INC_STATE(hdma->Init.PeriphInc));
 126              		.loc 1 164 3 view .LVU36
 165:Drivers/STM32G4xx_HAL_Driver/Src/stm32g4xx_hal_dma.c ****   assert_param(IS_DMA_MEMORY_INC_STATE(hdma->Init.MemInc));
 127              		.loc 1 165 3 view .LVU37
 166:Drivers/STM32G4xx_HAL_Driver/Src/stm32g4xx_hal_dma.c ****   assert_param(IS_DMA_PERIPHERAL_DATA_SIZE(hdma->Init.PeriphDataAlignment));
 128              		.loc 1 166 3 view .LVU38
 167:Drivers/STM32G4xx_HAL_Driver/Src/stm32g4xx_hal_dma.c ****   assert_param(IS_DMA_MEMORY_DATA_SIZE(hdma->Init.MemDataAlignment));
 129              		.loc 1 167 3 view .LVU39
 168:Drivers/STM32G4xx_HAL_Driver/Src/stm32g4xx_hal_dma.c ****   assert_param(IS_DMA_MODE(hdma->Init.Mode));
 130              		.loc 1 168 3 view .LVU40
 169:Drivers/STM32G4xx_HAL_Driver/Src/stm32g4xx_hal_dma.c ****   assert_param(IS_DMA_PRIORITY(hdma->Init.Priority));
 131              		.loc 1 169 3 view .LVU41
 170:Drivers/STM32G4xx_HAL_Driver/Src/stm32g4xx_hal_dma.c **** 
 132              		.loc 1 170 3 view .LVU42
 172:Drivers/STM32G4xx_HAL_Driver/Src/stm32g4xx_hal_dma.c **** 
 133              		.loc 1 172 3 view .LVU43
 175:Drivers/STM32G4xx_HAL_Driver/Src/stm32g4xx_hal_dma.c ****   {
 134              		.loc 1 175 3 view .LVU44
 153:Drivers/STM32G4xx_HAL_Driver/Src/stm32g4xx_hal_dma.c ****   uint32_t tmp;
 135              		.loc 1 153 1 is_stmt 0 view .LVU45
 136 0004 00B5     		push	{lr}
 137              	.LCFI1:
 138              		.cfi_def_cfa_offset 4
 139              		.cfi_offset 14, -4
 175:Drivers/STM32G4xx_HAL_Driver/Src/stm32g4xx_hal_dma.c ****   {
 140              		.loc 1 175 22 view .LVU46
 141 0006 0168     		ldr	r1, [r0]
 175:Drivers/STM32G4xx_HAL_Driver/Src/stm32g4xx_hal_dma.c ****   {
 142              		.loc 1 175 6 view .LVU47
 143 0008 374B     		ldr	r3, .L22
 178:Drivers/STM32G4xx_HAL_Driver/Src/stm32g4xx_hal_dma.c ****     hdma->DmaBaseAddress = DMA1;
ARM GAS  /tmp/ccTSPs4y.s 			page 23


 144              		.loc 1 178 80 view .LVU48
 145 000a 384A     		ldr	r2, .L22+4
 175:Drivers/STM32G4xx_HAL_Driver/Src/stm32g4xx_hal_dma.c ****   {
 146              		.loc 1 175 6 view .LVU49
 147 000c 9942     		cmp	r1, r3
 153:Drivers/STM32G4xx_HAL_Driver/Src/stm32g4xx_hal_dma.c ****   uint32_t tmp;
 148              		.loc 1 153 1 view .LVU50
 149 000e 83B0     		sub	sp, sp, #12
 150              	.LCFI2:
 151              		.cfi_def_cfa_offset 16
 175:Drivers/STM32G4xx_HAL_Driver/Src/stm32g4xx_hal_dma.c ****   {
 152              		.loc 1 175 6 view .LVU51
 153 0010 53D9     		bls	.L20
 184:Drivers/STM32G4xx_HAL_Driver/Src/stm32g4xx_hal_dma.c ****     hdma->DmaBaseAddress = DMA2;
 154              		.loc 1 184 5 is_stmt 1 view .LVU52
 184:Drivers/STM32G4xx_HAL_Driver/Src/stm32g4xx_hal_dma.c ****     hdma->DmaBaseAddress = DMA2;
 155              		.loc 1 184 53 is_stmt 0 view .LVU53
 156 0012 374B     		ldr	r3, .L22+8
 185:Drivers/STM32G4xx_HAL_Driver/Src/stm32g4xx_hal_dma.c ****   }
 157              		.loc 1 185 26 view .LVU54
 158 0014 DFF8E8E0 		ldr	lr, .L22+24
 184:Drivers/STM32G4xx_HAL_Driver/Src/stm32g4xx_hal_dma.c ****     hdma->DmaBaseAddress = DMA2;
 159              		.loc 1 184 53 view .LVU55
 160 0018 CB18     		adds	r3, r1, r3
 184:Drivers/STM32G4xx_HAL_Driver/Src/stm32g4xx_hal_dma.c ****     hdma->DmaBaseAddress = DMA2;
 161              		.loc 1 184 80 view .LVU56
 162 001a A2FB0323 		umull	r2, r3, r2, r3
 163 001e 1B09     		lsrs	r3, r3, #4
 184:Drivers/STM32G4xx_HAL_Driver/Src/stm32g4xx_hal_dma.c ****     hdma->DmaBaseAddress = DMA2;
 164              		.loc 1 184 135 view .LVU57
 165 0020 9B00     		lsls	r3, r3, #2
 185:Drivers/STM32G4xx_HAL_Driver/Src/stm32g4xx_hal_dma.c ****   }
 166              		.loc 1 185 5 is_stmt 1 view .LVU58
 167              	.L11:
 200:Drivers/STM32G4xx_HAL_Driver/Src/stm32g4xx_hal_dma.c ****           hdma->Init.PeriphInc           | hdma->Init.MemInc           |
 168              		.loc 1 200 21 is_stmt 0 view .LVU59
 169 0022 8268     		ldr	r2, [r0, #8]
 200:Drivers/STM32G4xx_HAL_Driver/Src/stm32g4xx_hal_dma.c ****           hdma->Init.PeriphInc           | hdma->Init.MemInc           |
 170              		.loc 1 200 39 view .LVU60
 171 0024 0192     		str	r2, [sp, #4]
 172 0026 C0E910E3 		strd	lr, r3, [r0, #64]
 189:Drivers/STM32G4xx_HAL_Driver/Src/stm32g4xx_hal_dma.c **** 
 173              		.loc 1 189 3 is_stmt 1 view .LVU61
 192:Drivers/STM32G4xx_HAL_Driver/Src/stm32g4xx_hal_dma.c **** 
 174              		.loc 1 192 3 view .LVU62
 200:Drivers/STM32G4xx_HAL_Driver/Src/stm32g4xx_hal_dma.c ****           hdma->Init.PeriphInc           | hdma->Init.MemInc           |
 175              		.loc 1 200 39 is_stmt 0 view .LVU63
 176 002a C368     		ldr	r3, [r0, #12]
 177 002c 1343     		orrs	r3, r3, r2
 201:Drivers/STM32G4xx_HAL_Driver/Src/stm32g4xx_hal_dma.c ****           hdma->Init.PeriphDataAlignment | hdma->Init.MemDataAlignment |
 178              		.loc 1 201 42 view .LVU64
 179 002e 0269     		ldr	r2, [r0, #16]
 180 0030 1343     		orrs	r3, r3, r2
 201:Drivers/STM32G4xx_HAL_Driver/Src/stm32g4xx_hal_dma.c ****           hdma->Init.PeriphDataAlignment | hdma->Init.MemDataAlignment |
 181              		.loc 1 201 72 view .LVU65
 182 0032 4269     		ldr	r2, [r0, #20]
 183 0034 1343     		orrs	r3, r3, r2
ARM GAS  /tmp/ccTSPs4y.s 			page 24


 202:Drivers/STM32G4xx_HAL_Driver/Src/stm32g4xx_hal_dma.c ****           hdma->Init.Mode                | hdma->Init.Priority;
 184              		.loc 1 202 42 view .LVU66
 185 0036 8269     		ldr	r2, [r0, #24]
 189:Drivers/STM32G4xx_HAL_Driver/Src/stm32g4xx_hal_dma.c **** 
 186              		.loc 1 189 15 view .LVU67
 187 0038 4FF0020C 		mov	ip, #2
 202:Drivers/STM32G4xx_HAL_Driver/Src/stm32g4xx_hal_dma.c ****           hdma->Init.Mode                | hdma->Init.Priority;
 188              		.loc 1 202 42 view .LVU68
 189 003c 1343     		orrs	r3, r3, r2
 202:Drivers/STM32G4xx_HAL_Driver/Src/stm32g4xx_hal_dma.c ****           hdma->Init.Mode                | hdma->Init.Priority;
 190              		.loc 1 202 72 view .LVU69
 191 003e C269     		ldr	r2, [r0, #28]
 189:Drivers/STM32G4xx_HAL_Driver/Src/stm32g4xx_hal_dma.c **** 
 192              		.loc 1 189 15 view .LVU70
 193 0040 80F825C0 		strb	ip, [r0, #37]
 192:Drivers/STM32G4xx_HAL_Driver/Src/stm32g4xx_hal_dma.c **** 
 194              		.loc 1 192 7 view .LVU71
 195 0044 D1F800C0 		ldr	ip, [r1]
 196              	.LVL5:
 195:Drivers/STM32G4xx_HAL_Driver/Src/stm32g4xx_hal_dma.c ****                       DMA_CCR_MINC  | DMA_CCR_PINC   | DMA_CCR_CIRC   |
 197              		.loc 1 195 3 is_stmt 1 view .LVU72
 202:Drivers/STM32G4xx_HAL_Driver/Src/stm32g4xx_hal_dma.c ****           hdma->Init.Mode                | hdma->Init.Priority;
 198              		.loc 1 202 72 is_stmt 0 view .LVU73
 199 0048 1343     		orrs	r3, r3, r2
 203:Drivers/STM32G4xx_HAL_Driver/Src/stm32g4xx_hal_dma.c **** 
 200              		.loc 1 203 42 view .LVU74
 201 004a 026A     		ldr	r2, [r0, #32]
 195:Drivers/STM32G4xx_HAL_Driver/Src/stm32g4xx_hal_dma.c ****                       DMA_CCR_MINC  | DMA_CCR_PINC   | DMA_CCR_CIRC   |
 202              		.loc 1 195 7 view .LVU75
 203 004c 6FF30E1C 		bfc	ip, #4, #11
 204              	.LVL6:
 200:Drivers/STM32G4xx_HAL_Driver/Src/stm32g4xx_hal_dma.c ****           hdma->Init.PeriphInc           | hdma->Init.MemInc           |
 205              		.loc 1 200 3 is_stmt 1 view .LVU76
 203:Drivers/STM32G4xx_HAL_Driver/Src/stm32g4xx_hal_dma.c **** 
 206              		.loc 1 203 42 is_stmt 0 view .LVU77
 207 0050 1343     		orrs	r3, r3, r2
 200:Drivers/STM32G4xx_HAL_Driver/Src/stm32g4xx_hal_dma.c ****           hdma->Init.PeriphInc           | hdma->Init.MemInc           |
 208              		.loc 1 200 7 view .LVU78
 209 0052 43EA0C03 		orr	r3, r3, ip
 210              	.LVL7:
 206:Drivers/STM32G4xx_HAL_Driver/Src/stm32g4xx_hal_dma.c **** 
 211              		.loc 1 206 3 is_stmt 1 view .LVU79
 206:Drivers/STM32G4xx_HAL_Driver/Src/stm32g4xx_hal_dma.c **** 
 212              		.loc 1 206 23 is_stmt 0 view .LVU80
 213 0056 0B60     		str	r3, [r1]
 211:Drivers/STM32G4xx_HAL_Driver/Src/stm32g4xx_hal_dma.c **** 
 214              		.loc 1 211 3 is_stmt 1 view .LVU81
 215 0058 FFF7FEFF 		bl	DMA_CalcDMAMUXChannelBaseAndMask
 216              	.LVL8:
 213:Drivers/STM32G4xx_HAL_Driver/Src/stm32g4xx_hal_dma.c ****   {
 217              		.loc 1 213 3 view .LVU82
 213:Drivers/STM32G4xx_HAL_Driver/Src/stm32g4xx_hal_dma.c ****   {
 218              		.loc 1 213 6 is_stmt 0 view .LVU83
 219 005c 019A     		ldr	r2, [sp, #4]
 223:Drivers/STM32G4xx_HAL_Driver/Src/stm32g4xx_hal_dma.c **** 
 220              		.loc 1 223 40 view .LVU84
 221 005e D0F850C0 		ldr	ip, [r0, #80]
ARM GAS  /tmp/ccTSPs4y.s 			page 25


 213:Drivers/STM32G4xx_HAL_Driver/Src/stm32g4xx_hal_dma.c ****   {
 222              		.loc 1 213 6 view .LVU85
 223 0062 B2F5804F 		cmp	r2, #16384
 223:Drivers/STM32G4xx_HAL_Driver/Src/stm32g4xx_hal_dma.c **** 
 224              		.loc 1 223 7 view .LVU86
 225 0066 D0E912E1 		ldrd	lr, r1, [r0, #72]
 213:Drivers/STM32G4xx_HAL_Driver/Src/stm32g4xx_hal_dma.c ****   {
 226              		.loc 1 213 6 view .LVU87
 227 006a 2FD0     		beq	.L21
 220:Drivers/STM32G4xx_HAL_Driver/Src/stm32g4xx_hal_dma.c **** 
 228              		.loc 1 220 3 is_stmt 1 view .LVU88
 220:Drivers/STM32G4xx_HAL_Driver/Src/stm32g4xx_hal_dma.c **** 
 229              		.loc 1 220 41 is_stmt 0 view .LVU89
 230 006c 4368     		ldr	r3, [r0, #4]
 220:Drivers/STM32G4xx_HAL_Driver/Src/stm32g4xx_hal_dma.c **** 
 231              		.loc 1 220 50 view .LVU90
 232 006e 03F07F02 		and	r2, r3, #127
 225:Drivers/STM32G4xx_HAL_Driver/Src/stm32g4xx_hal_dma.c ****   {
 233              		.loc 1 225 35 view .LVU91
 234 0072 013B     		subs	r3, r3, #1
 225:Drivers/STM32G4xx_HAL_Driver/Src/stm32g4xx_hal_dma.c ****   {
 235              		.loc 1 225 6 view .LVU92
 236 0074 032B     		cmp	r3, #3
 220:Drivers/STM32G4xx_HAL_Driver/Src/stm32g4xx_hal_dma.c **** 
 237              		.loc 1 220 28 view .LVU93
 238 0076 CEF80020 		str	r2, [lr]
 223:Drivers/STM32G4xx_HAL_Driver/Src/stm32g4xx_hal_dma.c **** 
 239              		.loc 1 223 3 is_stmt 1 view .LVU94
 223:Drivers/STM32G4xx_HAL_Driver/Src/stm32g4xx_hal_dma.c **** 
 240              		.loc 1 223 34 is_stmt 0 view .LVU95
 241 007a C1F804C0 		str	ip, [r1, #4]
 225:Drivers/STM32G4xx_HAL_Driver/Src/stm32g4xx_hal_dma.c ****   {
 242              		.loc 1 225 3 is_stmt 1 view .LVU96
 225:Drivers/STM32G4xx_HAL_Driver/Src/stm32g4xx_hal_dma.c ****   {
 243              		.loc 1 225 6 is_stmt 0 view .LVU97
 244 007e 2BD8     		bhi	.L13
 230:Drivers/STM32G4xx_HAL_Driver/Src/stm32g4xx_hal_dma.c **** 
 245              		.loc 1 230 5 is_stmt 1 view .LVU98
 246              	.LVL9:
 247              	.LBB6:
 248              	.LBI6:
1084:Drivers/STM32G4xx_HAL_Driver/Src/stm32g4xx_hal_dma.c **** 
1085:Drivers/STM32G4xx_HAL_Driver/Src/stm32g4xx_hal_dma.c **** /**
1086:Drivers/STM32G4xx_HAL_Driver/Src/stm32g4xx_hal_dma.c ****   * @brief  Updates the DMA handle with the DMAMUX  request generator params
1087:Drivers/STM32G4xx_HAL_Driver/Src/stm32g4xx_hal_dma.c ****   * @param  hdma        pointer to a DMA_HandleTypeDef structure that contains
1088:Drivers/STM32G4xx_HAL_Driver/Src/stm32g4xx_hal_dma.c ****   *                     the configuration information for the specified DMA Channel.
1089:Drivers/STM32G4xx_HAL_Driver/Src/stm32g4xx_hal_dma.c ****   * @retval None
1090:Drivers/STM32G4xx_HAL_Driver/Src/stm32g4xx_hal_dma.c ****   */
1091:Drivers/STM32G4xx_HAL_Driver/Src/stm32g4xx_hal_dma.c **** 
1092:Drivers/STM32G4xx_HAL_Driver/Src/stm32g4xx_hal_dma.c **** static void DMA_CalcDMAMUXRequestGenBaseAndMask(DMA_HandleTypeDef *hdma)
 249              		.loc 1 1092 13 view .LVU99
 250              	.LBB7:
1093:Drivers/STM32G4xx_HAL_Driver/Src/stm32g4xx_hal_dma.c **** {
1094:Drivers/STM32G4xx_HAL_Driver/Src/stm32g4xx_hal_dma.c ****   uint32_t request =  hdma->Init.Request & DMAMUX_CxCR_DMAREQ_ID;
 251              		.loc 1 1094 3 view .LVU100
1095:Drivers/STM32G4xx_HAL_Driver/Src/stm32g4xx_hal_dma.c **** 
1096:Drivers/STM32G4xx_HAL_Driver/Src/stm32g4xx_hal_dma.c ****   /* DMA Channels are connected to DMAMUX1 request generator blocks*/
ARM GAS  /tmp/ccTSPs4y.s 			page 26


1097:Drivers/STM32G4xx_HAL_Driver/Src/stm32g4xx_hal_dma.c ****   hdma->DMAmuxRequestGen = (DMAMUX_RequestGen_TypeDef *)((uint32_t)(((uint32_t)DMAMUX1_RequestGener
 252              		.loc 1 1097 3 view .LVU101
 253              		.loc 1 1097 58 is_stmt 0 view .LVU102
 254 0080 1C4B     		ldr	r3, .L22+12
 255              	.LBE7:
 256              	.LBE6:
 236:Drivers/STM32G4xx_HAL_Driver/Src/stm32g4xx_hal_dma.c ****   }
 257              		.loc 1 236 41 view .LVU103
 258 0082 1D49     		ldr	r1, .L22+16
 259              	.LBB9:
 260              	.LBB8:
1098:Drivers/STM32G4xx_HAL_Driver/Src/stm32g4xx_hal_dma.c **** 
1099:Drivers/STM32G4xx_HAL_Driver/Src/stm32g4xx_hal_dma.c ****   hdma->DMAmuxRequestGenStatus = DMAMUX1_RequestGenStatus;
1100:Drivers/STM32G4xx_HAL_Driver/Src/stm32g4xx_hal_dma.c **** 
1101:Drivers/STM32G4xx_HAL_Driver/Src/stm32g4xx_hal_dma.c ****   hdma->DMAmuxRequestGenStatusMask = 1UL << ((request - 1U) & 0x1FU);
 261              		.loc 1 1101 55 view .LVU104
 262 0084 02F1FF3C 		add	ip, r2, #-1
1097:Drivers/STM32G4xx_HAL_Driver/Src/stm32g4xx_hal_dma.c **** 
 263              		.loc 1 1097 58 view .LVU105
 264 0088 D318     		adds	r3, r2, r3
 265              		.loc 1 1101 42 view .LVU106
 266 008a 0122     		movs	r2, #1
 267              	.LVL10:
 268              		.loc 1 1101 42 view .LVU107
 269 008c 02FA0CF2 		lsl	r2, r2, ip
1099:Drivers/STM32G4xx_HAL_Driver/Src/stm32g4xx_hal_dma.c **** 
 270              		.loc 1 1099 32 view .LVU108
 271 0090 DFF870C0 		ldr	ip, .L22+28
 272              		.loc 1 1101 36 view .LVU109
 273 0094 C265     		str	r2, [r0, #92]
1097:Drivers/STM32G4xx_HAL_Driver/Src/stm32g4xx_hal_dma.c **** 
 274              		.loc 1 1097 58 view .LVU110
 275 0096 9B00     		lsls	r3, r3, #2
 276              	.LVL11:
1099:Drivers/STM32G4xx_HAL_Driver/Src/stm32g4xx_hal_dma.c **** 
 277              		.loc 1 1099 32 view .LVU111
 278 0098 C0E9153C 		strd	r3, ip, [r0, #84]
 279              		.loc 1 1101 3 is_stmt 1 view .LVU112
 280              	.LVL12:
 281              		.loc 1 1101 3 is_stmt 0 view .LVU113
 282              	.LBE8:
 283              	.LBE9:
 233:Drivers/STM32G4xx_HAL_Driver/Src/stm32g4xx_hal_dma.c **** 
 284              		.loc 1 233 5 is_stmt 1 view .LVU114
 233:Drivers/STM32G4xx_HAL_Driver/Src/stm32g4xx_hal_dma.c **** 
 285              		.loc 1 233 34 is_stmt 0 view .LVU115
 286 009c 4FF0000C 		mov	ip, #0
 287 00a0 C3F800C0 		str	ip, [r3]
 236:Drivers/STM32G4xx_HAL_Driver/Src/stm32g4xx_hal_dma.c ****   }
 288              		.loc 1 236 5 is_stmt 1 view .LVU116
 236:Drivers/STM32G4xx_HAL_Driver/Src/stm32g4xx_hal_dma.c ****   }
 289              		.loc 1 236 41 is_stmt 0 view .LVU117
 290 00a4 4A64     		str	r2, [r1, #68]
 291              	.L14:
 246:Drivers/STM32G4xx_HAL_Driver/Src/stm32g4xx_hal_dma.c **** 
 292              		.loc 1 246 3 is_stmt 1 view .LVU118
 246:Drivers/STM32G4xx_HAL_Driver/Src/stm32g4xx_hal_dma.c **** 
ARM GAS  /tmp/ccTSPs4y.s 			page 27


 293              		.loc 1 246 19 is_stmt 0 view .LVU119
 294 00a6 0023     		movs	r3, #0
 249:Drivers/STM32G4xx_HAL_Driver/Src/stm32g4xx_hal_dma.c **** 
 295              		.loc 1 249 16 view .LVU120
 296 00a8 0122     		movs	r2, #1
 246:Drivers/STM32G4xx_HAL_Driver/Src/stm32g4xx_hal_dma.c **** 
 297              		.loc 1 246 19 view .LVU121
 298 00aa C363     		str	r3, [r0, #60]
 249:Drivers/STM32G4xx_HAL_Driver/Src/stm32g4xx_hal_dma.c **** 
 299              		.loc 1 249 3 is_stmt 1 view .LVU122
 252:Drivers/STM32G4xx_HAL_Driver/Src/stm32g4xx_hal_dma.c **** 
 300              		.loc 1 252 14 is_stmt 0 view .LVU123
 301 00ac 80F82430 		strb	r3, [r0, #36]
 249:Drivers/STM32G4xx_HAL_Driver/Src/stm32g4xx_hal_dma.c **** 
 302              		.loc 1 249 16 view .LVU124
 303 00b0 80F82520 		strb	r2, [r0, #37]
 252:Drivers/STM32G4xx_HAL_Driver/Src/stm32g4xx_hal_dma.c **** 
 304              		.loc 1 252 3 is_stmt 1 view .LVU125
 254:Drivers/STM32G4xx_HAL_Driver/Src/stm32g4xx_hal_dma.c **** }
 305              		.loc 1 254 3 view .LVU126
 254:Drivers/STM32G4xx_HAL_Driver/Src/stm32g4xx_hal_dma.c **** }
 306              		.loc 1 254 10 is_stmt 0 view .LVU127
 307 00b4 1846     		mov	r0, r3
 308              	.LVL13:
 255:Drivers/STM32G4xx_HAL_Driver/Src/stm32g4xx_hal_dma.c **** 
 309              		.loc 1 255 1 view .LVU128
 310 00b6 03B0     		add	sp, sp, #12
 311              	.LCFI3:
 312              		.cfi_remember_state
 313              		.cfi_def_cfa_offset 4
 314              		@ sp needed
 315 00b8 00BD     		pop	{pc}
 316              	.LVL14:
 317              	.L20:
 318              	.LCFI4:
 319              		.cfi_restore_state
 178:Drivers/STM32G4xx_HAL_Driver/Src/stm32g4xx_hal_dma.c ****     hdma->DmaBaseAddress = DMA1;
 320              		.loc 1 178 5 is_stmt 1 view .LVU129
 178:Drivers/STM32G4xx_HAL_Driver/Src/stm32g4xx_hal_dma.c ****     hdma->DmaBaseAddress = DMA1;
 321              		.loc 1 178 53 is_stmt 0 view .LVU130
 322 00ba 104B     		ldr	r3, .L22+20
 179:Drivers/STM32G4xx_HAL_Driver/Src/stm32g4xx_hal_dma.c ****   }
 323              		.loc 1 179 26 view .LVU131
 324 00bc DFF848E0 		ldr	lr, .L22+32
 178:Drivers/STM32G4xx_HAL_Driver/Src/stm32g4xx_hal_dma.c ****     hdma->DmaBaseAddress = DMA1;
 325              		.loc 1 178 53 view .LVU132
 326 00c0 CB18     		adds	r3, r1, r3
 178:Drivers/STM32G4xx_HAL_Driver/Src/stm32g4xx_hal_dma.c ****     hdma->DmaBaseAddress = DMA1;
 327              		.loc 1 178 80 view .LVU133
 328 00c2 A2FB0323 		umull	r2, r3, r2, r3
 329 00c6 1B09     		lsrs	r3, r3, #4
 178:Drivers/STM32G4xx_HAL_Driver/Src/stm32g4xx_hal_dma.c ****     hdma->DmaBaseAddress = DMA1;
 330              		.loc 1 178 135 view .LVU134
 331 00c8 9B00     		lsls	r3, r3, #2
 179:Drivers/STM32G4xx_HAL_Driver/Src/stm32g4xx_hal_dma.c ****   }
 332              		.loc 1 179 5 is_stmt 1 view .LVU135
 333 00ca AAE7     		b	.L11
ARM GAS  /tmp/ccTSPs4y.s 			page 28


 334              	.LVL15:
 335              	.L21:
 216:Drivers/STM32G4xx_HAL_Driver/Src/stm32g4xx_hal_dma.c ****   }
 336              		.loc 1 216 5 view .LVU136
 216:Drivers/STM32G4xx_HAL_Driver/Src/stm32g4xx_hal_dma.c ****   }
 337              		.loc 1 216 24 is_stmt 0 view .LVU137
 338 00cc 0023     		movs	r3, #0
 339 00ce 4360     		str	r3, [r0, #4]
 220:Drivers/STM32G4xx_HAL_Driver/Src/stm32g4xx_hal_dma.c **** 
 340              		.loc 1 220 3 is_stmt 1 view .LVU138
 220:Drivers/STM32G4xx_HAL_Driver/Src/stm32g4xx_hal_dma.c **** 
 341              		.loc 1 220 28 is_stmt 0 view .LVU139
 342 00d0 CEF80030 		str	r3, [lr]
 223:Drivers/STM32G4xx_HAL_Driver/Src/stm32g4xx_hal_dma.c **** 
 343              		.loc 1 223 3 is_stmt 1 view .LVU140
 223:Drivers/STM32G4xx_HAL_Driver/Src/stm32g4xx_hal_dma.c **** 
 344              		.loc 1 223 34 is_stmt 0 view .LVU141
 345 00d4 C1F804C0 		str	ip, [r1, #4]
 225:Drivers/STM32G4xx_HAL_Driver/Src/stm32g4xx_hal_dma.c ****   {
 346              		.loc 1 225 3 is_stmt 1 view .LVU142
 347              	.L13:
 240:Drivers/STM32G4xx_HAL_Driver/Src/stm32g4xx_hal_dma.c ****     hdma->DMAmuxRequestGenStatus = 0U;
 348              		.loc 1 240 5 view .LVU143
 241:Drivers/STM32G4xx_HAL_Driver/Src/stm32g4xx_hal_dma.c ****     hdma->DMAmuxRequestGenStatusMask = 0U;
 349              		.loc 1 241 5 view .LVU144
 240:Drivers/STM32G4xx_HAL_Driver/Src/stm32g4xx_hal_dma.c ****     hdma->DMAmuxRequestGenStatus = 0U;
 350              		.loc 1 240 28 is_stmt 0 view .LVU145
 351 00d8 0023     		movs	r3, #0
 352 00da C0E91533 		strd	r3, r3, [r0, #84]
 242:Drivers/STM32G4xx_HAL_Driver/Src/stm32g4xx_hal_dma.c ****   }
 353              		.loc 1 242 5 is_stmt 1 view .LVU146
 242:Drivers/STM32G4xx_HAL_Driver/Src/stm32g4xx_hal_dma.c ****   }
 354              		.loc 1 242 38 is_stmt 0 view .LVU147
 355 00de C365     		str	r3, [r0, #92]
 356 00e0 E1E7     		b	.L14
 357              	.LVL16:
 358              	.L15:
 359              	.LCFI5:
 360              		.cfi_def_cfa_offset 0
 361              		.cfi_restore 14
 159:Drivers/STM32G4xx_HAL_Driver/Src/stm32g4xx_hal_dma.c ****   }
 362              		.loc 1 159 12 view .LVU148
 363 00e2 0120     		movs	r0, #1
 364              	.LVL17:
 255:Drivers/STM32G4xx_HAL_Driver/Src/stm32g4xx_hal_dma.c **** 
 365              		.loc 1 255 1 view .LVU149
 366 00e4 7047     		bx	lr
 367              	.L23:
 368 00e6 00BF     		.align	2
 369              	.L22:
 370 00e8 07040240 		.word	1073873927
 371 00ec CDCCCCCC 		.word	-858993459
 372 00f0 F8FBFDBF 		.word	-1073873928
 373 00f4 3F820010 		.word	268468799
 374 00f8 00090240 		.word	1073875200
 375 00fc F8FFFDBF 		.word	-1073872904
 376 0100 00040240 		.word	1073873920
ARM GAS  /tmp/ccTSPs4y.s 			page 29


 377 0104 40090240 		.word	1073875264
 378 0108 00000240 		.word	1073872896
 379              		.cfi_endproc
 380              	.LFE329:
 382              		.section	.text.HAL_DMA_DeInit,"ax",%progbits
 383              		.align	1
 384              		.p2align 2,,3
 385              		.global	HAL_DMA_DeInit
 386              		.syntax unified
 387              		.thumb
 388              		.thumb_func
 390              	HAL_DMA_DeInit:
 391              	.LVL18:
 392              	.LFB330:
 264:Drivers/STM32G4xx_HAL_Driver/Src/stm32g4xx_hal_dma.c **** 
 393              		.loc 1 264 1 is_stmt 1 view -0
 394              		.cfi_startproc
 395              		@ args = 0, pretend = 0, frame = 0
 396              		@ frame_needed = 0, uses_anonymous_args = 0
 267:Drivers/STM32G4xx_HAL_Driver/Src/stm32g4xx_hal_dma.c ****   {
 397              		.loc 1 267 3 view .LVU151
 267:Drivers/STM32G4xx_HAL_Driver/Src/stm32g4xx_hal_dma.c ****   {
 398              		.loc 1 267 6 is_stmt 0 view .LVU152
 399 0000 0028     		cmp	r0, #0
 400 0002 4DD0     		beq	.L29
 273:Drivers/STM32G4xx_HAL_Driver/Src/stm32g4xx_hal_dma.c **** 
 401              		.loc 1 273 3 is_stmt 1 view .LVU153
 276:Drivers/STM32G4xx_HAL_Driver/Src/stm32g4xx_hal_dma.c **** 
 402              		.loc 1 276 3 view .LVU154
 403 0004 0268     		ldr	r2, [r0]
 279:Drivers/STM32G4xx_HAL_Driver/Src/stm32g4xx_hal_dma.c ****   {
 404              		.loc 1 279 6 is_stmt 0 view .LVU155
 405 0006 2749     		ldr	r1, .L35
 264:Drivers/STM32G4xx_HAL_Driver/Src/stm32g4xx_hal_dma.c **** 
 406              		.loc 1 264 1 view .LVU156
 407 0008 08B5     		push	{r3, lr}
 408              	.LCFI6:
 409              		.cfi_def_cfa_offset 8
 410              		.cfi_offset 3, -8
 411              		.cfi_offset 14, -4
 276:Drivers/STM32G4xx_HAL_Driver/Src/stm32g4xx_hal_dma.c **** 
 412              		.loc 1 276 3 view .LVU157
 413 000a 1368     		ldr	r3, [r2]
 279:Drivers/STM32G4xx_HAL_Driver/Src/stm32g4xx_hal_dma.c ****   {
 414              		.loc 1 279 6 view .LVU158
 415 000c 8A42     		cmp	r2, r1
 276:Drivers/STM32G4xx_HAL_Driver/Src/stm32g4xx_hal_dma.c **** 
 416              		.loc 1 276 3 view .LVU159
 417 000e 23F00103 		bic	r3, r3, #1
 282:Drivers/STM32G4xx_HAL_Driver/Src/stm32g4xx_hal_dma.c ****     hdma->DmaBaseAddress = DMA1;
 418              		.loc 1 282 80 view .LVU160
 419 0012 2549     		ldr	r1, .L35+4
 276:Drivers/STM32G4xx_HAL_Driver/Src/stm32g4xx_hal_dma.c **** 
 420              		.loc 1 276 3 view .LVU161
 421 0014 1360     		str	r3, [r2]
 279:Drivers/STM32G4xx_HAL_Driver/Src/stm32g4xx_hal_dma.c ****   {
 422              		.loc 1 279 3 is_stmt 1 view .LVU162
ARM GAS  /tmp/ccTSPs4y.s 			page 30


 279:Drivers/STM32G4xx_HAL_Driver/Src/stm32g4xx_hal_dma.c ****   {
 423              		.loc 1 279 6 is_stmt 0 view .LVU163
 424 0016 3AD9     		bls	.L34
 288:Drivers/STM32G4xx_HAL_Driver/Src/stm32g4xx_hal_dma.c ****     hdma->DmaBaseAddress = DMA2;
 425              		.loc 1 288 5 is_stmt 1 view .LVU164
 288:Drivers/STM32G4xx_HAL_Driver/Src/stm32g4xx_hal_dma.c ****     hdma->DmaBaseAddress = DMA2;
 426              		.loc 1 288 53 is_stmt 0 view .LVU165
 427 0018 244B     		ldr	r3, .L35+8
 289:Drivers/STM32G4xx_HAL_Driver/Src/stm32g4xx_hal_dma.c ****   }
 428              		.loc 1 289 26 view .LVU166
 429 001a DFF89CC0 		ldr	ip, .L35+20
 288:Drivers/STM32G4xx_HAL_Driver/Src/stm32g4xx_hal_dma.c ****     hdma->DmaBaseAddress = DMA2;
 430              		.loc 1 288 53 view .LVU167
 431 001e D318     		adds	r3, r2, r3
 288:Drivers/STM32G4xx_HAL_Driver/Src/stm32g4xx_hal_dma.c ****     hdma->DmaBaseAddress = DMA2;
 432              		.loc 1 288 80 view .LVU168
 433 0020 A1FB0313 		umull	r1, r3, r1, r3
 434 0024 1B09     		lsrs	r3, r3, #4
 288:Drivers/STM32G4xx_HAL_Driver/Src/stm32g4xx_hal_dma.c ****     hdma->DmaBaseAddress = DMA2;
 435              		.loc 1 288 135 view .LVU169
 436 0026 9B00     		lsls	r3, r3, #2
 289:Drivers/STM32G4xx_HAL_Driver/Src/stm32g4xx_hal_dma.c ****   }
 437              		.loc 1 289 5 is_stmt 1 view .LVU170
 438              	.L27:
 293:Drivers/STM32G4xx_HAL_Driver/Src/stm32g4xx_hal_dma.c **** 
 439              		.loc 1 293 24 is_stmt 0 view .LVU171
 440 0028 0021     		movs	r1, #0
 441 002a 4364     		str	r3, [r0, #68]
 442 002c C0F840C0 		str	ip, [r0, #64]
 293:Drivers/STM32G4xx_HAL_Driver/Src/stm32g4xx_hal_dma.c **** 
 443              		.loc 1 293 3 is_stmt 1 view .LVU172
 296:Drivers/STM32G4xx_HAL_Driver/Src/stm32g4xx_hal_dma.c **** 
 444              		.loc 1 296 3 view .LVU173
 296:Drivers/STM32G4xx_HAL_Driver/Src/stm32g4xx_hal_dma.c **** 
 445              		.loc 1 296 69 is_stmt 0 view .LVU174
 446 0030 03F01F03 		and	r3, r3, #31
 293:Drivers/STM32G4xx_HAL_Driver/Src/stm32g4xx_hal_dma.c **** 
 447              		.loc 1 293 24 view .LVU175
 448 0034 1160     		str	r1, [r2]
 296:Drivers/STM32G4xx_HAL_Driver/Src/stm32g4xx_hal_dma.c **** 
 449              		.loc 1 296 46 view .LVU176
 450 0036 0122     		movs	r2, #1
 451 0038 02FA03F3 		lsl	r3, r2, r3
 296:Drivers/STM32G4xx_HAL_Driver/Src/stm32g4xx_hal_dma.c **** 
 452              		.loc 1 296 30 view .LVU177
 453 003c CCF80430 		str	r3, [ip, #4]
 301:Drivers/STM32G4xx_HAL_Driver/Src/stm32g4xx_hal_dma.c **** 
 454              		.loc 1 301 3 is_stmt 1 view .LVU178
 455 0040 FFF7FEFF 		bl	DMA_CalcDMAMUXChannelBaseAndMask
 456              	.LVL19:
 304:Drivers/STM32G4xx_HAL_Driver/Src/stm32g4xx_hal_dma.c **** 
 457              		.loc 1 304 3 view .LVU179
 304:Drivers/STM32G4xx_HAL_Driver/Src/stm32g4xx_hal_dma.c **** 
 458              		.loc 1 304 28 is_stmt 0 view .LVU180
 459 0044 D0E91223 		ldrd	r2, r3, [r0, #72]
 310:Drivers/STM32G4xx_HAL_Driver/Src/stm32g4xx_hal_dma.c ****   {
 460              		.loc 1 310 19 view .LVU181
ARM GAS  /tmp/ccTSPs4y.s 			page 31


 461 0048 D0F804C0 		ldr	ip, [r0, #4]
 304:Drivers/STM32G4xx_HAL_Driver/Src/stm32g4xx_hal_dma.c **** 
 462              		.loc 1 304 28 view .LVU182
 463 004c 0021     		movs	r1, #0
 464 004e 1160     		str	r1, [r2]
 307:Drivers/STM32G4xx_HAL_Driver/Src/stm32g4xx_hal_dma.c **** 
 465              		.loc 1 307 3 is_stmt 1 view .LVU183
 307:Drivers/STM32G4xx_HAL_Driver/Src/stm32g4xx_hal_dma.c **** 
 466              		.loc 1 307 34 is_stmt 0 view .LVU184
 467 0050 026D     		ldr	r2, [r0, #80]
 468 0052 5A60     		str	r2, [r3, #4]
 310:Drivers/STM32G4xx_HAL_Driver/Src/stm32g4xx_hal_dma.c ****   {
 469              		.loc 1 310 3 is_stmt 1 view .LVU185
 310:Drivers/STM32G4xx_HAL_Driver/Src/stm32g4xx_hal_dma.c ****   {
 470              		.loc 1 310 35 is_stmt 0 view .LVU186
 471 0054 0CF1FF33 		add	r3, ip, #-1
 310:Drivers/STM32G4xx_HAL_Driver/Src/stm32g4xx_hal_dma.c ****   {
 472              		.loc 1 310 6 view .LVU187
 473 0058 032B     		cmp	r3, #3
 474 005a 09D8     		bhi	.L28
 315:Drivers/STM32G4xx_HAL_Driver/Src/stm32g4xx_hal_dma.c **** 
 475              		.loc 1 315 5 is_stmt 1 view .LVU188
 476              	.LVL20:
 477              	.LBB10:
 478              	.LBI10:
1092:Drivers/STM32G4xx_HAL_Driver/Src/stm32g4xx_hal_dma.c **** {
 479              		.loc 1 1092 13 view .LVU189
 480              	.LBB11:
1094:Drivers/STM32G4xx_HAL_Driver/Src/stm32g4xx_hal_dma.c **** 
 481              		.loc 1 1094 3 view .LVU190
1097:Drivers/STM32G4xx_HAL_Driver/Src/stm32g4xx_hal_dma.c **** 
 482              		.loc 1 1097 3 view .LVU191
 483              		.loc 1 1101 42 is_stmt 0 view .LVU192
 484 005c 0122     		movs	r2, #1
 485 005e 9A40     		lsls	r2, r2, r3
1097:Drivers/STM32G4xx_HAL_Driver/Src/stm32g4xx_hal_dma.c **** 
 486              		.loc 1 1097 58 view .LVU193
 487 0060 134B     		ldr	r3, .L35+12
 488              	.LBE11:
 489              	.LBE10:
 321:Drivers/STM32G4xx_HAL_Driver/Src/stm32g4xx_hal_dma.c ****   }
 490              		.loc 1 321 41 view .LVU194
 491 0062 DFF858E0 		ldr	lr, .L35+24
 492              	.LBB13:
 493              	.LBB12:
1097:Drivers/STM32G4xx_HAL_Driver/Src/stm32g4xx_hal_dma.c **** 
 494              		.loc 1 1097 58 view .LVU195
 495 0066 6344     		add	r3, ip, r3
 496 0068 9B00     		lsls	r3, r3, #2
1099:Drivers/STM32G4xx_HAL_Driver/Src/stm32g4xx_hal_dma.c **** 
 497              		.loc 1 1099 3 is_stmt 1 view .LVU196
 498              		.loc 1 1101 3 view .LVU197
 499              	.LVL21:
 500              		.loc 1 1101 3 is_stmt 0 view .LVU198
 501              	.LBE12:
 502              	.LBE13:
 318:Drivers/STM32G4xx_HAL_Driver/Src/stm32g4xx_hal_dma.c **** 
ARM GAS  /tmp/ccTSPs4y.s 			page 32


 503              		.loc 1 318 5 is_stmt 1 view .LVU199
 318:Drivers/STM32G4xx_HAL_Driver/Src/stm32g4xx_hal_dma.c **** 
 504              		.loc 1 318 34 is_stmt 0 view .LVU200
 505 006a 1960     		str	r1, [r3]
 321:Drivers/STM32G4xx_HAL_Driver/Src/stm32g4xx_hal_dma.c ****   }
 506              		.loc 1 321 5 is_stmt 1 view .LVU201
 321:Drivers/STM32G4xx_HAL_Driver/Src/stm32g4xx_hal_dma.c ****   }
 507              		.loc 1 321 41 is_stmt 0 view .LVU202
 508 006c CEF84420 		str	r2, [lr, #68]
 509              	.L28:
 324:Drivers/STM32G4xx_HAL_Driver/Src/stm32g4xx_hal_dma.c ****   hdma->DMAmuxRequestGenStatus = 0U;
 510              		.loc 1 324 3 is_stmt 1 view .LVU203
 325:Drivers/STM32G4xx_HAL_Driver/Src/stm32g4xx_hal_dma.c ****   hdma->DMAmuxRequestGenStatusMask = 0U;
 511              		.loc 1 325 3 view .LVU204
 324:Drivers/STM32G4xx_HAL_Driver/Src/stm32g4xx_hal_dma.c ****   hdma->DMAmuxRequestGenStatus = 0U;
 512              		.loc 1 324 26 is_stmt 0 view .LVU205
 513 0070 0023     		movs	r3, #0
 514 0072 C0E91533 		strd	r3, r3, [r0, #84]
 326:Drivers/STM32G4xx_HAL_Driver/Src/stm32g4xx_hal_dma.c **** 
 515              		.loc 1 326 3 is_stmt 1 view .LVU206
 335:Drivers/STM32G4xx_HAL_Driver/Src/stm32g4xx_hal_dma.c **** 
 516              		.loc 1 335 19 is_stmt 0 view .LVU207
 517 0076 C363     		str	r3, [r0, #60]
 341:Drivers/STM32G4xx_HAL_Driver/Src/stm32g4xx_hal_dma.c **** 
 518              		.loc 1 341 3 view .LVU208
 519 0078 80F82430 		strb	r3, [r0, #36]
 338:Drivers/STM32G4xx_HAL_Driver/Src/stm32g4xx_hal_dma.c **** 
 520              		.loc 1 338 15 view .LVU209
 521 007c 80F82530 		strb	r3, [r0, #37]
 330:Drivers/STM32G4xx_HAL_Driver/Src/stm32g4xx_hal_dma.c ****   hdma->XferErrorCallback = NULL;
 522              		.loc 1 330 30 view .LVU210
 523 0080 C0E90B33 		strd	r3, r3, [r0, #44]
 332:Drivers/STM32G4xx_HAL_Driver/Src/stm32g4xx_hal_dma.c **** 
 524              		.loc 1 332 27 view .LVU211
 525 0084 C0E90D33 		strd	r3, r3, [r0, #52]
 326:Drivers/STM32G4xx_HAL_Driver/Src/stm32g4xx_hal_dma.c **** 
 526              		.loc 1 326 36 view .LVU212
 527 0088 C365     		str	r3, [r0, #92]
 329:Drivers/STM32G4xx_HAL_Driver/Src/stm32g4xx_hal_dma.c ****   hdma->XferHalfCpltCallback = NULL;
 528              		.loc 1 329 3 is_stmt 1 view .LVU213
 331:Drivers/STM32G4xx_HAL_Driver/Src/stm32g4xx_hal_dma.c ****   hdma->XferAbortCallback = NULL;
 529              		.loc 1 331 3 view .LVU214
 335:Drivers/STM32G4xx_HAL_Driver/Src/stm32g4xx_hal_dma.c **** 
 530              		.loc 1 335 3 view .LVU215
 338:Drivers/STM32G4xx_HAL_Driver/Src/stm32g4xx_hal_dma.c **** 
 531              		.loc 1 338 3 view .LVU216
 341:Drivers/STM32G4xx_HAL_Driver/Src/stm32g4xx_hal_dma.c **** 
 532              		.loc 1 341 3 view .LVU217
 341:Drivers/STM32G4xx_HAL_Driver/Src/stm32g4xx_hal_dma.c **** 
 533              		.loc 1 341 3 view .LVU218
 341:Drivers/STM32G4xx_HAL_Driver/Src/stm32g4xx_hal_dma.c **** 
 534              		.loc 1 341 3 view .LVU219
 343:Drivers/STM32G4xx_HAL_Driver/Src/stm32g4xx_hal_dma.c **** }
 535              		.loc 1 343 3 view .LVU220
 343:Drivers/STM32G4xx_HAL_Driver/Src/stm32g4xx_hal_dma.c **** }
 536              		.loc 1 343 10 is_stmt 0 view .LVU221
 537 008a 1846     		mov	r0, r3
ARM GAS  /tmp/ccTSPs4y.s 			page 33


 538              	.LVL22:
 344:Drivers/STM32G4xx_HAL_Driver/Src/stm32g4xx_hal_dma.c **** 
 539              		.loc 1 344 1 view .LVU222
 540 008c 08BD     		pop	{r3, pc}
 541              	.LVL23:
 542              	.L34:
 282:Drivers/STM32G4xx_HAL_Driver/Src/stm32g4xx_hal_dma.c ****     hdma->DmaBaseAddress = DMA1;
 543              		.loc 1 282 5 is_stmt 1 view .LVU223
 282:Drivers/STM32G4xx_HAL_Driver/Src/stm32g4xx_hal_dma.c ****     hdma->DmaBaseAddress = DMA1;
 544              		.loc 1 282 53 is_stmt 0 view .LVU224
 545 008e 094B     		ldr	r3, .L35+16
 283:Drivers/STM32G4xx_HAL_Driver/Src/stm32g4xx_hal_dma.c ****   }
 546              		.loc 1 283 26 view .LVU225
 547 0090 DFF82CC0 		ldr	ip, .L35+28
 282:Drivers/STM32G4xx_HAL_Driver/Src/stm32g4xx_hal_dma.c ****     hdma->DmaBaseAddress = DMA1;
 548              		.loc 1 282 53 view .LVU226
 549 0094 D318     		adds	r3, r2, r3
 282:Drivers/STM32G4xx_HAL_Driver/Src/stm32g4xx_hal_dma.c ****     hdma->DmaBaseAddress = DMA1;
 550              		.loc 1 282 80 view .LVU227
 551 0096 A1FB0313 		umull	r1, r3, r1, r3
 552 009a 1B09     		lsrs	r3, r3, #4
 282:Drivers/STM32G4xx_HAL_Driver/Src/stm32g4xx_hal_dma.c ****     hdma->DmaBaseAddress = DMA1;
 553              		.loc 1 282 135 view .LVU228
 554 009c 9B00     		lsls	r3, r3, #2
 283:Drivers/STM32G4xx_HAL_Driver/Src/stm32g4xx_hal_dma.c ****   }
 555              		.loc 1 283 5 is_stmt 1 view .LVU229
 556 009e C3E7     		b	.L27
 557              	.L29:
 558              	.LCFI7:
 559              		.cfi_def_cfa_offset 0
 560              		.cfi_restore 3
 561              		.cfi_restore 14
 269:Drivers/STM32G4xx_HAL_Driver/Src/stm32g4xx_hal_dma.c ****   }
 562              		.loc 1 269 12 is_stmt 0 view .LVU230
 563 00a0 0120     		movs	r0, #1
 564              	.LVL24:
 344:Drivers/STM32G4xx_HAL_Driver/Src/stm32g4xx_hal_dma.c **** 
 565              		.loc 1 344 1 view .LVU231
 566 00a2 7047     		bx	lr
 567              	.L36:
 568              		.align	2
 569              	.L35:
 570 00a4 07040240 		.word	1073873927
 571 00a8 CDCCCCCC 		.word	-858993459
 572 00ac F8FBFDBF 		.word	-1073873928
 573 00b0 3F820010 		.word	268468799
 574 00b4 F8FFFDBF 		.word	-1073872904
 575 00b8 00040240 		.word	1073873920
 576 00bc 00090240 		.word	1073875200
 577 00c0 00000240 		.word	1073872896
 578              		.cfi_endproc
 579              	.LFE330:
 581              		.section	.text.HAL_DMA_Start,"ax",%progbits
 582              		.align	1
 583              		.p2align 2,,3
 584              		.global	HAL_DMA_Start
 585              		.syntax unified
ARM GAS  /tmp/ccTSPs4y.s 			page 34


 586              		.thumb
 587              		.thumb_func
 589              	HAL_DMA_Start:
 590              	.LVL25:
 591              	.LFB331:
 379:Drivers/STM32G4xx_HAL_Driver/Src/stm32g4xx_hal_dma.c ****   HAL_StatusTypeDef status = HAL_OK;
 592              		.loc 1 379 1 is_stmt 1 view -0
 593              		.cfi_startproc
 594              		@ args = 0, pretend = 0, frame = 0
 595              		@ frame_needed = 0, uses_anonymous_args = 0
 380:Drivers/STM32G4xx_HAL_Driver/Src/stm32g4xx_hal_dma.c **** 
 596              		.loc 1 380 3 view .LVU233
 383:Drivers/STM32G4xx_HAL_Driver/Src/stm32g4xx_hal_dma.c **** 
 597              		.loc 1 383 3 view .LVU234
 386:Drivers/STM32G4xx_HAL_Driver/Src/stm32g4xx_hal_dma.c **** 
 598              		.loc 1 386 3 view .LVU235
 386:Drivers/STM32G4xx_HAL_Driver/Src/stm32g4xx_hal_dma.c **** 
 599              		.loc 1 386 3 view .LVU236
 600 0000 90F824C0 		ldrb	ip, [r0, #36]	@ zero_extendqisi2
 601 0004 BCF1010F 		cmp	ip, #1
 602 0008 0BD0     		beq	.L44
 386:Drivers/STM32G4xx_HAL_Driver/Src/stm32g4xx_hal_dma.c **** 
 603              		.loc 1 386 3 discriminator 2 view .LVU237
 604 000a 4FF0010C 		mov	ip, #1
 605 000e 80F824C0 		strb	ip, [r0, #36]
 386:Drivers/STM32G4xx_HAL_Driver/Src/stm32g4xx_hal_dma.c **** 
 606              		.loc 1 386 3 discriminator 2 view .LVU238
 388:Drivers/STM32G4xx_HAL_Driver/Src/stm32g4xx_hal_dma.c ****   {
 607              		.loc 1 388 3 view .LVU239
 388:Drivers/STM32G4xx_HAL_Driver/Src/stm32g4xx_hal_dma.c ****   {
 608              		.loc 1 388 34 is_stmt 0 view .LVU240
 609 0012 90F825C0 		ldrb	ip, [r0, #37]	@ zero_extendqisi2
 388:Drivers/STM32G4xx_HAL_Driver/Src/stm32g4xx_hal_dma.c ****   {
 610              		.loc 1 388 6 view .LVU241
 611 0016 BCF1010F 		cmp	ip, #1
 612 001a 04D0     		beq	.L52
 406:Drivers/STM32G4xx_HAL_Driver/Src/stm32g4xx_hal_dma.c ****     status = HAL_BUSY;
 613              		.loc 1 406 5 is_stmt 1 view .LVU242
 406:Drivers/STM32G4xx_HAL_Driver/Src/stm32g4xx_hal_dma.c ****     status = HAL_BUSY;
 614              		.loc 1 406 5 view .LVU243
 615 001c 0023     		movs	r3, #0
 616              	.LVL26:
 406:Drivers/STM32G4xx_HAL_Driver/Src/stm32g4xx_hal_dma.c ****     status = HAL_BUSY;
 617              		.loc 1 406 5 is_stmt 0 view .LVU244
 618 001e 80F82430 		strb	r3, [r0, #36]
 406:Drivers/STM32G4xx_HAL_Driver/Src/stm32g4xx_hal_dma.c ****     status = HAL_BUSY;
 619              		.loc 1 406 5 is_stmt 1 view .LVU245
 407:Drivers/STM32G4xx_HAL_Driver/Src/stm32g4xx_hal_dma.c ****   }
 620              		.loc 1 407 5 view .LVU246
 621              	.L44:
 386:Drivers/STM32G4xx_HAL_Driver/Src/stm32g4xx_hal_dma.c **** 
 622              		.loc 1 386 3 is_stmt 0 discriminator 1 view .LVU247
 623 0022 0220     		movs	r0, #2
 624              	.LVL27:
 410:Drivers/STM32G4xx_HAL_Driver/Src/stm32g4xx_hal_dma.c **** 
 625              		.loc 1 410 1 view .LVU248
 626 0024 7047     		bx	lr
ARM GAS  /tmp/ccTSPs4y.s 			page 35


 627              	.LVL28:
 628              	.L52:
 391:Drivers/STM32G4xx_HAL_Driver/Src/stm32g4xx_hal_dma.c ****     hdma->ErrorCode = HAL_DMA_ERROR_NONE;
 629              		.loc 1 391 5 is_stmt 1 view .LVU249
 391:Drivers/STM32G4xx_HAL_Driver/Src/stm32g4xx_hal_dma.c ****     hdma->ErrorCode = HAL_DMA_ERROR_NONE;
 630              		.loc 1 391 17 is_stmt 0 view .LVU250
 631 0026 4FF0020C 		mov	ip, #2
 379:Drivers/STM32G4xx_HAL_Driver/Src/stm32g4xx_hal_dma.c ****   HAL_StatusTypeDef status = HAL_OK;
 632              		.loc 1 379 1 view .LVU251
 633 002a 30B5     		push	{r4, r5, lr}
 634              	.LCFI8:
 635              		.cfi_def_cfa_offset 12
 636              		.cfi_offset 4, -12
 637              		.cfi_offset 5, -8
 638              		.cfi_offset 14, -4
 391:Drivers/STM32G4xx_HAL_Driver/Src/stm32g4xx_hal_dma.c ****     hdma->ErrorCode = HAL_DMA_ERROR_NONE;
 639              		.loc 1 391 17 view .LVU252
 640 002c 80F825C0 		strb	ip, [r0, #37]
 392:Drivers/STM32G4xx_HAL_Driver/Src/stm32g4xx_hal_dma.c **** 
 641              		.loc 1 392 5 is_stmt 1 view .LVU253
 392:Drivers/STM32G4xx_HAL_Driver/Src/stm32g4xx_hal_dma.c **** 
 642              		.loc 1 392 21 is_stmt 0 view .LVU254
 643 0030 4FF0000C 		mov	ip, #0
 644 0034 C0F83CC0 		str	ip, [r0, #60]
 395:Drivers/STM32G4xx_HAL_Driver/Src/stm32g4xx_hal_dma.c **** 
 645              		.loc 1 395 5 is_stmt 1 view .LVU255
 646 0038 D0F800C0 		ldr	ip, [r0]
 647              	.LBB16:
 648              	.LBB17:
1011:Drivers/STM32G4xx_HAL_Driver/Src/stm32g4xx_hal_dma.c **** 
 649              		.loc 1 1011 7 is_stmt 0 view .LVU256
 650 003c C46C     		ldr	r4, [r0, #76]
 651              	.LBE17:
 652              	.LBE16:
 395:Drivers/STM32G4xx_HAL_Driver/Src/stm32g4xx_hal_dma.c **** 
 653              		.loc 1 395 5 view .LVU257
 654 003e DCF800E0 		ldr	lr, [ip]
 655 0042 2EF0010E 		bic	lr, lr, #1
 656 0046 CCF800E0 		str	lr, [ip]
 398:Drivers/STM32G4xx_HAL_Driver/Src/stm32g4xx_hal_dma.c **** 
 657              		.loc 1 398 5 is_stmt 1 view .LVU258
 658              	.LVL29:
 659              	.LBB19:
 660              	.LBI16:
1008:Drivers/STM32G4xx_HAL_Driver/Src/stm32g4xx_hal_dma.c **** {
 661              		.loc 1 1008 13 view .LVU259
 662              	.LBB18:
1011:Drivers/STM32G4xx_HAL_Driver/Src/stm32g4xx_hal_dma.c **** 
 663              		.loc 1 1011 3 view .LVU260
1011:Drivers/STM32G4xx_HAL_Driver/Src/stm32g4xx_hal_dma.c **** 
 664              		.loc 1 1011 34 is_stmt 0 view .LVU261
 665 004a D0E9145E 		ldrd	r5, lr, [r0, #80]
 666 004e 6560     		str	r5, [r4, #4]
1013:Drivers/STM32G4xx_HAL_Driver/Src/stm32g4xx_hal_dma.c ****   {
 667              		.loc 1 1013 3 is_stmt 1 view .LVU262
1013:Drivers/STM32G4xx_HAL_Driver/Src/stm32g4xx_hal_dma.c ****   {
 668              		.loc 1 1013 6 is_stmt 0 view .LVU263
ARM GAS  /tmp/ccTSPs4y.s 			page 36


 669 0050 BEF1000F 		cmp	lr, #0
 670 0054 02D0     		beq	.L41
1016:Drivers/STM32G4xx_HAL_Driver/Src/stm32g4xx_hal_dma.c ****   }
 671              		.loc 1 1016 5 is_stmt 1 view .LVU264
1016:Drivers/STM32G4xx_HAL_Driver/Src/stm32g4xx_hal_dma.c ****   }
 672              		.loc 1 1016 41 is_stmt 0 view .LVU265
 673 0056 D0E91645 		ldrd	r4, r5, [r0, #88]
 674 005a 6560     		str	r5, [r4, #4]
 675              	.L41:
1020:Drivers/STM32G4xx_HAL_Driver/Src/stm32g4xx_hal_dma.c **** 
 676              		.loc 1 1020 3 is_stmt 1 view .LVU266
1020:Drivers/STM32G4xx_HAL_Driver/Src/stm32g4xx_hal_dma.c **** 
 677              		.loc 1 1020 69 is_stmt 0 view .LVU267
 678 005c 446C     		ldr	r4, [r0, #68]
1026:Drivers/STM32G4xx_HAL_Driver/Src/stm32g4xx_hal_dma.c ****   {
 679              		.loc 1 1026 6 view .LVU268
 680 005e 8568     		ldr	r5, [r0, #8]
1020:Drivers/STM32G4xx_HAL_Driver/Src/stm32g4xx_hal_dma.c **** 
 681              		.loc 1 1020 69 view .LVU269
 682 0060 04F01F0E 		and	lr, r4, #31
1020:Drivers/STM32G4xx_HAL_Driver/Src/stm32g4xx_hal_dma.c **** 
 683              		.loc 1 1020 7 view .LVU270
 684 0064 046C     		ldr	r4, [r0, #64]
1020:Drivers/STM32G4xx_HAL_Driver/Src/stm32g4xx_hal_dma.c **** 
 685              		.loc 1 1020 46 view .LVU271
 686 0066 0120     		movs	r0, #1
 687              	.LVL30:
1026:Drivers/STM32G4xx_HAL_Driver/Src/stm32g4xx_hal_dma.c ****   {
 688              		.loc 1 1026 6 view .LVU272
 689 0068 102D     		cmp	r5, #16
1020:Drivers/STM32G4xx_HAL_Driver/Src/stm32g4xx_hal_dma.c **** 
 690              		.loc 1 1020 46 view .LVU273
 691 006a 00FA0EF0 		lsl	r0, r0, lr
1020:Drivers/STM32G4xx_HAL_Driver/Src/stm32g4xx_hal_dma.c **** 
 692              		.loc 1 1020 30 view .LVU274
 693 006e 6060     		str	r0, [r4, #4]
1023:Drivers/STM32G4xx_HAL_Driver/Src/stm32g4xx_hal_dma.c **** 
 694              		.loc 1 1023 3 is_stmt 1 view .LVU275
1023:Drivers/STM32G4xx_HAL_Driver/Src/stm32g4xx_hal_dma.c **** 
 695              		.loc 1 1023 25 is_stmt 0 view .LVU276
 696 0070 CCF80430 		str	r3, [ip, #4]
1026:Drivers/STM32G4xx_HAL_Driver/Src/stm32g4xx_hal_dma.c ****   {
 697              		.loc 1 1026 3 is_stmt 1 view .LVU277
1029:Drivers/STM32G4xx_HAL_Driver/Src/stm32g4xx_hal_dma.c **** 
 698              		.loc 1 1029 5 view .LVU278
1029:Drivers/STM32G4xx_HAL_Driver/Src/stm32g4xx_hal_dma.c **** 
 699              		.loc 1 1029 26 is_stmt 0 view .LVU279
 700 0074 0BBF     		itete	eq
 701 0076 CCF80820 		streq	r2, [ip, #8]
1032:Drivers/STM32G4xx_HAL_Driver/Src/stm32g4xx_hal_dma.c ****   }
 702              		.loc 1 1032 5 is_stmt 1 view .LVU280
1038:Drivers/STM32G4xx_HAL_Driver/Src/stm32g4xx_hal_dma.c **** 
 703              		.loc 1 1038 26 is_stmt 0 view .LVU281
 704 007a CCF80810 		strne	r1, [ip, #8]
1032:Drivers/STM32G4xx_HAL_Driver/Src/stm32g4xx_hal_dma.c ****   }
 705              		.loc 1 1032 26 view .LVU282
 706 007e CCF80C10 		streq	r1, [ip, #12]
ARM GAS  /tmp/ccTSPs4y.s 			page 37


1038:Drivers/STM32G4xx_HAL_Driver/Src/stm32g4xx_hal_dma.c **** 
 707              		.loc 1 1038 5 is_stmt 1 view .LVU283
1041:Drivers/STM32G4xx_HAL_Driver/Src/stm32g4xx_hal_dma.c ****   }
 708              		.loc 1 1041 5 view .LVU284
1041:Drivers/STM32G4xx_HAL_Driver/Src/stm32g4xx_hal_dma.c ****   }
 709              		.loc 1 1041 26 is_stmt 0 view .LVU285
 710 0082 CCF80C20 		strne	r2, [ip, #12]
 711              	.LVL31:
1041:Drivers/STM32G4xx_HAL_Driver/Src/stm32g4xx_hal_dma.c ****   }
 712              		.loc 1 1041 26 view .LVU286
 713              	.LBE18:
 714              	.LBE19:
 401:Drivers/STM32G4xx_HAL_Driver/Src/stm32g4xx_hal_dma.c ****   }
 715              		.loc 1 401 5 is_stmt 1 view .LVU287
 716 0086 DCF80030 		ldr	r3, [ip]
 717              	.LVL32:
 401:Drivers/STM32G4xx_HAL_Driver/Src/stm32g4xx_hal_dma.c ****   }
 718              		.loc 1 401 5 is_stmt 0 view .LVU288
 719 008a 43F00103 		orr	r3, r3, #1
 380:Drivers/STM32G4xx_HAL_Driver/Src/stm32g4xx_hal_dma.c **** 
 720              		.loc 1 380 21 view .LVU289
 721 008e 0020     		movs	r0, #0
 401:Drivers/STM32G4xx_HAL_Driver/Src/stm32g4xx_hal_dma.c ****   }
 722              		.loc 1 401 5 view .LVU290
 723 0090 CCF80030 		str	r3, [ip]
 724              	.LVL33:
 410:Drivers/STM32G4xx_HAL_Driver/Src/stm32g4xx_hal_dma.c **** 
 725              		.loc 1 410 1 view .LVU291
 726 0094 30BD     		pop	{r4, r5, pc}
 727              		.cfi_endproc
 728              	.LFE331:
 730 0096 00BF     		.section	.text.HAL_DMA_Start_IT,"ax",%progbits
 731              		.align	1
 732              		.p2align 2,,3
 733              		.global	HAL_DMA_Start_IT
 734              		.syntax unified
 735              		.thumb
 736              		.thumb_func
 738              	HAL_DMA_Start_IT:
 739              	.LVL34:
 740              	.LFB332:
 423:Drivers/STM32G4xx_HAL_Driver/Src/stm32g4xx_hal_dma.c ****   HAL_StatusTypeDef status = HAL_OK;
 741              		.loc 1 423 1 is_stmt 1 view -0
 742              		.cfi_startproc
 743              		@ args = 0, pretend = 0, frame = 0
 744              		@ frame_needed = 0, uses_anonymous_args = 0
 424:Drivers/STM32G4xx_HAL_Driver/Src/stm32g4xx_hal_dma.c **** 
 745              		.loc 1 424 3 view .LVU293
 427:Drivers/STM32G4xx_HAL_Driver/Src/stm32g4xx_hal_dma.c **** 
 746              		.loc 1 427 3 view .LVU294
 430:Drivers/STM32G4xx_HAL_Driver/Src/stm32g4xx_hal_dma.c **** 
 747              		.loc 1 430 3 view .LVU295
 430:Drivers/STM32G4xx_HAL_Driver/Src/stm32g4xx_hal_dma.c **** 
 748              		.loc 1 430 3 view .LVU296
 749 0000 90F824C0 		ldrb	ip, [r0, #36]	@ zero_extendqisi2
 750 0004 BCF1010F 		cmp	ip, #1
 751 0008 0BD0     		beq	.L64
ARM GAS  /tmp/ccTSPs4y.s 			page 38


 430:Drivers/STM32G4xx_HAL_Driver/Src/stm32g4xx_hal_dma.c **** 
 752              		.loc 1 430 3 discriminator 2 view .LVU297
 753 000a 4FF0010C 		mov	ip, #1
 754 000e 80F824C0 		strb	ip, [r0, #36]
 430:Drivers/STM32G4xx_HAL_Driver/Src/stm32g4xx_hal_dma.c **** 
 755              		.loc 1 430 3 discriminator 2 view .LVU298
 432:Drivers/STM32G4xx_HAL_Driver/Src/stm32g4xx_hal_dma.c ****   {
 756              		.loc 1 432 3 view .LVU299
 432:Drivers/STM32G4xx_HAL_Driver/Src/stm32g4xx_hal_dma.c ****   {
 757              		.loc 1 432 34 is_stmt 0 view .LVU300
 758 0012 90F825C0 		ldrb	ip, [r0, #37]	@ zero_extendqisi2
 432:Drivers/STM32G4xx_HAL_Driver/Src/stm32g4xx_hal_dma.c ****   {
 759              		.loc 1 432 6 view .LVU301
 760 0016 BCF1010F 		cmp	ip, #1
 761 001a 04D0     		beq	.L78
 477:Drivers/STM32G4xx_HAL_Driver/Src/stm32g4xx_hal_dma.c **** 
 762              		.loc 1 477 5 is_stmt 1 view .LVU302
 477:Drivers/STM32G4xx_HAL_Driver/Src/stm32g4xx_hal_dma.c **** 
 763              		.loc 1 477 5 view .LVU303
 764 001c 0023     		movs	r3, #0
 765              	.LVL35:
 477:Drivers/STM32G4xx_HAL_Driver/Src/stm32g4xx_hal_dma.c **** 
 766              		.loc 1 477 5 is_stmt 0 view .LVU304
 767 001e 80F82430 		strb	r3, [r0, #36]
 477:Drivers/STM32G4xx_HAL_Driver/Src/stm32g4xx_hal_dma.c **** 
 768              		.loc 1 477 5 is_stmt 1 view .LVU305
 480:Drivers/STM32G4xx_HAL_Driver/Src/stm32g4xx_hal_dma.c ****   }
 769              		.loc 1 480 5 view .LVU306
 770              	.L64:
 430:Drivers/STM32G4xx_HAL_Driver/Src/stm32g4xx_hal_dma.c **** 
 771              		.loc 1 430 3 is_stmt 0 discriminator 1 view .LVU307
 772 0022 0220     		movs	r0, #2
 773              	.LVL36:
 483:Drivers/STM32G4xx_HAL_Driver/Src/stm32g4xx_hal_dma.c **** 
 774              		.loc 1 483 1 view .LVU308
 775 0024 7047     		bx	lr
 776              	.LVL37:
 777              	.L78:
 435:Drivers/STM32G4xx_HAL_Driver/Src/stm32g4xx_hal_dma.c ****     hdma->ErrorCode = HAL_DMA_ERROR_NONE;
 778              		.loc 1 435 5 is_stmt 1 view .LVU309
 435:Drivers/STM32G4xx_HAL_Driver/Src/stm32g4xx_hal_dma.c ****     hdma->ErrorCode = HAL_DMA_ERROR_NONE;
 779              		.loc 1 435 17 is_stmt 0 view .LVU310
 780 0026 4FF0020C 		mov	ip, #2
 423:Drivers/STM32G4xx_HAL_Driver/Src/stm32g4xx_hal_dma.c ****   HAL_StatusTypeDef status = HAL_OK;
 781              		.loc 1 423 1 view .LVU311
 782 002a 30B5     		push	{r4, r5, lr}
 783              	.LCFI9:
 784              		.cfi_def_cfa_offset 12
 785              		.cfi_offset 4, -12
 786              		.cfi_offset 5, -8
 787              		.cfi_offset 14, -4
 435:Drivers/STM32G4xx_HAL_Driver/Src/stm32g4xx_hal_dma.c ****     hdma->ErrorCode = HAL_DMA_ERROR_NONE;
 788              		.loc 1 435 17 view .LVU312
 789 002c 80F825C0 		strb	ip, [r0, #37]
 436:Drivers/STM32G4xx_HAL_Driver/Src/stm32g4xx_hal_dma.c **** 
 790              		.loc 1 436 5 is_stmt 1 view .LVU313
 436:Drivers/STM32G4xx_HAL_Driver/Src/stm32g4xx_hal_dma.c **** 
ARM GAS  /tmp/ccTSPs4y.s 			page 39


 791              		.loc 1 436 21 is_stmt 0 view .LVU314
 792 0030 4FF0000C 		mov	ip, #0
 793 0034 C0F83CC0 		str	ip, [r0, #60]
 439:Drivers/STM32G4xx_HAL_Driver/Src/stm32g4xx_hal_dma.c **** 
 794              		.loc 1 439 5 is_stmt 1 view .LVU315
 795 0038 D0F800C0 		ldr	ip, [r0]
 796              	.LBB22:
 797              	.LBB23:
1011:Drivers/STM32G4xx_HAL_Driver/Src/stm32g4xx_hal_dma.c **** 
 798              		.loc 1 1011 7 is_stmt 0 view .LVU316
 799 003c C46C     		ldr	r4, [r0, #76]
 800              	.LBE23:
 801              	.LBE22:
 439:Drivers/STM32G4xx_HAL_Driver/Src/stm32g4xx_hal_dma.c **** 
 802              		.loc 1 439 5 view .LVU317
 803 003e DCF800E0 		ldr	lr, [ip]
 804 0042 2EF0010E 		bic	lr, lr, #1
 805 0046 CCF800E0 		str	lr, [ip]
 442:Drivers/STM32G4xx_HAL_Driver/Src/stm32g4xx_hal_dma.c **** 
 806              		.loc 1 442 5 is_stmt 1 view .LVU318
 807              	.LVL38:
 808              	.LBB27:
 809              	.LBI22:
1008:Drivers/STM32G4xx_HAL_Driver/Src/stm32g4xx_hal_dma.c **** {
 810              		.loc 1 1008 13 view .LVU319
 811              	.LBB24:
1011:Drivers/STM32G4xx_HAL_Driver/Src/stm32g4xx_hal_dma.c **** 
 812              		.loc 1 1011 3 view .LVU320
1011:Drivers/STM32G4xx_HAL_Driver/Src/stm32g4xx_hal_dma.c **** 
 813              		.loc 1 1011 34 is_stmt 0 view .LVU321
 814 004a D0E9145E 		ldrd	r5, lr, [r0, #80]
 815 004e 6560     		str	r5, [r4, #4]
1013:Drivers/STM32G4xx_HAL_Driver/Src/stm32g4xx_hal_dma.c ****   {
 816              		.loc 1 1013 3 is_stmt 1 view .LVU322
1013:Drivers/STM32G4xx_HAL_Driver/Src/stm32g4xx_hal_dma.c ****   {
 817              		.loc 1 1013 6 is_stmt 0 view .LVU323
 818 0050 BEF1000F 		cmp	lr, #0
 819 0054 02D0     		beq	.L57
1016:Drivers/STM32G4xx_HAL_Driver/Src/stm32g4xx_hal_dma.c ****   }
 820              		.loc 1 1016 5 is_stmt 1 view .LVU324
1016:Drivers/STM32G4xx_HAL_Driver/Src/stm32g4xx_hal_dma.c ****   }
 821              		.loc 1 1016 41 is_stmt 0 view .LVU325
 822 0056 D0E91645 		ldrd	r4, r5, [r0, #88]
 823 005a 6560     		str	r5, [r4, #4]
 824              	.L57:
1020:Drivers/STM32G4xx_HAL_Driver/Src/stm32g4xx_hal_dma.c **** 
 825              		.loc 1 1020 3 is_stmt 1 view .LVU326
1020:Drivers/STM32G4xx_HAL_Driver/Src/stm32g4xx_hal_dma.c **** 
 826              		.loc 1 1020 69 is_stmt 0 view .LVU327
 827 005c 446C     		ldr	r4, [r0, #68]
1020:Drivers/STM32G4xx_HAL_Driver/Src/stm32g4xx_hal_dma.c **** 
 828              		.loc 1 1020 46 view .LVU328
 829 005e 0125     		movs	r5, #1
1020:Drivers/STM32G4xx_HAL_Driver/Src/stm32g4xx_hal_dma.c **** 
 830              		.loc 1 1020 69 view .LVU329
 831 0060 04F01F04 		and	r4, r4, #31
1020:Drivers/STM32G4xx_HAL_Driver/Src/stm32g4xx_hal_dma.c **** 
ARM GAS  /tmp/ccTSPs4y.s 			page 40


 832              		.loc 1 1020 46 view .LVU330
 833 0064 05FA04F4 		lsl	r4, r5, r4
1020:Drivers/STM32G4xx_HAL_Driver/Src/stm32g4xx_hal_dma.c **** 
 834              		.loc 1 1020 30 view .LVU331
 835 0068 056C     		ldr	r5, [r0, #64]
 836 006a 6C60     		str	r4, [r5, #4]
1023:Drivers/STM32G4xx_HAL_Driver/Src/stm32g4xx_hal_dma.c **** 
 837              		.loc 1 1023 3 is_stmt 1 view .LVU332
1023:Drivers/STM32G4xx_HAL_Driver/Src/stm32g4xx_hal_dma.c **** 
 838              		.loc 1 1023 25 is_stmt 0 view .LVU333
 839 006c CCF80430 		str	r3, [ip, #4]
1026:Drivers/STM32G4xx_HAL_Driver/Src/stm32g4xx_hal_dma.c ****   {
 840              		.loc 1 1026 3 is_stmt 1 view .LVU334
1026:Drivers/STM32G4xx_HAL_Driver/Src/stm32g4xx_hal_dma.c ****   {
 841              		.loc 1 1026 6 is_stmt 0 view .LVU335
 842 0070 8368     		ldr	r3, [r0, #8]
 843              	.LVL39:
1026:Drivers/STM32G4xx_HAL_Driver/Src/stm32g4xx_hal_dma.c ****   {
 844              		.loc 1 1026 6 view .LVU336
 845 0072 102B     		cmp	r3, #16
1029:Drivers/STM32G4xx_HAL_Driver/Src/stm32g4xx_hal_dma.c **** 
 846              		.loc 1 1029 5 is_stmt 1 view .LVU337
 847              	.LBE24:
 848              	.LBE27:
 446:Drivers/STM32G4xx_HAL_Driver/Src/stm32g4xx_hal_dma.c ****     {
 849              		.loc 1 446 8 is_stmt 0 view .LVU338
 850 0074 036B     		ldr	r3, [r0, #48]
 851              	.LBB28:
 852              	.LBB25:
1029:Drivers/STM32G4xx_HAL_Driver/Src/stm32g4xx_hal_dma.c **** 
 853              		.loc 1 1029 26 view .LVU339
 854 0076 0BBF     		itete	eq
 855 0078 CCF80820 		streq	r2, [ip, #8]
1032:Drivers/STM32G4xx_HAL_Driver/Src/stm32g4xx_hal_dma.c ****   }
 856              		.loc 1 1032 5 is_stmt 1 view .LVU340
1038:Drivers/STM32G4xx_HAL_Driver/Src/stm32g4xx_hal_dma.c **** 
 857              		.loc 1 1038 26 is_stmt 0 view .LVU341
 858 007c CCF80810 		strne	r1, [ip, #8]
1032:Drivers/STM32G4xx_HAL_Driver/Src/stm32g4xx_hal_dma.c ****   }
 859              		.loc 1 1032 26 view .LVU342
 860 0080 CCF80C10 		streq	r1, [ip, #12]
1038:Drivers/STM32G4xx_HAL_Driver/Src/stm32g4xx_hal_dma.c **** 
 861              		.loc 1 1038 5 is_stmt 1 view .LVU343
1041:Drivers/STM32G4xx_HAL_Driver/Src/stm32g4xx_hal_dma.c ****   }
 862              		.loc 1 1041 5 view .LVU344
 863              	.LVL40:
1041:Drivers/STM32G4xx_HAL_Driver/Src/stm32g4xx_hal_dma.c ****   }
 864              		.loc 1 1041 5 is_stmt 0 view .LVU345
 865              	.LBE25:
 866              	.LBE28:
 446:Drivers/STM32G4xx_HAL_Driver/Src/stm32g4xx_hal_dma.c ****     {
 867              		.loc 1 446 5 is_stmt 1 view .LVU346
 868              	.LBB29:
 869              	.LBB26:
1041:Drivers/STM32G4xx_HAL_Driver/Src/stm32g4xx_hal_dma.c ****   }
 870              		.loc 1 1041 26 is_stmt 0 view .LVU347
 871 0084 CCF80C20 		strne	r2, [ip, #12]
ARM GAS  /tmp/ccTSPs4y.s 			page 41


 872              	.LBE26:
 873              	.LBE29:
 446:Drivers/STM32G4xx_HAL_Driver/Src/stm32g4xx_hal_dma.c ****     {
 874              		.loc 1 446 8 view .LVU348
 875 0088 F3B1     		cbz	r3, .L60
 449:Drivers/STM32G4xx_HAL_Driver/Src/stm32g4xx_hal_dma.c ****     }
 876              		.loc 1 449 7 is_stmt 1 view .LVU349
 877 008a DCF80030 		ldr	r3, [ip]
 878 008e 43F00E03 		orr	r3, r3, #14
 879 0092 CCF80030 		str	r3, [ip]
 880              	.LVL41:
 881              	.L61:
 458:Drivers/STM32G4xx_HAL_Driver/Src/stm32g4xx_hal_dma.c ****     {
 882              		.loc 1 458 5 view .LVU350
 458:Drivers/STM32G4xx_HAL_Driver/Src/stm32g4xx_hal_dma.c ****     {
 883              		.loc 1 458 14 is_stmt 0 view .LVU351
 884 0096 836C     		ldr	r3, [r0, #72]
 458:Drivers/STM32G4xx_HAL_Driver/Src/stm32g4xx_hal_dma.c ****     {
 885              		.loc 1 458 29 view .LVU352
 886 0098 1A68     		ldr	r2, [r3]
 887              	.LVL42:
 458:Drivers/STM32G4xx_HAL_Driver/Src/stm32g4xx_hal_dma.c ****     {
 888              		.loc 1 458 8 view .LVU353
 889 009a D203     		lsls	r2, r2, #15
 890 009c 03D5     		bpl	.L62
 461:Drivers/STM32G4xx_HAL_Driver/Src/stm32g4xx_hal_dma.c ****     }
 891              		.loc 1 461 7 is_stmt 1 view .LVU354
 461:Drivers/STM32G4xx_HAL_Driver/Src/stm32g4xx_hal_dma.c ****     }
 892              		.loc 1 461 26 is_stmt 0 view .LVU355
 893 009e 1A68     		ldr	r2, [r3]
 461:Drivers/STM32G4xx_HAL_Driver/Src/stm32g4xx_hal_dma.c ****     }
 894              		.loc 1 461 32 view .LVU356
 895 00a0 42F48072 		orr	r2, r2, #256
 896 00a4 1A60     		str	r2, [r3]
 897              	.L62:
 464:Drivers/STM32G4xx_HAL_Driver/Src/stm32g4xx_hal_dma.c ****     {
 898              		.loc 1 464 5 is_stmt 1 view .LVU357
 464:Drivers/STM32G4xx_HAL_Driver/Src/stm32g4xx_hal_dma.c ****     {
 899              		.loc 1 464 8 is_stmt 0 view .LVU358
 900 00a6 BEF1000F 		cmp	lr, #0
 901 00aa 05D0     		beq	.L63
 468:Drivers/STM32G4xx_HAL_Driver/Src/stm32g4xx_hal_dma.c ****     }
 902              		.loc 1 468 7 is_stmt 1 view .LVU359
 468:Drivers/STM32G4xx_HAL_Driver/Src/stm32g4xx_hal_dma.c ****     }
 903              		.loc 1 468 29 is_stmt 0 view .LVU360
 904 00ac DEF80030 		ldr	r3, [lr]
 468:Drivers/STM32G4xx_HAL_Driver/Src/stm32g4xx_hal_dma.c ****     }
 905              		.loc 1 468 36 view .LVU361
 906 00b0 43F48073 		orr	r3, r3, #256
 907 00b4 CEF80030 		str	r3, [lr]
 908              	.L63:
 472:Drivers/STM32G4xx_HAL_Driver/Src/stm32g4xx_hal_dma.c ****   }
 909              		.loc 1 472 5 is_stmt 1 view .LVU362
 910 00b8 DCF80030 		ldr	r3, [ip]
 911 00bc 43F00103 		orr	r3, r3, #1
 424:Drivers/STM32G4xx_HAL_Driver/Src/stm32g4xx_hal_dma.c **** 
 912              		.loc 1 424 21 is_stmt 0 view .LVU363
ARM GAS  /tmp/ccTSPs4y.s 			page 42


 913 00c0 0020     		movs	r0, #0
 914              	.LVL43:
 472:Drivers/STM32G4xx_HAL_Driver/Src/stm32g4xx_hal_dma.c ****   }
 915              		.loc 1 472 5 view .LVU364
 916 00c2 CCF80030 		str	r3, [ip]
 917              	.LVL44:
 483:Drivers/STM32G4xx_HAL_Driver/Src/stm32g4xx_hal_dma.c **** 
 918              		.loc 1 483 1 view .LVU365
 919 00c6 30BD     		pop	{r4, r5, pc}
 920              	.LVL45:
 921              	.L60:
 453:Drivers/STM32G4xx_HAL_Driver/Src/stm32g4xx_hal_dma.c ****       __HAL_DMA_ENABLE_IT(hdma, (DMA_IT_TC | DMA_IT_TE));
 922              		.loc 1 453 7 is_stmt 1 view .LVU366
 923 00c8 DCF80030 		ldr	r3, [ip]
 924 00cc 23F00403 		bic	r3, r3, #4
 925 00d0 CCF80030 		str	r3, [ip]
 926              	.LVL46:
 454:Drivers/STM32G4xx_HAL_Driver/Src/stm32g4xx_hal_dma.c ****     }
 927              		.loc 1 454 7 view .LVU367
 928 00d4 DCF80030 		ldr	r3, [ip]
 929 00d8 43F00A03 		orr	r3, r3, #10
 930 00dc CCF80030 		str	r3, [ip]
 931 00e0 D9E7     		b	.L61
 932              		.cfi_endproc
 933              	.LFE332:
 935 00e2 00BF     		.section	.text.HAL_DMA_Abort,"ax",%progbits
 936              		.align	1
 937              		.p2align 2,,3
 938              		.global	HAL_DMA_Abort
 939              		.syntax unified
 940              		.thumb
 941              		.thumb_func
 943              	HAL_DMA_Abort:
 944              	.LVL47:
 945              	.LFB333:
 492:Drivers/STM32G4xx_HAL_Driver/Src/stm32g4xx_hal_dma.c ****   HAL_StatusTypeDef status = HAL_OK;
 946              		.loc 1 492 1 view -0
 947              		.cfi_startproc
 948              		@ args = 0, pretend = 0, frame = 0
 949              		@ frame_needed = 0, uses_anonymous_args = 0
 493:Drivers/STM32G4xx_HAL_Driver/Src/stm32g4xx_hal_dma.c **** 
 950              		.loc 1 493 3 view .LVU369
 496:Drivers/STM32G4xx_HAL_Driver/Src/stm32g4xx_hal_dma.c ****   {
 951              		.loc 1 496 3 view .LVU370
 496:Drivers/STM32G4xx_HAL_Driver/Src/stm32g4xx_hal_dma.c ****   {
 952              		.loc 1 496 6 is_stmt 0 view .LVU371
 953 0000 0028     		cmp	r0, #0
 954 0002 39D0     		beq	.L85
 492:Drivers/STM32G4xx_HAL_Driver/Src/stm32g4xx_hal_dma.c ****   HAL_StatusTypeDef status = HAL_OK;
 955              		.loc 1 492 1 view .LVU372
 956 0004 00B5     		push	{lr}
 957              	.LCFI10:
 958              		.cfi_def_cfa_offset 4
 959              		.cfi_offset 14, -4
 501:Drivers/STM32G4xx_HAL_Driver/Src/stm32g4xx_hal_dma.c ****   {
 960              		.loc 1 501 11 view .LVU373
 961 0006 90F82520 		ldrb	r2, [r0, #37]	@ zero_extendqisi2
ARM GAS  /tmp/ccTSPs4y.s 			page 43


 501:Drivers/STM32G4xx_HAL_Driver/Src/stm32g4xx_hal_dma.c ****   {
 962              		.loc 1 501 6 view .LVU374
 963 000a 022A     		cmp	r2, #2
 964 000c 0346     		mov	r3, r0
 501:Drivers/STM32G4xx_HAL_Driver/Src/stm32g4xx_hal_dma.c ****   {
 965              		.loc 1 501 3 is_stmt 1 view .LVU375
 501:Drivers/STM32G4xx_HAL_Driver/Src/stm32g4xx_hal_dma.c ****   {
 966              		.loc 1 501 6 is_stmt 0 view .LVU376
 967 000e 09D0     		beq	.L81
 504:Drivers/STM32G4xx_HAL_Driver/Src/stm32g4xx_hal_dma.c **** 
 968              		.loc 1 504 5 is_stmt 1 view .LVU377
 504:Drivers/STM32G4xx_HAL_Driver/Src/stm32g4xx_hal_dma.c **** 
 969              		.loc 1 504 21 is_stmt 0 view .LVU378
 970 0010 0422     		movs	r2, #4
 971 0012 C263     		str	r2, [r0, #60]
 506:Drivers/STM32G4xx_HAL_Driver/Src/stm32g4xx_hal_dma.c ****   }
 972              		.loc 1 506 5 is_stmt 1 view .LVU379
 973              	.LVL48:
 506:Drivers/STM32G4xx_HAL_Driver/Src/stm32g4xx_hal_dma.c ****   }
 974              		.loc 1 506 12 is_stmt 0 view .LVU380
 975 0014 0120     		movs	r0, #1
 976              	.LVL49:
 977              	.L82:
 536:Drivers/STM32G4xx_HAL_Driver/Src/stm32g4xx_hal_dma.c **** 
 978              		.loc 1 536 3 is_stmt 1 view .LVU381
 536:Drivers/STM32G4xx_HAL_Driver/Src/stm32g4xx_hal_dma.c **** 
 979              		.loc 1 536 15 is_stmt 0 view .LVU382
 980 0016 0121     		movs	r1, #1
 539:Drivers/STM32G4xx_HAL_Driver/Src/stm32g4xx_hal_dma.c **** 
 981              		.loc 1 539 3 view .LVU383
 982 0018 0022     		movs	r2, #0
 536:Drivers/STM32G4xx_HAL_Driver/Src/stm32g4xx_hal_dma.c **** 
 983              		.loc 1 536 15 view .LVU384
 984 001a 83F82510 		strb	r1, [r3, #37]
 539:Drivers/STM32G4xx_HAL_Driver/Src/stm32g4xx_hal_dma.c **** 
 985              		.loc 1 539 3 is_stmt 1 view .LVU385
 539:Drivers/STM32G4xx_HAL_Driver/Src/stm32g4xx_hal_dma.c **** 
 986              		.loc 1 539 3 view .LVU386
 987 001e 83F82420 		strb	r2, [r3, #36]
 539:Drivers/STM32G4xx_HAL_Driver/Src/stm32g4xx_hal_dma.c **** 
 988              		.loc 1 539 3 view .LVU387
 541:Drivers/STM32G4xx_HAL_Driver/Src/stm32g4xx_hal_dma.c **** }
 989              		.loc 1 541 3 view .LVU388
 542:Drivers/STM32G4xx_HAL_Driver/Src/stm32g4xx_hal_dma.c **** 
 990              		.loc 1 542 1 is_stmt 0 view .LVU389
 991 0022 00BD     		pop	{pc}
 992              	.LVL50:
 993              	.L81:
 511:Drivers/STM32G4xx_HAL_Driver/Src/stm32g4xx_hal_dma.c **** 
 994              		.loc 1 511 5 is_stmt 1 view .LVU390
 995 0024 0268     		ldr	r2, [r0]
 517:Drivers/STM32G4xx_HAL_Driver/Src/stm32g4xx_hal_dma.c **** 
 996              		.loc 1 517 9 is_stmt 0 view .LVU391
 997 0026 D0F848C0 		ldr	ip, [r0, #72]
 511:Drivers/STM32G4xx_HAL_Driver/Src/stm32g4xx_hal_dma.c **** 
 998              		.loc 1 511 5 view .LVU392
 999 002a 1068     		ldr	r0, [r2]
ARM GAS  /tmp/ccTSPs4y.s 			page 44


 1000              	.LVL51:
 520:Drivers/STM32G4xx_HAL_Driver/Src/stm32g4xx_hal_dma.c **** 
 1001              		.loc 1 520 71 view .LVU393
 1002 002c 596C     		ldr	r1, [r3, #68]
 520:Drivers/STM32G4xx_HAL_Driver/Src/stm32g4xx_hal_dma.c **** 
 1003              		.loc 1 520 9 view .LVU394
 1004 002e D3F840E0 		ldr	lr, [r3, #64]
 511:Drivers/STM32G4xx_HAL_Driver/Src/stm32g4xx_hal_dma.c **** 
 1005              		.loc 1 511 5 view .LVU395
 1006 0032 20F00100 		bic	r0, r0, #1
 1007 0036 1060     		str	r0, [r2]
 514:Drivers/STM32G4xx_HAL_Driver/Src/stm32g4xx_hal_dma.c **** 
 1008              		.loc 1 514 5 is_stmt 1 view .LVU396
 1009 0038 1068     		ldr	r0, [r2]
 1010 003a 20F00E00 		bic	r0, r0, #14
 1011 003e 1060     		str	r0, [r2]
 517:Drivers/STM32G4xx_HAL_Driver/Src/stm32g4xx_hal_dma.c **** 
 1012              		.loc 1 517 5 view .LVU397
 517:Drivers/STM32G4xx_HAL_Driver/Src/stm32g4xx_hal_dma.c **** 
 1013              		.loc 1 517 24 is_stmt 0 view .LVU398
 1014 0040 DCF80020 		ldr	r2, [ip]
 523:Drivers/STM32G4xx_HAL_Driver/Src/stm32g4xx_hal_dma.c **** 
 1015              		.loc 1 523 9 view .LVU399
 1016 0044 D86C     		ldr	r0, [r3, #76]
 517:Drivers/STM32G4xx_HAL_Driver/Src/stm32g4xx_hal_dma.c **** 
 1017              		.loc 1 517 30 view .LVU400
 1018 0046 22F48072 		bic	r2, r2, #256
 1019 004a CCF80020 		str	r2, [ip]
 520:Drivers/STM32G4xx_HAL_Driver/Src/stm32g4xx_hal_dma.c **** 
 1020              		.loc 1 520 5 is_stmt 1 view .LVU401
 520:Drivers/STM32G4xx_HAL_Driver/Src/stm32g4xx_hal_dma.c **** 
 1021              		.loc 1 520 71 is_stmt 0 view .LVU402
 1022 004e 01F01F01 		and	r1, r1, #31
 520:Drivers/STM32G4xx_HAL_Driver/Src/stm32g4xx_hal_dma.c **** 
 1023              		.loc 1 520 48 view .LVU403
 1024 0052 0122     		movs	r2, #1
 1025 0054 8A40     		lsls	r2, r2, r1
 523:Drivers/STM32G4xx_HAL_Driver/Src/stm32g4xx_hal_dma.c **** 
 1026              		.loc 1 523 42 view .LVU404
 1027 0056 D3E914C1 		ldrd	ip, r1, [r3, #80]
 520:Drivers/STM32G4xx_HAL_Driver/Src/stm32g4xx_hal_dma.c **** 
 1028              		.loc 1 520 32 view .LVU405
 1029 005a CEF80420 		str	r2, [lr, #4]
 523:Drivers/STM32G4xx_HAL_Driver/Src/stm32g4xx_hal_dma.c **** 
 1030              		.loc 1 523 5 is_stmt 1 view .LVU406
 523:Drivers/STM32G4xx_HAL_Driver/Src/stm32g4xx_hal_dma.c **** 
 1031              		.loc 1 523 36 is_stmt 0 view .LVU407
 1032 005e C0F804C0 		str	ip, [r0, #4]
 525:Drivers/STM32G4xx_HAL_Driver/Src/stm32g4xx_hal_dma.c ****     {
 1033              		.loc 1 525 5 is_stmt 1 view .LVU408
 525:Drivers/STM32G4xx_HAL_Driver/Src/stm32g4xx_hal_dma.c ****     {
 1034              		.loc 1 525 8 is_stmt 0 view .LVU409
 1035 0062 39B1     		cbz	r1, .L84
 529:Drivers/STM32G4xx_HAL_Driver/Src/stm32g4xx_hal_dma.c **** 
 1036              		.loc 1 529 7 is_stmt 1 view .LVU410
 529:Drivers/STM32G4xx_HAL_Driver/Src/stm32g4xx_hal_dma.c **** 
 1037              		.loc 1 529 29 is_stmt 0 view .LVU411
ARM GAS  /tmp/ccTSPs4y.s 			page 45


 1038 0064 0A68     		ldr	r2, [r1]
 532:Drivers/STM32G4xx_HAL_Driver/Src/stm32g4xx_hal_dma.c ****     }
 1039              		.loc 1 532 49 view .LVU412
 1040 0066 D3E9160C 		ldrd	r0, ip, [r3, #88]
 529:Drivers/STM32G4xx_HAL_Driver/Src/stm32g4xx_hal_dma.c **** 
 1041              		.loc 1 529 36 view .LVU413
 1042 006a 22F48072 		bic	r2, r2, #256
 1043 006e 0A60     		str	r2, [r1]
 532:Drivers/STM32G4xx_HAL_Driver/Src/stm32g4xx_hal_dma.c ****     }
 1044              		.loc 1 532 7 is_stmt 1 view .LVU414
 532:Drivers/STM32G4xx_HAL_Driver/Src/stm32g4xx_hal_dma.c ****     }
 1045              		.loc 1 532 43 is_stmt 0 view .LVU415
 1046 0070 C0F804C0 		str	ip, [r0, #4]
 1047              	.L84:
 493:Drivers/STM32G4xx_HAL_Driver/Src/stm32g4xx_hal_dma.c **** 
 1048              		.loc 1 493 21 view .LVU416
 1049 0074 0020     		movs	r0, #0
 1050 0076 CEE7     		b	.L82
 1051              	.LVL52:
 1052              	.L85:
 1053              	.LCFI11:
 1054              		.cfi_def_cfa_offset 0
 1055              		.cfi_restore 14
 498:Drivers/STM32G4xx_HAL_Driver/Src/stm32g4xx_hal_dma.c ****   }
 1056              		.loc 1 498 12 view .LVU417
 1057 0078 0120     		movs	r0, #1
 1058              	.LVL53:
 542:Drivers/STM32G4xx_HAL_Driver/Src/stm32g4xx_hal_dma.c **** 
 1059              		.loc 1 542 1 view .LVU418
 1060 007a 7047     		bx	lr
 1061              		.cfi_endproc
 1062              	.LFE333:
 1064              		.section	.text.HAL_DMA_Abort_IT,"ax",%progbits
 1065              		.align	1
 1066              		.p2align 2,,3
 1067              		.global	HAL_DMA_Abort_IT
 1068              		.syntax unified
 1069              		.thumb
 1070              		.thumb_func
 1072              	HAL_DMA_Abort_IT:
 1073              	.LVL54:
 1074              	.LFB334:
 551:Drivers/STM32G4xx_HAL_Driver/Src/stm32g4xx_hal_dma.c ****   HAL_StatusTypeDef status = HAL_OK;
 1075              		.loc 1 551 1 is_stmt 1 view -0
 1076              		.cfi_startproc
 1077              		@ args = 0, pretend = 0, frame = 0
 1078              		@ frame_needed = 0, uses_anonymous_args = 0
 552:Drivers/STM32G4xx_HAL_Driver/Src/stm32g4xx_hal_dma.c **** 
 1079              		.loc 1 552 3 view .LVU420
 554:Drivers/STM32G4xx_HAL_Driver/Src/stm32g4xx_hal_dma.c ****   {
 1080              		.loc 1 554 3 view .LVU421
 551:Drivers/STM32G4xx_HAL_Driver/Src/stm32g4xx_hal_dma.c ****   HAL_StatusTypeDef status = HAL_OK;
 1081              		.loc 1 551 1 is_stmt 0 view .LVU422
 1082 0000 08B5     		push	{r3, lr}
 1083              	.LCFI12:
 1084              		.cfi_def_cfa_offset 8
 1085              		.cfi_offset 3, -8
ARM GAS  /tmp/ccTSPs4y.s 			page 46


 1086              		.cfi_offset 14, -4
 554:Drivers/STM32G4xx_HAL_Driver/Src/stm32g4xx_hal_dma.c ****   {
 1087              		.loc 1 554 33 view .LVU423
 1088 0002 90F82530 		ldrb	r3, [r0, #37]	@ zero_extendqisi2
 554:Drivers/STM32G4xx_HAL_Driver/Src/stm32g4xx_hal_dma.c ****   {
 1089              		.loc 1 554 6 view .LVU424
 1090 0006 022B     		cmp	r3, #2
 1091 0008 09D0     		beq	.L91
 557:Drivers/STM32G4xx_HAL_Driver/Src/stm32g4xx_hal_dma.c **** 
 1092              		.loc 1 557 5 is_stmt 1 view .LVU425
 560:Drivers/STM32G4xx_HAL_Driver/Src/stm32g4xx_hal_dma.c **** 
 1093              		.loc 1 560 17 is_stmt 0 view .LVU426
 1094 000a 0123     		movs	r3, #1
 557:Drivers/STM32G4xx_HAL_Driver/Src/stm32g4xx_hal_dma.c **** 
 1095              		.loc 1 557 21 view .LVU427
 1096 000c 0421     		movs	r1, #4
 563:Drivers/STM32G4xx_HAL_Driver/Src/stm32g4xx_hal_dma.c **** 
 1097              		.loc 1 563 5 view .LVU428
 1098 000e 0022     		movs	r2, #0
 557:Drivers/STM32G4xx_HAL_Driver/Src/stm32g4xx_hal_dma.c **** 
 1099              		.loc 1 557 21 view .LVU429
 1100 0010 C163     		str	r1, [r0, #60]
 560:Drivers/STM32G4xx_HAL_Driver/Src/stm32g4xx_hal_dma.c **** 
 1101              		.loc 1 560 5 is_stmt 1 view .LVU430
 563:Drivers/STM32G4xx_HAL_Driver/Src/stm32g4xx_hal_dma.c **** 
 1102              		.loc 1 563 5 is_stmt 0 view .LVU431
 1103 0012 80F82420 		strb	r2, [r0, #36]
 560:Drivers/STM32G4xx_HAL_Driver/Src/stm32g4xx_hal_dma.c **** 
 1104              		.loc 1 560 17 view .LVU432
 1105 0016 80F82530 		strb	r3, [r0, #37]
 563:Drivers/STM32G4xx_HAL_Driver/Src/stm32g4xx_hal_dma.c **** 
 1106              		.loc 1 563 5 is_stmt 1 view .LVU433
 563:Drivers/STM32G4xx_HAL_Driver/Src/stm32g4xx_hal_dma.c **** 
 1107              		.loc 1 563 5 view .LVU434
 563:Drivers/STM32G4xx_HAL_Driver/Src/stm32g4xx_hal_dma.c **** 
 1108              		.loc 1 563 5 view .LVU435
 565:Drivers/STM32G4xx_HAL_Driver/Src/stm32g4xx_hal_dma.c ****   }
 1109              		.loc 1 565 5 view .LVU436
 1110              	.LVL55:
 565:Drivers/STM32G4xx_HAL_Driver/Src/stm32g4xx_hal_dma.c ****   }
 1111              		.loc 1 565 12 is_stmt 0 view .LVU437
 1112 001a 1846     		mov	r0, r3
 1113              	.LVL56:
 607:Drivers/STM32G4xx_HAL_Driver/Src/stm32g4xx_hal_dma.c **** }
 1114              		.loc 1 607 3 is_stmt 1 view .LVU438
 608:Drivers/STM32G4xx_HAL_Driver/Src/stm32g4xx_hal_dma.c **** 
 1115              		.loc 1 608 1 is_stmt 0 view .LVU439
 1116 001c 08BD     		pop	{r3, pc}
 1117              	.LVL57:
 1118              	.L91:
 571:Drivers/STM32G4xx_HAL_Driver/Src/stm32g4xx_hal_dma.c **** 
 1119              		.loc 1 571 5 is_stmt 1 view .LVU440
 1120 001e 0368     		ldr	r3, [r0]
 577:Drivers/STM32G4xx_HAL_Driver/Src/stm32g4xx_hal_dma.c **** 
 1121              		.loc 1 577 9 is_stmt 0 view .LVU441
 1122 0020 D0F848C0 		ldr	ip, [r0, #72]
 571:Drivers/STM32G4xx_HAL_Driver/Src/stm32g4xx_hal_dma.c **** 
ARM GAS  /tmp/ccTSPs4y.s 			page 47


 1123              		.loc 1 571 5 view .LVU442
 1124 0024 1968     		ldr	r1, [r3]
 580:Drivers/STM32G4xx_HAL_Driver/Src/stm32g4xx_hal_dma.c **** 
 1125              		.loc 1 580 71 view .LVU443
 1126 0026 426C     		ldr	r2, [r0, #68]
 580:Drivers/STM32G4xx_HAL_Driver/Src/stm32g4xx_hal_dma.c **** 
 1127              		.loc 1 580 9 view .LVU444
 1128 0028 D0F840E0 		ldr	lr, [r0, #64]
 571:Drivers/STM32G4xx_HAL_Driver/Src/stm32g4xx_hal_dma.c **** 
 1129              		.loc 1 571 5 view .LVU445
 1130 002c 21F00101 		bic	r1, r1, #1
 1131 0030 1960     		str	r1, [r3]
 574:Drivers/STM32G4xx_HAL_Driver/Src/stm32g4xx_hal_dma.c **** 
 1132              		.loc 1 574 5 is_stmt 1 view .LVU446
 1133 0032 1968     		ldr	r1, [r3]
 1134 0034 21F00E01 		bic	r1, r1, #14
 1135 0038 1960     		str	r1, [r3]
 577:Drivers/STM32G4xx_HAL_Driver/Src/stm32g4xx_hal_dma.c **** 
 1136              		.loc 1 577 5 view .LVU447
 577:Drivers/STM32G4xx_HAL_Driver/Src/stm32g4xx_hal_dma.c **** 
 1137              		.loc 1 577 24 is_stmt 0 view .LVU448
 1138 003a DCF80030 		ldr	r3, [ip]
 583:Drivers/STM32G4xx_HAL_Driver/Src/stm32g4xx_hal_dma.c **** 
 1139              		.loc 1 583 9 view .LVU449
 1140 003e C16C     		ldr	r1, [r0, #76]
 577:Drivers/STM32G4xx_HAL_Driver/Src/stm32g4xx_hal_dma.c **** 
 1141              		.loc 1 577 30 view .LVU450
 1142 0040 23F48073 		bic	r3, r3, #256
 1143 0044 CCF80030 		str	r3, [ip]
 580:Drivers/STM32G4xx_HAL_Driver/Src/stm32g4xx_hal_dma.c **** 
 1144              		.loc 1 580 5 is_stmt 1 view .LVU451
 580:Drivers/STM32G4xx_HAL_Driver/Src/stm32g4xx_hal_dma.c **** 
 1145              		.loc 1 580 71 is_stmt 0 view .LVU452
 1146 0048 02F01F02 		and	r2, r2, #31
 580:Drivers/STM32G4xx_HAL_Driver/Src/stm32g4xx_hal_dma.c **** 
 1147              		.loc 1 580 48 view .LVU453
 1148 004c 0123     		movs	r3, #1
 1149 004e 9340     		lsls	r3, r3, r2
 583:Drivers/STM32G4xx_HAL_Driver/Src/stm32g4xx_hal_dma.c **** 
 1150              		.loc 1 583 42 view .LVU454
 1151 0050 D0E914C2 		ldrd	ip, r2, [r0, #80]
 580:Drivers/STM32G4xx_HAL_Driver/Src/stm32g4xx_hal_dma.c **** 
 1152              		.loc 1 580 32 view .LVU455
 1153 0054 CEF80430 		str	r3, [lr, #4]
 583:Drivers/STM32G4xx_HAL_Driver/Src/stm32g4xx_hal_dma.c **** 
 1154              		.loc 1 583 5 is_stmt 1 view .LVU456
 583:Drivers/STM32G4xx_HAL_Driver/Src/stm32g4xx_hal_dma.c **** 
 1155              		.loc 1 583 36 is_stmt 0 view .LVU457
 1156 0058 C1F804C0 		str	ip, [r1, #4]
 585:Drivers/STM32G4xx_HAL_Driver/Src/stm32g4xx_hal_dma.c ****     {
 1157              		.loc 1 585 5 is_stmt 1 view .LVU458
 585:Drivers/STM32G4xx_HAL_Driver/Src/stm32g4xx_hal_dma.c ****     {
 1158              		.loc 1 585 8 is_stmt 0 view .LVU459
 1159 005c 3AB1     		cbz	r2, .L93
 589:Drivers/STM32G4xx_HAL_Driver/Src/stm32g4xx_hal_dma.c **** 
 1160              		.loc 1 589 7 is_stmt 1 view .LVU460
 589:Drivers/STM32G4xx_HAL_Driver/Src/stm32g4xx_hal_dma.c **** 
ARM GAS  /tmp/ccTSPs4y.s 			page 48


 1161              		.loc 1 589 29 is_stmt 0 view .LVU461
 1162 005e 1368     		ldr	r3, [r2]
 592:Drivers/STM32G4xx_HAL_Driver/Src/stm32g4xx_hal_dma.c ****     }
 1163              		.loc 1 592 49 view .LVU462
 1164 0060 D0E9161C 		ldrd	r1, ip, [r0, #88]
 589:Drivers/STM32G4xx_HAL_Driver/Src/stm32g4xx_hal_dma.c **** 
 1165              		.loc 1 589 36 view .LVU463
 1166 0064 23F48073 		bic	r3, r3, #256
 1167 0068 1360     		str	r3, [r2]
 592:Drivers/STM32G4xx_HAL_Driver/Src/stm32g4xx_hal_dma.c ****     }
 1168              		.loc 1 592 7 is_stmt 1 view .LVU464
 592:Drivers/STM32G4xx_HAL_Driver/Src/stm32g4xx_hal_dma.c ****     }
 1169              		.loc 1 592 43 is_stmt 0 view .LVU465
 1170 006a C1F804C0 		str	ip, [r1, #4]
 1171              	.L93:
 596:Drivers/STM32G4xx_HAL_Driver/Src/stm32g4xx_hal_dma.c **** 
 1172              		.loc 1 596 5 is_stmt 1 view .LVU466
 602:Drivers/STM32G4xx_HAL_Driver/Src/stm32g4xx_hal_dma.c ****     {
 1173              		.loc 1 602 13 is_stmt 0 view .LVU467
 1174 006e 836B     		ldr	r3, [r0, #56]
 596:Drivers/STM32G4xx_HAL_Driver/Src/stm32g4xx_hal_dma.c **** 
 1175              		.loc 1 596 17 view .LVU468
 1176 0070 0121     		movs	r1, #1
 599:Drivers/STM32G4xx_HAL_Driver/Src/stm32g4xx_hal_dma.c **** 
 1177              		.loc 1 599 5 view .LVU469
 1178 0072 0022     		movs	r2, #0
 596:Drivers/STM32G4xx_HAL_Driver/Src/stm32g4xx_hal_dma.c **** 
 1179              		.loc 1 596 17 view .LVU470
 1180 0074 80F82510 		strb	r1, [r0, #37]
 599:Drivers/STM32G4xx_HAL_Driver/Src/stm32g4xx_hal_dma.c **** 
 1181              		.loc 1 599 5 is_stmt 1 view .LVU471
 599:Drivers/STM32G4xx_HAL_Driver/Src/stm32g4xx_hal_dma.c **** 
 1182              		.loc 1 599 5 view .LVU472
 1183 0078 80F82420 		strb	r2, [r0, #36]
 599:Drivers/STM32G4xx_HAL_Driver/Src/stm32g4xx_hal_dma.c **** 
 1184              		.loc 1 599 5 view .LVU473
 602:Drivers/STM32G4xx_HAL_Driver/Src/stm32g4xx_hal_dma.c ****     {
 1185              		.loc 1 602 5 view .LVU474
 602:Drivers/STM32G4xx_HAL_Driver/Src/stm32g4xx_hal_dma.c ****     {
 1186              		.loc 1 602 8 is_stmt 0 view .LVU475
 1187 007c 03B1     		cbz	r3, .L95
 604:Drivers/STM32G4xx_HAL_Driver/Src/stm32g4xx_hal_dma.c ****     }
 1188              		.loc 1 604 7 is_stmt 1 view .LVU476
 1189 007e 9847     		blx	r3
 1190              	.LVL58:
 1191              	.L95:
 552:Drivers/STM32G4xx_HAL_Driver/Src/stm32g4xx_hal_dma.c **** 
 1192              		.loc 1 552 21 is_stmt 0 view .LVU477
 1193 0080 0020     		movs	r0, #0
 1194              	.LVL59:
 607:Drivers/STM32G4xx_HAL_Driver/Src/stm32g4xx_hal_dma.c **** }
 1195              		.loc 1 607 3 is_stmt 1 view .LVU478
 608:Drivers/STM32G4xx_HAL_Driver/Src/stm32g4xx_hal_dma.c **** 
 1196              		.loc 1 608 1 is_stmt 0 view .LVU479
 1197 0082 08BD     		pop	{r3, pc}
 1198              		.cfi_endproc
 1199              	.LFE334:
ARM GAS  /tmp/ccTSPs4y.s 			page 49


 1201              		.section	.text.HAL_DMA_PollForTransfer,"ax",%progbits
 1202              		.align	1
 1203              		.p2align 2,,3
 1204              		.global	HAL_DMA_PollForTransfer
 1205              		.syntax unified
 1206              		.thumb
 1207              		.thumb_func
 1209              	HAL_DMA_PollForTransfer:
 1210              	.LVL60:
 1211              	.LFB335:
 620:Drivers/STM32G4xx_HAL_Driver/Src/stm32g4xx_hal_dma.c ****   uint32_t temp;
 1212              		.loc 1 620 1 is_stmt 1 view -0
 1213              		.cfi_startproc
 1214              		@ args = 0, pretend = 0, frame = 8
 1215              		@ frame_needed = 0, uses_anonymous_args = 0
 621:Drivers/STM32G4xx_HAL_Driver/Src/stm32g4xx_hal_dma.c ****   uint32_t tickstart;
 1216              		.loc 1 621 3 view .LVU481
 622:Drivers/STM32G4xx_HAL_Driver/Src/stm32g4xx_hal_dma.c **** 
 1217              		.loc 1 622 3 view .LVU482
 624:Drivers/STM32G4xx_HAL_Driver/Src/stm32g4xx_hal_dma.c ****   {
 1218              		.loc 1 624 3 view .LVU483
 624:Drivers/STM32G4xx_HAL_Driver/Src/stm32g4xx_hal_dma.c ****   {
 1219              		.loc 1 624 33 is_stmt 0 view .LVU484
 1220 0000 90F82530 		ldrb	r3, [r0, #37]	@ zero_extendqisi2
 624:Drivers/STM32G4xx_HAL_Driver/Src/stm32g4xx_hal_dma.c ****   {
 1221              		.loc 1 624 6 view .LVU485
 1222 0004 022B     		cmp	r3, #2
 1223 0006 57D1     		bne	.L133
 633:Drivers/STM32G4xx_HAL_Driver/Src/stm32g4xx_hal_dma.c ****   {
 1224              		.loc 1 633 3 is_stmt 1 view .LVU486
 620:Drivers/STM32G4xx_HAL_Driver/Src/stm32g4xx_hal_dma.c ****   uint32_t temp;
 1225              		.loc 1 620 1 is_stmt 0 view .LVU487
 1226 0008 F0B5     		push	{r4, r5, r6, r7, lr}
 1227              	.LCFI13:
 1228              		.cfi_def_cfa_offset 20
 1229              		.cfi_offset 4, -20
 1230              		.cfi_offset 5, -16
 1231              		.cfi_offset 6, -12
 1232              		.cfi_offset 7, -8
 1233              		.cfi_offset 14, -4
 633:Drivers/STM32G4xx_HAL_Driver/Src/stm32g4xx_hal_dma.c ****   {
 1234              		.loc 1 633 18 view .LVU488
 1235 000a 0468     		ldr	r4, [r0]
 633:Drivers/STM32G4xx_HAL_Driver/Src/stm32g4xx_hal_dma.c ****   {
 1236              		.loc 1 633 28 view .LVU489
 1237 000c 2468     		ldr	r4, [r4]
 633:Drivers/STM32G4xx_HAL_Driver/Src/stm32g4xx_hal_dma.c ****   {
 1238              		.loc 1 633 6 view .LVU490
 1239 000e A406     		lsls	r4, r4, #26
 620:Drivers/STM32G4xx_HAL_Driver/Src/stm32g4xx_hal_dma.c ****   uint32_t temp;
 1240              		.loc 1 620 1 view .LVU491
 1241 0010 83B0     		sub	sp, sp, #12
 1242              	.LCFI14:
 1243              		.cfi_def_cfa_offset 32
 633:Drivers/STM32G4xx_HAL_Driver/Src/stm32g4xx_hal_dma.c ****   {
 1244              		.loc 1 633 6 view .LVU492
 1245 0012 58D4     		bmi	.L135
ARM GAS  /tmp/ccTSPs4y.s 			page 50


 640:Drivers/STM32G4xx_HAL_Driver/Src/stm32g4xx_hal_dma.c ****   {
 1246              		.loc 1 640 3 is_stmt 1 view .LVU493
 649:Drivers/STM32G4xx_HAL_Driver/Src/stm32g4xx_hal_dma.c ****   }
 1247              		.loc 1 649 58 is_stmt 0 view .LVU494
 1248 0014 446C     		ldr	r4, [r0, #68]
 1249 0016 04F01F04 		and	r4, r4, #31
 640:Drivers/STM32G4xx_HAL_Driver/Src/stm32g4xx_hal_dma.c ****   {
 1250              		.loc 1 640 6 view .LVU495
 1251 001a 0029     		cmp	r1, #0
 1252 001c 59D1     		bne	.L105
 1253              	.L134:
 1254 001e 1546     		mov	r5, r2
 1255 0020 0E46     		mov	r6, r1
 649:Drivers/STM32G4xx_HAL_Driver/Src/stm32g4xx_hal_dma.c ****   }
 1256              		.loc 1 649 10 view .LVU496
 1257 0022 03FA04F4 		lsl	r4, r3, r4
 1258 0026 0190     		str	r0, [sp, #4]
 1259              	.LVL61:
 653:Drivers/STM32G4xx_HAL_Driver/Src/stm32g4xx_hal_dma.c **** 
 1260              		.loc 1 653 3 is_stmt 1 view .LVU497
 653:Drivers/STM32G4xx_HAL_Driver/Src/stm32g4xx_hal_dma.c **** 
 1261              		.loc 1 653 15 is_stmt 0 view .LVU498
 1262 0028 FFF7FEFF 		bl	HAL_GetTick
 1263              	.LVL62:
 655:Drivers/STM32G4xx_HAL_Driver/Src/stm32g4xx_hal_dma.c ****   {
 1264              		.loc 1 655 9 view .LVU499
 1265 002c 0199     		ldr	r1, [sp, #4]
 653:Drivers/STM32G4xx_HAL_Driver/Src/stm32g4xx_hal_dma.c **** 
 1266              		.loc 1 653 15 view .LVU500
 1267 002e 0746     		mov	r7, r0
 1268              	.LVL63:
 655:Drivers/STM32G4xx_HAL_Driver/Src/stm32g4xx_hal_dma.c ****   {
 1269              		.loc 1 655 3 is_stmt 1 view .LVU501
 657:Drivers/STM32G4xx_HAL_Driver/Src/stm32g4xx_hal_dma.c ****     {
 1270              		.loc 1 657 69 is_stmt 0 view .LVU502
 1271 0030 0822     		movs	r2, #8
 1272              	.LVL64:
 1273              	.L107:
 655:Drivers/STM32G4xx_HAL_Driver/Src/stm32g4xx_hal_dma.c ****   {
 1274              		.loc 1 655 13 is_stmt 1 discriminator 1 view .LVU503
 657:Drivers/STM32G4xx_HAL_Driver/Src/stm32g4xx_hal_dma.c ****     {
 1275              		.loc 1 657 5 view .LVU504
 676:Drivers/STM32G4xx_HAL_Driver/Src/stm32g4xx_hal_dma.c ****     {
 1276              		.loc 1 676 5 view .LVU505
 724:Drivers/STM32G4xx_HAL_Driver/Src/stm32g4xx_hal_dma.c **** 
 1277              		.loc 1 724 81 is_stmt 0 view .LVU506
 1278 0032 D1E91030 		ldrd	r3, r0, [r1, #64]
 1279 0036 00F01F0C 		and	ip, r0, #31
 655:Drivers/STM32G4xx_HAL_Driver/Src/stm32g4xx_hal_dma.c ****   {
 1280              		.loc 1 655 37 discriminator 1 view .LVU507
 1281 003a 1868     		ldr	r0, [r3]
 655:Drivers/STM32G4xx_HAL_Driver/Src/stm32g4xx_hal_dma.c ****   {
 1282              		.loc 1 655 13 discriminator 1 view .LVU508
 1283 003c 0442     		tst	r4, r0
 1284 003e 0FD1     		bne	.L110
 657:Drivers/STM32G4xx_HAL_Driver/Src/stm32g4xx_hal_dma.c ****     {
 1285              		.loc 1 657 37 view .LVU509
ARM GAS  /tmp/ccTSPs4y.s 			page 51


 1286 0040 D3F800E0 		ldr	lr, [r3]
 657:Drivers/STM32G4xx_HAL_Driver/Src/stm32g4xx_hal_dma.c ****     {
 1287              		.loc 1 657 69 view .LVU510
 1288 0044 02FA0CF0 		lsl	r0, r2, ip
 657:Drivers/STM32G4xx_HAL_Driver/Src/stm32g4xx_hal_dma.c ****     {
 1289              		.loc 1 657 8 view .LVU511
 1290 0048 1EEA000F 		tst	lr, r0
 1291 004c 43D1     		bne	.L112
 676:Drivers/STM32G4xx_HAL_Driver/Src/stm32g4xx_hal_dma.c ****     {
 1292              		.loc 1 676 8 view .LVU512
 1293 004e 6A1C     		adds	r2, r5, #1
 1294 0050 03D0     		beq	.L108
 1295 0052 4BE0     		b	.L136
 1296              	.L109:
 657:Drivers/STM32G4xx_HAL_Driver/Src/stm32g4xx_hal_dma.c ****     {
 1297              		.loc 1 657 37 view .LVU513
 1298 0054 1A68     		ldr	r2, [r3]
 657:Drivers/STM32G4xx_HAL_Driver/Src/stm32g4xx_hal_dma.c ****     {
 1299              		.loc 1 657 8 view .LVU514
 1300 0056 0242     		tst	r2, r0
 1301 0058 3DD1     		bne	.L112
 1302              	.L108:
 657:Drivers/STM32G4xx_HAL_Driver/Src/stm32g4xx_hal_dma.c ****     {
 1303              		.loc 1 657 5 is_stmt 1 view .LVU515
 655:Drivers/STM32G4xx_HAL_Driver/Src/stm32g4xx_hal_dma.c ****   {
 1304              		.loc 1 655 13 discriminator 1 view .LVU516
 655:Drivers/STM32G4xx_HAL_Driver/Src/stm32g4xx_hal_dma.c ****   {
 1305              		.loc 1 655 37 is_stmt 0 discriminator 1 view .LVU517
 1306 005a 1A68     		ldr	r2, [r3]
 655:Drivers/STM32G4xx_HAL_Driver/Src/stm32g4xx_hal_dma.c ****   {
 1307              		.loc 1 655 13 discriminator 1 view .LVU518
 1308 005c 2242     		tst	r2, r4
 1309 005e F9D0     		beq	.L109
 1310              	.L110:
 695:Drivers/STM32G4xx_HAL_Driver/Src/stm32g4xx_hal_dma.c ****   {
 1311              		.loc 1 695 3 is_stmt 1 view .LVU519
 695:Drivers/STM32G4xx_HAL_Driver/Src/stm32g4xx_hal_dma.c ****   {
 1312              		.loc 1 695 11 is_stmt 0 view .LVU520
 1313 0060 4A6D     		ldr	r2, [r1, #84]
 695:Drivers/STM32G4xx_HAL_Driver/Src/stm32g4xx_hal_dma.c ****   {
 1314              		.loc 1 695 6 view .LVU521
 1315 0062 8AB1     		cbz	r2, .L114
 698:Drivers/STM32G4xx_HAL_Driver/Src/stm32g4xx_hal_dma.c ****     {
 1316              		.loc 1 698 5 is_stmt 1 view .LVU522
 698:Drivers/STM32G4xx_HAL_Driver/Src/stm32g4xx_hal_dma.c ****     {
 1317              		.loc 1 698 51 is_stmt 0 view .LVU523
 1318 0064 D1E91604 		ldrd	r0, r4, [r1, #88]
 1319              	.LVL65:
 698:Drivers/STM32G4xx_HAL_Driver/Src/stm32g4xx_hal_dma.c ****     {
 1320              		.loc 1 698 38 view .LVU524
 1321 0068 D0F800E0 		ldr	lr, [r0]
 698:Drivers/STM32G4xx_HAL_Driver/Src/stm32g4xx_hal_dma.c ****     {
 1322              		.loc 1 698 8 view .LVU525
 1323 006c 1EEA040F 		tst	lr, r4
 1324 0070 0AD0     		beq	.L114
 701:Drivers/STM32G4xx_HAL_Driver/Src/stm32g4xx_hal_dma.c **** 
 1325              		.loc 1 701 7 is_stmt 1 view .LVU526
ARM GAS  /tmp/ccTSPs4y.s 			page 52


 701:Drivers/STM32G4xx_HAL_Driver/Src/stm32g4xx_hal_dma.c **** 
 1326              		.loc 1 701 29 is_stmt 0 view .LVU527
 1327 0072 D2F800E0 		ldr	lr, [r2]
 701:Drivers/STM32G4xx_HAL_Driver/Src/stm32g4xx_hal_dma.c **** 
 1328              		.loc 1 701 36 view .LVU528
 1329 0076 4EF4807E 		orr	lr, lr, #256
 1330 007a C2F800E0 		str	lr, [r2]
 704:Drivers/STM32G4xx_HAL_Driver/Src/stm32g4xx_hal_dma.c **** 
 1331              		.loc 1 704 7 is_stmt 1 view .LVU529
 704:Drivers/STM32G4xx_HAL_Driver/Src/stm32g4xx_hal_dma.c **** 
 1332              		.loc 1 704 43 is_stmt 0 view .LVU530
 1333 007e 4460     		str	r4, [r0, #4]
 707:Drivers/STM32G4xx_HAL_Driver/Src/stm32g4xx_hal_dma.c ****     }
 1334              		.loc 1 707 7 is_stmt 1 view .LVU531
 707:Drivers/STM32G4xx_HAL_Driver/Src/stm32g4xx_hal_dma.c ****     }
 1335              		.loc 1 707 11 is_stmt 0 view .LVU532
 1336 0080 CA6B     		ldr	r2, [r1, #60]
 707:Drivers/STM32G4xx_HAL_Driver/Src/stm32g4xx_hal_dma.c ****     }
 1337              		.loc 1 707 23 view .LVU533
 1338 0082 42F48062 		orr	r2, r2, #1024
 1339 0086 CA63     		str	r2, [r1, #60]
 1340              	.L114:
 712:Drivers/STM32G4xx_HAL_Driver/Src/stm32g4xx_hal_dma.c ****   {
 1341              		.loc 1 712 3 is_stmt 1 view .LVU534
 712:Drivers/STM32G4xx_HAL_Driver/Src/stm32g4xx_hal_dma.c ****   {
 1342              		.loc 1 712 45 is_stmt 0 view .LVU535
 1343 0088 D1E91320 		ldrd	r2, r0, [r1, #76]
 712:Drivers/STM32G4xx_HAL_Driver/Src/stm32g4xx_hal_dma.c ****   {
 1344              		.loc 1 712 33 view .LVU536
 1345 008c 1468     		ldr	r4, [r2]
 712:Drivers/STM32G4xx_HAL_Driver/Src/stm32g4xx_hal_dma.c ****   {
 1346              		.loc 1 712 6 view .LVU537
 1347 008e 0442     		tst	r4, r0
 1348 0090 04D0     		beq	.L115
 715:Drivers/STM32G4xx_HAL_Driver/Src/stm32g4xx_hal_dma.c **** 
 1349              		.loc 1 715 5 is_stmt 1 view .LVU538
 715:Drivers/STM32G4xx_HAL_Driver/Src/stm32g4xx_hal_dma.c **** 
 1350              		.loc 1 715 36 is_stmt 0 view .LVU539
 1351 0092 5060     		str	r0, [r2, #4]
 718:Drivers/STM32G4xx_HAL_Driver/Src/stm32g4xx_hal_dma.c ****   }
 1352              		.loc 1 718 5 is_stmt 1 view .LVU540
 718:Drivers/STM32G4xx_HAL_Driver/Src/stm32g4xx_hal_dma.c ****   }
 1353              		.loc 1 718 9 is_stmt 0 view .LVU541
 1354 0094 CA6B     		ldr	r2, [r1, #60]
 718:Drivers/STM32G4xx_HAL_Driver/Src/stm32g4xx_hal_dma.c ****   }
 1355              		.loc 1 718 21 view .LVU542
 1356 0096 42F40072 		orr	r2, r2, #512
 1357 009a CA63     		str	r2, [r1, #60]
 1358              	.L115:
 721:Drivers/STM32G4xx_HAL_Driver/Src/stm32g4xx_hal_dma.c ****   {
 1359              		.loc 1 721 3 is_stmt 1 view .LVU543
 721:Drivers/STM32G4xx_HAL_Driver/Src/stm32g4xx_hal_dma.c ****   {
 1360              		.loc 1 721 6 is_stmt 0 view .LVU544
 1361 009c 002E     		cmp	r6, #0
 1362 009e 38D1     		bne	.L116
 724:Drivers/STM32G4xx_HAL_Driver/Src/stm32g4xx_hal_dma.c **** 
 1363              		.loc 1 724 5 is_stmt 1 view .LVU545
ARM GAS  /tmp/ccTSPs4y.s 			page 53


 724:Drivers/STM32G4xx_HAL_Driver/Src/stm32g4xx_hal_dma.c **** 
 1364              		.loc 1 724 58 is_stmt 0 view .LVU546
 1365 00a0 0222     		movs	r2, #2
 1366 00a2 02FA0CF2 		lsl	r2, r2, ip
 728:Drivers/STM32G4xx_HAL_Driver/Src/stm32g4xx_hal_dma.c ****   }
 1367              		.loc 1 728 17 view .LVU547
 1368 00a6 0120     		movs	r0, #1
 724:Drivers/STM32G4xx_HAL_Driver/Src/stm32g4xx_hal_dma.c **** 
 1369              		.loc 1 724 32 view .LVU548
 1370 00a8 5A60     		str	r2, [r3, #4]
 728:Drivers/STM32G4xx_HAL_Driver/Src/stm32g4xx_hal_dma.c ****   }
 1371              		.loc 1 728 5 is_stmt 1 view .LVU549
 728:Drivers/STM32G4xx_HAL_Driver/Src/stm32g4xx_hal_dma.c ****   }
 1372              		.loc 1 728 17 is_stmt 0 view .LVU550
 1373 00aa 81F82500 		strb	r0, [r1, #37]
 1374              	.L117:
 737:Drivers/STM32G4xx_HAL_Driver/Src/stm32g4xx_hal_dma.c **** 
 1375              		.loc 1 737 3 is_stmt 1 view .LVU551
 737:Drivers/STM32G4xx_HAL_Driver/Src/stm32g4xx_hal_dma.c **** 
 1376              		.loc 1 737 3 view .LVU552
 1377 00ae 0020     		movs	r0, #0
 1378 00b0 81F82400 		strb	r0, [r1, #36]
 737:Drivers/STM32G4xx_HAL_Driver/Src/stm32g4xx_hal_dma.c **** 
 1379              		.loc 1 737 3 view .LVU553
 739:Drivers/STM32G4xx_HAL_Driver/Src/stm32g4xx_hal_dma.c **** }
 1380              		.loc 1 739 3 view .LVU554
 740:Drivers/STM32G4xx_HAL_Driver/Src/stm32g4xx_hal_dma.c **** 
 1381              		.loc 1 740 1 is_stmt 0 view .LVU555
 1382 00b4 03B0     		add	sp, sp, #12
 1383              	.LCFI15:
 1384              		.cfi_def_cfa_offset 20
 1385              		@ sp needed
 1386 00b6 F0BD     		pop	{r4, r5, r6, r7, pc}
 1387              	.LVL66:
 1388              	.L133:
 1389              	.LCFI16:
 1390              		.cfi_def_cfa_offset 0
 1391              		.cfi_restore 4
 1392              		.cfi_restore 5
 1393              		.cfi_restore 6
 1394              		.cfi_restore 7
 1395              		.cfi_restore 14
 627:Drivers/STM32G4xx_HAL_Driver/Src/stm32g4xx_hal_dma.c ****     __HAL_UNLOCK(hdma);
 1396              		.loc 1 627 5 is_stmt 1 view .LVU556
 627:Drivers/STM32G4xx_HAL_Driver/Src/stm32g4xx_hal_dma.c ****     __HAL_UNLOCK(hdma);
 1397              		.loc 1 627 21 is_stmt 0 view .LVU557
 1398 00b8 0422     		movs	r2, #4
 1399              	.LVL67:
 628:Drivers/STM32G4xx_HAL_Driver/Src/stm32g4xx_hal_dma.c ****     return HAL_ERROR;
 1400              		.loc 1 628 5 view .LVU558
 1401 00ba 0023     		movs	r3, #0
 627:Drivers/STM32G4xx_HAL_Driver/Src/stm32g4xx_hal_dma.c ****     __HAL_UNLOCK(hdma);
 1402              		.loc 1 627 21 view .LVU559
 1403 00bc C263     		str	r2, [r0, #60]
 628:Drivers/STM32G4xx_HAL_Driver/Src/stm32g4xx_hal_dma.c ****     return HAL_ERROR;
 1404              		.loc 1 628 5 is_stmt 1 view .LVU560
 628:Drivers/STM32G4xx_HAL_Driver/Src/stm32g4xx_hal_dma.c ****     return HAL_ERROR;
ARM GAS  /tmp/ccTSPs4y.s 			page 54


 1405              		.loc 1 628 5 view .LVU561
 1406 00be 80F82430 		strb	r3, [r0, #36]
 628:Drivers/STM32G4xx_HAL_Driver/Src/stm32g4xx_hal_dma.c ****     return HAL_ERROR;
 1407              		.loc 1 628 5 view .LVU562
 629:Drivers/STM32G4xx_HAL_Driver/Src/stm32g4xx_hal_dma.c ****   }
 1408              		.loc 1 629 5 view .LVU563
 629:Drivers/STM32G4xx_HAL_Driver/Src/stm32g4xx_hal_dma.c ****   }
 1409              		.loc 1 629 12 is_stmt 0 view .LVU564
 1410 00c2 0120     		movs	r0, #1
 1411              	.LVL68:
 740:Drivers/STM32G4xx_HAL_Driver/Src/stm32g4xx_hal_dma.c **** 
 1412              		.loc 1 740 1 view .LVU565
 1413 00c4 7047     		bx	lr
 1414              	.LVL69:
 1415              	.L135:
 1416              	.LCFI17:
 1417              		.cfi_def_cfa_offset 32
 1418              		.cfi_offset 4, -20
 1419              		.cfi_offset 5, -16
 1420              		.cfi_offset 6, -12
 1421              		.cfi_offset 7, -8
 1422              		.cfi_offset 14, -4
 635:Drivers/STM32G4xx_HAL_Driver/Src/stm32g4xx_hal_dma.c ****     return HAL_ERROR;
 1423              		.loc 1 635 5 is_stmt 1 view .LVU566
 635:Drivers/STM32G4xx_HAL_Driver/Src/stm32g4xx_hal_dma.c ****     return HAL_ERROR;
 1424              		.loc 1 635 21 is_stmt 0 view .LVU567
 1425 00c6 4FF48073 		mov	r3, #256
 1426 00ca C363     		str	r3, [r0, #60]
 636:Drivers/STM32G4xx_HAL_Driver/Src/stm32g4xx_hal_dma.c ****   }
 1427              		.loc 1 636 5 is_stmt 1 view .LVU568
 1428              	.LVL70:
 1429              	.L102:
 629:Drivers/STM32G4xx_HAL_Driver/Src/stm32g4xx_hal_dma.c ****   }
 1430              		.loc 1 629 12 is_stmt 0 view .LVU569
 1431 00cc 0120     		movs	r0, #1
 740:Drivers/STM32G4xx_HAL_Driver/Src/stm32g4xx_hal_dma.c **** 
 1432              		.loc 1 740 1 view .LVU570
 1433 00ce 03B0     		add	sp, sp, #12
 1434              	.LCFI18:
 1435              		.cfi_remember_state
 1436              		.cfi_def_cfa_offset 20
 1437              		@ sp needed
 1438 00d0 F0BD     		pop	{r4, r5, r6, r7, pc}
 1439              	.LVL71:
 1440              	.L105:
 1441              	.LCFI19:
 1442              		.cfi_restore_state
 649:Drivers/STM32G4xx_HAL_Driver/Src/stm32g4xx_hal_dma.c ****   }
 1443              		.loc 1 649 5 is_stmt 1 view .LVU571
 649:Drivers/STM32G4xx_HAL_Driver/Src/stm32g4xx_hal_dma.c ****   }
 1444              		.loc 1 649 10 is_stmt 0 view .LVU572
 1445 00d2 0423     		movs	r3, #4
 1446 00d4 A3E7     		b	.L134
 1447              	.LVL72:
 1448              	.L112:
 662:Drivers/STM32G4xx_HAL_Driver/Src/stm32g4xx_hal_dma.c **** 
 1449              		.loc 1 662 7 is_stmt 1 view .LVU573
ARM GAS  /tmp/ccTSPs4y.s 			page 55


 662:Drivers/STM32G4xx_HAL_Driver/Src/stm32g4xx_hal_dma.c **** 
 1450              		.loc 1 662 60 is_stmt 0 view .LVU574
 1451 00d6 0122     		movs	r2, #1
 1452 00d8 02FA0CF4 		lsl	r4, r2, ip
 1453              	.LVL73:
 671:Drivers/STM32G4xx_HAL_Driver/Src/stm32g4xx_hal_dma.c **** 
 1454              		.loc 1 671 7 view .LVU575
 1455 00dc 0020     		movs	r0, #0
 662:Drivers/STM32G4xx_HAL_Driver/Src/stm32g4xx_hal_dma.c **** 
 1456              		.loc 1 662 34 view .LVU576
 1457 00de 5C60     		str	r4, [r3, #4]
 665:Drivers/STM32G4xx_HAL_Driver/Src/stm32g4xx_hal_dma.c **** 
 1458              		.loc 1 665 7 is_stmt 1 view .LVU577
 665:Drivers/STM32G4xx_HAL_Driver/Src/stm32g4xx_hal_dma.c **** 
 1459              		.loc 1 665 23 is_stmt 0 view .LVU578
 1460 00e0 CA63     		str	r2, [r1, #60]
 668:Drivers/STM32G4xx_HAL_Driver/Src/stm32g4xx_hal_dma.c **** 
 1461              		.loc 1 668 7 is_stmt 1 view .LVU579
 671:Drivers/STM32G4xx_HAL_Driver/Src/stm32g4xx_hal_dma.c **** 
 1462              		.loc 1 671 7 is_stmt 0 view .LVU580
 1463 00e2 81F82400 		strb	r0, [r1, #36]
 668:Drivers/STM32G4xx_HAL_Driver/Src/stm32g4xx_hal_dma.c **** 
 1464              		.loc 1 668 19 view .LVU581
 1465 00e6 81F82520 		strb	r2, [r1, #37]
 671:Drivers/STM32G4xx_HAL_Driver/Src/stm32g4xx_hal_dma.c **** 
 1466              		.loc 1 671 7 is_stmt 1 view .LVU582
 671:Drivers/STM32G4xx_HAL_Driver/Src/stm32g4xx_hal_dma.c **** 
 1467              		.loc 1 671 7 view .LVU583
 671:Drivers/STM32G4xx_HAL_Driver/Src/stm32g4xx_hal_dma.c **** 
 1468              		.loc 1 671 7 view .LVU584
 673:Drivers/STM32G4xx_HAL_Driver/Src/stm32g4xx_hal_dma.c ****     }
 1469              		.loc 1 673 7 view .LVU585
 673:Drivers/STM32G4xx_HAL_Driver/Src/stm32g4xx_hal_dma.c ****     }
 1470              		.loc 1 673 14 is_stmt 0 view .LVU586
 1471 00ea EFE7     		b	.L102
 1472              	.LVL74:
 1473              	.L136:
 678:Drivers/STM32G4xx_HAL_Driver/Src/stm32g4xx_hal_dma.c ****       {
 1474              		.loc 1 678 7 is_stmt 1 view .LVU587
 1475 00ec 0191     		str	r1, [sp, #4]
 678:Drivers/STM32G4xx_HAL_Driver/Src/stm32g4xx_hal_dma.c ****       {
 1476              		.loc 1 678 13 is_stmt 0 view .LVU588
 1477 00ee FFF7FEFF 		bl	HAL_GetTick
 1478              	.LVL75:
 678:Drivers/STM32G4xx_HAL_Driver/Src/stm32g4xx_hal_dma.c ****       {
 1479              		.loc 1 678 27 discriminator 1 view .LVU589
 1480 00f2 C01B     		subs	r0, r0, r7
 678:Drivers/STM32G4xx_HAL_Driver/Src/stm32g4xx_hal_dma.c ****       {
 1481              		.loc 1 678 10 discriminator 1 view .LVU590
 1482 00f4 A842     		cmp	r0, r5
 1483 00f6 0199     		ldr	r1, [sp, #4]
 1484 00f8 02D8     		bhi	.L111
 678:Drivers/STM32G4xx_HAL_Driver/Src/stm32g4xx_hal_dma.c ****       {
 1485              		.loc 1 678 51 discriminator 2 view .LVU591
 1486 00fa 0822     		movs	r2, #8
 1487 00fc 002D     		cmp	r5, #0
 1488 00fe 98D1     		bne	.L107
ARM GAS  /tmp/ccTSPs4y.s 			page 56


 1489              	.L111:
 681:Drivers/STM32G4xx_HAL_Driver/Src/stm32g4xx_hal_dma.c **** 
 1490              		.loc 1 681 9 is_stmt 1 view .LVU592
 681:Drivers/STM32G4xx_HAL_Driver/Src/stm32g4xx_hal_dma.c **** 
 1491              		.loc 1 681 25 is_stmt 0 view .LVU593
 1492 0100 2020     		movs	r0, #32
 684:Drivers/STM32G4xx_HAL_Driver/Src/stm32g4xx_hal_dma.c **** 
 1493              		.loc 1 684 21 view .LVU594
 1494 0102 0123     		movs	r3, #1
 687:Drivers/STM32G4xx_HAL_Driver/Src/stm32g4xx_hal_dma.c **** 
 1495              		.loc 1 687 9 view .LVU595
 1496 0104 0022     		movs	r2, #0
 681:Drivers/STM32G4xx_HAL_Driver/Src/stm32g4xx_hal_dma.c **** 
 1497              		.loc 1 681 25 view .LVU596
 1498 0106 C863     		str	r0, [r1, #60]
 684:Drivers/STM32G4xx_HAL_Driver/Src/stm32g4xx_hal_dma.c **** 
 1499              		.loc 1 684 9 is_stmt 1 view .LVU597
 687:Drivers/STM32G4xx_HAL_Driver/Src/stm32g4xx_hal_dma.c **** 
 1500              		.loc 1 687 9 is_stmt 0 view .LVU598
 1501 0108 81F82420 		strb	r2, [r1, #36]
 684:Drivers/STM32G4xx_HAL_Driver/Src/stm32g4xx_hal_dma.c **** 
 1502              		.loc 1 684 21 view .LVU599
 1503 010c 81F82530 		strb	r3, [r1, #37]
 687:Drivers/STM32G4xx_HAL_Driver/Src/stm32g4xx_hal_dma.c **** 
 1504              		.loc 1 687 9 is_stmt 1 view .LVU600
 687:Drivers/STM32G4xx_HAL_Driver/Src/stm32g4xx_hal_dma.c **** 
 1505              		.loc 1 687 9 view .LVU601
 687:Drivers/STM32G4xx_HAL_Driver/Src/stm32g4xx_hal_dma.c **** 
 1506              		.loc 1 687 9 view .LVU602
 689:Drivers/STM32G4xx_HAL_Driver/Src/stm32g4xx_hal_dma.c ****       }
 1507              		.loc 1 689 9 view .LVU603
 689:Drivers/STM32G4xx_HAL_Driver/Src/stm32g4xx_hal_dma.c ****       }
 1508              		.loc 1 689 16 is_stmt 0 view .LVU604
 1509 0110 DCE7     		b	.L102
 1510              	.LVL76:
 1511              	.L116:
 733:Drivers/STM32G4xx_HAL_Driver/Src/stm32g4xx_hal_dma.c ****   }
 1512              		.loc 1 733 5 is_stmt 1 view .LVU605
 733:Drivers/STM32G4xx_HAL_Driver/Src/stm32g4xx_hal_dma.c ****   }
 1513              		.loc 1 733 58 is_stmt 0 view .LVU606
 1514 0112 0422     		movs	r2, #4
 1515 0114 02FA0CF2 		lsl	r2, r2, ip
 733:Drivers/STM32G4xx_HAL_Driver/Src/stm32g4xx_hal_dma.c ****   }
 1516              		.loc 1 733 32 view .LVU607
 1517 0118 5A60     		str	r2, [r3, #4]
 1518 011a C8E7     		b	.L117
 1519              		.cfi_endproc
 1520              	.LFE335:
 1522              		.section	.text.HAL_DMA_IRQHandler,"ax",%progbits
 1523              		.align	1
 1524              		.p2align 2,,3
 1525              		.global	HAL_DMA_IRQHandler
 1526              		.syntax unified
 1527              		.thumb
 1528              		.thumb_func
 1530              	HAL_DMA_IRQHandler:
 1531              	.LVL77:
ARM GAS  /tmp/ccTSPs4y.s 			page 57


 1532              	.LFB336:
 749:Drivers/STM32G4xx_HAL_Driver/Src/stm32g4xx_hal_dma.c ****   uint32_t flag_it = hdma->DmaBaseAddress->ISR;
 1533              		.loc 1 749 1 is_stmt 1 view -0
 1534              		.cfi_startproc
 1535              		@ args = 0, pretend = 0, frame = 0
 1536              		@ frame_needed = 0, uses_anonymous_args = 0
 750:Drivers/STM32G4xx_HAL_Driver/Src/stm32g4xx_hal_dma.c ****   uint32_t source_it = hdma->Instance->CCR;
 1537              		.loc 1 750 3 view .LVU609
 749:Drivers/STM32G4xx_HAL_Driver/Src/stm32g4xx_hal_dma.c ****   uint32_t flag_it = hdma->DmaBaseAddress->ISR;
 1538              		.loc 1 749 1 is_stmt 0 view .LVU610
 1539 0000 10B5     		push	{r4, lr}
 1540              	.LCFI20:
 1541              		.cfi_def_cfa_offset 8
 1542              		.cfi_offset 4, -8
 1543              		.cfi_offset 14, -4
 754:Drivers/STM32G4xx_HAL_Driver/Src/stm32g4xx_hal_dma.c ****   {
 1544              		.loc 1 754 72 view .LVU611
 1545 0002 436C     		ldr	r3, [r0, #68]
 750:Drivers/STM32G4xx_HAL_Driver/Src/stm32g4xx_hal_dma.c ****   uint32_t source_it = hdma->Instance->CCR;
 1546              		.loc 1 750 26 view .LVU612
 1547 0004 046C     		ldr	r4, [r0, #64]
 751:Drivers/STM32G4xx_HAL_Driver/Src/stm32g4xx_hal_dma.c **** 
 1548              		.loc 1 751 28 view .LVU613
 1549 0006 D0F800E0 		ldr	lr, [r0]
 750:Drivers/STM32G4xx_HAL_Driver/Src/stm32g4xx_hal_dma.c ****   uint32_t source_it = hdma->Instance->CCR;
 1550              		.loc 1 750 12 view .LVU614
 1551 000a 2168     		ldr	r1, [r4]
 1552              	.LVL78:
 751:Drivers/STM32G4xx_HAL_Driver/Src/stm32g4xx_hal_dma.c **** 
 1553              		.loc 1 751 3 is_stmt 1 view .LVU615
 751:Drivers/STM32G4xx_HAL_Driver/Src/stm32g4xx_hal_dma.c **** 
 1554              		.loc 1 751 12 is_stmt 0 view .LVU616
 1555 000c DEF800C0 		ldr	ip, [lr]
 1556              	.LVL79:
 754:Drivers/STM32G4xx_HAL_Driver/Src/stm32g4xx_hal_dma.c ****   {
 1557              		.loc 1 754 3 is_stmt 1 view .LVU617
 754:Drivers/STM32G4xx_HAL_Driver/Src/stm32g4xx_hal_dma.c ****   {
 1558              		.loc 1 754 72 is_stmt 0 view .LVU618
 1559 0010 03F01F03 		and	r3, r3, #31
 754:Drivers/STM32G4xx_HAL_Driver/Src/stm32g4xx_hal_dma.c ****   {
 1560              		.loc 1 754 49 view .LVU619
 1561 0014 0422     		movs	r2, #4
 1562 0016 9A40     		lsls	r2, r2, r3
 754:Drivers/STM32G4xx_HAL_Driver/Src/stm32g4xx_hal_dma.c ****   {
 1563              		.loc 1 754 6 view .LVU620
 1564 0018 0A42     		tst	r2, r1
 1565 001a 12D0     		beq	.L138
 754:Drivers/STM32G4xx_HAL_Driver/Src/stm32g4xx_hal_dma.c ****   {
 1566              		.loc 1 754 84 discriminator 1 view .LVU621
 1567 001c 1CF0040F 		tst	ip, #4
 1568 0020 0FD0     		beq	.L138
 757:Drivers/STM32G4xx_HAL_Driver/Src/stm32g4xx_hal_dma.c ****     {
 1569              		.loc 1 757 5 is_stmt 1 view .LVU622
 757:Drivers/STM32G4xx_HAL_Driver/Src/stm32g4xx_hal_dma.c ****     {
 1570              		.loc 1 757 24 is_stmt 0 view .LVU623
 1571 0022 DEF80030 		ldr	r3, [lr]
 757:Drivers/STM32G4xx_HAL_Driver/Src/stm32g4xx_hal_dma.c ****     {
ARM GAS  /tmp/ccTSPs4y.s 			page 58


 1572              		.loc 1 757 8 view .LVU624
 1573 0026 9906     		lsls	r1, r3, #26
 1574              	.LVL80:
 757:Drivers/STM32G4xx_HAL_Driver/Src/stm32g4xx_hal_dma.c ****     {
 1575              		.loc 1 757 8 view .LVU625
 1576 0028 05D4     		bmi	.L139
 760:Drivers/STM32G4xx_HAL_Driver/Src/stm32g4xx_hal_dma.c ****     }
 1577              		.loc 1 760 7 is_stmt 1 view .LVU626
 1578 002a DEF80030 		ldr	r3, [lr]
 1579 002e 23F00403 		bic	r3, r3, #4
 1580 0032 CEF80030 		str	r3, [lr]
 1581              	.L139:
 763:Drivers/STM32G4xx_HAL_Driver/Src/stm32g4xx_hal_dma.c **** 
 1582              		.loc 1 763 5 view .LVU627
 768:Drivers/STM32G4xx_HAL_Driver/Src/stm32g4xx_hal_dma.c ****     {
 1583              		.loc 1 768 13 is_stmt 0 view .LVU628
 1584 0036 036B     		ldr	r3, [r0, #48]
 763:Drivers/STM32G4xx_HAL_Driver/Src/stm32g4xx_hal_dma.c **** 
 1585              		.loc 1 763 32 view .LVU629
 1586 0038 6260     		str	r2, [r4, #4]
 768:Drivers/STM32G4xx_HAL_Driver/Src/stm32g4xx_hal_dma.c ****     {
 1587              		.loc 1 768 5 is_stmt 1 view .LVU630
 768:Drivers/STM32G4xx_HAL_Driver/Src/stm32g4xx_hal_dma.c ****     {
 1588              		.loc 1 768 8 is_stmt 0 view .LVU631
 1589 003a EBB1     		cbz	r3, .L137
 1590              	.L171:
 795:Drivers/STM32G4xx_HAL_Driver/Src/stm32g4xx_hal_dma.c ****     }
 1591              		.loc 1 795 7 is_stmt 1 view .LVU632
 830:Drivers/STM32G4xx_HAL_Driver/Src/stm32g4xx_hal_dma.c **** 
 1592              		.loc 1 830 1 is_stmt 0 view .LVU633
 1593 003c BDE81040 		pop	{r4, lr}
 1594              	.LCFI21:
 1595              		.cfi_remember_state
 1596              		.cfi_restore 14
 1597              		.cfi_restore 4
 1598              		.cfi_def_cfa_offset 0
 795:Drivers/STM32G4xx_HAL_Driver/Src/stm32g4xx_hal_dma.c ****     }
 1599              		.loc 1 795 7 view .LVU634
 1600 0040 1847     		bx	r3	@ indirect register sibling call
 1601              	.LVL81:
 1602              	.L138:
 1603              	.LCFI22:
 1604              		.cfi_restore_state
 775:Drivers/STM32G4xx_HAL_Driver/Src/stm32g4xx_hal_dma.c ****            && (0U != (source_it & DMA_IT_TC)))
 1605              		.loc 1 775 8 is_stmt 1 view .LVU635
 775:Drivers/STM32G4xx_HAL_Driver/Src/stm32g4xx_hal_dma.c ****            && (0U != (source_it & DMA_IT_TC)))
 1606              		.loc 1 775 54 is_stmt 0 view .LVU636
 1607 0042 0222     		movs	r2, #2
 1608 0044 9A40     		lsls	r2, r2, r3
 775:Drivers/STM32G4xx_HAL_Driver/Src/stm32g4xx_hal_dma.c ****            && (0U != (source_it & DMA_IT_TC)))
 1609              		.loc 1 775 11 view .LVU637
 1610 0046 0A42     		tst	r2, r1
 1611 0048 17D0     		beq	.L141
 776:Drivers/STM32G4xx_HAL_Driver/Src/stm32g4xx_hal_dma.c ****   {
 1612              		.loc 1 776 12 view .LVU638
 1613 004a 1CF0020F 		tst	ip, #2
 1614 004e 14D0     		beq	.L141
ARM GAS  /tmp/ccTSPs4y.s 			page 59


 778:Drivers/STM32G4xx_HAL_Driver/Src/stm32g4xx_hal_dma.c ****     {
 1615              		.loc 1 778 5 is_stmt 1 view .LVU639
 778:Drivers/STM32G4xx_HAL_Driver/Src/stm32g4xx_hal_dma.c ****     {
 1616              		.loc 1 778 24 is_stmt 0 view .LVU640
 1617 0050 DEF80030 		ldr	r3, [lr]
 778:Drivers/STM32G4xx_HAL_Driver/Src/stm32g4xx_hal_dma.c ****     {
 1618              		.loc 1 778 8 view .LVU641
 1619 0054 9B06     		lsls	r3, r3, #26
 1620 0056 08D4     		bmi	.L142
 781:Drivers/STM32G4xx_HAL_Driver/Src/stm32g4xx_hal_dma.c **** 
 1621              		.loc 1 781 7 is_stmt 1 view .LVU642
 1622 0058 DEF80030 		ldr	r3, [lr]
 1623 005c 23F00A03 		bic	r3, r3, #10
 1624 0060 CEF80030 		str	r3, [lr]
 784:Drivers/STM32G4xx_HAL_Driver/Src/stm32g4xx_hal_dma.c ****     }
 1625              		.loc 1 784 7 view .LVU643
 784:Drivers/STM32G4xx_HAL_Driver/Src/stm32g4xx_hal_dma.c ****     }
 1626              		.loc 1 784 19 is_stmt 0 view .LVU644
 1627 0064 0123     		movs	r3, #1
 1628 0066 80F82530 		strb	r3, [r0, #37]
 1629              	.L142:
 787:Drivers/STM32G4xx_HAL_Driver/Src/stm32g4xx_hal_dma.c **** 
 1630              		.loc 1 787 5 is_stmt 1 view .LVU645
 792:Drivers/STM32G4xx_HAL_Driver/Src/stm32g4xx_hal_dma.c ****     {
 1631              		.loc 1 792 13 is_stmt 0 view .LVU646
 1632 006a C36A     		ldr	r3, [r0, #44]
 787:Drivers/STM32G4xx_HAL_Driver/Src/stm32g4xx_hal_dma.c **** 
 1633              		.loc 1 787 32 view .LVU647
 1634 006c 6260     		str	r2, [r4, #4]
 790:Drivers/STM32G4xx_HAL_Driver/Src/stm32g4xx_hal_dma.c **** 
 1635              		.loc 1 790 5 is_stmt 1 view .LVU648
 790:Drivers/STM32G4xx_HAL_Driver/Src/stm32g4xx_hal_dma.c **** 
 1636              		.loc 1 790 5 view .LVU649
 1637 006e 0021     		movs	r1, #0
 1638              	.LVL82:
 790:Drivers/STM32G4xx_HAL_Driver/Src/stm32g4xx_hal_dma.c **** 
 1639              		.loc 1 790 5 is_stmt 0 view .LVU650
 1640 0070 80F82410 		strb	r1, [r0, #36]
 790:Drivers/STM32G4xx_HAL_Driver/Src/stm32g4xx_hal_dma.c **** 
 1641              		.loc 1 790 5 is_stmt 1 view .LVU651
 792:Drivers/STM32G4xx_HAL_Driver/Src/stm32g4xx_hal_dma.c ****     {
 1642              		.loc 1 792 5 view .LVU652
 792:Drivers/STM32G4xx_HAL_Driver/Src/stm32g4xx_hal_dma.c ****     {
 1643              		.loc 1 792 8 is_stmt 0 view .LVU653
 1644 0074 002B     		cmp	r3, #0
 1645 0076 E1D1     		bne	.L171
 1646              	.LVL83:
 1647              	.L137:
 830:Drivers/STM32G4xx_HAL_Driver/Src/stm32g4xx_hal_dma.c **** 
 1648              		.loc 1 830 1 view .LVU654
 1649 0078 10BD     		pop	{r4, pc}
 1650              	.LVL84:
 1651              	.L141:
 799:Drivers/STM32G4xx_HAL_Driver/Src/stm32g4xx_hal_dma.c ****            && (0U != (source_it & DMA_IT_TE)))
 1652              		.loc 1 799 8 is_stmt 1 view .LVU655
 799:Drivers/STM32G4xx_HAL_Driver/Src/stm32g4xx_hal_dma.c ****            && (0U != (source_it & DMA_IT_TE)))
 1653              		.loc 1 799 54 is_stmt 0 view .LVU656
ARM GAS  /tmp/ccTSPs4y.s 			page 60


 1654 007a 0822     		movs	r2, #8
 1655 007c 9A40     		lsls	r2, r2, r3
 799:Drivers/STM32G4xx_HAL_Driver/Src/stm32g4xx_hal_dma.c ****            && (0U != (source_it & DMA_IT_TE)))
 1656              		.loc 1 799 11 view .LVU657
 1657 007e 0A42     		tst	r2, r1
 1658 0080 FAD0     		beq	.L137
 800:Drivers/STM32G4xx_HAL_Driver/Src/stm32g4xx_hal_dma.c ****   {
 1659              		.loc 1 800 12 view .LVU658
 1660 0082 1CF0080F 		tst	ip, #8
 1661 0086 F7D0     		beq	.L137
 805:Drivers/STM32G4xx_HAL_Driver/Src/stm32g4xx_hal_dma.c **** 
 1662              		.loc 1 805 5 is_stmt 1 view .LVU659
 1663 0088 DEF80020 		ldr	r2, [lr]
 819:Drivers/STM32G4xx_HAL_Driver/Src/stm32g4xx_hal_dma.c ****     {
 1664              		.loc 1 819 13 is_stmt 0 view .LVU660
 1665 008c 416B     		ldr	r1, [r0, #52]
 1666              	.LVL85:
 805:Drivers/STM32G4xx_HAL_Driver/Src/stm32g4xx_hal_dma.c **** 
 1667              		.loc 1 805 5 view .LVU661
 1668 008e 22F00E02 		bic	r2, r2, #14
 1669 0092 CEF80020 		str	r2, [lr]
 808:Drivers/STM32G4xx_HAL_Driver/Src/stm32g4xx_hal_dma.c **** 
 1670              		.loc 1 808 5 is_stmt 1 view .LVU662
 808:Drivers/STM32G4xx_HAL_Driver/Src/stm32g4xx_hal_dma.c **** 
 1671              		.loc 1 808 58 is_stmt 0 view .LVU663
 1672 0096 0122     		movs	r2, #1
 1673 0098 02FA03F3 		lsl	r3, r2, r3
 817:Drivers/STM32G4xx_HAL_Driver/Src/stm32g4xx_hal_dma.c **** 
 1674              		.loc 1 817 5 view .LVU664
 1675 009c 4FF0000C 		mov	ip, #0
 1676              	.LVL86:
 808:Drivers/STM32G4xx_HAL_Driver/Src/stm32g4xx_hal_dma.c **** 
 1677              		.loc 1 808 32 view .LVU665
 1678 00a0 6360     		str	r3, [r4, #4]
 811:Drivers/STM32G4xx_HAL_Driver/Src/stm32g4xx_hal_dma.c **** 
 1679              		.loc 1 811 5 is_stmt 1 view .LVU666
 811:Drivers/STM32G4xx_HAL_Driver/Src/stm32g4xx_hal_dma.c **** 
 1680              		.loc 1 811 21 is_stmt 0 view .LVU667
 1681 00a2 C263     		str	r2, [r0, #60]
 814:Drivers/STM32G4xx_HAL_Driver/Src/stm32g4xx_hal_dma.c **** 
 1682              		.loc 1 814 5 is_stmt 1 view .LVU668
 817:Drivers/STM32G4xx_HAL_Driver/Src/stm32g4xx_hal_dma.c **** 
 1683              		.loc 1 817 5 is_stmt 0 view .LVU669
 1684 00a4 80F824C0 		strb	ip, [r0, #36]
 814:Drivers/STM32G4xx_HAL_Driver/Src/stm32g4xx_hal_dma.c **** 
 1685              		.loc 1 814 17 view .LVU670
 1686 00a8 80F82520 		strb	r2, [r0, #37]
 817:Drivers/STM32G4xx_HAL_Driver/Src/stm32g4xx_hal_dma.c **** 
 1687              		.loc 1 817 5 is_stmt 1 view .LVU671
 817:Drivers/STM32G4xx_HAL_Driver/Src/stm32g4xx_hal_dma.c **** 
 1688              		.loc 1 817 5 view .LVU672
 817:Drivers/STM32G4xx_HAL_Driver/Src/stm32g4xx_hal_dma.c **** 
 1689              		.loc 1 817 5 view .LVU673
 819:Drivers/STM32G4xx_HAL_Driver/Src/stm32g4xx_hal_dma.c ****     {
 1690              		.loc 1 819 5 view .LVU674
 819:Drivers/STM32G4xx_HAL_Driver/Src/stm32g4xx_hal_dma.c ****     {
 1691              		.loc 1 819 8 is_stmt 0 view .LVU675
ARM GAS  /tmp/ccTSPs4y.s 			page 61


 1692 00ac 0029     		cmp	r1, #0
 1693 00ae E3D0     		beq	.L137
 822:Drivers/STM32G4xx_HAL_Driver/Src/stm32g4xx_hal_dma.c ****     }
 1694              		.loc 1 822 7 is_stmt 1 view .LVU676
 830:Drivers/STM32G4xx_HAL_Driver/Src/stm32g4xx_hal_dma.c **** 
 1695              		.loc 1 830 1 is_stmt 0 view .LVU677
 1696 00b0 BDE81040 		pop	{r4, lr}
 1697              	.LCFI23:
 1698              		.cfi_restore 14
 1699              		.cfi_restore 4
 1700              		.cfi_def_cfa_offset 0
 822:Drivers/STM32G4xx_HAL_Driver/Src/stm32g4xx_hal_dma.c ****     }
 1701              		.loc 1 822 7 view .LVU678
 1702 00b4 0847     		bx	r1	@ indirect register sibling call
 1703              	.LVL87:
 822:Drivers/STM32G4xx_HAL_Driver/Src/stm32g4xx_hal_dma.c ****     }
 1704              		.loc 1 822 7 view .LVU679
 1705              		.cfi_endproc
 1706              	.LFE336:
 1708 00b6 00BF     		.section	.text.HAL_DMA_RegisterCallback,"ax",%progbits
 1709              		.align	1
 1710              		.p2align 2,,3
 1711              		.global	HAL_DMA_RegisterCallback
 1712              		.syntax unified
 1713              		.thumb
 1714              		.thumb_func
 1716              	HAL_DMA_RegisterCallback:
 1717              	.LVL88:
 1718              	.LFB337:
 843:Drivers/STM32G4xx_HAL_Driver/Src/stm32g4xx_hal_dma.c ****   HAL_StatusTypeDef status = HAL_OK;
 1719              		.loc 1 843 1 is_stmt 1 view -0
 1720              		.cfi_startproc
 1721              		@ args = 0, pretend = 0, frame = 0
 1722              		@ frame_needed = 0, uses_anonymous_args = 0
 1723              		@ link register save eliminated.
 844:Drivers/STM32G4xx_HAL_Driver/Src/stm32g4xx_hal_dma.c **** 
 1724              		.loc 1 844 3 view .LVU681
 847:Drivers/STM32G4xx_HAL_Driver/Src/stm32g4xx_hal_dma.c **** 
 1725              		.loc 1 847 3 view .LVU682
 847:Drivers/STM32G4xx_HAL_Driver/Src/stm32g4xx_hal_dma.c **** 
 1726              		.loc 1 847 3 view .LVU683
 843:Drivers/STM32G4xx_HAL_Driver/Src/stm32g4xx_hal_dma.c ****   HAL_StatusTypeDef status = HAL_OK;
 1727              		.loc 1 843 1 is_stmt 0 view .LVU684
 1728 0000 0346     		mov	r3, r0
 847:Drivers/STM32G4xx_HAL_Driver/Src/stm32g4xx_hal_dma.c **** 
 1729              		.loc 1 847 3 view .LVU685
 1730 0002 90F82400 		ldrb	r0, [r0, #36]	@ zero_extendqisi2
 1731              	.LVL89:
 847:Drivers/STM32G4xx_HAL_Driver/Src/stm32g4xx_hal_dma.c **** 
 1732              		.loc 1 847 3 view .LVU686
 1733 0006 0128     		cmp	r0, #1
 1734 0008 08D0     		beq	.L181
 847:Drivers/STM32G4xx_HAL_Driver/Src/stm32g4xx_hal_dma.c **** 
 1735              		.loc 1 847 3 is_stmt 1 discriminator 2 view .LVU687
 847:Drivers/STM32G4xx_HAL_Driver/Src/stm32g4xx_hal_dma.c **** 
 1736              		.loc 1 847 3 discriminator 2 view .LVU688
 849:Drivers/STM32G4xx_HAL_Driver/Src/stm32g4xx_hal_dma.c ****   {
ARM GAS  /tmp/ccTSPs4y.s 			page 62


 1737              		.loc 1 849 3 view .LVU689
 849:Drivers/STM32G4xx_HAL_Driver/Src/stm32g4xx_hal_dma.c ****   {
 1738              		.loc 1 849 34 is_stmt 0 view .LVU690
 1739 000a 93F82500 		ldrb	r0, [r3, #37]	@ zero_extendqisi2
 849:Drivers/STM32G4xx_HAL_Driver/Src/stm32g4xx_hal_dma.c ****   {
 1740              		.loc 1 849 6 view .LVU691
 1741 000e 0128     		cmp	r0, #1
 1742 0010 06D0     		beq	.L184
 1743 0012 0120     		movs	r0, #1
 1744              	.L174:
 1745              	.LVL90:
 880:Drivers/STM32G4xx_HAL_Driver/Src/stm32g4xx_hal_dma.c **** 
 1746              		.loc 1 880 3 is_stmt 1 view .LVU692
 880:Drivers/STM32G4xx_HAL_Driver/Src/stm32g4xx_hal_dma.c **** 
 1747              		.loc 1 880 3 view .LVU693
 1748 0014 0022     		movs	r2, #0
 1749              	.LVL91:
 880:Drivers/STM32G4xx_HAL_Driver/Src/stm32g4xx_hal_dma.c **** 
 1750              		.loc 1 880 3 is_stmt 0 view .LVU694
 1751 0016 83F82420 		strb	r2, [r3, #36]
 880:Drivers/STM32G4xx_HAL_Driver/Src/stm32g4xx_hal_dma.c **** 
 1752              		.loc 1 880 3 is_stmt 1 view .LVU695
 882:Drivers/STM32G4xx_HAL_Driver/Src/stm32g4xx_hal_dma.c **** }
 1753              		.loc 1 882 3 view .LVU696
 882:Drivers/STM32G4xx_HAL_Driver/Src/stm32g4xx_hal_dma.c **** }
 1754              		.loc 1 882 10 is_stmt 0 view .LVU697
 1755 001a 7047     		bx	lr
 1756              	.LVL92:
 1757              	.L181:
 847:Drivers/STM32G4xx_HAL_Driver/Src/stm32g4xx_hal_dma.c **** 
 1758              		.loc 1 847 3 discriminator 1 view .LVU698
 1759 001c 0220     		movs	r0, #2
 883:Drivers/STM32G4xx_HAL_Driver/Src/stm32g4xx_hal_dma.c **** 
 1760              		.loc 1 883 1 view .LVU699
 1761 001e 7047     		bx	lr
 1762              	.L184:
 851:Drivers/STM32G4xx_HAL_Driver/Src/stm32g4xx_hal_dma.c ****     {
 1763              		.loc 1 851 5 is_stmt 1 view .LVU700
 1764 0020 0329     		cmp	r1, #3
 1765 0022 F7D8     		bhi	.L174
 1766 0024 DFE801F0 		tbb	[pc, r1]
 1767              	.L176:
 1768 0028 0C       		.byte	(.L179-.L176)/2
 1769 0029 0A       		.byte	(.L178-.L176)/2
 1770 002a 08       		.byte	(.L177-.L176)/2
 1771 002b 02       		.byte	(.L175-.L176)/2
 1772              		.p2align 1
 1773              	.L175:
 866:Drivers/STM32G4xx_HAL_Driver/Src/stm32g4xx_hal_dma.c ****         break;
 1774              		.loc 1 866 9 view .LVU701
 866:Drivers/STM32G4xx_HAL_Driver/Src/stm32g4xx_hal_dma.c ****         break;
 1775              		.loc 1 866 33 is_stmt 0 view .LVU702
 1776 002c 9A63     		str	r2, [r3, #56]
 867:Drivers/STM32G4xx_HAL_Driver/Src/stm32g4xx_hal_dma.c **** 
 1777              		.loc 1 867 9 is_stmt 1 view .LVU703
 1778              	.L180:
 880:Drivers/STM32G4xx_HAL_Driver/Src/stm32g4xx_hal_dma.c **** 
ARM GAS  /tmp/ccTSPs4y.s 			page 63


 1779              		.loc 1 880 3 is_stmt 0 view .LVU704
 1780 002e 0022     		movs	r2, #0
 1781              	.LVL93:
 844:Drivers/STM32G4xx_HAL_Driver/Src/stm32g4xx_hal_dma.c **** 
 1782              		.loc 1 844 21 view .LVU705
 1783 0030 0020     		movs	r0, #0
 1784              	.LVL94:
 880:Drivers/STM32G4xx_HAL_Driver/Src/stm32g4xx_hal_dma.c **** 
 1785              		.loc 1 880 3 is_stmt 1 view .LVU706
 880:Drivers/STM32G4xx_HAL_Driver/Src/stm32g4xx_hal_dma.c **** 
 1786              		.loc 1 880 3 view .LVU707
 1787 0032 83F82420 		strb	r2, [r3, #36]
 880:Drivers/STM32G4xx_HAL_Driver/Src/stm32g4xx_hal_dma.c **** 
 1788              		.loc 1 880 3 view .LVU708
 882:Drivers/STM32G4xx_HAL_Driver/Src/stm32g4xx_hal_dma.c **** }
 1789              		.loc 1 882 3 view .LVU709
 882:Drivers/STM32G4xx_HAL_Driver/Src/stm32g4xx_hal_dma.c **** }
 1790              		.loc 1 882 10 is_stmt 0 view .LVU710
 1791 0036 7047     		bx	lr
 1792              	.LVL95:
 1793              	.L177:
 862:Drivers/STM32G4xx_HAL_Driver/Src/stm32g4xx_hal_dma.c ****         break;
 1794              		.loc 1 862 9 is_stmt 1 view .LVU711
 862:Drivers/STM32G4xx_HAL_Driver/Src/stm32g4xx_hal_dma.c ****         break;
 1795              		.loc 1 862 33 is_stmt 0 view .LVU712
 1796 0038 5A63     		str	r2, [r3, #52]
 863:Drivers/STM32G4xx_HAL_Driver/Src/stm32g4xx_hal_dma.c **** 
 1797              		.loc 1 863 9 is_stmt 1 view .LVU713
 1798 003a F8E7     		b	.L180
 1799              	.L178:
 858:Drivers/STM32G4xx_HAL_Driver/Src/stm32g4xx_hal_dma.c ****         break;
 1800              		.loc 1 858 9 view .LVU714
 858:Drivers/STM32G4xx_HAL_Driver/Src/stm32g4xx_hal_dma.c ****         break;
 1801              		.loc 1 858 36 is_stmt 0 view .LVU715
 1802 003c 1A63     		str	r2, [r3, #48]
 859:Drivers/STM32G4xx_HAL_Driver/Src/stm32g4xx_hal_dma.c **** 
 1803              		.loc 1 859 9 is_stmt 1 view .LVU716
 1804 003e F6E7     		b	.L180
 1805              	.L179:
 854:Drivers/STM32G4xx_HAL_Driver/Src/stm32g4xx_hal_dma.c ****         break;
 1806              		.loc 1 854 9 view .LVU717
 854:Drivers/STM32G4xx_HAL_Driver/Src/stm32g4xx_hal_dma.c ****         break;
 1807              		.loc 1 854 32 is_stmt 0 view .LVU718
 1808 0040 DA62     		str	r2, [r3, #44]
 855:Drivers/STM32G4xx_HAL_Driver/Src/stm32g4xx_hal_dma.c **** 
 1809              		.loc 1 855 9 is_stmt 1 view .LVU719
 844:Drivers/STM32G4xx_HAL_Driver/Src/stm32g4xx_hal_dma.c **** 
 1810              		.loc 1 844 21 is_stmt 0 view .LVU720
 1811 0042 0846     		mov	r0, r1
 855:Drivers/STM32G4xx_HAL_Driver/Src/stm32g4xx_hal_dma.c **** 
 1812              		.loc 1 855 9 view .LVU721
 1813 0044 E6E7     		b	.L174
 1814              		.cfi_endproc
 1815              	.LFE337:
 1817 0046 00BF     		.section	.text.HAL_DMA_UnRegisterCallback,"ax",%progbits
 1818              		.align	1
 1819              		.p2align 2,,3
ARM GAS  /tmp/ccTSPs4y.s 			page 64


 1820              		.global	HAL_DMA_UnRegisterCallback
 1821              		.syntax unified
 1822              		.thumb
 1823              		.thumb_func
 1825              	HAL_DMA_UnRegisterCallback:
 1826              	.LVL96:
 1827              	.LFB338:
 894:Drivers/STM32G4xx_HAL_Driver/Src/stm32g4xx_hal_dma.c ****   HAL_StatusTypeDef status = HAL_OK;
 1828              		.loc 1 894 1 is_stmt 1 view -0
 1829              		.cfi_startproc
 1830              		@ args = 0, pretend = 0, frame = 0
 1831              		@ frame_needed = 0, uses_anonymous_args = 0
 1832              		@ link register save eliminated.
 895:Drivers/STM32G4xx_HAL_Driver/Src/stm32g4xx_hal_dma.c **** 
 1833              		.loc 1 895 3 view .LVU723
 898:Drivers/STM32G4xx_HAL_Driver/Src/stm32g4xx_hal_dma.c **** 
 1834              		.loc 1 898 3 view .LVU724
 898:Drivers/STM32G4xx_HAL_Driver/Src/stm32g4xx_hal_dma.c **** 
 1835              		.loc 1 898 3 view .LVU725
 1836 0000 90F82420 		ldrb	r2, [r0, #36]	@ zero_extendqisi2
 1837 0004 012A     		cmp	r2, #1
 894:Drivers/STM32G4xx_HAL_Driver/Src/stm32g4xx_hal_dma.c ****   HAL_StatusTypeDef status = HAL_OK;
 1838              		.loc 1 894 1 is_stmt 0 view .LVU726
 1839 0006 0346     		mov	r3, r0
 898:Drivers/STM32G4xx_HAL_Driver/Src/stm32g4xx_hal_dma.c **** 
 1840              		.loc 1 898 3 view .LVU727
 1841 0008 08D0     		beq	.L195
 898:Drivers/STM32G4xx_HAL_Driver/Src/stm32g4xx_hal_dma.c **** 
 1842              		.loc 1 898 3 is_stmt 1 discriminator 2 view .LVU728
 898:Drivers/STM32G4xx_HAL_Driver/Src/stm32g4xx_hal_dma.c **** 
 1843              		.loc 1 898 3 discriminator 2 view .LVU729
 900:Drivers/STM32G4xx_HAL_Driver/Src/stm32g4xx_hal_dma.c ****   {
 1844              		.loc 1 900 3 view .LVU730
 900:Drivers/STM32G4xx_HAL_Driver/Src/stm32g4xx_hal_dma.c ****   {
 1845              		.loc 1 900 34 is_stmt 0 view .LVU731
 1846 000a 90F82500 		ldrb	r0, [r0, #37]	@ zero_extendqisi2
 1847              	.LVL97:
 900:Drivers/STM32G4xx_HAL_Driver/Src/stm32g4xx_hal_dma.c ****   {
 1848              		.loc 1 900 6 view .LVU732
 1849 000e 0128     		cmp	r0, #1
 1850 0010 06D0     		beq	.L198
 1851 0012 0120     		movs	r0, #1
 1852              	.L187:
 1853              	.LVL98:
 938:Drivers/STM32G4xx_HAL_Driver/Src/stm32g4xx_hal_dma.c **** 
 1854              		.loc 1 938 3 is_stmt 1 view .LVU733
 938:Drivers/STM32G4xx_HAL_Driver/Src/stm32g4xx_hal_dma.c **** 
 1855              		.loc 1 938 3 view .LVU734
 1856 0014 0022     		movs	r2, #0
 1857 0016 83F82420 		strb	r2, [r3, #36]
 938:Drivers/STM32G4xx_HAL_Driver/Src/stm32g4xx_hal_dma.c **** 
 1858              		.loc 1 938 3 view .LVU735
 940:Drivers/STM32G4xx_HAL_Driver/Src/stm32g4xx_hal_dma.c **** }
 1859              		.loc 1 940 3 view .LVU736
 940:Drivers/STM32G4xx_HAL_Driver/Src/stm32g4xx_hal_dma.c **** }
 1860              		.loc 1 940 10 is_stmt 0 view .LVU737
 1861 001a 7047     		bx	lr
ARM GAS  /tmp/ccTSPs4y.s 			page 65


 1862              	.LVL99:
 1863              	.L195:
 898:Drivers/STM32G4xx_HAL_Driver/Src/stm32g4xx_hal_dma.c **** 
 1864              		.loc 1 898 3 discriminator 1 view .LVU738
 1865 001c 0220     		movs	r0, #2
 1866              	.LVL100:
 941:Drivers/STM32G4xx_HAL_Driver/Src/stm32g4xx_hal_dma.c **** 
 1867              		.loc 1 941 1 view .LVU739
 1868 001e 7047     		bx	lr
 1869              	.L198:
 902:Drivers/STM32G4xx_HAL_Driver/Src/stm32g4xx_hal_dma.c ****     {
 1870              		.loc 1 902 5 is_stmt 1 view .LVU740
 1871 0020 0429     		cmp	r1, #4
 1872 0022 F7D8     		bhi	.L187
 1873 0024 DFE801F0 		tbb	[pc, r1]
 1874              	.L189:
 1875 0028 0D       		.byte	(.L193-.L189)/2
 1876 0029 11       		.byte	(.L192-.L189)/2
 1877 002a 14       		.byte	(.L191-.L189)/2
 1878 002b 17       		.byte	(.L190-.L189)/2
 1879 002c 03       		.byte	(.L188-.L189)/2
 1880 002d 00       		.p2align 1
 1881              	.L188:
 921:Drivers/STM32G4xx_HAL_Driver/Src/stm32g4xx_hal_dma.c ****         hdma->XferHalfCpltCallback = NULL;
 1882              		.loc 1 921 9 view .LVU741
 922:Drivers/STM32G4xx_HAL_Driver/Src/stm32g4xx_hal_dma.c ****         hdma->XferErrorCallback = NULL;
 1883              		.loc 1 922 9 view .LVU742
 923:Drivers/STM32G4xx_HAL_Driver/Src/stm32g4xx_hal_dma.c ****         hdma->XferAbortCallback = NULL;
 1884              		.loc 1 923 9 view .LVU743
 924:Drivers/STM32G4xx_HAL_Driver/Src/stm32g4xx_hal_dma.c ****         break;
 1885              		.loc 1 924 9 view .LVU744
 921:Drivers/STM32G4xx_HAL_Driver/Src/stm32g4xx_hal_dma.c ****         hdma->XferHalfCpltCallback = NULL;
 1886              		.loc 1 921 32 is_stmt 0 view .LVU745
 1887 002e 0022     		movs	r2, #0
 1888 0030 C3E90B22 		strd	r2, r2, [r3, #44]
 1889 0034 C3E90D22 		strd	r2, r2, [r3, #52]
 925:Drivers/STM32G4xx_HAL_Driver/Src/stm32g4xx_hal_dma.c **** 
 1890              		.loc 1 925 9 is_stmt 1 view .LVU746
 1891              	.L194:
 938:Drivers/STM32G4xx_HAL_Driver/Src/stm32g4xx_hal_dma.c **** 
 1892              		.loc 1 938 3 is_stmt 0 view .LVU747
 1893 0038 0022     		movs	r2, #0
 895:Drivers/STM32G4xx_HAL_Driver/Src/stm32g4xx_hal_dma.c **** 
 1894              		.loc 1 895 21 view .LVU748
 1895 003a 0020     		movs	r0, #0
 1896              	.LVL101:
 938:Drivers/STM32G4xx_HAL_Driver/Src/stm32g4xx_hal_dma.c **** 
 1897              		.loc 1 938 3 is_stmt 1 view .LVU749
 938:Drivers/STM32G4xx_HAL_Driver/Src/stm32g4xx_hal_dma.c **** 
 1898              		.loc 1 938 3 view .LVU750
 1899 003c 83F82420 		strb	r2, [r3, #36]
 938:Drivers/STM32G4xx_HAL_Driver/Src/stm32g4xx_hal_dma.c **** 
 1900              		.loc 1 938 3 view .LVU751
 940:Drivers/STM32G4xx_HAL_Driver/Src/stm32g4xx_hal_dma.c **** }
 1901              		.loc 1 940 3 view .LVU752
 940:Drivers/STM32G4xx_HAL_Driver/Src/stm32g4xx_hal_dma.c **** }
 1902              		.loc 1 940 10 is_stmt 0 view .LVU753
ARM GAS  /tmp/ccTSPs4y.s 			page 66


 1903 0040 7047     		bx	lr
 1904              	.LVL102:
 1905              	.L193:
 905:Drivers/STM32G4xx_HAL_Driver/Src/stm32g4xx_hal_dma.c ****         break;
 1906              		.loc 1 905 9 is_stmt 1 view .LVU754
 905:Drivers/STM32G4xx_HAL_Driver/Src/stm32g4xx_hal_dma.c ****         break;
 1907              		.loc 1 905 32 is_stmt 0 view .LVU755
 1908 0042 0022     		movs	r2, #0
 1909 0044 DA62     		str	r2, [r3, #44]
 906:Drivers/STM32G4xx_HAL_Driver/Src/stm32g4xx_hal_dma.c **** 
 1910              		.loc 1 906 9 is_stmt 1 view .LVU756
 895:Drivers/STM32G4xx_HAL_Driver/Src/stm32g4xx_hal_dma.c **** 
 1911              		.loc 1 895 21 is_stmt 0 view .LVU757
 1912 0046 0846     		mov	r0, r1
 906:Drivers/STM32G4xx_HAL_Driver/Src/stm32g4xx_hal_dma.c **** 
 1913              		.loc 1 906 9 view .LVU758
 1914 0048 E4E7     		b	.L187
 1915              	.L192:
 909:Drivers/STM32G4xx_HAL_Driver/Src/stm32g4xx_hal_dma.c ****         break;
 1916              		.loc 1 909 9 is_stmt 1 view .LVU759
 909:Drivers/STM32G4xx_HAL_Driver/Src/stm32g4xx_hal_dma.c ****         break;
 1917              		.loc 1 909 36 is_stmt 0 view .LVU760
 1918 004a 0022     		movs	r2, #0
 1919 004c 1A63     		str	r2, [r3, #48]
 910:Drivers/STM32G4xx_HAL_Driver/Src/stm32g4xx_hal_dma.c **** 
 1920              		.loc 1 910 9 is_stmt 1 view .LVU761
 1921 004e F3E7     		b	.L194
 1922              	.L191:
 913:Drivers/STM32G4xx_HAL_Driver/Src/stm32g4xx_hal_dma.c ****         break;
 1923              		.loc 1 913 9 view .LVU762
 913:Drivers/STM32G4xx_HAL_Driver/Src/stm32g4xx_hal_dma.c ****         break;
 1924              		.loc 1 913 33 is_stmt 0 view .LVU763
 1925 0050 0022     		movs	r2, #0
 1926 0052 5A63     		str	r2, [r3, #52]
 914:Drivers/STM32G4xx_HAL_Driver/Src/stm32g4xx_hal_dma.c **** 
 1927              		.loc 1 914 9 is_stmt 1 view .LVU764
 1928 0054 F0E7     		b	.L194
 1929              	.L190:
 917:Drivers/STM32G4xx_HAL_Driver/Src/stm32g4xx_hal_dma.c ****         break;
 1930              		.loc 1 917 9 view .LVU765
 917:Drivers/STM32G4xx_HAL_Driver/Src/stm32g4xx_hal_dma.c ****         break;
 1931              		.loc 1 917 33 is_stmt 0 view .LVU766
 1932 0056 0022     		movs	r2, #0
 1933 0058 9A63     		str	r2, [r3, #56]
 918:Drivers/STM32G4xx_HAL_Driver/Src/stm32g4xx_hal_dma.c **** 
 1934              		.loc 1 918 9 is_stmt 1 view .LVU767
 1935 005a EDE7     		b	.L194
 1936              		.cfi_endproc
 1937              	.LFE338:
 1939              		.section	.text.HAL_DMA_GetState,"ax",%progbits
 1940              		.align	1
 1941              		.p2align 2,,3
 1942              		.global	HAL_DMA_GetState
 1943              		.syntax unified
 1944              		.thumb
 1945              		.thumb_func
 1947              	HAL_DMA_GetState:
ARM GAS  /tmp/ccTSPs4y.s 			page 67


 1948              	.LVL103:
 1949              	.LFB339:
 971:Drivers/STM32G4xx_HAL_Driver/Src/stm32g4xx_hal_dma.c ****   /* Return DMA handle state */
 1950              		.loc 1 971 1 view -0
 1951              		.cfi_startproc
 1952              		@ args = 0, pretend = 0, frame = 0
 1953              		@ frame_needed = 0, uses_anonymous_args = 0
 1954              		@ link register save eliminated.
 973:Drivers/STM32G4xx_HAL_Driver/Src/stm32g4xx_hal_dma.c **** }
 1955              		.loc 1 973 3 view .LVU769
 974:Drivers/STM32G4xx_HAL_Driver/Src/stm32g4xx_hal_dma.c **** 
 1956              		.loc 1 974 1 is_stmt 0 view .LVU770
 1957 0000 90F82500 		ldrb	r0, [r0, #37]	@ zero_extendqisi2
 1958              	.LVL104:
 974:Drivers/STM32G4xx_HAL_Driver/Src/stm32g4xx_hal_dma.c **** 
 1959              		.loc 1 974 1 view .LVU771
 1960 0004 7047     		bx	lr
 1961              		.cfi_endproc
 1962              	.LFE339:
 1964 0006 00BF     		.section	.text.HAL_DMA_GetError,"ax",%progbits
 1965              		.align	1
 1966              		.p2align 2,,3
 1967              		.global	HAL_DMA_GetError
 1968              		.syntax unified
 1969              		.thumb
 1970              		.thumb_func
 1972              	HAL_DMA_GetError:
 1973              	.LVL105:
 1974              	.LFB340:
 983:Drivers/STM32G4xx_HAL_Driver/Src/stm32g4xx_hal_dma.c ****   return hdma->ErrorCode;
 1975              		.loc 1 983 1 is_stmt 1 view -0
 1976              		.cfi_startproc
 1977              		@ args = 0, pretend = 0, frame = 0
 1978              		@ frame_needed = 0, uses_anonymous_args = 0
 1979              		@ link register save eliminated.
 984:Drivers/STM32G4xx_HAL_Driver/Src/stm32g4xx_hal_dma.c **** }
 1980              		.loc 1 984 3 view .LVU773
 985:Drivers/STM32G4xx_HAL_Driver/Src/stm32g4xx_hal_dma.c **** 
 1981              		.loc 1 985 1 is_stmt 0 view .LVU774
 1982 0000 C06B     		ldr	r0, [r0, #60]
 1983              	.LVL106:
 985:Drivers/STM32G4xx_HAL_Driver/Src/stm32g4xx_hal_dma.c **** 
 1984              		.loc 1 985 1 view .LVU775
 1985 0002 7047     		bx	lr
 1986              		.cfi_endproc
 1987              	.LFE340:
 1989              		.text
 1990              	.Letext0:
 1991              		.file 2 "/usr/arm-none-eabi/include/machine/_default_types.h"
 1992              		.file 3 "/usr/arm-none-eabi/include/sys/_stdint.h"
 1993              		.file 4 "Drivers/CMSIS/Device/ST/STM32G4xx/Include/stm32g474xx.h"
 1994              		.file 5 "Drivers/STM32G4xx_HAL_Driver/Inc/stm32g4xx_hal_def.h"
 1995              		.file 6 "Drivers/STM32G4xx_HAL_Driver/Inc/stm32g4xx_hal_dma.h"
 1996              		.file 7 "Drivers/STM32G4xx_HAL_Driver/Inc/stm32g4xx_hal.h"
ARM GAS  /tmp/ccTSPs4y.s 			page 68


DEFINED SYMBOLS
                            *ABS*:00000000 stm32g4xx_hal_dma.c
     /tmp/ccTSPs4y.s:21     .text.DMA_CalcDMAMUXChannelBaseAndMask:00000000 $t
     /tmp/ccTSPs4y.s:27     .text.DMA_CalcDMAMUXChannelBaseAndMask:00000000 DMA_CalcDMAMUXChannelBaseAndMask
     /tmp/ccTSPs4y.s:98     .text.DMA_CalcDMAMUXChannelBaseAndMask:00000048 $d
     /tmp/ccTSPs4y.s:106    .text.HAL_DMA_Init:00000000 $t
     /tmp/ccTSPs4y.s:113    .text.HAL_DMA_Init:00000000 HAL_DMA_Init
     /tmp/ccTSPs4y.s:370    .text.HAL_DMA_Init:000000e8 $d
     /tmp/ccTSPs4y.s:383    .text.HAL_DMA_DeInit:00000000 $t
     /tmp/ccTSPs4y.s:390    .text.HAL_DMA_DeInit:00000000 HAL_DMA_DeInit
     /tmp/ccTSPs4y.s:570    .text.HAL_DMA_DeInit:000000a4 $d
     /tmp/ccTSPs4y.s:582    .text.HAL_DMA_Start:00000000 $t
     /tmp/ccTSPs4y.s:589    .text.HAL_DMA_Start:00000000 HAL_DMA_Start
     /tmp/ccTSPs4y.s:731    .text.HAL_DMA_Start_IT:00000000 $t
     /tmp/ccTSPs4y.s:738    .text.HAL_DMA_Start_IT:00000000 HAL_DMA_Start_IT
     /tmp/ccTSPs4y.s:936    .text.HAL_DMA_Abort:00000000 $t
     /tmp/ccTSPs4y.s:943    .text.HAL_DMA_Abort:00000000 HAL_DMA_Abort
     /tmp/ccTSPs4y.s:1065   .text.HAL_DMA_Abort_IT:00000000 $t
     /tmp/ccTSPs4y.s:1072   .text.HAL_DMA_Abort_IT:00000000 HAL_DMA_Abort_IT
     /tmp/ccTSPs4y.s:1202   .text.HAL_DMA_PollForTransfer:00000000 $t
     /tmp/ccTSPs4y.s:1209   .text.HAL_DMA_PollForTransfer:00000000 HAL_DMA_PollForTransfer
     /tmp/ccTSPs4y.s:1523   .text.HAL_DMA_IRQHandler:00000000 $t
     /tmp/ccTSPs4y.s:1530   .text.HAL_DMA_IRQHandler:00000000 HAL_DMA_IRQHandler
     /tmp/ccTSPs4y.s:1709   .text.HAL_DMA_RegisterCallback:00000000 $t
     /tmp/ccTSPs4y.s:1716   .text.HAL_DMA_RegisterCallback:00000000 HAL_DMA_RegisterCallback
     /tmp/ccTSPs4y.s:1768   .text.HAL_DMA_RegisterCallback:00000028 $d
     /tmp/ccTSPs4y.s:1772   .text.HAL_DMA_RegisterCallback:0000002c $t
     /tmp/ccTSPs4y.s:1818   .text.HAL_DMA_UnRegisterCallback:00000000 $t
     /tmp/ccTSPs4y.s:1825   .text.HAL_DMA_UnRegisterCallback:00000000 HAL_DMA_UnRegisterCallback
     /tmp/ccTSPs4y.s:1875   .text.HAL_DMA_UnRegisterCallback:00000028 $d
     /tmp/ccTSPs4y.s:1940   .text.HAL_DMA_GetState:00000000 $t
     /tmp/ccTSPs4y.s:1947   .text.HAL_DMA_GetState:00000000 HAL_DMA_GetState
     /tmp/ccTSPs4y.s:1965   .text.HAL_DMA_GetError:00000000 $t
     /tmp/ccTSPs4y.s:1972   .text.HAL_DMA_GetError:00000000 HAL_DMA_GetError
     /tmp/ccTSPs4y.s:1880   .text.HAL_DMA_UnRegisterCallback:0000002d $d
     /tmp/ccTSPs4y.s:1880   .text.HAL_DMA_UnRegisterCallback:0000002e $t

UNDEFINED SYMBOLS
HAL_GetTick
