ARM GAS  /tmp/cceEh1js.s 			page 1


   1              		.cpu cortex-m4
   2              		.arch armv7e-m
   3              		.fpu fpv4-sp-d16
   4              		.eabi_attribute 27, 1
   5              		.eabi_attribute 28, 1
   6              		.eabi_attribute 20, 1
   7              		.eabi_attribute 21, 1
   8              		.eabi_attribute 23, 3
   9              		.eabi_attribute 24, 1
  10              		.eabi_attribute 25, 1
  11              		.eabi_attribute 26, 1
  12              		.eabi_attribute 30, 1
  13              		.eabi_attribute 34, 1
  14              		.eabi_attribute 18, 4
  15              		.file	"stm32g4xx_hal_flash_ex.c"
  16              		.text
  17              	.Ltext0:
  18              		.cfi_sections	.debug_frame
  19              		.file 1 "Drivers/STM32G4xx_HAL_Driver/Src/stm32g4xx_hal_flash_ex.c"
  20              		.section	.text.FLASH_MassErase,"ax",%progbits
  21              		.align	1
  22              		.syntax unified
  23              		.thumb
  24              		.thumb_func
  26              	FLASH_MassErase:
  27              	.LVL0:
  28              	.LFB336:
   1:Drivers/STM32G4xx_HAL_Driver/Src/stm32g4xx_hal_flash_ex.c **** /**
   2:Drivers/STM32G4xx_HAL_Driver/Src/stm32g4xx_hal_flash_ex.c ****   ******************************************************************************
   3:Drivers/STM32G4xx_HAL_Driver/Src/stm32g4xx_hal_flash_ex.c ****   * @file    stm32g4xx_hal_flash_ex.c
   4:Drivers/STM32G4xx_HAL_Driver/Src/stm32g4xx_hal_flash_ex.c ****   * @author  MCD Application Team
   5:Drivers/STM32G4xx_HAL_Driver/Src/stm32g4xx_hal_flash_ex.c ****   * @brief   Extended FLASH HAL module driver.
   6:Drivers/STM32G4xx_HAL_Driver/Src/stm32g4xx_hal_flash_ex.c ****   *          This file provides firmware functions to manage the following
   7:Drivers/STM32G4xx_HAL_Driver/Src/stm32g4xx_hal_flash_ex.c ****   *          functionalities of the FLASH extended peripheral:
   8:Drivers/STM32G4xx_HAL_Driver/Src/stm32g4xx_hal_flash_ex.c ****   *           + Extended programming operations functions
   9:Drivers/STM32G4xx_HAL_Driver/Src/stm32g4xx_hal_flash_ex.c ****   *
  10:Drivers/STM32G4xx_HAL_Driver/Src/stm32g4xx_hal_flash_ex.c ****   @verbatim
  11:Drivers/STM32G4xx_HAL_Driver/Src/stm32g4xx_hal_flash_ex.c ****   ==============================================================================
  12:Drivers/STM32G4xx_HAL_Driver/Src/stm32g4xx_hal_flash_ex.c ****                    ##### Flash Extended features #####
  13:Drivers/STM32G4xx_HAL_Driver/Src/stm32g4xx_hal_flash_ex.c ****   ==============================================================================
  14:Drivers/STM32G4xx_HAL_Driver/Src/stm32g4xx_hal_flash_ex.c **** 
  15:Drivers/STM32G4xx_HAL_Driver/Src/stm32g4xx_hal_flash_ex.c ****   [..] Comparing to other previous devices, the FLASH interface for STM32G4xx
  16:Drivers/STM32G4xx_HAL_Driver/Src/stm32g4xx_hal_flash_ex.c ****        devices contains the following additional features
  17:Drivers/STM32G4xx_HAL_Driver/Src/stm32g4xx_hal_flash_ex.c **** 
  18:Drivers/STM32G4xx_HAL_Driver/Src/stm32g4xx_hal_flash_ex.c ****        (+) Capacity up to 512 Kbytes with dual bank architecture supporting read-while-write
  19:Drivers/STM32G4xx_HAL_Driver/Src/stm32g4xx_hal_flash_ex.c ****            capability (RWW)
  20:Drivers/STM32G4xx_HAL_Driver/Src/stm32g4xx_hal_flash_ex.c ****        (+) Dual bank 64-bits memory organization with possibility of single bank 128-bits
  21:Drivers/STM32G4xx_HAL_Driver/Src/stm32g4xx_hal_flash_ex.c ****        (+) Protected areas including WRP, PCROP and Securable memory
  22:Drivers/STM32G4xx_HAL_Driver/Src/stm32g4xx_hal_flash_ex.c **** 
  23:Drivers/STM32G4xx_HAL_Driver/Src/stm32g4xx_hal_flash_ex.c ****                         ##### How to use this driver #####
  24:Drivers/STM32G4xx_HAL_Driver/Src/stm32g4xx_hal_flash_ex.c ****   ==============================================================================
  25:Drivers/STM32G4xx_HAL_Driver/Src/stm32g4xx_hal_flash_ex.c ****   [..] This driver provides functions to configure and program the FLASH memory
  26:Drivers/STM32G4xx_HAL_Driver/Src/stm32g4xx_hal_flash_ex.c ****        of all STM32G4xx devices. It includes
  27:Drivers/STM32G4xx_HAL_Driver/Src/stm32g4xx_hal_flash_ex.c ****       (#) Flash Memory Erase functions:
  28:Drivers/STM32G4xx_HAL_Driver/Src/stm32g4xx_hal_flash_ex.c ****            (++) Lock and Unlock the FLASH interface using HAL_FLASH_Unlock() and
  29:Drivers/STM32G4xx_HAL_Driver/Src/stm32g4xx_hal_flash_ex.c ****                 HAL_FLASH_Lock() functions
  30:Drivers/STM32G4xx_HAL_Driver/Src/stm32g4xx_hal_flash_ex.c ****            (++) Erase function: Erase pages, or mass erase banks
ARM GAS  /tmp/cceEh1js.s 			page 2


  31:Drivers/STM32G4xx_HAL_Driver/Src/stm32g4xx_hal_flash_ex.c ****            (++) There are two modes of erase :
  32:Drivers/STM32G4xx_HAL_Driver/Src/stm32g4xx_hal_flash_ex.c ****              (+++) Polling Mode using HAL_FLASHEx_Erase()
  33:Drivers/STM32G4xx_HAL_Driver/Src/stm32g4xx_hal_flash_ex.c ****              (+++) Interrupt Mode using HAL_FLASHEx_Erase_IT()
  34:Drivers/STM32G4xx_HAL_Driver/Src/stm32g4xx_hal_flash_ex.c **** 
  35:Drivers/STM32G4xx_HAL_Driver/Src/stm32g4xx_hal_flash_ex.c ****       (#) Option Bytes Programming function: Use HAL_FLASHEx_OBProgram() to:
  36:Drivers/STM32G4xx_HAL_Driver/Src/stm32g4xx_hal_flash_ex.c ****         (++) Configure the write protection areas (WRP)
  37:Drivers/STM32G4xx_HAL_Driver/Src/stm32g4xx_hal_flash_ex.c ****         (++) Set the Read protection Level (RDP)
  38:Drivers/STM32G4xx_HAL_Driver/Src/stm32g4xx_hal_flash_ex.c ****         (++) Program the user Option Bytes
  39:Drivers/STM32G4xx_HAL_Driver/Src/stm32g4xx_hal_flash_ex.c ****         (++) Configure the Proprietary Code ReadOut protection areas (PCROP)
  40:Drivers/STM32G4xx_HAL_Driver/Src/stm32g4xx_hal_flash_ex.c ****         (++) Configure the Securable memory areas
  41:Drivers/STM32G4xx_HAL_Driver/Src/stm32g4xx_hal_flash_ex.c ****         (++) Configure the Boot Lock
  42:Drivers/STM32G4xx_HAL_Driver/Src/stm32g4xx_hal_flash_ex.c **** 
  43:Drivers/STM32G4xx_HAL_Driver/Src/stm32g4xx_hal_flash_ex.c ****       (#) Get Option Bytes Configuration function: Use HAL_FLASHEx_OBGetConfig() to:
  44:Drivers/STM32G4xx_HAL_Driver/Src/stm32g4xx_hal_flash_ex.c ****         (++) Get the configuration of write protection areas (WRP)
  45:Drivers/STM32G4xx_HAL_Driver/Src/stm32g4xx_hal_flash_ex.c ****         (++) Get the level of read protection (RDP)
  46:Drivers/STM32G4xx_HAL_Driver/Src/stm32g4xx_hal_flash_ex.c ****         (++) Get the value of the user Option Bytes
  47:Drivers/STM32G4xx_HAL_Driver/Src/stm32g4xx_hal_flash_ex.c ****         (++) Get the configuration of Proprietary Code ReadOut Protection areas (PCROP)
  48:Drivers/STM32G4xx_HAL_Driver/Src/stm32g4xx_hal_flash_ex.c ****         (++) Get the configuration of Securable memory areas
  49:Drivers/STM32G4xx_HAL_Driver/Src/stm32g4xx_hal_flash_ex.c ****         (++) Get the status of Boot Lock
  50:Drivers/STM32G4xx_HAL_Driver/Src/stm32g4xx_hal_flash_ex.c **** 
  51:Drivers/STM32G4xx_HAL_Driver/Src/stm32g4xx_hal_flash_ex.c ****       (#) Activation of Securable memory area: Use HAL_FLASHEx_EnableSecMemProtection()
  52:Drivers/STM32G4xx_HAL_Driver/Src/stm32g4xx_hal_flash_ex.c ****         (++) Deny the access to securable memory area
  53:Drivers/STM32G4xx_HAL_Driver/Src/stm32g4xx_hal_flash_ex.c **** 
  54:Drivers/STM32G4xx_HAL_Driver/Src/stm32g4xx_hal_flash_ex.c ****       (#) Enable or disable debugger: Use HAL_FLASHEx_EnableDebugger() or
  55:Drivers/STM32G4xx_HAL_Driver/Src/stm32g4xx_hal_flash_ex.c ****           HAL_FLASHEx_DisableDebugger()
  56:Drivers/STM32G4xx_HAL_Driver/Src/stm32g4xx_hal_flash_ex.c **** 
  57:Drivers/STM32G4xx_HAL_Driver/Src/stm32g4xx_hal_flash_ex.c ****   @endverbatim
  58:Drivers/STM32G4xx_HAL_Driver/Src/stm32g4xx_hal_flash_ex.c ****   ******************************************************************************
  59:Drivers/STM32G4xx_HAL_Driver/Src/stm32g4xx_hal_flash_ex.c ****   * @attention
  60:Drivers/STM32G4xx_HAL_Driver/Src/stm32g4xx_hal_flash_ex.c ****   *
  61:Drivers/STM32G4xx_HAL_Driver/Src/stm32g4xx_hal_flash_ex.c ****   * Copyright (c) 2019 STMicroelectronics.
  62:Drivers/STM32G4xx_HAL_Driver/Src/stm32g4xx_hal_flash_ex.c ****   * All rights reserved.
  63:Drivers/STM32G4xx_HAL_Driver/Src/stm32g4xx_hal_flash_ex.c ****   *
  64:Drivers/STM32G4xx_HAL_Driver/Src/stm32g4xx_hal_flash_ex.c ****   * This software is licensed under terms that can be found in the LICENSE file in
  65:Drivers/STM32G4xx_HAL_Driver/Src/stm32g4xx_hal_flash_ex.c ****   * the root directory of this software component.
  66:Drivers/STM32G4xx_HAL_Driver/Src/stm32g4xx_hal_flash_ex.c ****   * If no LICENSE file comes with this software, it is provided AS-IS.
  67:Drivers/STM32G4xx_HAL_Driver/Src/stm32g4xx_hal_flash_ex.c ****   ******************************************************************************
  68:Drivers/STM32G4xx_HAL_Driver/Src/stm32g4xx_hal_flash_ex.c ****   */
  69:Drivers/STM32G4xx_HAL_Driver/Src/stm32g4xx_hal_flash_ex.c **** 
  70:Drivers/STM32G4xx_HAL_Driver/Src/stm32g4xx_hal_flash_ex.c **** /* Includes ------------------------------------------------------------------*/
  71:Drivers/STM32G4xx_HAL_Driver/Src/stm32g4xx_hal_flash_ex.c **** #include "stm32g4xx_hal.h"
  72:Drivers/STM32G4xx_HAL_Driver/Src/stm32g4xx_hal_flash_ex.c **** 
  73:Drivers/STM32G4xx_HAL_Driver/Src/stm32g4xx_hal_flash_ex.c **** /** @addtogroup STM32G4xx_HAL_Driver
  74:Drivers/STM32G4xx_HAL_Driver/Src/stm32g4xx_hal_flash_ex.c ****   * @{
  75:Drivers/STM32G4xx_HAL_Driver/Src/stm32g4xx_hal_flash_ex.c ****   */
  76:Drivers/STM32G4xx_HAL_Driver/Src/stm32g4xx_hal_flash_ex.c **** 
  77:Drivers/STM32G4xx_HAL_Driver/Src/stm32g4xx_hal_flash_ex.c **** /** @defgroup FLASHEx FLASHEx
  78:Drivers/STM32G4xx_HAL_Driver/Src/stm32g4xx_hal_flash_ex.c ****   * @brief FLASH Extended HAL module driver
  79:Drivers/STM32G4xx_HAL_Driver/Src/stm32g4xx_hal_flash_ex.c ****   * @{
  80:Drivers/STM32G4xx_HAL_Driver/Src/stm32g4xx_hal_flash_ex.c ****   */
  81:Drivers/STM32G4xx_HAL_Driver/Src/stm32g4xx_hal_flash_ex.c **** 
  82:Drivers/STM32G4xx_HAL_Driver/Src/stm32g4xx_hal_flash_ex.c **** #ifdef HAL_FLASH_MODULE_ENABLED
  83:Drivers/STM32G4xx_HAL_Driver/Src/stm32g4xx_hal_flash_ex.c **** 
  84:Drivers/STM32G4xx_HAL_Driver/Src/stm32g4xx_hal_flash_ex.c **** /* Private typedef -----------------------------------------------------------*/
  85:Drivers/STM32G4xx_HAL_Driver/Src/stm32g4xx_hal_flash_ex.c **** /* Private define ------------------------------------------------------------*/
  86:Drivers/STM32G4xx_HAL_Driver/Src/stm32g4xx_hal_flash_ex.c **** /* Private macro -------------------------------------------------------------*/
  87:Drivers/STM32G4xx_HAL_Driver/Src/stm32g4xx_hal_flash_ex.c **** /* Private variables ---------------------------------------------------------*/
ARM GAS  /tmp/cceEh1js.s 			page 3


  88:Drivers/STM32G4xx_HAL_Driver/Src/stm32g4xx_hal_flash_ex.c **** /* Private function prototypes -----------------------------------------------*/
  89:Drivers/STM32G4xx_HAL_Driver/Src/stm32g4xx_hal_flash_ex.c **** /** @defgroup FLASHEx_Private_Functions FLASHEx Private Functions
  90:Drivers/STM32G4xx_HAL_Driver/Src/stm32g4xx_hal_flash_ex.c ****   * @{
  91:Drivers/STM32G4xx_HAL_Driver/Src/stm32g4xx_hal_flash_ex.c ****   */
  92:Drivers/STM32G4xx_HAL_Driver/Src/stm32g4xx_hal_flash_ex.c **** static void              FLASH_MassErase(uint32_t Banks);
  93:Drivers/STM32G4xx_HAL_Driver/Src/stm32g4xx_hal_flash_ex.c **** static HAL_StatusTypeDef FLASH_OB_WRPConfig(uint32_t WRPArea, uint32_t WRPStartOffset, uint32_t WRD
  94:Drivers/STM32G4xx_HAL_Driver/Src/stm32g4xx_hal_flash_ex.c **** static HAL_StatusTypeDef FLASH_OB_RDPConfig(uint32_t RDPLevel);
  95:Drivers/STM32G4xx_HAL_Driver/Src/stm32g4xx_hal_flash_ex.c **** static HAL_StatusTypeDef FLASH_OB_UserConfig(uint32_t UserType, uint32_t UserConfig);
  96:Drivers/STM32G4xx_HAL_Driver/Src/stm32g4xx_hal_flash_ex.c **** static HAL_StatusTypeDef FLASH_OB_PCROPConfig(uint32_t PCROPConfig, uint32_t PCROPStartAddr, uint32
  97:Drivers/STM32G4xx_HAL_Driver/Src/stm32g4xx_hal_flash_ex.c **** static void              FLASH_OB_GetWRP(uint32_t WRPArea, uint32_t *WRPStartOffset, uint32_t *WRDP
  98:Drivers/STM32G4xx_HAL_Driver/Src/stm32g4xx_hal_flash_ex.c **** static uint32_t          FLASH_OB_GetRDP(void);
  99:Drivers/STM32G4xx_HAL_Driver/Src/stm32g4xx_hal_flash_ex.c **** static uint32_t          FLASH_OB_GetUser(void);
 100:Drivers/STM32G4xx_HAL_Driver/Src/stm32g4xx_hal_flash_ex.c **** static void              FLASH_OB_GetPCROP(uint32_t *PCROPConfig, uint32_t *PCROPStartAddr, uint32_
 101:Drivers/STM32G4xx_HAL_Driver/Src/stm32g4xx_hal_flash_ex.c **** static HAL_StatusTypeDef FLASH_OB_SecMemConfig(uint32_t SecMemBank, uint32_t SecMemSize);
 102:Drivers/STM32G4xx_HAL_Driver/Src/stm32g4xx_hal_flash_ex.c **** static void              FLASH_OB_GetSecMem(uint32_t SecMemBank, uint32_t *SecMemSize);
 103:Drivers/STM32G4xx_HAL_Driver/Src/stm32g4xx_hal_flash_ex.c **** static HAL_StatusTypeDef FLASH_OB_BootLockConfig(uint32_t BootLockConfig);
 104:Drivers/STM32G4xx_HAL_Driver/Src/stm32g4xx_hal_flash_ex.c **** static uint32_t          FLASH_OB_GetBootLock(void);
 105:Drivers/STM32G4xx_HAL_Driver/Src/stm32g4xx_hal_flash_ex.c **** 
 106:Drivers/STM32G4xx_HAL_Driver/Src/stm32g4xx_hal_flash_ex.c **** /**
 107:Drivers/STM32G4xx_HAL_Driver/Src/stm32g4xx_hal_flash_ex.c ****   * @}
 108:Drivers/STM32G4xx_HAL_Driver/Src/stm32g4xx_hal_flash_ex.c ****   */
 109:Drivers/STM32G4xx_HAL_Driver/Src/stm32g4xx_hal_flash_ex.c **** 
 110:Drivers/STM32G4xx_HAL_Driver/Src/stm32g4xx_hal_flash_ex.c **** /* Exported functions -------------------------------------------------------*/
 111:Drivers/STM32G4xx_HAL_Driver/Src/stm32g4xx_hal_flash_ex.c **** /** @defgroup FLASHEx_Exported_Functions FLASHEx Exported Functions
 112:Drivers/STM32G4xx_HAL_Driver/Src/stm32g4xx_hal_flash_ex.c ****   * @{
 113:Drivers/STM32G4xx_HAL_Driver/Src/stm32g4xx_hal_flash_ex.c ****   */
 114:Drivers/STM32G4xx_HAL_Driver/Src/stm32g4xx_hal_flash_ex.c **** 
 115:Drivers/STM32G4xx_HAL_Driver/Src/stm32g4xx_hal_flash_ex.c **** /** @defgroup FLASHEx_Exported_Functions_Group1 Extended IO operation functions
 116:Drivers/STM32G4xx_HAL_Driver/Src/stm32g4xx_hal_flash_ex.c ****   * @brief   Extended IO operation functions
 117:Drivers/STM32G4xx_HAL_Driver/Src/stm32g4xx_hal_flash_ex.c ****   *
 118:Drivers/STM32G4xx_HAL_Driver/Src/stm32g4xx_hal_flash_ex.c **** @verbatim
 119:Drivers/STM32G4xx_HAL_Driver/Src/stm32g4xx_hal_flash_ex.c ****  ===============================================================================
 120:Drivers/STM32G4xx_HAL_Driver/Src/stm32g4xx_hal_flash_ex.c ****                 ##### Extended programming operation functions #####
 121:Drivers/STM32G4xx_HAL_Driver/Src/stm32g4xx_hal_flash_ex.c ****  ===============================================================================
 122:Drivers/STM32G4xx_HAL_Driver/Src/stm32g4xx_hal_flash_ex.c ****     [..]
 123:Drivers/STM32G4xx_HAL_Driver/Src/stm32g4xx_hal_flash_ex.c ****     This subsection provides a set of functions allowing to manage the Extended FLASH
 124:Drivers/STM32G4xx_HAL_Driver/Src/stm32g4xx_hal_flash_ex.c ****     programming operations Operations.
 125:Drivers/STM32G4xx_HAL_Driver/Src/stm32g4xx_hal_flash_ex.c **** 
 126:Drivers/STM32G4xx_HAL_Driver/Src/stm32g4xx_hal_flash_ex.c **** @endverbatim
 127:Drivers/STM32G4xx_HAL_Driver/Src/stm32g4xx_hal_flash_ex.c ****   * @{
 128:Drivers/STM32G4xx_HAL_Driver/Src/stm32g4xx_hal_flash_ex.c ****   */
 129:Drivers/STM32G4xx_HAL_Driver/Src/stm32g4xx_hal_flash_ex.c **** /**
 130:Drivers/STM32G4xx_HAL_Driver/Src/stm32g4xx_hal_flash_ex.c ****   * @brief  Perform a mass erase or erase the specified FLASH memory pages.
 131:Drivers/STM32G4xx_HAL_Driver/Src/stm32g4xx_hal_flash_ex.c ****   * @param[in]  pEraseInit pointer to an FLASH_EraseInitTypeDef structure that
 132:Drivers/STM32G4xx_HAL_Driver/Src/stm32g4xx_hal_flash_ex.c ****   *         contains the configuration information for the erasing.
 133:Drivers/STM32G4xx_HAL_Driver/Src/stm32g4xx_hal_flash_ex.c ****   * @param[out]  PageError pointer to variable that contains the configuration
 134:Drivers/STM32G4xx_HAL_Driver/Src/stm32g4xx_hal_flash_ex.c ****   *         information on faulty page in case of error (0xFFFFFFFF means that all
 135:Drivers/STM32G4xx_HAL_Driver/Src/stm32g4xx_hal_flash_ex.c ****   *         the pages have been correctly erased).
 136:Drivers/STM32G4xx_HAL_Driver/Src/stm32g4xx_hal_flash_ex.c ****   * @retval HAL_Status
 137:Drivers/STM32G4xx_HAL_Driver/Src/stm32g4xx_hal_flash_ex.c ****   */
 138:Drivers/STM32G4xx_HAL_Driver/Src/stm32g4xx_hal_flash_ex.c **** HAL_StatusTypeDef HAL_FLASHEx_Erase(FLASH_EraseInitTypeDef *pEraseInit, uint32_t *PageError)
 139:Drivers/STM32G4xx_HAL_Driver/Src/stm32g4xx_hal_flash_ex.c **** {
 140:Drivers/STM32G4xx_HAL_Driver/Src/stm32g4xx_hal_flash_ex.c ****   HAL_StatusTypeDef status;
 141:Drivers/STM32G4xx_HAL_Driver/Src/stm32g4xx_hal_flash_ex.c ****   uint32_t page_index;
 142:Drivers/STM32G4xx_HAL_Driver/Src/stm32g4xx_hal_flash_ex.c **** 
 143:Drivers/STM32G4xx_HAL_Driver/Src/stm32g4xx_hal_flash_ex.c ****   /* Check the parameters */
 144:Drivers/STM32G4xx_HAL_Driver/Src/stm32g4xx_hal_flash_ex.c ****   assert_param(IS_FLASH_TYPEERASE(pEraseInit->TypeErase));
ARM GAS  /tmp/cceEh1js.s 			page 4


 145:Drivers/STM32G4xx_HAL_Driver/Src/stm32g4xx_hal_flash_ex.c **** 
 146:Drivers/STM32G4xx_HAL_Driver/Src/stm32g4xx_hal_flash_ex.c ****   /* Process Locked */
 147:Drivers/STM32G4xx_HAL_Driver/Src/stm32g4xx_hal_flash_ex.c ****   __HAL_LOCK(&pFlash);
 148:Drivers/STM32G4xx_HAL_Driver/Src/stm32g4xx_hal_flash_ex.c **** 
 149:Drivers/STM32G4xx_HAL_Driver/Src/stm32g4xx_hal_flash_ex.c ****   /* Wait for last operation to be completed */
 150:Drivers/STM32G4xx_HAL_Driver/Src/stm32g4xx_hal_flash_ex.c ****   status = FLASH_WaitForLastOperation((uint32_t)FLASH_TIMEOUT_VALUE);
 151:Drivers/STM32G4xx_HAL_Driver/Src/stm32g4xx_hal_flash_ex.c **** 
 152:Drivers/STM32G4xx_HAL_Driver/Src/stm32g4xx_hal_flash_ex.c ****   if (status == HAL_OK)
 153:Drivers/STM32G4xx_HAL_Driver/Src/stm32g4xx_hal_flash_ex.c ****   {
 154:Drivers/STM32G4xx_HAL_Driver/Src/stm32g4xx_hal_flash_ex.c ****     pFlash.ErrorCode = HAL_FLASH_ERROR_NONE;
 155:Drivers/STM32G4xx_HAL_Driver/Src/stm32g4xx_hal_flash_ex.c **** 
 156:Drivers/STM32G4xx_HAL_Driver/Src/stm32g4xx_hal_flash_ex.c ****     /* Deactivate the cache if they are activated to avoid data misbehavior */
 157:Drivers/STM32G4xx_HAL_Driver/Src/stm32g4xx_hal_flash_ex.c ****     if (READ_BIT(FLASH->ACR, FLASH_ACR_ICEN) != 0U)
 158:Drivers/STM32G4xx_HAL_Driver/Src/stm32g4xx_hal_flash_ex.c ****     {
 159:Drivers/STM32G4xx_HAL_Driver/Src/stm32g4xx_hal_flash_ex.c ****       if (READ_BIT(FLASH->ACR, FLASH_ACR_DCEN) != 0U)
 160:Drivers/STM32G4xx_HAL_Driver/Src/stm32g4xx_hal_flash_ex.c ****       {
 161:Drivers/STM32G4xx_HAL_Driver/Src/stm32g4xx_hal_flash_ex.c ****         /* Disable data cache  */
 162:Drivers/STM32G4xx_HAL_Driver/Src/stm32g4xx_hal_flash_ex.c ****         __HAL_FLASH_DATA_CACHE_DISABLE();
 163:Drivers/STM32G4xx_HAL_Driver/Src/stm32g4xx_hal_flash_ex.c ****         pFlash.CacheToReactivate = FLASH_CACHE_ICACHE_DCACHE_ENABLED;
 164:Drivers/STM32G4xx_HAL_Driver/Src/stm32g4xx_hal_flash_ex.c ****       }
 165:Drivers/STM32G4xx_HAL_Driver/Src/stm32g4xx_hal_flash_ex.c ****       else
 166:Drivers/STM32G4xx_HAL_Driver/Src/stm32g4xx_hal_flash_ex.c ****       {
 167:Drivers/STM32G4xx_HAL_Driver/Src/stm32g4xx_hal_flash_ex.c ****         pFlash.CacheToReactivate = FLASH_CACHE_ICACHE_ENABLED;
 168:Drivers/STM32G4xx_HAL_Driver/Src/stm32g4xx_hal_flash_ex.c ****       }
 169:Drivers/STM32G4xx_HAL_Driver/Src/stm32g4xx_hal_flash_ex.c ****     }
 170:Drivers/STM32G4xx_HAL_Driver/Src/stm32g4xx_hal_flash_ex.c ****     else if (READ_BIT(FLASH->ACR, FLASH_ACR_DCEN) != 0U)
 171:Drivers/STM32G4xx_HAL_Driver/Src/stm32g4xx_hal_flash_ex.c ****     {
 172:Drivers/STM32G4xx_HAL_Driver/Src/stm32g4xx_hal_flash_ex.c ****       /* Disable data cache  */
 173:Drivers/STM32G4xx_HAL_Driver/Src/stm32g4xx_hal_flash_ex.c ****       __HAL_FLASH_DATA_CACHE_DISABLE();
 174:Drivers/STM32G4xx_HAL_Driver/Src/stm32g4xx_hal_flash_ex.c ****       pFlash.CacheToReactivate = FLASH_CACHE_DCACHE_ENABLED;
 175:Drivers/STM32G4xx_HAL_Driver/Src/stm32g4xx_hal_flash_ex.c ****     }
 176:Drivers/STM32G4xx_HAL_Driver/Src/stm32g4xx_hal_flash_ex.c ****     else
 177:Drivers/STM32G4xx_HAL_Driver/Src/stm32g4xx_hal_flash_ex.c ****     {
 178:Drivers/STM32G4xx_HAL_Driver/Src/stm32g4xx_hal_flash_ex.c ****       pFlash.CacheToReactivate = FLASH_CACHE_DISABLED;
 179:Drivers/STM32G4xx_HAL_Driver/Src/stm32g4xx_hal_flash_ex.c ****     }
 180:Drivers/STM32G4xx_HAL_Driver/Src/stm32g4xx_hal_flash_ex.c **** 
 181:Drivers/STM32G4xx_HAL_Driver/Src/stm32g4xx_hal_flash_ex.c ****     if (pEraseInit->TypeErase == FLASH_TYPEERASE_MASSERASE)
 182:Drivers/STM32G4xx_HAL_Driver/Src/stm32g4xx_hal_flash_ex.c ****     {
 183:Drivers/STM32G4xx_HAL_Driver/Src/stm32g4xx_hal_flash_ex.c ****       /* Mass erase to be done */
 184:Drivers/STM32G4xx_HAL_Driver/Src/stm32g4xx_hal_flash_ex.c ****       FLASH_MassErase(pEraseInit->Banks);
 185:Drivers/STM32G4xx_HAL_Driver/Src/stm32g4xx_hal_flash_ex.c **** 
 186:Drivers/STM32G4xx_HAL_Driver/Src/stm32g4xx_hal_flash_ex.c ****       /* Wait for last operation to be completed */
 187:Drivers/STM32G4xx_HAL_Driver/Src/stm32g4xx_hal_flash_ex.c ****       status = FLASH_WaitForLastOperation((uint32_t)FLASH_TIMEOUT_VALUE);
 188:Drivers/STM32G4xx_HAL_Driver/Src/stm32g4xx_hal_flash_ex.c **** 
 189:Drivers/STM32G4xx_HAL_Driver/Src/stm32g4xx_hal_flash_ex.c **** #if defined (FLASH_OPTR_DBANK)
 190:Drivers/STM32G4xx_HAL_Driver/Src/stm32g4xx_hal_flash_ex.c ****       /* If the erase operation is completed, disable the MER1 and MER2 Bits */
 191:Drivers/STM32G4xx_HAL_Driver/Src/stm32g4xx_hal_flash_ex.c ****       CLEAR_BIT(FLASH->CR, (FLASH_CR_MER1 | FLASH_CR_MER2));
 192:Drivers/STM32G4xx_HAL_Driver/Src/stm32g4xx_hal_flash_ex.c **** #else
 193:Drivers/STM32G4xx_HAL_Driver/Src/stm32g4xx_hal_flash_ex.c ****       /* If the erase operation is completed, disable the MER1 Bit */
 194:Drivers/STM32G4xx_HAL_Driver/Src/stm32g4xx_hal_flash_ex.c ****       CLEAR_BIT(FLASH->CR, (FLASH_CR_MER1));
 195:Drivers/STM32G4xx_HAL_Driver/Src/stm32g4xx_hal_flash_ex.c **** #endif
 196:Drivers/STM32G4xx_HAL_Driver/Src/stm32g4xx_hal_flash_ex.c ****     }
 197:Drivers/STM32G4xx_HAL_Driver/Src/stm32g4xx_hal_flash_ex.c ****     else
 198:Drivers/STM32G4xx_HAL_Driver/Src/stm32g4xx_hal_flash_ex.c ****     {
 199:Drivers/STM32G4xx_HAL_Driver/Src/stm32g4xx_hal_flash_ex.c ****       /*Initialization of PageError variable*/
 200:Drivers/STM32G4xx_HAL_Driver/Src/stm32g4xx_hal_flash_ex.c ****       *PageError = 0xFFFFFFFFU;
 201:Drivers/STM32G4xx_HAL_Driver/Src/stm32g4xx_hal_flash_ex.c **** 
ARM GAS  /tmp/cceEh1js.s 			page 5


 202:Drivers/STM32G4xx_HAL_Driver/Src/stm32g4xx_hal_flash_ex.c ****       for (page_index = pEraseInit->Page; page_index < (pEraseInit->Page + pEraseInit->NbPages); pa
 203:Drivers/STM32G4xx_HAL_Driver/Src/stm32g4xx_hal_flash_ex.c ****       {
 204:Drivers/STM32G4xx_HAL_Driver/Src/stm32g4xx_hal_flash_ex.c ****         FLASH_PageErase(page_index, pEraseInit->Banks);
 205:Drivers/STM32G4xx_HAL_Driver/Src/stm32g4xx_hal_flash_ex.c **** 
 206:Drivers/STM32G4xx_HAL_Driver/Src/stm32g4xx_hal_flash_ex.c ****         /* Wait for last operation to be completed */
 207:Drivers/STM32G4xx_HAL_Driver/Src/stm32g4xx_hal_flash_ex.c ****         status = FLASH_WaitForLastOperation((uint32_t)FLASH_TIMEOUT_VALUE);
 208:Drivers/STM32G4xx_HAL_Driver/Src/stm32g4xx_hal_flash_ex.c **** 
 209:Drivers/STM32G4xx_HAL_Driver/Src/stm32g4xx_hal_flash_ex.c ****         /* If the erase operation is completed, disable the PER Bit */
 210:Drivers/STM32G4xx_HAL_Driver/Src/stm32g4xx_hal_flash_ex.c ****         CLEAR_BIT(FLASH->CR, (FLASH_CR_PER | FLASH_CR_PNB));
 211:Drivers/STM32G4xx_HAL_Driver/Src/stm32g4xx_hal_flash_ex.c **** 
 212:Drivers/STM32G4xx_HAL_Driver/Src/stm32g4xx_hal_flash_ex.c ****         if (status != HAL_OK)
 213:Drivers/STM32G4xx_HAL_Driver/Src/stm32g4xx_hal_flash_ex.c ****         {
 214:Drivers/STM32G4xx_HAL_Driver/Src/stm32g4xx_hal_flash_ex.c ****           /* In case of error, stop erase procedure and return the faulty page */
 215:Drivers/STM32G4xx_HAL_Driver/Src/stm32g4xx_hal_flash_ex.c ****           *PageError = page_index;
 216:Drivers/STM32G4xx_HAL_Driver/Src/stm32g4xx_hal_flash_ex.c ****           break;
 217:Drivers/STM32G4xx_HAL_Driver/Src/stm32g4xx_hal_flash_ex.c ****         }
 218:Drivers/STM32G4xx_HAL_Driver/Src/stm32g4xx_hal_flash_ex.c ****       }
 219:Drivers/STM32G4xx_HAL_Driver/Src/stm32g4xx_hal_flash_ex.c ****     }
 220:Drivers/STM32G4xx_HAL_Driver/Src/stm32g4xx_hal_flash_ex.c **** 
 221:Drivers/STM32G4xx_HAL_Driver/Src/stm32g4xx_hal_flash_ex.c ****     /* Flush the caches to be sure of the data consistency */
 222:Drivers/STM32G4xx_HAL_Driver/Src/stm32g4xx_hal_flash_ex.c ****     FLASH_FlushCaches();
 223:Drivers/STM32G4xx_HAL_Driver/Src/stm32g4xx_hal_flash_ex.c ****   }
 224:Drivers/STM32G4xx_HAL_Driver/Src/stm32g4xx_hal_flash_ex.c **** 
 225:Drivers/STM32G4xx_HAL_Driver/Src/stm32g4xx_hal_flash_ex.c ****   /* Process Unlocked */
 226:Drivers/STM32G4xx_HAL_Driver/Src/stm32g4xx_hal_flash_ex.c ****   __HAL_UNLOCK(&pFlash);
 227:Drivers/STM32G4xx_HAL_Driver/Src/stm32g4xx_hal_flash_ex.c **** 
 228:Drivers/STM32G4xx_HAL_Driver/Src/stm32g4xx_hal_flash_ex.c ****   return status;
 229:Drivers/STM32G4xx_HAL_Driver/Src/stm32g4xx_hal_flash_ex.c **** }
 230:Drivers/STM32G4xx_HAL_Driver/Src/stm32g4xx_hal_flash_ex.c **** 
 231:Drivers/STM32G4xx_HAL_Driver/Src/stm32g4xx_hal_flash_ex.c **** /**
 232:Drivers/STM32G4xx_HAL_Driver/Src/stm32g4xx_hal_flash_ex.c ****   * @brief  Perform a mass erase or erase the specified FLASH memory pages with interrupt enabled.
 233:Drivers/STM32G4xx_HAL_Driver/Src/stm32g4xx_hal_flash_ex.c ****   * @param  pEraseInit pointer to an FLASH_EraseInitTypeDef structure that
 234:Drivers/STM32G4xx_HAL_Driver/Src/stm32g4xx_hal_flash_ex.c ****   *         contains the configuration information for the erasing.
 235:Drivers/STM32G4xx_HAL_Driver/Src/stm32g4xx_hal_flash_ex.c ****   * @retval HAL_Status
 236:Drivers/STM32G4xx_HAL_Driver/Src/stm32g4xx_hal_flash_ex.c ****   */
 237:Drivers/STM32G4xx_HAL_Driver/Src/stm32g4xx_hal_flash_ex.c **** HAL_StatusTypeDef HAL_FLASHEx_Erase_IT(FLASH_EraseInitTypeDef *pEraseInit)
 238:Drivers/STM32G4xx_HAL_Driver/Src/stm32g4xx_hal_flash_ex.c **** {
 239:Drivers/STM32G4xx_HAL_Driver/Src/stm32g4xx_hal_flash_ex.c ****   HAL_StatusTypeDef status = HAL_OK;
 240:Drivers/STM32G4xx_HAL_Driver/Src/stm32g4xx_hal_flash_ex.c **** 
 241:Drivers/STM32G4xx_HAL_Driver/Src/stm32g4xx_hal_flash_ex.c ****   /* Process Locked */
 242:Drivers/STM32G4xx_HAL_Driver/Src/stm32g4xx_hal_flash_ex.c ****   __HAL_LOCK(&pFlash);
 243:Drivers/STM32G4xx_HAL_Driver/Src/stm32g4xx_hal_flash_ex.c **** 
 244:Drivers/STM32G4xx_HAL_Driver/Src/stm32g4xx_hal_flash_ex.c ****   /* Check the parameters */
 245:Drivers/STM32G4xx_HAL_Driver/Src/stm32g4xx_hal_flash_ex.c ****   assert_param(IS_FLASH_TYPEERASE(pEraseInit->TypeErase));
 246:Drivers/STM32G4xx_HAL_Driver/Src/stm32g4xx_hal_flash_ex.c **** 
 247:Drivers/STM32G4xx_HAL_Driver/Src/stm32g4xx_hal_flash_ex.c ****   pFlash.ErrorCode = HAL_FLASH_ERROR_NONE;
 248:Drivers/STM32G4xx_HAL_Driver/Src/stm32g4xx_hal_flash_ex.c **** 
 249:Drivers/STM32G4xx_HAL_Driver/Src/stm32g4xx_hal_flash_ex.c ****   /* Deactivate the cache if they are activated to avoid data misbehavior */
 250:Drivers/STM32G4xx_HAL_Driver/Src/stm32g4xx_hal_flash_ex.c ****   if (READ_BIT(FLASH->ACR, FLASH_ACR_ICEN) != 0U)
 251:Drivers/STM32G4xx_HAL_Driver/Src/stm32g4xx_hal_flash_ex.c ****   {
 252:Drivers/STM32G4xx_HAL_Driver/Src/stm32g4xx_hal_flash_ex.c ****     if (READ_BIT(FLASH->ACR, FLASH_ACR_DCEN) != 0U)
 253:Drivers/STM32G4xx_HAL_Driver/Src/stm32g4xx_hal_flash_ex.c ****     {
 254:Drivers/STM32G4xx_HAL_Driver/Src/stm32g4xx_hal_flash_ex.c ****       /* Disable data cache  */
 255:Drivers/STM32G4xx_HAL_Driver/Src/stm32g4xx_hal_flash_ex.c ****       __HAL_FLASH_DATA_CACHE_DISABLE();
 256:Drivers/STM32G4xx_HAL_Driver/Src/stm32g4xx_hal_flash_ex.c ****       pFlash.CacheToReactivate = FLASH_CACHE_ICACHE_DCACHE_ENABLED;
 257:Drivers/STM32G4xx_HAL_Driver/Src/stm32g4xx_hal_flash_ex.c ****     }
 258:Drivers/STM32G4xx_HAL_Driver/Src/stm32g4xx_hal_flash_ex.c ****     else
ARM GAS  /tmp/cceEh1js.s 			page 6


 259:Drivers/STM32G4xx_HAL_Driver/Src/stm32g4xx_hal_flash_ex.c ****     {
 260:Drivers/STM32G4xx_HAL_Driver/Src/stm32g4xx_hal_flash_ex.c ****       pFlash.CacheToReactivate = FLASH_CACHE_ICACHE_ENABLED;
 261:Drivers/STM32G4xx_HAL_Driver/Src/stm32g4xx_hal_flash_ex.c ****     }
 262:Drivers/STM32G4xx_HAL_Driver/Src/stm32g4xx_hal_flash_ex.c ****   }
 263:Drivers/STM32G4xx_HAL_Driver/Src/stm32g4xx_hal_flash_ex.c ****   else if (READ_BIT(FLASH->ACR, FLASH_ACR_DCEN) != 0U)
 264:Drivers/STM32G4xx_HAL_Driver/Src/stm32g4xx_hal_flash_ex.c ****   {
 265:Drivers/STM32G4xx_HAL_Driver/Src/stm32g4xx_hal_flash_ex.c ****     /* Disable data cache  */
 266:Drivers/STM32G4xx_HAL_Driver/Src/stm32g4xx_hal_flash_ex.c ****     __HAL_FLASH_DATA_CACHE_DISABLE();
 267:Drivers/STM32G4xx_HAL_Driver/Src/stm32g4xx_hal_flash_ex.c ****     pFlash.CacheToReactivate = FLASH_CACHE_DCACHE_ENABLED;
 268:Drivers/STM32G4xx_HAL_Driver/Src/stm32g4xx_hal_flash_ex.c ****   }
 269:Drivers/STM32G4xx_HAL_Driver/Src/stm32g4xx_hal_flash_ex.c ****   else
 270:Drivers/STM32G4xx_HAL_Driver/Src/stm32g4xx_hal_flash_ex.c ****   {
 271:Drivers/STM32G4xx_HAL_Driver/Src/stm32g4xx_hal_flash_ex.c ****     pFlash.CacheToReactivate = FLASH_CACHE_DISABLED;
 272:Drivers/STM32G4xx_HAL_Driver/Src/stm32g4xx_hal_flash_ex.c ****   }
 273:Drivers/STM32G4xx_HAL_Driver/Src/stm32g4xx_hal_flash_ex.c **** 
 274:Drivers/STM32G4xx_HAL_Driver/Src/stm32g4xx_hal_flash_ex.c ****   /* Enable End of Operation and Error interrupts */
 275:Drivers/STM32G4xx_HAL_Driver/Src/stm32g4xx_hal_flash_ex.c ****   __HAL_FLASH_ENABLE_IT(FLASH_IT_EOP | FLASH_IT_OPERR);
 276:Drivers/STM32G4xx_HAL_Driver/Src/stm32g4xx_hal_flash_ex.c **** 
 277:Drivers/STM32G4xx_HAL_Driver/Src/stm32g4xx_hal_flash_ex.c ****   pFlash.Bank = pEraseInit->Banks;
 278:Drivers/STM32G4xx_HAL_Driver/Src/stm32g4xx_hal_flash_ex.c **** 
 279:Drivers/STM32G4xx_HAL_Driver/Src/stm32g4xx_hal_flash_ex.c ****   if (pEraseInit->TypeErase == FLASH_TYPEERASE_MASSERASE)
 280:Drivers/STM32G4xx_HAL_Driver/Src/stm32g4xx_hal_flash_ex.c ****   {
 281:Drivers/STM32G4xx_HAL_Driver/Src/stm32g4xx_hal_flash_ex.c ****     /* Mass erase to be done */
 282:Drivers/STM32G4xx_HAL_Driver/Src/stm32g4xx_hal_flash_ex.c ****     pFlash.ProcedureOnGoing = FLASH_PROC_MASS_ERASE;
 283:Drivers/STM32G4xx_HAL_Driver/Src/stm32g4xx_hal_flash_ex.c ****     FLASH_MassErase(pEraseInit->Banks);
 284:Drivers/STM32G4xx_HAL_Driver/Src/stm32g4xx_hal_flash_ex.c ****   }
 285:Drivers/STM32G4xx_HAL_Driver/Src/stm32g4xx_hal_flash_ex.c ****   else
 286:Drivers/STM32G4xx_HAL_Driver/Src/stm32g4xx_hal_flash_ex.c ****   {
 287:Drivers/STM32G4xx_HAL_Driver/Src/stm32g4xx_hal_flash_ex.c ****     /* Erase by page to be done */
 288:Drivers/STM32G4xx_HAL_Driver/Src/stm32g4xx_hal_flash_ex.c ****     pFlash.ProcedureOnGoing = FLASH_PROC_PAGE_ERASE;
 289:Drivers/STM32G4xx_HAL_Driver/Src/stm32g4xx_hal_flash_ex.c ****     pFlash.NbPagesToErase = pEraseInit->NbPages;
 290:Drivers/STM32G4xx_HAL_Driver/Src/stm32g4xx_hal_flash_ex.c ****     pFlash.Page = pEraseInit->Page;
 291:Drivers/STM32G4xx_HAL_Driver/Src/stm32g4xx_hal_flash_ex.c **** 
 292:Drivers/STM32G4xx_HAL_Driver/Src/stm32g4xx_hal_flash_ex.c ****     /*Erase 1st page and wait for IT */
 293:Drivers/STM32G4xx_HAL_Driver/Src/stm32g4xx_hal_flash_ex.c ****     FLASH_PageErase(pEraseInit->Page, pEraseInit->Banks);
 294:Drivers/STM32G4xx_HAL_Driver/Src/stm32g4xx_hal_flash_ex.c ****   }
 295:Drivers/STM32G4xx_HAL_Driver/Src/stm32g4xx_hal_flash_ex.c **** 
 296:Drivers/STM32G4xx_HAL_Driver/Src/stm32g4xx_hal_flash_ex.c ****   return status;
 297:Drivers/STM32G4xx_HAL_Driver/Src/stm32g4xx_hal_flash_ex.c **** }
 298:Drivers/STM32G4xx_HAL_Driver/Src/stm32g4xx_hal_flash_ex.c **** 
 299:Drivers/STM32G4xx_HAL_Driver/Src/stm32g4xx_hal_flash_ex.c **** /**
 300:Drivers/STM32G4xx_HAL_Driver/Src/stm32g4xx_hal_flash_ex.c ****   * @brief  Program Option bytes.
 301:Drivers/STM32G4xx_HAL_Driver/Src/stm32g4xx_hal_flash_ex.c ****   * @param  pOBInit pointer to an FLASH_OBInitStruct structure that
 302:Drivers/STM32G4xx_HAL_Driver/Src/stm32g4xx_hal_flash_ex.c ****   *         contains the configuration information for the programming.
 303:Drivers/STM32G4xx_HAL_Driver/Src/stm32g4xx_hal_flash_ex.c ****   * @note   To configure any option bytes, the option lock bit OPTLOCK must be
 304:Drivers/STM32G4xx_HAL_Driver/Src/stm32g4xx_hal_flash_ex.c ****   *         cleared with the call of HAL_FLASH_OB_Unlock() function.
 305:Drivers/STM32G4xx_HAL_Driver/Src/stm32g4xx_hal_flash_ex.c ****   * @note   New option bytes configuration will be taken into account in two cases:
 306:Drivers/STM32G4xx_HAL_Driver/Src/stm32g4xx_hal_flash_ex.c ****   *         - after an option bytes launch through the call of HAL_FLASH_OB_Launch()
 307:Drivers/STM32G4xx_HAL_Driver/Src/stm32g4xx_hal_flash_ex.c ****   *         - after a power reset (BOR reset or exit from Standby/Shutdown modes)
 308:Drivers/STM32G4xx_HAL_Driver/Src/stm32g4xx_hal_flash_ex.c ****   * @retval HAL_Status
 309:Drivers/STM32G4xx_HAL_Driver/Src/stm32g4xx_hal_flash_ex.c ****   */
 310:Drivers/STM32G4xx_HAL_Driver/Src/stm32g4xx_hal_flash_ex.c **** HAL_StatusTypeDef HAL_FLASHEx_OBProgram(FLASH_OBProgramInitTypeDef *pOBInit)
 311:Drivers/STM32G4xx_HAL_Driver/Src/stm32g4xx_hal_flash_ex.c **** {
 312:Drivers/STM32G4xx_HAL_Driver/Src/stm32g4xx_hal_flash_ex.c ****   HAL_StatusTypeDef status = HAL_OK;
 313:Drivers/STM32G4xx_HAL_Driver/Src/stm32g4xx_hal_flash_ex.c **** 
 314:Drivers/STM32G4xx_HAL_Driver/Src/stm32g4xx_hal_flash_ex.c ****   /* Check the parameters */
 315:Drivers/STM32G4xx_HAL_Driver/Src/stm32g4xx_hal_flash_ex.c ****   assert_param(IS_OPTIONBYTE(pOBInit->OptionType));
ARM GAS  /tmp/cceEh1js.s 			page 7


 316:Drivers/STM32G4xx_HAL_Driver/Src/stm32g4xx_hal_flash_ex.c **** 
 317:Drivers/STM32G4xx_HAL_Driver/Src/stm32g4xx_hal_flash_ex.c ****   /* Process Locked */
 318:Drivers/STM32G4xx_HAL_Driver/Src/stm32g4xx_hal_flash_ex.c ****   __HAL_LOCK(&pFlash);
 319:Drivers/STM32G4xx_HAL_Driver/Src/stm32g4xx_hal_flash_ex.c **** 
 320:Drivers/STM32G4xx_HAL_Driver/Src/stm32g4xx_hal_flash_ex.c ****   pFlash.ErrorCode = HAL_FLASH_ERROR_NONE;
 321:Drivers/STM32G4xx_HAL_Driver/Src/stm32g4xx_hal_flash_ex.c **** 
 322:Drivers/STM32G4xx_HAL_Driver/Src/stm32g4xx_hal_flash_ex.c ****   /* Write protection configuration */
 323:Drivers/STM32G4xx_HAL_Driver/Src/stm32g4xx_hal_flash_ex.c ****   if ((pOBInit->OptionType & OPTIONBYTE_WRP) != 0U)
 324:Drivers/STM32G4xx_HAL_Driver/Src/stm32g4xx_hal_flash_ex.c ****   {
 325:Drivers/STM32G4xx_HAL_Driver/Src/stm32g4xx_hal_flash_ex.c ****     /* Configure of Write protection on the selected area */
 326:Drivers/STM32G4xx_HAL_Driver/Src/stm32g4xx_hal_flash_ex.c ****     if (FLASH_OB_WRPConfig(pOBInit->WRPArea, pOBInit->WRPStartOffset, pOBInit->WRPEndOffset) != HAL
 327:Drivers/STM32G4xx_HAL_Driver/Src/stm32g4xx_hal_flash_ex.c ****     {
 328:Drivers/STM32G4xx_HAL_Driver/Src/stm32g4xx_hal_flash_ex.c ****       status = HAL_ERROR;
 329:Drivers/STM32G4xx_HAL_Driver/Src/stm32g4xx_hal_flash_ex.c ****     }
 330:Drivers/STM32G4xx_HAL_Driver/Src/stm32g4xx_hal_flash_ex.c ****   }
 331:Drivers/STM32G4xx_HAL_Driver/Src/stm32g4xx_hal_flash_ex.c **** 
 332:Drivers/STM32G4xx_HAL_Driver/Src/stm32g4xx_hal_flash_ex.c ****   /* Read protection configuration */
 333:Drivers/STM32G4xx_HAL_Driver/Src/stm32g4xx_hal_flash_ex.c ****   if ((pOBInit->OptionType & OPTIONBYTE_RDP) != 0U)
 334:Drivers/STM32G4xx_HAL_Driver/Src/stm32g4xx_hal_flash_ex.c ****   {
 335:Drivers/STM32G4xx_HAL_Driver/Src/stm32g4xx_hal_flash_ex.c ****     /* Configure the Read protection level */
 336:Drivers/STM32G4xx_HAL_Driver/Src/stm32g4xx_hal_flash_ex.c ****     if (FLASH_OB_RDPConfig(pOBInit->RDPLevel) != HAL_OK)
 337:Drivers/STM32G4xx_HAL_Driver/Src/stm32g4xx_hal_flash_ex.c ****     {
 338:Drivers/STM32G4xx_HAL_Driver/Src/stm32g4xx_hal_flash_ex.c ****       status = HAL_ERROR;
 339:Drivers/STM32G4xx_HAL_Driver/Src/stm32g4xx_hal_flash_ex.c ****     }
 340:Drivers/STM32G4xx_HAL_Driver/Src/stm32g4xx_hal_flash_ex.c ****   }
 341:Drivers/STM32G4xx_HAL_Driver/Src/stm32g4xx_hal_flash_ex.c **** 
 342:Drivers/STM32G4xx_HAL_Driver/Src/stm32g4xx_hal_flash_ex.c ****   /* User Configuration */
 343:Drivers/STM32G4xx_HAL_Driver/Src/stm32g4xx_hal_flash_ex.c ****   if ((pOBInit->OptionType & OPTIONBYTE_USER) != 0U)
 344:Drivers/STM32G4xx_HAL_Driver/Src/stm32g4xx_hal_flash_ex.c ****   {
 345:Drivers/STM32G4xx_HAL_Driver/Src/stm32g4xx_hal_flash_ex.c ****     /* Configure the user option bytes */
 346:Drivers/STM32G4xx_HAL_Driver/Src/stm32g4xx_hal_flash_ex.c ****     if (FLASH_OB_UserConfig(pOBInit->USERType, pOBInit->USERConfig) != HAL_OK)
 347:Drivers/STM32G4xx_HAL_Driver/Src/stm32g4xx_hal_flash_ex.c ****     {
 348:Drivers/STM32G4xx_HAL_Driver/Src/stm32g4xx_hal_flash_ex.c ****       status = HAL_ERROR;
 349:Drivers/STM32G4xx_HAL_Driver/Src/stm32g4xx_hal_flash_ex.c ****     }
 350:Drivers/STM32G4xx_HAL_Driver/Src/stm32g4xx_hal_flash_ex.c ****   }
 351:Drivers/STM32G4xx_HAL_Driver/Src/stm32g4xx_hal_flash_ex.c **** 
 352:Drivers/STM32G4xx_HAL_Driver/Src/stm32g4xx_hal_flash_ex.c ****   /* PCROP Configuration */
 353:Drivers/STM32G4xx_HAL_Driver/Src/stm32g4xx_hal_flash_ex.c ****   if ((pOBInit->OptionType & OPTIONBYTE_PCROP) != 0U)
 354:Drivers/STM32G4xx_HAL_Driver/Src/stm32g4xx_hal_flash_ex.c ****   {
 355:Drivers/STM32G4xx_HAL_Driver/Src/stm32g4xx_hal_flash_ex.c ****     if (pOBInit->PCROPStartAddr != pOBInit->PCROPEndAddr)
 356:Drivers/STM32G4xx_HAL_Driver/Src/stm32g4xx_hal_flash_ex.c ****     {
 357:Drivers/STM32G4xx_HAL_Driver/Src/stm32g4xx_hal_flash_ex.c ****       /* Configure the Proprietary code readout protection */
 358:Drivers/STM32G4xx_HAL_Driver/Src/stm32g4xx_hal_flash_ex.c ****       if (FLASH_OB_PCROPConfig(pOBInit->PCROPConfig, pOBInit->PCROPStartAddr, pOBInit->PCROPEndAddr
 359:Drivers/STM32G4xx_HAL_Driver/Src/stm32g4xx_hal_flash_ex.c ****       {
 360:Drivers/STM32G4xx_HAL_Driver/Src/stm32g4xx_hal_flash_ex.c ****         status = HAL_ERROR;
 361:Drivers/STM32G4xx_HAL_Driver/Src/stm32g4xx_hal_flash_ex.c ****       }
 362:Drivers/STM32G4xx_HAL_Driver/Src/stm32g4xx_hal_flash_ex.c ****     }
 363:Drivers/STM32G4xx_HAL_Driver/Src/stm32g4xx_hal_flash_ex.c ****   }
 364:Drivers/STM32G4xx_HAL_Driver/Src/stm32g4xx_hal_flash_ex.c **** 
 365:Drivers/STM32G4xx_HAL_Driver/Src/stm32g4xx_hal_flash_ex.c ****   /* Securable memory Configuration */
 366:Drivers/STM32G4xx_HAL_Driver/Src/stm32g4xx_hal_flash_ex.c ****   if ((pOBInit->OptionType & OPTIONBYTE_SEC) != 0U)
 367:Drivers/STM32G4xx_HAL_Driver/Src/stm32g4xx_hal_flash_ex.c ****   {
 368:Drivers/STM32G4xx_HAL_Driver/Src/stm32g4xx_hal_flash_ex.c ****     /* Configure the securable memory area */
 369:Drivers/STM32G4xx_HAL_Driver/Src/stm32g4xx_hal_flash_ex.c ****     if (FLASH_OB_SecMemConfig(pOBInit->SecBank, pOBInit->SecSize) != HAL_OK)
 370:Drivers/STM32G4xx_HAL_Driver/Src/stm32g4xx_hal_flash_ex.c ****     {
 371:Drivers/STM32G4xx_HAL_Driver/Src/stm32g4xx_hal_flash_ex.c ****       status = HAL_ERROR;
 372:Drivers/STM32G4xx_HAL_Driver/Src/stm32g4xx_hal_flash_ex.c ****     }
ARM GAS  /tmp/cceEh1js.s 			page 8


 373:Drivers/STM32G4xx_HAL_Driver/Src/stm32g4xx_hal_flash_ex.c ****   }
 374:Drivers/STM32G4xx_HAL_Driver/Src/stm32g4xx_hal_flash_ex.c **** 
 375:Drivers/STM32G4xx_HAL_Driver/Src/stm32g4xx_hal_flash_ex.c ****   /* Boot Entry Point Configuration */
 376:Drivers/STM32G4xx_HAL_Driver/Src/stm32g4xx_hal_flash_ex.c ****   if ((pOBInit->OptionType & OPTIONBYTE_BOOT_LOCK) != 0U)
 377:Drivers/STM32G4xx_HAL_Driver/Src/stm32g4xx_hal_flash_ex.c ****   {
 378:Drivers/STM32G4xx_HAL_Driver/Src/stm32g4xx_hal_flash_ex.c ****     /* Configure the boot unique entry point option */
 379:Drivers/STM32G4xx_HAL_Driver/Src/stm32g4xx_hal_flash_ex.c ****     if (FLASH_OB_BootLockConfig(pOBInit->BootEntryPoint) != HAL_OK)
 380:Drivers/STM32G4xx_HAL_Driver/Src/stm32g4xx_hal_flash_ex.c ****     {
 381:Drivers/STM32G4xx_HAL_Driver/Src/stm32g4xx_hal_flash_ex.c ****       status = HAL_ERROR;
 382:Drivers/STM32G4xx_HAL_Driver/Src/stm32g4xx_hal_flash_ex.c ****     }
 383:Drivers/STM32G4xx_HAL_Driver/Src/stm32g4xx_hal_flash_ex.c ****   }
 384:Drivers/STM32G4xx_HAL_Driver/Src/stm32g4xx_hal_flash_ex.c **** 
 385:Drivers/STM32G4xx_HAL_Driver/Src/stm32g4xx_hal_flash_ex.c ****   /* Process Unlocked */
 386:Drivers/STM32G4xx_HAL_Driver/Src/stm32g4xx_hal_flash_ex.c ****   __HAL_UNLOCK(&pFlash);
 387:Drivers/STM32G4xx_HAL_Driver/Src/stm32g4xx_hal_flash_ex.c **** 
 388:Drivers/STM32G4xx_HAL_Driver/Src/stm32g4xx_hal_flash_ex.c ****   return status;
 389:Drivers/STM32G4xx_HAL_Driver/Src/stm32g4xx_hal_flash_ex.c **** }
 390:Drivers/STM32G4xx_HAL_Driver/Src/stm32g4xx_hal_flash_ex.c **** 
 391:Drivers/STM32G4xx_HAL_Driver/Src/stm32g4xx_hal_flash_ex.c **** /**
 392:Drivers/STM32G4xx_HAL_Driver/Src/stm32g4xx_hal_flash_ex.c ****   * @brief  Get the Option bytes configuration.
 393:Drivers/STM32G4xx_HAL_Driver/Src/stm32g4xx_hal_flash_ex.c ****   * @param  pOBInit pointer to an FLASH_OBInitStruct structure that contains the
 394:Drivers/STM32G4xx_HAL_Driver/Src/stm32g4xx_hal_flash_ex.c ****   *         configuration information.
 395:Drivers/STM32G4xx_HAL_Driver/Src/stm32g4xx_hal_flash_ex.c ****   * @note   The fields pOBInit->WRPArea and pOBInit->PCROPConfig should indicate
 396:Drivers/STM32G4xx_HAL_Driver/Src/stm32g4xx_hal_flash_ex.c ****   *         which area is requested for the WRP and PCROP, else no information will be returned.
 397:Drivers/STM32G4xx_HAL_Driver/Src/stm32g4xx_hal_flash_ex.c ****   * @retval None
 398:Drivers/STM32G4xx_HAL_Driver/Src/stm32g4xx_hal_flash_ex.c ****   */
 399:Drivers/STM32G4xx_HAL_Driver/Src/stm32g4xx_hal_flash_ex.c **** void HAL_FLASHEx_OBGetConfig(FLASH_OBProgramInitTypeDef *pOBInit)
 400:Drivers/STM32G4xx_HAL_Driver/Src/stm32g4xx_hal_flash_ex.c **** {
 401:Drivers/STM32G4xx_HAL_Driver/Src/stm32g4xx_hal_flash_ex.c ****   pOBInit->OptionType = (OPTIONBYTE_RDP | OPTIONBYTE_USER);
 402:Drivers/STM32G4xx_HAL_Driver/Src/stm32g4xx_hal_flash_ex.c **** 
 403:Drivers/STM32G4xx_HAL_Driver/Src/stm32g4xx_hal_flash_ex.c **** #if defined (FLASH_OPTR_DBANK)
 404:Drivers/STM32G4xx_HAL_Driver/Src/stm32g4xx_hal_flash_ex.c ****   if ((pOBInit->WRPArea == OB_WRPAREA_BANK1_AREAA) || (pOBInit->WRPArea == OB_WRPAREA_BANK1_AREAB) 
 405:Drivers/STM32G4xx_HAL_Driver/Src/stm32g4xx_hal_flash_ex.c ****       (pOBInit->WRPArea == OB_WRPAREA_BANK2_AREAA) || (pOBInit->WRPArea == OB_WRPAREA_BANK2_AREAB))
 406:Drivers/STM32G4xx_HAL_Driver/Src/stm32g4xx_hal_flash_ex.c **** #else
 407:Drivers/STM32G4xx_HAL_Driver/Src/stm32g4xx_hal_flash_ex.c ****   if ((pOBInit->WRPArea == OB_WRPAREA_BANK1_AREAA) || (pOBInit->WRPArea == OB_WRPAREA_BANK1_AREAB))
 408:Drivers/STM32G4xx_HAL_Driver/Src/stm32g4xx_hal_flash_ex.c **** #endif
 409:Drivers/STM32G4xx_HAL_Driver/Src/stm32g4xx_hal_flash_ex.c ****   {
 410:Drivers/STM32G4xx_HAL_Driver/Src/stm32g4xx_hal_flash_ex.c ****     pOBInit->OptionType |= OPTIONBYTE_WRP;
 411:Drivers/STM32G4xx_HAL_Driver/Src/stm32g4xx_hal_flash_ex.c ****     /* Get write protection on the selected area */
 412:Drivers/STM32G4xx_HAL_Driver/Src/stm32g4xx_hal_flash_ex.c ****     FLASH_OB_GetWRP(pOBInit->WRPArea, &(pOBInit->WRPStartOffset), &(pOBInit->WRPEndOffset));
 413:Drivers/STM32G4xx_HAL_Driver/Src/stm32g4xx_hal_flash_ex.c ****   }
 414:Drivers/STM32G4xx_HAL_Driver/Src/stm32g4xx_hal_flash_ex.c **** 
 415:Drivers/STM32G4xx_HAL_Driver/Src/stm32g4xx_hal_flash_ex.c ****   /* Get Read protection level */
 416:Drivers/STM32G4xx_HAL_Driver/Src/stm32g4xx_hal_flash_ex.c ****   pOBInit->RDPLevel = FLASH_OB_GetRDP();
 417:Drivers/STM32G4xx_HAL_Driver/Src/stm32g4xx_hal_flash_ex.c **** 
 418:Drivers/STM32G4xx_HAL_Driver/Src/stm32g4xx_hal_flash_ex.c ****   /* Get the user option bytes */
 419:Drivers/STM32G4xx_HAL_Driver/Src/stm32g4xx_hal_flash_ex.c ****   pOBInit->USERConfig = FLASH_OB_GetUser();
 420:Drivers/STM32G4xx_HAL_Driver/Src/stm32g4xx_hal_flash_ex.c **** 
 421:Drivers/STM32G4xx_HAL_Driver/Src/stm32g4xx_hal_flash_ex.c **** #if defined (FLASH_OPTR_DBANK)
 422:Drivers/STM32G4xx_HAL_Driver/Src/stm32g4xx_hal_flash_ex.c ****   if ((pOBInit->PCROPConfig == FLASH_BANK_1) || (pOBInit->PCROPConfig == FLASH_BANK_2))
 423:Drivers/STM32G4xx_HAL_Driver/Src/stm32g4xx_hal_flash_ex.c **** #else
 424:Drivers/STM32G4xx_HAL_Driver/Src/stm32g4xx_hal_flash_ex.c ****   if (pOBInit->PCROPConfig == FLASH_BANK_1)
 425:Drivers/STM32G4xx_HAL_Driver/Src/stm32g4xx_hal_flash_ex.c **** #endif
 426:Drivers/STM32G4xx_HAL_Driver/Src/stm32g4xx_hal_flash_ex.c ****   {
 427:Drivers/STM32G4xx_HAL_Driver/Src/stm32g4xx_hal_flash_ex.c ****     pOBInit->OptionType |= OPTIONBYTE_PCROP;
 428:Drivers/STM32G4xx_HAL_Driver/Src/stm32g4xx_hal_flash_ex.c ****     /* Get the Proprietary code readout protection */
 429:Drivers/STM32G4xx_HAL_Driver/Src/stm32g4xx_hal_flash_ex.c ****     FLASH_OB_GetPCROP(&(pOBInit->PCROPConfig), &(pOBInit->PCROPStartAddr), &(pOBInit->PCROPEndAddr)
ARM GAS  /tmp/cceEh1js.s 			page 9


 430:Drivers/STM32G4xx_HAL_Driver/Src/stm32g4xx_hal_flash_ex.c ****   }
 431:Drivers/STM32G4xx_HAL_Driver/Src/stm32g4xx_hal_flash_ex.c **** 
 432:Drivers/STM32G4xx_HAL_Driver/Src/stm32g4xx_hal_flash_ex.c ****   pOBInit->OptionType |= OPTIONBYTE_BOOT_LOCK;
 433:Drivers/STM32G4xx_HAL_Driver/Src/stm32g4xx_hal_flash_ex.c **** 
 434:Drivers/STM32G4xx_HAL_Driver/Src/stm32g4xx_hal_flash_ex.c ****   /* Get the boot entry point */
 435:Drivers/STM32G4xx_HAL_Driver/Src/stm32g4xx_hal_flash_ex.c ****   pOBInit->BootEntryPoint = FLASH_OB_GetBootLock();
 436:Drivers/STM32G4xx_HAL_Driver/Src/stm32g4xx_hal_flash_ex.c **** 
 437:Drivers/STM32G4xx_HAL_Driver/Src/stm32g4xx_hal_flash_ex.c ****   /* Get the securable memory area configuration */
 438:Drivers/STM32G4xx_HAL_Driver/Src/stm32g4xx_hal_flash_ex.c **** #if defined (FLASH_OPTR_DBANK)
 439:Drivers/STM32G4xx_HAL_Driver/Src/stm32g4xx_hal_flash_ex.c ****   if ((pOBInit->SecBank == FLASH_BANK_1) || (pOBInit->SecBank == FLASH_BANK_2))
 440:Drivers/STM32G4xx_HAL_Driver/Src/stm32g4xx_hal_flash_ex.c **** #else
 441:Drivers/STM32G4xx_HAL_Driver/Src/stm32g4xx_hal_flash_ex.c ****   if (pOBInit->SecBank == FLASH_BANK_1)
 442:Drivers/STM32G4xx_HAL_Driver/Src/stm32g4xx_hal_flash_ex.c **** #endif
 443:Drivers/STM32G4xx_HAL_Driver/Src/stm32g4xx_hal_flash_ex.c ****   {
 444:Drivers/STM32G4xx_HAL_Driver/Src/stm32g4xx_hal_flash_ex.c ****     pOBInit->OptionType |= OPTIONBYTE_SEC;
 445:Drivers/STM32G4xx_HAL_Driver/Src/stm32g4xx_hal_flash_ex.c ****     FLASH_OB_GetSecMem(pOBInit->SecBank, &(pOBInit->SecSize));
 446:Drivers/STM32G4xx_HAL_Driver/Src/stm32g4xx_hal_flash_ex.c ****   }
 447:Drivers/STM32G4xx_HAL_Driver/Src/stm32g4xx_hal_flash_ex.c **** }
 448:Drivers/STM32G4xx_HAL_Driver/Src/stm32g4xx_hal_flash_ex.c **** 
 449:Drivers/STM32G4xx_HAL_Driver/Src/stm32g4xx_hal_flash_ex.c **** /**
 450:Drivers/STM32G4xx_HAL_Driver/Src/stm32g4xx_hal_flash_ex.c ****   * @brief  Enable the FLASH Securable Memory protection.
 451:Drivers/STM32G4xx_HAL_Driver/Src/stm32g4xx_hal_flash_ex.c ****   * @param  Bank: Bank to be protected
 452:Drivers/STM32G4xx_HAL_Driver/Src/stm32g4xx_hal_flash_ex.c ****   *          This parameter can be one of the following values:
 453:Drivers/STM32G4xx_HAL_Driver/Src/stm32g4xx_hal_flash_ex.c ****   *            @arg FLASH_BANK_1: Bank1 to be protected
 454:Drivers/STM32G4xx_HAL_Driver/Src/stm32g4xx_hal_flash_ex.c ****   *            @arg FLASH_BANK_2: Bank2 to be protected (*)
 455:Drivers/STM32G4xx_HAL_Driver/Src/stm32g4xx_hal_flash_ex.c ****   *            @arg FLASH_BANK_BOTH: Bank1 and Bank2 to be protected (*)
 456:Drivers/STM32G4xx_HAL_Driver/Src/stm32g4xx_hal_flash_ex.c ****   * @note   (*) availability depends on devices
 457:Drivers/STM32G4xx_HAL_Driver/Src/stm32g4xx_hal_flash_ex.c ****   * @retval HAL Status
 458:Drivers/STM32G4xx_HAL_Driver/Src/stm32g4xx_hal_flash_ex.c ****   */
 459:Drivers/STM32G4xx_HAL_Driver/Src/stm32g4xx_hal_flash_ex.c **** HAL_StatusTypeDef HAL_FLASHEx_EnableSecMemProtection(uint32_t Bank)
 460:Drivers/STM32G4xx_HAL_Driver/Src/stm32g4xx_hal_flash_ex.c **** {
 461:Drivers/STM32G4xx_HAL_Driver/Src/stm32g4xx_hal_flash_ex.c **** #if defined (FLASH_OPTR_DBANK)
 462:Drivers/STM32G4xx_HAL_Driver/Src/stm32g4xx_hal_flash_ex.c ****   if (READ_BIT(FLASH->OPTR, FLASH_OPTR_DBANK) != 0U)
 463:Drivers/STM32G4xx_HAL_Driver/Src/stm32g4xx_hal_flash_ex.c ****   {
 464:Drivers/STM32G4xx_HAL_Driver/Src/stm32g4xx_hal_flash_ex.c ****     /* Check the parameters */
 465:Drivers/STM32G4xx_HAL_Driver/Src/stm32g4xx_hal_flash_ex.c ****     assert_param(IS_FLASH_BANK(Bank));
 466:Drivers/STM32G4xx_HAL_Driver/Src/stm32g4xx_hal_flash_ex.c **** 
 467:Drivers/STM32G4xx_HAL_Driver/Src/stm32g4xx_hal_flash_ex.c ****     /* Enable the Securable Memory Protection Bit for the bank 1 if requested */
 468:Drivers/STM32G4xx_HAL_Driver/Src/stm32g4xx_hal_flash_ex.c ****     if ((Bank & FLASH_BANK_1) != 0U)
 469:Drivers/STM32G4xx_HAL_Driver/Src/stm32g4xx_hal_flash_ex.c ****     {
 470:Drivers/STM32G4xx_HAL_Driver/Src/stm32g4xx_hal_flash_ex.c ****       SET_BIT(FLASH->CR, FLASH_CR_SEC_PROT1);
 471:Drivers/STM32G4xx_HAL_Driver/Src/stm32g4xx_hal_flash_ex.c ****     }
 472:Drivers/STM32G4xx_HAL_Driver/Src/stm32g4xx_hal_flash_ex.c **** 
 473:Drivers/STM32G4xx_HAL_Driver/Src/stm32g4xx_hal_flash_ex.c ****     /* Enable the Securable Memory Protection Bit for the bank 2 if requested */
 474:Drivers/STM32G4xx_HAL_Driver/Src/stm32g4xx_hal_flash_ex.c ****     if ((Bank & FLASH_BANK_2) != 0U)
 475:Drivers/STM32G4xx_HAL_Driver/Src/stm32g4xx_hal_flash_ex.c ****     {
 476:Drivers/STM32G4xx_HAL_Driver/Src/stm32g4xx_hal_flash_ex.c ****       SET_BIT(FLASH->CR, FLASH_CR_SEC_PROT2);
 477:Drivers/STM32G4xx_HAL_Driver/Src/stm32g4xx_hal_flash_ex.c ****     }
 478:Drivers/STM32G4xx_HAL_Driver/Src/stm32g4xx_hal_flash_ex.c ****   }
 479:Drivers/STM32G4xx_HAL_Driver/Src/stm32g4xx_hal_flash_ex.c ****   else
 480:Drivers/STM32G4xx_HAL_Driver/Src/stm32g4xx_hal_flash_ex.c ****   {
 481:Drivers/STM32G4xx_HAL_Driver/Src/stm32g4xx_hal_flash_ex.c ****     SET_BIT(FLASH->CR, FLASH_CR_SEC_PROT1);
 482:Drivers/STM32G4xx_HAL_Driver/Src/stm32g4xx_hal_flash_ex.c ****   }
 483:Drivers/STM32G4xx_HAL_Driver/Src/stm32g4xx_hal_flash_ex.c **** #else
 484:Drivers/STM32G4xx_HAL_Driver/Src/stm32g4xx_hal_flash_ex.c ****   /* Prevent unused argument(s) compilation warning */
 485:Drivers/STM32G4xx_HAL_Driver/Src/stm32g4xx_hal_flash_ex.c ****   UNUSED(Bank);
 486:Drivers/STM32G4xx_HAL_Driver/Src/stm32g4xx_hal_flash_ex.c ****   SET_BIT(FLASH->CR, FLASH_CR_SEC_PROT1);
ARM GAS  /tmp/cceEh1js.s 			page 10


 487:Drivers/STM32G4xx_HAL_Driver/Src/stm32g4xx_hal_flash_ex.c **** #endif /* FLASH_OPTR_DBANK */
 488:Drivers/STM32G4xx_HAL_Driver/Src/stm32g4xx_hal_flash_ex.c **** 
 489:Drivers/STM32G4xx_HAL_Driver/Src/stm32g4xx_hal_flash_ex.c ****   return HAL_OK;
 490:Drivers/STM32G4xx_HAL_Driver/Src/stm32g4xx_hal_flash_ex.c **** }
 491:Drivers/STM32G4xx_HAL_Driver/Src/stm32g4xx_hal_flash_ex.c **** 
 492:Drivers/STM32G4xx_HAL_Driver/Src/stm32g4xx_hal_flash_ex.c **** /**
 493:Drivers/STM32G4xx_HAL_Driver/Src/stm32g4xx_hal_flash_ex.c ****   * @brief  Enable Debugger.
 494:Drivers/STM32G4xx_HAL_Driver/Src/stm32g4xx_hal_flash_ex.c ****   * @note   After calling this API, flash interface allow debugger intrusion.
 495:Drivers/STM32G4xx_HAL_Driver/Src/stm32g4xx_hal_flash_ex.c ****   * @retval None
 496:Drivers/STM32G4xx_HAL_Driver/Src/stm32g4xx_hal_flash_ex.c ****   */
 497:Drivers/STM32G4xx_HAL_Driver/Src/stm32g4xx_hal_flash_ex.c **** void HAL_FLASHEx_EnableDebugger(void)
 498:Drivers/STM32G4xx_HAL_Driver/Src/stm32g4xx_hal_flash_ex.c **** {
 499:Drivers/STM32G4xx_HAL_Driver/Src/stm32g4xx_hal_flash_ex.c ****   FLASH->ACR |= FLASH_ACR_DBG_SWEN;
 500:Drivers/STM32G4xx_HAL_Driver/Src/stm32g4xx_hal_flash_ex.c **** }
 501:Drivers/STM32G4xx_HAL_Driver/Src/stm32g4xx_hal_flash_ex.c **** 
 502:Drivers/STM32G4xx_HAL_Driver/Src/stm32g4xx_hal_flash_ex.c **** 
 503:Drivers/STM32G4xx_HAL_Driver/Src/stm32g4xx_hal_flash_ex.c **** /**
 504:Drivers/STM32G4xx_HAL_Driver/Src/stm32g4xx_hal_flash_ex.c ****   * @brief  Disable Debugger.
 505:Drivers/STM32G4xx_HAL_Driver/Src/stm32g4xx_hal_flash_ex.c ****   * @note   After calling this API, Debugger is disabled: it's no more possible to
 506:Drivers/STM32G4xx_HAL_Driver/Src/stm32g4xx_hal_flash_ex.c ****   *         break, see CPU register, etc...
 507:Drivers/STM32G4xx_HAL_Driver/Src/stm32g4xx_hal_flash_ex.c ****   * @retval None
 508:Drivers/STM32G4xx_HAL_Driver/Src/stm32g4xx_hal_flash_ex.c ****   */
 509:Drivers/STM32G4xx_HAL_Driver/Src/stm32g4xx_hal_flash_ex.c **** void HAL_FLASHEx_DisableDebugger(void)
 510:Drivers/STM32G4xx_HAL_Driver/Src/stm32g4xx_hal_flash_ex.c **** {
 511:Drivers/STM32G4xx_HAL_Driver/Src/stm32g4xx_hal_flash_ex.c ****   FLASH->ACR &= ~FLASH_ACR_DBG_SWEN;
 512:Drivers/STM32G4xx_HAL_Driver/Src/stm32g4xx_hal_flash_ex.c **** }
 513:Drivers/STM32G4xx_HAL_Driver/Src/stm32g4xx_hal_flash_ex.c **** 
 514:Drivers/STM32G4xx_HAL_Driver/Src/stm32g4xx_hal_flash_ex.c **** /**
 515:Drivers/STM32G4xx_HAL_Driver/Src/stm32g4xx_hal_flash_ex.c ****   * @}
 516:Drivers/STM32G4xx_HAL_Driver/Src/stm32g4xx_hal_flash_ex.c ****   */
 517:Drivers/STM32G4xx_HAL_Driver/Src/stm32g4xx_hal_flash_ex.c **** 
 518:Drivers/STM32G4xx_HAL_Driver/Src/stm32g4xx_hal_flash_ex.c **** /**
 519:Drivers/STM32G4xx_HAL_Driver/Src/stm32g4xx_hal_flash_ex.c ****   * @}
 520:Drivers/STM32G4xx_HAL_Driver/Src/stm32g4xx_hal_flash_ex.c ****   */
 521:Drivers/STM32G4xx_HAL_Driver/Src/stm32g4xx_hal_flash_ex.c **** 
 522:Drivers/STM32G4xx_HAL_Driver/Src/stm32g4xx_hal_flash_ex.c **** /* Private functions ---------------------------------------------------------*/
 523:Drivers/STM32G4xx_HAL_Driver/Src/stm32g4xx_hal_flash_ex.c **** 
 524:Drivers/STM32G4xx_HAL_Driver/Src/stm32g4xx_hal_flash_ex.c **** /** @addtogroup FLASHEx_Private_Functions
 525:Drivers/STM32G4xx_HAL_Driver/Src/stm32g4xx_hal_flash_ex.c ****   * @{
 526:Drivers/STM32G4xx_HAL_Driver/Src/stm32g4xx_hal_flash_ex.c ****   */
 527:Drivers/STM32G4xx_HAL_Driver/Src/stm32g4xx_hal_flash_ex.c **** /**
 528:Drivers/STM32G4xx_HAL_Driver/Src/stm32g4xx_hal_flash_ex.c ****   * @brief  Mass erase of FLASH memory.
 529:Drivers/STM32G4xx_HAL_Driver/Src/stm32g4xx_hal_flash_ex.c ****   * @param  Banks Banks to be erased.
 530:Drivers/STM32G4xx_HAL_Driver/Src/stm32g4xx_hal_flash_ex.c ****   *         This parameter can be one of the following values:
 531:Drivers/STM32G4xx_HAL_Driver/Src/stm32g4xx_hal_flash_ex.c ****   *            @arg FLASH_BANK_1: Bank1 to be erased
 532:Drivers/STM32G4xx_HAL_Driver/Src/stm32g4xx_hal_flash_ex.c ****   *            @arg FLASH_BANK_2: Bank2 to be erased (*)
 533:Drivers/STM32G4xx_HAL_Driver/Src/stm32g4xx_hal_flash_ex.c ****   *            @arg FLASH_BANK_BOTH: Bank1 and Bank2 to be erased (*)
 534:Drivers/STM32G4xx_HAL_Driver/Src/stm32g4xx_hal_flash_ex.c ****   * @note   (*) availability depends on devices
 535:Drivers/STM32G4xx_HAL_Driver/Src/stm32g4xx_hal_flash_ex.c ****   * @retval None
 536:Drivers/STM32G4xx_HAL_Driver/Src/stm32g4xx_hal_flash_ex.c ****   */
 537:Drivers/STM32G4xx_HAL_Driver/Src/stm32g4xx_hal_flash_ex.c **** static void FLASH_MassErase(uint32_t Banks)
 538:Drivers/STM32G4xx_HAL_Driver/Src/stm32g4xx_hal_flash_ex.c **** {
  29              		.loc 1 538 1 view -0
  30              		.cfi_startproc
  31              		@ args = 0, pretend = 0, frame = 0
  32              		@ frame_needed = 0, uses_anonymous_args = 0
  33              		@ link register save eliminated.
ARM GAS  /tmp/cceEh1js.s 			page 11


 539:Drivers/STM32G4xx_HAL_Driver/Src/stm32g4xx_hal_flash_ex.c **** #if defined (FLASH_OPTR_DBANK)
 540:Drivers/STM32G4xx_HAL_Driver/Src/stm32g4xx_hal_flash_ex.c ****   if (READ_BIT(FLASH->OPTR, FLASH_OPTR_DBANK) != 0U)
  34              		.loc 1 540 3 view .LVU1
  35              		.loc 1 540 7 is_stmt 0 view .LVU2
  36 0000 114B     		ldr	r3, .L5
  37 0002 1B6A     		ldr	r3, [r3, #32]
  38              		.loc 1 540 6 view .LVU3
  39 0004 13F4800F 		tst	r3, #4194304
  40 0008 10D0     		beq	.L2
 541:Drivers/STM32G4xx_HAL_Driver/Src/stm32g4xx_hal_flash_ex.c **** #endif
 542:Drivers/STM32G4xx_HAL_Driver/Src/stm32g4xx_hal_flash_ex.c ****   {
 543:Drivers/STM32G4xx_HAL_Driver/Src/stm32g4xx_hal_flash_ex.c ****     /* Check the parameters */
 544:Drivers/STM32G4xx_HAL_Driver/Src/stm32g4xx_hal_flash_ex.c ****     assert_param(IS_FLASH_BANK(Banks));
  41              		.loc 1 544 5 is_stmt 1 view .LVU4
 545:Drivers/STM32G4xx_HAL_Driver/Src/stm32g4xx_hal_flash_ex.c **** 
 546:Drivers/STM32G4xx_HAL_Driver/Src/stm32g4xx_hal_flash_ex.c ****     /* Set the Mass Erase Bit for the bank 1 if requested */
 547:Drivers/STM32G4xx_HAL_Driver/Src/stm32g4xx_hal_flash_ex.c ****     if ((Banks & FLASH_BANK_1) != 0U)
  42              		.loc 1 547 5 view .LVU5
  43              		.loc 1 547 8 is_stmt 0 view .LVU6
  44 000a 10F0010F 		tst	r0, #1
  45 000e 04D0     		beq	.L3
 548:Drivers/STM32G4xx_HAL_Driver/Src/stm32g4xx_hal_flash_ex.c ****     {
 549:Drivers/STM32G4xx_HAL_Driver/Src/stm32g4xx_hal_flash_ex.c ****       SET_BIT(FLASH->CR, FLASH_CR_MER1);
  46              		.loc 1 549 7 is_stmt 1 view .LVU7
  47 0010 0D4A     		ldr	r2, .L5
  48 0012 5369     		ldr	r3, [r2, #20]
  49 0014 43F00403 		orr	r3, r3, #4
  50 0018 5361     		str	r3, [r2, #20]
  51              	.L3:
 550:Drivers/STM32G4xx_HAL_Driver/Src/stm32g4xx_hal_flash_ex.c ****     }
 551:Drivers/STM32G4xx_HAL_Driver/Src/stm32g4xx_hal_flash_ex.c **** 
 552:Drivers/STM32G4xx_HAL_Driver/Src/stm32g4xx_hal_flash_ex.c **** #if defined (FLASH_OPTR_DBANK)
 553:Drivers/STM32G4xx_HAL_Driver/Src/stm32g4xx_hal_flash_ex.c ****     /* Set the Mass Erase Bit for the bank 2 if requested */
 554:Drivers/STM32G4xx_HAL_Driver/Src/stm32g4xx_hal_flash_ex.c ****     if ((Banks & FLASH_BANK_2) != 0U)
  52              		.loc 1 554 5 view .LVU8
  53              		.loc 1 554 8 is_stmt 0 view .LVU9
  54 001a 10F0020F 		tst	r0, #2
  55 001e 0CD0     		beq	.L4
 555:Drivers/STM32G4xx_HAL_Driver/Src/stm32g4xx_hal_flash_ex.c ****     {
 556:Drivers/STM32G4xx_HAL_Driver/Src/stm32g4xx_hal_flash_ex.c ****       SET_BIT(FLASH->CR, FLASH_CR_MER2);
  56              		.loc 1 556 7 is_stmt 1 view .LVU10
  57 0020 094A     		ldr	r2, .L5
  58 0022 5369     		ldr	r3, [r2, #20]
  59 0024 43F40043 		orr	r3, r3, #32768
  60 0028 5361     		str	r3, [r2, #20]
  61 002a 06E0     		b	.L4
  62              	.L2:
 557:Drivers/STM32G4xx_HAL_Driver/Src/stm32g4xx_hal_flash_ex.c ****     }
 558:Drivers/STM32G4xx_HAL_Driver/Src/stm32g4xx_hal_flash_ex.c **** #endif
 559:Drivers/STM32G4xx_HAL_Driver/Src/stm32g4xx_hal_flash_ex.c ****   }
 560:Drivers/STM32G4xx_HAL_Driver/Src/stm32g4xx_hal_flash_ex.c **** #if defined (FLASH_OPTR_DBANK)
 561:Drivers/STM32G4xx_HAL_Driver/Src/stm32g4xx_hal_flash_ex.c ****   else
 562:Drivers/STM32G4xx_HAL_Driver/Src/stm32g4xx_hal_flash_ex.c ****   {
 563:Drivers/STM32G4xx_HAL_Driver/Src/stm32g4xx_hal_flash_ex.c ****     SET_BIT(FLASH->CR, (FLASH_CR_MER1 | FLASH_CR_MER2));
  63              		.loc 1 563 5 view .LVU11
  64 002c 064A     		ldr	r2, .L5
  65 002e 5369     		ldr	r3, [r2, #20]
ARM GAS  /tmp/cceEh1js.s 			page 12


  66 0030 43F40043 		orr	r3, r3, #32768
  67 0034 43F00403 		orr	r3, r3, #4
  68 0038 5361     		str	r3, [r2, #20]
  69              	.L4:
 564:Drivers/STM32G4xx_HAL_Driver/Src/stm32g4xx_hal_flash_ex.c ****   }
 565:Drivers/STM32G4xx_HAL_Driver/Src/stm32g4xx_hal_flash_ex.c **** #endif
 566:Drivers/STM32G4xx_HAL_Driver/Src/stm32g4xx_hal_flash_ex.c **** 
 567:Drivers/STM32G4xx_HAL_Driver/Src/stm32g4xx_hal_flash_ex.c ****   /* Proceed to erase all sectors */
 568:Drivers/STM32G4xx_HAL_Driver/Src/stm32g4xx_hal_flash_ex.c ****   SET_BIT(FLASH->CR, FLASH_CR_STRT);
  70              		.loc 1 568 3 view .LVU12
  71 003a 034A     		ldr	r2, .L5
  72 003c 5369     		ldr	r3, [r2, #20]
  73 003e 43F48033 		orr	r3, r3, #65536
  74 0042 5361     		str	r3, [r2, #20]
 569:Drivers/STM32G4xx_HAL_Driver/Src/stm32g4xx_hal_flash_ex.c **** }
  75              		.loc 1 569 1 is_stmt 0 view .LVU13
  76 0044 7047     		bx	lr
  77              	.L6:
  78 0046 00BF     		.align	2
  79              	.L5:
  80 0048 00200240 		.word	1073881088
  81              		.cfi_endproc
  82              	.LFE336:
  84              		.section	.text.FLASH_OB_GetSecMem,"ax",%progbits
  85              		.align	1
  86              		.syntax unified
  87              		.thumb
  88              		.thumb_func
  90              	FLASH_OB_GetSecMem:
  91              	.LVL1:
  92              	.LFB345:
 570:Drivers/STM32G4xx_HAL_Driver/Src/stm32g4xx_hal_flash_ex.c **** 
 571:Drivers/STM32G4xx_HAL_Driver/Src/stm32g4xx_hal_flash_ex.c **** /**
 572:Drivers/STM32G4xx_HAL_Driver/Src/stm32g4xx_hal_flash_ex.c ****   * @brief  Erase the specified FLASH memory page.
 573:Drivers/STM32G4xx_HAL_Driver/Src/stm32g4xx_hal_flash_ex.c ****   * @param  Page FLASH page to erase.
 574:Drivers/STM32G4xx_HAL_Driver/Src/stm32g4xx_hal_flash_ex.c ****   *         This parameter must be a value between 0 and (max number of pages in the bank - 1).
 575:Drivers/STM32G4xx_HAL_Driver/Src/stm32g4xx_hal_flash_ex.c ****   * @param  Banks Bank where the page will be erased.
 576:Drivers/STM32G4xx_HAL_Driver/Src/stm32g4xx_hal_flash_ex.c ****   *         This parameter can be one of the following values:
 577:Drivers/STM32G4xx_HAL_Driver/Src/stm32g4xx_hal_flash_ex.c ****   *            @arg FLASH_BANK_1: Page in bank 1 to be erased
 578:Drivers/STM32G4xx_HAL_Driver/Src/stm32g4xx_hal_flash_ex.c ****   *            @arg FLASH_BANK_2: Page in bank 2 to be erased (*)
 579:Drivers/STM32G4xx_HAL_Driver/Src/stm32g4xx_hal_flash_ex.c ****   * @note   (*) availability depends on devices
 580:Drivers/STM32G4xx_HAL_Driver/Src/stm32g4xx_hal_flash_ex.c ****   * @retval None
 581:Drivers/STM32G4xx_HAL_Driver/Src/stm32g4xx_hal_flash_ex.c ****   */
 582:Drivers/STM32G4xx_HAL_Driver/Src/stm32g4xx_hal_flash_ex.c **** void FLASH_PageErase(uint32_t Page, uint32_t Banks)
 583:Drivers/STM32G4xx_HAL_Driver/Src/stm32g4xx_hal_flash_ex.c **** {
 584:Drivers/STM32G4xx_HAL_Driver/Src/stm32g4xx_hal_flash_ex.c ****   /* Check the parameters */
 585:Drivers/STM32G4xx_HAL_Driver/Src/stm32g4xx_hal_flash_ex.c ****   assert_param(IS_FLASH_PAGE(Page));
 586:Drivers/STM32G4xx_HAL_Driver/Src/stm32g4xx_hal_flash_ex.c **** 
 587:Drivers/STM32G4xx_HAL_Driver/Src/stm32g4xx_hal_flash_ex.c **** #if defined (FLASH_OPTR_DBANK)
 588:Drivers/STM32G4xx_HAL_Driver/Src/stm32g4xx_hal_flash_ex.c ****   if (READ_BIT(FLASH->OPTR, FLASH_OPTR_DBANK) == 0U)
 589:Drivers/STM32G4xx_HAL_Driver/Src/stm32g4xx_hal_flash_ex.c ****   {
 590:Drivers/STM32G4xx_HAL_Driver/Src/stm32g4xx_hal_flash_ex.c ****     CLEAR_BIT(FLASH->CR, FLASH_CR_BKER);
 591:Drivers/STM32G4xx_HAL_Driver/Src/stm32g4xx_hal_flash_ex.c ****   }
 592:Drivers/STM32G4xx_HAL_Driver/Src/stm32g4xx_hal_flash_ex.c ****   else
 593:Drivers/STM32G4xx_HAL_Driver/Src/stm32g4xx_hal_flash_ex.c ****   {
 594:Drivers/STM32G4xx_HAL_Driver/Src/stm32g4xx_hal_flash_ex.c ****     assert_param(IS_FLASH_BANK_EXCLUSIVE(Banks));
 595:Drivers/STM32G4xx_HAL_Driver/Src/stm32g4xx_hal_flash_ex.c **** 
ARM GAS  /tmp/cceEh1js.s 			page 13


 596:Drivers/STM32G4xx_HAL_Driver/Src/stm32g4xx_hal_flash_ex.c ****     if ((Banks & FLASH_BANK_1) != 0U)
 597:Drivers/STM32G4xx_HAL_Driver/Src/stm32g4xx_hal_flash_ex.c ****     {
 598:Drivers/STM32G4xx_HAL_Driver/Src/stm32g4xx_hal_flash_ex.c ****       CLEAR_BIT(FLASH->CR, FLASH_CR_BKER);
 599:Drivers/STM32G4xx_HAL_Driver/Src/stm32g4xx_hal_flash_ex.c ****     }
 600:Drivers/STM32G4xx_HAL_Driver/Src/stm32g4xx_hal_flash_ex.c ****     else
 601:Drivers/STM32G4xx_HAL_Driver/Src/stm32g4xx_hal_flash_ex.c ****     {
 602:Drivers/STM32G4xx_HAL_Driver/Src/stm32g4xx_hal_flash_ex.c ****       SET_BIT(FLASH->CR, FLASH_CR_BKER);
 603:Drivers/STM32G4xx_HAL_Driver/Src/stm32g4xx_hal_flash_ex.c ****     }
 604:Drivers/STM32G4xx_HAL_Driver/Src/stm32g4xx_hal_flash_ex.c ****   }
 605:Drivers/STM32G4xx_HAL_Driver/Src/stm32g4xx_hal_flash_ex.c **** #else
 606:Drivers/STM32G4xx_HAL_Driver/Src/stm32g4xx_hal_flash_ex.c ****   /* Prevent unused argument(s) compilation warning */
 607:Drivers/STM32G4xx_HAL_Driver/Src/stm32g4xx_hal_flash_ex.c ****   UNUSED(Banks);
 608:Drivers/STM32G4xx_HAL_Driver/Src/stm32g4xx_hal_flash_ex.c **** #endif /* FLASH_OPTR_DBANK */
 609:Drivers/STM32G4xx_HAL_Driver/Src/stm32g4xx_hal_flash_ex.c **** 
 610:Drivers/STM32G4xx_HAL_Driver/Src/stm32g4xx_hal_flash_ex.c ****   /* Proceed to erase the page */
 611:Drivers/STM32G4xx_HAL_Driver/Src/stm32g4xx_hal_flash_ex.c ****   MODIFY_REG(FLASH->CR, FLASH_CR_PNB, ((Page & 0xFFU) << FLASH_CR_PNB_Pos));
 612:Drivers/STM32G4xx_HAL_Driver/Src/stm32g4xx_hal_flash_ex.c ****   SET_BIT(FLASH->CR, FLASH_CR_PER);
 613:Drivers/STM32G4xx_HAL_Driver/Src/stm32g4xx_hal_flash_ex.c ****   SET_BIT(FLASH->CR, FLASH_CR_STRT);
 614:Drivers/STM32G4xx_HAL_Driver/Src/stm32g4xx_hal_flash_ex.c **** }
 615:Drivers/STM32G4xx_HAL_Driver/Src/stm32g4xx_hal_flash_ex.c **** 
 616:Drivers/STM32G4xx_HAL_Driver/Src/stm32g4xx_hal_flash_ex.c **** /**
 617:Drivers/STM32G4xx_HAL_Driver/Src/stm32g4xx_hal_flash_ex.c ****   * @brief  Flush the instruction and data caches.
 618:Drivers/STM32G4xx_HAL_Driver/Src/stm32g4xx_hal_flash_ex.c ****   * @retval None
 619:Drivers/STM32G4xx_HAL_Driver/Src/stm32g4xx_hal_flash_ex.c ****   */
 620:Drivers/STM32G4xx_HAL_Driver/Src/stm32g4xx_hal_flash_ex.c **** void FLASH_FlushCaches(void)
 621:Drivers/STM32G4xx_HAL_Driver/Src/stm32g4xx_hal_flash_ex.c **** {
 622:Drivers/STM32G4xx_HAL_Driver/Src/stm32g4xx_hal_flash_ex.c ****   FLASH_CacheTypeDef cache = pFlash.CacheToReactivate;
 623:Drivers/STM32G4xx_HAL_Driver/Src/stm32g4xx_hal_flash_ex.c **** 
 624:Drivers/STM32G4xx_HAL_Driver/Src/stm32g4xx_hal_flash_ex.c ****   /* Flush instruction cache  */
 625:Drivers/STM32G4xx_HAL_Driver/Src/stm32g4xx_hal_flash_ex.c ****   if ((cache == FLASH_CACHE_ICACHE_ENABLED) ||
 626:Drivers/STM32G4xx_HAL_Driver/Src/stm32g4xx_hal_flash_ex.c ****       (cache == FLASH_CACHE_ICACHE_DCACHE_ENABLED))
 627:Drivers/STM32G4xx_HAL_Driver/Src/stm32g4xx_hal_flash_ex.c ****   {
 628:Drivers/STM32G4xx_HAL_Driver/Src/stm32g4xx_hal_flash_ex.c ****     /* Disable instruction cache */
 629:Drivers/STM32G4xx_HAL_Driver/Src/stm32g4xx_hal_flash_ex.c ****     __HAL_FLASH_INSTRUCTION_CACHE_DISABLE();
 630:Drivers/STM32G4xx_HAL_Driver/Src/stm32g4xx_hal_flash_ex.c ****     /* Reset instruction cache */
 631:Drivers/STM32G4xx_HAL_Driver/Src/stm32g4xx_hal_flash_ex.c ****     __HAL_FLASH_INSTRUCTION_CACHE_RESET();
 632:Drivers/STM32G4xx_HAL_Driver/Src/stm32g4xx_hal_flash_ex.c ****     /* Enable instruction cache */
 633:Drivers/STM32G4xx_HAL_Driver/Src/stm32g4xx_hal_flash_ex.c ****     __HAL_FLASH_INSTRUCTION_CACHE_ENABLE();
 634:Drivers/STM32G4xx_HAL_Driver/Src/stm32g4xx_hal_flash_ex.c ****   }
 635:Drivers/STM32G4xx_HAL_Driver/Src/stm32g4xx_hal_flash_ex.c **** 
 636:Drivers/STM32G4xx_HAL_Driver/Src/stm32g4xx_hal_flash_ex.c ****   /* Flush data cache */
 637:Drivers/STM32G4xx_HAL_Driver/Src/stm32g4xx_hal_flash_ex.c ****   if ((cache == FLASH_CACHE_DCACHE_ENABLED) ||
 638:Drivers/STM32G4xx_HAL_Driver/Src/stm32g4xx_hal_flash_ex.c ****       (cache == FLASH_CACHE_ICACHE_DCACHE_ENABLED))
 639:Drivers/STM32G4xx_HAL_Driver/Src/stm32g4xx_hal_flash_ex.c ****   {
 640:Drivers/STM32G4xx_HAL_Driver/Src/stm32g4xx_hal_flash_ex.c ****     /* Reset data cache */
 641:Drivers/STM32G4xx_HAL_Driver/Src/stm32g4xx_hal_flash_ex.c ****     __HAL_FLASH_DATA_CACHE_RESET();
 642:Drivers/STM32G4xx_HAL_Driver/Src/stm32g4xx_hal_flash_ex.c ****     /* Enable data cache */
 643:Drivers/STM32G4xx_HAL_Driver/Src/stm32g4xx_hal_flash_ex.c ****     __HAL_FLASH_DATA_CACHE_ENABLE();
 644:Drivers/STM32G4xx_HAL_Driver/Src/stm32g4xx_hal_flash_ex.c ****   }
 645:Drivers/STM32G4xx_HAL_Driver/Src/stm32g4xx_hal_flash_ex.c **** 
 646:Drivers/STM32G4xx_HAL_Driver/Src/stm32g4xx_hal_flash_ex.c ****   /* Reset internal variable */
 647:Drivers/STM32G4xx_HAL_Driver/Src/stm32g4xx_hal_flash_ex.c ****   pFlash.CacheToReactivate = FLASH_CACHE_DISABLED;
 648:Drivers/STM32G4xx_HAL_Driver/Src/stm32g4xx_hal_flash_ex.c **** }
 649:Drivers/STM32G4xx_HAL_Driver/Src/stm32g4xx_hal_flash_ex.c **** 
 650:Drivers/STM32G4xx_HAL_Driver/Src/stm32g4xx_hal_flash_ex.c **** /**
 651:Drivers/STM32G4xx_HAL_Driver/Src/stm32g4xx_hal_flash_ex.c ****   * @brief  Configure the write protection area into Option Bytes.
 652:Drivers/STM32G4xx_HAL_Driver/Src/stm32g4xx_hal_flash_ex.c ****   * @note   When the memory read protection level is selected (RDP level = 1),
ARM GAS  /tmp/cceEh1js.s 			page 14


 653:Drivers/STM32G4xx_HAL_Driver/Src/stm32g4xx_hal_flash_ex.c ****   *         it is not possible to program or erase Flash memory if the CPU debug
 654:Drivers/STM32G4xx_HAL_Driver/Src/stm32g4xx_hal_flash_ex.c ****   *         features are connected (JTAG or single wire) or boot code is being
 655:Drivers/STM32G4xx_HAL_Driver/Src/stm32g4xx_hal_flash_ex.c ****   *         executed from RAM or System flash, even if WRP is not activated.
 656:Drivers/STM32G4xx_HAL_Driver/Src/stm32g4xx_hal_flash_ex.c ****   * @note   To configure any option bytes, the option lock bit OPTLOCK must be
 657:Drivers/STM32G4xx_HAL_Driver/Src/stm32g4xx_hal_flash_ex.c ****   *         cleared with the call of HAL_FLASH_OB_Unlock() function.
 658:Drivers/STM32G4xx_HAL_Driver/Src/stm32g4xx_hal_flash_ex.c ****   * @note   New option bytes configuration will be taken into account in two cases:
 659:Drivers/STM32G4xx_HAL_Driver/Src/stm32g4xx_hal_flash_ex.c ****   *         - after an option bytes launch through the call of HAL_FLASH_OB_Launch()
 660:Drivers/STM32G4xx_HAL_Driver/Src/stm32g4xx_hal_flash_ex.c ****   *         - after a power reset (BOR reset or exit from Standby/Shutdown modes)
 661:Drivers/STM32G4xx_HAL_Driver/Src/stm32g4xx_hal_flash_ex.c ****   * @param  WRPArea specifies the area to be configured.
 662:Drivers/STM32G4xx_HAL_Driver/Src/stm32g4xx_hal_flash_ex.c ****   *         This parameter can be one of the following values:
 663:Drivers/STM32G4xx_HAL_Driver/Src/stm32g4xx_hal_flash_ex.c ****   *            @arg OB_WRPAREA_BANK1_AREAA: Flash Bank 1 Area A
 664:Drivers/STM32G4xx_HAL_Driver/Src/stm32g4xx_hal_flash_ex.c ****   *            @arg OB_WRPAREA_BANK1_AREAB: Flash Bank 1 Area B
 665:Drivers/STM32G4xx_HAL_Driver/Src/stm32g4xx_hal_flash_ex.c ****   *            @arg OB_WRPAREA_BANK2_AREAA: Flash Bank 2 Area A (*)
 666:Drivers/STM32G4xx_HAL_Driver/Src/stm32g4xx_hal_flash_ex.c ****   *            @arg OB_WRPAREA_BANK2_AREAB: Flash Bank 2 Area B (*)
 667:Drivers/STM32G4xx_HAL_Driver/Src/stm32g4xx_hal_flash_ex.c ****   * @note   (*) availability depends on devices
 668:Drivers/STM32G4xx_HAL_Driver/Src/stm32g4xx_hal_flash_ex.c ****   * @param  WRPStartOffset specifies the start page of the write protected area.
 669:Drivers/STM32G4xx_HAL_Driver/Src/stm32g4xx_hal_flash_ex.c ****   *         This parameter can be page number between 0 and (max number of pages in the bank - 1).
 670:Drivers/STM32G4xx_HAL_Driver/Src/stm32g4xx_hal_flash_ex.c ****   * @param  WRDPEndOffset specifies the end page of the write protected area.
 671:Drivers/STM32G4xx_HAL_Driver/Src/stm32g4xx_hal_flash_ex.c ****   *         This parameter can be page number between WRPStartOffset and (max number of pages in th
 672:Drivers/STM32G4xx_HAL_Driver/Src/stm32g4xx_hal_flash_ex.c ****   * @retval HAL_Status
 673:Drivers/STM32G4xx_HAL_Driver/Src/stm32g4xx_hal_flash_ex.c ****   */
 674:Drivers/STM32G4xx_HAL_Driver/Src/stm32g4xx_hal_flash_ex.c **** static HAL_StatusTypeDef FLASH_OB_WRPConfig(uint32_t WRPArea, uint32_t WRPStartOffset, uint32_t WRD
 675:Drivers/STM32G4xx_HAL_Driver/Src/stm32g4xx_hal_flash_ex.c **** {
 676:Drivers/STM32G4xx_HAL_Driver/Src/stm32g4xx_hal_flash_ex.c ****   HAL_StatusTypeDef status;
 677:Drivers/STM32G4xx_HAL_Driver/Src/stm32g4xx_hal_flash_ex.c **** 
 678:Drivers/STM32G4xx_HAL_Driver/Src/stm32g4xx_hal_flash_ex.c ****   /* Check the parameters */
 679:Drivers/STM32G4xx_HAL_Driver/Src/stm32g4xx_hal_flash_ex.c ****   assert_param(IS_OB_WRPAREA(WRPArea));
 680:Drivers/STM32G4xx_HAL_Driver/Src/stm32g4xx_hal_flash_ex.c ****   assert_param(IS_FLASH_PAGE(WRPStartOffset));
 681:Drivers/STM32G4xx_HAL_Driver/Src/stm32g4xx_hal_flash_ex.c ****   assert_param(IS_FLASH_PAGE(WRDPEndOffset));
 682:Drivers/STM32G4xx_HAL_Driver/Src/stm32g4xx_hal_flash_ex.c **** 
 683:Drivers/STM32G4xx_HAL_Driver/Src/stm32g4xx_hal_flash_ex.c ****   /* Wait for last operation to be completed */
 684:Drivers/STM32G4xx_HAL_Driver/Src/stm32g4xx_hal_flash_ex.c ****   status = FLASH_WaitForLastOperation((uint32_t)FLASH_TIMEOUT_VALUE);
 685:Drivers/STM32G4xx_HAL_Driver/Src/stm32g4xx_hal_flash_ex.c **** 
 686:Drivers/STM32G4xx_HAL_Driver/Src/stm32g4xx_hal_flash_ex.c ****   if (status == HAL_OK)
 687:Drivers/STM32G4xx_HAL_Driver/Src/stm32g4xx_hal_flash_ex.c ****   {
 688:Drivers/STM32G4xx_HAL_Driver/Src/stm32g4xx_hal_flash_ex.c ****     /* Configure the write protected area */
 689:Drivers/STM32G4xx_HAL_Driver/Src/stm32g4xx_hal_flash_ex.c ****     if (WRPArea == OB_WRPAREA_BANK1_AREAA)
 690:Drivers/STM32G4xx_HAL_Driver/Src/stm32g4xx_hal_flash_ex.c ****     {
 691:Drivers/STM32G4xx_HAL_Driver/Src/stm32g4xx_hal_flash_ex.c ****       FLASH->WRP1AR = ((WRDPEndOffset << FLASH_WRP1AR_WRP1A_END_Pos) | WRPStartOffset);
 692:Drivers/STM32G4xx_HAL_Driver/Src/stm32g4xx_hal_flash_ex.c ****     }
 693:Drivers/STM32G4xx_HAL_Driver/Src/stm32g4xx_hal_flash_ex.c ****     else if (WRPArea == OB_WRPAREA_BANK1_AREAB)
 694:Drivers/STM32G4xx_HAL_Driver/Src/stm32g4xx_hal_flash_ex.c ****     {
 695:Drivers/STM32G4xx_HAL_Driver/Src/stm32g4xx_hal_flash_ex.c ****       FLASH->WRP1BR = ((WRDPEndOffset << FLASH_WRP1BR_WRP1B_END_Pos) | WRPStartOffset);
 696:Drivers/STM32G4xx_HAL_Driver/Src/stm32g4xx_hal_flash_ex.c ****     }
 697:Drivers/STM32G4xx_HAL_Driver/Src/stm32g4xx_hal_flash_ex.c **** #if defined (FLASH_OPTR_DBANK)
 698:Drivers/STM32G4xx_HAL_Driver/Src/stm32g4xx_hal_flash_ex.c ****     else if (WRPArea == OB_WRPAREA_BANK2_AREAA)
 699:Drivers/STM32G4xx_HAL_Driver/Src/stm32g4xx_hal_flash_ex.c ****     {
 700:Drivers/STM32G4xx_HAL_Driver/Src/stm32g4xx_hal_flash_ex.c ****       FLASH->WRP2AR = ((WRDPEndOffset << FLASH_WRP2AR_WRP2A_END_Pos) | WRPStartOffset);
 701:Drivers/STM32G4xx_HAL_Driver/Src/stm32g4xx_hal_flash_ex.c ****     }
 702:Drivers/STM32G4xx_HAL_Driver/Src/stm32g4xx_hal_flash_ex.c ****     else if (WRPArea == OB_WRPAREA_BANK2_AREAB)
 703:Drivers/STM32G4xx_HAL_Driver/Src/stm32g4xx_hal_flash_ex.c ****     {
 704:Drivers/STM32G4xx_HAL_Driver/Src/stm32g4xx_hal_flash_ex.c ****       FLASH->WRP2BR = ((WRDPEndOffset << FLASH_WRP2BR_WRP2B_END_Pos) | WRPStartOffset);
 705:Drivers/STM32G4xx_HAL_Driver/Src/stm32g4xx_hal_flash_ex.c ****     }
 706:Drivers/STM32G4xx_HAL_Driver/Src/stm32g4xx_hal_flash_ex.c **** #endif
 707:Drivers/STM32G4xx_HAL_Driver/Src/stm32g4xx_hal_flash_ex.c ****     else
 708:Drivers/STM32G4xx_HAL_Driver/Src/stm32g4xx_hal_flash_ex.c ****     {
 709:Drivers/STM32G4xx_HAL_Driver/Src/stm32g4xx_hal_flash_ex.c ****       /* Nothing to do */
ARM GAS  /tmp/cceEh1js.s 			page 15


 710:Drivers/STM32G4xx_HAL_Driver/Src/stm32g4xx_hal_flash_ex.c ****     }
 711:Drivers/STM32G4xx_HAL_Driver/Src/stm32g4xx_hal_flash_ex.c **** 
 712:Drivers/STM32G4xx_HAL_Driver/Src/stm32g4xx_hal_flash_ex.c ****     /* Set OPTSTRT Bit */
 713:Drivers/STM32G4xx_HAL_Driver/Src/stm32g4xx_hal_flash_ex.c ****     SET_BIT(FLASH->CR, FLASH_CR_OPTSTRT);
 714:Drivers/STM32G4xx_HAL_Driver/Src/stm32g4xx_hal_flash_ex.c **** 
 715:Drivers/STM32G4xx_HAL_Driver/Src/stm32g4xx_hal_flash_ex.c ****     /* Wait for last operation to be completed */
 716:Drivers/STM32G4xx_HAL_Driver/Src/stm32g4xx_hal_flash_ex.c ****     status = FLASH_WaitForLastOperation((uint32_t)FLASH_TIMEOUT_VALUE);
 717:Drivers/STM32G4xx_HAL_Driver/Src/stm32g4xx_hal_flash_ex.c ****   }
 718:Drivers/STM32G4xx_HAL_Driver/Src/stm32g4xx_hal_flash_ex.c **** 
 719:Drivers/STM32G4xx_HAL_Driver/Src/stm32g4xx_hal_flash_ex.c ****   return status;
 720:Drivers/STM32G4xx_HAL_Driver/Src/stm32g4xx_hal_flash_ex.c **** }
 721:Drivers/STM32G4xx_HAL_Driver/Src/stm32g4xx_hal_flash_ex.c **** 
 722:Drivers/STM32G4xx_HAL_Driver/Src/stm32g4xx_hal_flash_ex.c **** /**
 723:Drivers/STM32G4xx_HAL_Driver/Src/stm32g4xx_hal_flash_ex.c ****   * @brief  Set the read protection level into Option Bytes.
 724:Drivers/STM32G4xx_HAL_Driver/Src/stm32g4xx_hal_flash_ex.c ****   * @note   To configure any option bytes, the option lock bit OPTLOCK must be
 725:Drivers/STM32G4xx_HAL_Driver/Src/stm32g4xx_hal_flash_ex.c ****   *         cleared with the call of HAL_FLASH_OB_Unlock() function.
 726:Drivers/STM32G4xx_HAL_Driver/Src/stm32g4xx_hal_flash_ex.c ****   * @note   New option bytes configuration will be taken into account in two cases:
 727:Drivers/STM32G4xx_HAL_Driver/Src/stm32g4xx_hal_flash_ex.c ****   *         - after an option bytes launch through the call of HAL_FLASH_OB_Launch()
 728:Drivers/STM32G4xx_HAL_Driver/Src/stm32g4xx_hal_flash_ex.c ****   *         - after a power reset (BOR reset or exit from Standby/Shutdown modes)
 729:Drivers/STM32G4xx_HAL_Driver/Src/stm32g4xx_hal_flash_ex.c ****   * @note   !!! Warning : When enabling OB_RDP level 2 it's no more possible
 730:Drivers/STM32G4xx_HAL_Driver/Src/stm32g4xx_hal_flash_ex.c ****   *         to go back to level 1 or 0 !!!
 731:Drivers/STM32G4xx_HAL_Driver/Src/stm32g4xx_hal_flash_ex.c ****   * @param  RDPLevel specifies the read protection level.
 732:Drivers/STM32G4xx_HAL_Driver/Src/stm32g4xx_hal_flash_ex.c ****   *         This parameter can be one of the following values:
 733:Drivers/STM32G4xx_HAL_Driver/Src/stm32g4xx_hal_flash_ex.c ****   *            @arg OB_RDP_LEVEL_0: No protection
 734:Drivers/STM32G4xx_HAL_Driver/Src/stm32g4xx_hal_flash_ex.c ****   *            @arg OB_RDP_LEVEL_1: Memory Read protection
 735:Drivers/STM32G4xx_HAL_Driver/Src/stm32g4xx_hal_flash_ex.c ****   *            @arg OB_RDP_LEVEL_2: Full chip protection
 736:Drivers/STM32G4xx_HAL_Driver/Src/stm32g4xx_hal_flash_ex.c ****   *
 737:Drivers/STM32G4xx_HAL_Driver/Src/stm32g4xx_hal_flash_ex.c ****   * @retval HAL_Status
 738:Drivers/STM32G4xx_HAL_Driver/Src/stm32g4xx_hal_flash_ex.c ****   */
 739:Drivers/STM32G4xx_HAL_Driver/Src/stm32g4xx_hal_flash_ex.c **** static HAL_StatusTypeDef FLASH_OB_RDPConfig(uint32_t RDPLevel)
 740:Drivers/STM32G4xx_HAL_Driver/Src/stm32g4xx_hal_flash_ex.c **** {
 741:Drivers/STM32G4xx_HAL_Driver/Src/stm32g4xx_hal_flash_ex.c ****   HAL_StatusTypeDef status;
 742:Drivers/STM32G4xx_HAL_Driver/Src/stm32g4xx_hal_flash_ex.c **** 
 743:Drivers/STM32G4xx_HAL_Driver/Src/stm32g4xx_hal_flash_ex.c ****   /* Check the parameters */
 744:Drivers/STM32G4xx_HAL_Driver/Src/stm32g4xx_hal_flash_ex.c ****   assert_param(IS_OB_RDP_LEVEL(RDPLevel));
 745:Drivers/STM32G4xx_HAL_Driver/Src/stm32g4xx_hal_flash_ex.c **** 
 746:Drivers/STM32G4xx_HAL_Driver/Src/stm32g4xx_hal_flash_ex.c ****   /* Wait for last operation to be completed */
 747:Drivers/STM32G4xx_HAL_Driver/Src/stm32g4xx_hal_flash_ex.c ****   status = FLASH_WaitForLastOperation((uint32_t)FLASH_TIMEOUT_VALUE);
 748:Drivers/STM32G4xx_HAL_Driver/Src/stm32g4xx_hal_flash_ex.c **** 
 749:Drivers/STM32G4xx_HAL_Driver/Src/stm32g4xx_hal_flash_ex.c ****   if (status == HAL_OK)
 750:Drivers/STM32G4xx_HAL_Driver/Src/stm32g4xx_hal_flash_ex.c ****   {
 751:Drivers/STM32G4xx_HAL_Driver/Src/stm32g4xx_hal_flash_ex.c ****     /* Configure the RDP level in the option bytes register */
 752:Drivers/STM32G4xx_HAL_Driver/Src/stm32g4xx_hal_flash_ex.c ****     MODIFY_REG(FLASH->OPTR, FLASH_OPTR_RDP, RDPLevel);
 753:Drivers/STM32G4xx_HAL_Driver/Src/stm32g4xx_hal_flash_ex.c **** 
 754:Drivers/STM32G4xx_HAL_Driver/Src/stm32g4xx_hal_flash_ex.c ****     /* Set OPTSTRT Bit */
 755:Drivers/STM32G4xx_HAL_Driver/Src/stm32g4xx_hal_flash_ex.c ****     SET_BIT(FLASH->CR, FLASH_CR_OPTSTRT);
 756:Drivers/STM32G4xx_HAL_Driver/Src/stm32g4xx_hal_flash_ex.c **** 
 757:Drivers/STM32G4xx_HAL_Driver/Src/stm32g4xx_hal_flash_ex.c ****     /* Wait for last operation to be completed */
 758:Drivers/STM32G4xx_HAL_Driver/Src/stm32g4xx_hal_flash_ex.c ****     status = FLASH_WaitForLastOperation((uint32_t)FLASH_TIMEOUT_VALUE);
 759:Drivers/STM32G4xx_HAL_Driver/Src/stm32g4xx_hal_flash_ex.c ****   }
 760:Drivers/STM32G4xx_HAL_Driver/Src/stm32g4xx_hal_flash_ex.c **** 
 761:Drivers/STM32G4xx_HAL_Driver/Src/stm32g4xx_hal_flash_ex.c ****   return status;
 762:Drivers/STM32G4xx_HAL_Driver/Src/stm32g4xx_hal_flash_ex.c **** }
 763:Drivers/STM32G4xx_HAL_Driver/Src/stm32g4xx_hal_flash_ex.c **** 
 764:Drivers/STM32G4xx_HAL_Driver/Src/stm32g4xx_hal_flash_ex.c **** /**
 765:Drivers/STM32G4xx_HAL_Driver/Src/stm32g4xx_hal_flash_ex.c ****   * @brief  Program the FLASH User Option Bytes.
 766:Drivers/STM32G4xx_HAL_Driver/Src/stm32g4xx_hal_flash_ex.c ****   * @note   To configure any option bytes, the option lock bit OPTLOCK must be
ARM GAS  /tmp/cceEh1js.s 			page 16


 767:Drivers/STM32G4xx_HAL_Driver/Src/stm32g4xx_hal_flash_ex.c ****   *         cleared with the call of HAL_FLASH_OB_Unlock() function.
 768:Drivers/STM32G4xx_HAL_Driver/Src/stm32g4xx_hal_flash_ex.c ****   * @note   New option bytes configuration will be taken into account in two cases:
 769:Drivers/STM32G4xx_HAL_Driver/Src/stm32g4xx_hal_flash_ex.c ****   *         - after an option bytes launch through the call of HAL_FLASH_OB_Launch()
 770:Drivers/STM32G4xx_HAL_Driver/Src/stm32g4xx_hal_flash_ex.c ****   *         - after a power reset (BOR reset or exit from Standby/Shutdown modes)
 771:Drivers/STM32G4xx_HAL_Driver/Src/stm32g4xx_hal_flash_ex.c ****   * @param  UserType The FLASH User Option Bytes to be modified.
 772:Drivers/STM32G4xx_HAL_Driver/Src/stm32g4xx_hal_flash_ex.c ****   *         This parameter can be a combination of @ref FLASH_OB_USER_Type.
 773:Drivers/STM32G4xx_HAL_Driver/Src/stm32g4xx_hal_flash_ex.c ****   * @param  UserConfig The selected User Option Bytes values:
 774:Drivers/STM32G4xx_HAL_Driver/Src/stm32g4xx_hal_flash_ex.c ****   *         This parameter can be a combination of @ref FLASH_OB_USER_BOR_LEVEL,
 775:Drivers/STM32G4xx_HAL_Driver/Src/stm32g4xx_hal_flash_ex.c ****   *         @ref FLASH_OB_USER_nRST_STOP, @ref FLASH_OB_USER_nRST_STANDBY ,
 776:Drivers/STM32G4xx_HAL_Driver/Src/stm32g4xx_hal_flash_ex.c ****   *         @ref FLASH_OB_USER_nRST_SHUTDOWN, @ref FLASH_OB_USER_IWDG_SW,
 777:Drivers/STM32G4xx_HAL_Driver/Src/stm32g4xx_hal_flash_ex.c ****   *         @ref FLASH_OB_USER_IWDG_STOP, @ref FLASH_OB_USER_IWDG_STANDBY,
 778:Drivers/STM32G4xx_HAL_Driver/Src/stm32g4xx_hal_flash_ex.c ****   *         @ref FLASH_OB_USER_WWDG_SW, @ref FLASH_OB_USER_WWDG_SW,
 779:Drivers/STM32G4xx_HAL_Driver/Src/stm32g4xx_hal_flash_ex.c ****   *         @ref FLASH_OB_USER_BFB2 (*), @ref FLASH_OB_USER_nBOOT1,
 780:Drivers/STM32G4xx_HAL_Driver/Src/stm32g4xx_hal_flash_ex.c ****   *         @ref FLASH_OB_USER_SRAM_PE, @ref FLASH_OB_USER_CCMSRAM_RST,
 781:Drivers/STM32G4xx_HAL_Driver/Src/stm32g4xx_hal_flash_ex.c ****   *         @ref FLASH_OB_USER_nSWBOOT0, @ref FLASH_OB_USER_nBOOT0,
 782:Drivers/STM32G4xx_HAL_Driver/Src/stm32g4xx_hal_flash_ex.c ****   *         @ref FLASH_OB_USER_NRST_MODE, @ref FLASH_OB_USER_INTERNAL_RESET_HOLDER
 783:Drivers/STM32G4xx_HAL_Driver/Src/stm32g4xx_hal_flash_ex.c ****   * @note   (*) availability depends on devices
 784:Drivers/STM32G4xx_HAL_Driver/Src/stm32g4xx_hal_flash_ex.c ****   * @retval HAL_Status
 785:Drivers/STM32G4xx_HAL_Driver/Src/stm32g4xx_hal_flash_ex.c ****   */
 786:Drivers/STM32G4xx_HAL_Driver/Src/stm32g4xx_hal_flash_ex.c **** static HAL_StatusTypeDef FLASH_OB_UserConfig(uint32_t UserType, uint32_t UserConfig)
 787:Drivers/STM32G4xx_HAL_Driver/Src/stm32g4xx_hal_flash_ex.c **** {
 788:Drivers/STM32G4xx_HAL_Driver/Src/stm32g4xx_hal_flash_ex.c ****   uint32_t optr_reg_val = 0;
 789:Drivers/STM32G4xx_HAL_Driver/Src/stm32g4xx_hal_flash_ex.c ****   uint32_t optr_reg_mask = 0;
 790:Drivers/STM32G4xx_HAL_Driver/Src/stm32g4xx_hal_flash_ex.c ****   HAL_StatusTypeDef status;
 791:Drivers/STM32G4xx_HAL_Driver/Src/stm32g4xx_hal_flash_ex.c **** 
 792:Drivers/STM32G4xx_HAL_Driver/Src/stm32g4xx_hal_flash_ex.c ****   /* Check the parameters */
 793:Drivers/STM32G4xx_HAL_Driver/Src/stm32g4xx_hal_flash_ex.c ****   assert_param(IS_OB_USER_TYPE(UserType));
 794:Drivers/STM32G4xx_HAL_Driver/Src/stm32g4xx_hal_flash_ex.c **** 
 795:Drivers/STM32G4xx_HAL_Driver/Src/stm32g4xx_hal_flash_ex.c ****   /* Wait for last operation to be completed */
 796:Drivers/STM32G4xx_HAL_Driver/Src/stm32g4xx_hal_flash_ex.c ****   status = FLASH_WaitForLastOperation((uint32_t)FLASH_TIMEOUT_VALUE);
 797:Drivers/STM32G4xx_HAL_Driver/Src/stm32g4xx_hal_flash_ex.c **** 
 798:Drivers/STM32G4xx_HAL_Driver/Src/stm32g4xx_hal_flash_ex.c ****   if (status == HAL_OK)
 799:Drivers/STM32G4xx_HAL_Driver/Src/stm32g4xx_hal_flash_ex.c ****   {
 800:Drivers/STM32G4xx_HAL_Driver/Src/stm32g4xx_hal_flash_ex.c **** #if defined(FLASH_OPTR_PB4_PUPEN)
 801:Drivers/STM32G4xx_HAL_Driver/Src/stm32g4xx_hal_flash_ex.c ****     if ((UserType & OB_USER_PB4_PUPEN) != 0U)
 802:Drivers/STM32G4xx_HAL_Driver/Src/stm32g4xx_hal_flash_ex.c ****     {
 803:Drivers/STM32G4xx_HAL_Driver/Src/stm32g4xx_hal_flash_ex.c ****       /* PB4_PUPEN option byte should be modified */
 804:Drivers/STM32G4xx_HAL_Driver/Src/stm32g4xx_hal_flash_ex.c ****       assert_param(IS_OB_USER_PB4_PUPEN(UserConfig & FLASH_OPTR_PB4_PUPEN));
 805:Drivers/STM32G4xx_HAL_Driver/Src/stm32g4xx_hal_flash_ex.c **** 
 806:Drivers/STM32G4xx_HAL_Driver/Src/stm32g4xx_hal_flash_ex.c ****       /* Set value and mask for PB4_PUPEN option byte */
 807:Drivers/STM32G4xx_HAL_Driver/Src/stm32g4xx_hal_flash_ex.c ****       optr_reg_val |= (UserConfig & FLASH_OPTR_PB4_PUPEN);
 808:Drivers/STM32G4xx_HAL_Driver/Src/stm32g4xx_hal_flash_ex.c ****       optr_reg_mask |= FLASH_OPTR_PB4_PUPEN;
 809:Drivers/STM32G4xx_HAL_Driver/Src/stm32g4xx_hal_flash_ex.c ****     }
 810:Drivers/STM32G4xx_HAL_Driver/Src/stm32g4xx_hal_flash_ex.c **** #endif /* FLASH_OPTR_PB4_PUPEN */
 811:Drivers/STM32G4xx_HAL_Driver/Src/stm32g4xx_hal_flash_ex.c **** 
 812:Drivers/STM32G4xx_HAL_Driver/Src/stm32g4xx_hal_flash_ex.c ****     if ((UserType & OB_USER_BOR_LEV) != 0U)
 813:Drivers/STM32G4xx_HAL_Driver/Src/stm32g4xx_hal_flash_ex.c ****     {
 814:Drivers/STM32G4xx_HAL_Driver/Src/stm32g4xx_hal_flash_ex.c ****       /* BOR level option byte should be modified */
 815:Drivers/STM32G4xx_HAL_Driver/Src/stm32g4xx_hal_flash_ex.c ****       assert_param(IS_OB_USER_BOR_LEVEL(UserConfig & FLASH_OPTR_BOR_LEV));
 816:Drivers/STM32G4xx_HAL_Driver/Src/stm32g4xx_hal_flash_ex.c **** 
 817:Drivers/STM32G4xx_HAL_Driver/Src/stm32g4xx_hal_flash_ex.c ****       /* Set value and mask for BOR level option byte */
 818:Drivers/STM32G4xx_HAL_Driver/Src/stm32g4xx_hal_flash_ex.c ****       optr_reg_val |= (UserConfig & FLASH_OPTR_BOR_LEV);
 819:Drivers/STM32G4xx_HAL_Driver/Src/stm32g4xx_hal_flash_ex.c ****       optr_reg_mask |= FLASH_OPTR_BOR_LEV;
 820:Drivers/STM32G4xx_HAL_Driver/Src/stm32g4xx_hal_flash_ex.c ****     }
 821:Drivers/STM32G4xx_HAL_Driver/Src/stm32g4xx_hal_flash_ex.c **** 
 822:Drivers/STM32G4xx_HAL_Driver/Src/stm32g4xx_hal_flash_ex.c ****     if ((UserType & OB_USER_nRST_STOP) != 0U)
 823:Drivers/STM32G4xx_HAL_Driver/Src/stm32g4xx_hal_flash_ex.c ****     {
ARM GAS  /tmp/cceEh1js.s 			page 17


 824:Drivers/STM32G4xx_HAL_Driver/Src/stm32g4xx_hal_flash_ex.c ****       /* nRST_STOP option byte should be modified */
 825:Drivers/STM32G4xx_HAL_Driver/Src/stm32g4xx_hal_flash_ex.c ****       assert_param(IS_OB_USER_STOP(UserConfig & FLASH_OPTR_nRST_STOP));
 826:Drivers/STM32G4xx_HAL_Driver/Src/stm32g4xx_hal_flash_ex.c **** 
 827:Drivers/STM32G4xx_HAL_Driver/Src/stm32g4xx_hal_flash_ex.c ****       /* Set value and mask for nRST_STOP option byte */
 828:Drivers/STM32G4xx_HAL_Driver/Src/stm32g4xx_hal_flash_ex.c ****       optr_reg_val |= (UserConfig & FLASH_OPTR_nRST_STOP);
 829:Drivers/STM32G4xx_HAL_Driver/Src/stm32g4xx_hal_flash_ex.c ****       optr_reg_mask |= FLASH_OPTR_nRST_STOP;
 830:Drivers/STM32G4xx_HAL_Driver/Src/stm32g4xx_hal_flash_ex.c ****     }
 831:Drivers/STM32G4xx_HAL_Driver/Src/stm32g4xx_hal_flash_ex.c **** 
 832:Drivers/STM32G4xx_HAL_Driver/Src/stm32g4xx_hal_flash_ex.c ****     if ((UserType & OB_USER_nRST_STDBY) != 0U)
 833:Drivers/STM32G4xx_HAL_Driver/Src/stm32g4xx_hal_flash_ex.c ****     {
 834:Drivers/STM32G4xx_HAL_Driver/Src/stm32g4xx_hal_flash_ex.c ****       /* nRST_STDBY option byte should be modified */
 835:Drivers/STM32G4xx_HAL_Driver/Src/stm32g4xx_hal_flash_ex.c ****       assert_param(IS_OB_USER_STANDBY(UserConfig & FLASH_OPTR_nRST_STDBY));
 836:Drivers/STM32G4xx_HAL_Driver/Src/stm32g4xx_hal_flash_ex.c **** 
 837:Drivers/STM32G4xx_HAL_Driver/Src/stm32g4xx_hal_flash_ex.c ****       /* Set value and mask for nRST_STDBY option byte */
 838:Drivers/STM32G4xx_HAL_Driver/Src/stm32g4xx_hal_flash_ex.c ****       optr_reg_val |= (UserConfig & FLASH_OPTR_nRST_STDBY);
 839:Drivers/STM32G4xx_HAL_Driver/Src/stm32g4xx_hal_flash_ex.c ****       optr_reg_mask |= FLASH_OPTR_nRST_STDBY;
 840:Drivers/STM32G4xx_HAL_Driver/Src/stm32g4xx_hal_flash_ex.c ****     }
 841:Drivers/STM32G4xx_HAL_Driver/Src/stm32g4xx_hal_flash_ex.c **** 
 842:Drivers/STM32G4xx_HAL_Driver/Src/stm32g4xx_hal_flash_ex.c ****     if ((UserType & OB_USER_nRST_SHDW) != 0U)
 843:Drivers/STM32G4xx_HAL_Driver/Src/stm32g4xx_hal_flash_ex.c ****     {
 844:Drivers/STM32G4xx_HAL_Driver/Src/stm32g4xx_hal_flash_ex.c ****       /* nRST_SHDW option byte should be modified */
 845:Drivers/STM32G4xx_HAL_Driver/Src/stm32g4xx_hal_flash_ex.c ****       assert_param(IS_OB_USER_SHUTDOWN(UserConfig & FLASH_OPTR_nRST_SHDW));
 846:Drivers/STM32G4xx_HAL_Driver/Src/stm32g4xx_hal_flash_ex.c **** 
 847:Drivers/STM32G4xx_HAL_Driver/Src/stm32g4xx_hal_flash_ex.c ****       /* Set value and mask for nRST_SHDW option byte */
 848:Drivers/STM32G4xx_HAL_Driver/Src/stm32g4xx_hal_flash_ex.c ****       optr_reg_val |= (UserConfig & FLASH_OPTR_nRST_SHDW);
 849:Drivers/STM32G4xx_HAL_Driver/Src/stm32g4xx_hal_flash_ex.c ****       optr_reg_mask |= FLASH_OPTR_nRST_SHDW;
 850:Drivers/STM32G4xx_HAL_Driver/Src/stm32g4xx_hal_flash_ex.c ****     }
 851:Drivers/STM32G4xx_HAL_Driver/Src/stm32g4xx_hal_flash_ex.c **** 
 852:Drivers/STM32G4xx_HAL_Driver/Src/stm32g4xx_hal_flash_ex.c ****     if ((UserType & OB_USER_IWDG_SW) != 0U)
 853:Drivers/STM32G4xx_HAL_Driver/Src/stm32g4xx_hal_flash_ex.c ****     {
 854:Drivers/STM32G4xx_HAL_Driver/Src/stm32g4xx_hal_flash_ex.c ****       /* IWDG_SW option byte should be modified */
 855:Drivers/STM32G4xx_HAL_Driver/Src/stm32g4xx_hal_flash_ex.c ****       assert_param(IS_OB_USER_IWDG(UserConfig & FLASH_OPTR_IWDG_SW));
 856:Drivers/STM32G4xx_HAL_Driver/Src/stm32g4xx_hal_flash_ex.c **** 
 857:Drivers/STM32G4xx_HAL_Driver/Src/stm32g4xx_hal_flash_ex.c ****       /* Set value and mask for IWDG_SW option byte */
 858:Drivers/STM32G4xx_HAL_Driver/Src/stm32g4xx_hal_flash_ex.c ****       optr_reg_val |= (UserConfig & FLASH_OPTR_IWDG_SW);
 859:Drivers/STM32G4xx_HAL_Driver/Src/stm32g4xx_hal_flash_ex.c ****       optr_reg_mask |= FLASH_OPTR_IWDG_SW;
 860:Drivers/STM32G4xx_HAL_Driver/Src/stm32g4xx_hal_flash_ex.c ****     }
 861:Drivers/STM32G4xx_HAL_Driver/Src/stm32g4xx_hal_flash_ex.c **** 
 862:Drivers/STM32G4xx_HAL_Driver/Src/stm32g4xx_hal_flash_ex.c ****     if ((UserType & OB_USER_IWDG_STOP) != 0U)
 863:Drivers/STM32G4xx_HAL_Driver/Src/stm32g4xx_hal_flash_ex.c ****     {
 864:Drivers/STM32G4xx_HAL_Driver/Src/stm32g4xx_hal_flash_ex.c ****       /* IWDG_STOP option byte should be modified */
 865:Drivers/STM32G4xx_HAL_Driver/Src/stm32g4xx_hal_flash_ex.c ****       assert_param(IS_OB_USER_IWDG_STOP(UserConfig & FLASH_OPTR_IWDG_STOP));
 866:Drivers/STM32G4xx_HAL_Driver/Src/stm32g4xx_hal_flash_ex.c **** 
 867:Drivers/STM32G4xx_HAL_Driver/Src/stm32g4xx_hal_flash_ex.c ****       /* Set value and mask for IWDG_STOP option byte */
 868:Drivers/STM32G4xx_HAL_Driver/Src/stm32g4xx_hal_flash_ex.c ****       optr_reg_val |= (UserConfig & FLASH_OPTR_IWDG_STOP);
 869:Drivers/STM32G4xx_HAL_Driver/Src/stm32g4xx_hal_flash_ex.c ****       optr_reg_mask |= FLASH_OPTR_IWDG_STOP;
 870:Drivers/STM32G4xx_HAL_Driver/Src/stm32g4xx_hal_flash_ex.c ****     }
 871:Drivers/STM32G4xx_HAL_Driver/Src/stm32g4xx_hal_flash_ex.c **** 
 872:Drivers/STM32G4xx_HAL_Driver/Src/stm32g4xx_hal_flash_ex.c ****     if ((UserType & OB_USER_IWDG_STDBY) != 0U)
 873:Drivers/STM32G4xx_HAL_Driver/Src/stm32g4xx_hal_flash_ex.c ****     {
 874:Drivers/STM32G4xx_HAL_Driver/Src/stm32g4xx_hal_flash_ex.c ****       /* IWDG_STDBY option byte should be modified */
 875:Drivers/STM32G4xx_HAL_Driver/Src/stm32g4xx_hal_flash_ex.c ****       assert_param(IS_OB_USER_IWDG_STDBY(UserConfig & FLASH_OPTR_IWDG_STDBY));
 876:Drivers/STM32G4xx_HAL_Driver/Src/stm32g4xx_hal_flash_ex.c **** 
 877:Drivers/STM32G4xx_HAL_Driver/Src/stm32g4xx_hal_flash_ex.c ****       /* Set value and mask for IWDG_STDBY option byte */
 878:Drivers/STM32G4xx_HAL_Driver/Src/stm32g4xx_hal_flash_ex.c ****       optr_reg_val |= (UserConfig & FLASH_OPTR_IWDG_STDBY);
 879:Drivers/STM32G4xx_HAL_Driver/Src/stm32g4xx_hal_flash_ex.c ****       optr_reg_mask |= FLASH_OPTR_IWDG_STDBY;
 880:Drivers/STM32G4xx_HAL_Driver/Src/stm32g4xx_hal_flash_ex.c ****     }
ARM GAS  /tmp/cceEh1js.s 			page 18


 881:Drivers/STM32G4xx_HAL_Driver/Src/stm32g4xx_hal_flash_ex.c **** 
 882:Drivers/STM32G4xx_HAL_Driver/Src/stm32g4xx_hal_flash_ex.c ****     if ((UserType & OB_USER_WWDG_SW) != 0U)
 883:Drivers/STM32G4xx_HAL_Driver/Src/stm32g4xx_hal_flash_ex.c ****     {
 884:Drivers/STM32G4xx_HAL_Driver/Src/stm32g4xx_hal_flash_ex.c ****       /* WWDG_SW option byte should be modified */
 885:Drivers/STM32G4xx_HAL_Driver/Src/stm32g4xx_hal_flash_ex.c ****       assert_param(IS_OB_USER_WWDG(UserConfig & FLASH_OPTR_WWDG_SW));
 886:Drivers/STM32G4xx_HAL_Driver/Src/stm32g4xx_hal_flash_ex.c **** 
 887:Drivers/STM32G4xx_HAL_Driver/Src/stm32g4xx_hal_flash_ex.c ****       /* Set value and mask for WWDG_SW option byte */
 888:Drivers/STM32G4xx_HAL_Driver/Src/stm32g4xx_hal_flash_ex.c ****       optr_reg_val |= (UserConfig & FLASH_OPTR_WWDG_SW);
 889:Drivers/STM32G4xx_HAL_Driver/Src/stm32g4xx_hal_flash_ex.c ****       optr_reg_mask |= FLASH_OPTR_WWDG_SW;
 890:Drivers/STM32G4xx_HAL_Driver/Src/stm32g4xx_hal_flash_ex.c ****     }
 891:Drivers/STM32G4xx_HAL_Driver/Src/stm32g4xx_hal_flash_ex.c **** 
 892:Drivers/STM32G4xx_HAL_Driver/Src/stm32g4xx_hal_flash_ex.c **** #if defined (FLASH_OPTR_BFB2)
 893:Drivers/STM32G4xx_HAL_Driver/Src/stm32g4xx_hal_flash_ex.c ****     if ((UserType & OB_USER_BFB2) != 0U)
 894:Drivers/STM32G4xx_HAL_Driver/Src/stm32g4xx_hal_flash_ex.c ****     {
 895:Drivers/STM32G4xx_HAL_Driver/Src/stm32g4xx_hal_flash_ex.c ****       /* BFB2 option byte should be modified */
 896:Drivers/STM32G4xx_HAL_Driver/Src/stm32g4xx_hal_flash_ex.c ****       assert_param(IS_OB_USER_BFB2(UserConfig & FLASH_OPTR_BFB2));
 897:Drivers/STM32G4xx_HAL_Driver/Src/stm32g4xx_hal_flash_ex.c **** 
 898:Drivers/STM32G4xx_HAL_Driver/Src/stm32g4xx_hal_flash_ex.c ****       /* Set value and mask for BFB2 option byte */
 899:Drivers/STM32G4xx_HAL_Driver/Src/stm32g4xx_hal_flash_ex.c ****       optr_reg_val |= (UserConfig & FLASH_OPTR_BFB2);
 900:Drivers/STM32G4xx_HAL_Driver/Src/stm32g4xx_hal_flash_ex.c ****       optr_reg_mask |= FLASH_OPTR_BFB2;
 901:Drivers/STM32G4xx_HAL_Driver/Src/stm32g4xx_hal_flash_ex.c ****     }
 902:Drivers/STM32G4xx_HAL_Driver/Src/stm32g4xx_hal_flash_ex.c **** #endif
 903:Drivers/STM32G4xx_HAL_Driver/Src/stm32g4xx_hal_flash_ex.c **** 
 904:Drivers/STM32G4xx_HAL_Driver/Src/stm32g4xx_hal_flash_ex.c ****     if ((UserType & OB_USER_nBOOT1) != 0U)
 905:Drivers/STM32G4xx_HAL_Driver/Src/stm32g4xx_hal_flash_ex.c ****     {
 906:Drivers/STM32G4xx_HAL_Driver/Src/stm32g4xx_hal_flash_ex.c ****       /* nBOOT1 option byte should be modified */
 907:Drivers/STM32G4xx_HAL_Driver/Src/stm32g4xx_hal_flash_ex.c ****       assert_param(IS_OB_USER_BOOT1(UserConfig & FLASH_OPTR_nBOOT1));
 908:Drivers/STM32G4xx_HAL_Driver/Src/stm32g4xx_hal_flash_ex.c **** 
 909:Drivers/STM32G4xx_HAL_Driver/Src/stm32g4xx_hal_flash_ex.c ****       /* Set value and mask for nBOOT1 option byte */
 910:Drivers/STM32G4xx_HAL_Driver/Src/stm32g4xx_hal_flash_ex.c ****       optr_reg_val |= (UserConfig & FLASH_OPTR_nBOOT1);
 911:Drivers/STM32G4xx_HAL_Driver/Src/stm32g4xx_hal_flash_ex.c ****       optr_reg_mask |= FLASH_OPTR_nBOOT1;
 912:Drivers/STM32G4xx_HAL_Driver/Src/stm32g4xx_hal_flash_ex.c ****     }
 913:Drivers/STM32G4xx_HAL_Driver/Src/stm32g4xx_hal_flash_ex.c **** 
 914:Drivers/STM32G4xx_HAL_Driver/Src/stm32g4xx_hal_flash_ex.c ****     if ((UserType & OB_USER_SRAM_PE) != 0U)
 915:Drivers/STM32G4xx_HAL_Driver/Src/stm32g4xx_hal_flash_ex.c ****     {
 916:Drivers/STM32G4xx_HAL_Driver/Src/stm32g4xx_hal_flash_ex.c ****       /* SRAM_PE option byte should be modified */
 917:Drivers/STM32G4xx_HAL_Driver/Src/stm32g4xx_hal_flash_ex.c ****       assert_param(IS_OB_USER_SRAM_PARITY(UserConfig & FLASH_OPTR_SRAM_PE));
 918:Drivers/STM32G4xx_HAL_Driver/Src/stm32g4xx_hal_flash_ex.c **** 
 919:Drivers/STM32G4xx_HAL_Driver/Src/stm32g4xx_hal_flash_ex.c ****       /* Set value and mask for SRAM_PE option byte */
 920:Drivers/STM32G4xx_HAL_Driver/Src/stm32g4xx_hal_flash_ex.c ****       optr_reg_val |= (UserConfig & FLASH_OPTR_SRAM_PE);
 921:Drivers/STM32G4xx_HAL_Driver/Src/stm32g4xx_hal_flash_ex.c ****       optr_reg_mask |= FLASH_OPTR_SRAM_PE;
 922:Drivers/STM32G4xx_HAL_Driver/Src/stm32g4xx_hal_flash_ex.c ****     }
 923:Drivers/STM32G4xx_HAL_Driver/Src/stm32g4xx_hal_flash_ex.c ****     if ((UserType & OB_USER_CCMSRAM_RST) != 0U)
 924:Drivers/STM32G4xx_HAL_Driver/Src/stm32g4xx_hal_flash_ex.c ****     {
 925:Drivers/STM32G4xx_HAL_Driver/Src/stm32g4xx_hal_flash_ex.c ****       /* CCMSRAM_RST option byte should be modified */
 926:Drivers/STM32G4xx_HAL_Driver/Src/stm32g4xx_hal_flash_ex.c ****       assert_param(IS_OB_USER_CCMSRAM_RST(UserConfig & FLASH_OPTR_CCMSRAM_RST));
 927:Drivers/STM32G4xx_HAL_Driver/Src/stm32g4xx_hal_flash_ex.c **** 
 928:Drivers/STM32G4xx_HAL_Driver/Src/stm32g4xx_hal_flash_ex.c ****       /* Set value and mask for CCMSRAM_RST option byte */
 929:Drivers/STM32G4xx_HAL_Driver/Src/stm32g4xx_hal_flash_ex.c ****       optr_reg_val |= (UserConfig & FLASH_OPTR_CCMSRAM_RST);
 930:Drivers/STM32G4xx_HAL_Driver/Src/stm32g4xx_hal_flash_ex.c ****       optr_reg_mask |= FLASH_OPTR_CCMSRAM_RST;
 931:Drivers/STM32G4xx_HAL_Driver/Src/stm32g4xx_hal_flash_ex.c ****     }
 932:Drivers/STM32G4xx_HAL_Driver/Src/stm32g4xx_hal_flash_ex.c ****     if ((UserType & OB_USER_nSWBOOT0) != 0U)
 933:Drivers/STM32G4xx_HAL_Driver/Src/stm32g4xx_hal_flash_ex.c ****     {
 934:Drivers/STM32G4xx_HAL_Driver/Src/stm32g4xx_hal_flash_ex.c ****       /* nSWBOOT0 option byte should be modified */
 935:Drivers/STM32G4xx_HAL_Driver/Src/stm32g4xx_hal_flash_ex.c ****       assert_param(IS_OB_USER_SWBOOT0(UserConfig & FLASH_OPTR_nSWBOOT0));
 936:Drivers/STM32G4xx_HAL_Driver/Src/stm32g4xx_hal_flash_ex.c **** 
 937:Drivers/STM32G4xx_HAL_Driver/Src/stm32g4xx_hal_flash_ex.c ****       /* Set value and mask for nSWBOOT0 option byte */
ARM GAS  /tmp/cceEh1js.s 			page 19


 938:Drivers/STM32G4xx_HAL_Driver/Src/stm32g4xx_hal_flash_ex.c ****       optr_reg_val |= (UserConfig & FLASH_OPTR_nSWBOOT0);
 939:Drivers/STM32G4xx_HAL_Driver/Src/stm32g4xx_hal_flash_ex.c ****       optr_reg_mask |= FLASH_OPTR_nSWBOOT0;
 940:Drivers/STM32G4xx_HAL_Driver/Src/stm32g4xx_hal_flash_ex.c ****     }
 941:Drivers/STM32G4xx_HAL_Driver/Src/stm32g4xx_hal_flash_ex.c **** 
 942:Drivers/STM32G4xx_HAL_Driver/Src/stm32g4xx_hal_flash_ex.c ****     if ((UserType & OB_USER_nBOOT0) != 0U)
 943:Drivers/STM32G4xx_HAL_Driver/Src/stm32g4xx_hal_flash_ex.c ****     {
 944:Drivers/STM32G4xx_HAL_Driver/Src/stm32g4xx_hal_flash_ex.c ****       /* nBOOT0 option byte should be modified */
 945:Drivers/STM32G4xx_HAL_Driver/Src/stm32g4xx_hal_flash_ex.c ****       assert_param(IS_OB_USER_BOOT0(UserConfig & FLASH_OPTR_nBOOT0));
 946:Drivers/STM32G4xx_HAL_Driver/Src/stm32g4xx_hal_flash_ex.c **** 
 947:Drivers/STM32G4xx_HAL_Driver/Src/stm32g4xx_hal_flash_ex.c ****       /* Set value and mask for nBOOT0 option byte */
 948:Drivers/STM32G4xx_HAL_Driver/Src/stm32g4xx_hal_flash_ex.c ****       optr_reg_val |= (UserConfig & FLASH_OPTR_nBOOT0);
 949:Drivers/STM32G4xx_HAL_Driver/Src/stm32g4xx_hal_flash_ex.c ****       optr_reg_mask |= FLASH_OPTR_nBOOT0;
 950:Drivers/STM32G4xx_HAL_Driver/Src/stm32g4xx_hal_flash_ex.c ****     }
 951:Drivers/STM32G4xx_HAL_Driver/Src/stm32g4xx_hal_flash_ex.c **** 
 952:Drivers/STM32G4xx_HAL_Driver/Src/stm32g4xx_hal_flash_ex.c ****     if ((UserType & OB_USER_NRST_MODE) != 0U)
 953:Drivers/STM32G4xx_HAL_Driver/Src/stm32g4xx_hal_flash_ex.c ****     {
 954:Drivers/STM32G4xx_HAL_Driver/Src/stm32g4xx_hal_flash_ex.c ****       /* Reset Configuration option byte should be modified */
 955:Drivers/STM32G4xx_HAL_Driver/Src/stm32g4xx_hal_flash_ex.c ****       assert_param(IS_OB_USER_NRST_MODE(UserConfig & FLASH_OPTR_NRST_MODE));
 956:Drivers/STM32G4xx_HAL_Driver/Src/stm32g4xx_hal_flash_ex.c **** 
 957:Drivers/STM32G4xx_HAL_Driver/Src/stm32g4xx_hal_flash_ex.c ****       /* Set value and mask for Reset Configuration option byte */
 958:Drivers/STM32G4xx_HAL_Driver/Src/stm32g4xx_hal_flash_ex.c ****       optr_reg_val |= (UserConfig & FLASH_OPTR_NRST_MODE);
 959:Drivers/STM32G4xx_HAL_Driver/Src/stm32g4xx_hal_flash_ex.c ****       optr_reg_mask |= FLASH_OPTR_NRST_MODE;
 960:Drivers/STM32G4xx_HAL_Driver/Src/stm32g4xx_hal_flash_ex.c ****     }
 961:Drivers/STM32G4xx_HAL_Driver/Src/stm32g4xx_hal_flash_ex.c **** 
 962:Drivers/STM32G4xx_HAL_Driver/Src/stm32g4xx_hal_flash_ex.c ****     if ((UserType & OB_USER_IRHEN) != 0U)
 963:Drivers/STM32G4xx_HAL_Driver/Src/stm32g4xx_hal_flash_ex.c ****     {
 964:Drivers/STM32G4xx_HAL_Driver/Src/stm32g4xx_hal_flash_ex.c ****       /* IRH option byte should be modified */
 965:Drivers/STM32G4xx_HAL_Driver/Src/stm32g4xx_hal_flash_ex.c ****       assert_param(IS_OB_USER_IRHEN(UserConfig & FLASH_OPTR_IRHEN));
 966:Drivers/STM32G4xx_HAL_Driver/Src/stm32g4xx_hal_flash_ex.c **** 
 967:Drivers/STM32G4xx_HAL_Driver/Src/stm32g4xx_hal_flash_ex.c ****       /* Set value and mask for IRH option byte */
 968:Drivers/STM32G4xx_HAL_Driver/Src/stm32g4xx_hal_flash_ex.c ****       optr_reg_val |= (UserConfig & FLASH_OPTR_IRHEN);
 969:Drivers/STM32G4xx_HAL_Driver/Src/stm32g4xx_hal_flash_ex.c ****       optr_reg_mask |= FLASH_OPTR_IRHEN;
 970:Drivers/STM32G4xx_HAL_Driver/Src/stm32g4xx_hal_flash_ex.c ****     }
 971:Drivers/STM32G4xx_HAL_Driver/Src/stm32g4xx_hal_flash_ex.c **** 
 972:Drivers/STM32G4xx_HAL_Driver/Src/stm32g4xx_hal_flash_ex.c ****     /* Configure the option bytes register */
 973:Drivers/STM32G4xx_HAL_Driver/Src/stm32g4xx_hal_flash_ex.c ****     MODIFY_REG(FLASH->OPTR, optr_reg_mask, optr_reg_val);
 974:Drivers/STM32G4xx_HAL_Driver/Src/stm32g4xx_hal_flash_ex.c **** 
 975:Drivers/STM32G4xx_HAL_Driver/Src/stm32g4xx_hal_flash_ex.c ****     /* Set OPTSTRT Bit */
 976:Drivers/STM32G4xx_HAL_Driver/Src/stm32g4xx_hal_flash_ex.c ****     SET_BIT(FLASH->CR, FLASH_CR_OPTSTRT);
 977:Drivers/STM32G4xx_HAL_Driver/Src/stm32g4xx_hal_flash_ex.c **** 
 978:Drivers/STM32G4xx_HAL_Driver/Src/stm32g4xx_hal_flash_ex.c ****     /* Wait for last operation to be completed */
 979:Drivers/STM32G4xx_HAL_Driver/Src/stm32g4xx_hal_flash_ex.c ****     status = FLASH_WaitForLastOperation((uint32_t)FLASH_TIMEOUT_VALUE);
 980:Drivers/STM32G4xx_HAL_Driver/Src/stm32g4xx_hal_flash_ex.c ****   }
 981:Drivers/STM32G4xx_HAL_Driver/Src/stm32g4xx_hal_flash_ex.c **** 
 982:Drivers/STM32G4xx_HAL_Driver/Src/stm32g4xx_hal_flash_ex.c ****   return status;
 983:Drivers/STM32G4xx_HAL_Driver/Src/stm32g4xx_hal_flash_ex.c **** }
 984:Drivers/STM32G4xx_HAL_Driver/Src/stm32g4xx_hal_flash_ex.c **** 
 985:Drivers/STM32G4xx_HAL_Driver/Src/stm32g4xx_hal_flash_ex.c **** /**
 986:Drivers/STM32G4xx_HAL_Driver/Src/stm32g4xx_hal_flash_ex.c ****   * @brief  Configure the Proprietary code readout protection area into Option Bytes.
 987:Drivers/STM32G4xx_HAL_Driver/Src/stm32g4xx_hal_flash_ex.c ****   * @note   To configure any option bytes, the option lock bit OPTLOCK must be
 988:Drivers/STM32G4xx_HAL_Driver/Src/stm32g4xx_hal_flash_ex.c ****   *         cleared with the call of HAL_FLASH_OB_Unlock() function.
 989:Drivers/STM32G4xx_HAL_Driver/Src/stm32g4xx_hal_flash_ex.c ****   * @note   New option bytes configuration will be taken into account in two cases:
 990:Drivers/STM32G4xx_HAL_Driver/Src/stm32g4xx_hal_flash_ex.c ****   *         - after an option bytes launch through the call of HAL_FLASH_OB_Launch()
 991:Drivers/STM32G4xx_HAL_Driver/Src/stm32g4xx_hal_flash_ex.c ****   *         - after a power reset (BOR reset or exit from Standby/Shutdown modes)
 992:Drivers/STM32G4xx_HAL_Driver/Src/stm32g4xx_hal_flash_ex.c ****   * @param  PCROPConfig specifies the configuration (Bank to be configured and PCROP_RDP option).
 993:Drivers/STM32G4xx_HAL_Driver/Src/stm32g4xx_hal_flash_ex.c ****   *         This parameter must be a combination of FLASH_BANK_1 or FLASH_BANK_2 (*)
 994:Drivers/STM32G4xx_HAL_Driver/Src/stm32g4xx_hal_flash_ex.c ****   *         with OB_PCROP_RDP_NOT_ERASE or OB_PCROP_RDP_ERASE.
ARM GAS  /tmp/cceEh1js.s 			page 20


 995:Drivers/STM32G4xx_HAL_Driver/Src/stm32g4xx_hal_flash_ex.c ****   * @note   (*) availability depends on devices
 996:Drivers/STM32G4xx_HAL_Driver/Src/stm32g4xx_hal_flash_ex.c ****   * @param  PCROPStartAddr specifies the start address of the Proprietary code readout protection.
 997:Drivers/STM32G4xx_HAL_Driver/Src/stm32g4xx_hal_flash_ex.c ****   *         This parameter can be an address between begin and end of the bank.
 998:Drivers/STM32G4xx_HAL_Driver/Src/stm32g4xx_hal_flash_ex.c ****   * @param  PCROPEndAddr specifies the end address of the Proprietary code readout protection.
 999:Drivers/STM32G4xx_HAL_Driver/Src/stm32g4xx_hal_flash_ex.c ****   *         This parameter can be an address between PCROPStartAddr and end of the bank.
1000:Drivers/STM32G4xx_HAL_Driver/Src/stm32g4xx_hal_flash_ex.c ****   * @retval HAL_Status
1001:Drivers/STM32G4xx_HAL_Driver/Src/stm32g4xx_hal_flash_ex.c ****   */
1002:Drivers/STM32G4xx_HAL_Driver/Src/stm32g4xx_hal_flash_ex.c **** static HAL_StatusTypeDef FLASH_OB_PCROPConfig(uint32_t PCROPConfig, uint32_t PCROPStartAddr, uint32
1003:Drivers/STM32G4xx_HAL_Driver/Src/stm32g4xx_hal_flash_ex.c **** {
1004:Drivers/STM32G4xx_HAL_Driver/Src/stm32g4xx_hal_flash_ex.c ****   HAL_StatusTypeDef status;
1005:Drivers/STM32G4xx_HAL_Driver/Src/stm32g4xx_hal_flash_ex.c ****   uint32_t reg_value;
1006:Drivers/STM32G4xx_HAL_Driver/Src/stm32g4xx_hal_flash_ex.c ****   uint32_t bank1_addr;
1007:Drivers/STM32G4xx_HAL_Driver/Src/stm32g4xx_hal_flash_ex.c **** #if defined (FLASH_OPTR_DBANK)
1008:Drivers/STM32G4xx_HAL_Driver/Src/stm32g4xx_hal_flash_ex.c ****   uint32_t bank2_addr;
1009:Drivers/STM32G4xx_HAL_Driver/Src/stm32g4xx_hal_flash_ex.c **** #endif
1010:Drivers/STM32G4xx_HAL_Driver/Src/stm32g4xx_hal_flash_ex.c **** 
1011:Drivers/STM32G4xx_HAL_Driver/Src/stm32g4xx_hal_flash_ex.c ****   /* Check the parameters */
1012:Drivers/STM32G4xx_HAL_Driver/Src/stm32g4xx_hal_flash_ex.c ****   assert_param(IS_FLASH_BANK_EXCLUSIVE(PCROPConfig & FLASH_BANK_BOTH));
1013:Drivers/STM32G4xx_HAL_Driver/Src/stm32g4xx_hal_flash_ex.c ****   assert_param(IS_OB_PCROP_RDP(PCROPConfig & FLASH_PCROP1ER_PCROP_RDP));
1014:Drivers/STM32G4xx_HAL_Driver/Src/stm32g4xx_hal_flash_ex.c ****   assert_param(IS_FLASH_MAIN_MEM_ADDRESS(PCROPStartAddr));
1015:Drivers/STM32G4xx_HAL_Driver/Src/stm32g4xx_hal_flash_ex.c ****   assert_param(IS_FLASH_MAIN_MEM_ADDRESS(PCROPEndAddr));
1016:Drivers/STM32G4xx_HAL_Driver/Src/stm32g4xx_hal_flash_ex.c **** 
1017:Drivers/STM32G4xx_HAL_Driver/Src/stm32g4xx_hal_flash_ex.c ****   /* Wait for last operation to be completed */
1018:Drivers/STM32G4xx_HAL_Driver/Src/stm32g4xx_hal_flash_ex.c ****   status = FLASH_WaitForLastOperation((uint32_t)FLASH_TIMEOUT_VALUE);
1019:Drivers/STM32G4xx_HAL_Driver/Src/stm32g4xx_hal_flash_ex.c **** 
1020:Drivers/STM32G4xx_HAL_Driver/Src/stm32g4xx_hal_flash_ex.c ****   if (status == HAL_OK)
1021:Drivers/STM32G4xx_HAL_Driver/Src/stm32g4xx_hal_flash_ex.c ****   {
1022:Drivers/STM32G4xx_HAL_Driver/Src/stm32g4xx_hal_flash_ex.c **** #if defined (FLASH_OPTR_DBANK)
1023:Drivers/STM32G4xx_HAL_Driver/Src/stm32g4xx_hal_flash_ex.c ****     /* Get the information about the bank swapping */
1024:Drivers/STM32G4xx_HAL_Driver/Src/stm32g4xx_hal_flash_ex.c ****     if (READ_BIT(SYSCFG->MEMRMP, SYSCFG_MEMRMP_FB_MODE) == 0U)
1025:Drivers/STM32G4xx_HAL_Driver/Src/stm32g4xx_hal_flash_ex.c ****     {
1026:Drivers/STM32G4xx_HAL_Driver/Src/stm32g4xx_hal_flash_ex.c ****       bank1_addr = FLASH_BASE;
1027:Drivers/STM32G4xx_HAL_Driver/Src/stm32g4xx_hal_flash_ex.c ****       bank2_addr = FLASH_BASE + FLASH_BANK_SIZE;
1028:Drivers/STM32G4xx_HAL_Driver/Src/stm32g4xx_hal_flash_ex.c ****     }
1029:Drivers/STM32G4xx_HAL_Driver/Src/stm32g4xx_hal_flash_ex.c ****     else
1030:Drivers/STM32G4xx_HAL_Driver/Src/stm32g4xx_hal_flash_ex.c ****     {
1031:Drivers/STM32G4xx_HAL_Driver/Src/stm32g4xx_hal_flash_ex.c ****       bank1_addr = FLASH_BASE + FLASH_BANK_SIZE;
1032:Drivers/STM32G4xx_HAL_Driver/Src/stm32g4xx_hal_flash_ex.c ****       bank2_addr = FLASH_BASE;
1033:Drivers/STM32G4xx_HAL_Driver/Src/stm32g4xx_hal_flash_ex.c ****     }
1034:Drivers/STM32G4xx_HAL_Driver/Src/stm32g4xx_hal_flash_ex.c **** #else
1035:Drivers/STM32G4xx_HAL_Driver/Src/stm32g4xx_hal_flash_ex.c ****     bank1_addr = FLASH_BASE;
1036:Drivers/STM32G4xx_HAL_Driver/Src/stm32g4xx_hal_flash_ex.c **** #endif
1037:Drivers/STM32G4xx_HAL_Driver/Src/stm32g4xx_hal_flash_ex.c **** 
1038:Drivers/STM32G4xx_HAL_Driver/Src/stm32g4xx_hal_flash_ex.c **** #if defined (FLASH_OPTR_DBANK)
1039:Drivers/STM32G4xx_HAL_Driver/Src/stm32g4xx_hal_flash_ex.c ****     if (READ_BIT(FLASH->OPTR, FLASH_OPTR_DBANK) == 0U)
1040:Drivers/STM32G4xx_HAL_Driver/Src/stm32g4xx_hal_flash_ex.c ****     {
1041:Drivers/STM32G4xx_HAL_Driver/Src/stm32g4xx_hal_flash_ex.c ****       /* Configure the Proprietary code readout protection */
1042:Drivers/STM32G4xx_HAL_Driver/Src/stm32g4xx_hal_flash_ex.c ****       if ((PCROPConfig & FLASH_BANK_BOTH) == FLASH_BANK_1)
1043:Drivers/STM32G4xx_HAL_Driver/Src/stm32g4xx_hal_flash_ex.c ****       {
1044:Drivers/STM32G4xx_HAL_Driver/Src/stm32g4xx_hal_flash_ex.c ****         reg_value = ((PCROPStartAddr - FLASH_BASE) >> 4);
1045:Drivers/STM32G4xx_HAL_Driver/Src/stm32g4xx_hal_flash_ex.c ****         MODIFY_REG(FLASH->PCROP1SR, FLASH_PCROP1SR_PCROP1_STRT, reg_value);
1046:Drivers/STM32G4xx_HAL_Driver/Src/stm32g4xx_hal_flash_ex.c **** 
1047:Drivers/STM32G4xx_HAL_Driver/Src/stm32g4xx_hal_flash_ex.c ****         reg_value = ((PCROPEndAddr - FLASH_BASE) >> 4);
1048:Drivers/STM32G4xx_HAL_Driver/Src/stm32g4xx_hal_flash_ex.c ****         MODIFY_REG(FLASH->PCROP1ER, FLASH_PCROP1ER_PCROP1_END, reg_value);
1049:Drivers/STM32G4xx_HAL_Driver/Src/stm32g4xx_hal_flash_ex.c ****       }
1050:Drivers/STM32G4xx_HAL_Driver/Src/stm32g4xx_hal_flash_ex.c ****       else if ((PCROPConfig & FLASH_BANK_BOTH) == FLASH_BANK_2)
1051:Drivers/STM32G4xx_HAL_Driver/Src/stm32g4xx_hal_flash_ex.c ****       {
ARM GAS  /tmp/cceEh1js.s 			page 21


1052:Drivers/STM32G4xx_HAL_Driver/Src/stm32g4xx_hal_flash_ex.c ****         reg_value = ((PCROPStartAddr - FLASH_BASE) >> 4);
1053:Drivers/STM32G4xx_HAL_Driver/Src/stm32g4xx_hal_flash_ex.c ****         MODIFY_REG(FLASH->PCROP2SR, FLASH_PCROP2SR_PCROP2_STRT, reg_value);
1054:Drivers/STM32G4xx_HAL_Driver/Src/stm32g4xx_hal_flash_ex.c **** 
1055:Drivers/STM32G4xx_HAL_Driver/Src/stm32g4xx_hal_flash_ex.c ****         reg_value = ((PCROPEndAddr - FLASH_BASE) >> 4);
1056:Drivers/STM32G4xx_HAL_Driver/Src/stm32g4xx_hal_flash_ex.c ****         MODIFY_REG(FLASH->PCROP2ER, FLASH_PCROP2ER_PCROP2_END, reg_value);
1057:Drivers/STM32G4xx_HAL_Driver/Src/stm32g4xx_hal_flash_ex.c ****       }
1058:Drivers/STM32G4xx_HAL_Driver/Src/stm32g4xx_hal_flash_ex.c ****       else
1059:Drivers/STM32G4xx_HAL_Driver/Src/stm32g4xx_hal_flash_ex.c ****       {
1060:Drivers/STM32G4xx_HAL_Driver/Src/stm32g4xx_hal_flash_ex.c ****         /* Nothing to do */
1061:Drivers/STM32G4xx_HAL_Driver/Src/stm32g4xx_hal_flash_ex.c ****       }
1062:Drivers/STM32G4xx_HAL_Driver/Src/stm32g4xx_hal_flash_ex.c ****     }
1063:Drivers/STM32G4xx_HAL_Driver/Src/stm32g4xx_hal_flash_ex.c ****     else
1064:Drivers/STM32G4xx_HAL_Driver/Src/stm32g4xx_hal_flash_ex.c **** #endif
1065:Drivers/STM32G4xx_HAL_Driver/Src/stm32g4xx_hal_flash_ex.c ****     {
1066:Drivers/STM32G4xx_HAL_Driver/Src/stm32g4xx_hal_flash_ex.c ****       /* Configure the Proprietary code readout protection */
1067:Drivers/STM32G4xx_HAL_Driver/Src/stm32g4xx_hal_flash_ex.c ****       if ((PCROPConfig & FLASH_BANK_BOTH) == FLASH_BANK_1)
1068:Drivers/STM32G4xx_HAL_Driver/Src/stm32g4xx_hal_flash_ex.c ****       {
1069:Drivers/STM32G4xx_HAL_Driver/Src/stm32g4xx_hal_flash_ex.c ****         reg_value = ((PCROPStartAddr - bank1_addr) >> 3);
1070:Drivers/STM32G4xx_HAL_Driver/Src/stm32g4xx_hal_flash_ex.c ****         MODIFY_REG(FLASH->PCROP1SR, FLASH_PCROP1SR_PCROP1_STRT, reg_value);
1071:Drivers/STM32G4xx_HAL_Driver/Src/stm32g4xx_hal_flash_ex.c **** 
1072:Drivers/STM32G4xx_HAL_Driver/Src/stm32g4xx_hal_flash_ex.c ****         reg_value = ((PCROPEndAddr - bank1_addr) >> 3);
1073:Drivers/STM32G4xx_HAL_Driver/Src/stm32g4xx_hal_flash_ex.c ****         MODIFY_REG(FLASH->PCROP1ER, FLASH_PCROP1ER_PCROP1_END, reg_value);
1074:Drivers/STM32G4xx_HAL_Driver/Src/stm32g4xx_hal_flash_ex.c ****       }
1075:Drivers/STM32G4xx_HAL_Driver/Src/stm32g4xx_hal_flash_ex.c **** #if defined (FLASH_OPTR_DBANK)
1076:Drivers/STM32G4xx_HAL_Driver/Src/stm32g4xx_hal_flash_ex.c ****       else if ((PCROPConfig & FLASH_BANK_BOTH) == FLASH_BANK_2)
1077:Drivers/STM32G4xx_HAL_Driver/Src/stm32g4xx_hal_flash_ex.c ****       {
1078:Drivers/STM32G4xx_HAL_Driver/Src/stm32g4xx_hal_flash_ex.c ****         reg_value = ((PCROPStartAddr - bank2_addr) >> 3);
1079:Drivers/STM32G4xx_HAL_Driver/Src/stm32g4xx_hal_flash_ex.c ****         MODIFY_REG(FLASH->PCROP2SR, FLASH_PCROP2SR_PCROP2_STRT, reg_value);
1080:Drivers/STM32G4xx_HAL_Driver/Src/stm32g4xx_hal_flash_ex.c **** 
1081:Drivers/STM32G4xx_HAL_Driver/Src/stm32g4xx_hal_flash_ex.c ****         reg_value = ((PCROPEndAddr - bank2_addr) >> 3);
1082:Drivers/STM32G4xx_HAL_Driver/Src/stm32g4xx_hal_flash_ex.c ****         MODIFY_REG(FLASH->PCROP2ER, FLASH_PCROP2ER_PCROP2_END, reg_value);
1083:Drivers/STM32G4xx_HAL_Driver/Src/stm32g4xx_hal_flash_ex.c ****       }
1084:Drivers/STM32G4xx_HAL_Driver/Src/stm32g4xx_hal_flash_ex.c **** #endif
1085:Drivers/STM32G4xx_HAL_Driver/Src/stm32g4xx_hal_flash_ex.c ****       else
1086:Drivers/STM32G4xx_HAL_Driver/Src/stm32g4xx_hal_flash_ex.c ****       {
1087:Drivers/STM32G4xx_HAL_Driver/Src/stm32g4xx_hal_flash_ex.c ****         /* Nothing to do */
1088:Drivers/STM32G4xx_HAL_Driver/Src/stm32g4xx_hal_flash_ex.c ****       }
1089:Drivers/STM32G4xx_HAL_Driver/Src/stm32g4xx_hal_flash_ex.c ****     }
1090:Drivers/STM32G4xx_HAL_Driver/Src/stm32g4xx_hal_flash_ex.c **** 
1091:Drivers/STM32G4xx_HAL_Driver/Src/stm32g4xx_hal_flash_ex.c ****     MODIFY_REG(FLASH->PCROP1ER, FLASH_PCROP1ER_PCROP_RDP, (PCROPConfig & FLASH_PCROP1ER_PCROP_RDP))
1092:Drivers/STM32G4xx_HAL_Driver/Src/stm32g4xx_hal_flash_ex.c **** 
1093:Drivers/STM32G4xx_HAL_Driver/Src/stm32g4xx_hal_flash_ex.c ****     /* Set OPTSTRT Bit */
1094:Drivers/STM32G4xx_HAL_Driver/Src/stm32g4xx_hal_flash_ex.c ****     SET_BIT(FLASH->CR, FLASH_CR_OPTSTRT);
1095:Drivers/STM32G4xx_HAL_Driver/Src/stm32g4xx_hal_flash_ex.c **** 
1096:Drivers/STM32G4xx_HAL_Driver/Src/stm32g4xx_hal_flash_ex.c ****     /* Wait for last operation to be completed */
1097:Drivers/STM32G4xx_HAL_Driver/Src/stm32g4xx_hal_flash_ex.c ****     status = FLASH_WaitForLastOperation((uint32_t)FLASH_TIMEOUT_VALUE);
1098:Drivers/STM32G4xx_HAL_Driver/Src/stm32g4xx_hal_flash_ex.c ****   }
1099:Drivers/STM32G4xx_HAL_Driver/Src/stm32g4xx_hal_flash_ex.c **** 
1100:Drivers/STM32G4xx_HAL_Driver/Src/stm32g4xx_hal_flash_ex.c ****   return status;
1101:Drivers/STM32G4xx_HAL_Driver/Src/stm32g4xx_hal_flash_ex.c **** }
1102:Drivers/STM32G4xx_HAL_Driver/Src/stm32g4xx_hal_flash_ex.c **** 
1103:Drivers/STM32G4xx_HAL_Driver/Src/stm32g4xx_hal_flash_ex.c **** /**
1104:Drivers/STM32G4xx_HAL_Driver/Src/stm32g4xx_hal_flash_ex.c ****   * @brief  Configure the Securable memory area into Option Bytes.
1105:Drivers/STM32G4xx_HAL_Driver/Src/stm32g4xx_hal_flash_ex.c ****   * @note   To configure any option bytes, the option lock bit OPTLOCK must be
1106:Drivers/STM32G4xx_HAL_Driver/Src/stm32g4xx_hal_flash_ex.c ****   *         cleared with the call of HAL_FLASH_OB_Unlock() function.
1107:Drivers/STM32G4xx_HAL_Driver/Src/stm32g4xx_hal_flash_ex.c ****   * @note   New option bytes configuration will be taken into account in two cases:
1108:Drivers/STM32G4xx_HAL_Driver/Src/stm32g4xx_hal_flash_ex.c ****   *         - after an option bytes launch through the call of HAL_FLASH_OB_Launch()
ARM GAS  /tmp/cceEh1js.s 			page 22


1109:Drivers/STM32G4xx_HAL_Driver/Src/stm32g4xx_hal_flash_ex.c ****   *         - after a power reset (BOR reset or exit from Standby/Shutdown modes)
1110:Drivers/STM32G4xx_HAL_Driver/Src/stm32g4xx_hal_flash_ex.c ****   * @param  SecBank specifies bank of securable memory area to be configured.
1111:Drivers/STM32G4xx_HAL_Driver/Src/stm32g4xx_hal_flash_ex.c ****   *          This parameter can be one of the following values:
1112:Drivers/STM32G4xx_HAL_Driver/Src/stm32g4xx_hal_flash_ex.c ****   *            @arg FLASH_BANK_1: Securable memory in Bank1 to be configured
1113:Drivers/STM32G4xx_HAL_Driver/Src/stm32g4xx_hal_flash_ex.c ****   *            @arg FLASH_BANK_2: Securable memory in Bank2 to be configured (*)
1114:Drivers/STM32G4xx_HAL_Driver/Src/stm32g4xx_hal_flash_ex.c ****   * @note   (*) availability depends on devices
1115:Drivers/STM32G4xx_HAL_Driver/Src/stm32g4xx_hal_flash_ex.c ****   * @param  SecSize specifies the number of pages of the Securable memory area,
1116:Drivers/STM32G4xx_HAL_Driver/Src/stm32g4xx_hal_flash_ex.c ****   *         starting from first page of the bank.
1117:Drivers/STM32G4xx_HAL_Driver/Src/stm32g4xx_hal_flash_ex.c ****   *         This parameter can be page number between 0 and (max number of pages in the bank - 1)
1118:Drivers/STM32G4xx_HAL_Driver/Src/stm32g4xx_hal_flash_ex.c ****   * @retval HAL Status
1119:Drivers/STM32G4xx_HAL_Driver/Src/stm32g4xx_hal_flash_ex.c ****   */
1120:Drivers/STM32G4xx_HAL_Driver/Src/stm32g4xx_hal_flash_ex.c **** static HAL_StatusTypeDef FLASH_OB_SecMemConfig(uint32_t SecBank, uint32_t SecSize)
1121:Drivers/STM32G4xx_HAL_Driver/Src/stm32g4xx_hal_flash_ex.c **** {
1122:Drivers/STM32G4xx_HAL_Driver/Src/stm32g4xx_hal_flash_ex.c ****   HAL_StatusTypeDef status;
1123:Drivers/STM32G4xx_HAL_Driver/Src/stm32g4xx_hal_flash_ex.c **** 
1124:Drivers/STM32G4xx_HAL_Driver/Src/stm32g4xx_hal_flash_ex.c ****   /* Check the parameters */
1125:Drivers/STM32G4xx_HAL_Driver/Src/stm32g4xx_hal_flash_ex.c ****   assert_param(IS_FLASH_BANK_EXCLUSIVE(SecBank));
1126:Drivers/STM32G4xx_HAL_Driver/Src/stm32g4xx_hal_flash_ex.c ****   assert_param(IS_OB_SECMEM_SIZE(SecSize));
1127:Drivers/STM32G4xx_HAL_Driver/Src/stm32g4xx_hal_flash_ex.c **** 
1128:Drivers/STM32G4xx_HAL_Driver/Src/stm32g4xx_hal_flash_ex.c ****   /* Wait for last operation to be completed */
1129:Drivers/STM32G4xx_HAL_Driver/Src/stm32g4xx_hal_flash_ex.c ****   status = FLASH_WaitForLastOperation((uint32_t)FLASH_TIMEOUT_VALUE);
1130:Drivers/STM32G4xx_HAL_Driver/Src/stm32g4xx_hal_flash_ex.c **** 
1131:Drivers/STM32G4xx_HAL_Driver/Src/stm32g4xx_hal_flash_ex.c ****   if (status == HAL_OK)
1132:Drivers/STM32G4xx_HAL_Driver/Src/stm32g4xx_hal_flash_ex.c ****   {
1133:Drivers/STM32G4xx_HAL_Driver/Src/stm32g4xx_hal_flash_ex.c ****     /* Configure the write protected area */
1134:Drivers/STM32G4xx_HAL_Driver/Src/stm32g4xx_hal_flash_ex.c ****     if (SecBank == FLASH_BANK_1)
1135:Drivers/STM32G4xx_HAL_Driver/Src/stm32g4xx_hal_flash_ex.c ****     {
1136:Drivers/STM32G4xx_HAL_Driver/Src/stm32g4xx_hal_flash_ex.c ****       MODIFY_REG(FLASH->SEC1R, FLASH_SEC1R_SEC_SIZE1, SecSize);
1137:Drivers/STM32G4xx_HAL_Driver/Src/stm32g4xx_hal_flash_ex.c ****     }
1138:Drivers/STM32G4xx_HAL_Driver/Src/stm32g4xx_hal_flash_ex.c **** #if defined (FLASH_OPTR_DBANK)
1139:Drivers/STM32G4xx_HAL_Driver/Src/stm32g4xx_hal_flash_ex.c ****     else if (SecBank == FLASH_BANK_2)
1140:Drivers/STM32G4xx_HAL_Driver/Src/stm32g4xx_hal_flash_ex.c ****     {
1141:Drivers/STM32G4xx_HAL_Driver/Src/stm32g4xx_hal_flash_ex.c ****       MODIFY_REG(FLASH->SEC2R, FLASH_SEC2R_SEC_SIZE2, SecSize);
1142:Drivers/STM32G4xx_HAL_Driver/Src/stm32g4xx_hal_flash_ex.c ****     }
1143:Drivers/STM32G4xx_HAL_Driver/Src/stm32g4xx_hal_flash_ex.c ****     else
1144:Drivers/STM32G4xx_HAL_Driver/Src/stm32g4xx_hal_flash_ex.c ****     {
1145:Drivers/STM32G4xx_HAL_Driver/Src/stm32g4xx_hal_flash_ex.c ****       /* Nothing to do */
1146:Drivers/STM32G4xx_HAL_Driver/Src/stm32g4xx_hal_flash_ex.c ****     }
1147:Drivers/STM32G4xx_HAL_Driver/Src/stm32g4xx_hal_flash_ex.c **** #endif
1148:Drivers/STM32G4xx_HAL_Driver/Src/stm32g4xx_hal_flash_ex.c **** 
1149:Drivers/STM32G4xx_HAL_Driver/Src/stm32g4xx_hal_flash_ex.c ****     /* Set OPTSTRT Bit */
1150:Drivers/STM32G4xx_HAL_Driver/Src/stm32g4xx_hal_flash_ex.c ****     SET_BIT(FLASH->CR, FLASH_CR_OPTSTRT);
1151:Drivers/STM32G4xx_HAL_Driver/Src/stm32g4xx_hal_flash_ex.c **** 
1152:Drivers/STM32G4xx_HAL_Driver/Src/stm32g4xx_hal_flash_ex.c ****     /* Wait for last operation to be completed */
1153:Drivers/STM32G4xx_HAL_Driver/Src/stm32g4xx_hal_flash_ex.c ****     status = FLASH_WaitForLastOperation((uint32_t)FLASH_TIMEOUT_VALUE);
1154:Drivers/STM32G4xx_HAL_Driver/Src/stm32g4xx_hal_flash_ex.c ****   }
1155:Drivers/STM32G4xx_HAL_Driver/Src/stm32g4xx_hal_flash_ex.c **** 
1156:Drivers/STM32G4xx_HAL_Driver/Src/stm32g4xx_hal_flash_ex.c ****   return status;
1157:Drivers/STM32G4xx_HAL_Driver/Src/stm32g4xx_hal_flash_ex.c **** }
1158:Drivers/STM32G4xx_HAL_Driver/Src/stm32g4xx_hal_flash_ex.c **** 
1159:Drivers/STM32G4xx_HAL_Driver/Src/stm32g4xx_hal_flash_ex.c **** /**
1160:Drivers/STM32G4xx_HAL_Driver/Src/stm32g4xx_hal_flash_ex.c ****   * @brief  Configure the Boot Lock into Option Bytes.
1161:Drivers/STM32G4xx_HAL_Driver/Src/stm32g4xx_hal_flash_ex.c ****   * @note   To configure any option bytes, the option lock bit OPTLOCK must be
1162:Drivers/STM32G4xx_HAL_Driver/Src/stm32g4xx_hal_flash_ex.c ****   *         cleared with the call of HAL_FLASH_OB_Unlock() function.
1163:Drivers/STM32G4xx_HAL_Driver/Src/stm32g4xx_hal_flash_ex.c ****   * @note   New option bytes configuration will be taken into account in two cases:
1164:Drivers/STM32G4xx_HAL_Driver/Src/stm32g4xx_hal_flash_ex.c ****   *         - after an option bytes launch through the call of HAL_FLASH_OB_Launch()
1165:Drivers/STM32G4xx_HAL_Driver/Src/stm32g4xx_hal_flash_ex.c ****   *         - after a power reset (BOR reset or exit from Standby/Shutdown modes)
ARM GAS  /tmp/cceEh1js.s 			page 23


1166:Drivers/STM32G4xx_HAL_Driver/Src/stm32g4xx_hal_flash_ex.c ****   * @param  BootLockConfig specifies the boot lock configuration.
1167:Drivers/STM32G4xx_HAL_Driver/Src/stm32g4xx_hal_flash_ex.c ****   *          This parameter can be one of the following values:
1168:Drivers/STM32G4xx_HAL_Driver/Src/stm32g4xx_hal_flash_ex.c ****   *            @arg OB_BOOT_LOCK_ENABLE: Enable Boot Lock
1169:Drivers/STM32G4xx_HAL_Driver/Src/stm32g4xx_hal_flash_ex.c ****   *            @arg OB_BOOT_LOCK_DISABLE: Disable Boot Lock
1170:Drivers/STM32G4xx_HAL_Driver/Src/stm32g4xx_hal_flash_ex.c ****   *
1171:Drivers/STM32G4xx_HAL_Driver/Src/stm32g4xx_hal_flash_ex.c ****   * @retval HAL_Status
1172:Drivers/STM32G4xx_HAL_Driver/Src/stm32g4xx_hal_flash_ex.c ****   */
1173:Drivers/STM32G4xx_HAL_Driver/Src/stm32g4xx_hal_flash_ex.c **** static HAL_StatusTypeDef FLASH_OB_BootLockConfig(uint32_t BootLockConfig)
1174:Drivers/STM32G4xx_HAL_Driver/Src/stm32g4xx_hal_flash_ex.c **** {
1175:Drivers/STM32G4xx_HAL_Driver/Src/stm32g4xx_hal_flash_ex.c ****   HAL_StatusTypeDef status;
1176:Drivers/STM32G4xx_HAL_Driver/Src/stm32g4xx_hal_flash_ex.c **** 
1177:Drivers/STM32G4xx_HAL_Driver/Src/stm32g4xx_hal_flash_ex.c ****   /* Check the parameters */
1178:Drivers/STM32G4xx_HAL_Driver/Src/stm32g4xx_hal_flash_ex.c ****   assert_param(IS_OB_BOOT_LOCK(BootLockConfig));
1179:Drivers/STM32G4xx_HAL_Driver/Src/stm32g4xx_hal_flash_ex.c **** 
1180:Drivers/STM32G4xx_HAL_Driver/Src/stm32g4xx_hal_flash_ex.c ****   /* Wait for last operation to be completed */
1181:Drivers/STM32G4xx_HAL_Driver/Src/stm32g4xx_hal_flash_ex.c ****   status = FLASH_WaitForLastOperation((uint32_t)FLASH_TIMEOUT_VALUE);
1182:Drivers/STM32G4xx_HAL_Driver/Src/stm32g4xx_hal_flash_ex.c **** 
1183:Drivers/STM32G4xx_HAL_Driver/Src/stm32g4xx_hal_flash_ex.c ****   if (status == HAL_OK)
1184:Drivers/STM32G4xx_HAL_Driver/Src/stm32g4xx_hal_flash_ex.c ****   {
1185:Drivers/STM32G4xx_HAL_Driver/Src/stm32g4xx_hal_flash_ex.c ****     MODIFY_REG(FLASH->SEC1R, FLASH_SEC1R_BOOT_LOCK, BootLockConfig);
1186:Drivers/STM32G4xx_HAL_Driver/Src/stm32g4xx_hal_flash_ex.c **** 
1187:Drivers/STM32G4xx_HAL_Driver/Src/stm32g4xx_hal_flash_ex.c ****     /* Set OPTSTRT Bit */
1188:Drivers/STM32G4xx_HAL_Driver/Src/stm32g4xx_hal_flash_ex.c ****     SET_BIT(FLASH->CR, FLASH_CR_OPTSTRT);
1189:Drivers/STM32G4xx_HAL_Driver/Src/stm32g4xx_hal_flash_ex.c **** 
1190:Drivers/STM32G4xx_HAL_Driver/Src/stm32g4xx_hal_flash_ex.c ****     /* Wait for last operation to be completed */
1191:Drivers/STM32G4xx_HAL_Driver/Src/stm32g4xx_hal_flash_ex.c ****     status = FLASH_WaitForLastOperation((uint32_t)FLASH_TIMEOUT_VALUE);
1192:Drivers/STM32G4xx_HAL_Driver/Src/stm32g4xx_hal_flash_ex.c ****   }
1193:Drivers/STM32G4xx_HAL_Driver/Src/stm32g4xx_hal_flash_ex.c **** 
1194:Drivers/STM32G4xx_HAL_Driver/Src/stm32g4xx_hal_flash_ex.c ****   return status;
1195:Drivers/STM32G4xx_HAL_Driver/Src/stm32g4xx_hal_flash_ex.c **** }
1196:Drivers/STM32G4xx_HAL_Driver/Src/stm32g4xx_hal_flash_ex.c **** 
1197:Drivers/STM32G4xx_HAL_Driver/Src/stm32g4xx_hal_flash_ex.c **** /**
1198:Drivers/STM32G4xx_HAL_Driver/Src/stm32g4xx_hal_flash_ex.c ****   * @brief  Return the Securable memory area configuration into Option Bytes.
1199:Drivers/STM32G4xx_HAL_Driver/Src/stm32g4xx_hal_flash_ex.c ****   * @param[in]  SecBank specifies the bank where securable memory area is located.
1200:Drivers/STM32G4xx_HAL_Driver/Src/stm32g4xx_hal_flash_ex.c ****   *          This parameter can be one of the following values:
1201:Drivers/STM32G4xx_HAL_Driver/Src/stm32g4xx_hal_flash_ex.c ****   *            @arg FLASH_BANK_1: Securable memory in Bank1
1202:Drivers/STM32G4xx_HAL_Driver/Src/stm32g4xx_hal_flash_ex.c ****   *            @arg FLASH_BANK_2: Securable memory in Bank2 (*)
1203:Drivers/STM32G4xx_HAL_Driver/Src/stm32g4xx_hal_flash_ex.c ****   * @note   (*) availability depends on devices
1204:Drivers/STM32G4xx_HAL_Driver/Src/stm32g4xx_hal_flash_ex.c ****   * @param[out]  SecSize specifies the number of pages used in the securable
1205:Drivers/STM32G4xx_HAL_Driver/Src/stm32g4xx_hal_flash_ex.c ****                  memory area of the bank.
1206:Drivers/STM32G4xx_HAL_Driver/Src/stm32g4xx_hal_flash_ex.c ****   * @retval None
1207:Drivers/STM32G4xx_HAL_Driver/Src/stm32g4xx_hal_flash_ex.c ****   */
1208:Drivers/STM32G4xx_HAL_Driver/Src/stm32g4xx_hal_flash_ex.c **** static void FLASH_OB_GetSecMem(uint32_t SecBank, uint32_t *SecSize)
1209:Drivers/STM32G4xx_HAL_Driver/Src/stm32g4xx_hal_flash_ex.c **** {
  93              		.loc 1 1209 1 is_stmt 1 view -0
  94              		.cfi_startproc
  95              		@ args = 0, pretend = 0, frame = 0
  96              		@ frame_needed = 0, uses_anonymous_args = 0
  97              		@ link register save eliminated.
1210:Drivers/STM32G4xx_HAL_Driver/Src/stm32g4xx_hal_flash_ex.c ****   /* Get the configuration of the securable memory area */
1211:Drivers/STM32G4xx_HAL_Driver/Src/stm32g4xx_hal_flash_ex.c ****   if (SecBank == FLASH_BANK_1)
  98              		.loc 1 1211 3 view .LVU15
  99              		.loc 1 1211 6 is_stmt 0 view .LVU16
 100 0000 0128     		cmp	r0, #1
 101 0002 02D0     		beq	.L10
1212:Drivers/STM32G4xx_HAL_Driver/Src/stm32g4xx_hal_flash_ex.c ****   {
1213:Drivers/STM32G4xx_HAL_Driver/Src/stm32g4xx_hal_flash_ex.c ****     *SecSize = READ_BIT(FLASH->SEC1R, FLASH_SEC1R_SEC_SIZE1);
ARM GAS  /tmp/cceEh1js.s 			page 24


1214:Drivers/STM32G4xx_HAL_Driver/Src/stm32g4xx_hal_flash_ex.c ****   }
1215:Drivers/STM32G4xx_HAL_Driver/Src/stm32g4xx_hal_flash_ex.c **** #if defined (FLASH_OPTR_DBANK)
1216:Drivers/STM32G4xx_HAL_Driver/Src/stm32g4xx_hal_flash_ex.c ****   else if (SecBank == FLASH_BANK_2)
 102              		.loc 1 1216 8 is_stmt 1 view .LVU17
 103              		.loc 1 1216 11 is_stmt 0 view .LVU18
 104 0004 0228     		cmp	r0, #2
 105 0006 05D0     		beq	.L11
 106              	.L7:
1217:Drivers/STM32G4xx_HAL_Driver/Src/stm32g4xx_hal_flash_ex.c ****   {
1218:Drivers/STM32G4xx_HAL_Driver/Src/stm32g4xx_hal_flash_ex.c ****     *SecSize = READ_BIT(FLASH->SEC2R, FLASH_SEC2R_SEC_SIZE2);
1219:Drivers/STM32G4xx_HAL_Driver/Src/stm32g4xx_hal_flash_ex.c ****   }
1220:Drivers/STM32G4xx_HAL_Driver/Src/stm32g4xx_hal_flash_ex.c ****   else
1221:Drivers/STM32G4xx_HAL_Driver/Src/stm32g4xx_hal_flash_ex.c ****   {
1222:Drivers/STM32G4xx_HAL_Driver/Src/stm32g4xx_hal_flash_ex.c ****     /* Nothing to do */
1223:Drivers/STM32G4xx_HAL_Driver/Src/stm32g4xx_hal_flash_ex.c ****   }
1224:Drivers/STM32G4xx_HAL_Driver/Src/stm32g4xx_hal_flash_ex.c **** #endif
1225:Drivers/STM32G4xx_HAL_Driver/Src/stm32g4xx_hal_flash_ex.c **** }
 107              		.loc 1 1225 1 view .LVU19
 108 0008 7047     		bx	lr
 109              	.L10:
1213:Drivers/STM32G4xx_HAL_Driver/Src/stm32g4xx_hal_flash_ex.c ****   }
 110              		.loc 1 1213 5 is_stmt 1 view .LVU20
1213:Drivers/STM32G4xx_HAL_Driver/Src/stm32g4xx_hal_flash_ex.c ****   }
 111              		.loc 1 1213 16 is_stmt 0 view .LVU21
 112 000a 054B     		ldr	r3, .L12
 113 000c 1B6F     		ldr	r3, [r3, #112]
 114 000e DBB2     		uxtb	r3, r3
1213:Drivers/STM32G4xx_HAL_Driver/Src/stm32g4xx_hal_flash_ex.c ****   }
 115              		.loc 1 1213 14 view .LVU22
 116 0010 0B60     		str	r3, [r1]
 117 0012 7047     		bx	lr
 118              	.L11:
1218:Drivers/STM32G4xx_HAL_Driver/Src/stm32g4xx_hal_flash_ex.c ****   }
 119              		.loc 1 1218 5 is_stmt 1 view .LVU23
1218:Drivers/STM32G4xx_HAL_Driver/Src/stm32g4xx_hal_flash_ex.c ****   }
 120              		.loc 1 1218 16 is_stmt 0 view .LVU24
 121 0014 024B     		ldr	r3, .L12
 122 0016 5B6F     		ldr	r3, [r3, #116]
 123 0018 DBB2     		uxtb	r3, r3
1218:Drivers/STM32G4xx_HAL_Driver/Src/stm32g4xx_hal_flash_ex.c ****   }
 124              		.loc 1 1218 14 view .LVU25
 125 001a 0B60     		str	r3, [r1]
1223:Drivers/STM32G4xx_HAL_Driver/Src/stm32g4xx_hal_flash_ex.c **** #endif
 126              		.loc 1 1223 3 is_stmt 1 view .LVU26
 127              		.loc 1 1225 1 is_stmt 0 view .LVU27
 128 001c F4E7     		b	.L7
 129              	.L13:
 130 001e 00BF     		.align	2
 131              	.L12:
 132 0020 00200240 		.word	1073881088
 133              		.cfi_endproc
 134              	.LFE345:
 136              		.section	.text.FLASH_OB_GetBootLock,"ax",%progbits
 137              		.align	1
 138              		.syntax unified
 139              		.thumb
 140              		.thumb_func
ARM GAS  /tmp/cceEh1js.s 			page 25


 142              	FLASH_OB_GetBootLock:
 143              	.LFB346:
1226:Drivers/STM32G4xx_HAL_Driver/Src/stm32g4xx_hal_flash_ex.c **** 
1227:Drivers/STM32G4xx_HAL_Driver/Src/stm32g4xx_hal_flash_ex.c **** /**
1228:Drivers/STM32G4xx_HAL_Driver/Src/stm32g4xx_hal_flash_ex.c ****   * @brief  Return the Boot Lock configuration into Option Byte.
1229:Drivers/STM32G4xx_HAL_Driver/Src/stm32g4xx_hal_flash_ex.c ****   * @retval BootLockConfig.
1230:Drivers/STM32G4xx_HAL_Driver/Src/stm32g4xx_hal_flash_ex.c ****   *         This return value can be one of the following values:
1231:Drivers/STM32G4xx_HAL_Driver/Src/stm32g4xx_hal_flash_ex.c ****   *            @arg OB_BOOT_LOCK_ENABLE: Boot lock enabled
1232:Drivers/STM32G4xx_HAL_Driver/Src/stm32g4xx_hal_flash_ex.c ****   *            @arg OB_BOOT_LOCK_DISABLE: Boot lock disabled
1233:Drivers/STM32G4xx_HAL_Driver/Src/stm32g4xx_hal_flash_ex.c ****   */
1234:Drivers/STM32G4xx_HAL_Driver/Src/stm32g4xx_hal_flash_ex.c **** static uint32_t FLASH_OB_GetBootLock(void)
1235:Drivers/STM32G4xx_HAL_Driver/Src/stm32g4xx_hal_flash_ex.c **** {
 144              		.loc 1 1235 1 is_stmt 1 view -0
 145              		.cfi_startproc
 146              		@ args = 0, pretend = 0, frame = 0
 147              		@ frame_needed = 0, uses_anonymous_args = 0
 148              		@ link register save eliminated.
1236:Drivers/STM32G4xx_HAL_Driver/Src/stm32g4xx_hal_flash_ex.c ****   return (READ_REG(FLASH->SEC1R) & FLASH_SEC1R_BOOT_LOCK);
 149              		.loc 1 1236 3 view .LVU29
 150              		.loc 1 1236 11 is_stmt 0 view .LVU30
 151 0000 024B     		ldr	r3, .L15
 152 0002 186F     		ldr	r0, [r3, #112]
1237:Drivers/STM32G4xx_HAL_Driver/Src/stm32g4xx_hal_flash_ex.c **** }
 153              		.loc 1 1237 1 view .LVU31
 154 0004 00F48030 		and	r0, r0, #65536
 155 0008 7047     		bx	lr
 156              	.L16:
 157 000a 00BF     		.align	2
 158              	.L15:
 159 000c 00200240 		.word	1073881088
 160              		.cfi_endproc
 161              	.LFE346:
 163              		.section	.text.FLASH_OB_GetWRP,"ax",%progbits
 164              		.align	1
 165              		.syntax unified
 166              		.thumb
 167              		.thumb_func
 169              	FLASH_OB_GetWRP:
 170              	.LVL2:
 171              	.LFB347:
1238:Drivers/STM32G4xx_HAL_Driver/Src/stm32g4xx_hal_flash_ex.c **** 
1239:Drivers/STM32G4xx_HAL_Driver/Src/stm32g4xx_hal_flash_ex.c **** /**
1240:Drivers/STM32G4xx_HAL_Driver/Src/stm32g4xx_hal_flash_ex.c ****   * @brief  Return the Write Protection configuration into Option Bytes.
1241:Drivers/STM32G4xx_HAL_Driver/Src/stm32g4xx_hal_flash_ex.c ****   * @param[in]  WRPArea specifies the area to be returned.
1242:Drivers/STM32G4xx_HAL_Driver/Src/stm32g4xx_hal_flash_ex.c ****   *          This parameter can be one of the following values:
1243:Drivers/STM32G4xx_HAL_Driver/Src/stm32g4xx_hal_flash_ex.c ****   *            @arg OB_WRPAREA_BANK1_AREAA: Flash Bank 1 Area A
1244:Drivers/STM32G4xx_HAL_Driver/Src/stm32g4xx_hal_flash_ex.c ****   *            @arg OB_WRPAREA_BANK1_AREAB: Flash Bank 1 Area B
1245:Drivers/STM32G4xx_HAL_Driver/Src/stm32g4xx_hal_flash_ex.c ****   *            @arg OB_WRPAREA_BANK2_AREAA: Flash Bank 2 Area A (don't apply to STM32G43x/STM32G44x
1246:Drivers/STM32G4xx_HAL_Driver/Src/stm32g4xx_hal_flash_ex.c ****   *            @arg OB_WRPAREA_BANK2_AREAB: Flash Bank 2 Area B (don't apply to STM32G43x/STM32G44x
1247:Drivers/STM32G4xx_HAL_Driver/Src/stm32g4xx_hal_flash_ex.c ****   * @param[out]  WRPStartOffset specifies the address where to copied the start page
1248:Drivers/STM32G4xx_HAL_Driver/Src/stm32g4xx_hal_flash_ex.c ****   *              of the write protected area.
1249:Drivers/STM32G4xx_HAL_Driver/Src/stm32g4xx_hal_flash_ex.c ****   * @param[out]  WRDPEndOffset specifies the address where to copied the end page of
1250:Drivers/STM32G4xx_HAL_Driver/Src/stm32g4xx_hal_flash_ex.c ****   *              the write protected area.
1251:Drivers/STM32G4xx_HAL_Driver/Src/stm32g4xx_hal_flash_ex.c ****   * @retval None
1252:Drivers/STM32G4xx_HAL_Driver/Src/stm32g4xx_hal_flash_ex.c ****   */
1253:Drivers/STM32G4xx_HAL_Driver/Src/stm32g4xx_hal_flash_ex.c **** static void FLASH_OB_GetWRP(uint32_t WRPArea, uint32_t *WRPStartOffset, uint32_t *WRDPEndOffset)
1254:Drivers/STM32G4xx_HAL_Driver/Src/stm32g4xx_hal_flash_ex.c **** {
ARM GAS  /tmp/cceEh1js.s 			page 26


 172              		.loc 1 1254 1 is_stmt 1 view -0
 173              		.cfi_startproc
 174              		@ args = 0, pretend = 0, frame = 0
 175              		@ frame_needed = 0, uses_anonymous_args = 0
 176              		@ link register save eliminated.
1255:Drivers/STM32G4xx_HAL_Driver/Src/stm32g4xx_hal_flash_ex.c ****   /* Get the configuration of the write protected area */
1256:Drivers/STM32G4xx_HAL_Driver/Src/stm32g4xx_hal_flash_ex.c ****   if (WRPArea == OB_WRPAREA_BANK1_AREAA)
 177              		.loc 1 1256 3 view .LVU33
 178 0000 0428     		cmp	r0, #4
 179 0002 2BD8     		bhi	.L17
 180 0004 DFE800F0 		tbb	[pc, r0]
 181              	.L20:
 182 0008 03       		.byte	(.L23-.L20)/2
 183 0009 0D       		.byte	(.L22-.L20)/2
 184 000a 17       		.byte	(.L21-.L20)/2
 185 000b 2A       		.byte	(.L17-.L20)/2
 186 000c 21       		.byte	(.L19-.L20)/2
 187 000d 00       		.p2align 1
 188              	.L23:
1257:Drivers/STM32G4xx_HAL_Driver/Src/stm32g4xx_hal_flash_ex.c ****   {
1258:Drivers/STM32G4xx_HAL_Driver/Src/stm32g4xx_hal_flash_ex.c ****     *WRPStartOffset = READ_BIT(FLASH->WRP1AR, FLASH_WRP1AR_WRP1A_STRT);
 189              		.loc 1 1258 5 view .LVU34
 190              		.loc 1 1258 23 is_stmt 0 view .LVU35
 191 000e 1448     		ldr	r0, .L25
 192              	.LVL3:
 193              		.loc 1 1258 23 view .LVU36
 194 0010 C36A     		ldr	r3, [r0, #44]
 195 0012 03F07F03 		and	r3, r3, #127
 196              		.loc 1 1258 21 view .LVU37
 197 0016 0B60     		str	r3, [r1]
1259:Drivers/STM32G4xx_HAL_Driver/Src/stm32g4xx_hal_flash_ex.c ****     *WRDPEndOffset = (READ_BIT(FLASH->WRP1AR, FLASH_WRP1AR_WRP1A_END) >> FLASH_WRP1AR_WRP1A_END_Pos
 198              		.loc 1 1259 5 is_stmt 1 view .LVU38
 199              		.loc 1 1259 23 is_stmt 0 view .LVU39
 200 0018 C36A     		ldr	r3, [r0, #44]
 201              		.loc 1 1259 71 view .LVU40
 202 001a C3F30643 		ubfx	r3, r3, #16, #7
 203              		.loc 1 1259 20 view .LVU41
 204 001e 1360     		str	r3, [r2]
 205 0020 7047     		bx	lr
 206              	.LVL4:
 207              	.L22:
1260:Drivers/STM32G4xx_HAL_Driver/Src/stm32g4xx_hal_flash_ex.c ****   }
1261:Drivers/STM32G4xx_HAL_Driver/Src/stm32g4xx_hal_flash_ex.c ****   else if (WRPArea == OB_WRPAREA_BANK1_AREAB)
1262:Drivers/STM32G4xx_HAL_Driver/Src/stm32g4xx_hal_flash_ex.c ****   {
1263:Drivers/STM32G4xx_HAL_Driver/Src/stm32g4xx_hal_flash_ex.c ****     *WRPStartOffset = READ_BIT(FLASH->WRP1BR, FLASH_WRP1BR_WRP1B_STRT);
 208              		.loc 1 1263 5 is_stmt 1 view .LVU42
 209              		.loc 1 1263 23 is_stmt 0 view .LVU43
 210 0022 0F48     		ldr	r0, .L25
 211              	.LVL5:
 212              		.loc 1 1263 23 view .LVU44
 213 0024 036B     		ldr	r3, [r0, #48]
 214 0026 03F07F03 		and	r3, r3, #127
 215              		.loc 1 1263 21 view .LVU45
 216 002a 0B60     		str	r3, [r1]
1264:Drivers/STM32G4xx_HAL_Driver/Src/stm32g4xx_hal_flash_ex.c ****     *WRDPEndOffset = (READ_BIT(FLASH->WRP1BR, FLASH_WRP1BR_WRP1B_END) >> FLASH_WRP1BR_WRP1B_END_Pos
 217              		.loc 1 1264 5 is_stmt 1 view .LVU46
 218              		.loc 1 1264 23 is_stmt 0 view .LVU47
ARM GAS  /tmp/cceEh1js.s 			page 27


 219 002c 036B     		ldr	r3, [r0, #48]
 220              		.loc 1 1264 71 view .LVU48
 221 002e C3F30643 		ubfx	r3, r3, #16, #7
 222              		.loc 1 1264 20 view .LVU49
 223 0032 1360     		str	r3, [r2]
 224 0034 7047     		bx	lr
 225              	.LVL6:
 226              	.L21:
1265:Drivers/STM32G4xx_HAL_Driver/Src/stm32g4xx_hal_flash_ex.c ****   }
1266:Drivers/STM32G4xx_HAL_Driver/Src/stm32g4xx_hal_flash_ex.c **** #if defined (FLASH_OPTR_DBANK)
1267:Drivers/STM32G4xx_HAL_Driver/Src/stm32g4xx_hal_flash_ex.c ****   else if (WRPArea == OB_WRPAREA_BANK2_AREAA)
1268:Drivers/STM32G4xx_HAL_Driver/Src/stm32g4xx_hal_flash_ex.c ****   {
1269:Drivers/STM32G4xx_HAL_Driver/Src/stm32g4xx_hal_flash_ex.c ****     *WRPStartOffset = READ_BIT(FLASH->WRP2AR, FLASH_WRP2AR_WRP2A_STRT);
 227              		.loc 1 1269 5 is_stmt 1 view .LVU50
 228              		.loc 1 1269 23 is_stmt 0 view .LVU51
 229 0036 0A48     		ldr	r0, .L25
 230              	.LVL7:
 231              		.loc 1 1269 23 view .LVU52
 232 0038 C36C     		ldr	r3, [r0, #76]
 233 003a 03F07F03 		and	r3, r3, #127
 234              		.loc 1 1269 21 view .LVU53
 235 003e 0B60     		str	r3, [r1]
1270:Drivers/STM32G4xx_HAL_Driver/Src/stm32g4xx_hal_flash_ex.c ****     *WRDPEndOffset = (READ_BIT(FLASH->WRP2AR, FLASH_WRP2AR_WRP2A_END) >> FLASH_WRP2AR_WRP2A_END_Pos
 236              		.loc 1 1270 5 is_stmt 1 view .LVU54
 237              		.loc 1 1270 23 is_stmt 0 view .LVU55
 238 0040 C36C     		ldr	r3, [r0, #76]
 239              		.loc 1 1270 71 view .LVU56
 240 0042 C3F30643 		ubfx	r3, r3, #16, #7
 241              		.loc 1 1270 20 view .LVU57
 242 0046 1360     		str	r3, [r2]
 243 0048 7047     		bx	lr
 244              	.LVL8:
 245              	.L19:
1271:Drivers/STM32G4xx_HAL_Driver/Src/stm32g4xx_hal_flash_ex.c ****   }
1272:Drivers/STM32G4xx_HAL_Driver/Src/stm32g4xx_hal_flash_ex.c ****   else if (WRPArea == OB_WRPAREA_BANK2_AREAB)
1273:Drivers/STM32G4xx_HAL_Driver/Src/stm32g4xx_hal_flash_ex.c ****   {
1274:Drivers/STM32G4xx_HAL_Driver/Src/stm32g4xx_hal_flash_ex.c ****     *WRPStartOffset = READ_BIT(FLASH->WRP2BR, FLASH_WRP2BR_WRP2B_STRT);
 246              		.loc 1 1274 5 is_stmt 1 view .LVU58
 247              		.loc 1 1274 23 is_stmt 0 view .LVU59
 248 004a 0548     		ldr	r0, .L25
 249              	.LVL9:
 250              		.loc 1 1274 23 view .LVU60
 251 004c 036D     		ldr	r3, [r0, #80]
 252 004e 03F07F03 		and	r3, r3, #127
 253              		.loc 1 1274 21 view .LVU61
 254 0052 0B60     		str	r3, [r1]
1275:Drivers/STM32G4xx_HAL_Driver/Src/stm32g4xx_hal_flash_ex.c ****     *WRDPEndOffset = (READ_BIT(FLASH->WRP2BR, FLASH_WRP2BR_WRP2B_END) >> FLASH_WRP2BR_WRP2B_END_Pos
 255              		.loc 1 1275 5 is_stmt 1 view .LVU62
 256              		.loc 1 1275 23 is_stmt 0 view .LVU63
 257 0054 036D     		ldr	r3, [r0, #80]
 258              		.loc 1 1275 71 view .LVU64
 259 0056 C3F30643 		ubfx	r3, r3, #16, #7
 260              		.loc 1 1275 20 view .LVU65
 261 005a 1360     		str	r3, [r2]
1276:Drivers/STM32G4xx_HAL_Driver/Src/stm32g4xx_hal_flash_ex.c ****   }
1277:Drivers/STM32G4xx_HAL_Driver/Src/stm32g4xx_hal_flash_ex.c **** #endif
1278:Drivers/STM32G4xx_HAL_Driver/Src/stm32g4xx_hal_flash_ex.c ****   else
ARM GAS  /tmp/cceEh1js.s 			page 28


1279:Drivers/STM32G4xx_HAL_Driver/Src/stm32g4xx_hal_flash_ex.c ****   {
1280:Drivers/STM32G4xx_HAL_Driver/Src/stm32g4xx_hal_flash_ex.c ****     /* Nothing to do */
1281:Drivers/STM32G4xx_HAL_Driver/Src/stm32g4xx_hal_flash_ex.c ****   }
 262              		.loc 1 1281 3 is_stmt 1 view .LVU66
 263              	.L17:
1282:Drivers/STM32G4xx_HAL_Driver/Src/stm32g4xx_hal_flash_ex.c **** }
 264              		.loc 1 1282 1 is_stmt 0 view .LVU67
 265 005c 7047     		bx	lr
 266              	.L26:
 267 005e 00BF     		.align	2
 268              	.L25:
 269 0060 00200240 		.word	1073881088
 270              		.cfi_endproc
 271              	.LFE347:
 273              		.section	.text.FLASH_OB_GetRDP,"ax",%progbits
 274              		.align	1
 275              		.syntax unified
 276              		.thumb
 277              		.thumb_func
 279              	FLASH_OB_GetRDP:
 280              	.LFB348:
1283:Drivers/STM32G4xx_HAL_Driver/Src/stm32g4xx_hal_flash_ex.c **** 
1284:Drivers/STM32G4xx_HAL_Driver/Src/stm32g4xx_hal_flash_ex.c **** /**
1285:Drivers/STM32G4xx_HAL_Driver/Src/stm32g4xx_hal_flash_ex.c ****   * @brief  Return the FLASH Read Protection level into Option Bytes.
1286:Drivers/STM32G4xx_HAL_Driver/Src/stm32g4xx_hal_flash_ex.c ****   * @retval RDP_Level
1287:Drivers/STM32G4xx_HAL_Driver/Src/stm32g4xx_hal_flash_ex.c ****   *         This return value can be one of the following values:
1288:Drivers/STM32G4xx_HAL_Driver/Src/stm32g4xx_hal_flash_ex.c ****   *            @arg OB_RDP_LEVEL_0: No protection
1289:Drivers/STM32G4xx_HAL_Driver/Src/stm32g4xx_hal_flash_ex.c ****   *            @arg OB_RDP_LEVEL_1: Read protection of the memory
1290:Drivers/STM32G4xx_HAL_Driver/Src/stm32g4xx_hal_flash_ex.c ****   *            @arg OB_RDP_LEVEL_2: Full chip protection
1291:Drivers/STM32G4xx_HAL_Driver/Src/stm32g4xx_hal_flash_ex.c ****   */
1292:Drivers/STM32G4xx_HAL_Driver/Src/stm32g4xx_hal_flash_ex.c **** static uint32_t FLASH_OB_GetRDP(void)
1293:Drivers/STM32G4xx_HAL_Driver/Src/stm32g4xx_hal_flash_ex.c **** {
 281              		.loc 1 1293 1 is_stmt 1 view -0
 282              		.cfi_startproc
 283              		@ args = 0, pretend = 0, frame = 0
 284              		@ frame_needed = 0, uses_anonymous_args = 0
 285              		@ link register save eliminated.
1294:Drivers/STM32G4xx_HAL_Driver/Src/stm32g4xx_hal_flash_ex.c ****   uint32_t rdp_level = READ_BIT(FLASH->OPTR, FLASH_OPTR_RDP);
 286              		.loc 1 1294 3 view .LVU69
 287              		.loc 1 1294 24 is_stmt 0 view .LVU70
 288 0000 044B     		ldr	r3, .L30
 289 0002 186A     		ldr	r0, [r3, #32]
 290              		.loc 1 1294 12 view .LVU71
 291 0004 C0B2     		uxtb	r0, r0
 292              	.LVL10:
1295:Drivers/STM32G4xx_HAL_Driver/Src/stm32g4xx_hal_flash_ex.c **** 
1296:Drivers/STM32G4xx_HAL_Driver/Src/stm32g4xx_hal_flash_ex.c ****   if ((rdp_level != OB_RDP_LEVEL_0) && (rdp_level != OB_RDP_LEVEL_2))
 293              		.loc 1 1296 3 is_stmt 1 view .LVU72
 294              		.loc 1 1296 6 is_stmt 0 view .LVU73
 295 0006 AA28     		cmp	r0, #170
 296 0008 02D0     		beq	.L27
 297              		.loc 1 1296 37 discriminator 1 view .LVU74
 298 000a CC28     		cmp	r0, #204
 299 000c 00D0     		beq	.L27
1297:Drivers/STM32G4xx_HAL_Driver/Src/stm32g4xx_hal_flash_ex.c ****   {
1298:Drivers/STM32G4xx_HAL_Driver/Src/stm32g4xx_hal_flash_ex.c ****     return (OB_RDP_LEVEL_1);
 300              		.loc 1 1298 12 view .LVU75
ARM GAS  /tmp/cceEh1js.s 			page 29


 301 000e BB20     		movs	r0, #187
 302              	.LVL11:
 303              	.L27:
1299:Drivers/STM32G4xx_HAL_Driver/Src/stm32g4xx_hal_flash_ex.c ****   }
1300:Drivers/STM32G4xx_HAL_Driver/Src/stm32g4xx_hal_flash_ex.c ****   else
1301:Drivers/STM32G4xx_HAL_Driver/Src/stm32g4xx_hal_flash_ex.c ****   {
1302:Drivers/STM32G4xx_HAL_Driver/Src/stm32g4xx_hal_flash_ex.c ****     return rdp_level;
1303:Drivers/STM32G4xx_HAL_Driver/Src/stm32g4xx_hal_flash_ex.c ****   }
1304:Drivers/STM32G4xx_HAL_Driver/Src/stm32g4xx_hal_flash_ex.c **** }
 304              		.loc 1 1304 1 view .LVU76
 305 0010 7047     		bx	lr
 306              	.L31:
 307 0012 00BF     		.align	2
 308              	.L30:
 309 0014 00200240 		.word	1073881088
 310              		.cfi_endproc
 311              	.LFE348:
 313              		.section	.text.FLASH_OB_GetUser,"ax",%progbits
 314              		.align	1
 315              		.syntax unified
 316              		.thumb
 317              		.thumb_func
 319              	FLASH_OB_GetUser:
 320              	.LFB349:
1305:Drivers/STM32G4xx_HAL_Driver/Src/stm32g4xx_hal_flash_ex.c **** 
1306:Drivers/STM32G4xx_HAL_Driver/Src/stm32g4xx_hal_flash_ex.c **** /**
1307:Drivers/STM32G4xx_HAL_Driver/Src/stm32g4xx_hal_flash_ex.c ****   * @brief  Return the FLASH User Option Byte value.
1308:Drivers/STM32G4xx_HAL_Driver/Src/stm32g4xx_hal_flash_ex.c ****   * @retval OB_user_config
1309:Drivers/STM32G4xx_HAL_Driver/Src/stm32g4xx_hal_flash_ex.c ****   *         This return value is a combination of @ref FLASH_OB_USER_BOR_LEVEL,
1310:Drivers/STM32G4xx_HAL_Driver/Src/stm32g4xx_hal_flash_ex.c ****   *         @ref FLASH_OB_USER_nRST_STOP, @ref FLASH_OB_USER_nRST_STANDBY,
1311:Drivers/STM32G4xx_HAL_Driver/Src/stm32g4xx_hal_flash_ex.c ****   *         @ref FLASH_OB_USER_nRST_SHUTDOWN, @ref FLASH_OB_USER_IWDG_SW,
1312:Drivers/STM32G4xx_HAL_Driver/Src/stm32g4xx_hal_flash_ex.c ****   *         @ref FLASH_OB_USER_IWDG_STOP, @ref FLASH_OB_USER_IWDG_STANDBY,
1313:Drivers/STM32G4xx_HAL_Driver/Src/stm32g4xx_hal_flash_ex.c ****   *         @ref FLASH_OB_USER_WWDG_SW, @ref FLASH_OB_USER_WWDG_SW,
1314:Drivers/STM32G4xx_HAL_Driver/Src/stm32g4xx_hal_flash_ex.c ****   *         @ref FLASH_OB_USER_BFB2 (*), @ref FLASH_OB_USER_DBANK (*),
1315:Drivers/STM32G4xx_HAL_Driver/Src/stm32g4xx_hal_flash_ex.c ****   *         @ref FLASH_OB_USER_nBOOT1, @ref FLASH_OB_USER_SRAM_PE,
1316:Drivers/STM32G4xx_HAL_Driver/Src/stm32g4xx_hal_flash_ex.c ****   *         @ref FLASH_OB_USER_CCMSRAM_RST, @ref OB_USER_nSWBOOT0,@ref FLASH_OB_USER_nBOOT0,
1317:Drivers/STM32G4xx_HAL_Driver/Src/stm32g4xx_hal_flash_ex.c ****   *         @ref FLASH_OB_USER_NRST_MODE, @ref FLASH_OB_USER_INTERNAL_RESET_HOLDER
1318:Drivers/STM32G4xx_HAL_Driver/Src/stm32g4xx_hal_flash_ex.c ****   * @note  (*) availability depends on devices
1319:Drivers/STM32G4xx_HAL_Driver/Src/stm32g4xx_hal_flash_ex.c ****   */
1320:Drivers/STM32G4xx_HAL_Driver/Src/stm32g4xx_hal_flash_ex.c **** static uint32_t FLASH_OB_GetUser(void)
1321:Drivers/STM32G4xx_HAL_Driver/Src/stm32g4xx_hal_flash_ex.c **** {
 321              		.loc 1 1321 1 is_stmt 1 view -0
 322              		.cfi_startproc
 323              		@ args = 0, pretend = 0, frame = 0
 324              		@ frame_needed = 0, uses_anonymous_args = 0
 325              		@ link register save eliminated.
1322:Drivers/STM32G4xx_HAL_Driver/Src/stm32g4xx_hal_flash_ex.c ****   uint32_t user_config = READ_REG(FLASH->OPTR);
 326              		.loc 1 1322 3 view .LVU78
 327              		.loc 1 1322 12 is_stmt 0 view .LVU79
 328 0000 024B     		ldr	r3, .L33
 329 0002 186A     		ldr	r0, [r3, #32]
 330              	.LVL12:
1323:Drivers/STM32G4xx_HAL_Driver/Src/stm32g4xx_hal_flash_ex.c ****   CLEAR_BIT(user_config, FLASH_OPTR_RDP);
 331              		.loc 1 1323 3 is_stmt 1 view .LVU80
1324:Drivers/STM32G4xx_HAL_Driver/Src/stm32g4xx_hal_flash_ex.c **** 
1325:Drivers/STM32G4xx_HAL_Driver/Src/stm32g4xx_hal_flash_ex.c ****   return user_config;
 332              		.loc 1 1325 3 view .LVU81
ARM GAS  /tmp/cceEh1js.s 			page 30


1326:Drivers/STM32G4xx_HAL_Driver/Src/stm32g4xx_hal_flash_ex.c **** }
 333              		.loc 1 1326 1 is_stmt 0 view .LVU82
 334 0004 20F0FF00 		bic	r0, r0, #255
 335              	.LVL13:
 336              		.loc 1 1326 1 view .LVU83
 337 0008 7047     		bx	lr
 338              	.L34:
 339 000a 00BF     		.align	2
 340              	.L33:
 341 000c 00200240 		.word	1073881088
 342              		.cfi_endproc
 343              	.LFE349:
 345              		.section	.text.FLASH_OB_GetPCROP,"ax",%progbits
 346              		.align	1
 347              		.syntax unified
 348              		.thumb
 349              		.thumb_func
 351              	FLASH_OB_GetPCROP:
 352              	.LVL14:
 353              	.LFB350:
1327:Drivers/STM32G4xx_HAL_Driver/Src/stm32g4xx_hal_flash_ex.c **** 
1328:Drivers/STM32G4xx_HAL_Driver/Src/stm32g4xx_hal_flash_ex.c **** /**
1329:Drivers/STM32G4xx_HAL_Driver/Src/stm32g4xx_hal_flash_ex.c ****   * @brief  Return the FLASH PCROP configuration into Option Bytes.
1330:Drivers/STM32G4xx_HAL_Driver/Src/stm32g4xx_hal_flash_ex.c ****   * @param[in,out] PCROPConfig specifies the configuration (Bank to be configured and PCROP_RDP opt
1331:Drivers/STM32G4xx_HAL_Driver/Src/stm32g4xx_hal_flash_ex.c ****   *        This parameter must be a combination of FLASH_BANK_1 or FLASH_BANK_2
1332:Drivers/STM32G4xx_HAL_Driver/Src/stm32g4xx_hal_flash_ex.c ****   *        with OB_PCROP_RDP_NOT_ERASE or OB_PCROP_RDP_ERASE.
1333:Drivers/STM32G4xx_HAL_Driver/Src/stm32g4xx_hal_flash_ex.c ****   * @param[out] PCROPStartAddr specifies the address where to copied the start address
1334:Drivers/STM32G4xx_HAL_Driver/Src/stm32g4xx_hal_flash_ex.c ****   *        of the Proprietary code readout protection.
1335:Drivers/STM32G4xx_HAL_Driver/Src/stm32g4xx_hal_flash_ex.c ****   * @param[out] PCROPEndAddr specifies the address where to copied the end address of
1336:Drivers/STM32G4xx_HAL_Driver/Src/stm32g4xx_hal_flash_ex.c ****   *        the Proprietary code readout protection.
1337:Drivers/STM32G4xx_HAL_Driver/Src/stm32g4xx_hal_flash_ex.c ****   * @retval None
1338:Drivers/STM32G4xx_HAL_Driver/Src/stm32g4xx_hal_flash_ex.c ****   */
1339:Drivers/STM32G4xx_HAL_Driver/Src/stm32g4xx_hal_flash_ex.c **** static void FLASH_OB_GetPCROP(uint32_t *PCROPConfig, uint32_t *PCROPStartAddr, uint32_t *PCROPEndAd
1340:Drivers/STM32G4xx_HAL_Driver/Src/stm32g4xx_hal_flash_ex.c **** {
 354              		.loc 1 1340 1 is_stmt 1 view -0
 355              		.cfi_startproc
 356              		@ args = 0, pretend = 0, frame = 0
 357              		@ frame_needed = 0, uses_anonymous_args = 0
 358              		.loc 1 1340 1 is_stmt 0 view .LVU85
 359 0000 10B5     		push	{r4, lr}
 360              	.LCFI0:
 361              		.cfi_def_cfa_offset 8
 362              		.cfi_offset 4, -8
 363              		.cfi_offset 14, -4
 364 0002 1446     		mov	r4, r2
1341:Drivers/STM32G4xx_HAL_Driver/Src/stm32g4xx_hal_flash_ex.c ****   uint32_t reg_value;
 365              		.loc 1 1341 3 is_stmt 1 view .LVU86
1342:Drivers/STM32G4xx_HAL_Driver/Src/stm32g4xx_hal_flash_ex.c ****   uint32_t bank1_addr;
 366              		.loc 1 1342 3 view .LVU87
1343:Drivers/STM32G4xx_HAL_Driver/Src/stm32g4xx_hal_flash_ex.c **** #if defined (FLASH_OPTR_DBANK)
1344:Drivers/STM32G4xx_HAL_Driver/Src/stm32g4xx_hal_flash_ex.c ****   uint32_t bank2_addr;
 367              		.loc 1 1344 3 view .LVU88
1345:Drivers/STM32G4xx_HAL_Driver/Src/stm32g4xx_hal_flash_ex.c **** 
1346:Drivers/STM32G4xx_HAL_Driver/Src/stm32g4xx_hal_flash_ex.c ****   /* Get the information about the bank swapping */
1347:Drivers/STM32G4xx_HAL_Driver/Src/stm32g4xx_hal_flash_ex.c ****   if (READ_BIT(SYSCFG->MEMRMP, SYSCFG_MEMRMP_FB_MODE) == 0U)
 368              		.loc 1 1347 3 view .LVU89
 369              		.loc 1 1347 7 is_stmt 0 view .LVU90
ARM GAS  /tmp/cceEh1js.s 			page 31


 370 0004 494B     		ldr	r3, .L48
 371 0006 1B68     		ldr	r3, [r3]
 372              		.loc 1 1347 6 view .LVU91
 373 0008 13F4807F 		tst	r3, #256
 374 000c 24D1     		bne	.L36
1348:Drivers/STM32G4xx_HAL_Driver/Src/stm32g4xx_hal_flash_ex.c ****   {
1349:Drivers/STM32G4xx_HAL_Driver/Src/stm32g4xx_hal_flash_ex.c ****     bank1_addr = FLASH_BASE;
 375              		.loc 1 1349 5 is_stmt 1 view .LVU92
 376              	.LVL15:
1350:Drivers/STM32G4xx_HAL_Driver/Src/stm32g4xx_hal_flash_ex.c ****     bank2_addr = FLASH_BASE + FLASH_BANK_SIZE;
 377              		.loc 1 1350 5 view .LVU93
 378              		.loc 1 1350 31 is_stmt 0 view .LVU94
 379 000e 484B     		ldr	r3, .L48+4
 380 0010 B3F8E020 		ldrh	r2, [r3, #224]
 381              	.LVL16:
 382              		.loc 1 1350 29 view .LVU95
 383 0014 4FF6FF73 		movw	r3, #65535
 384 0018 9A42     		cmp	r2, r3
 385 001a 2FD0     		beq	.L42
 386              		.loc 1 1350 31 discriminator 1 view .LVU96
 387 001c 454B     		ldr	r3, .L48+8
 388 001e D3F8E025 		ldr	r2, [r3, #1504]
 389 0022 454B     		ldr	r3, .L48+12
 390 0024 03EA422C 		and	ip, r3, r2, lsl #9
 391              		.loc 1 1350 16 discriminator 1 view .LVU97
 392 0028 0CF1006C 		add	ip, ip, #134217728
 393              	.LVL17:
1349:Drivers/STM32G4xx_HAL_Driver/Src/stm32g4xx_hal_flash_ex.c ****     bank2_addr = FLASH_BASE + FLASH_BANK_SIZE;
 394              		.loc 1 1349 16 view .LVU98
 395 002c 4FF00063 		mov	r3, #134217728
 396              	.LVL18:
 397              	.L37:
1351:Drivers/STM32G4xx_HAL_Driver/Src/stm32g4xx_hal_flash_ex.c ****   }
1352:Drivers/STM32G4xx_HAL_Driver/Src/stm32g4xx_hal_flash_ex.c ****   else
1353:Drivers/STM32G4xx_HAL_Driver/Src/stm32g4xx_hal_flash_ex.c ****   {
1354:Drivers/STM32G4xx_HAL_Driver/Src/stm32g4xx_hal_flash_ex.c ****     bank1_addr = FLASH_BASE + FLASH_BANK_SIZE;
1355:Drivers/STM32G4xx_HAL_Driver/Src/stm32g4xx_hal_flash_ex.c ****     bank2_addr = FLASH_BASE;
1356:Drivers/STM32G4xx_HAL_Driver/Src/stm32g4xx_hal_flash_ex.c ****   }
1357:Drivers/STM32G4xx_HAL_Driver/Src/stm32g4xx_hal_flash_ex.c **** #else
1358:Drivers/STM32G4xx_HAL_Driver/Src/stm32g4xx_hal_flash_ex.c ****   bank1_addr = FLASH_BASE;
1359:Drivers/STM32G4xx_HAL_Driver/Src/stm32g4xx_hal_flash_ex.c **** #endif
1360:Drivers/STM32G4xx_HAL_Driver/Src/stm32g4xx_hal_flash_ex.c **** 
1361:Drivers/STM32G4xx_HAL_Driver/Src/stm32g4xx_hal_flash_ex.c **** #if defined (FLASH_OPTR_DBANK)
1362:Drivers/STM32G4xx_HAL_Driver/Src/stm32g4xx_hal_flash_ex.c ****   if (READ_BIT(FLASH->OPTR, FLASH_OPTR_DBANK) == 0U)
 398              		.loc 1 1362 3 is_stmt 1 view .LVU99
 399              		.loc 1 1362 7 is_stmt 0 view .LVU100
 400 0030 424A     		ldr	r2, .L48+16
 401 0032 126A     		ldr	r2, [r2, #32]
 402              		.loc 1 1362 6 view .LVU101
 403 0034 12F4800F 		tst	r2, #4194304
 404 0038 4DD1     		bne	.L38
1363:Drivers/STM32G4xx_HAL_Driver/Src/stm32g4xx_hal_flash_ex.c ****   {
1364:Drivers/STM32G4xx_HAL_Driver/Src/stm32g4xx_hal_flash_ex.c ****     if (((*PCROPConfig) & FLASH_BANK_BOTH) == FLASH_BANK_1)
 405              		.loc 1 1364 5 is_stmt 1 view .LVU102
 406              		.loc 1 1364 11 is_stmt 0 view .LVU103
 407 003a 0368     		ldr	r3, [r0]
 408              	.LVL19:
ARM GAS  /tmp/cceEh1js.s 			page 32


 409              		.loc 1 1364 25 view .LVU104
 410 003c 03F00303 		and	r3, r3, #3
 411              		.loc 1 1364 8 view .LVU105
 412 0040 012B     		cmp	r3, #1
 413 0042 24D0     		beq	.L45
1365:Drivers/STM32G4xx_HAL_Driver/Src/stm32g4xx_hal_flash_ex.c ****     {
1366:Drivers/STM32G4xx_HAL_Driver/Src/stm32g4xx_hal_flash_ex.c ****       reg_value       = (READ_REG(FLASH->PCROP1SR) & FLASH_PCROP1SR_PCROP1_STRT);
1367:Drivers/STM32G4xx_HAL_Driver/Src/stm32g4xx_hal_flash_ex.c ****       *PCROPStartAddr = (reg_value << 4) + FLASH_BASE;
1368:Drivers/STM32G4xx_HAL_Driver/Src/stm32g4xx_hal_flash_ex.c **** 
1369:Drivers/STM32G4xx_HAL_Driver/Src/stm32g4xx_hal_flash_ex.c ****       reg_value     = (READ_REG(FLASH->PCROP1ER) & FLASH_PCROP1ER_PCROP1_END);
1370:Drivers/STM32G4xx_HAL_Driver/Src/stm32g4xx_hal_flash_ex.c ****       *PCROPEndAddr = (reg_value << 4) + FLASH_BASE;
1371:Drivers/STM32G4xx_HAL_Driver/Src/stm32g4xx_hal_flash_ex.c ****     }
1372:Drivers/STM32G4xx_HAL_Driver/Src/stm32g4xx_hal_flash_ex.c ****     else if (((*PCROPConfig) & FLASH_BANK_BOTH) == FLASH_BANK_2)
 414              		.loc 1 1372 10 is_stmt 1 view .LVU106
 415              		.loc 1 1372 13 is_stmt 0 view .LVU107
 416 0044 022B     		cmp	r3, #2
 417 0046 34D0     		beq	.L46
 418              	.LVL20:
 419              	.L40:
1373:Drivers/STM32G4xx_HAL_Driver/Src/stm32g4xx_hal_flash_ex.c ****     {
1374:Drivers/STM32G4xx_HAL_Driver/Src/stm32g4xx_hal_flash_ex.c ****       reg_value       = (READ_REG(FLASH->PCROP2SR) & FLASH_PCROP2SR_PCROP2_STRT);
1375:Drivers/STM32G4xx_HAL_Driver/Src/stm32g4xx_hal_flash_ex.c ****       *PCROPStartAddr = (reg_value << 4) + FLASH_BASE;
1376:Drivers/STM32G4xx_HAL_Driver/Src/stm32g4xx_hal_flash_ex.c **** 
1377:Drivers/STM32G4xx_HAL_Driver/Src/stm32g4xx_hal_flash_ex.c ****       reg_value     = (READ_REG(FLASH->PCROP2ER) & FLASH_PCROP2ER_PCROP2_END);
1378:Drivers/STM32G4xx_HAL_Driver/Src/stm32g4xx_hal_flash_ex.c ****       *PCROPEndAddr = (reg_value << 4) + FLASH_BASE;
1379:Drivers/STM32G4xx_HAL_Driver/Src/stm32g4xx_hal_flash_ex.c ****     }
1380:Drivers/STM32G4xx_HAL_Driver/Src/stm32g4xx_hal_flash_ex.c ****     else
1381:Drivers/STM32G4xx_HAL_Driver/Src/stm32g4xx_hal_flash_ex.c ****     {
1382:Drivers/STM32G4xx_HAL_Driver/Src/stm32g4xx_hal_flash_ex.c ****       /* Nothing to do */
1383:Drivers/STM32G4xx_HAL_Driver/Src/stm32g4xx_hal_flash_ex.c ****     }
1384:Drivers/STM32G4xx_HAL_Driver/Src/stm32g4xx_hal_flash_ex.c ****   }
1385:Drivers/STM32G4xx_HAL_Driver/Src/stm32g4xx_hal_flash_ex.c ****   else
1386:Drivers/STM32G4xx_HAL_Driver/Src/stm32g4xx_hal_flash_ex.c **** #endif
1387:Drivers/STM32G4xx_HAL_Driver/Src/stm32g4xx_hal_flash_ex.c ****   {
1388:Drivers/STM32G4xx_HAL_Driver/Src/stm32g4xx_hal_flash_ex.c ****     if (((*PCROPConfig) & FLASH_BANK_BOTH) == FLASH_BANK_1)
1389:Drivers/STM32G4xx_HAL_Driver/Src/stm32g4xx_hal_flash_ex.c ****     {
1390:Drivers/STM32G4xx_HAL_Driver/Src/stm32g4xx_hal_flash_ex.c ****       reg_value       = (READ_REG(FLASH->PCROP1SR) & FLASH_PCROP1SR_PCROP1_STRT);
1391:Drivers/STM32G4xx_HAL_Driver/Src/stm32g4xx_hal_flash_ex.c ****       *PCROPStartAddr = (reg_value << 3) + bank1_addr;
1392:Drivers/STM32G4xx_HAL_Driver/Src/stm32g4xx_hal_flash_ex.c **** 
1393:Drivers/STM32G4xx_HAL_Driver/Src/stm32g4xx_hal_flash_ex.c ****       reg_value     = (READ_REG(FLASH->PCROP1ER) & FLASH_PCROP1ER_PCROP1_END);
1394:Drivers/STM32G4xx_HAL_Driver/Src/stm32g4xx_hal_flash_ex.c ****       *PCROPEndAddr = (reg_value << 3) + bank1_addr;
1395:Drivers/STM32G4xx_HAL_Driver/Src/stm32g4xx_hal_flash_ex.c ****     }
1396:Drivers/STM32G4xx_HAL_Driver/Src/stm32g4xx_hal_flash_ex.c **** #if defined (FLASH_OPTR_DBANK)
1397:Drivers/STM32G4xx_HAL_Driver/Src/stm32g4xx_hal_flash_ex.c ****     else if (((*PCROPConfig) & FLASH_BANK_BOTH) == FLASH_BANK_2)
1398:Drivers/STM32G4xx_HAL_Driver/Src/stm32g4xx_hal_flash_ex.c ****     {
1399:Drivers/STM32G4xx_HAL_Driver/Src/stm32g4xx_hal_flash_ex.c ****       reg_value       = (READ_REG(FLASH->PCROP2SR) & FLASH_PCROP2SR_PCROP2_STRT);
1400:Drivers/STM32G4xx_HAL_Driver/Src/stm32g4xx_hal_flash_ex.c ****       *PCROPStartAddr = (reg_value << 3) + bank2_addr;
1401:Drivers/STM32G4xx_HAL_Driver/Src/stm32g4xx_hal_flash_ex.c **** 
1402:Drivers/STM32G4xx_HAL_Driver/Src/stm32g4xx_hal_flash_ex.c ****       reg_value     = (READ_REG(FLASH->PCROP2ER) & FLASH_PCROP2ER_PCROP2_END);
1403:Drivers/STM32G4xx_HAL_Driver/Src/stm32g4xx_hal_flash_ex.c ****       *PCROPEndAddr = (reg_value << 3) + bank2_addr;
1404:Drivers/STM32G4xx_HAL_Driver/Src/stm32g4xx_hal_flash_ex.c ****     }
1405:Drivers/STM32G4xx_HAL_Driver/Src/stm32g4xx_hal_flash_ex.c **** #endif
1406:Drivers/STM32G4xx_HAL_Driver/Src/stm32g4xx_hal_flash_ex.c ****     else
1407:Drivers/STM32G4xx_HAL_Driver/Src/stm32g4xx_hal_flash_ex.c ****     {
1408:Drivers/STM32G4xx_HAL_Driver/Src/stm32g4xx_hal_flash_ex.c ****       /* Nothing to do */
1409:Drivers/STM32G4xx_HAL_Driver/Src/stm32g4xx_hal_flash_ex.c ****     }
 420              		.loc 1 1409 5 is_stmt 1 view .LVU108
ARM GAS  /tmp/cceEh1js.s 			page 33


1410:Drivers/STM32G4xx_HAL_Driver/Src/stm32g4xx_hal_flash_ex.c ****   }
1411:Drivers/STM32G4xx_HAL_Driver/Src/stm32g4xx_hal_flash_ex.c **** 
1412:Drivers/STM32G4xx_HAL_Driver/Src/stm32g4xx_hal_flash_ex.c ****   *PCROPConfig |= (READ_REG(FLASH->PCROP1ER) & FLASH_PCROP1ER_PCROP_RDP);
 421              		.loc 1 1412 3 view .LVU109
 422              		.loc 1 1412 20 is_stmt 0 view .LVU110
 423 0048 3C4B     		ldr	r3, .L48+16
 424 004a 9A6A     		ldr	r2, [r3, #40]
 425              		.loc 1 1412 46 view .LVU111
 426 004c 02F00042 		and	r2, r2, #-2147483648
 427              		.loc 1 1412 3 view .LVU112
 428 0050 0368     		ldr	r3, [r0]
 429              		.loc 1 1412 16 view .LVU113
 430 0052 1343     		orrs	r3, r3, r2
 431 0054 0360     		str	r3, [r0]
1413:Drivers/STM32G4xx_HAL_Driver/Src/stm32g4xx_hal_flash_ex.c **** }
 432              		.loc 1 1413 1 view .LVU114
 433 0056 10BD     		pop	{r4, pc}
 434              	.LVL21:
 435              	.L36:
1354:Drivers/STM32G4xx_HAL_Driver/Src/stm32g4xx_hal_flash_ex.c ****     bank2_addr = FLASH_BASE;
 436              		.loc 1 1354 5 is_stmt 1 view .LVU115
1354:Drivers/STM32G4xx_HAL_Driver/Src/stm32g4xx_hal_flash_ex.c ****     bank2_addr = FLASH_BASE;
 437              		.loc 1 1354 31 is_stmt 0 view .LVU116
 438 0058 354B     		ldr	r3, .L48+4
 439 005a B3F8E020 		ldrh	r2, [r3, #224]
 440              	.LVL22:
1354:Drivers/STM32G4xx_HAL_Driver/Src/stm32g4xx_hal_flash_ex.c ****     bank2_addr = FLASH_BASE;
 441              		.loc 1 1354 29 view .LVU117
 442 005e 4FF6FF73 		movw	r3, #65535
 443 0062 9A42     		cmp	r2, r3
 444 0064 0FD0     		beq	.L43
1354:Drivers/STM32G4xx_HAL_Driver/Src/stm32g4xx_hal_flash_ex.c ****     bank2_addr = FLASH_BASE;
 445              		.loc 1 1354 31 discriminator 1 view .LVU118
 446 0066 334B     		ldr	r3, .L48+8
 447 0068 D3F8E025 		ldr	r2, [r3, #1504]
 448 006c 324B     		ldr	r3, .L48+12
 449 006e 03EA4223 		and	r3, r3, r2, lsl #9
1354:Drivers/STM32G4xx_HAL_Driver/Src/stm32g4xx_hal_flash_ex.c ****     bank2_addr = FLASH_BASE;
 450              		.loc 1 1354 16 discriminator 1 view .LVU119
 451 0072 03F10063 		add	r3, r3, #134217728
 452              	.LVL23:
1355:Drivers/STM32G4xx_HAL_Driver/Src/stm32g4xx_hal_flash_ex.c ****   }
 453              		.loc 1 1355 16 view .LVU120
 454 0076 4FF0006C 		mov	ip, #134217728
 455 007a D9E7     		b	.L37
 456              	.LVL24:
 457              	.L42:
1350:Drivers/STM32G4xx_HAL_Driver/Src/stm32g4xx_hal_flash_ex.c ****   }
 458              		.loc 1 1350 16 discriminator 2 view .LVU121
 459 007c DFF8C0C0 		ldr	ip, .L48+20
1349:Drivers/STM32G4xx_HAL_Driver/Src/stm32g4xx_hal_flash_ex.c ****     bank2_addr = FLASH_BASE + FLASH_BANK_SIZE;
 460              		.loc 1 1349 16 view .LVU122
 461 0080 4FF00063 		mov	r3, #134217728
 462 0084 D4E7     		b	.L37
 463              	.LVL25:
 464              	.L43:
1355:Drivers/STM32G4xx_HAL_Driver/Src/stm32g4xx_hal_flash_ex.c ****   }
ARM GAS  /tmp/cceEh1js.s 			page 34


 465              		.loc 1 1355 16 view .LVU123
 466 0086 4FF0006C 		mov	ip, #134217728
1354:Drivers/STM32G4xx_HAL_Driver/Src/stm32g4xx_hal_flash_ex.c ****     bank2_addr = FLASH_BASE;
 467              		.loc 1 1354 16 discriminator 2 view .LVU124
 468 008a 2D4B     		ldr	r3, .L48+20
 469 008c D0E7     		b	.L37
 470              	.LVL26:
 471              	.L45:
1366:Drivers/STM32G4xx_HAL_Driver/Src/stm32g4xx_hal_flash_ex.c ****       *PCROPStartAddr = (reg_value << 4) + FLASH_BASE;
 472              		.loc 1 1366 7 is_stmt 1 view .LVU125
1366:Drivers/STM32G4xx_HAL_Driver/Src/stm32g4xx_hal_flash_ex.c ****       *PCROPStartAddr = (reg_value << 4) + FLASH_BASE;
 473              		.loc 1 1366 26 is_stmt 0 view .LVU126
 474 008e DFF8ACC0 		ldr	ip, .L48+16
 475              	.LVL27:
1366:Drivers/STM32G4xx_HAL_Driver/Src/stm32g4xx_hal_flash_ex.c ****       *PCROPStartAddr = (reg_value << 4) + FLASH_BASE;
 476              		.loc 1 1366 26 view .LVU127
 477 0092 DCF82420 		ldr	r2, [ip, #36]
 478              	.LVL28:
1367:Drivers/STM32G4xx_HAL_Driver/Src/stm32g4xx_hal_flash_ex.c **** 
 479              		.loc 1 1367 7 is_stmt 1 view .LVU128
1367:Drivers/STM32G4xx_HAL_Driver/Src/stm32g4xx_hal_flash_ex.c **** 
 480              		.loc 1 1367 36 is_stmt 0 view .LVU129
 481 0096 2B4B     		ldr	r3, .L48+24
 482 0098 03EA0212 		and	r2, r3, r2, lsl #4
 483              	.LVL29:
1367:Drivers/STM32G4xx_HAL_Driver/Src/stm32g4xx_hal_flash_ex.c **** 
 484              		.loc 1 1367 42 view .LVU130
 485 009c 02F10062 		add	r2, r2, #134217728
1367:Drivers/STM32G4xx_HAL_Driver/Src/stm32g4xx_hal_flash_ex.c **** 
 486              		.loc 1 1367 23 view .LVU131
 487 00a0 0A60     		str	r2, [r1]
1369:Drivers/STM32G4xx_HAL_Driver/Src/stm32g4xx_hal_flash_ex.c ****       *PCROPEndAddr = (reg_value << 4) + FLASH_BASE;
 488              		.loc 1 1369 7 is_stmt 1 view .LVU132
1369:Drivers/STM32G4xx_HAL_Driver/Src/stm32g4xx_hal_flash_ex.c ****       *PCROPEndAddr = (reg_value << 4) + FLASH_BASE;
 489              		.loc 1 1369 24 is_stmt 0 view .LVU133
 490 00a2 DCF82820 		ldr	r2, [ip, #40]
 491              	.LVL30:
1370:Drivers/STM32G4xx_HAL_Driver/Src/stm32g4xx_hal_flash_ex.c ****     }
 492              		.loc 1 1370 7 is_stmt 1 view .LVU134
1370:Drivers/STM32G4xx_HAL_Driver/Src/stm32g4xx_hal_flash_ex.c ****     }
 493              		.loc 1 1370 34 is_stmt 0 view .LVU135
 494 00a6 03EA0213 		and	r3, r3, r2, lsl #4
1370:Drivers/STM32G4xx_HAL_Driver/Src/stm32g4xx_hal_flash_ex.c ****     }
 495              		.loc 1 1370 40 view .LVU136
 496 00aa 03F10063 		add	r3, r3, #134217728
1370:Drivers/STM32G4xx_HAL_Driver/Src/stm32g4xx_hal_flash_ex.c ****     }
 497              		.loc 1 1370 21 view .LVU137
 498 00ae 2360     		str	r3, [r4]
 499 00b0 CAE7     		b	.L40
 500              	.LVL31:
 501              	.L46:
1374:Drivers/STM32G4xx_HAL_Driver/Src/stm32g4xx_hal_flash_ex.c ****       *PCROPStartAddr = (reg_value << 4) + FLASH_BASE;
 502              		.loc 1 1374 7 is_stmt 1 view .LVU138
1374:Drivers/STM32G4xx_HAL_Driver/Src/stm32g4xx_hal_flash_ex.c ****       *PCROPStartAddr = (reg_value << 4) + FLASH_BASE;
 503              		.loc 1 1374 26 is_stmt 0 view .LVU139
 504 00b2 DFF888C0 		ldr	ip, .L48+16
 505              	.LVL32:
ARM GAS  /tmp/cceEh1js.s 			page 35


1374:Drivers/STM32G4xx_HAL_Driver/Src/stm32g4xx_hal_flash_ex.c ****       *PCROPStartAddr = (reg_value << 4) + FLASH_BASE;
 506              		.loc 1 1374 26 view .LVU140
 507 00b6 DCF84420 		ldr	r2, [ip, #68]
 508              	.LVL33:
1375:Drivers/STM32G4xx_HAL_Driver/Src/stm32g4xx_hal_flash_ex.c **** 
 509              		.loc 1 1375 7 is_stmt 1 view .LVU141
1375:Drivers/STM32G4xx_HAL_Driver/Src/stm32g4xx_hal_flash_ex.c **** 
 510              		.loc 1 1375 36 is_stmt 0 view .LVU142
 511 00ba 224B     		ldr	r3, .L48+24
 512 00bc 03EA0212 		and	r2, r3, r2, lsl #4
 513              	.LVL34:
1375:Drivers/STM32G4xx_HAL_Driver/Src/stm32g4xx_hal_flash_ex.c **** 
 514              		.loc 1 1375 42 view .LVU143
 515 00c0 02F10062 		add	r2, r2, #134217728
1375:Drivers/STM32G4xx_HAL_Driver/Src/stm32g4xx_hal_flash_ex.c **** 
 516              		.loc 1 1375 23 view .LVU144
 517 00c4 0A60     		str	r2, [r1]
1377:Drivers/STM32G4xx_HAL_Driver/Src/stm32g4xx_hal_flash_ex.c ****       *PCROPEndAddr = (reg_value << 4) + FLASH_BASE;
 518              		.loc 1 1377 7 is_stmt 1 view .LVU145
1377:Drivers/STM32G4xx_HAL_Driver/Src/stm32g4xx_hal_flash_ex.c ****       *PCROPEndAddr = (reg_value << 4) + FLASH_BASE;
 519              		.loc 1 1377 24 is_stmt 0 view .LVU146
 520 00c6 DCF84820 		ldr	r2, [ip, #72]
 521              	.LVL35:
1378:Drivers/STM32G4xx_HAL_Driver/Src/stm32g4xx_hal_flash_ex.c ****     }
 522              		.loc 1 1378 7 is_stmt 1 view .LVU147
1378:Drivers/STM32G4xx_HAL_Driver/Src/stm32g4xx_hal_flash_ex.c ****     }
 523              		.loc 1 1378 34 is_stmt 0 view .LVU148
 524 00ca 03EA0213 		and	r3, r3, r2, lsl #4
1378:Drivers/STM32G4xx_HAL_Driver/Src/stm32g4xx_hal_flash_ex.c ****     }
 525              		.loc 1 1378 40 view .LVU149
 526 00ce 03F10063 		add	r3, r3, #134217728
1378:Drivers/STM32G4xx_HAL_Driver/Src/stm32g4xx_hal_flash_ex.c ****     }
 527              		.loc 1 1378 21 view .LVU150
 528 00d2 2360     		str	r3, [r4]
 529 00d4 B8E7     		b	.L40
 530              	.LVL36:
 531              	.L38:
1388:Drivers/STM32G4xx_HAL_Driver/Src/stm32g4xx_hal_flash_ex.c ****     {
 532              		.loc 1 1388 5 is_stmt 1 view .LVU151
1388:Drivers/STM32G4xx_HAL_Driver/Src/stm32g4xx_hal_flash_ex.c ****     {
 533              		.loc 1 1388 25 is_stmt 0 view .LVU152
 534 00d6 0268     		ldr	r2, [r0]
 535 00d8 02F0030E 		and	lr, r2, #3
1388:Drivers/STM32G4xx_HAL_Driver/Src/stm32g4xx_hal_flash_ex.c ****     {
 536              		.loc 1 1388 8 view .LVU153
 537 00dc BEF1010F 		cmp	lr, #1
 538 00e0 12D0     		beq	.L47
1397:Drivers/STM32G4xx_HAL_Driver/Src/stm32g4xx_hal_flash_ex.c ****     {
 539              		.loc 1 1397 10 is_stmt 1 view .LVU154
1397:Drivers/STM32G4xx_HAL_Driver/Src/stm32g4xx_hal_flash_ex.c ****     {
 540              		.loc 1 1397 13 is_stmt 0 view .LVU155
 541 00e2 BEF1020F 		cmp	lr, #2
 542 00e6 AFD1     		bne	.L40
1399:Drivers/STM32G4xx_HAL_Driver/Src/stm32g4xx_hal_flash_ex.c ****       *PCROPStartAddr = (reg_value << 3) + bank2_addr;
 543              		.loc 1 1399 7 is_stmt 1 view .LVU156
1399:Drivers/STM32G4xx_HAL_Driver/Src/stm32g4xx_hal_flash_ex.c ****       *PCROPStartAddr = (reg_value << 3) + bank2_addr;
 544              		.loc 1 1399 26 is_stmt 0 view .LVU157
ARM GAS  /tmp/cceEh1js.s 			page 36


 545 00e8 DFF850E0 		ldr	lr, .L48+16
 546 00ec DEF84420 		ldr	r2, [lr, #68]
 547              	.LVL37:
1400:Drivers/STM32G4xx_HAL_Driver/Src/stm32g4xx_hal_flash_ex.c **** 
 548              		.loc 1 1400 7 is_stmt 1 view .LVU158
1400:Drivers/STM32G4xx_HAL_Driver/Src/stm32g4xx_hal_flash_ex.c **** 
 549              		.loc 1 1400 36 is_stmt 0 view .LVU159
 550 00f0 154B     		ldr	r3, .L48+28
 551              	.LVL38:
1400:Drivers/STM32G4xx_HAL_Driver/Src/stm32g4xx_hal_flash_ex.c **** 
 552              		.loc 1 1400 36 view .LVU160
 553 00f2 03EAC202 		and	r2, r3, r2, lsl #3
 554              	.LVL39:
1400:Drivers/STM32G4xx_HAL_Driver/Src/stm32g4xx_hal_flash_ex.c **** 
 555              		.loc 1 1400 42 view .LVU161
 556 00f6 6244     		add	r2, r2, ip
1400:Drivers/STM32G4xx_HAL_Driver/Src/stm32g4xx_hal_flash_ex.c **** 
 557              		.loc 1 1400 23 view .LVU162
 558 00f8 0A60     		str	r2, [r1]
1402:Drivers/STM32G4xx_HAL_Driver/Src/stm32g4xx_hal_flash_ex.c ****       *PCROPEndAddr = (reg_value << 3) + bank2_addr;
 559              		.loc 1 1402 7 is_stmt 1 view .LVU163
1402:Drivers/STM32G4xx_HAL_Driver/Src/stm32g4xx_hal_flash_ex.c ****       *PCROPEndAddr = (reg_value << 3) + bank2_addr;
 560              		.loc 1 1402 24 is_stmt 0 view .LVU164
 561 00fa DEF84820 		ldr	r2, [lr, #72]
 562              	.LVL40:
1403:Drivers/STM32G4xx_HAL_Driver/Src/stm32g4xx_hal_flash_ex.c ****     }
 563              		.loc 1 1403 7 is_stmt 1 view .LVU165
1403:Drivers/STM32G4xx_HAL_Driver/Src/stm32g4xx_hal_flash_ex.c ****     }
 564              		.loc 1 1403 34 is_stmt 0 view .LVU166
 565 00fe 03EAC203 		and	r3, r3, r2, lsl #3
1403:Drivers/STM32G4xx_HAL_Driver/Src/stm32g4xx_hal_flash_ex.c ****     }
 566              		.loc 1 1403 40 view .LVU167
 567 0102 6344     		add	r3, r3, ip
1403:Drivers/STM32G4xx_HAL_Driver/Src/stm32g4xx_hal_flash_ex.c ****     }
 568              		.loc 1 1403 21 view .LVU168
 569 0104 2360     		str	r3, [r4]
 570 0106 9FE7     		b	.L40
 571              	.LVL41:
 572              	.L47:
1390:Drivers/STM32G4xx_HAL_Driver/Src/stm32g4xx_hal_flash_ex.c ****       *PCROPStartAddr = (reg_value << 3) + bank1_addr;
 573              		.loc 1 1390 7 is_stmt 1 view .LVU169
1390:Drivers/STM32G4xx_HAL_Driver/Src/stm32g4xx_hal_flash_ex.c ****       *PCROPStartAddr = (reg_value << 3) + bank1_addr;
 574              		.loc 1 1390 26 is_stmt 0 view .LVU170
 575 0108 DFF830E0 		ldr	lr, .L48+16
 576 010c DEF824C0 		ldr	ip, [lr, #36]
 577              	.LVL42:
1391:Drivers/STM32G4xx_HAL_Driver/Src/stm32g4xx_hal_flash_ex.c **** 
 578              		.loc 1 1391 7 is_stmt 1 view .LVU171
1391:Drivers/STM32G4xx_HAL_Driver/Src/stm32g4xx_hal_flash_ex.c **** 
 579              		.loc 1 1391 36 is_stmt 0 view .LVU172
 580 0110 0D4A     		ldr	r2, .L48+28
 581 0112 02EACC0C 		and	ip, r2, ip, lsl #3
 582              	.LVL43:
1391:Drivers/STM32G4xx_HAL_Driver/Src/stm32g4xx_hal_flash_ex.c **** 
 583              		.loc 1 1391 42 view .LVU173
 584 0116 9C44     		add	ip, ip, r3
1391:Drivers/STM32G4xx_HAL_Driver/Src/stm32g4xx_hal_flash_ex.c **** 
ARM GAS  /tmp/cceEh1js.s 			page 37


 585              		.loc 1 1391 23 view .LVU174
 586 0118 C1F800C0 		str	ip, [r1]
1393:Drivers/STM32G4xx_HAL_Driver/Src/stm32g4xx_hal_flash_ex.c ****       *PCROPEndAddr = (reg_value << 3) + bank1_addr;
 587              		.loc 1 1393 7 is_stmt 1 view .LVU175
1393:Drivers/STM32G4xx_HAL_Driver/Src/stm32g4xx_hal_flash_ex.c ****       *PCROPEndAddr = (reg_value << 3) + bank1_addr;
 588              		.loc 1 1393 24 is_stmt 0 view .LVU176
 589 011c DEF82810 		ldr	r1, [lr, #40]
 590              	.LVL44:
1394:Drivers/STM32G4xx_HAL_Driver/Src/stm32g4xx_hal_flash_ex.c ****     }
 591              		.loc 1 1394 7 is_stmt 1 view .LVU177
1394:Drivers/STM32G4xx_HAL_Driver/Src/stm32g4xx_hal_flash_ex.c ****     }
 592              		.loc 1 1394 34 is_stmt 0 view .LVU178
 593 0120 02EAC102 		and	r2, r2, r1, lsl #3
1394:Drivers/STM32G4xx_HAL_Driver/Src/stm32g4xx_hal_flash_ex.c ****     }
 594              		.loc 1 1394 40 view .LVU179
 595 0124 1A44     		add	r2, r2, r3
1394:Drivers/STM32G4xx_HAL_Driver/Src/stm32g4xx_hal_flash_ex.c ****     }
 596              		.loc 1 1394 21 view .LVU180
 597 0126 2260     		str	r2, [r4]
 598 0128 8EE7     		b	.L40
 599              	.L49:
 600 012a 00BF     		.align	2
 601              	.L48:
 602 012c 00000140 		.word	1073807360
 603 0130 0075FF1F 		.word	536835328
 604 0134 0070FF1F 		.word	536834048
 605 0138 00FEFF01 		.word	33553920
 606 013c 00200240 		.word	1073881088
 607 0140 00000408 		.word	134479872
 608 0144 F0FF0700 		.word	524272
 609 0148 F8FF0300 		.word	262136
 610              		.cfi_endproc
 611              	.LFE350:
 613              		.section	.text.FLASH_OB_WRPConfig,"ax",%progbits
 614              		.align	1
 615              		.syntax unified
 616              		.thumb
 617              		.thumb_func
 619              	FLASH_OB_WRPConfig:
 620              	.LVL45:
 621              	.LFB339:
 675:Drivers/STM32G4xx_HAL_Driver/Src/stm32g4xx_hal_flash_ex.c ****   HAL_StatusTypeDef status;
 622              		.loc 1 675 1 is_stmt 1 view -0
 623              		.cfi_startproc
 624              		@ args = 0, pretend = 0, frame = 0
 625              		@ frame_needed = 0, uses_anonymous_args = 0
 675:Drivers/STM32G4xx_HAL_Driver/Src/stm32g4xx_hal_flash_ex.c ****   HAL_StatusTypeDef status;
 626              		.loc 1 675 1 is_stmt 0 view .LVU182
 627 0000 70B5     		push	{r4, r5, r6, lr}
 628              	.LCFI1:
 629              		.cfi_def_cfa_offset 16
 630              		.cfi_offset 4, -16
 631              		.cfi_offset 5, -12
 632              		.cfi_offset 6, -8
 633              		.cfi_offset 14, -4
 634 0002 0446     		mov	r4, r0
 635 0004 0D46     		mov	r5, r1
ARM GAS  /tmp/cceEh1js.s 			page 38


 636 0006 1646     		mov	r6, r2
 676:Drivers/STM32G4xx_HAL_Driver/Src/stm32g4xx_hal_flash_ex.c **** 
 637              		.loc 1 676 3 is_stmt 1 view .LVU183
 679:Drivers/STM32G4xx_HAL_Driver/Src/stm32g4xx_hal_flash_ex.c ****   assert_param(IS_FLASH_PAGE(WRPStartOffset));
 638              		.loc 1 679 3 view .LVU184
 680:Drivers/STM32G4xx_HAL_Driver/Src/stm32g4xx_hal_flash_ex.c ****   assert_param(IS_FLASH_PAGE(WRDPEndOffset));
 639              		.loc 1 680 3 view .LVU185
 681:Drivers/STM32G4xx_HAL_Driver/Src/stm32g4xx_hal_flash_ex.c **** 
 640              		.loc 1 681 3 view .LVU186
 684:Drivers/STM32G4xx_HAL_Driver/Src/stm32g4xx_hal_flash_ex.c **** 
 641              		.loc 1 684 3 view .LVU187
 684:Drivers/STM32G4xx_HAL_Driver/Src/stm32g4xx_hal_flash_ex.c **** 
 642              		.loc 1 684 12 is_stmt 0 view .LVU188
 643 0008 4FF47A70 		mov	r0, #1000
 644              	.LVL46:
 684:Drivers/STM32G4xx_HAL_Driver/Src/stm32g4xx_hal_flash_ex.c **** 
 645              		.loc 1 684 12 view .LVU189
 646 000c FFF7FEFF 		bl	FLASH_WaitForLastOperation
 647              	.LVL47:
 686:Drivers/STM32G4xx_HAL_Driver/Src/stm32g4xx_hal_flash_ex.c ****   {
 648              		.loc 1 686 3 is_stmt 1 view .LVU190
 686:Drivers/STM32G4xx_HAL_Driver/Src/stm32g4xx_hal_flash_ex.c ****   {
 649              		.loc 1 686 6 is_stmt 0 view .LVU191
 650 0010 98B9     		cbnz	r0, .L51
 689:Drivers/STM32G4xx_HAL_Driver/Src/stm32g4xx_hal_flash_ex.c ****     {
 651              		.loc 1 689 5 is_stmt 1 view .LVU192
 652 0012 042C     		cmp	r4, #4
 653 0014 08D8     		bhi	.L52
 654 0016 DFE804F0 		tbb	[pc, r4]
 655              	.L54:
 656 001a 03       		.byte	(.L57-.L54)/2
 657 001b 11       		.byte	(.L56-.L54)/2
 658 001c 16       		.byte	(.L55-.L54)/2
 659 001d 07       		.byte	(.L52-.L54)/2
 660 001e 1B       		.byte	(.L53-.L54)/2
 661 001f 00       		.p2align 1
 662              	.L57:
 691:Drivers/STM32G4xx_HAL_Driver/Src/stm32g4xx_hal_flash_ex.c ****     }
 663              		.loc 1 691 7 view .LVU193
 691:Drivers/STM32G4xx_HAL_Driver/Src/stm32g4xx_hal_flash_ex.c ****     }
 664              		.loc 1 691 70 is_stmt 0 view .LVU194
 665 0020 45EA0642 		orr	r2, r5, r6, lsl #16
 691:Drivers/STM32G4xx_HAL_Driver/Src/stm32g4xx_hal_flash_ex.c ****     }
 666              		.loc 1 691 21 view .LVU195
 667 0024 0D4B     		ldr	r3, .L60
 668 0026 DA62     		str	r2, [r3, #44]
 669              	.L52:
 710:Drivers/STM32G4xx_HAL_Driver/Src/stm32g4xx_hal_flash_ex.c **** 
 670              		.loc 1 710 5 is_stmt 1 view .LVU196
 713:Drivers/STM32G4xx_HAL_Driver/Src/stm32g4xx_hal_flash_ex.c **** 
 671              		.loc 1 713 5 view .LVU197
 672 0028 0C4A     		ldr	r2, .L60
 673 002a 5369     		ldr	r3, [r2, #20]
 674 002c 43F40033 		orr	r3, r3, #131072
 675 0030 5361     		str	r3, [r2, #20]
 716:Drivers/STM32G4xx_HAL_Driver/Src/stm32g4xx_hal_flash_ex.c ****   }
 676              		.loc 1 716 5 view .LVU198
ARM GAS  /tmp/cceEh1js.s 			page 39


 716:Drivers/STM32G4xx_HAL_Driver/Src/stm32g4xx_hal_flash_ex.c ****   }
 677              		.loc 1 716 14 is_stmt 0 view .LVU199
 678 0032 4FF47A70 		mov	r0, #1000
 679 0036 FFF7FEFF 		bl	FLASH_WaitForLastOperation
 680              	.LVL48:
 681              	.L51:
 719:Drivers/STM32G4xx_HAL_Driver/Src/stm32g4xx_hal_flash_ex.c **** }
 682              		.loc 1 719 3 is_stmt 1 view .LVU200
 720:Drivers/STM32G4xx_HAL_Driver/Src/stm32g4xx_hal_flash_ex.c **** 
 683              		.loc 1 720 1 is_stmt 0 view .LVU201
 684 003a 70BD     		pop	{r4, r5, r6, pc}
 685              	.LVL49:
 686              	.L56:
 695:Drivers/STM32G4xx_HAL_Driver/Src/stm32g4xx_hal_flash_ex.c ****     }
 687              		.loc 1 695 7 is_stmt 1 view .LVU202
 695:Drivers/STM32G4xx_HAL_Driver/Src/stm32g4xx_hal_flash_ex.c ****     }
 688              		.loc 1 695 70 is_stmt 0 view .LVU203
 689 003c 45EA0642 		orr	r2, r5, r6, lsl #16
 695:Drivers/STM32G4xx_HAL_Driver/Src/stm32g4xx_hal_flash_ex.c ****     }
 690              		.loc 1 695 21 view .LVU204
 691 0040 064B     		ldr	r3, .L60
 692 0042 1A63     		str	r2, [r3, #48]
 693 0044 F0E7     		b	.L52
 694              	.L55:
 700:Drivers/STM32G4xx_HAL_Driver/Src/stm32g4xx_hal_flash_ex.c ****     }
 695              		.loc 1 700 7 is_stmt 1 view .LVU205
 700:Drivers/STM32G4xx_HAL_Driver/Src/stm32g4xx_hal_flash_ex.c ****     }
 696              		.loc 1 700 70 is_stmt 0 view .LVU206
 697 0046 45EA0642 		orr	r2, r5, r6, lsl #16
 700:Drivers/STM32G4xx_HAL_Driver/Src/stm32g4xx_hal_flash_ex.c ****     }
 698              		.loc 1 700 21 view .LVU207
 699 004a 044B     		ldr	r3, .L60
 700 004c DA64     		str	r2, [r3, #76]
 701 004e EBE7     		b	.L52
 702              	.L53:
 704:Drivers/STM32G4xx_HAL_Driver/Src/stm32g4xx_hal_flash_ex.c ****     }
 703              		.loc 1 704 7 is_stmt 1 view .LVU208
 704:Drivers/STM32G4xx_HAL_Driver/Src/stm32g4xx_hal_flash_ex.c ****     }
 704              		.loc 1 704 70 is_stmt 0 view .LVU209
 705 0050 45EA0642 		orr	r2, r5, r6, lsl #16
 704:Drivers/STM32G4xx_HAL_Driver/Src/stm32g4xx_hal_flash_ex.c ****     }
 706              		.loc 1 704 21 view .LVU210
 707 0054 014B     		ldr	r3, .L60
 708 0056 1A65     		str	r2, [r3, #80]
 709 0058 E6E7     		b	.L52
 710              	.L61:
 711 005a 00BF     		.align	2
 712              	.L60:
 713 005c 00200240 		.word	1073881088
 714              		.cfi_endproc
 715              	.LFE339:
 717              		.section	.text.FLASH_OB_RDPConfig,"ax",%progbits
 718              		.align	1
 719              		.syntax unified
 720              		.thumb
 721              		.thumb_func
 723              	FLASH_OB_RDPConfig:
ARM GAS  /tmp/cceEh1js.s 			page 40


 724              	.LVL50:
 725              	.LFB340:
 740:Drivers/STM32G4xx_HAL_Driver/Src/stm32g4xx_hal_flash_ex.c ****   HAL_StatusTypeDef status;
 726              		.loc 1 740 1 is_stmt 1 view -0
 727              		.cfi_startproc
 728              		@ args = 0, pretend = 0, frame = 0
 729              		@ frame_needed = 0, uses_anonymous_args = 0
 740:Drivers/STM32G4xx_HAL_Driver/Src/stm32g4xx_hal_flash_ex.c ****   HAL_StatusTypeDef status;
 730              		.loc 1 740 1 is_stmt 0 view .LVU212
 731 0000 10B5     		push	{r4, lr}
 732              	.LCFI2:
 733              		.cfi_def_cfa_offset 8
 734              		.cfi_offset 4, -8
 735              		.cfi_offset 14, -4
 736 0002 0446     		mov	r4, r0
 741:Drivers/STM32G4xx_HAL_Driver/Src/stm32g4xx_hal_flash_ex.c **** 
 737              		.loc 1 741 3 is_stmt 1 view .LVU213
 744:Drivers/STM32G4xx_HAL_Driver/Src/stm32g4xx_hal_flash_ex.c **** 
 738              		.loc 1 744 3 view .LVU214
 747:Drivers/STM32G4xx_HAL_Driver/Src/stm32g4xx_hal_flash_ex.c **** 
 739              		.loc 1 747 3 view .LVU215
 747:Drivers/STM32G4xx_HAL_Driver/Src/stm32g4xx_hal_flash_ex.c **** 
 740              		.loc 1 747 12 is_stmt 0 view .LVU216
 741 0004 4FF47A70 		mov	r0, #1000
 742              	.LVL51:
 747:Drivers/STM32G4xx_HAL_Driver/Src/stm32g4xx_hal_flash_ex.c **** 
 743              		.loc 1 747 12 view .LVU217
 744 0008 FFF7FEFF 		bl	FLASH_WaitForLastOperation
 745              	.LVL52:
 749:Drivers/STM32G4xx_HAL_Driver/Src/stm32g4xx_hal_flash_ex.c ****   {
 746              		.loc 1 749 3 is_stmt 1 view .LVU218
 749:Drivers/STM32G4xx_HAL_Driver/Src/stm32g4xx_hal_flash_ex.c ****   {
 747              		.loc 1 749 6 is_stmt 0 view .LVU219
 748 000c 00B1     		cbz	r0, .L65
 749              	.L63:
 750              	.LVL53:
 761:Drivers/STM32G4xx_HAL_Driver/Src/stm32g4xx_hal_flash_ex.c **** }
 751              		.loc 1 761 3 is_stmt 1 view .LVU220
 762:Drivers/STM32G4xx_HAL_Driver/Src/stm32g4xx_hal_flash_ex.c **** 
 752              		.loc 1 762 1 is_stmt 0 view .LVU221
 753 000e 10BD     		pop	{r4, pc}
 754              	.LVL54:
 755              	.L65:
 752:Drivers/STM32G4xx_HAL_Driver/Src/stm32g4xx_hal_flash_ex.c **** 
 756              		.loc 1 752 5 is_stmt 1 view .LVU222
 757 0010 074A     		ldr	r2, .L66
 758 0012 136A     		ldr	r3, [r2, #32]
 759 0014 23F0FF03 		bic	r3, r3, #255
 760 0018 2343     		orrs	r3, r3, r4
 761 001a 1362     		str	r3, [r2, #32]
 755:Drivers/STM32G4xx_HAL_Driver/Src/stm32g4xx_hal_flash_ex.c **** 
 762              		.loc 1 755 5 view .LVU223
 763 001c 5369     		ldr	r3, [r2, #20]
 764 001e 43F40033 		orr	r3, r3, #131072
 765 0022 5361     		str	r3, [r2, #20]
 758:Drivers/STM32G4xx_HAL_Driver/Src/stm32g4xx_hal_flash_ex.c ****   }
 766              		.loc 1 758 5 view .LVU224
ARM GAS  /tmp/cceEh1js.s 			page 41


 758:Drivers/STM32G4xx_HAL_Driver/Src/stm32g4xx_hal_flash_ex.c ****   }
 767              		.loc 1 758 14 is_stmt 0 view .LVU225
 768 0024 4FF47A70 		mov	r0, #1000
 769 0028 FFF7FEFF 		bl	FLASH_WaitForLastOperation
 770              	.LVL55:
 771 002c EFE7     		b	.L63
 772              	.L67:
 773 002e 00BF     		.align	2
 774              	.L66:
 775 0030 00200240 		.word	1073881088
 776              		.cfi_endproc
 777              	.LFE340:
 779              		.section	.text.FLASH_OB_UserConfig,"ax",%progbits
 780              		.align	1
 781              		.syntax unified
 782              		.thumb
 783              		.thumb_func
 785              	FLASH_OB_UserConfig:
 786              	.LVL56:
 787              	.LFB341:
 787:Drivers/STM32G4xx_HAL_Driver/Src/stm32g4xx_hal_flash_ex.c ****   uint32_t optr_reg_val = 0;
 788              		.loc 1 787 1 is_stmt 1 view -0
 789              		.cfi_startproc
 790              		@ args = 0, pretend = 0, frame = 0
 791              		@ frame_needed = 0, uses_anonymous_args = 0
 787:Drivers/STM32G4xx_HAL_Driver/Src/stm32g4xx_hal_flash_ex.c ****   uint32_t optr_reg_val = 0;
 792              		.loc 1 787 1 is_stmt 0 view .LVU227
 793 0000 38B5     		push	{r3, r4, r5, lr}
 794              	.LCFI3:
 795              		.cfi_def_cfa_offset 16
 796              		.cfi_offset 3, -16
 797              		.cfi_offset 4, -12
 798              		.cfi_offset 5, -8
 799              		.cfi_offset 14, -4
 800 0002 0446     		mov	r4, r0
 801 0004 0D46     		mov	r5, r1
 788:Drivers/STM32G4xx_HAL_Driver/Src/stm32g4xx_hal_flash_ex.c ****   uint32_t optr_reg_mask = 0;
 802              		.loc 1 788 3 is_stmt 1 view .LVU228
 803              	.LVL57:
 789:Drivers/STM32G4xx_HAL_Driver/Src/stm32g4xx_hal_flash_ex.c ****   HAL_StatusTypeDef status;
 804              		.loc 1 789 3 view .LVU229
 790:Drivers/STM32G4xx_HAL_Driver/Src/stm32g4xx_hal_flash_ex.c **** 
 805              		.loc 1 790 3 view .LVU230
 793:Drivers/STM32G4xx_HAL_Driver/Src/stm32g4xx_hal_flash_ex.c **** 
 806              		.loc 1 793 3 view .LVU231
 796:Drivers/STM32G4xx_HAL_Driver/Src/stm32g4xx_hal_flash_ex.c **** 
 807              		.loc 1 796 3 view .LVU232
 796:Drivers/STM32G4xx_HAL_Driver/Src/stm32g4xx_hal_flash_ex.c **** 
 808              		.loc 1 796 12 is_stmt 0 view .LVU233
 809 0006 4FF47A70 		mov	r0, #1000
 810              	.LVL58:
 796:Drivers/STM32G4xx_HAL_Driver/Src/stm32g4xx_hal_flash_ex.c **** 
 811              		.loc 1 796 12 view .LVU234
 812 000a FFF7FEFF 		bl	FLASH_WaitForLastOperation
 813              	.LVL59:
 798:Drivers/STM32G4xx_HAL_Driver/Src/stm32g4xx_hal_flash_ex.c ****   {
 814              		.loc 1 798 3 is_stmt 1 view .LVU235
ARM GAS  /tmp/cceEh1js.s 			page 42


 798:Drivers/STM32G4xx_HAL_Driver/Src/stm32g4xx_hal_flash_ex.c ****   {
 815              		.loc 1 798 6 is_stmt 0 view .LVU236
 816 000e 0028     		cmp	r0, #0
 817 0010 40F08E80 		bne	.L69
 812:Drivers/STM32G4xx_HAL_Driver/Src/stm32g4xx_hal_flash_ex.c ****     {
 818              		.loc 1 812 5 is_stmt 1 view .LVU237
 812:Drivers/STM32G4xx_HAL_Driver/Src/stm32g4xx_hal_flash_ex.c ****     {
 819              		.loc 1 812 8 is_stmt 0 view .LVU238
 820 0014 14F00103 		ands	r3, r4, #1
 821 0018 00F08B80 		beq	.L86
 815:Drivers/STM32G4xx_HAL_Driver/Src/stm32g4xx_hal_flash_ex.c **** 
 822              		.loc 1 815 7 is_stmt 1 view .LVU239
 818:Drivers/STM32G4xx_HAL_Driver/Src/stm32g4xx_hal_flash_ex.c ****       optr_reg_mask |= FLASH_OPTR_BOR_LEV;
 823              		.loc 1 818 7 view .LVU240
 818:Drivers/STM32G4xx_HAL_Driver/Src/stm32g4xx_hal_flash_ex.c ****       optr_reg_mask |= FLASH_OPTR_BOR_LEV;
 824              		.loc 1 818 35 is_stmt 0 view .LVU241
 825 001c 05F4E063 		and	r3, r5, #1792
 826              	.LVL60:
 819:Drivers/STM32G4xx_HAL_Driver/Src/stm32g4xx_hal_flash_ex.c ****     }
 827              		.loc 1 819 7 is_stmt 1 view .LVU242
 819:Drivers/STM32G4xx_HAL_Driver/Src/stm32g4xx_hal_flash_ex.c ****     }
 828              		.loc 1 819 21 is_stmt 0 view .LVU243
 829 0020 4FF4E062 		mov	r2, #1792
 830              	.LVL61:
 831              	.L70:
 822:Drivers/STM32G4xx_HAL_Driver/Src/stm32g4xx_hal_flash_ex.c ****     {
 832              		.loc 1 822 5 is_stmt 1 view .LVU244
 822:Drivers/STM32G4xx_HAL_Driver/Src/stm32g4xx_hal_flash_ex.c ****     {
 833              		.loc 1 822 8 is_stmt 0 view .LVU245
 834 0024 14F0020F 		tst	r4, #2
 835 0028 04D0     		beq	.L71
 825:Drivers/STM32G4xx_HAL_Driver/Src/stm32g4xx_hal_flash_ex.c **** 
 836              		.loc 1 825 7 is_stmt 1 view .LVU246
 828:Drivers/STM32G4xx_HAL_Driver/Src/stm32g4xx_hal_flash_ex.c ****       optr_reg_mask |= FLASH_OPTR_nRST_STOP;
 837              		.loc 1 828 7 view .LVU247
 828:Drivers/STM32G4xx_HAL_Driver/Src/stm32g4xx_hal_flash_ex.c ****       optr_reg_mask |= FLASH_OPTR_nRST_STOP;
 838              		.loc 1 828 35 is_stmt 0 view .LVU248
 839 002a 05F48051 		and	r1, r5, #4096
 828:Drivers/STM32G4xx_HAL_Driver/Src/stm32g4xx_hal_flash_ex.c ****       optr_reg_mask |= FLASH_OPTR_nRST_STOP;
 840              		.loc 1 828 20 view .LVU249
 841 002e 0B43     		orrs	r3, r3, r1
 842              	.LVL62:
 829:Drivers/STM32G4xx_HAL_Driver/Src/stm32g4xx_hal_flash_ex.c ****     }
 843              		.loc 1 829 7 is_stmt 1 view .LVU250
 829:Drivers/STM32G4xx_HAL_Driver/Src/stm32g4xx_hal_flash_ex.c ****     }
 844              		.loc 1 829 21 is_stmt 0 view .LVU251
 845 0030 42F48052 		orr	r2, r2, #4096
 846              	.LVL63:
 847              	.L71:
 832:Drivers/STM32G4xx_HAL_Driver/Src/stm32g4xx_hal_flash_ex.c ****     {
 848              		.loc 1 832 5 is_stmt 1 view .LVU252
 832:Drivers/STM32G4xx_HAL_Driver/Src/stm32g4xx_hal_flash_ex.c ****     {
 849              		.loc 1 832 8 is_stmt 0 view .LVU253
 850 0034 14F0040F 		tst	r4, #4
 851 0038 04D0     		beq	.L72
 835:Drivers/STM32G4xx_HAL_Driver/Src/stm32g4xx_hal_flash_ex.c **** 
 852              		.loc 1 835 7 is_stmt 1 view .LVU254
ARM GAS  /tmp/cceEh1js.s 			page 43


 838:Drivers/STM32G4xx_HAL_Driver/Src/stm32g4xx_hal_flash_ex.c ****       optr_reg_mask |= FLASH_OPTR_nRST_STDBY;
 853              		.loc 1 838 7 view .LVU255
 838:Drivers/STM32G4xx_HAL_Driver/Src/stm32g4xx_hal_flash_ex.c ****       optr_reg_mask |= FLASH_OPTR_nRST_STDBY;
 854              		.loc 1 838 35 is_stmt 0 view .LVU256
 855 003a 05F40051 		and	r1, r5, #8192
 838:Drivers/STM32G4xx_HAL_Driver/Src/stm32g4xx_hal_flash_ex.c ****       optr_reg_mask |= FLASH_OPTR_nRST_STDBY;
 856              		.loc 1 838 20 view .LVU257
 857 003e 0B43     		orrs	r3, r3, r1
 858              	.LVL64:
 839:Drivers/STM32G4xx_HAL_Driver/Src/stm32g4xx_hal_flash_ex.c ****     }
 859              		.loc 1 839 7 is_stmt 1 view .LVU258
 839:Drivers/STM32G4xx_HAL_Driver/Src/stm32g4xx_hal_flash_ex.c ****     }
 860              		.loc 1 839 21 is_stmt 0 view .LVU259
 861 0040 42F40052 		orr	r2, r2, #8192
 862              	.LVL65:
 863              	.L72:
 842:Drivers/STM32G4xx_HAL_Driver/Src/stm32g4xx_hal_flash_ex.c ****     {
 864              		.loc 1 842 5 is_stmt 1 view .LVU260
 842:Drivers/STM32G4xx_HAL_Driver/Src/stm32g4xx_hal_flash_ex.c ****     {
 865              		.loc 1 842 8 is_stmt 0 view .LVU261
 866 0044 14F4805F 		tst	r4, #4096
 867 0048 04D0     		beq	.L73
 845:Drivers/STM32G4xx_HAL_Driver/Src/stm32g4xx_hal_flash_ex.c **** 
 868              		.loc 1 845 7 is_stmt 1 view .LVU262
 848:Drivers/STM32G4xx_HAL_Driver/Src/stm32g4xx_hal_flash_ex.c ****       optr_reg_mask |= FLASH_OPTR_nRST_SHDW;
 869              		.loc 1 848 7 view .LVU263
 848:Drivers/STM32G4xx_HAL_Driver/Src/stm32g4xx_hal_flash_ex.c ****       optr_reg_mask |= FLASH_OPTR_nRST_SHDW;
 870              		.loc 1 848 35 is_stmt 0 view .LVU264
 871 004a 05F48041 		and	r1, r5, #16384
 848:Drivers/STM32G4xx_HAL_Driver/Src/stm32g4xx_hal_flash_ex.c ****       optr_reg_mask |= FLASH_OPTR_nRST_SHDW;
 872              		.loc 1 848 20 view .LVU265
 873 004e 0B43     		orrs	r3, r3, r1
 874              	.LVL66:
 849:Drivers/STM32G4xx_HAL_Driver/Src/stm32g4xx_hal_flash_ex.c ****     }
 875              		.loc 1 849 7 is_stmt 1 view .LVU266
 849:Drivers/STM32G4xx_HAL_Driver/Src/stm32g4xx_hal_flash_ex.c ****     }
 876              		.loc 1 849 21 is_stmt 0 view .LVU267
 877 0050 42F48042 		orr	r2, r2, #16384
 878              	.LVL67:
 879              	.L73:
 852:Drivers/STM32G4xx_HAL_Driver/Src/stm32g4xx_hal_flash_ex.c ****     {
 880              		.loc 1 852 5 is_stmt 1 view .LVU268
 852:Drivers/STM32G4xx_HAL_Driver/Src/stm32g4xx_hal_flash_ex.c ****     {
 881              		.loc 1 852 8 is_stmt 0 view .LVU269
 882 0054 14F0080F 		tst	r4, #8
 883 0058 04D0     		beq	.L74
 855:Drivers/STM32G4xx_HAL_Driver/Src/stm32g4xx_hal_flash_ex.c **** 
 884              		.loc 1 855 7 is_stmt 1 view .LVU270
 858:Drivers/STM32G4xx_HAL_Driver/Src/stm32g4xx_hal_flash_ex.c ****       optr_reg_mask |= FLASH_OPTR_IWDG_SW;
 885              		.loc 1 858 7 view .LVU271
 858:Drivers/STM32G4xx_HAL_Driver/Src/stm32g4xx_hal_flash_ex.c ****       optr_reg_mask |= FLASH_OPTR_IWDG_SW;
 886              		.loc 1 858 35 is_stmt 0 view .LVU272
 887 005a 05F48031 		and	r1, r5, #65536
 858:Drivers/STM32G4xx_HAL_Driver/Src/stm32g4xx_hal_flash_ex.c ****       optr_reg_mask |= FLASH_OPTR_IWDG_SW;
 888              		.loc 1 858 20 view .LVU273
 889 005e 0B43     		orrs	r3, r3, r1
 890              	.LVL68:
ARM GAS  /tmp/cceEh1js.s 			page 44


 859:Drivers/STM32G4xx_HAL_Driver/Src/stm32g4xx_hal_flash_ex.c ****     }
 891              		.loc 1 859 7 is_stmt 1 view .LVU274
 859:Drivers/STM32G4xx_HAL_Driver/Src/stm32g4xx_hal_flash_ex.c ****     }
 892              		.loc 1 859 21 is_stmt 0 view .LVU275
 893 0060 42F48032 		orr	r2, r2, #65536
 894              	.LVL69:
 895              	.L74:
 862:Drivers/STM32G4xx_HAL_Driver/Src/stm32g4xx_hal_flash_ex.c ****     {
 896              		.loc 1 862 5 is_stmt 1 view .LVU276
 862:Drivers/STM32G4xx_HAL_Driver/Src/stm32g4xx_hal_flash_ex.c ****     {
 897              		.loc 1 862 8 is_stmt 0 view .LVU277
 898 0064 14F0100F 		tst	r4, #16
 899 0068 04D0     		beq	.L75
 865:Drivers/STM32G4xx_HAL_Driver/Src/stm32g4xx_hal_flash_ex.c **** 
 900              		.loc 1 865 7 is_stmt 1 view .LVU278
 868:Drivers/STM32G4xx_HAL_Driver/Src/stm32g4xx_hal_flash_ex.c ****       optr_reg_mask |= FLASH_OPTR_IWDG_STOP;
 901              		.loc 1 868 7 view .LVU279
 868:Drivers/STM32G4xx_HAL_Driver/Src/stm32g4xx_hal_flash_ex.c ****       optr_reg_mask |= FLASH_OPTR_IWDG_STOP;
 902              		.loc 1 868 35 is_stmt 0 view .LVU280
 903 006a 05F40031 		and	r1, r5, #131072
 868:Drivers/STM32G4xx_HAL_Driver/Src/stm32g4xx_hal_flash_ex.c ****       optr_reg_mask |= FLASH_OPTR_IWDG_STOP;
 904              		.loc 1 868 20 view .LVU281
 905 006e 0B43     		orrs	r3, r3, r1
 906              	.LVL70:
 869:Drivers/STM32G4xx_HAL_Driver/Src/stm32g4xx_hal_flash_ex.c ****     }
 907              		.loc 1 869 7 is_stmt 1 view .LVU282
 869:Drivers/STM32G4xx_HAL_Driver/Src/stm32g4xx_hal_flash_ex.c ****     }
 908              		.loc 1 869 21 is_stmt 0 view .LVU283
 909 0070 42F40032 		orr	r2, r2, #131072
 910              	.LVL71:
 911              	.L75:
 872:Drivers/STM32G4xx_HAL_Driver/Src/stm32g4xx_hal_flash_ex.c ****     {
 912              		.loc 1 872 5 is_stmt 1 view .LVU284
 872:Drivers/STM32G4xx_HAL_Driver/Src/stm32g4xx_hal_flash_ex.c ****     {
 913              		.loc 1 872 8 is_stmt 0 view .LVU285
 914 0074 14F0200F 		tst	r4, #32
 915 0078 04D0     		beq	.L76
 875:Drivers/STM32G4xx_HAL_Driver/Src/stm32g4xx_hal_flash_ex.c **** 
 916              		.loc 1 875 7 is_stmt 1 view .LVU286
 878:Drivers/STM32G4xx_HAL_Driver/Src/stm32g4xx_hal_flash_ex.c ****       optr_reg_mask |= FLASH_OPTR_IWDG_STDBY;
 917              		.loc 1 878 7 view .LVU287
 878:Drivers/STM32G4xx_HAL_Driver/Src/stm32g4xx_hal_flash_ex.c ****       optr_reg_mask |= FLASH_OPTR_IWDG_STDBY;
 918              		.loc 1 878 35 is_stmt 0 view .LVU288
 919 007a 05F48021 		and	r1, r5, #262144
 878:Drivers/STM32G4xx_HAL_Driver/Src/stm32g4xx_hal_flash_ex.c ****       optr_reg_mask |= FLASH_OPTR_IWDG_STDBY;
 920              		.loc 1 878 20 view .LVU289
 921 007e 0B43     		orrs	r3, r3, r1
 922              	.LVL72:
 879:Drivers/STM32G4xx_HAL_Driver/Src/stm32g4xx_hal_flash_ex.c ****     }
 923              		.loc 1 879 7 is_stmt 1 view .LVU290
 879:Drivers/STM32G4xx_HAL_Driver/Src/stm32g4xx_hal_flash_ex.c ****     }
 924              		.loc 1 879 21 is_stmt 0 view .LVU291
 925 0080 42F48022 		orr	r2, r2, #262144
 926              	.LVL73:
 927              	.L76:
 882:Drivers/STM32G4xx_HAL_Driver/Src/stm32g4xx_hal_flash_ex.c ****     {
 928              		.loc 1 882 5 is_stmt 1 view .LVU292
ARM GAS  /tmp/cceEh1js.s 			page 45


 882:Drivers/STM32G4xx_HAL_Driver/Src/stm32g4xx_hal_flash_ex.c ****     {
 929              		.loc 1 882 8 is_stmt 0 view .LVU293
 930 0084 14F0400F 		tst	r4, #64
 931 0088 04D0     		beq	.L77
 885:Drivers/STM32G4xx_HAL_Driver/Src/stm32g4xx_hal_flash_ex.c **** 
 932              		.loc 1 885 7 is_stmt 1 view .LVU294
 888:Drivers/STM32G4xx_HAL_Driver/Src/stm32g4xx_hal_flash_ex.c ****       optr_reg_mask |= FLASH_OPTR_WWDG_SW;
 933              		.loc 1 888 7 view .LVU295
 888:Drivers/STM32G4xx_HAL_Driver/Src/stm32g4xx_hal_flash_ex.c ****       optr_reg_mask |= FLASH_OPTR_WWDG_SW;
 934              		.loc 1 888 35 is_stmt 0 view .LVU296
 935 008a 05F40021 		and	r1, r5, #524288
 888:Drivers/STM32G4xx_HAL_Driver/Src/stm32g4xx_hal_flash_ex.c ****       optr_reg_mask |= FLASH_OPTR_WWDG_SW;
 936              		.loc 1 888 20 view .LVU297
 937 008e 0B43     		orrs	r3, r3, r1
 938              	.LVL74:
 889:Drivers/STM32G4xx_HAL_Driver/Src/stm32g4xx_hal_flash_ex.c ****     }
 939              		.loc 1 889 7 is_stmt 1 view .LVU298
 889:Drivers/STM32G4xx_HAL_Driver/Src/stm32g4xx_hal_flash_ex.c ****     }
 940              		.loc 1 889 21 is_stmt 0 view .LVU299
 941 0090 42F40022 		orr	r2, r2, #524288
 942              	.LVL75:
 943              	.L77:
 893:Drivers/STM32G4xx_HAL_Driver/Src/stm32g4xx_hal_flash_ex.c ****     {
 944              		.loc 1 893 5 is_stmt 1 view .LVU300
 893:Drivers/STM32G4xx_HAL_Driver/Src/stm32g4xx_hal_flash_ex.c ****     {
 945              		.loc 1 893 8 is_stmt 0 view .LVU301
 946 0094 14F0800F 		tst	r4, #128
 947 0098 04D0     		beq	.L78
 896:Drivers/STM32G4xx_HAL_Driver/Src/stm32g4xx_hal_flash_ex.c **** 
 948              		.loc 1 896 7 is_stmt 1 view .LVU302
 899:Drivers/STM32G4xx_HAL_Driver/Src/stm32g4xx_hal_flash_ex.c ****       optr_reg_mask |= FLASH_OPTR_BFB2;
 949              		.loc 1 899 7 view .LVU303
 899:Drivers/STM32G4xx_HAL_Driver/Src/stm32g4xx_hal_flash_ex.c ****       optr_reg_mask |= FLASH_OPTR_BFB2;
 950              		.loc 1 899 35 is_stmt 0 view .LVU304
 951 009a 05F48011 		and	r1, r5, #1048576
 899:Drivers/STM32G4xx_HAL_Driver/Src/stm32g4xx_hal_flash_ex.c ****       optr_reg_mask |= FLASH_OPTR_BFB2;
 952              		.loc 1 899 20 view .LVU305
 953 009e 0B43     		orrs	r3, r3, r1
 954              	.LVL76:
 900:Drivers/STM32G4xx_HAL_Driver/Src/stm32g4xx_hal_flash_ex.c ****     }
 955              		.loc 1 900 7 is_stmt 1 view .LVU306
 900:Drivers/STM32G4xx_HAL_Driver/Src/stm32g4xx_hal_flash_ex.c ****     }
 956              		.loc 1 900 21 is_stmt 0 view .LVU307
 957 00a0 42F48012 		orr	r2, r2, #1048576
 958              	.LVL77:
 959              	.L78:
 904:Drivers/STM32G4xx_HAL_Driver/Src/stm32g4xx_hal_flash_ex.c ****     {
 960              		.loc 1 904 5 is_stmt 1 view .LVU308
 904:Drivers/STM32G4xx_HAL_Driver/Src/stm32g4xx_hal_flash_ex.c ****     {
 961              		.loc 1 904 8 is_stmt 0 view .LVU309
 962 00a4 14F4007F 		tst	r4, #512
 963 00a8 04D0     		beq	.L79
 907:Drivers/STM32G4xx_HAL_Driver/Src/stm32g4xx_hal_flash_ex.c **** 
 964              		.loc 1 907 7 is_stmt 1 view .LVU310
 910:Drivers/STM32G4xx_HAL_Driver/Src/stm32g4xx_hal_flash_ex.c ****       optr_reg_mask |= FLASH_OPTR_nBOOT1;
 965              		.loc 1 910 7 view .LVU311
 910:Drivers/STM32G4xx_HAL_Driver/Src/stm32g4xx_hal_flash_ex.c ****       optr_reg_mask |= FLASH_OPTR_nBOOT1;
ARM GAS  /tmp/cceEh1js.s 			page 46


 966              		.loc 1 910 35 is_stmt 0 view .LVU312
 967 00aa 05F40001 		and	r1, r5, #8388608
 910:Drivers/STM32G4xx_HAL_Driver/Src/stm32g4xx_hal_flash_ex.c ****       optr_reg_mask |= FLASH_OPTR_nBOOT1;
 968              		.loc 1 910 20 view .LVU313
 969 00ae 0B43     		orrs	r3, r3, r1
 970              	.LVL78:
 911:Drivers/STM32G4xx_HAL_Driver/Src/stm32g4xx_hal_flash_ex.c ****     }
 971              		.loc 1 911 7 is_stmt 1 view .LVU314
 911:Drivers/STM32G4xx_HAL_Driver/Src/stm32g4xx_hal_flash_ex.c ****     }
 972              		.loc 1 911 21 is_stmt 0 view .LVU315
 973 00b0 42F40002 		orr	r2, r2, #8388608
 974              	.LVL79:
 975              	.L79:
 914:Drivers/STM32G4xx_HAL_Driver/Src/stm32g4xx_hal_flash_ex.c ****     {
 976              		.loc 1 914 5 is_stmt 1 view .LVU316
 914:Drivers/STM32G4xx_HAL_Driver/Src/stm32g4xx_hal_flash_ex.c ****     {
 977              		.loc 1 914 8 is_stmt 0 view .LVU317
 978 00b4 14F4806F 		tst	r4, #1024
 979 00b8 04D0     		beq	.L80
 917:Drivers/STM32G4xx_HAL_Driver/Src/stm32g4xx_hal_flash_ex.c **** 
 980              		.loc 1 917 7 is_stmt 1 view .LVU318
 920:Drivers/STM32G4xx_HAL_Driver/Src/stm32g4xx_hal_flash_ex.c ****       optr_reg_mask |= FLASH_OPTR_SRAM_PE;
 981              		.loc 1 920 7 view .LVU319
 920:Drivers/STM32G4xx_HAL_Driver/Src/stm32g4xx_hal_flash_ex.c ****       optr_reg_mask |= FLASH_OPTR_SRAM_PE;
 982              		.loc 1 920 35 is_stmt 0 view .LVU320
 983 00ba 05F08071 		and	r1, r5, #16777216
 920:Drivers/STM32G4xx_HAL_Driver/Src/stm32g4xx_hal_flash_ex.c ****       optr_reg_mask |= FLASH_OPTR_SRAM_PE;
 984              		.loc 1 920 20 view .LVU321
 985 00be 0B43     		orrs	r3, r3, r1
 986              	.LVL80:
 921:Drivers/STM32G4xx_HAL_Driver/Src/stm32g4xx_hal_flash_ex.c ****     }
 987              		.loc 1 921 7 is_stmt 1 view .LVU322
 921:Drivers/STM32G4xx_HAL_Driver/Src/stm32g4xx_hal_flash_ex.c ****     }
 988              		.loc 1 921 21 is_stmt 0 view .LVU323
 989 00c0 42F08072 		orr	r2, r2, #16777216
 990              	.LVL81:
 991              	.L80:
 923:Drivers/STM32G4xx_HAL_Driver/Src/stm32g4xx_hal_flash_ex.c ****     {
 992              		.loc 1 923 5 is_stmt 1 view .LVU324
 923:Drivers/STM32G4xx_HAL_Driver/Src/stm32g4xx_hal_flash_ex.c ****     {
 993              		.loc 1 923 8 is_stmt 0 view .LVU325
 994 00c4 14F4006F 		tst	r4, #2048
 995 00c8 04D0     		beq	.L81
 926:Drivers/STM32G4xx_HAL_Driver/Src/stm32g4xx_hal_flash_ex.c **** 
 996              		.loc 1 926 7 is_stmt 1 view .LVU326
 929:Drivers/STM32G4xx_HAL_Driver/Src/stm32g4xx_hal_flash_ex.c ****       optr_reg_mask |= FLASH_OPTR_CCMSRAM_RST;
 997              		.loc 1 929 7 view .LVU327
 929:Drivers/STM32G4xx_HAL_Driver/Src/stm32g4xx_hal_flash_ex.c ****       optr_reg_mask |= FLASH_OPTR_CCMSRAM_RST;
 998              		.loc 1 929 35 is_stmt 0 view .LVU328
 999 00ca 05F00071 		and	r1, r5, #33554432
 929:Drivers/STM32G4xx_HAL_Driver/Src/stm32g4xx_hal_flash_ex.c ****       optr_reg_mask |= FLASH_OPTR_CCMSRAM_RST;
 1000              		.loc 1 929 20 view .LVU329
 1001 00ce 0B43     		orrs	r3, r3, r1
 1002              	.LVL82:
 930:Drivers/STM32G4xx_HAL_Driver/Src/stm32g4xx_hal_flash_ex.c ****     }
 1003              		.loc 1 930 7 is_stmt 1 view .LVU330
 930:Drivers/STM32G4xx_HAL_Driver/Src/stm32g4xx_hal_flash_ex.c ****     }
ARM GAS  /tmp/cceEh1js.s 			page 47


 1004              		.loc 1 930 21 is_stmt 0 view .LVU331
 1005 00d0 42F00072 		orr	r2, r2, #33554432
 1006              	.LVL83:
 1007              	.L81:
 932:Drivers/STM32G4xx_HAL_Driver/Src/stm32g4xx_hal_flash_ex.c ****     {
 1008              		.loc 1 932 5 is_stmt 1 view .LVU332
 932:Drivers/STM32G4xx_HAL_Driver/Src/stm32g4xx_hal_flash_ex.c ****     {
 1009              		.loc 1 932 8 is_stmt 0 view .LVU333
 1010 00d4 14F4005F 		tst	r4, #8192
 1011 00d8 04D0     		beq	.L82
 935:Drivers/STM32G4xx_HAL_Driver/Src/stm32g4xx_hal_flash_ex.c **** 
 1012              		.loc 1 935 7 is_stmt 1 view .LVU334
 938:Drivers/STM32G4xx_HAL_Driver/Src/stm32g4xx_hal_flash_ex.c ****       optr_reg_mask |= FLASH_OPTR_nSWBOOT0;
 1013              		.loc 1 938 7 view .LVU335
 938:Drivers/STM32G4xx_HAL_Driver/Src/stm32g4xx_hal_flash_ex.c ****       optr_reg_mask |= FLASH_OPTR_nSWBOOT0;
 1014              		.loc 1 938 35 is_stmt 0 view .LVU336
 1015 00da 05F08061 		and	r1, r5, #67108864
 938:Drivers/STM32G4xx_HAL_Driver/Src/stm32g4xx_hal_flash_ex.c ****       optr_reg_mask |= FLASH_OPTR_nSWBOOT0;
 1016              		.loc 1 938 20 view .LVU337
 1017 00de 0B43     		orrs	r3, r3, r1
 1018              	.LVL84:
 939:Drivers/STM32G4xx_HAL_Driver/Src/stm32g4xx_hal_flash_ex.c ****     }
 1019              		.loc 1 939 7 is_stmt 1 view .LVU338
 939:Drivers/STM32G4xx_HAL_Driver/Src/stm32g4xx_hal_flash_ex.c ****     }
 1020              		.loc 1 939 21 is_stmt 0 view .LVU339
 1021 00e0 42F08062 		orr	r2, r2, #67108864
 1022              	.LVL85:
 1023              	.L82:
 942:Drivers/STM32G4xx_HAL_Driver/Src/stm32g4xx_hal_flash_ex.c ****     {
 1024              		.loc 1 942 5 is_stmt 1 view .LVU340
 942:Drivers/STM32G4xx_HAL_Driver/Src/stm32g4xx_hal_flash_ex.c ****     {
 1025              		.loc 1 942 8 is_stmt 0 view .LVU341
 1026 00e4 14F4804F 		tst	r4, #16384
 1027 00e8 04D0     		beq	.L83
 945:Drivers/STM32G4xx_HAL_Driver/Src/stm32g4xx_hal_flash_ex.c **** 
 1028              		.loc 1 945 7 is_stmt 1 view .LVU342
 948:Drivers/STM32G4xx_HAL_Driver/Src/stm32g4xx_hal_flash_ex.c ****       optr_reg_mask |= FLASH_OPTR_nBOOT0;
 1029              		.loc 1 948 7 view .LVU343
 948:Drivers/STM32G4xx_HAL_Driver/Src/stm32g4xx_hal_flash_ex.c ****       optr_reg_mask |= FLASH_OPTR_nBOOT0;
 1030              		.loc 1 948 35 is_stmt 0 view .LVU344
 1031 00ea 05F00061 		and	r1, r5, #134217728
 948:Drivers/STM32G4xx_HAL_Driver/Src/stm32g4xx_hal_flash_ex.c ****       optr_reg_mask |= FLASH_OPTR_nBOOT0;
 1032              		.loc 1 948 20 view .LVU345
 1033 00ee 0B43     		orrs	r3, r3, r1
 1034              	.LVL86:
 949:Drivers/STM32G4xx_HAL_Driver/Src/stm32g4xx_hal_flash_ex.c ****     }
 1035              		.loc 1 949 7 is_stmt 1 view .LVU346
 949:Drivers/STM32G4xx_HAL_Driver/Src/stm32g4xx_hal_flash_ex.c ****     }
 1036              		.loc 1 949 21 is_stmt 0 view .LVU347
 1037 00f0 42F00062 		orr	r2, r2, #134217728
 1038              	.LVL87:
 1039              	.L83:
 952:Drivers/STM32G4xx_HAL_Driver/Src/stm32g4xx_hal_flash_ex.c ****     {
 1040              		.loc 1 952 5 is_stmt 1 view .LVU348
 952:Drivers/STM32G4xx_HAL_Driver/Src/stm32g4xx_hal_flash_ex.c ****     {
 1041              		.loc 1 952 8 is_stmt 0 view .LVU349
 1042 00f4 14F4004F 		tst	r4, #32768
ARM GAS  /tmp/cceEh1js.s 			page 48


 1043 00f8 04D0     		beq	.L84
 955:Drivers/STM32G4xx_HAL_Driver/Src/stm32g4xx_hal_flash_ex.c **** 
 1044              		.loc 1 955 7 is_stmt 1 view .LVU350
 958:Drivers/STM32G4xx_HAL_Driver/Src/stm32g4xx_hal_flash_ex.c ****       optr_reg_mask |= FLASH_OPTR_NRST_MODE;
 1045              		.loc 1 958 7 view .LVU351
 958:Drivers/STM32G4xx_HAL_Driver/Src/stm32g4xx_hal_flash_ex.c ****       optr_reg_mask |= FLASH_OPTR_NRST_MODE;
 1046              		.loc 1 958 35 is_stmt 0 view .LVU352
 1047 00fa 05F04051 		and	r1, r5, #805306368
 958:Drivers/STM32G4xx_HAL_Driver/Src/stm32g4xx_hal_flash_ex.c ****       optr_reg_mask |= FLASH_OPTR_NRST_MODE;
 1048              		.loc 1 958 20 view .LVU353
 1049 00fe 0B43     		orrs	r3, r3, r1
 1050              	.LVL88:
 959:Drivers/STM32G4xx_HAL_Driver/Src/stm32g4xx_hal_flash_ex.c ****     }
 1051              		.loc 1 959 7 is_stmt 1 view .LVU354
 959:Drivers/STM32G4xx_HAL_Driver/Src/stm32g4xx_hal_flash_ex.c ****     }
 1052              		.loc 1 959 21 is_stmt 0 view .LVU355
 1053 0100 42F04052 		orr	r2, r2, #805306368
 1054              	.LVL89:
 1055              	.L84:
 962:Drivers/STM32G4xx_HAL_Driver/Src/stm32g4xx_hal_flash_ex.c ****     {
 1056              		.loc 1 962 5 is_stmt 1 view .LVU356
 962:Drivers/STM32G4xx_HAL_Driver/Src/stm32g4xx_hal_flash_ex.c ****     {
 1057              		.loc 1 962 8 is_stmt 0 view .LVU357
 1058 0104 14F4803F 		tst	r4, #65536
 1059 0108 04D0     		beq	.L85
 965:Drivers/STM32G4xx_HAL_Driver/Src/stm32g4xx_hal_flash_ex.c **** 
 1060              		.loc 1 965 7 is_stmt 1 view .LVU358
 968:Drivers/STM32G4xx_HAL_Driver/Src/stm32g4xx_hal_flash_ex.c ****       optr_reg_mask |= FLASH_OPTR_IRHEN;
 1061              		.loc 1 968 7 view .LVU359
 968:Drivers/STM32G4xx_HAL_Driver/Src/stm32g4xx_hal_flash_ex.c ****       optr_reg_mask |= FLASH_OPTR_IRHEN;
 1062              		.loc 1 968 35 is_stmt 0 view .LVU360
 1063 010a 05F08045 		and	r5, r5, #1073741824
 1064              	.LVL90:
 968:Drivers/STM32G4xx_HAL_Driver/Src/stm32g4xx_hal_flash_ex.c ****       optr_reg_mask |= FLASH_OPTR_IRHEN;
 1065              		.loc 1 968 20 view .LVU361
 1066 010e 2B43     		orrs	r3, r3, r5
 1067              	.LVL91:
 969:Drivers/STM32G4xx_HAL_Driver/Src/stm32g4xx_hal_flash_ex.c ****     }
 1068              		.loc 1 969 7 is_stmt 1 view .LVU362
 969:Drivers/STM32G4xx_HAL_Driver/Src/stm32g4xx_hal_flash_ex.c ****     }
 1069              		.loc 1 969 21 is_stmt 0 view .LVU363
 1070 0110 42F08042 		orr	r2, r2, #1073741824
 1071              	.LVL92:
 1072              	.L85:
 973:Drivers/STM32G4xx_HAL_Driver/Src/stm32g4xx_hal_flash_ex.c **** 
 1073              		.loc 1 973 5 is_stmt 1 view .LVU364
 1074 0114 0848     		ldr	r0, .L88
 1075 0116 016A     		ldr	r1, [r0, #32]
 1076 0118 21EA0202 		bic	r2, r1, r2
 1077              	.LVL93:
 973:Drivers/STM32G4xx_HAL_Driver/Src/stm32g4xx_hal_flash_ex.c **** 
 1078              		.loc 1 973 5 is_stmt 0 view .LVU365
 1079 011c 1343     		orrs	r3, r3, r2
 1080              	.LVL94:
 973:Drivers/STM32G4xx_HAL_Driver/Src/stm32g4xx_hal_flash_ex.c **** 
 1081              		.loc 1 973 5 view .LVU366
 1082 011e 0362     		str	r3, [r0, #32]
ARM GAS  /tmp/cceEh1js.s 			page 49


 976:Drivers/STM32G4xx_HAL_Driver/Src/stm32g4xx_hal_flash_ex.c **** 
 1083              		.loc 1 976 5 is_stmt 1 view .LVU367
 1084 0120 4369     		ldr	r3, [r0, #20]
 1085 0122 43F40033 		orr	r3, r3, #131072
 1086 0126 4361     		str	r3, [r0, #20]
 979:Drivers/STM32G4xx_HAL_Driver/Src/stm32g4xx_hal_flash_ex.c ****   }
 1087              		.loc 1 979 5 view .LVU368
 979:Drivers/STM32G4xx_HAL_Driver/Src/stm32g4xx_hal_flash_ex.c ****   }
 1088              		.loc 1 979 14 is_stmt 0 view .LVU369
 1089 0128 4FF47A70 		mov	r0, #1000
 1090 012c FFF7FEFF 		bl	FLASH_WaitForLastOperation
 1091              	.LVL95:
 1092              	.L69:
 982:Drivers/STM32G4xx_HAL_Driver/Src/stm32g4xx_hal_flash_ex.c **** }
 1093              		.loc 1 982 3 is_stmt 1 view .LVU370
 983:Drivers/STM32G4xx_HAL_Driver/Src/stm32g4xx_hal_flash_ex.c **** 
 1094              		.loc 1 983 1 is_stmt 0 view .LVU371
 1095 0130 38BD     		pop	{r3, r4, r5, pc}
 1096              	.LVL96:
 1097              	.L86:
 789:Drivers/STM32G4xx_HAL_Driver/Src/stm32g4xx_hal_flash_ex.c ****   HAL_StatusTypeDef status;
 1098              		.loc 1 789 12 view .LVU372
 1099 0132 1A46     		mov	r2, r3
 1100 0134 76E7     		b	.L70
 1101              	.L89:
 1102 0136 00BF     		.align	2
 1103              	.L88:
 1104 0138 00200240 		.word	1073881088
 1105              		.cfi_endproc
 1106              	.LFE341:
 1108              		.section	.text.FLASH_OB_PCROPConfig,"ax",%progbits
 1109              		.align	1
 1110              		.syntax unified
 1111              		.thumb
 1112              		.thumb_func
 1114              	FLASH_OB_PCROPConfig:
 1115              	.LVL97:
 1116              	.LFB342:
1003:Drivers/STM32G4xx_HAL_Driver/Src/stm32g4xx_hal_flash_ex.c ****   HAL_StatusTypeDef status;
 1117              		.loc 1 1003 1 is_stmt 1 view -0
 1118              		.cfi_startproc
 1119              		@ args = 0, pretend = 0, frame = 0
 1120              		@ frame_needed = 0, uses_anonymous_args = 0
1003:Drivers/STM32G4xx_HAL_Driver/Src/stm32g4xx_hal_flash_ex.c ****   HAL_StatusTypeDef status;
 1121              		.loc 1 1003 1 is_stmt 0 view .LVU374
 1122 0000 70B5     		push	{r4, r5, r6, lr}
 1123              	.LCFI4:
 1124              		.cfi_def_cfa_offset 16
 1125              		.cfi_offset 4, -16
 1126              		.cfi_offset 5, -12
 1127              		.cfi_offset 6, -8
 1128              		.cfi_offset 14, -4
 1129 0002 0446     		mov	r4, r0
 1130 0004 0D46     		mov	r5, r1
 1131 0006 1646     		mov	r6, r2
1004:Drivers/STM32G4xx_HAL_Driver/Src/stm32g4xx_hal_flash_ex.c ****   uint32_t reg_value;
 1132              		.loc 1 1004 3 is_stmt 1 view .LVU375
ARM GAS  /tmp/cceEh1js.s 			page 50


1005:Drivers/STM32G4xx_HAL_Driver/Src/stm32g4xx_hal_flash_ex.c ****   uint32_t bank1_addr;
 1133              		.loc 1 1005 3 view .LVU376
1006:Drivers/STM32G4xx_HAL_Driver/Src/stm32g4xx_hal_flash_ex.c **** #if defined (FLASH_OPTR_DBANK)
 1134              		.loc 1 1006 3 view .LVU377
1008:Drivers/STM32G4xx_HAL_Driver/Src/stm32g4xx_hal_flash_ex.c **** #endif
 1135              		.loc 1 1008 3 view .LVU378
1012:Drivers/STM32G4xx_HAL_Driver/Src/stm32g4xx_hal_flash_ex.c ****   assert_param(IS_OB_PCROP_RDP(PCROPConfig & FLASH_PCROP1ER_PCROP_RDP));
 1136              		.loc 1 1012 3 view .LVU379
1013:Drivers/STM32G4xx_HAL_Driver/Src/stm32g4xx_hal_flash_ex.c ****   assert_param(IS_FLASH_MAIN_MEM_ADDRESS(PCROPStartAddr));
 1137              		.loc 1 1013 3 view .LVU380
1014:Drivers/STM32G4xx_HAL_Driver/Src/stm32g4xx_hal_flash_ex.c ****   assert_param(IS_FLASH_MAIN_MEM_ADDRESS(PCROPEndAddr));
 1138              		.loc 1 1014 3 view .LVU381
1015:Drivers/STM32G4xx_HAL_Driver/Src/stm32g4xx_hal_flash_ex.c **** 
 1139              		.loc 1 1015 3 view .LVU382
1018:Drivers/STM32G4xx_HAL_Driver/Src/stm32g4xx_hal_flash_ex.c **** 
 1140              		.loc 1 1018 3 view .LVU383
1018:Drivers/STM32G4xx_HAL_Driver/Src/stm32g4xx_hal_flash_ex.c **** 
 1141              		.loc 1 1018 12 is_stmt 0 view .LVU384
 1142 0008 4FF47A70 		mov	r0, #1000
 1143              	.LVL98:
1018:Drivers/STM32G4xx_HAL_Driver/Src/stm32g4xx_hal_flash_ex.c **** 
 1144              		.loc 1 1018 12 view .LVU385
 1145 000c FFF7FEFF 		bl	FLASH_WaitForLastOperation
 1146              	.LVL99:
1020:Drivers/STM32G4xx_HAL_Driver/Src/stm32g4xx_hal_flash_ex.c ****   {
 1147              		.loc 1 1020 3 is_stmt 1 view .LVU386
1020:Drivers/STM32G4xx_HAL_Driver/Src/stm32g4xx_hal_flash_ex.c ****   {
 1148              		.loc 1 1020 6 is_stmt 0 view .LVU387
 1149 0010 80BB     		cbnz	r0, .L91
1024:Drivers/STM32G4xx_HAL_Driver/Src/stm32g4xx_hal_flash_ex.c ****     {
 1150              		.loc 1 1024 5 is_stmt 1 view .LVU388
1024:Drivers/STM32G4xx_HAL_Driver/Src/stm32g4xx_hal_flash_ex.c ****     {
 1151              		.loc 1 1024 9 is_stmt 0 view .LVU389
 1152 0012 4B4B     		ldr	r3, .L104
 1153 0014 1B68     		ldr	r3, [r3]
1024:Drivers/STM32G4xx_HAL_Driver/Src/stm32g4xx_hal_flash_ex.c ****     {
 1154              		.loc 1 1024 8 view .LVU390
 1155 0016 13F4807F 		tst	r3, #256
 1156 001a 2CD1     		bne	.L92
1026:Drivers/STM32G4xx_HAL_Driver/Src/stm32g4xx_hal_flash_ex.c ****       bank2_addr = FLASH_BASE + FLASH_BANK_SIZE;
 1157              		.loc 1 1026 7 is_stmt 1 view .LVU391
 1158              	.LVL100:
1027:Drivers/STM32G4xx_HAL_Driver/Src/stm32g4xx_hal_flash_ex.c ****     }
 1159              		.loc 1 1027 7 view .LVU392
1027:Drivers/STM32G4xx_HAL_Driver/Src/stm32g4xx_hal_flash_ex.c ****     }
 1160              		.loc 1 1027 33 is_stmt 0 view .LVU393
 1161 001c 494B     		ldr	r3, .L104+4
 1162 001e B3F8E020 		ldrh	r2, [r3, #224]
1027:Drivers/STM32G4xx_HAL_Driver/Src/stm32g4xx_hal_flash_ex.c ****     }
 1163              		.loc 1 1027 31 view .LVU394
 1164 0022 4FF6FF73 		movw	r3, #65535
 1165 0026 9A42     		cmp	r2, r3
 1166 0028 37D0     		beq	.L98
1027:Drivers/STM32G4xx_HAL_Driver/Src/stm32g4xx_hal_flash_ex.c ****     }
 1167              		.loc 1 1027 33 discriminator 1 view .LVU395
 1168 002a 474B     		ldr	r3, .L104+8
 1169 002c D3F8E035 		ldr	r3, [r3, #1504]
ARM GAS  /tmp/cceEh1js.s 			page 51


 1170 0030 464A     		ldr	r2, .L104+12
 1171 0032 02EA4322 		and	r2, r2, r3, lsl #9
1027:Drivers/STM32G4xx_HAL_Driver/Src/stm32g4xx_hal_flash_ex.c ****     }
 1172              		.loc 1 1027 18 discriminator 1 view .LVU396
 1173 0036 02F10062 		add	r2, r2, #134217728
 1174              	.LVL101:
1026:Drivers/STM32G4xx_HAL_Driver/Src/stm32g4xx_hal_flash_ex.c ****       bank2_addr = FLASH_BASE + FLASH_BANK_SIZE;
 1175              		.loc 1 1026 18 view .LVU397
 1176 003a 4FF00063 		mov	r3, #134217728
 1177              	.LVL102:
 1178              	.L93:
1039:Drivers/STM32G4xx_HAL_Driver/Src/stm32g4xx_hal_flash_ex.c ****     {
 1179              		.loc 1 1039 5 is_stmt 1 view .LVU398
1039:Drivers/STM32G4xx_HAL_Driver/Src/stm32g4xx_hal_flash_ex.c ****     {
 1180              		.loc 1 1039 9 is_stmt 0 view .LVU399
 1181 003e 4449     		ldr	r1, .L104+16
 1182 0040 096A     		ldr	r1, [r1, #32]
1039:Drivers/STM32G4xx_HAL_Driver/Src/stm32g4xx_hal_flash_ex.c ****     {
 1183              		.loc 1 1039 8 view .LVU400
 1184 0042 11F4800F 		tst	r1, #4194304
 1185 0046 54D1     		bne	.L94
1042:Drivers/STM32G4xx_HAL_Driver/Src/stm32g4xx_hal_flash_ex.c ****       {
 1186              		.loc 1 1042 7 is_stmt 1 view .LVU401
1042:Drivers/STM32G4xx_HAL_Driver/Src/stm32g4xx_hal_flash_ex.c ****       {
 1187              		.loc 1 1042 24 is_stmt 0 view .LVU402
 1188 0048 04F00303 		and	r3, r4, #3
 1189              	.LVL103:
1042:Drivers/STM32G4xx_HAL_Driver/Src/stm32g4xx_hal_flash_ex.c ****       {
 1190              		.loc 1 1042 10 view .LVU403
 1191 004c 012B     		cmp	r3, #1
 1192 004e 2CD0     		beq	.L101
1050:Drivers/STM32G4xx_HAL_Driver/Src/stm32g4xx_hal_flash_ex.c ****       {
 1193              		.loc 1 1050 12 is_stmt 1 view .LVU404
1050:Drivers/STM32G4xx_HAL_Driver/Src/stm32g4xx_hal_flash_ex.c ****       {
 1194              		.loc 1 1050 15 is_stmt 0 view .LVU405
 1195 0050 022B     		cmp	r3, #2
 1196 0052 3CD0     		beq	.L102
 1197              	.LVL104:
 1198              	.L96:
1088:Drivers/STM32G4xx_HAL_Driver/Src/stm32g4xx_hal_flash_ex.c ****     }
 1199              		.loc 1 1088 7 is_stmt 1 view .LVU406
1091:Drivers/STM32G4xx_HAL_Driver/Src/stm32g4xx_hal_flash_ex.c **** 
 1200              		.loc 1 1091 5 view .LVU407
 1201 0054 3E49     		ldr	r1, .L104+16
 1202 0056 8B6A     		ldr	r3, [r1, #40]
 1203 0058 23F00043 		bic	r3, r3, #-2147483648
 1204 005c 04F00042 		and	r2, r4, #-2147483648
 1205 0060 1343     		orrs	r3, r3, r2
 1206 0062 8B62     		str	r3, [r1, #40]
1094:Drivers/STM32G4xx_HAL_Driver/Src/stm32g4xx_hal_flash_ex.c **** 
 1207              		.loc 1 1094 5 view .LVU408
 1208 0064 4B69     		ldr	r3, [r1, #20]
 1209 0066 43F40033 		orr	r3, r3, #131072
 1210 006a 4B61     		str	r3, [r1, #20]
1097:Drivers/STM32G4xx_HAL_Driver/Src/stm32g4xx_hal_flash_ex.c ****   }
 1211              		.loc 1 1097 5 view .LVU409
1097:Drivers/STM32G4xx_HAL_Driver/Src/stm32g4xx_hal_flash_ex.c ****   }
ARM GAS  /tmp/cceEh1js.s 			page 52


 1212              		.loc 1 1097 14 is_stmt 0 view .LVU410
 1213 006c 4FF47A70 		mov	r0, #1000
 1214 0070 FFF7FEFF 		bl	FLASH_WaitForLastOperation
 1215              	.LVL105:
 1216              	.L91:
1100:Drivers/STM32G4xx_HAL_Driver/Src/stm32g4xx_hal_flash_ex.c **** }
 1217              		.loc 1 1100 3 is_stmt 1 view .LVU411
1101:Drivers/STM32G4xx_HAL_Driver/Src/stm32g4xx_hal_flash_ex.c **** 
 1218              		.loc 1 1101 1 is_stmt 0 view .LVU412
 1219 0074 70BD     		pop	{r4, r5, r6, pc}
 1220              	.LVL106:
 1221              	.L92:
1031:Drivers/STM32G4xx_HAL_Driver/Src/stm32g4xx_hal_flash_ex.c ****       bank2_addr = FLASH_BASE;
 1222              		.loc 1 1031 7 is_stmt 1 view .LVU413
1031:Drivers/STM32G4xx_HAL_Driver/Src/stm32g4xx_hal_flash_ex.c ****       bank2_addr = FLASH_BASE;
 1223              		.loc 1 1031 33 is_stmt 0 view .LVU414
 1224 0076 334B     		ldr	r3, .L104+4
 1225 0078 B3F8E020 		ldrh	r2, [r3, #224]
1031:Drivers/STM32G4xx_HAL_Driver/Src/stm32g4xx_hal_flash_ex.c ****       bank2_addr = FLASH_BASE;
 1226              		.loc 1 1031 31 view .LVU415
 1227 007c 4FF6FF73 		movw	r3, #65535
 1228 0080 9A42     		cmp	r2, r3
 1229 0082 0ED0     		beq	.L99
1031:Drivers/STM32G4xx_HAL_Driver/Src/stm32g4xx_hal_flash_ex.c ****       bank2_addr = FLASH_BASE;
 1230              		.loc 1 1031 33 discriminator 1 view .LVU416
 1231 0084 304B     		ldr	r3, .L104+8
 1232 0086 D3F8E025 		ldr	r2, [r3, #1504]
 1233 008a 304B     		ldr	r3, .L104+12
 1234 008c 03EA4223 		and	r3, r3, r2, lsl #9
1031:Drivers/STM32G4xx_HAL_Driver/Src/stm32g4xx_hal_flash_ex.c ****       bank2_addr = FLASH_BASE;
 1235              		.loc 1 1031 18 discriminator 1 view .LVU417
 1236 0090 03F10063 		add	r3, r3, #134217728
 1237              	.LVL107:
1032:Drivers/STM32G4xx_HAL_Driver/Src/stm32g4xx_hal_flash_ex.c ****     }
 1238              		.loc 1 1032 18 view .LVU418
 1239 0094 4FF00062 		mov	r2, #134217728
 1240 0098 D1E7     		b	.L93
 1241              	.LVL108:
 1242              	.L98:
1027:Drivers/STM32G4xx_HAL_Driver/Src/stm32g4xx_hal_flash_ex.c ****     }
 1243              		.loc 1 1027 18 discriminator 2 view .LVU419
 1244 009a 2E4A     		ldr	r2, .L104+20
1026:Drivers/STM32G4xx_HAL_Driver/Src/stm32g4xx_hal_flash_ex.c ****       bank2_addr = FLASH_BASE + FLASH_BANK_SIZE;
 1245              		.loc 1 1026 18 view .LVU420
 1246 009c 4FF00063 		mov	r3, #134217728
 1247 00a0 CDE7     		b	.L93
 1248              	.LVL109:
 1249              	.L99:
1032:Drivers/STM32G4xx_HAL_Driver/Src/stm32g4xx_hal_flash_ex.c ****     }
 1250              		.loc 1 1032 18 view .LVU421
 1251 00a2 4FF00062 		mov	r2, #134217728
1031:Drivers/STM32G4xx_HAL_Driver/Src/stm32g4xx_hal_flash_ex.c ****       bank2_addr = FLASH_BASE;
 1252              		.loc 1 1031 18 discriminator 2 view .LVU422
 1253 00a6 2B4B     		ldr	r3, .L104+20
 1254 00a8 C9E7     		b	.L93
 1255              	.LVL110:
 1256              	.L101:
ARM GAS  /tmp/cceEh1js.s 			page 53


1044:Drivers/STM32G4xx_HAL_Driver/Src/stm32g4xx_hal_flash_ex.c ****         MODIFY_REG(FLASH->PCROP1SR, FLASH_PCROP1SR_PCROP1_STRT, reg_value);
 1257              		.loc 1 1044 9 is_stmt 1 view .LVU423
1044:Drivers/STM32G4xx_HAL_Driver/Src/stm32g4xx_hal_flash_ex.c ****         MODIFY_REG(FLASH->PCROP1SR, FLASH_PCROP1SR_PCROP1_STRT, reg_value);
 1258              		.loc 1 1044 38 is_stmt 0 view .LVU424
 1259 00aa 05F17841 		add	r1, r5, #-134217728
 1260              	.LVL111:
1045:Drivers/STM32G4xx_HAL_Driver/Src/stm32g4xx_hal_flash_ex.c **** 
 1261              		.loc 1 1045 9 is_stmt 1 view .LVU425
 1262 00ae 2848     		ldr	r0, .L104+16
 1263 00b0 436A     		ldr	r3, [r0, #36]
 1264 00b2 6FF30E03 		bfc	r3, #0, #15
 1265 00b6 43EA1113 		orr	r3, r3, r1, lsr #4
 1266 00ba 4362     		str	r3, [r0, #36]
1047:Drivers/STM32G4xx_HAL_Driver/Src/stm32g4xx_hal_flash_ex.c ****         MODIFY_REG(FLASH->PCROP1ER, FLASH_PCROP1ER_PCROP1_END, reg_value);
 1267              		.loc 1 1047 9 view .LVU426
1047:Drivers/STM32G4xx_HAL_Driver/Src/stm32g4xx_hal_flash_ex.c ****         MODIFY_REG(FLASH->PCROP1ER, FLASH_PCROP1ER_PCROP1_END, reg_value);
 1268              		.loc 1 1047 36 is_stmt 0 view .LVU427
 1269 00bc 06F17842 		add	r2, r6, #-134217728
 1270              	.LVL112:
1048:Drivers/STM32G4xx_HAL_Driver/Src/stm32g4xx_hal_flash_ex.c ****       }
 1271              		.loc 1 1048 9 is_stmt 1 view .LVU428
 1272 00c0 836A     		ldr	r3, [r0, #40]
 1273 00c2 6FF30E03 		bfc	r3, #0, #15
 1274 00c6 43EA1213 		orr	r3, r3, r2, lsr #4
 1275 00ca 8362     		str	r3, [r0, #40]
 1276 00cc C2E7     		b	.L96
 1277              	.LVL113:
 1278              	.L102:
1052:Drivers/STM32G4xx_HAL_Driver/Src/stm32g4xx_hal_flash_ex.c ****         MODIFY_REG(FLASH->PCROP2SR, FLASH_PCROP2SR_PCROP2_STRT, reg_value);
 1279              		.loc 1 1052 9 view .LVU429
1052:Drivers/STM32G4xx_HAL_Driver/Src/stm32g4xx_hal_flash_ex.c ****         MODIFY_REG(FLASH->PCROP2SR, FLASH_PCROP2SR_PCROP2_STRT, reg_value);
 1280              		.loc 1 1052 38 is_stmt 0 view .LVU430
 1281 00ce 05F17841 		add	r1, r5, #-134217728
 1282              	.LVL114:
1053:Drivers/STM32G4xx_HAL_Driver/Src/stm32g4xx_hal_flash_ex.c **** 
 1283              		.loc 1 1053 9 is_stmt 1 view .LVU431
 1284 00d2 1F48     		ldr	r0, .L104+16
 1285 00d4 436C     		ldr	r3, [r0, #68]
 1286 00d6 6FF30E03 		bfc	r3, #0, #15
 1287 00da 43EA1113 		orr	r3, r3, r1, lsr #4
 1288 00de 4364     		str	r3, [r0, #68]
1055:Drivers/STM32G4xx_HAL_Driver/Src/stm32g4xx_hal_flash_ex.c ****         MODIFY_REG(FLASH->PCROP2ER, FLASH_PCROP2ER_PCROP2_END, reg_value);
 1289              		.loc 1 1055 9 view .LVU432
1055:Drivers/STM32G4xx_HAL_Driver/Src/stm32g4xx_hal_flash_ex.c ****         MODIFY_REG(FLASH->PCROP2ER, FLASH_PCROP2ER_PCROP2_END, reg_value);
 1290              		.loc 1 1055 36 is_stmt 0 view .LVU433
 1291 00e0 06F17842 		add	r2, r6, #-134217728
 1292              	.LVL115:
1056:Drivers/STM32G4xx_HAL_Driver/Src/stm32g4xx_hal_flash_ex.c ****       }
 1293              		.loc 1 1056 9 is_stmt 1 view .LVU434
 1294 00e4 836C     		ldr	r3, [r0, #72]
 1295 00e6 6FF30E03 		bfc	r3, #0, #15
 1296 00ea 43EA1213 		orr	r3, r3, r2, lsr #4
 1297 00ee 8364     		str	r3, [r0, #72]
 1298 00f0 B0E7     		b	.L96
 1299              	.LVL116:
 1300              	.L94:
1067:Drivers/STM32G4xx_HAL_Driver/Src/stm32g4xx_hal_flash_ex.c ****       {
ARM GAS  /tmp/cceEh1js.s 			page 54


 1301              		.loc 1 1067 7 view .LVU435
1067:Drivers/STM32G4xx_HAL_Driver/Src/stm32g4xx_hal_flash_ex.c ****       {
 1302              		.loc 1 1067 24 is_stmt 0 view .LVU436
 1303 00f2 04F00301 		and	r1, r4, #3
1067:Drivers/STM32G4xx_HAL_Driver/Src/stm32g4xx_hal_flash_ex.c ****       {
 1304              		.loc 1 1067 10 view .LVU437
 1305 00f6 0129     		cmp	r1, #1
 1306 00f8 11D0     		beq	.L103
1076:Drivers/STM32G4xx_HAL_Driver/Src/stm32g4xx_hal_flash_ex.c ****       {
 1307              		.loc 1 1076 12 is_stmt 1 view .LVU438
1076:Drivers/STM32G4xx_HAL_Driver/Src/stm32g4xx_hal_flash_ex.c ****       {
 1308              		.loc 1 1076 15 is_stmt 0 view .LVU439
 1309 00fa 0229     		cmp	r1, #2
 1310 00fc AAD1     		bne	.L96
1078:Drivers/STM32G4xx_HAL_Driver/Src/stm32g4xx_hal_flash_ex.c ****         MODIFY_REG(FLASH->PCROP2SR, FLASH_PCROP2SR_PCROP2_STRT, reg_value);
 1311              		.loc 1 1078 9 is_stmt 1 view .LVU440
1078:Drivers/STM32G4xx_HAL_Driver/Src/stm32g4xx_hal_flash_ex.c ****         MODIFY_REG(FLASH->PCROP2SR, FLASH_PCROP2SR_PCROP2_STRT, reg_value);
 1312              		.loc 1 1078 38 is_stmt 0 view .LVU441
 1313 00fe A91A     		subs	r1, r5, r2
 1314              	.LVL117:
1079:Drivers/STM32G4xx_HAL_Driver/Src/stm32g4xx_hal_flash_ex.c **** 
 1315              		.loc 1 1079 9 is_stmt 1 view .LVU442
 1316 0100 1348     		ldr	r0, .L104+16
 1317 0102 436C     		ldr	r3, [r0, #68]
 1318              	.LVL118:
1079:Drivers/STM32G4xx_HAL_Driver/Src/stm32g4xx_hal_flash_ex.c **** 
 1319              		.loc 1 1079 9 is_stmt 0 view .LVU443
 1320 0104 6FF30E03 		bfc	r3, #0, #15
 1321 0108 43EAD103 		orr	r3, r3, r1, lsr #3
 1322 010c 4364     		str	r3, [r0, #68]
1081:Drivers/STM32G4xx_HAL_Driver/Src/stm32g4xx_hal_flash_ex.c ****         MODIFY_REG(FLASH->PCROP2ER, FLASH_PCROP2ER_PCROP2_END, reg_value);
 1323              		.loc 1 1081 9 is_stmt 1 view .LVU444
1081:Drivers/STM32G4xx_HAL_Driver/Src/stm32g4xx_hal_flash_ex.c ****         MODIFY_REG(FLASH->PCROP2ER, FLASH_PCROP2ER_PCROP2_END, reg_value);
 1324              		.loc 1 1081 36 is_stmt 0 view .LVU445
 1325 010e B21A     		subs	r2, r6, r2
 1326              	.LVL119:
1082:Drivers/STM32G4xx_HAL_Driver/Src/stm32g4xx_hal_flash_ex.c ****       }
 1327              		.loc 1 1082 9 is_stmt 1 view .LVU446
 1328 0110 836C     		ldr	r3, [r0, #72]
 1329 0112 6FF30E03 		bfc	r3, #0, #15
 1330 0116 43EAD203 		orr	r3, r3, r2, lsr #3
 1331 011a 8364     		str	r3, [r0, #72]
 1332 011c 9AE7     		b	.L96
 1333              	.LVL120:
 1334              	.L103:
1069:Drivers/STM32G4xx_HAL_Driver/Src/stm32g4xx_hal_flash_ex.c ****         MODIFY_REG(FLASH->PCROP1SR, FLASH_PCROP1SR_PCROP1_STRT, reg_value);
 1335              		.loc 1 1069 9 view .LVU447
1069:Drivers/STM32G4xx_HAL_Driver/Src/stm32g4xx_hal_flash_ex.c ****         MODIFY_REG(FLASH->PCROP1SR, FLASH_PCROP1SR_PCROP1_STRT, reg_value);
 1336              		.loc 1 1069 38 is_stmt 0 view .LVU448
 1337 011e E91A     		subs	r1, r5, r3
 1338              	.LVL121:
1070:Drivers/STM32G4xx_HAL_Driver/Src/stm32g4xx_hal_flash_ex.c **** 
 1339              		.loc 1 1070 9 is_stmt 1 view .LVU449
 1340 0120 0B48     		ldr	r0, .L104+16
 1341 0122 426A     		ldr	r2, [r0, #36]
 1342              	.LVL122:
1070:Drivers/STM32G4xx_HAL_Driver/Src/stm32g4xx_hal_flash_ex.c **** 
ARM GAS  /tmp/cceEh1js.s 			page 55


 1343              		.loc 1 1070 9 is_stmt 0 view .LVU450
 1344 0124 6FF30E02 		bfc	r2, #0, #15
 1345 0128 42EAD102 		orr	r2, r2, r1, lsr #3
 1346 012c 4262     		str	r2, [r0, #36]
1072:Drivers/STM32G4xx_HAL_Driver/Src/stm32g4xx_hal_flash_ex.c ****         MODIFY_REG(FLASH->PCROP1ER, FLASH_PCROP1ER_PCROP1_END, reg_value);
 1347              		.loc 1 1072 9 is_stmt 1 view .LVU451
1072:Drivers/STM32G4xx_HAL_Driver/Src/stm32g4xx_hal_flash_ex.c ****         MODIFY_REG(FLASH->PCROP1ER, FLASH_PCROP1ER_PCROP1_END, reg_value);
 1348              		.loc 1 1072 36 is_stmt 0 view .LVU452
 1349 012e F31A     		subs	r3, r6, r3
 1350              	.LVL123:
1073:Drivers/STM32G4xx_HAL_Driver/Src/stm32g4xx_hal_flash_ex.c ****       }
 1351              		.loc 1 1073 9 is_stmt 1 view .LVU453
 1352 0130 826A     		ldr	r2, [r0, #40]
 1353 0132 6FF30E02 		bfc	r2, #0, #15
 1354 0136 42EAD303 		orr	r3, r2, r3, lsr #3
 1355              	.LVL124:
1073:Drivers/STM32G4xx_HAL_Driver/Src/stm32g4xx_hal_flash_ex.c ****       }
 1356              		.loc 1 1073 9 is_stmt 0 view .LVU454
 1357 013a 8362     		str	r3, [r0, #40]
 1358 013c 8AE7     		b	.L96
 1359              	.L105:
 1360 013e 00BF     		.align	2
 1361              	.L104:
 1362 0140 00000140 		.word	1073807360
 1363 0144 0075FF1F 		.word	536835328
 1364 0148 0070FF1F 		.word	536834048
 1365 014c 00FEFF01 		.word	33553920
 1366 0150 00200240 		.word	1073881088
 1367 0154 00000408 		.word	134479872
 1368              		.cfi_endproc
 1369              	.LFE342:
 1371              		.section	.text.FLASH_OB_SecMemConfig,"ax",%progbits
 1372              		.align	1
 1373              		.syntax unified
 1374              		.thumb
 1375              		.thumb_func
 1377              	FLASH_OB_SecMemConfig:
 1378              	.LVL125:
 1379              	.LFB343:
1121:Drivers/STM32G4xx_HAL_Driver/Src/stm32g4xx_hal_flash_ex.c ****   HAL_StatusTypeDef status;
 1380              		.loc 1 1121 1 is_stmt 1 view -0
 1381              		.cfi_startproc
 1382              		@ args = 0, pretend = 0, frame = 0
 1383              		@ frame_needed = 0, uses_anonymous_args = 0
1121:Drivers/STM32G4xx_HAL_Driver/Src/stm32g4xx_hal_flash_ex.c ****   HAL_StatusTypeDef status;
 1384              		.loc 1 1121 1 is_stmt 0 view .LVU456
 1385 0000 38B5     		push	{r3, r4, r5, lr}
 1386              	.LCFI5:
 1387              		.cfi_def_cfa_offset 16
 1388              		.cfi_offset 3, -16
 1389              		.cfi_offset 4, -12
 1390              		.cfi_offset 5, -8
 1391              		.cfi_offset 14, -4
 1392 0002 0446     		mov	r4, r0
 1393 0004 0D46     		mov	r5, r1
1122:Drivers/STM32G4xx_HAL_Driver/Src/stm32g4xx_hal_flash_ex.c **** 
 1394              		.loc 1 1122 3 is_stmt 1 view .LVU457
ARM GAS  /tmp/cceEh1js.s 			page 56


1125:Drivers/STM32G4xx_HAL_Driver/Src/stm32g4xx_hal_flash_ex.c ****   assert_param(IS_OB_SECMEM_SIZE(SecSize));
 1395              		.loc 1 1125 3 view .LVU458
1126:Drivers/STM32G4xx_HAL_Driver/Src/stm32g4xx_hal_flash_ex.c **** 
 1396              		.loc 1 1126 3 view .LVU459
1129:Drivers/STM32G4xx_HAL_Driver/Src/stm32g4xx_hal_flash_ex.c **** 
 1397              		.loc 1 1129 3 view .LVU460
1129:Drivers/STM32G4xx_HAL_Driver/Src/stm32g4xx_hal_flash_ex.c **** 
 1398              		.loc 1 1129 12 is_stmt 0 view .LVU461
 1399 0006 4FF47A70 		mov	r0, #1000
 1400              	.LVL126:
1129:Drivers/STM32G4xx_HAL_Driver/Src/stm32g4xx_hal_flash_ex.c **** 
 1401              		.loc 1 1129 12 view .LVU462
 1402 000a FFF7FEFF 		bl	FLASH_WaitForLastOperation
 1403              	.LVL127:
1131:Drivers/STM32G4xx_HAL_Driver/Src/stm32g4xx_hal_flash_ex.c ****   {
 1404              		.loc 1 1131 3 is_stmt 1 view .LVU463
1131:Drivers/STM32G4xx_HAL_Driver/Src/stm32g4xx_hal_flash_ex.c ****   {
 1405              		.loc 1 1131 6 is_stmt 0 view .LVU464
 1406 000e 60B9     		cbnz	r0, .L107
1134:Drivers/STM32G4xx_HAL_Driver/Src/stm32g4xx_hal_flash_ex.c ****     {
 1407              		.loc 1 1134 5 is_stmt 1 view .LVU465
1134:Drivers/STM32G4xx_HAL_Driver/Src/stm32g4xx_hal_flash_ex.c ****     {
 1408              		.loc 1 1134 8 is_stmt 0 view .LVU466
 1409 0010 012C     		cmp	r4, #1
 1410 0012 0BD0     		beq	.L111
1139:Drivers/STM32G4xx_HAL_Driver/Src/stm32g4xx_hal_flash_ex.c ****     {
 1411              		.loc 1 1139 10 is_stmt 1 view .LVU467
1139:Drivers/STM32G4xx_HAL_Driver/Src/stm32g4xx_hal_flash_ex.c ****     {
 1412              		.loc 1 1139 13 is_stmt 0 view .LVU468
 1413 0014 022C     		cmp	r4, #2
 1414 0016 10D0     		beq	.L112
 1415              	.L109:
1146:Drivers/STM32G4xx_HAL_Driver/Src/stm32g4xx_hal_flash_ex.c **** #endif
 1416              		.loc 1 1146 5 is_stmt 1 view .LVU469
1150:Drivers/STM32G4xx_HAL_Driver/Src/stm32g4xx_hal_flash_ex.c **** 
 1417              		.loc 1 1150 5 view .LVU470
 1418 0018 0B4A     		ldr	r2, .L113
 1419 001a 5369     		ldr	r3, [r2, #20]
 1420 001c 43F40033 		orr	r3, r3, #131072
 1421 0020 5361     		str	r3, [r2, #20]
1153:Drivers/STM32G4xx_HAL_Driver/Src/stm32g4xx_hal_flash_ex.c ****   }
 1422              		.loc 1 1153 5 view .LVU471
1153:Drivers/STM32G4xx_HAL_Driver/Src/stm32g4xx_hal_flash_ex.c ****   }
 1423              		.loc 1 1153 14 is_stmt 0 view .LVU472
 1424 0022 4FF47A70 		mov	r0, #1000
 1425 0026 FFF7FEFF 		bl	FLASH_WaitForLastOperation
 1426              	.LVL128:
 1427              	.L107:
1156:Drivers/STM32G4xx_HAL_Driver/Src/stm32g4xx_hal_flash_ex.c **** }
 1428              		.loc 1 1156 3 is_stmt 1 view .LVU473
1157:Drivers/STM32G4xx_HAL_Driver/Src/stm32g4xx_hal_flash_ex.c **** 
 1429              		.loc 1 1157 1 is_stmt 0 view .LVU474
 1430 002a 38BD     		pop	{r3, r4, r5, pc}
 1431              	.LVL129:
 1432              	.L111:
1136:Drivers/STM32G4xx_HAL_Driver/Src/stm32g4xx_hal_flash_ex.c ****     }
 1433              		.loc 1 1136 7 is_stmt 1 view .LVU475
ARM GAS  /tmp/cceEh1js.s 			page 57


 1434 002c 064A     		ldr	r2, .L113
 1435 002e 136F     		ldr	r3, [r2, #112]
 1436 0030 23F0FF03 		bic	r3, r3, #255
 1437 0034 2B43     		orrs	r3, r3, r5
 1438 0036 1367     		str	r3, [r2, #112]
 1439 0038 EEE7     		b	.L109
 1440              	.L112:
1141:Drivers/STM32G4xx_HAL_Driver/Src/stm32g4xx_hal_flash_ex.c ****     }
 1441              		.loc 1 1141 7 view .LVU476
 1442 003a 034A     		ldr	r2, .L113
 1443 003c 536F     		ldr	r3, [r2, #116]
 1444 003e 23F0FF03 		bic	r3, r3, #255
 1445 0042 2B43     		orrs	r3, r3, r5
 1446 0044 5367     		str	r3, [r2, #116]
 1447 0046 E7E7     		b	.L109
 1448              	.L114:
 1449              		.align	2
 1450              	.L113:
 1451 0048 00200240 		.word	1073881088
 1452              		.cfi_endproc
 1453              	.LFE343:
 1455              		.section	.text.FLASH_OB_BootLockConfig,"ax",%progbits
 1456              		.align	1
 1457              		.syntax unified
 1458              		.thumb
 1459              		.thumb_func
 1461              	FLASH_OB_BootLockConfig:
 1462              	.LVL130:
 1463              	.LFB344:
1174:Drivers/STM32G4xx_HAL_Driver/Src/stm32g4xx_hal_flash_ex.c ****   HAL_StatusTypeDef status;
 1464              		.loc 1 1174 1 view -0
 1465              		.cfi_startproc
 1466              		@ args = 0, pretend = 0, frame = 0
 1467              		@ frame_needed = 0, uses_anonymous_args = 0
1174:Drivers/STM32G4xx_HAL_Driver/Src/stm32g4xx_hal_flash_ex.c ****   HAL_StatusTypeDef status;
 1468              		.loc 1 1174 1 is_stmt 0 view .LVU478
 1469 0000 10B5     		push	{r4, lr}
 1470              	.LCFI6:
 1471              		.cfi_def_cfa_offset 8
 1472              		.cfi_offset 4, -8
 1473              		.cfi_offset 14, -4
 1474 0002 0446     		mov	r4, r0
1175:Drivers/STM32G4xx_HAL_Driver/Src/stm32g4xx_hal_flash_ex.c **** 
 1475              		.loc 1 1175 3 is_stmt 1 view .LVU479
1178:Drivers/STM32G4xx_HAL_Driver/Src/stm32g4xx_hal_flash_ex.c **** 
 1476              		.loc 1 1178 3 view .LVU480
1181:Drivers/STM32G4xx_HAL_Driver/Src/stm32g4xx_hal_flash_ex.c **** 
 1477              		.loc 1 1181 3 view .LVU481
1181:Drivers/STM32G4xx_HAL_Driver/Src/stm32g4xx_hal_flash_ex.c **** 
 1478              		.loc 1 1181 12 is_stmt 0 view .LVU482
 1479 0004 4FF47A70 		mov	r0, #1000
 1480              	.LVL131:
1181:Drivers/STM32G4xx_HAL_Driver/Src/stm32g4xx_hal_flash_ex.c **** 
 1481              		.loc 1 1181 12 view .LVU483
 1482 0008 FFF7FEFF 		bl	FLASH_WaitForLastOperation
 1483              	.LVL132:
1183:Drivers/STM32G4xx_HAL_Driver/Src/stm32g4xx_hal_flash_ex.c ****   {
ARM GAS  /tmp/cceEh1js.s 			page 58


 1484              		.loc 1 1183 3 is_stmt 1 view .LVU484
1183:Drivers/STM32G4xx_HAL_Driver/Src/stm32g4xx_hal_flash_ex.c ****   {
 1485              		.loc 1 1183 6 is_stmt 0 view .LVU485
 1486 000c 00B1     		cbz	r0, .L118
 1487              	.L116:
 1488              	.LVL133:
1194:Drivers/STM32G4xx_HAL_Driver/Src/stm32g4xx_hal_flash_ex.c **** }
 1489              		.loc 1 1194 3 is_stmt 1 view .LVU486
1195:Drivers/STM32G4xx_HAL_Driver/Src/stm32g4xx_hal_flash_ex.c **** 
 1490              		.loc 1 1195 1 is_stmt 0 view .LVU487
 1491 000e 10BD     		pop	{r4, pc}
 1492              	.LVL134:
 1493              	.L118:
1185:Drivers/STM32G4xx_HAL_Driver/Src/stm32g4xx_hal_flash_ex.c **** 
 1494              		.loc 1 1185 5 is_stmt 1 view .LVU488
 1495 0010 074A     		ldr	r2, .L119
 1496 0012 136F     		ldr	r3, [r2, #112]
 1497 0014 23F48033 		bic	r3, r3, #65536
 1498 0018 2343     		orrs	r3, r3, r4
 1499 001a 1367     		str	r3, [r2, #112]
1188:Drivers/STM32G4xx_HAL_Driver/Src/stm32g4xx_hal_flash_ex.c **** 
 1500              		.loc 1 1188 5 view .LVU489
 1501 001c 5369     		ldr	r3, [r2, #20]
 1502 001e 43F40033 		orr	r3, r3, #131072
 1503 0022 5361     		str	r3, [r2, #20]
1191:Drivers/STM32G4xx_HAL_Driver/Src/stm32g4xx_hal_flash_ex.c ****   }
 1504              		.loc 1 1191 5 view .LVU490
1191:Drivers/STM32G4xx_HAL_Driver/Src/stm32g4xx_hal_flash_ex.c ****   }
 1505              		.loc 1 1191 14 is_stmt 0 view .LVU491
 1506 0024 4FF47A70 		mov	r0, #1000
 1507 0028 FFF7FEFF 		bl	FLASH_WaitForLastOperation
 1508              	.LVL135:
 1509 002c EFE7     		b	.L116
 1510              	.L120:
 1511 002e 00BF     		.align	2
 1512              	.L119:
 1513 0030 00200240 		.word	1073881088
 1514              		.cfi_endproc
 1515              	.LFE344:
 1517              		.section	.text.HAL_FLASHEx_OBProgram,"ax",%progbits
 1518              		.align	1
 1519              		.global	HAL_FLASHEx_OBProgram
 1520              		.syntax unified
 1521              		.thumb
 1522              		.thumb_func
 1524              	HAL_FLASHEx_OBProgram:
 1525              	.LVL136:
 1526              	.LFB331:
 311:Drivers/STM32G4xx_HAL_Driver/Src/stm32g4xx_hal_flash_ex.c ****   HAL_StatusTypeDef status = HAL_OK;
 1527              		.loc 1 311 1 is_stmt 1 view -0
 1528              		.cfi_startproc
 1529              		@ args = 0, pretend = 0, frame = 0
 1530              		@ frame_needed = 0, uses_anonymous_args = 0
 311:Drivers/STM32G4xx_HAL_Driver/Src/stm32g4xx_hal_flash_ex.c ****   HAL_StatusTypeDef status = HAL_OK;
 1531              		.loc 1 311 1 is_stmt 0 view .LVU493
 1532 0000 38B5     		push	{r3, r4, r5, lr}
 1533              	.LCFI7:
ARM GAS  /tmp/cceEh1js.s 			page 59


 1534              		.cfi_def_cfa_offset 16
 1535              		.cfi_offset 3, -16
 1536              		.cfi_offset 4, -12
 1537              		.cfi_offset 5, -8
 1538              		.cfi_offset 14, -4
 312:Drivers/STM32G4xx_HAL_Driver/Src/stm32g4xx_hal_flash_ex.c **** 
 1539              		.loc 1 312 3 is_stmt 1 view .LVU494
 1540              	.LVL137:
 315:Drivers/STM32G4xx_HAL_Driver/Src/stm32g4xx_hal_flash_ex.c **** 
 1541              		.loc 1 315 3 view .LVU495
 318:Drivers/STM32G4xx_HAL_Driver/Src/stm32g4xx_hal_flash_ex.c **** 
 1542              		.loc 1 318 3 view .LVU496
 318:Drivers/STM32G4xx_HAL_Driver/Src/stm32g4xx_hal_flash_ex.c **** 
 1543              		.loc 1 318 3 view .LVU497
 1544 0002 324B     		ldr	r3, .L146
 1545 0004 1B78     		ldrb	r3, [r3]	@ zero_extendqisi2
 1546 0006 012B     		cmp	r3, #1
 1547 0008 5DD0     		beq	.L131
 1548 000a 0446     		mov	r4, r0
 318:Drivers/STM32G4xx_HAL_Driver/Src/stm32g4xx_hal_flash_ex.c **** 
 1549              		.loc 1 318 3 discriminator 2 view .LVU498
 1550 000c 2F4B     		ldr	r3, .L146
 1551 000e 0122     		movs	r2, #1
 1552 0010 1A70     		strb	r2, [r3]
 318:Drivers/STM32G4xx_HAL_Driver/Src/stm32g4xx_hal_flash_ex.c **** 
 1553              		.loc 1 318 3 discriminator 2 view .LVU499
 320:Drivers/STM32G4xx_HAL_Driver/Src/stm32g4xx_hal_flash_ex.c **** 
 1554              		.loc 1 320 3 view .LVU500
 320:Drivers/STM32G4xx_HAL_Driver/Src/stm32g4xx_hal_flash_ex.c **** 
 1555              		.loc 1 320 20 is_stmt 0 view .LVU501
 1556 0012 0022     		movs	r2, #0
 1557 0014 5A60     		str	r2, [r3, #4]
 323:Drivers/STM32G4xx_HAL_Driver/Src/stm32g4xx_hal_flash_ex.c ****   {
 1558              		.loc 1 323 3 is_stmt 1 view .LVU502
 323:Drivers/STM32G4xx_HAL_Driver/Src/stm32g4xx_hal_flash_ex.c ****   {
 1559              		.loc 1 323 15 is_stmt 0 view .LVU503
 1560 0016 0368     		ldr	r3, [r0]
 323:Drivers/STM32G4xx_HAL_Driver/Src/stm32g4xx_hal_flash_ex.c ****   {
 1561              		.loc 1 323 6 view .LVU504
 1562 0018 13F0010F 		tst	r3, #1
 1563 001c 1ED1     		bne	.L140
 312:Drivers/STM32G4xx_HAL_Driver/Src/stm32g4xx_hal_flash_ex.c **** 
 1564              		.loc 1 312 21 view .LVU505
 1565 001e 0023     		movs	r3, #0
 1566 0020 1D46     		mov	r5, r3
 1567              	.LVL138:
 1568              	.L123:
 333:Drivers/STM32G4xx_HAL_Driver/Src/stm32g4xx_hal_flash_ex.c ****   {
 1569              		.loc 1 333 3 is_stmt 1 view .LVU506
 333:Drivers/STM32G4xx_HAL_Driver/Src/stm32g4xx_hal_flash_ex.c ****   {
 1570              		.loc 1 333 15 is_stmt 0 view .LVU507
 1571 0022 2368     		ldr	r3, [r4]
 333:Drivers/STM32G4xx_HAL_Driver/Src/stm32g4xx_hal_flash_ex.c ****   {
 1572              		.loc 1 333 6 view .LVU508
 1573 0024 13F0020F 		tst	r3, #2
 1574 0028 23D1     		bne	.L141
 1575              	.LVL139:
ARM GAS  /tmp/cceEh1js.s 			page 60


 1576              	.L124:
 343:Drivers/STM32G4xx_HAL_Driver/Src/stm32g4xx_hal_flash_ex.c ****   {
 1577              		.loc 1 343 3 is_stmt 1 view .LVU509
 343:Drivers/STM32G4xx_HAL_Driver/Src/stm32g4xx_hal_flash_ex.c ****   {
 1578              		.loc 1 343 15 is_stmt 0 view .LVU510
 1579 002a 2368     		ldr	r3, [r4]
 343:Drivers/STM32G4xx_HAL_Driver/Src/stm32g4xx_hal_flash_ex.c ****   {
 1580              		.loc 1 343 6 view .LVU511
 1581 002c 13F0040F 		tst	r3, #4
 1582 0030 27D1     		bne	.L142
 1583              	.LVL140:
 1584              	.L125:
 353:Drivers/STM32G4xx_HAL_Driver/Src/stm32g4xx_hal_flash_ex.c ****   {
 1585              		.loc 1 353 3 is_stmt 1 view .LVU512
 353:Drivers/STM32G4xx_HAL_Driver/Src/stm32g4xx_hal_flash_ex.c ****   {
 1586              		.loc 1 353 15 is_stmt 0 view .LVU513
 1587 0032 2368     		ldr	r3, [r4]
 353:Drivers/STM32G4xx_HAL_Driver/Src/stm32g4xx_hal_flash_ex.c ****   {
 1588              		.loc 1 353 6 view .LVU514
 1589 0034 13F0080F 		tst	r3, #8
 1590 0038 03D0     		beq	.L127
 355:Drivers/STM32G4xx_HAL_Driver/Src/stm32g4xx_hal_flash_ex.c ****     {
 1591              		.loc 1 355 5 is_stmt 1 view .LVU515
 355:Drivers/STM32G4xx_HAL_Driver/Src/stm32g4xx_hal_flash_ex.c ****     {
 1592              		.loc 1 355 16 is_stmt 0 view .LVU516
 1593 003a 216A     		ldr	r1, [r4, #32]
 355:Drivers/STM32G4xx_HAL_Driver/Src/stm32g4xx_hal_flash_ex.c ****     {
 1594              		.loc 1 355 43 view .LVU517
 1595 003c 626A     		ldr	r2, [r4, #36]
 355:Drivers/STM32G4xx_HAL_Driver/Src/stm32g4xx_hal_flash_ex.c ****     {
 1596              		.loc 1 355 8 view .LVU518
 1597 003e 9142     		cmp	r1, r2
 1598 0040 28D1     		bne	.L143
 1599              	.LVL141:
 1600              	.L127:
 366:Drivers/STM32G4xx_HAL_Driver/Src/stm32g4xx_hal_flash_ex.c ****   {
 1601              		.loc 1 366 3 is_stmt 1 view .LVU519
 366:Drivers/STM32G4xx_HAL_Driver/Src/stm32g4xx_hal_flash_ex.c ****   {
 1602              		.loc 1 366 15 is_stmt 0 view .LVU520
 1603 0042 2368     		ldr	r3, [r4]
 366:Drivers/STM32G4xx_HAL_Driver/Src/stm32g4xx_hal_flash_ex.c ****   {
 1604              		.loc 1 366 6 view .LVU521
 1605 0044 13F0200F 		tst	r3, #32
 1606 0048 2CD1     		bne	.L144
 1607              	.LVL142:
 1608              	.L129:
 376:Drivers/STM32G4xx_HAL_Driver/Src/stm32g4xx_hal_flash_ex.c ****   {
 1609              		.loc 1 376 3 is_stmt 1 view .LVU522
 376:Drivers/STM32G4xx_HAL_Driver/Src/stm32g4xx_hal_flash_ex.c ****   {
 1610              		.loc 1 376 15 is_stmt 0 view .LVU523
 1611 004a 2368     		ldr	r3, [r4]
 376:Drivers/STM32G4xx_HAL_Driver/Src/stm32g4xx_hal_flash_ex.c ****   {
 1612              		.loc 1 376 6 view .LVU524
 1613 004c 13F0100F 		tst	r3, #16
 1614 0050 31D1     		bne	.L145
 1615              	.LVL143:
 1616              	.L130:
ARM GAS  /tmp/cceEh1js.s 			page 61


 386:Drivers/STM32G4xx_HAL_Driver/Src/stm32g4xx_hal_flash_ex.c **** 
 1617              		.loc 1 386 3 is_stmt 1 view .LVU525
 386:Drivers/STM32G4xx_HAL_Driver/Src/stm32g4xx_hal_flash_ex.c **** 
 1618              		.loc 1 386 3 view .LVU526
 1619 0052 1E4B     		ldr	r3, .L146
 1620 0054 0022     		movs	r2, #0
 1621 0056 1A70     		strb	r2, [r3]
 386:Drivers/STM32G4xx_HAL_Driver/Src/stm32g4xx_hal_flash_ex.c **** 
 1622              		.loc 1 386 3 view .LVU527
 388:Drivers/STM32G4xx_HAL_Driver/Src/stm32g4xx_hal_flash_ex.c **** }
 1623              		.loc 1 388 3 view .LVU528
 1624              	.LVL144:
 1625              	.L122:
 389:Drivers/STM32G4xx_HAL_Driver/Src/stm32g4xx_hal_flash_ex.c **** 
 1626              		.loc 1 389 1 is_stmt 0 view .LVU529
 1627 0058 2846     		mov	r0, r5
 1628 005a 38BD     		pop	{r3, r4, r5, pc}
 1629              	.LVL145:
 1630              	.L140:
 326:Drivers/STM32G4xx_HAL_Driver/Src/stm32g4xx_hal_flash_ex.c ****     {
 1631              		.loc 1 326 5 is_stmt 1 view .LVU530
 326:Drivers/STM32G4xx_HAL_Driver/Src/stm32g4xx_hal_flash_ex.c ****     {
 1632              		.loc 1 326 9 is_stmt 0 view .LVU531
 1633 005c C268     		ldr	r2, [r0, #12]
 1634 005e 8168     		ldr	r1, [r0, #8]
 1635 0060 4068     		ldr	r0, [r0, #4]
 1636              	.LVL146:
 326:Drivers/STM32G4xx_HAL_Driver/Src/stm32g4xx_hal_flash_ex.c ****     {
 1637              		.loc 1 326 9 view .LVU532
 1638 0062 FFF7FEFF 		bl	FLASH_OB_WRPConfig
 1639              	.LVL147:
 326:Drivers/STM32G4xx_HAL_Driver/Src/stm32g4xx_hal_flash_ex.c ****     {
 1640              		.loc 1 326 8 discriminator 1 view .LVU533
 1641 0066 0546     		mov	r5, r0
 1642 0068 0028     		cmp	r0, #0
 1643 006a DAD0     		beq	.L123
 328:Drivers/STM32G4xx_HAL_Driver/Src/stm32g4xx_hal_flash_ex.c ****     }
 1644              		.loc 1 328 14 view .LVU534
 1645 006c 0123     		movs	r3, #1
 1646 006e 1D46     		mov	r5, r3
 1647 0070 D7E7     		b	.L123
 1648              	.LVL148:
 1649              	.L141:
 336:Drivers/STM32G4xx_HAL_Driver/Src/stm32g4xx_hal_flash_ex.c ****     {
 1650              		.loc 1 336 5 is_stmt 1 view .LVU535
 336:Drivers/STM32G4xx_HAL_Driver/Src/stm32g4xx_hal_flash_ex.c ****     {
 1651              		.loc 1 336 9 is_stmt 0 view .LVU536
 1652 0072 2069     		ldr	r0, [r4, #16]
 1653 0074 FFF7FEFF 		bl	FLASH_OB_RDPConfig
 1654              	.LVL149:
 336:Drivers/STM32G4xx_HAL_Driver/Src/stm32g4xx_hal_flash_ex.c ****     {
 1655              		.loc 1 336 8 discriminator 1 view .LVU537
 1656 0078 0028     		cmp	r0, #0
 1657 007a D6D0     		beq	.L124
 338:Drivers/STM32G4xx_HAL_Driver/Src/stm32g4xx_hal_flash_ex.c ****     }
 1658              		.loc 1 338 14 view .LVU538
 1659 007c 0123     		movs	r3, #1
ARM GAS  /tmp/cceEh1js.s 			page 62


 1660 007e 1D46     		mov	r5, r3
 1661              	.LVL150:
 338:Drivers/STM32G4xx_HAL_Driver/Src/stm32g4xx_hal_flash_ex.c ****     }
 1662              		.loc 1 338 14 view .LVU539
 1663 0080 D3E7     		b	.L124
 1664              	.LVL151:
 1665              	.L142:
 346:Drivers/STM32G4xx_HAL_Driver/Src/stm32g4xx_hal_flash_ex.c ****     {
 1666              		.loc 1 346 5 is_stmt 1 view .LVU540
 346:Drivers/STM32G4xx_HAL_Driver/Src/stm32g4xx_hal_flash_ex.c ****     {
 1667              		.loc 1 346 9 is_stmt 0 view .LVU541
 1668 0082 A169     		ldr	r1, [r4, #24]
 1669 0084 6069     		ldr	r0, [r4, #20]
 1670 0086 FFF7FEFF 		bl	FLASH_OB_UserConfig
 1671              	.LVL152:
 346:Drivers/STM32G4xx_HAL_Driver/Src/stm32g4xx_hal_flash_ex.c ****     {
 1672              		.loc 1 346 8 discriminator 1 view .LVU542
 1673 008a 0028     		cmp	r0, #0
 1674 008c D1D0     		beq	.L125
 348:Drivers/STM32G4xx_HAL_Driver/Src/stm32g4xx_hal_flash_ex.c ****     }
 1675              		.loc 1 348 14 view .LVU543
 1676 008e 0123     		movs	r3, #1
 1677 0090 1D46     		mov	r5, r3
 1678              	.LVL153:
 348:Drivers/STM32G4xx_HAL_Driver/Src/stm32g4xx_hal_flash_ex.c ****     }
 1679              		.loc 1 348 14 view .LVU544
 1680 0092 CEE7     		b	.L125
 1681              	.LVL154:
 1682              	.L143:
 358:Drivers/STM32G4xx_HAL_Driver/Src/stm32g4xx_hal_flash_ex.c ****       {
 1683              		.loc 1 358 7 is_stmt 1 view .LVU545
 358:Drivers/STM32G4xx_HAL_Driver/Src/stm32g4xx_hal_flash_ex.c ****       {
 1684              		.loc 1 358 11 is_stmt 0 view .LVU546
 1685 0094 E069     		ldr	r0, [r4, #28]
 1686 0096 FFF7FEFF 		bl	FLASH_OB_PCROPConfig
 1687              	.LVL155:
 358:Drivers/STM32G4xx_HAL_Driver/Src/stm32g4xx_hal_flash_ex.c ****       {
 1688              		.loc 1 358 10 discriminator 1 view .LVU547
 1689 009a 0028     		cmp	r0, #0
 1690 009c D1D0     		beq	.L127
 360:Drivers/STM32G4xx_HAL_Driver/Src/stm32g4xx_hal_flash_ex.c ****       }
 1691              		.loc 1 360 16 view .LVU548
 1692 009e 0123     		movs	r3, #1
 1693 00a0 1D46     		mov	r5, r3
 1694              	.LVL156:
 360:Drivers/STM32G4xx_HAL_Driver/Src/stm32g4xx_hal_flash_ex.c ****       }
 1695              		.loc 1 360 16 view .LVU549
 1696 00a2 CEE7     		b	.L127
 1697              	.LVL157:
 1698              	.L144:
 369:Drivers/STM32G4xx_HAL_Driver/Src/stm32g4xx_hal_flash_ex.c ****     {
 1699              		.loc 1 369 5 is_stmt 1 view .LVU550
 369:Drivers/STM32G4xx_HAL_Driver/Src/stm32g4xx_hal_flash_ex.c ****     {
 1700              		.loc 1 369 9 is_stmt 0 view .LVU551
 1701 00a4 216B     		ldr	r1, [r4, #48]
 1702 00a6 E06A     		ldr	r0, [r4, #44]
 1703 00a8 FFF7FEFF 		bl	FLASH_OB_SecMemConfig
ARM GAS  /tmp/cceEh1js.s 			page 63


 1704              	.LVL158:
 369:Drivers/STM32G4xx_HAL_Driver/Src/stm32g4xx_hal_flash_ex.c ****     {
 1705              		.loc 1 369 8 discriminator 1 view .LVU552
 1706 00ac 0028     		cmp	r0, #0
 1707 00ae CCD0     		beq	.L129
 371:Drivers/STM32G4xx_HAL_Driver/Src/stm32g4xx_hal_flash_ex.c ****     }
 1708              		.loc 1 371 14 view .LVU553
 1709 00b0 0123     		movs	r3, #1
 1710 00b2 1D46     		mov	r5, r3
 1711              	.LVL159:
 371:Drivers/STM32G4xx_HAL_Driver/Src/stm32g4xx_hal_flash_ex.c ****     }
 1712              		.loc 1 371 14 view .LVU554
 1713 00b4 C9E7     		b	.L129
 1714              	.LVL160:
 1715              	.L145:
 379:Drivers/STM32G4xx_HAL_Driver/Src/stm32g4xx_hal_flash_ex.c ****     {
 1716              		.loc 1 379 5 is_stmt 1 view .LVU555
 379:Drivers/STM32G4xx_HAL_Driver/Src/stm32g4xx_hal_flash_ex.c ****     {
 1717              		.loc 1 379 9 is_stmt 0 view .LVU556
 1718 00b6 A06A     		ldr	r0, [r4, #40]
 1719 00b8 FFF7FEFF 		bl	FLASH_OB_BootLockConfig
 1720              	.LVL161:
 379:Drivers/STM32G4xx_HAL_Driver/Src/stm32g4xx_hal_flash_ex.c ****     {
 1721              		.loc 1 379 8 discriminator 1 view .LVU557
 1722 00bc 0028     		cmp	r0, #0
 1723 00be C8D0     		beq	.L130
 381:Drivers/STM32G4xx_HAL_Driver/Src/stm32g4xx_hal_flash_ex.c ****     }
 1724              		.loc 1 381 14 view .LVU558
 1725 00c0 0123     		movs	r3, #1
 1726 00c2 1D46     		mov	r5, r3
 1727              	.LVL162:
 381:Drivers/STM32G4xx_HAL_Driver/Src/stm32g4xx_hal_flash_ex.c ****     }
 1728              		.loc 1 381 14 view .LVU559
 1729 00c4 C5E7     		b	.L130
 1730              	.LVL163:
 1731              	.L131:
 318:Drivers/STM32G4xx_HAL_Driver/Src/stm32g4xx_hal_flash_ex.c **** 
 1732              		.loc 1 318 3 discriminator 1 view .LVU560
 1733 00c6 0223     		movs	r3, #2
 1734 00c8 1D46     		mov	r5, r3
 1735 00ca C5E7     		b	.L122
 1736              	.L147:
 1737              		.align	2
 1738              	.L146:
 1739 00cc 00000000 		.word	pFlash
 1740              		.cfi_endproc
 1741              	.LFE331:
 1743              		.section	.text.HAL_FLASHEx_OBGetConfig,"ax",%progbits
 1744              		.align	1
 1745              		.global	HAL_FLASHEx_OBGetConfig
 1746              		.syntax unified
 1747              		.thumb
 1748              		.thumb_func
 1750              	HAL_FLASHEx_OBGetConfig:
 1751              	.LVL164:
 1752              	.LFB332:
 400:Drivers/STM32G4xx_HAL_Driver/Src/stm32g4xx_hal_flash_ex.c ****   pOBInit->OptionType = (OPTIONBYTE_RDP | OPTIONBYTE_USER);
ARM GAS  /tmp/cceEh1js.s 			page 64


 1753              		.loc 1 400 1 is_stmt 1 view -0
 1754              		.cfi_startproc
 1755              		@ args = 0, pretend = 0, frame = 0
 1756              		@ frame_needed = 0, uses_anonymous_args = 0
 400:Drivers/STM32G4xx_HAL_Driver/Src/stm32g4xx_hal_flash_ex.c ****   pOBInit->OptionType = (OPTIONBYTE_RDP | OPTIONBYTE_USER);
 1757              		.loc 1 400 1 is_stmt 0 view .LVU562
 1758 0000 10B5     		push	{r4, lr}
 1759              	.LCFI8:
 1760              		.cfi_def_cfa_offset 8
 1761              		.cfi_offset 4, -8
 1762              		.cfi_offset 14, -4
 1763 0002 0446     		mov	r4, r0
 401:Drivers/STM32G4xx_HAL_Driver/Src/stm32g4xx_hal_flash_ex.c **** 
 1764              		.loc 1 401 3 is_stmt 1 view .LVU563
 401:Drivers/STM32G4xx_HAL_Driver/Src/stm32g4xx_hal_flash_ex.c **** 
 1765              		.loc 1 401 23 is_stmt 0 view .LVU564
 1766 0004 0623     		movs	r3, #6
 1767 0006 0360     		str	r3, [r0]
 404:Drivers/STM32G4xx_HAL_Driver/Src/stm32g4xx_hal_flash_ex.c ****       (pOBInit->WRPArea == OB_WRPAREA_BANK2_AREAA) || (pOBInit->WRPArea == OB_WRPAREA_BANK2_AREAB))
 1768              		.loc 1 404 3 is_stmt 1 view .LVU565
 404:Drivers/STM32G4xx_HAL_Driver/Src/stm32g4xx_hal_flash_ex.c ****       (pOBInit->WRPArea == OB_WRPAREA_BANK2_AREAA) || (pOBInit->WRPArea == OB_WRPAREA_BANK2_AREAB))
 1769              		.loc 1 404 15 is_stmt 0 view .LVU566
 1770 0008 4068     		ldr	r0, [r0, #4]
 1771              	.LVL165:
 404:Drivers/STM32G4xx_HAL_Driver/Src/stm32g4xx_hal_flash_ex.c ****       (pOBInit->WRPArea == OB_WRPAREA_BANK2_AREAA) || (pOBInit->WRPArea == OB_WRPAREA_BANK2_AREAB))
 1772              		.loc 1 404 6 view .LVU567
 1773 000a 0228     		cmp	r0, #2
 1774 000c 01D9     		bls	.L149
 405:Drivers/STM32G4xx_HAL_Driver/Src/stm32g4xx_hal_flash_ex.c **** #else
 1775              		.loc 1 405 52 view .LVU568
 1776 000e 0428     		cmp	r0, #4
 1777 0010 07D1     		bne	.L150
 1778              	.L149:
 410:Drivers/STM32G4xx_HAL_Driver/Src/stm32g4xx_hal_flash_ex.c ****     /* Get write protection on the selected area */
 1779              		.loc 1 410 5 is_stmt 1 view .LVU569
 410:Drivers/STM32G4xx_HAL_Driver/Src/stm32g4xx_hal_flash_ex.c ****     /* Get write protection on the selected area */
 1780              		.loc 1 410 25 is_stmt 0 view .LVU570
 1781 0012 2246     		mov	r2, r4
 1782 0014 0723     		movs	r3, #7
 1783 0016 42F80C3B 		str	r3, [r2], #12
 412:Drivers/STM32G4xx_HAL_Driver/Src/stm32g4xx_hal_flash_ex.c ****   }
 1784              		.loc 1 412 5 is_stmt 1 view .LVU571
 1785 001a 04F10801 		add	r1, r4, #8
 1786 001e FFF7FEFF 		bl	FLASH_OB_GetWRP
 1787              	.LVL166:
 1788              	.L150:
 416:Drivers/STM32G4xx_HAL_Driver/Src/stm32g4xx_hal_flash_ex.c **** 
 1789              		.loc 1 416 3 view .LVU572
 416:Drivers/STM32G4xx_HAL_Driver/Src/stm32g4xx_hal_flash_ex.c **** 
 1790              		.loc 1 416 23 is_stmt 0 view .LVU573
 1791 0022 FFF7FEFF 		bl	FLASH_OB_GetRDP
 1792              	.LVL167:
 416:Drivers/STM32G4xx_HAL_Driver/Src/stm32g4xx_hal_flash_ex.c **** 
 1793              		.loc 1 416 21 discriminator 1 view .LVU574
 1794 0026 2061     		str	r0, [r4, #16]
 419:Drivers/STM32G4xx_HAL_Driver/Src/stm32g4xx_hal_flash_ex.c **** 
 1795              		.loc 1 419 3 is_stmt 1 view .LVU575
ARM GAS  /tmp/cceEh1js.s 			page 65


 419:Drivers/STM32G4xx_HAL_Driver/Src/stm32g4xx_hal_flash_ex.c **** 
 1796              		.loc 1 419 25 is_stmt 0 view .LVU576
 1797 0028 FFF7FEFF 		bl	FLASH_OB_GetUser
 1798              	.LVL168:
 419:Drivers/STM32G4xx_HAL_Driver/Src/stm32g4xx_hal_flash_ex.c **** 
 1799              		.loc 1 419 23 discriminator 1 view .LVU577
 1800 002c A061     		str	r0, [r4, #24]
 422:Drivers/STM32G4xx_HAL_Driver/Src/stm32g4xx_hal_flash_ex.c **** #else
 1801              		.loc 1 422 3 is_stmt 1 view .LVU578
 422:Drivers/STM32G4xx_HAL_Driver/Src/stm32g4xx_hal_flash_ex.c **** #else
 1802              		.loc 1 422 15 is_stmt 0 view .LVU579
 1803 002e E369     		ldr	r3, [r4, #28]
 422:Drivers/STM32G4xx_HAL_Driver/Src/stm32g4xx_hal_flash_ex.c **** #else
 1804              		.loc 1 422 46 view .LVU580
 1805 0030 013B     		subs	r3, r3, #1
 422:Drivers/STM32G4xx_HAL_Driver/Src/stm32g4xx_hal_flash_ex.c **** #else
 1806              		.loc 1 422 6 view .LVU581
 1807 0032 012B     		cmp	r3, #1
 1808 0034 0BD9     		bls	.L154
 1809              	.L151:
 432:Drivers/STM32G4xx_HAL_Driver/Src/stm32g4xx_hal_flash_ex.c **** 
 1810              		.loc 1 432 3 is_stmt 1 view .LVU582
 432:Drivers/STM32G4xx_HAL_Driver/Src/stm32g4xx_hal_flash_ex.c **** 
 1811              		.loc 1 432 10 is_stmt 0 view .LVU583
 1812 0036 2368     		ldr	r3, [r4]
 432:Drivers/STM32G4xx_HAL_Driver/Src/stm32g4xx_hal_flash_ex.c **** 
 1813              		.loc 1 432 23 view .LVU584
 1814 0038 43F01003 		orr	r3, r3, #16
 1815 003c 2360     		str	r3, [r4]
 435:Drivers/STM32G4xx_HAL_Driver/Src/stm32g4xx_hal_flash_ex.c **** 
 1816              		.loc 1 435 3 is_stmt 1 view .LVU585
 435:Drivers/STM32G4xx_HAL_Driver/Src/stm32g4xx_hal_flash_ex.c **** 
 1817              		.loc 1 435 29 is_stmt 0 view .LVU586
 1818 003e FFF7FEFF 		bl	FLASH_OB_GetBootLock
 1819              	.LVL169:
 435:Drivers/STM32G4xx_HAL_Driver/Src/stm32g4xx_hal_flash_ex.c **** 
 1820              		.loc 1 435 27 discriminator 1 view .LVU587
 1821 0042 A062     		str	r0, [r4, #40]
 439:Drivers/STM32G4xx_HAL_Driver/Src/stm32g4xx_hal_flash_ex.c **** #else
 1822              		.loc 1 439 3 is_stmt 1 view .LVU588
 439:Drivers/STM32G4xx_HAL_Driver/Src/stm32g4xx_hal_flash_ex.c **** #else
 1823              		.loc 1 439 15 is_stmt 0 view .LVU589
 1824 0044 E06A     		ldr	r0, [r4, #44]
 439:Drivers/STM32G4xx_HAL_Driver/Src/stm32g4xx_hal_flash_ex.c **** #else
 1825              		.loc 1 439 42 view .LVU590
 1826 0046 431E     		subs	r3, r0, #1
 439:Drivers/STM32G4xx_HAL_Driver/Src/stm32g4xx_hal_flash_ex.c **** #else
 1827              		.loc 1 439 6 view .LVU591
 1828 0048 012B     		cmp	r3, #1
 1829 004a 0DD9     		bls	.L155
 1830              	.L148:
 447:Drivers/STM32G4xx_HAL_Driver/Src/stm32g4xx_hal_flash_ex.c **** 
 1831              		.loc 1 447 1 view .LVU592
 1832 004c 10BD     		pop	{r4, pc}
 1833              	.LVL170:
 1834              	.L154:
 427:Drivers/STM32G4xx_HAL_Driver/Src/stm32g4xx_hal_flash_ex.c ****     /* Get the Proprietary code readout protection */
ARM GAS  /tmp/cceEh1js.s 			page 66


 1835              		.loc 1 427 5 is_stmt 1 view .LVU593
 427:Drivers/STM32G4xx_HAL_Driver/Src/stm32g4xx_hal_flash_ex.c ****     /* Get the Proprietary code readout protection */
 1836              		.loc 1 427 12 is_stmt 0 view .LVU594
 1837 004e 2368     		ldr	r3, [r4]
 427:Drivers/STM32G4xx_HAL_Driver/Src/stm32g4xx_hal_flash_ex.c ****     /* Get the Proprietary code readout protection */
 1838              		.loc 1 427 25 view .LVU595
 1839 0050 43F00803 		orr	r3, r3, #8
 1840 0054 2246     		mov	r2, r4
 1841 0056 42F8243B 		str	r3, [r2], #36
 429:Drivers/STM32G4xx_HAL_Driver/Src/stm32g4xx_hal_flash_ex.c ****   }
 1842              		.loc 1 429 5 is_stmt 1 view .LVU596
 1843 005a 04F12001 		add	r1, r4, #32
 1844 005e 04F11C00 		add	r0, r4, #28
 1845 0062 FFF7FEFF 		bl	FLASH_OB_GetPCROP
 1846              	.LVL171:
 1847 0066 E6E7     		b	.L151
 1848              	.L155:
 444:Drivers/STM32G4xx_HAL_Driver/Src/stm32g4xx_hal_flash_ex.c ****     FLASH_OB_GetSecMem(pOBInit->SecBank, &(pOBInit->SecSize));
 1849              		.loc 1 444 5 view .LVU597
 444:Drivers/STM32G4xx_HAL_Driver/Src/stm32g4xx_hal_flash_ex.c ****     FLASH_OB_GetSecMem(pOBInit->SecBank, &(pOBInit->SecSize));
 1850              		.loc 1 444 12 is_stmt 0 view .LVU598
 1851 0068 2368     		ldr	r3, [r4]
 444:Drivers/STM32G4xx_HAL_Driver/Src/stm32g4xx_hal_flash_ex.c ****     FLASH_OB_GetSecMem(pOBInit->SecBank, &(pOBInit->SecSize));
 1852              		.loc 1 444 25 view .LVU599
 1853 006a 43F02003 		orr	r3, r3, #32
 1854 006e 2146     		mov	r1, r4
 1855 0070 41F8303B 		str	r3, [r1], #48
 445:Drivers/STM32G4xx_HAL_Driver/Src/stm32g4xx_hal_flash_ex.c ****   }
 1856              		.loc 1 445 5 is_stmt 1 view .LVU600
 1857 0074 FFF7FEFF 		bl	FLASH_OB_GetSecMem
 1858              	.LVL172:
 447:Drivers/STM32G4xx_HAL_Driver/Src/stm32g4xx_hal_flash_ex.c **** 
 1859              		.loc 1 447 1 is_stmt 0 view .LVU601
 1860 0078 E8E7     		b	.L148
 1861              		.cfi_endproc
 1862              	.LFE332:
 1864              		.section	.text.HAL_FLASHEx_EnableSecMemProtection,"ax",%progbits
 1865              		.align	1
 1866              		.global	HAL_FLASHEx_EnableSecMemProtection
 1867              		.syntax unified
 1868              		.thumb
 1869              		.thumb_func
 1871              	HAL_FLASHEx_EnableSecMemProtection:
 1872              	.LVL173:
 1873              	.LFB333:
 460:Drivers/STM32G4xx_HAL_Driver/Src/stm32g4xx_hal_flash_ex.c **** #if defined (FLASH_OPTR_DBANK)
 1874              		.loc 1 460 1 is_stmt 1 view -0
 1875              		.cfi_startproc
 1876              		@ args = 0, pretend = 0, frame = 0
 1877              		@ frame_needed = 0, uses_anonymous_args = 0
 1878              		@ link register save eliminated.
 462:Drivers/STM32G4xx_HAL_Driver/Src/stm32g4xx_hal_flash_ex.c ****   {
 1879              		.loc 1 462 3 view .LVU603
 462:Drivers/STM32G4xx_HAL_Driver/Src/stm32g4xx_hal_flash_ex.c ****   {
 1880              		.loc 1 462 7 is_stmt 0 view .LVU604
 1881 0000 0E4B     		ldr	r3, .L160
 1882 0002 1B6A     		ldr	r3, [r3, #32]
ARM GAS  /tmp/cceEh1js.s 			page 67


 462:Drivers/STM32G4xx_HAL_Driver/Src/stm32g4xx_hal_flash_ex.c ****   {
 1883              		.loc 1 462 6 view .LVU605
 1884 0004 13F4800F 		tst	r3, #4194304
 1885 0008 10D0     		beq	.L157
 465:Drivers/STM32G4xx_HAL_Driver/Src/stm32g4xx_hal_flash_ex.c **** 
 1886              		.loc 1 465 5 is_stmt 1 view .LVU606
 468:Drivers/STM32G4xx_HAL_Driver/Src/stm32g4xx_hal_flash_ex.c ****     {
 1887              		.loc 1 468 5 view .LVU607
 468:Drivers/STM32G4xx_HAL_Driver/Src/stm32g4xx_hal_flash_ex.c ****     {
 1888              		.loc 1 468 8 is_stmt 0 view .LVU608
 1889 000a 10F0010F 		tst	r0, #1
 1890 000e 04D0     		beq	.L158
 470:Drivers/STM32G4xx_HAL_Driver/Src/stm32g4xx_hal_flash_ex.c ****     }
 1891              		.loc 1 470 7 is_stmt 1 view .LVU609
 1892 0010 0A4A     		ldr	r2, .L160
 1893 0012 5369     		ldr	r3, [r2, #20]
 1894 0014 43F08053 		orr	r3, r3, #268435456
 1895 0018 5361     		str	r3, [r2, #20]
 1896              	.L158:
 474:Drivers/STM32G4xx_HAL_Driver/Src/stm32g4xx_hal_flash_ex.c ****     {
 1897              		.loc 1 474 5 view .LVU610
 474:Drivers/STM32G4xx_HAL_Driver/Src/stm32g4xx_hal_flash_ex.c ****     {
 1898              		.loc 1 474 8 is_stmt 0 view .LVU611
 1899 001a 10F0020F 		tst	r0, #2
 1900 001e 0AD0     		beq	.L159
 476:Drivers/STM32G4xx_HAL_Driver/Src/stm32g4xx_hal_flash_ex.c ****     }
 1901              		.loc 1 476 7 is_stmt 1 view .LVU612
 1902 0020 064A     		ldr	r2, .L160
 1903 0022 5369     		ldr	r3, [r2, #20]
 1904 0024 43F00053 		orr	r3, r3, #536870912
 1905 0028 5361     		str	r3, [r2, #20]
 1906 002a 04E0     		b	.L159
 1907              	.L157:
 481:Drivers/STM32G4xx_HAL_Driver/Src/stm32g4xx_hal_flash_ex.c ****   }
 1908              		.loc 1 481 5 view .LVU613
 1909 002c 034A     		ldr	r2, .L160
 1910 002e 5369     		ldr	r3, [r2, #20]
 1911 0030 43F08053 		orr	r3, r3, #268435456
 1912 0034 5361     		str	r3, [r2, #20]
 1913              	.L159:
 489:Drivers/STM32G4xx_HAL_Driver/Src/stm32g4xx_hal_flash_ex.c **** }
 1914              		.loc 1 489 3 view .LVU614
 490:Drivers/STM32G4xx_HAL_Driver/Src/stm32g4xx_hal_flash_ex.c **** 
 1915              		.loc 1 490 1 is_stmt 0 view .LVU615
 1916 0036 0020     		movs	r0, #0
 1917              	.LVL174:
 490:Drivers/STM32G4xx_HAL_Driver/Src/stm32g4xx_hal_flash_ex.c **** 
 1918              		.loc 1 490 1 view .LVU616
 1919 0038 7047     		bx	lr
 1920              	.L161:
 1921 003a 00BF     		.align	2
 1922              	.L160:
 1923 003c 00200240 		.word	1073881088
 1924              		.cfi_endproc
 1925              	.LFE333:
 1927              		.section	.text.HAL_FLASHEx_EnableDebugger,"ax",%progbits
 1928              		.align	1
ARM GAS  /tmp/cceEh1js.s 			page 68


 1929              		.global	HAL_FLASHEx_EnableDebugger
 1930              		.syntax unified
 1931              		.thumb
 1932              		.thumb_func
 1934              	HAL_FLASHEx_EnableDebugger:
 1935              	.LFB334:
 498:Drivers/STM32G4xx_HAL_Driver/Src/stm32g4xx_hal_flash_ex.c ****   FLASH->ACR |= FLASH_ACR_DBG_SWEN;
 1936              		.loc 1 498 1 is_stmt 1 view -0
 1937              		.cfi_startproc
 1938              		@ args = 0, pretend = 0, frame = 0
 1939              		@ frame_needed = 0, uses_anonymous_args = 0
 1940              		@ link register save eliminated.
 499:Drivers/STM32G4xx_HAL_Driver/Src/stm32g4xx_hal_flash_ex.c **** }
 1941              		.loc 1 499 3 view .LVU618
 499:Drivers/STM32G4xx_HAL_Driver/Src/stm32g4xx_hal_flash_ex.c **** }
 1942              		.loc 1 499 8 is_stmt 0 view .LVU619
 1943 0000 024A     		ldr	r2, .L163
 1944 0002 1368     		ldr	r3, [r2]
 499:Drivers/STM32G4xx_HAL_Driver/Src/stm32g4xx_hal_flash_ex.c **** }
 1945              		.loc 1 499 14 view .LVU620
 1946 0004 43F48023 		orr	r3, r3, #262144
 1947 0008 1360     		str	r3, [r2]
 500:Drivers/STM32G4xx_HAL_Driver/Src/stm32g4xx_hal_flash_ex.c **** 
 1948              		.loc 1 500 1 view .LVU621
 1949 000a 7047     		bx	lr
 1950              	.L164:
 1951              		.align	2
 1952              	.L163:
 1953 000c 00200240 		.word	1073881088
 1954              		.cfi_endproc
 1955              	.LFE334:
 1957              		.section	.text.HAL_FLASHEx_DisableDebugger,"ax",%progbits
 1958              		.align	1
 1959              		.global	HAL_FLASHEx_DisableDebugger
 1960              		.syntax unified
 1961              		.thumb
 1962              		.thumb_func
 1964              	HAL_FLASHEx_DisableDebugger:
 1965              	.LFB335:
 510:Drivers/STM32G4xx_HAL_Driver/Src/stm32g4xx_hal_flash_ex.c ****   FLASH->ACR &= ~FLASH_ACR_DBG_SWEN;
 1966              		.loc 1 510 1 is_stmt 1 view -0
 1967              		.cfi_startproc
 1968              		@ args = 0, pretend = 0, frame = 0
 1969              		@ frame_needed = 0, uses_anonymous_args = 0
 1970              		@ link register save eliminated.
 511:Drivers/STM32G4xx_HAL_Driver/Src/stm32g4xx_hal_flash_ex.c **** }
 1971              		.loc 1 511 3 view .LVU623
 511:Drivers/STM32G4xx_HAL_Driver/Src/stm32g4xx_hal_flash_ex.c **** }
 1972              		.loc 1 511 8 is_stmt 0 view .LVU624
 1973 0000 024A     		ldr	r2, .L166
 1974 0002 1368     		ldr	r3, [r2]
 511:Drivers/STM32G4xx_HAL_Driver/Src/stm32g4xx_hal_flash_ex.c **** }
 1975              		.loc 1 511 14 view .LVU625
 1976 0004 23F48023 		bic	r3, r3, #262144
 1977 0008 1360     		str	r3, [r2]
 512:Drivers/STM32G4xx_HAL_Driver/Src/stm32g4xx_hal_flash_ex.c **** 
 1978              		.loc 1 512 1 view .LVU626
ARM GAS  /tmp/cceEh1js.s 			page 69


 1979 000a 7047     		bx	lr
 1980              	.L167:
 1981              		.align	2
 1982              	.L166:
 1983 000c 00200240 		.word	1073881088
 1984              		.cfi_endproc
 1985              	.LFE335:
 1987              		.section	.text.FLASH_PageErase,"ax",%progbits
 1988              		.align	1
 1989              		.global	FLASH_PageErase
 1990              		.syntax unified
 1991              		.thumb
 1992              		.thumb_func
 1994              	FLASH_PageErase:
 1995              	.LVL175:
 1996              	.LFB337:
 583:Drivers/STM32G4xx_HAL_Driver/Src/stm32g4xx_hal_flash_ex.c ****   /* Check the parameters */
 1997              		.loc 1 583 1 is_stmt 1 view -0
 1998              		.cfi_startproc
 1999              		@ args = 0, pretend = 0, frame = 0
 2000              		@ frame_needed = 0, uses_anonymous_args = 0
 2001              		@ link register save eliminated.
 585:Drivers/STM32G4xx_HAL_Driver/Src/stm32g4xx_hal_flash_ex.c **** 
 2002              		.loc 1 585 3 view .LVU628
 588:Drivers/STM32G4xx_HAL_Driver/Src/stm32g4xx_hal_flash_ex.c ****   {
 2003              		.loc 1 588 3 view .LVU629
 588:Drivers/STM32G4xx_HAL_Driver/Src/stm32g4xx_hal_flash_ex.c ****   {
 2004              		.loc 1 588 7 is_stmt 0 view .LVU630
 2005 0000 154B     		ldr	r3, .L172
 2006 0002 1B6A     		ldr	r3, [r3, #32]
 588:Drivers/STM32G4xx_HAL_Driver/Src/stm32g4xx_hal_flash_ex.c ****   {
 2007              		.loc 1 588 6 view .LVU631
 2008 0004 13F4800F 		tst	r3, #4194304
 2009 0008 16D1     		bne	.L169
 590:Drivers/STM32G4xx_HAL_Driver/Src/stm32g4xx_hal_flash_ex.c ****   }
 2010              		.loc 1 590 5 is_stmt 1 view .LVU632
 2011 000a 134A     		ldr	r2, .L172
 2012 000c 5369     		ldr	r3, [r2, #20]
 2013 000e 23F40063 		bic	r3, r3, #2048
 2014 0012 5361     		str	r3, [r2, #20]
 2015              	.L170:
 611:Drivers/STM32G4xx_HAL_Driver/Src/stm32g4xx_hal_flash_ex.c ****   SET_BIT(FLASH->CR, FLASH_CR_PER);
 2016              		.loc 1 611 3 view .LVU633
 2017 0014 104B     		ldr	r3, .L172
 2018 0016 5A69     		ldr	r2, [r3, #20]
 2019 0018 22F47E72 		bic	r2, r2, #1016
 2020 001c C000     		lsls	r0, r0, #3
 2021              	.LVL176:
 611:Drivers/STM32G4xx_HAL_Driver/Src/stm32g4xx_hal_flash_ex.c ****   SET_BIT(FLASH->CR, FLASH_CR_PER);
 2022              		.loc 1 611 3 is_stmt 0 view .LVU634
 2023 001e 00F4FF60 		and	r0, r0, #2040
 2024 0022 0243     		orrs	r2, r2, r0
 2025 0024 5A61     		str	r2, [r3, #20]
 612:Drivers/STM32G4xx_HAL_Driver/Src/stm32g4xx_hal_flash_ex.c ****   SET_BIT(FLASH->CR, FLASH_CR_STRT);
 2026              		.loc 1 612 3 is_stmt 1 view .LVU635
 2027 0026 5A69     		ldr	r2, [r3, #20]
 2028 0028 42F00202 		orr	r2, r2, #2
ARM GAS  /tmp/cceEh1js.s 			page 70


 2029 002c 5A61     		str	r2, [r3, #20]
 613:Drivers/STM32G4xx_HAL_Driver/Src/stm32g4xx_hal_flash_ex.c **** }
 2030              		.loc 1 613 3 view .LVU636
 2031 002e 5A69     		ldr	r2, [r3, #20]
 2032 0030 42F48032 		orr	r2, r2, #65536
 2033 0034 5A61     		str	r2, [r3, #20]
 614:Drivers/STM32G4xx_HAL_Driver/Src/stm32g4xx_hal_flash_ex.c **** 
 2034              		.loc 1 614 1 is_stmt 0 view .LVU637
 2035 0036 7047     		bx	lr
 2036              	.LVL177:
 2037              	.L169:
 594:Drivers/STM32G4xx_HAL_Driver/Src/stm32g4xx_hal_flash_ex.c **** 
 2038              		.loc 1 594 5 is_stmt 1 view .LVU638
 596:Drivers/STM32G4xx_HAL_Driver/Src/stm32g4xx_hal_flash_ex.c ****     {
 2039              		.loc 1 596 5 view .LVU639
 596:Drivers/STM32G4xx_HAL_Driver/Src/stm32g4xx_hal_flash_ex.c ****     {
 2040              		.loc 1 596 8 is_stmt 0 view .LVU640
 2041 0038 11F0010F 		tst	r1, #1
 2042 003c 05D0     		beq	.L171
 598:Drivers/STM32G4xx_HAL_Driver/Src/stm32g4xx_hal_flash_ex.c ****     }
 2043              		.loc 1 598 7 is_stmt 1 view .LVU641
 2044 003e 064A     		ldr	r2, .L172
 2045 0040 5369     		ldr	r3, [r2, #20]
 2046 0042 23F40063 		bic	r3, r3, #2048
 2047 0046 5361     		str	r3, [r2, #20]
 2048 0048 E4E7     		b	.L170
 2049              	.L171:
 602:Drivers/STM32G4xx_HAL_Driver/Src/stm32g4xx_hal_flash_ex.c ****     }
 2050              		.loc 1 602 7 view .LVU642
 2051 004a 034A     		ldr	r2, .L172
 2052 004c 5369     		ldr	r3, [r2, #20]
 2053 004e 43F40063 		orr	r3, r3, #2048
 2054 0052 5361     		str	r3, [r2, #20]
 2055 0054 DEE7     		b	.L170
 2056              	.L173:
 2057 0056 00BF     		.align	2
 2058              	.L172:
 2059 0058 00200240 		.word	1073881088
 2060              		.cfi_endproc
 2061              	.LFE337:
 2063              		.section	.text.HAL_FLASHEx_Erase_IT,"ax",%progbits
 2064              		.align	1
 2065              		.global	HAL_FLASHEx_Erase_IT
 2066              		.syntax unified
 2067              		.thumb
 2068              		.thumb_func
 2070              	HAL_FLASHEx_Erase_IT:
 2071              	.LVL178:
 2072              	.LFB330:
 238:Drivers/STM32G4xx_HAL_Driver/Src/stm32g4xx_hal_flash_ex.c ****   HAL_StatusTypeDef status = HAL_OK;
 2073              		.loc 1 238 1 view -0
 2074              		.cfi_startproc
 2075              		@ args = 0, pretend = 0, frame = 0
 2076              		@ frame_needed = 0, uses_anonymous_args = 0
 238:Drivers/STM32G4xx_HAL_Driver/Src/stm32g4xx_hal_flash_ex.c ****   HAL_StatusTypeDef status = HAL_OK;
 2077              		.loc 1 238 1 is_stmt 0 view .LVU644
 2078 0000 08B5     		push	{r3, lr}
ARM GAS  /tmp/cceEh1js.s 			page 71


 2079              	.LCFI9:
 2080              		.cfi_def_cfa_offset 8
 2081              		.cfi_offset 3, -8
 2082              		.cfi_offset 14, -4
 239:Drivers/STM32G4xx_HAL_Driver/Src/stm32g4xx_hal_flash_ex.c **** 
 2083              		.loc 1 239 3 is_stmt 1 view .LVU645
 2084              	.LVL179:
 242:Drivers/STM32G4xx_HAL_Driver/Src/stm32g4xx_hal_flash_ex.c **** 
 2085              		.loc 1 242 3 view .LVU646
 242:Drivers/STM32G4xx_HAL_Driver/Src/stm32g4xx_hal_flash_ex.c **** 
 2086              		.loc 1 242 3 view .LVU647
 2087 0002 294B     		ldr	r3, .L185
 2088 0004 1B78     		ldrb	r3, [r3]	@ zero_extendqisi2
 2089 0006 012B     		cmp	r3, #1
 2090 0008 4BD0     		beq	.L182
 242:Drivers/STM32G4xx_HAL_Driver/Src/stm32g4xx_hal_flash_ex.c **** 
 2091              		.loc 1 242 3 discriminator 2 view .LVU648
 2092 000a 274B     		ldr	r3, .L185
 2093 000c 0122     		movs	r2, #1
 2094 000e 1A70     		strb	r2, [r3]
 242:Drivers/STM32G4xx_HAL_Driver/Src/stm32g4xx_hal_flash_ex.c **** 
 2095              		.loc 1 242 3 discriminator 2 view .LVU649
 245:Drivers/STM32G4xx_HAL_Driver/Src/stm32g4xx_hal_flash_ex.c **** 
 2096              		.loc 1 245 3 view .LVU650
 247:Drivers/STM32G4xx_HAL_Driver/Src/stm32g4xx_hal_flash_ex.c **** 
 2097              		.loc 1 247 3 view .LVU651
 247:Drivers/STM32G4xx_HAL_Driver/Src/stm32g4xx_hal_flash_ex.c **** 
 2098              		.loc 1 247 20 is_stmt 0 view .LVU652
 2099 0010 0022     		movs	r2, #0
 2100 0012 5A60     		str	r2, [r3, #4]
 250:Drivers/STM32G4xx_HAL_Driver/Src/stm32g4xx_hal_flash_ex.c ****   {
 2101              		.loc 1 250 3 is_stmt 1 view .LVU653
 250:Drivers/STM32G4xx_HAL_Driver/Src/stm32g4xx_hal_flash_ex.c ****   {
 2102              		.loc 1 250 7 is_stmt 0 view .LVU654
 2103 0014 254B     		ldr	r3, .L185+4
 2104 0016 1B68     		ldr	r3, [r3]
 250:Drivers/STM32G4xx_HAL_Driver/Src/stm32g4xx_hal_flash_ex.c ****   {
 2105              		.loc 1 250 6 view .LVU655
 2106 0018 13F4007F 		tst	r3, #512
 2107 001c 28D0     		beq	.L176
 252:Drivers/STM32G4xx_HAL_Driver/Src/stm32g4xx_hal_flash_ex.c ****     {
 2108              		.loc 1 252 5 is_stmt 1 view .LVU656
 252:Drivers/STM32G4xx_HAL_Driver/Src/stm32g4xx_hal_flash_ex.c ****     {
 2109              		.loc 1 252 9 is_stmt 0 view .LVU657
 2110 001e 234B     		ldr	r3, .L185+4
 2111 0020 1B68     		ldr	r3, [r3]
 252:Drivers/STM32G4xx_HAL_Driver/Src/stm32g4xx_hal_flash_ex.c ****     {
 2112              		.loc 1 252 8 view .LVU658
 2113 0022 13F4806F 		tst	r3, #1024
 2114 0026 1FD0     		beq	.L177
 255:Drivers/STM32G4xx_HAL_Driver/Src/stm32g4xx_hal_flash_ex.c ****       pFlash.CacheToReactivate = FLASH_CACHE_ICACHE_DCACHE_ENABLED;
 2115              		.loc 1 255 7 is_stmt 1 view .LVU659
 2116 0028 204A     		ldr	r2, .L185+4
 2117 002a 1368     		ldr	r3, [r2]
 2118 002c 23F48063 		bic	r3, r3, #1024
 2119 0030 1360     		str	r3, [r2]
 256:Drivers/STM32G4xx_HAL_Driver/Src/stm32g4xx_hal_flash_ex.c ****     }
ARM GAS  /tmp/cceEh1js.s 			page 72


 2120              		.loc 1 256 7 view .LVU660
 256:Drivers/STM32G4xx_HAL_Driver/Src/stm32g4xx_hal_flash_ex.c ****     }
 2121              		.loc 1 256 32 is_stmt 0 view .LVU661
 2122 0032 1D4B     		ldr	r3, .L185
 2123 0034 0322     		movs	r2, #3
 2124 0036 1A77     		strb	r2, [r3, #28]
 2125              	.L178:
 275:Drivers/STM32G4xx_HAL_Driver/Src/stm32g4xx_hal_flash_ex.c **** 
 2126              		.loc 1 275 3 is_stmt 1 view .LVU662
 275:Drivers/STM32G4xx_HAL_Driver/Src/stm32g4xx_hal_flash_ex.c **** 
 2127              		.loc 1 275 3 view .LVU663
 275:Drivers/STM32G4xx_HAL_Driver/Src/stm32g4xx_hal_flash_ex.c **** 
 2128              		.loc 1 275 3 discriminator 2 view .LVU664
 275:Drivers/STM32G4xx_HAL_Driver/Src/stm32g4xx_hal_flash_ex.c **** 
 2129              		.loc 1 275 3 discriminator 3 view .LVU665
 2130 0038 1C4A     		ldr	r2, .L185+4
 2131 003a 5369     		ldr	r3, [r2, #20]
 2132 003c 43F04073 		orr	r3, r3, #50331648
 2133 0040 5361     		str	r3, [r2, #20]
 275:Drivers/STM32G4xx_HAL_Driver/Src/stm32g4xx_hal_flash_ex.c **** 
 2134              		.loc 1 275 3 discriminator 4 view .LVU666
 277:Drivers/STM32G4xx_HAL_Driver/Src/stm32g4xx_hal_flash_ex.c **** 
 2135              		.loc 1 277 3 view .LVU667
 277:Drivers/STM32G4xx_HAL_Driver/Src/stm32g4xx_hal_flash_ex.c **** 
 2136              		.loc 1 277 27 is_stmt 0 view .LVU668
 2137 0042 4268     		ldr	r2, [r0, #4]
 277:Drivers/STM32G4xx_HAL_Driver/Src/stm32g4xx_hal_flash_ex.c **** 
 2138              		.loc 1 277 15 view .LVU669
 2139 0044 184B     		ldr	r3, .L185
 2140 0046 1A61     		str	r2, [r3, #16]
 279:Drivers/STM32G4xx_HAL_Driver/Src/stm32g4xx_hal_flash_ex.c ****   {
 2141              		.loc 1 279 3 is_stmt 1 view .LVU670
 279:Drivers/STM32G4xx_HAL_Driver/Src/stm32g4xx_hal_flash_ex.c ****   {
 2142              		.loc 1 279 17 is_stmt 0 view .LVU671
 2143 0048 0368     		ldr	r3, [r0]
 279:Drivers/STM32G4xx_HAL_Driver/Src/stm32g4xx_hal_flash_ex.c ****   {
 2144              		.loc 1 279 6 view .LVU672
 2145 004a 012B     		cmp	r3, #1
 2146 004c 22D0     		beq	.L184
 288:Drivers/STM32G4xx_HAL_Driver/Src/stm32g4xx_hal_flash_ex.c ****     pFlash.NbPagesToErase = pEraseInit->NbPages;
 2147              		.loc 1 288 5 is_stmt 1 view .LVU673
 288:Drivers/STM32G4xx_HAL_Driver/Src/stm32g4xx_hal_flash_ex.c ****     pFlash.NbPagesToErase = pEraseInit->NbPages;
 2148              		.loc 1 288 29 is_stmt 0 view .LVU674
 2149 004e 164B     		ldr	r3, .L185
 2150 0050 0122     		movs	r2, #1
 2151 0052 1A72     		strb	r2, [r3, #8]
 289:Drivers/STM32G4xx_HAL_Driver/Src/stm32g4xx_hal_flash_ex.c ****     pFlash.Page = pEraseInit->Page;
 2152              		.loc 1 289 5 is_stmt 1 view .LVU675
 289:Drivers/STM32G4xx_HAL_Driver/Src/stm32g4xx_hal_flash_ex.c ****     pFlash.Page = pEraseInit->Page;
 2153              		.loc 1 289 39 is_stmt 0 view .LVU676
 2154 0054 C268     		ldr	r2, [r0, #12]
 289:Drivers/STM32G4xx_HAL_Driver/Src/stm32g4xx_hal_flash_ex.c ****     pFlash.Page = pEraseInit->Page;
 2155              		.loc 1 289 27 view .LVU677
 2156 0056 9A61     		str	r2, [r3, #24]
 290:Drivers/STM32G4xx_HAL_Driver/Src/stm32g4xx_hal_flash_ex.c **** 
 2157              		.loc 1 290 5 is_stmt 1 view .LVU678
 290:Drivers/STM32G4xx_HAL_Driver/Src/stm32g4xx_hal_flash_ex.c **** 
ARM GAS  /tmp/cceEh1js.s 			page 73


 2158              		.loc 1 290 29 is_stmt 0 view .LVU679
 2159 0058 8268     		ldr	r2, [r0, #8]
 290:Drivers/STM32G4xx_HAL_Driver/Src/stm32g4xx_hal_flash_ex.c **** 
 2160              		.loc 1 290 17 view .LVU680
 2161 005a 5A61     		str	r2, [r3, #20]
 293:Drivers/STM32G4xx_HAL_Driver/Src/stm32g4xx_hal_flash_ex.c ****   }
 2162              		.loc 1 293 5 is_stmt 1 view .LVU681
 2163 005c 4168     		ldr	r1, [r0, #4]
 2164 005e 8068     		ldr	r0, [r0, #8]
 2165              	.LVL180:
 293:Drivers/STM32G4xx_HAL_Driver/Src/stm32g4xx_hal_flash_ex.c ****   }
 2166              		.loc 1 293 5 is_stmt 0 view .LVU682
 2167 0060 FFF7FEFF 		bl	FLASH_PageErase
 2168              	.LVL181:
 2169              	.L181:
 296:Drivers/STM32G4xx_HAL_Driver/Src/stm32g4xx_hal_flash_ex.c **** }
 2170              		.loc 1 296 10 view .LVU683
 2171 0064 0020     		movs	r0, #0
 2172              	.L175:
 297:Drivers/STM32G4xx_HAL_Driver/Src/stm32g4xx_hal_flash_ex.c **** 
 2173              		.loc 1 297 1 view .LVU684
 2174 0066 08BD     		pop	{r3, pc}
 2175              	.LVL182:
 2176              	.L177:
 260:Drivers/STM32G4xx_HAL_Driver/Src/stm32g4xx_hal_flash_ex.c ****     }
 2177              		.loc 1 260 7 is_stmt 1 view .LVU685
 260:Drivers/STM32G4xx_HAL_Driver/Src/stm32g4xx_hal_flash_ex.c ****     }
 2178              		.loc 1 260 32 is_stmt 0 view .LVU686
 2179 0068 0F4B     		ldr	r3, .L185
 2180 006a 0122     		movs	r2, #1
 2181 006c 1A77     		strb	r2, [r3, #28]
 2182 006e E3E7     		b	.L178
 2183              	.L176:
 263:Drivers/STM32G4xx_HAL_Driver/Src/stm32g4xx_hal_flash_ex.c ****   {
 2184              		.loc 1 263 8 is_stmt 1 view .LVU687
 263:Drivers/STM32G4xx_HAL_Driver/Src/stm32g4xx_hal_flash_ex.c ****   {
 2185              		.loc 1 263 12 is_stmt 0 view .LVU688
 2186 0070 0E4B     		ldr	r3, .L185+4
 2187 0072 1B68     		ldr	r3, [r3]
 263:Drivers/STM32G4xx_HAL_Driver/Src/stm32g4xx_hal_flash_ex.c ****   {
 2188              		.loc 1 263 11 view .LVU689
 2189 0074 13F4806F 		tst	r3, #1024
 2190 0078 08D0     		beq	.L179
 266:Drivers/STM32G4xx_HAL_Driver/Src/stm32g4xx_hal_flash_ex.c ****     pFlash.CacheToReactivate = FLASH_CACHE_DCACHE_ENABLED;
 2191              		.loc 1 266 5 is_stmt 1 view .LVU690
 2192 007a 0C4A     		ldr	r2, .L185+4
 2193 007c 1368     		ldr	r3, [r2]
 2194 007e 23F48063 		bic	r3, r3, #1024
 2195 0082 1360     		str	r3, [r2]
 267:Drivers/STM32G4xx_HAL_Driver/Src/stm32g4xx_hal_flash_ex.c ****   }
 2196              		.loc 1 267 5 view .LVU691
 267:Drivers/STM32G4xx_HAL_Driver/Src/stm32g4xx_hal_flash_ex.c ****   }
 2197              		.loc 1 267 30 is_stmt 0 view .LVU692
 2198 0084 084B     		ldr	r3, .L185
 2199 0086 0222     		movs	r2, #2
 2200 0088 1A77     		strb	r2, [r3, #28]
 2201 008a D5E7     		b	.L178
ARM GAS  /tmp/cceEh1js.s 			page 74


 2202              	.L179:
 271:Drivers/STM32G4xx_HAL_Driver/Src/stm32g4xx_hal_flash_ex.c ****   }
 2203              		.loc 1 271 5 is_stmt 1 view .LVU693
 271:Drivers/STM32G4xx_HAL_Driver/Src/stm32g4xx_hal_flash_ex.c ****   }
 2204              		.loc 1 271 30 is_stmt 0 view .LVU694
 2205 008c 064B     		ldr	r3, .L185
 2206 008e 0022     		movs	r2, #0
 2207 0090 1A77     		strb	r2, [r3, #28]
 2208 0092 D1E7     		b	.L178
 2209              	.L184:
 282:Drivers/STM32G4xx_HAL_Driver/Src/stm32g4xx_hal_flash_ex.c ****     FLASH_MassErase(pEraseInit->Banks);
 2210              		.loc 1 282 5 is_stmt 1 view .LVU695
 282:Drivers/STM32G4xx_HAL_Driver/Src/stm32g4xx_hal_flash_ex.c ****     FLASH_MassErase(pEraseInit->Banks);
 2211              		.loc 1 282 29 is_stmt 0 view .LVU696
 2212 0094 044B     		ldr	r3, .L185
 2213 0096 0222     		movs	r2, #2
 2214 0098 1A72     		strb	r2, [r3, #8]
 283:Drivers/STM32G4xx_HAL_Driver/Src/stm32g4xx_hal_flash_ex.c ****   }
 2215              		.loc 1 283 5 is_stmt 1 view .LVU697
 2216 009a 4068     		ldr	r0, [r0, #4]
 2217              	.LVL183:
 283:Drivers/STM32G4xx_HAL_Driver/Src/stm32g4xx_hal_flash_ex.c ****   }
 2218              		.loc 1 283 5 is_stmt 0 view .LVU698
 2219 009c FFF7FEFF 		bl	FLASH_MassErase
 2220              	.LVL184:
 2221 00a0 E0E7     		b	.L181
 2222              	.LVL185:
 2223              	.L182:
 242:Drivers/STM32G4xx_HAL_Driver/Src/stm32g4xx_hal_flash_ex.c **** 
 2224              		.loc 1 242 3 discriminator 1 view .LVU699
 2225 00a2 0220     		movs	r0, #2
 2226              	.LVL186:
 242:Drivers/STM32G4xx_HAL_Driver/Src/stm32g4xx_hal_flash_ex.c **** 
 2227              		.loc 1 242 3 discriminator 1 view .LVU700
 2228 00a4 DFE7     		b	.L175
 2229              	.L186:
 2230 00a6 00BF     		.align	2
 2231              	.L185:
 2232 00a8 00000000 		.word	pFlash
 2233 00ac 00200240 		.word	1073881088
 2234              		.cfi_endproc
 2235              	.LFE330:
 2237              		.section	.text.FLASH_FlushCaches,"ax",%progbits
 2238              		.align	1
 2239              		.global	FLASH_FlushCaches
 2240              		.syntax unified
 2241              		.thumb
 2242              		.thumb_func
 2244              	FLASH_FlushCaches:
 2245              	.LFB338:
 621:Drivers/STM32G4xx_HAL_Driver/Src/stm32g4xx_hal_flash_ex.c ****   FLASH_CacheTypeDef cache = pFlash.CacheToReactivate;
 2246              		.loc 1 621 1 is_stmt 1 view -0
 2247              		.cfi_startproc
 2248              		@ args = 0, pretend = 0, frame = 0
 2249              		@ frame_needed = 0, uses_anonymous_args = 0
 2250              		@ link register save eliminated.
 622:Drivers/STM32G4xx_HAL_Driver/Src/stm32g4xx_hal_flash_ex.c **** 
ARM GAS  /tmp/cceEh1js.s 			page 75


 2251              		.loc 1 622 3 view .LVU702
 622:Drivers/STM32G4xx_HAL_Driver/Src/stm32g4xx_hal_flash_ex.c **** 
 2252              		.loc 1 622 22 is_stmt 0 view .LVU703
 2253 0000 164B     		ldr	r3, .L192
 2254 0002 1B7F     		ldrb	r3, [r3, #28]	@ zero_extendqisi2
 2255              	.LVL187:
 625:Drivers/STM32G4xx_HAL_Driver/Src/stm32g4xx_hal_flash_ex.c ****       (cache == FLASH_CACHE_ICACHE_DCACHE_ENABLED))
 2256              		.loc 1 625 3 is_stmt 1 view .LVU704
 625:Drivers/STM32G4xx_HAL_Driver/Src/stm32g4xx_hal_flash_ex.c ****       (cache == FLASH_CACHE_ICACHE_DCACHE_ENABLED))
 2257              		.loc 1 625 6 is_stmt 0 view .LVU705
 2258 0004 012B     		cmp	r3, #1
 2259 0006 01D0     		beq	.L188
 625:Drivers/STM32G4xx_HAL_Driver/Src/stm32g4xx_hal_flash_ex.c ****       (cache == FLASH_CACHE_ICACHE_DCACHE_ENABLED))
 2260              		.loc 1 625 45 discriminator 1 view .LVU706
 2261 0008 032B     		cmp	r3, #3
 2262 000a 10D1     		bne	.L189
 2263              	.L188:
 629:Drivers/STM32G4xx_HAL_Driver/Src/stm32g4xx_hal_flash_ex.c ****     /* Reset instruction cache */
 2264              		.loc 1 629 5 is_stmt 1 view .LVU707
 2265 000c 144A     		ldr	r2, .L192+4
 2266 000e 1168     		ldr	r1, [r2]
 2267 0010 21F40071 		bic	r1, r1, #512
 2268 0014 1160     		str	r1, [r2]
 631:Drivers/STM32G4xx_HAL_Driver/Src/stm32g4xx_hal_flash_ex.c ****     /* Enable instruction cache */
 2269              		.loc 1 631 5 view .LVU708
 631:Drivers/STM32G4xx_HAL_Driver/Src/stm32g4xx_hal_flash_ex.c ****     /* Enable instruction cache */
 2270              		.loc 1 631 5 view .LVU709
 2271 0016 1168     		ldr	r1, [r2]
 2272 0018 41F40061 		orr	r1, r1, #2048
 2273 001c 1160     		str	r1, [r2]
 631:Drivers/STM32G4xx_HAL_Driver/Src/stm32g4xx_hal_flash_ex.c ****     /* Enable instruction cache */
 2274              		.loc 1 631 5 view .LVU710
 2275 001e 1168     		ldr	r1, [r2]
 2276 0020 21F40061 		bic	r1, r1, #2048
 2277 0024 1160     		str	r1, [r2]
 631:Drivers/STM32G4xx_HAL_Driver/Src/stm32g4xx_hal_flash_ex.c ****     /* Enable instruction cache */
 2278              		.loc 1 631 5 view .LVU711
 633:Drivers/STM32G4xx_HAL_Driver/Src/stm32g4xx_hal_flash_ex.c ****   }
 2279              		.loc 1 633 5 view .LVU712
 2280 0026 1168     		ldr	r1, [r2]
 2281 0028 41F40071 		orr	r1, r1, #512
 2282 002c 1160     		str	r1, [r2]
 2283              	.L189:
 637:Drivers/STM32G4xx_HAL_Driver/Src/stm32g4xx_hal_flash_ex.c ****       (cache == FLASH_CACHE_ICACHE_DCACHE_ENABLED))
 2284              		.loc 1 637 3 view .LVU713
 637:Drivers/STM32G4xx_HAL_Driver/Src/stm32g4xx_hal_flash_ex.c ****       (cache == FLASH_CACHE_ICACHE_DCACHE_ENABLED))
 2285              		.loc 1 637 45 is_stmt 0 view .LVU714
 2286 002e 023B     		subs	r3, r3, #2
 2287              	.LVL188:
 637:Drivers/STM32G4xx_HAL_Driver/Src/stm32g4xx_hal_flash_ex.c ****       (cache == FLASH_CACHE_ICACHE_DCACHE_ENABLED))
 2288              		.loc 1 637 45 view .LVU715
 2289 0030 DBB2     		uxtb	r3, r3
 2290              	.LVL189:
 637:Drivers/STM32G4xx_HAL_Driver/Src/stm32g4xx_hal_flash_ex.c ****       (cache == FLASH_CACHE_ICACHE_DCACHE_ENABLED))
 2291              		.loc 1 637 6 view .LVU716
 2292 0032 012B     		cmp	r3, #1
 2293 0034 03D9     		bls	.L191
ARM GAS  /tmp/cceEh1js.s 			page 76


 2294              	.L190:
 647:Drivers/STM32G4xx_HAL_Driver/Src/stm32g4xx_hal_flash_ex.c **** }
 2295              		.loc 1 647 3 is_stmt 1 view .LVU717
 647:Drivers/STM32G4xx_HAL_Driver/Src/stm32g4xx_hal_flash_ex.c **** }
 2296              		.loc 1 647 28 is_stmt 0 view .LVU718
 2297 0036 094B     		ldr	r3, .L192
 2298 0038 0022     		movs	r2, #0
 2299 003a 1A77     		strb	r2, [r3, #28]
 648:Drivers/STM32G4xx_HAL_Driver/Src/stm32g4xx_hal_flash_ex.c **** 
 2300              		.loc 1 648 1 view .LVU719
 2301 003c 7047     		bx	lr
 2302              	.L191:
 641:Drivers/STM32G4xx_HAL_Driver/Src/stm32g4xx_hal_flash_ex.c ****     /* Enable data cache */
 2303              		.loc 1 641 5 is_stmt 1 view .LVU720
 641:Drivers/STM32G4xx_HAL_Driver/Src/stm32g4xx_hal_flash_ex.c ****     /* Enable data cache */
 2304              		.loc 1 641 5 view .LVU721
 2305 003e 084B     		ldr	r3, .L192+4
 2306 0040 1A68     		ldr	r2, [r3]
 2307 0042 42F48052 		orr	r2, r2, #4096
 2308 0046 1A60     		str	r2, [r3]
 641:Drivers/STM32G4xx_HAL_Driver/Src/stm32g4xx_hal_flash_ex.c ****     /* Enable data cache */
 2309              		.loc 1 641 5 view .LVU722
 2310 0048 1A68     		ldr	r2, [r3]
 2311 004a 22F48052 		bic	r2, r2, #4096
 2312 004e 1A60     		str	r2, [r3]
 641:Drivers/STM32G4xx_HAL_Driver/Src/stm32g4xx_hal_flash_ex.c ****     /* Enable data cache */
 2313              		.loc 1 641 5 view .LVU723
 643:Drivers/STM32G4xx_HAL_Driver/Src/stm32g4xx_hal_flash_ex.c ****   }
 2314              		.loc 1 643 5 view .LVU724
 2315 0050 1A68     		ldr	r2, [r3]
 2316 0052 42F48062 		orr	r2, r2, #1024
 2317 0056 1A60     		str	r2, [r3]
 2318 0058 EDE7     		b	.L190
 2319              	.L193:
 2320 005a 00BF     		.align	2
 2321              	.L192:
 2322 005c 00000000 		.word	pFlash
 2323 0060 00200240 		.word	1073881088
 2324              		.cfi_endproc
 2325              	.LFE338:
 2327              		.section	.text.HAL_FLASHEx_Erase,"ax",%progbits
 2328              		.align	1
 2329              		.global	HAL_FLASHEx_Erase
 2330              		.syntax unified
 2331              		.thumb
 2332              		.thumb_func
 2334              	HAL_FLASHEx_Erase:
 2335              	.LVL190:
 2336              	.LFB329:
 139:Drivers/STM32G4xx_HAL_Driver/Src/stm32g4xx_hal_flash_ex.c ****   HAL_StatusTypeDef status;
 2337              		.loc 1 139 1 view -0
 2338              		.cfi_startproc
 2339              		@ args = 0, pretend = 0, frame = 0
 2340              		@ frame_needed = 0, uses_anonymous_args = 0
 139:Drivers/STM32G4xx_HAL_Driver/Src/stm32g4xx_hal_flash_ex.c ****   HAL_StatusTypeDef status;
 2341              		.loc 1 139 1 is_stmt 0 view .LVU726
 2342 0000 F8B5     		push	{r3, r4, r5, r6, r7, lr}
ARM GAS  /tmp/cceEh1js.s 			page 77


 2343              	.LCFI10:
 2344              		.cfi_def_cfa_offset 24
 2345              		.cfi_offset 3, -24
 2346              		.cfi_offset 4, -20
 2347              		.cfi_offset 5, -16
 2348              		.cfi_offset 6, -12
 2349              		.cfi_offset 7, -8
 2350              		.cfi_offset 14, -4
 140:Drivers/STM32G4xx_HAL_Driver/Src/stm32g4xx_hal_flash_ex.c ****   uint32_t page_index;
 2351              		.loc 1 140 3 is_stmt 1 view .LVU727
 141:Drivers/STM32G4xx_HAL_Driver/Src/stm32g4xx_hal_flash_ex.c **** 
 2352              		.loc 1 141 3 view .LVU728
 144:Drivers/STM32G4xx_HAL_Driver/Src/stm32g4xx_hal_flash_ex.c **** 
 2353              		.loc 1 144 3 view .LVU729
 147:Drivers/STM32G4xx_HAL_Driver/Src/stm32g4xx_hal_flash_ex.c **** 
 2354              		.loc 1 147 3 view .LVU730
 147:Drivers/STM32G4xx_HAL_Driver/Src/stm32g4xx_hal_flash_ex.c **** 
 2355              		.loc 1 147 3 view .LVU731
 2356 0002 3A4B     		ldr	r3, .L210
 2357 0004 1B78     		ldrb	r3, [r3]	@ zero_extendqisi2
 2358 0006 012B     		cmp	r3, #1
 2359 0008 6CD0     		beq	.L206
 2360 000a 0446     		mov	r4, r0
 2361 000c 0F46     		mov	r7, r1
 147:Drivers/STM32G4xx_HAL_Driver/Src/stm32g4xx_hal_flash_ex.c **** 
 2362              		.loc 1 147 3 discriminator 2 view .LVU732
 2363 000e 374B     		ldr	r3, .L210
 2364 0010 0122     		movs	r2, #1
 2365 0012 1A70     		strb	r2, [r3]
 147:Drivers/STM32G4xx_HAL_Driver/Src/stm32g4xx_hal_flash_ex.c **** 
 2366              		.loc 1 147 3 discriminator 2 view .LVU733
 150:Drivers/STM32G4xx_HAL_Driver/Src/stm32g4xx_hal_flash_ex.c **** 
 2367              		.loc 1 150 3 view .LVU734
 150:Drivers/STM32G4xx_HAL_Driver/Src/stm32g4xx_hal_flash_ex.c **** 
 2368              		.loc 1 150 12 is_stmt 0 view .LVU735
 2369 0014 4FF47A70 		mov	r0, #1000
 2370              	.LVL191:
 150:Drivers/STM32G4xx_HAL_Driver/Src/stm32g4xx_hal_flash_ex.c **** 
 2371              		.loc 1 150 12 view .LVU736
 2372 0018 FFF7FEFF 		bl	FLASH_WaitForLastOperation
 2373              	.LVL192:
 152:Drivers/STM32G4xx_HAL_Driver/Src/stm32g4xx_hal_flash_ex.c ****   {
 2374              		.loc 1 152 3 is_stmt 1 view .LVU737
 152:Drivers/STM32G4xx_HAL_Driver/Src/stm32g4xx_hal_flash_ex.c ****   {
 2375              		.loc 1 152 6 is_stmt 0 view .LVU738
 2376 001c 0646     		mov	r6, r0
 2377 001e 0028     		cmp	r0, #0
 2378 0020 5BD1     		bne	.L196
 154:Drivers/STM32G4xx_HAL_Driver/Src/stm32g4xx_hal_flash_ex.c **** 
 2379              		.loc 1 154 5 is_stmt 1 view .LVU739
 154:Drivers/STM32G4xx_HAL_Driver/Src/stm32g4xx_hal_flash_ex.c **** 
 2380              		.loc 1 154 22 is_stmt 0 view .LVU740
 2381 0022 324B     		ldr	r3, .L210
 2382 0024 5860     		str	r0, [r3, #4]
 157:Drivers/STM32G4xx_HAL_Driver/Src/stm32g4xx_hal_flash_ex.c ****     {
 2383              		.loc 1 157 5 is_stmt 1 view .LVU741
 157:Drivers/STM32G4xx_HAL_Driver/Src/stm32g4xx_hal_flash_ex.c ****     {
ARM GAS  /tmp/cceEh1js.s 			page 78


 2384              		.loc 1 157 9 is_stmt 0 view .LVU742
 2385 0026 324B     		ldr	r3, .L210+4
 2386 0028 1B68     		ldr	r3, [r3]
 157:Drivers/STM32G4xx_HAL_Driver/Src/stm32g4xx_hal_flash_ex.c ****     {
 2387              		.loc 1 157 8 view .LVU743
 2388 002a 13F4007F 		tst	r3, #512
 2389 002e 2FD0     		beq	.L197
 159:Drivers/STM32G4xx_HAL_Driver/Src/stm32g4xx_hal_flash_ex.c ****       {
 2390              		.loc 1 159 7 is_stmt 1 view .LVU744
 159:Drivers/STM32G4xx_HAL_Driver/Src/stm32g4xx_hal_flash_ex.c ****       {
 2391              		.loc 1 159 11 is_stmt 0 view .LVU745
 2392 0030 2F4B     		ldr	r3, .L210+4
 2393 0032 1B68     		ldr	r3, [r3]
 159:Drivers/STM32G4xx_HAL_Driver/Src/stm32g4xx_hal_flash_ex.c ****       {
 2394              		.loc 1 159 10 view .LVU746
 2395 0034 13F4806F 		tst	r3, #1024
 2396 0038 26D0     		beq	.L198
 162:Drivers/STM32G4xx_HAL_Driver/Src/stm32g4xx_hal_flash_ex.c ****         pFlash.CacheToReactivate = FLASH_CACHE_ICACHE_DCACHE_ENABLED;
 2397              		.loc 1 162 9 is_stmt 1 view .LVU747
 2398 003a 2D4A     		ldr	r2, .L210+4
 2399 003c 1368     		ldr	r3, [r2]
 2400 003e 23F48063 		bic	r3, r3, #1024
 2401 0042 1360     		str	r3, [r2]
 163:Drivers/STM32G4xx_HAL_Driver/Src/stm32g4xx_hal_flash_ex.c ****       }
 2402              		.loc 1 163 9 view .LVU748
 163:Drivers/STM32G4xx_HAL_Driver/Src/stm32g4xx_hal_flash_ex.c ****       }
 2403              		.loc 1 163 34 is_stmt 0 view .LVU749
 2404 0044 294B     		ldr	r3, .L210
 2405 0046 0322     		movs	r2, #3
 2406 0048 1A77     		strb	r2, [r3, #28]
 2407              	.L199:
 181:Drivers/STM32G4xx_HAL_Driver/Src/stm32g4xx_hal_flash_ex.c ****     {
 2408              		.loc 1 181 5 is_stmt 1 view .LVU750
 181:Drivers/STM32G4xx_HAL_Driver/Src/stm32g4xx_hal_flash_ex.c ****     {
 2409              		.loc 1 181 19 is_stmt 0 view .LVU751
 2410 004a 2368     		ldr	r3, [r4]
 181:Drivers/STM32G4xx_HAL_Driver/Src/stm32g4xx_hal_flash_ex.c ****     {
 2411              		.loc 1 181 8 view .LVU752
 2412 004c 012B     		cmp	r3, #1
 2413 004e 31D0     		beq	.L208
 200:Drivers/STM32G4xx_HAL_Driver/Src/stm32g4xx_hal_flash_ex.c **** 
 2414              		.loc 1 200 7 is_stmt 1 view .LVU753
 200:Drivers/STM32G4xx_HAL_Driver/Src/stm32g4xx_hal_flash_ex.c **** 
 2415              		.loc 1 200 18 is_stmt 0 view .LVU754
 2416 0050 4FF0FF33 		mov	r3, #-1
 2417 0054 3B60     		str	r3, [r7]
 202:Drivers/STM32G4xx_HAL_Driver/Src/stm32g4xx_hal_flash_ex.c ****       {
 2418              		.loc 1 202 7 is_stmt 1 view .LVU755
 202:Drivers/STM32G4xx_HAL_Driver/Src/stm32g4xx_hal_flash_ex.c ****       {
 2419              		.loc 1 202 23 is_stmt 0 view .LVU756
 2420 0056 A568     		ldr	r5, [r4, #8]
 2421              	.LVL193:
 2422              	.L203:
 202:Drivers/STM32G4xx_HAL_Driver/Src/stm32g4xx_hal_flash_ex.c ****       {
 2423              		.loc 1 202 54 is_stmt 1 discriminator 2 view .LVU757
 202:Drivers/STM32G4xx_HAL_Driver/Src/stm32g4xx_hal_flash_ex.c ****       {
 2424              		.loc 1 202 67 is_stmt 0 discriminator 2 view .LVU758
ARM GAS  /tmp/cceEh1js.s 			page 79


 2425 0058 A368     		ldr	r3, [r4, #8]
 202:Drivers/STM32G4xx_HAL_Driver/Src/stm32g4xx_hal_flash_ex.c ****       {
 2426              		.loc 1 202 86 discriminator 2 view .LVU759
 2427 005a E268     		ldr	r2, [r4, #12]
 202:Drivers/STM32G4xx_HAL_Driver/Src/stm32g4xx_hal_flash_ex.c ****       {
 2428              		.loc 1 202 74 discriminator 2 view .LVU760
 2429 005c 1344     		add	r3, r3, r2
 202:Drivers/STM32G4xx_HAL_Driver/Src/stm32g4xx_hal_flash_ex.c ****       {
 2430              		.loc 1 202 54 discriminator 2 view .LVU761
 2431 005e AB42     		cmp	r3, r5
 2432 0060 39D9     		bls	.L202
 204:Drivers/STM32G4xx_HAL_Driver/Src/stm32g4xx_hal_flash_ex.c **** 
 2433              		.loc 1 204 9 is_stmt 1 view .LVU762
 2434 0062 6168     		ldr	r1, [r4, #4]
 2435 0064 2846     		mov	r0, r5
 2436 0066 FFF7FEFF 		bl	FLASH_PageErase
 2437              	.LVL194:
 207:Drivers/STM32G4xx_HAL_Driver/Src/stm32g4xx_hal_flash_ex.c **** 
 2438              		.loc 1 207 9 view .LVU763
 207:Drivers/STM32G4xx_HAL_Driver/Src/stm32g4xx_hal_flash_ex.c **** 
 2439              		.loc 1 207 18 is_stmt 0 view .LVU764
 2440 006a 4FF47A70 		mov	r0, #1000
 2441 006e FFF7FEFF 		bl	FLASH_WaitForLastOperation
 2442              	.LVL195:
 210:Drivers/STM32G4xx_HAL_Driver/Src/stm32g4xx_hal_flash_ex.c **** 
 2443              		.loc 1 210 9 is_stmt 1 view .LVU765
 2444 0072 1F4A     		ldr	r2, .L210+4
 2445 0074 5369     		ldr	r3, [r2, #20]
 2446 0076 23F47E73 		bic	r3, r3, #1016
 2447 007a 23F00203 		bic	r3, r3, #2
 2448 007e 5361     		str	r3, [r2, #20]
 212:Drivers/STM32G4xx_HAL_Driver/Src/stm32g4xx_hal_flash_ex.c ****         {
 2449              		.loc 1 212 9 view .LVU766
 212:Drivers/STM32G4xx_HAL_Driver/Src/stm32g4xx_hal_flash_ex.c ****         {
 2450              		.loc 1 212 12 is_stmt 0 view .LVU767
 2451 0080 0646     		mov	r6, r0
 2452 0082 38BB     		cbnz	r0, .L209
 202:Drivers/STM32G4xx_HAL_Driver/Src/stm32g4xx_hal_flash_ex.c ****       {
 2453              		.loc 1 202 108 is_stmt 1 discriminator 1 view .LVU768
 2454 0084 0135     		adds	r5, r5, #1
 2455              	.LVL196:
 202:Drivers/STM32G4xx_HAL_Driver/Src/stm32g4xx_hal_flash_ex.c ****       {
 2456              		.loc 1 202 108 is_stmt 0 discriminator 1 view .LVU769
 2457 0086 E7E7     		b	.L203
 2458              	.LVL197:
 2459              	.L198:
 167:Drivers/STM32G4xx_HAL_Driver/Src/stm32g4xx_hal_flash_ex.c ****       }
 2460              		.loc 1 167 9 is_stmt 1 view .LVU770
 167:Drivers/STM32G4xx_HAL_Driver/Src/stm32g4xx_hal_flash_ex.c ****       }
 2461              		.loc 1 167 34 is_stmt 0 view .LVU771
 2462 0088 184B     		ldr	r3, .L210
 2463 008a 0122     		movs	r2, #1
 2464 008c 1A77     		strb	r2, [r3, #28]
 2465 008e DCE7     		b	.L199
 2466              	.L197:
 170:Drivers/STM32G4xx_HAL_Driver/Src/stm32g4xx_hal_flash_ex.c ****     {
 2467              		.loc 1 170 10 is_stmt 1 view .LVU772
ARM GAS  /tmp/cceEh1js.s 			page 80


 170:Drivers/STM32G4xx_HAL_Driver/Src/stm32g4xx_hal_flash_ex.c ****     {
 2468              		.loc 1 170 14 is_stmt 0 view .LVU773
 2469 0090 174B     		ldr	r3, .L210+4
 2470 0092 1B68     		ldr	r3, [r3]
 170:Drivers/STM32G4xx_HAL_Driver/Src/stm32g4xx_hal_flash_ex.c ****     {
 2471              		.loc 1 170 13 view .LVU774
 2472 0094 13F4806F 		tst	r3, #1024
 2473 0098 08D0     		beq	.L200
 173:Drivers/STM32G4xx_HAL_Driver/Src/stm32g4xx_hal_flash_ex.c ****       pFlash.CacheToReactivate = FLASH_CACHE_DCACHE_ENABLED;
 2474              		.loc 1 173 7 is_stmt 1 view .LVU775
 2475 009a 154A     		ldr	r2, .L210+4
 2476 009c 1368     		ldr	r3, [r2]
 2477 009e 23F48063 		bic	r3, r3, #1024
 2478 00a2 1360     		str	r3, [r2]
 174:Drivers/STM32G4xx_HAL_Driver/Src/stm32g4xx_hal_flash_ex.c ****     }
 2479              		.loc 1 174 7 view .LVU776
 174:Drivers/STM32G4xx_HAL_Driver/Src/stm32g4xx_hal_flash_ex.c ****     }
 2480              		.loc 1 174 32 is_stmt 0 view .LVU777
 2481 00a4 114B     		ldr	r3, .L210
 2482 00a6 0222     		movs	r2, #2
 2483 00a8 1A77     		strb	r2, [r3, #28]
 2484 00aa CEE7     		b	.L199
 2485              	.L200:
 178:Drivers/STM32G4xx_HAL_Driver/Src/stm32g4xx_hal_flash_ex.c ****     }
 2486              		.loc 1 178 7 is_stmt 1 view .LVU778
 178:Drivers/STM32G4xx_HAL_Driver/Src/stm32g4xx_hal_flash_ex.c ****     }
 2487              		.loc 1 178 32 is_stmt 0 view .LVU779
 2488 00ac 0F4B     		ldr	r3, .L210
 2489 00ae 0022     		movs	r2, #0
 2490 00b0 1A77     		strb	r2, [r3, #28]
 2491 00b2 CAE7     		b	.L199
 2492              	.L208:
 184:Drivers/STM32G4xx_HAL_Driver/Src/stm32g4xx_hal_flash_ex.c **** 
 2493              		.loc 1 184 7 is_stmt 1 view .LVU780
 2494 00b4 6068     		ldr	r0, [r4, #4]
 2495              	.LVL198:
 184:Drivers/STM32G4xx_HAL_Driver/Src/stm32g4xx_hal_flash_ex.c **** 
 2496              		.loc 1 184 7 is_stmt 0 view .LVU781
 2497 00b6 FFF7FEFF 		bl	FLASH_MassErase
 2498              	.LVL199:
 187:Drivers/STM32G4xx_HAL_Driver/Src/stm32g4xx_hal_flash_ex.c **** 
 2499              		.loc 1 187 7 is_stmt 1 view .LVU782
 187:Drivers/STM32G4xx_HAL_Driver/Src/stm32g4xx_hal_flash_ex.c **** 
 2500              		.loc 1 187 16 is_stmt 0 view .LVU783
 2501 00ba 4FF47A70 		mov	r0, #1000
 2502 00be FFF7FEFF 		bl	FLASH_WaitForLastOperation
 2503              	.LVL200:
 2504 00c2 0646     		mov	r6, r0
 2505              	.LVL201:
 191:Drivers/STM32G4xx_HAL_Driver/Src/stm32g4xx_hal_flash_ex.c **** #else
 2506              		.loc 1 191 7 is_stmt 1 view .LVU784
 2507 00c4 0A4A     		ldr	r2, .L210+4
 2508 00c6 5369     		ldr	r3, [r2, #20]
 2509 00c8 23F40043 		bic	r3, r3, #32768
 2510 00cc 23F00403 		bic	r3, r3, #4
 2511 00d0 5361     		str	r3, [r2, #20]
 2512 00d2 00E0     		b	.L202
ARM GAS  /tmp/cceEh1js.s 			page 81


 2513              	.LVL202:
 2514              	.L209:
 215:Drivers/STM32G4xx_HAL_Driver/Src/stm32g4xx_hal_flash_ex.c ****           break;
 2515              		.loc 1 215 11 view .LVU785
 215:Drivers/STM32G4xx_HAL_Driver/Src/stm32g4xx_hal_flash_ex.c ****           break;
 2516              		.loc 1 215 22 is_stmt 0 view .LVU786
 2517 00d4 3D60     		str	r5, [r7]
 216:Drivers/STM32G4xx_HAL_Driver/Src/stm32g4xx_hal_flash_ex.c ****         }
 2518              		.loc 1 216 11 is_stmt 1 view .LVU787
 2519              	.LVL203:
 2520              	.L202:
 222:Drivers/STM32G4xx_HAL_Driver/Src/stm32g4xx_hal_flash_ex.c ****   }
 2521              		.loc 1 222 5 view .LVU788
 2522 00d6 FFF7FEFF 		bl	FLASH_FlushCaches
 2523              	.LVL204:
 2524              	.L196:
 226:Drivers/STM32G4xx_HAL_Driver/Src/stm32g4xx_hal_flash_ex.c **** 
 2525              		.loc 1 226 3 view .LVU789
 226:Drivers/STM32G4xx_HAL_Driver/Src/stm32g4xx_hal_flash_ex.c **** 
 2526              		.loc 1 226 3 view .LVU790
 2527 00da 044B     		ldr	r3, .L210
 2528 00dc 0022     		movs	r2, #0
 2529 00de 1A70     		strb	r2, [r3]
 226:Drivers/STM32G4xx_HAL_Driver/Src/stm32g4xx_hal_flash_ex.c **** 
 2530              		.loc 1 226 3 view .LVU791
 228:Drivers/STM32G4xx_HAL_Driver/Src/stm32g4xx_hal_flash_ex.c **** }
 2531              		.loc 1 228 3 view .LVU792
 2532              	.LVL205:
 2533              	.L195:
 229:Drivers/STM32G4xx_HAL_Driver/Src/stm32g4xx_hal_flash_ex.c **** 
 2534              		.loc 1 229 1 is_stmt 0 view .LVU793
 2535 00e0 3046     		mov	r0, r6
 2536 00e2 F8BD     		pop	{r3, r4, r5, r6, r7, pc}
 2537              	.LVL206:
 2538              	.L206:
 147:Drivers/STM32G4xx_HAL_Driver/Src/stm32g4xx_hal_flash_ex.c **** 
 2539              		.loc 1 147 3 discriminator 1 view .LVU794
 2540 00e4 0223     		movs	r3, #2
 2541 00e6 1E46     		mov	r6, r3
 2542 00e8 FAE7     		b	.L195
 2543              	.L211:
 2544 00ea 00BF     		.align	2
 2545              	.L210:
 2546 00ec 00000000 		.word	pFlash
 2547 00f0 00200240 		.word	1073881088
 2548              		.cfi_endproc
 2549              	.LFE329:
 2551              		.text
 2552              	.Letext0:
 2553              		.file 2 "/usr/arm-none-eabi/include/machine/_default_types.h"
 2554              		.file 3 "/usr/arm-none-eabi/include/sys/_stdint.h"
 2555              		.file 4 "Drivers/CMSIS/Device/ST/STM32G4xx/Include/stm32g474xx.h"
 2556              		.file 5 "Drivers/STM32G4xx_HAL_Driver/Inc/stm32g4xx_hal_def.h"
 2557              		.file 6 "Drivers/STM32G4xx_HAL_Driver/Inc/stm32g4xx_hal_flash.h"
ARM GAS  /tmp/cceEh1js.s 			page 82


DEFINED SYMBOLS
                            *ABS*:00000000 stm32g4xx_hal_flash_ex.c
     /tmp/cceEh1js.s:21     .text.FLASH_MassErase:00000000 $t
     /tmp/cceEh1js.s:26     .text.FLASH_MassErase:00000000 FLASH_MassErase
     /tmp/cceEh1js.s:80     .text.FLASH_MassErase:00000048 $d
     /tmp/cceEh1js.s:85     .text.FLASH_OB_GetSecMem:00000000 $t
     /tmp/cceEh1js.s:90     .text.FLASH_OB_GetSecMem:00000000 FLASH_OB_GetSecMem
     /tmp/cceEh1js.s:132    .text.FLASH_OB_GetSecMem:00000020 $d
     /tmp/cceEh1js.s:137    .text.FLASH_OB_GetBootLock:00000000 $t
     /tmp/cceEh1js.s:142    .text.FLASH_OB_GetBootLock:00000000 FLASH_OB_GetBootLock
     /tmp/cceEh1js.s:159    .text.FLASH_OB_GetBootLock:0000000c $d
     /tmp/cceEh1js.s:164    .text.FLASH_OB_GetWRP:00000000 $t
     /tmp/cceEh1js.s:169    .text.FLASH_OB_GetWRP:00000000 FLASH_OB_GetWRP
     /tmp/cceEh1js.s:182    .text.FLASH_OB_GetWRP:00000008 $d
     /tmp/cceEh1js.s:269    .text.FLASH_OB_GetWRP:00000060 $d
     /tmp/cceEh1js.s:274    .text.FLASH_OB_GetRDP:00000000 $t
     /tmp/cceEh1js.s:279    .text.FLASH_OB_GetRDP:00000000 FLASH_OB_GetRDP
     /tmp/cceEh1js.s:309    .text.FLASH_OB_GetRDP:00000014 $d
     /tmp/cceEh1js.s:314    .text.FLASH_OB_GetUser:00000000 $t
     /tmp/cceEh1js.s:319    .text.FLASH_OB_GetUser:00000000 FLASH_OB_GetUser
     /tmp/cceEh1js.s:341    .text.FLASH_OB_GetUser:0000000c $d
     /tmp/cceEh1js.s:346    .text.FLASH_OB_GetPCROP:00000000 $t
     /tmp/cceEh1js.s:351    .text.FLASH_OB_GetPCROP:00000000 FLASH_OB_GetPCROP
     /tmp/cceEh1js.s:602    .text.FLASH_OB_GetPCROP:0000012c $d
     /tmp/cceEh1js.s:614    .text.FLASH_OB_WRPConfig:00000000 $t
     /tmp/cceEh1js.s:619    .text.FLASH_OB_WRPConfig:00000000 FLASH_OB_WRPConfig
     /tmp/cceEh1js.s:656    .text.FLASH_OB_WRPConfig:0000001a $d
     /tmp/cceEh1js.s:713    .text.FLASH_OB_WRPConfig:0000005c $d
     /tmp/cceEh1js.s:718    .text.FLASH_OB_RDPConfig:00000000 $t
     /tmp/cceEh1js.s:723    .text.FLASH_OB_RDPConfig:00000000 FLASH_OB_RDPConfig
     /tmp/cceEh1js.s:775    .text.FLASH_OB_RDPConfig:00000030 $d
     /tmp/cceEh1js.s:780    .text.FLASH_OB_UserConfig:00000000 $t
     /tmp/cceEh1js.s:785    .text.FLASH_OB_UserConfig:00000000 FLASH_OB_UserConfig
     /tmp/cceEh1js.s:1104   .text.FLASH_OB_UserConfig:00000138 $d
     /tmp/cceEh1js.s:1109   .text.FLASH_OB_PCROPConfig:00000000 $t
     /tmp/cceEh1js.s:1114   .text.FLASH_OB_PCROPConfig:00000000 FLASH_OB_PCROPConfig
     /tmp/cceEh1js.s:1362   .text.FLASH_OB_PCROPConfig:00000140 $d
     /tmp/cceEh1js.s:1372   .text.FLASH_OB_SecMemConfig:00000000 $t
     /tmp/cceEh1js.s:1377   .text.FLASH_OB_SecMemConfig:00000000 FLASH_OB_SecMemConfig
     /tmp/cceEh1js.s:1451   .text.FLASH_OB_SecMemConfig:00000048 $d
     /tmp/cceEh1js.s:1456   .text.FLASH_OB_BootLockConfig:00000000 $t
     /tmp/cceEh1js.s:1461   .text.FLASH_OB_BootLockConfig:00000000 FLASH_OB_BootLockConfig
     /tmp/cceEh1js.s:1513   .text.FLASH_OB_BootLockConfig:00000030 $d
     /tmp/cceEh1js.s:1518   .text.HAL_FLASHEx_OBProgram:00000000 $t
     /tmp/cceEh1js.s:1524   .text.HAL_FLASHEx_OBProgram:00000000 HAL_FLASHEx_OBProgram
     /tmp/cceEh1js.s:1739   .text.HAL_FLASHEx_OBProgram:000000cc $d
     /tmp/cceEh1js.s:1744   .text.HAL_FLASHEx_OBGetConfig:00000000 $t
     /tmp/cceEh1js.s:1750   .text.HAL_FLASHEx_OBGetConfig:00000000 HAL_FLASHEx_OBGetConfig
     /tmp/cceEh1js.s:1865   .text.HAL_FLASHEx_EnableSecMemProtection:00000000 $t
     /tmp/cceEh1js.s:1871   .text.HAL_FLASHEx_EnableSecMemProtection:00000000 HAL_FLASHEx_EnableSecMemProtection
     /tmp/cceEh1js.s:1923   .text.HAL_FLASHEx_EnableSecMemProtection:0000003c $d
     /tmp/cceEh1js.s:1928   .text.HAL_FLASHEx_EnableDebugger:00000000 $t
     /tmp/cceEh1js.s:1934   .text.HAL_FLASHEx_EnableDebugger:00000000 HAL_FLASHEx_EnableDebugger
     /tmp/cceEh1js.s:1953   .text.HAL_FLASHEx_EnableDebugger:0000000c $d
     /tmp/cceEh1js.s:1958   .text.HAL_FLASHEx_DisableDebugger:00000000 $t
     /tmp/cceEh1js.s:1964   .text.HAL_FLASHEx_DisableDebugger:00000000 HAL_FLASHEx_DisableDebugger
     /tmp/cceEh1js.s:1983   .text.HAL_FLASHEx_DisableDebugger:0000000c $d
ARM GAS  /tmp/cceEh1js.s 			page 83


     /tmp/cceEh1js.s:1988   .text.FLASH_PageErase:00000000 $t
     /tmp/cceEh1js.s:1994   .text.FLASH_PageErase:00000000 FLASH_PageErase
     /tmp/cceEh1js.s:2059   .text.FLASH_PageErase:00000058 $d
     /tmp/cceEh1js.s:2064   .text.HAL_FLASHEx_Erase_IT:00000000 $t
     /tmp/cceEh1js.s:2070   .text.HAL_FLASHEx_Erase_IT:00000000 HAL_FLASHEx_Erase_IT
     /tmp/cceEh1js.s:2232   .text.HAL_FLASHEx_Erase_IT:000000a8 $d
     /tmp/cceEh1js.s:2238   .text.FLASH_FlushCaches:00000000 $t
     /tmp/cceEh1js.s:2244   .text.FLASH_FlushCaches:00000000 FLASH_FlushCaches
     /tmp/cceEh1js.s:2322   .text.FLASH_FlushCaches:0000005c $d
     /tmp/cceEh1js.s:2328   .text.HAL_FLASHEx_Erase:00000000 $t
     /tmp/cceEh1js.s:2334   .text.HAL_FLASHEx_Erase:00000000 HAL_FLASHEx_Erase
     /tmp/cceEh1js.s:2546   .text.HAL_FLASHEx_Erase:000000ec $d
     /tmp/cceEh1js.s:187    .text.FLASH_OB_GetWRP:0000000d $d
     /tmp/cceEh1js.s:187    .text.FLASH_OB_GetWRP:0000000e $t
     /tmp/cceEh1js.s:661    .text.FLASH_OB_WRPConfig:0000001f $d
     /tmp/cceEh1js.s:661    .text.FLASH_OB_WRPConfig:00000020 $t

UNDEFINED SYMBOLS
FLASH_WaitForLastOperation
pFlash
