ARM GAS  /tmp/ccaJoL7I.s 			page 1


   1              		.cpu cortex-m4
   2              		.arch armv7e-m
   3              		.fpu fpv4-sp-d16
   4              		.eabi_attribute 27, 1
   5              		.eabi_attribute 28, 1
   6              		.eabi_attribute 20, 1
   7              		.eabi_attribute 21, 1
   8              		.eabi_attribute 23, 3
   9              		.eabi_attribute 24, 1
  10              		.eabi_attribute 25, 1
  11              		.eabi_attribute 26, 1
  12              		.eabi_attribute 30, 2
  13              		.eabi_attribute 34, 1
  14              		.eabi_attribute 18, 4
  15              		.file	"stm32g4xx_hal_rcc_ex.c"
  16              		.text
  17              	.Ltext0:
  18              		.cfi_sections	.debug_frame
  19              		.file 1 "Drivers/STM32G4xx_HAL_Driver/Src/stm32g4xx_hal_rcc_ex.c"
  20              		.section	.text.HAL_RCCEx_PeriphCLKConfig,"ax",%progbits
  21              		.align	1
  22              		.p2align 2,,3
  23              		.global	HAL_RCCEx_PeriphCLKConfig
  24              		.syntax unified
  25              		.thumb
  26              		.thumb_func
  28              	HAL_RCCEx_PeriphCLKConfig:
  29              	.LVL0:
  30              	.LFB329:
   1:Drivers/STM32G4xx_HAL_Driver/Src/stm32g4xx_hal_rcc_ex.c **** /**
   2:Drivers/STM32G4xx_HAL_Driver/Src/stm32g4xx_hal_rcc_ex.c ****   ******************************************************************************
   3:Drivers/STM32G4xx_HAL_Driver/Src/stm32g4xx_hal_rcc_ex.c ****   * @file    stm32g4xx_hal_rcc_ex.c
   4:Drivers/STM32G4xx_HAL_Driver/Src/stm32g4xx_hal_rcc_ex.c ****   * @author  MCD Application Team
   5:Drivers/STM32G4xx_HAL_Driver/Src/stm32g4xx_hal_rcc_ex.c ****   * @brief   Extended RCC HAL module driver.
   6:Drivers/STM32G4xx_HAL_Driver/Src/stm32g4xx_hal_rcc_ex.c ****   *          This file provides firmware functions to manage the following
   7:Drivers/STM32G4xx_HAL_Driver/Src/stm32g4xx_hal_rcc_ex.c ****   *          functionalities RCC extended peripheral:
   8:Drivers/STM32G4xx_HAL_Driver/Src/stm32g4xx_hal_rcc_ex.c ****   *           + Extended Peripheral Control functions
   9:Drivers/STM32G4xx_HAL_Driver/Src/stm32g4xx_hal_rcc_ex.c ****   *           + Extended Clock management functions
  10:Drivers/STM32G4xx_HAL_Driver/Src/stm32g4xx_hal_rcc_ex.c ****   *           + Extended Clock Recovery System Control functions
  11:Drivers/STM32G4xx_HAL_Driver/Src/stm32g4xx_hal_rcc_ex.c ****   *
  12:Drivers/STM32G4xx_HAL_Driver/Src/stm32g4xx_hal_rcc_ex.c ****   ******************************************************************************
  13:Drivers/STM32G4xx_HAL_Driver/Src/stm32g4xx_hal_rcc_ex.c ****   * @attention
  14:Drivers/STM32G4xx_HAL_Driver/Src/stm32g4xx_hal_rcc_ex.c ****   *
  15:Drivers/STM32G4xx_HAL_Driver/Src/stm32g4xx_hal_rcc_ex.c ****   * Copyright (c) 2019 STMicroelectronics.
  16:Drivers/STM32G4xx_HAL_Driver/Src/stm32g4xx_hal_rcc_ex.c ****   * All rights reserved.
  17:Drivers/STM32G4xx_HAL_Driver/Src/stm32g4xx_hal_rcc_ex.c ****   *
  18:Drivers/STM32G4xx_HAL_Driver/Src/stm32g4xx_hal_rcc_ex.c ****   * This software is licensed under terms that can be found in the LICENSE file in
  19:Drivers/STM32G4xx_HAL_Driver/Src/stm32g4xx_hal_rcc_ex.c ****   * the root directory of this software component.
  20:Drivers/STM32G4xx_HAL_Driver/Src/stm32g4xx_hal_rcc_ex.c ****   * If no LICENSE file comes with this software, it is provided AS-IS.
  21:Drivers/STM32G4xx_HAL_Driver/Src/stm32g4xx_hal_rcc_ex.c ****   ******************************************************************************
  22:Drivers/STM32G4xx_HAL_Driver/Src/stm32g4xx_hal_rcc_ex.c ****   */
  23:Drivers/STM32G4xx_HAL_Driver/Src/stm32g4xx_hal_rcc_ex.c **** 
  24:Drivers/STM32G4xx_HAL_Driver/Src/stm32g4xx_hal_rcc_ex.c **** /* Includes ------------------------------------------------------------------*/
  25:Drivers/STM32G4xx_HAL_Driver/Src/stm32g4xx_hal_rcc_ex.c **** #include "stm32g4xx_hal.h"
  26:Drivers/STM32G4xx_HAL_Driver/Src/stm32g4xx_hal_rcc_ex.c **** 
  27:Drivers/STM32G4xx_HAL_Driver/Src/stm32g4xx_hal_rcc_ex.c **** /** @addtogroup STM32G4xx_HAL_Driver
  28:Drivers/STM32G4xx_HAL_Driver/Src/stm32g4xx_hal_rcc_ex.c ****   * @{
ARM GAS  /tmp/ccaJoL7I.s 			page 2


  29:Drivers/STM32G4xx_HAL_Driver/Src/stm32g4xx_hal_rcc_ex.c ****   */
  30:Drivers/STM32G4xx_HAL_Driver/Src/stm32g4xx_hal_rcc_ex.c **** 
  31:Drivers/STM32G4xx_HAL_Driver/Src/stm32g4xx_hal_rcc_ex.c **** /** @defgroup RCCEx RCCEx
  32:Drivers/STM32G4xx_HAL_Driver/Src/stm32g4xx_hal_rcc_ex.c ****   * @brief RCC Extended HAL module driver
  33:Drivers/STM32G4xx_HAL_Driver/Src/stm32g4xx_hal_rcc_ex.c ****   * @{
  34:Drivers/STM32G4xx_HAL_Driver/Src/stm32g4xx_hal_rcc_ex.c ****   */
  35:Drivers/STM32G4xx_HAL_Driver/Src/stm32g4xx_hal_rcc_ex.c **** 
  36:Drivers/STM32G4xx_HAL_Driver/Src/stm32g4xx_hal_rcc_ex.c **** #ifdef HAL_RCC_MODULE_ENABLED
  37:Drivers/STM32G4xx_HAL_Driver/Src/stm32g4xx_hal_rcc_ex.c **** 
  38:Drivers/STM32G4xx_HAL_Driver/Src/stm32g4xx_hal_rcc_ex.c **** /* Private typedef -----------------------------------------------------------*/
  39:Drivers/STM32G4xx_HAL_Driver/Src/stm32g4xx_hal_rcc_ex.c **** /* Private defines -----------------------------------------------------------*/
  40:Drivers/STM32G4xx_HAL_Driver/Src/stm32g4xx_hal_rcc_ex.c **** /** @defgroup RCCEx_Private_Constants RCCEx Private Constants
  41:Drivers/STM32G4xx_HAL_Driver/Src/stm32g4xx_hal_rcc_ex.c ****  * @{
  42:Drivers/STM32G4xx_HAL_Driver/Src/stm32g4xx_hal_rcc_ex.c ****  */
  43:Drivers/STM32G4xx_HAL_Driver/Src/stm32g4xx_hal_rcc_ex.c **** #define PLL_TIMEOUT_VALUE        2U                /* 2 ms (minimum Tick + 1) */
  44:Drivers/STM32G4xx_HAL_Driver/Src/stm32g4xx_hal_rcc_ex.c **** 
  45:Drivers/STM32G4xx_HAL_Driver/Src/stm32g4xx_hal_rcc_ex.c **** #define DIVIDER_P_UPDATE          0U
  46:Drivers/STM32G4xx_HAL_Driver/Src/stm32g4xx_hal_rcc_ex.c **** #define DIVIDER_Q_UPDATE          1U
  47:Drivers/STM32G4xx_HAL_Driver/Src/stm32g4xx_hal_rcc_ex.c **** #define DIVIDER_R_UPDATE          2U
  48:Drivers/STM32G4xx_HAL_Driver/Src/stm32g4xx_hal_rcc_ex.c **** 
  49:Drivers/STM32G4xx_HAL_Driver/Src/stm32g4xx_hal_rcc_ex.c **** #define __LSCO_CLK_ENABLE()       __HAL_RCC_GPIOA_CLK_ENABLE()
  50:Drivers/STM32G4xx_HAL_Driver/Src/stm32g4xx_hal_rcc_ex.c **** #define LSCO_GPIO_PORT            GPIOA
  51:Drivers/STM32G4xx_HAL_Driver/Src/stm32g4xx_hal_rcc_ex.c **** #define LSCO_PIN                  GPIO_PIN_2
  52:Drivers/STM32G4xx_HAL_Driver/Src/stm32g4xx_hal_rcc_ex.c **** /**
  53:Drivers/STM32G4xx_HAL_Driver/Src/stm32g4xx_hal_rcc_ex.c ****   * @}
  54:Drivers/STM32G4xx_HAL_Driver/Src/stm32g4xx_hal_rcc_ex.c ****   */
  55:Drivers/STM32G4xx_HAL_Driver/Src/stm32g4xx_hal_rcc_ex.c **** 
  56:Drivers/STM32G4xx_HAL_Driver/Src/stm32g4xx_hal_rcc_ex.c **** /* Private macros ------------------------------------------------------------*/
  57:Drivers/STM32G4xx_HAL_Driver/Src/stm32g4xx_hal_rcc_ex.c **** /* Private variables ---------------------------------------------------------*/
  58:Drivers/STM32G4xx_HAL_Driver/Src/stm32g4xx_hal_rcc_ex.c **** /* Private function prototypes -----------------------------------------------*/
  59:Drivers/STM32G4xx_HAL_Driver/Src/stm32g4xx_hal_rcc_ex.c **** /** @defgroup RCCEx_Private_Functions RCCEx Private Functions
  60:Drivers/STM32G4xx_HAL_Driver/Src/stm32g4xx_hal_rcc_ex.c ****  * @{
  61:Drivers/STM32G4xx_HAL_Driver/Src/stm32g4xx_hal_rcc_ex.c ****  */
  62:Drivers/STM32G4xx_HAL_Driver/Src/stm32g4xx_hal_rcc_ex.c **** 
  63:Drivers/STM32G4xx_HAL_Driver/Src/stm32g4xx_hal_rcc_ex.c **** /**
  64:Drivers/STM32G4xx_HAL_Driver/Src/stm32g4xx_hal_rcc_ex.c ****   * @}
  65:Drivers/STM32G4xx_HAL_Driver/Src/stm32g4xx_hal_rcc_ex.c ****   */
  66:Drivers/STM32G4xx_HAL_Driver/Src/stm32g4xx_hal_rcc_ex.c **** 
  67:Drivers/STM32G4xx_HAL_Driver/Src/stm32g4xx_hal_rcc_ex.c **** /* Exported functions --------------------------------------------------------*/
  68:Drivers/STM32G4xx_HAL_Driver/Src/stm32g4xx_hal_rcc_ex.c **** 
  69:Drivers/STM32G4xx_HAL_Driver/Src/stm32g4xx_hal_rcc_ex.c **** /** @defgroup RCCEx_Exported_Functions RCCEx Exported Functions
  70:Drivers/STM32G4xx_HAL_Driver/Src/stm32g4xx_hal_rcc_ex.c ****   * @{
  71:Drivers/STM32G4xx_HAL_Driver/Src/stm32g4xx_hal_rcc_ex.c ****   */
  72:Drivers/STM32G4xx_HAL_Driver/Src/stm32g4xx_hal_rcc_ex.c **** 
  73:Drivers/STM32G4xx_HAL_Driver/Src/stm32g4xx_hal_rcc_ex.c **** /** @defgroup RCCEx_Exported_Functions_Group1 Extended Peripheral Control functions
  74:Drivers/STM32G4xx_HAL_Driver/Src/stm32g4xx_hal_rcc_ex.c ****  *  @brief  Extended Peripheral Control functions
  75:Drivers/STM32G4xx_HAL_Driver/Src/stm32g4xx_hal_rcc_ex.c ****  *
  76:Drivers/STM32G4xx_HAL_Driver/Src/stm32g4xx_hal_rcc_ex.c **** @verbatim
  77:Drivers/STM32G4xx_HAL_Driver/Src/stm32g4xx_hal_rcc_ex.c ****  ===============================================================================
  78:Drivers/STM32G4xx_HAL_Driver/Src/stm32g4xx_hal_rcc_ex.c ****                 ##### Extended Peripheral Control functions  #####
  79:Drivers/STM32G4xx_HAL_Driver/Src/stm32g4xx_hal_rcc_ex.c ****  ===============================================================================
  80:Drivers/STM32G4xx_HAL_Driver/Src/stm32g4xx_hal_rcc_ex.c ****     [..]
  81:Drivers/STM32G4xx_HAL_Driver/Src/stm32g4xx_hal_rcc_ex.c ****     This subsection provides a set of functions allowing to control the RCC Clocks
  82:Drivers/STM32G4xx_HAL_Driver/Src/stm32g4xx_hal_rcc_ex.c ****     frequencies.
  83:Drivers/STM32G4xx_HAL_Driver/Src/stm32g4xx_hal_rcc_ex.c ****     [..]
  84:Drivers/STM32G4xx_HAL_Driver/Src/stm32g4xx_hal_rcc_ex.c ****     (@) Important note: Care must be taken when HAL_RCCEx_PeriphCLKConfig() is used to
  85:Drivers/STM32G4xx_HAL_Driver/Src/stm32g4xx_hal_rcc_ex.c ****         select the RTC clock source; in this case the Backup domain will be reset in
ARM GAS  /tmp/ccaJoL7I.s 			page 3


  86:Drivers/STM32G4xx_HAL_Driver/Src/stm32g4xx_hal_rcc_ex.c ****         order to modify the RTC Clock source, as consequence RTC registers (including
  87:Drivers/STM32G4xx_HAL_Driver/Src/stm32g4xx_hal_rcc_ex.c ****         the backup registers) are set to their reset values.
  88:Drivers/STM32G4xx_HAL_Driver/Src/stm32g4xx_hal_rcc_ex.c **** 
  89:Drivers/STM32G4xx_HAL_Driver/Src/stm32g4xx_hal_rcc_ex.c **** @endverbatim
  90:Drivers/STM32G4xx_HAL_Driver/Src/stm32g4xx_hal_rcc_ex.c ****   * @{
  91:Drivers/STM32G4xx_HAL_Driver/Src/stm32g4xx_hal_rcc_ex.c ****   */
  92:Drivers/STM32G4xx_HAL_Driver/Src/stm32g4xx_hal_rcc_ex.c **** /**
  93:Drivers/STM32G4xx_HAL_Driver/Src/stm32g4xx_hal_rcc_ex.c ****   * @brief  Initialize the RCC extended peripherals clocks according to the specified
  94:Drivers/STM32G4xx_HAL_Driver/Src/stm32g4xx_hal_rcc_ex.c ****   *         parameters in the RCC_PeriphCLKInitTypeDef.
  95:Drivers/STM32G4xx_HAL_Driver/Src/stm32g4xx_hal_rcc_ex.c ****   * @param  PeriphClkInit  pointer to an RCC_PeriphCLKInitTypeDef structure that
  96:Drivers/STM32G4xx_HAL_Driver/Src/stm32g4xx_hal_rcc_ex.c ****   *         contains a field PeriphClockSelection which can be a combination of the following value
  97:Drivers/STM32G4xx_HAL_Driver/Src/stm32g4xx_hal_rcc_ex.c ****   *            @arg @ref RCC_PERIPHCLK_RTC  RTC peripheral clock
  98:Drivers/STM32G4xx_HAL_Driver/Src/stm32g4xx_hal_rcc_ex.c ****   *            @arg @ref RCC_PERIPHCLK_USART1  USART1 peripheral clock
  99:Drivers/STM32G4xx_HAL_Driver/Src/stm32g4xx_hal_rcc_ex.c ****   *            @arg @ref RCC_PERIPHCLK_USART2  USART2 peripheral clock
 100:Drivers/STM32G4xx_HAL_Driver/Src/stm32g4xx_hal_rcc_ex.c ****   *            @arg @ref RCC_PERIPHCLK_USART3  USART3 peripheral clock
 101:Drivers/STM32G4xx_HAL_Driver/Src/stm32g4xx_hal_rcc_ex.c ****   *            @arg @ref RCC_PERIPHCLK_UART4  UART4 peripheral clock (only for devices with UART4)
 102:Drivers/STM32G4xx_HAL_Driver/Src/stm32g4xx_hal_rcc_ex.c ****   *            @arg @ref RCC_PERIPHCLK_UART5  UART5 peripheral clock (only for devices with UART5)
 103:Drivers/STM32G4xx_HAL_Driver/Src/stm32g4xx_hal_rcc_ex.c ****   *            @arg @ref RCC_PERIPHCLK_LPUART1  LPUART1 peripheral clock
 104:Drivers/STM32G4xx_HAL_Driver/Src/stm32g4xx_hal_rcc_ex.c ****   *            @arg @ref RCC_PERIPHCLK_I2C1  I2C1 peripheral clock
 105:Drivers/STM32G4xx_HAL_Driver/Src/stm32g4xx_hal_rcc_ex.c ****   *            @arg @ref RCC_PERIPHCLK_I2C2  I2C2 peripheral clock
 106:Drivers/STM32G4xx_HAL_Driver/Src/stm32g4xx_hal_rcc_ex.c ****   *            @arg @ref RCC_PERIPHCLK_I2C3  I2C3 peripheral clock
 107:Drivers/STM32G4xx_HAL_Driver/Src/stm32g4xx_hal_rcc_ex.c ****   *            @arg @ref RCC_PERIPHCLK_I2C4  I2C4 peripheral clock (only for devices with I2C4)
 108:Drivers/STM32G4xx_HAL_Driver/Src/stm32g4xx_hal_rcc_ex.c ****   *            @arg @ref RCC_PERIPHCLK_LPTIM1  LPTIM1 peripheral clock
 109:Drivers/STM32G4xx_HAL_Driver/Src/stm32g4xx_hal_rcc_ex.c ****   *            @arg @ref RCC_PERIPHCLK_SAI1  SAI1 peripheral clock
 110:Drivers/STM32G4xx_HAL_Driver/Src/stm32g4xx_hal_rcc_ex.c ****   *            @arg @ref RCC_PERIPHCLK_I2S  I2S peripheral clock
 111:Drivers/STM32G4xx_HAL_Driver/Src/stm32g4xx_hal_rcc_ex.c ****   *            @arg @ref RCC_PERIPHCLK_FDCAN  FDCAN peripheral clock (only for devices with FDCAN)
 112:Drivers/STM32G4xx_HAL_Driver/Src/stm32g4xx_hal_rcc_ex.c ****   *            @arg @ref RCC_PERIPHCLK_RNG  RNG peripheral clock
 113:Drivers/STM32G4xx_HAL_Driver/Src/stm32g4xx_hal_rcc_ex.c ****   *            @arg @ref RCC_PERIPHCLK_USB  USB peripheral clock (only for devices with USB)
 114:Drivers/STM32G4xx_HAL_Driver/Src/stm32g4xx_hal_rcc_ex.c ****   *            @arg @ref RCC_PERIPHCLK_ADC12  ADC1 and ADC2 peripheral clock
 115:Drivers/STM32G4xx_HAL_Driver/Src/stm32g4xx_hal_rcc_ex.c ****   *            @arg @ref RCC_PERIPHCLK_ADC345  ADC3, ADC4 and ADC5 peripheral clock (only for devic
 116:Drivers/STM32G4xx_HAL_Driver/Src/stm32g4xx_hal_rcc_ex.c ****   *            @arg @ref RCC_PERIPHCLK_QSPI  QuadSPI peripheral clock (only for devices with QuadSP
 117:Drivers/STM32G4xx_HAL_Driver/Src/stm32g4xx_hal_rcc_ex.c ****   *
 118:Drivers/STM32G4xx_HAL_Driver/Src/stm32g4xx_hal_rcc_ex.c ****   * @note   Care must be taken when HAL_RCCEx_PeriphCLKConfig() is used to select
 119:Drivers/STM32G4xx_HAL_Driver/Src/stm32g4xx_hal_rcc_ex.c ****   *         the RTC clock source: in this case the access to Backup domain is enabled.
 120:Drivers/STM32G4xx_HAL_Driver/Src/stm32g4xx_hal_rcc_ex.c ****   *
 121:Drivers/STM32G4xx_HAL_Driver/Src/stm32g4xx_hal_rcc_ex.c ****   * @retval HAL status
 122:Drivers/STM32G4xx_HAL_Driver/Src/stm32g4xx_hal_rcc_ex.c ****   */
 123:Drivers/STM32G4xx_HAL_Driver/Src/stm32g4xx_hal_rcc_ex.c **** HAL_StatusTypeDef HAL_RCCEx_PeriphCLKConfig(RCC_PeriphCLKInitTypeDef const *PeriphClkInit)
 124:Drivers/STM32G4xx_HAL_Driver/Src/stm32g4xx_hal_rcc_ex.c **** {
  31              		.loc 1 124 1 view -0
  32              		.cfi_startproc
  33              		@ args = 0, pretend = 0, frame = 8
  34              		@ frame_needed = 0, uses_anonymous_args = 0
 125:Drivers/STM32G4xx_HAL_Driver/Src/stm32g4xx_hal_rcc_ex.c ****   uint32_t tmpregister;
  35              		.loc 1 125 3 view .LVU1
 126:Drivers/STM32G4xx_HAL_Driver/Src/stm32g4xx_hal_rcc_ex.c ****   uint32_t tickstart;
  36              		.loc 1 126 3 view .LVU2
 127:Drivers/STM32G4xx_HAL_Driver/Src/stm32g4xx_hal_rcc_ex.c ****   HAL_StatusTypeDef ret = HAL_OK;      /* Intermediate status */
  37              		.loc 1 127 3 view .LVU3
 128:Drivers/STM32G4xx_HAL_Driver/Src/stm32g4xx_hal_rcc_ex.c ****   HAL_StatusTypeDef status = HAL_OK;   /* Final status */
  38              		.loc 1 128 3 view .LVU4
 129:Drivers/STM32G4xx_HAL_Driver/Src/stm32g4xx_hal_rcc_ex.c **** 
 130:Drivers/STM32G4xx_HAL_Driver/Src/stm32g4xx_hal_rcc_ex.c ****   /* Check the parameters */
 131:Drivers/STM32G4xx_HAL_Driver/Src/stm32g4xx_hal_rcc_ex.c ****   assert_param(IS_RCC_PERIPHCLOCK(PeriphClkInit->PeriphClockSelection));
  39              		.loc 1 131 3 view .LVU5
 132:Drivers/STM32G4xx_HAL_Driver/Src/stm32g4xx_hal_rcc_ex.c **** 
 133:Drivers/STM32G4xx_HAL_Driver/Src/stm32g4xx_hal_rcc_ex.c ****   /*-------------------------- RTC clock source configuration ----------------------*/
ARM GAS  /tmp/ccaJoL7I.s 			page 4


 134:Drivers/STM32G4xx_HAL_Driver/Src/stm32g4xx_hal_rcc_ex.c ****   if((PeriphClkInit->PeriphClockSelection & RCC_PERIPHCLK_RTC) == RCC_PERIPHCLK_RTC)
  40              		.loc 1 134 3 view .LVU6
 124:Drivers/STM32G4xx_HAL_Driver/Src/stm32g4xx_hal_rcc_ex.c ****   uint32_t tmpregister;
  41              		.loc 1 124 1 is_stmt 0 view .LVU7
  42 0000 2DE9F041 		push	{r4, r5, r6, r7, r8, lr}
  43              	.LCFI0:
  44              		.cfi_def_cfa_offset 24
  45              		.cfi_offset 4, -24
  46              		.cfi_offset 5, -20
  47              		.cfi_offset 6, -16
  48              		.cfi_offset 7, -12
  49              		.cfi_offset 8, -8
  50              		.cfi_offset 14, -4
  51              		.loc 1 134 20 view .LVU8
  52 0004 0368     		ldr	r3, [r0]
 124:Drivers/STM32G4xx_HAL_Driver/Src/stm32g4xx_hal_rcc_ex.c ****   uint32_t tmpregister;
  53              		.loc 1 124 1 view .LVU9
  54 0006 0446     		mov	r4, r0
  55              		.loc 1 134 5 view .LVU10
  56 0008 13F40020 		ands	r0, r3, #524288
  57              	.LVL1:
 124:Drivers/STM32G4xx_HAL_Driver/Src/stm32g4xx_hal_rcc_ex.c ****   uint32_t tmpregister;
  58              		.loc 1 124 1 view .LVU11
  59 000c 82B0     		sub	sp, sp, #8
  60              	.LCFI1:
  61              		.cfi_def_cfa_offset 32
  62              		.loc 1 134 5 view .LVU12
  63 000e 45D0     		beq	.L2
  64              	.LBB2:
 135:Drivers/STM32G4xx_HAL_Driver/Src/stm32g4xx_hal_rcc_ex.c ****   {
 136:Drivers/STM32G4xx_HAL_Driver/Src/stm32g4xx_hal_rcc_ex.c ****     FlagStatus       pwrclkchanged = RESET;
  65              		.loc 1 136 5 is_stmt 1 view .LVU13
  66              	.LVL2:
 137:Drivers/STM32G4xx_HAL_Driver/Src/stm32g4xx_hal_rcc_ex.c ****     
 138:Drivers/STM32G4xx_HAL_Driver/Src/stm32g4xx_hal_rcc_ex.c ****     /* Check for RTC Parameters used to output RTCCLK */
 139:Drivers/STM32G4xx_HAL_Driver/Src/stm32g4xx_hal_rcc_ex.c ****     assert_param(IS_RCC_RTCCLKSOURCE(PeriphClkInit->RTCClockSelection));
  67              		.loc 1 139 5 view .LVU14
 140:Drivers/STM32G4xx_HAL_Driver/Src/stm32g4xx_hal_rcc_ex.c **** 
 141:Drivers/STM32G4xx_HAL_Driver/Src/stm32g4xx_hal_rcc_ex.c ****     /* Enable Power Clock */
 142:Drivers/STM32G4xx_HAL_Driver/Src/stm32g4xx_hal_rcc_ex.c ****     if(__HAL_RCC_PWR_IS_CLK_DISABLED())
  68              		.loc 1 142 5 view .LVU15
  69              		.loc 1 142 8 is_stmt 0 view .LVU16
  70 0010 AB4B     		ldr	r3, .L114
  71 0012 9A6D     		ldr	r2, [r3, #88]
  72              		.loc 1 142 7 view .LVU17
  73 0014 D500     		lsls	r5, r2, #3
  74 0016 40F12D81 		bpl	.L104
 136:Drivers/STM32G4xx_HAL_Driver/Src/stm32g4xx_hal_rcc_ex.c ****     
  75              		.loc 1 136 22 view .LVU18
  76 001a 0027     		movs	r7, #0
  77              	.LVL3:
  78              	.L3:
 143:Drivers/STM32G4xx_HAL_Driver/Src/stm32g4xx_hal_rcc_ex.c ****     {
 144:Drivers/STM32G4xx_HAL_Driver/Src/stm32g4xx_hal_rcc_ex.c ****       __HAL_RCC_PWR_CLK_ENABLE();
 145:Drivers/STM32G4xx_HAL_Driver/Src/stm32g4xx_hal_rcc_ex.c ****       pwrclkchanged = SET;
 146:Drivers/STM32G4xx_HAL_Driver/Src/stm32g4xx_hal_rcc_ex.c ****     }
 147:Drivers/STM32G4xx_HAL_Driver/Src/stm32g4xx_hal_rcc_ex.c ****       
ARM GAS  /tmp/ccaJoL7I.s 			page 5


 148:Drivers/STM32G4xx_HAL_Driver/Src/stm32g4xx_hal_rcc_ex.c ****     /* Enable write access to Backup domain */
 149:Drivers/STM32G4xx_HAL_Driver/Src/stm32g4xx_hal_rcc_ex.c ****     SET_BIT(PWR->CR1, PWR_CR1_DBP);
  79              		.loc 1 149 5 is_stmt 1 view .LVU19
  80 001c A94D     		ldr	r5, .L114+4
  81 001e 2B68     		ldr	r3, [r5]
  82 0020 43F48073 		orr	r3, r3, #256
  83 0024 2B60     		str	r3, [r5]
 150:Drivers/STM32G4xx_HAL_Driver/Src/stm32g4xx_hal_rcc_ex.c **** 
 151:Drivers/STM32G4xx_HAL_Driver/Src/stm32g4xx_hal_rcc_ex.c ****     /* Wait for Backup domain Write protection disable */
 152:Drivers/STM32G4xx_HAL_Driver/Src/stm32g4xx_hal_rcc_ex.c ****     tickstart = HAL_GetTick();
  84              		.loc 1 152 5 view .LVU20
  85              		.loc 1 152 17 is_stmt 0 view .LVU21
  86 0026 FFF7FEFF 		bl	HAL_GetTick
  87              	.LVL4:
  88 002a 0646     		mov	r6, r0
  89              	.LVL5:
 153:Drivers/STM32G4xx_HAL_Driver/Src/stm32g4xx_hal_rcc_ex.c **** 
 154:Drivers/STM32G4xx_HAL_Driver/Src/stm32g4xx_hal_rcc_ex.c ****     while((PWR->CR1 & PWR_CR1_DBP) == 0U)
  90              		.loc 1 154 5 is_stmt 1 view .LVU22
  91              		.loc 1 154 10 is_stmt 0 view .LVU23
  92 002c 05E0     		b	.L4
  93              	.LVL6:
  94              	.L6:
 155:Drivers/STM32G4xx_HAL_Driver/Src/stm32g4xx_hal_rcc_ex.c ****     {
 156:Drivers/STM32G4xx_HAL_Driver/Src/stm32g4xx_hal_rcc_ex.c ****       if((HAL_GetTick() - tickstart) > RCC_DBP_TIMEOUT_VALUE)
  95              		.loc 1 156 11 view .LVU24
  96 002e FFF7FEFF 		bl	HAL_GetTick
  97              	.LVL7:
  98              		.loc 1 156 25 discriminator 1 view .LVU25
  99 0032 801B     		subs	r0, r0, r6
 100              		.loc 1 156 9 discriminator 1 view .LVU26
 101 0034 0228     		cmp	r0, #2
 102 0036 00F22881 		bhi	.L5
 103              	.L4:
 104              		.loc 1 156 7 is_stmt 1 view .LVU27
 154:Drivers/STM32G4xx_HAL_Driver/Src/stm32g4xx_hal_rcc_ex.c ****     {
 105              		.loc 1 154 36 discriminator 1 view .LVU28
 154:Drivers/STM32G4xx_HAL_Driver/Src/stm32g4xx_hal_rcc_ex.c ****     {
 106              		.loc 1 154 15 is_stmt 0 discriminator 1 view .LVU29
 107 003a 2B68     		ldr	r3, [r5]
 154:Drivers/STM32G4xx_HAL_Driver/Src/stm32g4xx_hal_rcc_ex.c ****     {
 108              		.loc 1 154 36 discriminator 1 view .LVU30
 109 003c D805     		lsls	r0, r3, #23
 110 003e F6D5     		bpl	.L6
 157:Drivers/STM32G4xx_HAL_Driver/Src/stm32g4xx_hal_rcc_ex.c ****       {
 158:Drivers/STM32G4xx_HAL_Driver/Src/stm32g4xx_hal_rcc_ex.c ****         ret = HAL_TIMEOUT;
 159:Drivers/STM32G4xx_HAL_Driver/Src/stm32g4xx_hal_rcc_ex.c ****         break;
 160:Drivers/STM32G4xx_HAL_Driver/Src/stm32g4xx_hal_rcc_ex.c ****       }
 161:Drivers/STM32G4xx_HAL_Driver/Src/stm32g4xx_hal_rcc_ex.c ****     }
 162:Drivers/STM32G4xx_HAL_Driver/Src/stm32g4xx_hal_rcc_ex.c **** 
 163:Drivers/STM32G4xx_HAL_Driver/Src/stm32g4xx_hal_rcc_ex.c ****     if(ret == HAL_OK)
 111              		.loc 1 163 5 is_stmt 1 view .LVU31
 164:Drivers/STM32G4xx_HAL_Driver/Src/stm32g4xx_hal_rcc_ex.c ****     { 
 165:Drivers/STM32G4xx_HAL_Driver/Src/stm32g4xx_hal_rcc_ex.c ****       /* Reset the Backup domain only if the RTC Clock source selection is modified from default */
 166:Drivers/STM32G4xx_HAL_Driver/Src/stm32g4xx_hal_rcc_ex.c ****       tmpregister = READ_BIT(RCC->BDCR, RCC_BDCR_RTCSEL);
 112              		.loc 1 166 7 view .LVU32
 113              		.loc 1 166 21 is_stmt 0 view .LVU33
ARM GAS  /tmp/ccaJoL7I.s 			page 6


 114 0040 9F4D     		ldr	r5, .L114
 167:Drivers/STM32G4xx_HAL_Driver/Src/stm32g4xx_hal_rcc_ex.c ****       
 168:Drivers/STM32G4xx_HAL_Driver/Src/stm32g4xx_hal_rcc_ex.c ****       if((tmpregister != RCC_RTCCLKSOURCE_NONE) && (tmpregister != PeriphClkInit->RTCClockSelection
 115              		.loc 1 168 81 discriminator 1 view .LVU34
 116 0042 226D     		ldr	r2, [r4, #80]
 166:Drivers/STM32G4xx_HAL_Driver/Src/stm32g4xx_hal_rcc_ex.c ****       
 117              		.loc 1 166 21 view .LVU35
 118 0044 D5F89030 		ldr	r3, [r5, #144]
 119              	.LVL8:
 120              		.loc 1 168 7 is_stmt 1 view .LVU36
 121              		.loc 1 168 9 is_stmt 0 view .LVU37
 122 0048 13F44073 		ands	r3, r3, #768
 123              	.LVL9:
 124              		.loc 1 168 9 view .LVU38
 125 004c 16D0     		beq	.L33
 126              		.loc 1 168 49 discriminator 1 view .LVU39
 127 004e 9342     		cmp	r3, r2
 128 0050 14D0     		beq	.L33
 169:Drivers/STM32G4xx_HAL_Driver/Src/stm32g4xx_hal_rcc_ex.c ****       {
 170:Drivers/STM32G4xx_HAL_Driver/Src/stm32g4xx_hal_rcc_ex.c ****         /* Store the content of BDCR register before the reset of Backup Domain */
 171:Drivers/STM32G4xx_HAL_Driver/Src/stm32g4xx_hal_rcc_ex.c ****         tmpregister = READ_BIT(RCC->BDCR, ~(RCC_BDCR_RTCSEL));
 129              		.loc 1 171 9 is_stmt 1 view .LVU40
 130              		.loc 1 171 23 is_stmt 0 view .LVU41
 131 0052 D5F89010 		ldr	r1, [r5, #144]
 172:Drivers/STM32G4xx_HAL_Driver/Src/stm32g4xx_hal_rcc_ex.c ****         /* RTC Clock selection can be changed only if the Backup Domain is reset */
 173:Drivers/STM32G4xx_HAL_Driver/Src/stm32g4xx_hal_rcc_ex.c ****         __HAL_RCC_BACKUPRESET_FORCE();
 132              		.loc 1 173 9 view .LVU42
 133 0056 D5F89030 		ldr	r3, [r5, #144]
 134              	.LVL10:
 135              		.loc 1 173 9 view .LVU43
 136 005a 43F48033 		orr	r3, r3, #65536
 137 005e C5F89030 		str	r3, [r5, #144]
 174:Drivers/STM32G4xx_HAL_Driver/Src/stm32g4xx_hal_rcc_ex.c ****         __HAL_RCC_BACKUPRESET_RELEASE();
 138              		.loc 1 174 9 view .LVU44
 139 0062 D5F89030 		ldr	r3, [r5, #144]
 140 0066 23F48033 		bic	r3, r3, #65536
 141 006a C5F89030 		str	r3, [r5, #144]
 171:Drivers/STM32G4xx_HAL_Driver/Src/stm32g4xx_hal_rcc_ex.c ****         /* RTC Clock selection can be changed only if the Backup Domain is reset */
 142              		.loc 1 171 21 view .LVU45
 143 006e 21F44073 		bic	r3, r1, #768
 144              	.LVL11:
 173:Drivers/STM32G4xx_HAL_Driver/Src/stm32g4xx_hal_rcc_ex.c ****         __HAL_RCC_BACKUPRESET_RELEASE();
 145              		.loc 1 173 9 is_stmt 1 view .LVU46
 146              		.loc 1 174 9 view .LVU47
 175:Drivers/STM32G4xx_HAL_Driver/Src/stm32g4xx_hal_rcc_ex.c ****         /* Restore the Content of BDCR register */
 176:Drivers/STM32G4xx_HAL_Driver/Src/stm32g4xx_hal_rcc_ex.c ****         RCC->BDCR = tmpregister;
 147              		.loc 1 176 9 view .LVU48
 177:Drivers/STM32G4xx_HAL_Driver/Src/stm32g4xx_hal_rcc_ex.c ****       }
 178:Drivers/STM32G4xx_HAL_Driver/Src/stm32g4xx_hal_rcc_ex.c **** 
 179:Drivers/STM32G4xx_HAL_Driver/Src/stm32g4xx_hal_rcc_ex.c ****       /* Wait for LSE reactivation if LSE was enable prior to Backup Domain reset */
 180:Drivers/STM32G4xx_HAL_Driver/Src/stm32g4xx_hal_rcc_ex.c ****       if (HAL_IS_BIT_SET(tmpregister, RCC_BDCR_LSEON))
 148              		.loc 1 180 10 is_stmt 0 view .LVU49
 149 0072 C907     		lsls	r1, r1, #31
 176:Drivers/STM32G4xx_HAL_Driver/Src/stm32g4xx_hal_rcc_ex.c ****       }
 150              		.loc 1 176 19 view .LVU50
 151 0074 C5F89030 		str	r3, [r5, #144]
 152              		.loc 1 180 7 is_stmt 1 view .LVU51
ARM GAS  /tmp/ccaJoL7I.s 			page 7


 153              		.loc 1 180 10 is_stmt 0 view .LVU52
 154 0078 00F13781 		bmi	.L105
 155              	.LVL12:
 156              	.L33:
 181:Drivers/STM32G4xx_HAL_Driver/Src/stm32g4xx_hal_rcc_ex.c ****       {
 182:Drivers/STM32G4xx_HAL_Driver/Src/stm32g4xx_hal_rcc_ex.c ****         /* Get Start Tick*/
 183:Drivers/STM32G4xx_HAL_Driver/Src/stm32g4xx_hal_rcc_ex.c ****         tickstart = HAL_GetTick();
 184:Drivers/STM32G4xx_HAL_Driver/Src/stm32g4xx_hal_rcc_ex.c **** 
 185:Drivers/STM32G4xx_HAL_Driver/Src/stm32g4xx_hal_rcc_ex.c ****         /* Wait till LSE is ready */
 186:Drivers/STM32G4xx_HAL_Driver/Src/stm32g4xx_hal_rcc_ex.c ****         while(READ_BIT(RCC->BDCR, RCC_BDCR_LSERDY) == 0U)
 187:Drivers/STM32G4xx_HAL_Driver/Src/stm32g4xx_hal_rcc_ex.c ****         {
 188:Drivers/STM32G4xx_HAL_Driver/Src/stm32g4xx_hal_rcc_ex.c ****           if((HAL_GetTick() - tickstart) > RCC_LSE_TIMEOUT_VALUE)
 189:Drivers/STM32G4xx_HAL_Driver/Src/stm32g4xx_hal_rcc_ex.c ****           {
 190:Drivers/STM32G4xx_HAL_Driver/Src/stm32g4xx_hal_rcc_ex.c ****             ret = HAL_TIMEOUT;
 191:Drivers/STM32G4xx_HAL_Driver/Src/stm32g4xx_hal_rcc_ex.c ****             break;
 192:Drivers/STM32G4xx_HAL_Driver/Src/stm32g4xx_hal_rcc_ex.c ****           }
 193:Drivers/STM32G4xx_HAL_Driver/Src/stm32g4xx_hal_rcc_ex.c ****         }
 194:Drivers/STM32G4xx_HAL_Driver/Src/stm32g4xx_hal_rcc_ex.c ****       }
 195:Drivers/STM32G4xx_HAL_Driver/Src/stm32g4xx_hal_rcc_ex.c ****       
 196:Drivers/STM32G4xx_HAL_Driver/Src/stm32g4xx_hal_rcc_ex.c ****       if(ret == HAL_OK)
 197:Drivers/STM32G4xx_HAL_Driver/Src/stm32g4xx_hal_rcc_ex.c ****       {
 198:Drivers/STM32G4xx_HAL_Driver/Src/stm32g4xx_hal_rcc_ex.c ****         /* Apply new RTC clock source selection */
 199:Drivers/STM32G4xx_HAL_Driver/Src/stm32g4xx_hal_rcc_ex.c ****         __HAL_RCC_RTC_CONFIG(PeriphClkInit->RTCClockSelection);
 157              		.loc 1 199 9 is_stmt 1 view .LVU53
 158 007c 9049     		ldr	r1, .L114
 159 007e D1F89030 		ldr	r3, [r1, #144]
 160 0082 23F44073 		bic	r3, r3, #768
 161 0086 1343     		orrs	r3, r3, r2
 162 0088 C1F89030 		str	r3, [r1, #144]
 163              	.LBE2:
 128:Drivers/STM32G4xx_HAL_Driver/Src/stm32g4xx_hal_rcc_ex.c **** 
 164              		.loc 1 128 21 is_stmt 0 view .LVU54
 165 008c 0020     		movs	r0, #0
 166              	.L10:
 167              	.LVL13:
 168              	.LBB4:
 200:Drivers/STM32G4xx_HAL_Driver/Src/stm32g4xx_hal_rcc_ex.c ****       }
 201:Drivers/STM32G4xx_HAL_Driver/Src/stm32g4xx_hal_rcc_ex.c ****       else
 202:Drivers/STM32G4xx_HAL_Driver/Src/stm32g4xx_hal_rcc_ex.c ****       {
 203:Drivers/STM32G4xx_HAL_Driver/Src/stm32g4xx_hal_rcc_ex.c ****         /* set overall return value */
 204:Drivers/STM32G4xx_HAL_Driver/Src/stm32g4xx_hal_rcc_ex.c ****         status = ret;
 205:Drivers/STM32G4xx_HAL_Driver/Src/stm32g4xx_hal_rcc_ex.c ****       }
 206:Drivers/STM32G4xx_HAL_Driver/Src/stm32g4xx_hal_rcc_ex.c ****     }
 207:Drivers/STM32G4xx_HAL_Driver/Src/stm32g4xx_hal_rcc_ex.c ****     else
 208:Drivers/STM32G4xx_HAL_Driver/Src/stm32g4xx_hal_rcc_ex.c ****     {
 209:Drivers/STM32G4xx_HAL_Driver/Src/stm32g4xx_hal_rcc_ex.c ****       /* set overall return value */
 210:Drivers/STM32G4xx_HAL_Driver/Src/stm32g4xx_hal_rcc_ex.c ****       status = ret;
 211:Drivers/STM32G4xx_HAL_Driver/Src/stm32g4xx_hal_rcc_ex.c ****     }
 212:Drivers/STM32G4xx_HAL_Driver/Src/stm32g4xx_hal_rcc_ex.c **** 
 213:Drivers/STM32G4xx_HAL_Driver/Src/stm32g4xx_hal_rcc_ex.c ****     /* Restore clock configuration if changed */
 214:Drivers/STM32G4xx_HAL_Driver/Src/stm32g4xx_hal_rcc_ex.c ****     if(pwrclkchanged == SET)
 169              		.loc 1 214 5 is_stmt 1 view .LVU55
 170              		.loc 1 214 7 is_stmt 0 view .LVU56
 171 008e 27B1     		cbz	r7, .L102
 215:Drivers/STM32G4xx_HAL_Driver/Src/stm32g4xx_hal_rcc_ex.c ****     {
 216:Drivers/STM32G4xx_HAL_Driver/Src/stm32g4xx_hal_rcc_ex.c ****       __HAL_RCC_PWR_CLK_DISABLE();
 172              		.loc 1 216 7 is_stmt 1 view .LVU57
ARM GAS  /tmp/ccaJoL7I.s 			page 8


 173 0090 8B4A     		ldr	r2, .L114
 174 0092 936D     		ldr	r3, [r2, #88]
 175 0094 23F08053 		bic	r3, r3, #268435456
 176 0098 9365     		str	r3, [r2, #88]
 177              	.L102:
 178              	.LBE4:
 217:Drivers/STM32G4xx_HAL_Driver/Src/stm32g4xx_hal_rcc_ex.c ****     }
 218:Drivers/STM32G4xx_HAL_Driver/Src/stm32g4xx_hal_rcc_ex.c ****   }
 219:Drivers/STM32G4xx_HAL_Driver/Src/stm32g4xx_hal_rcc_ex.c **** 
 220:Drivers/STM32G4xx_HAL_Driver/Src/stm32g4xx_hal_rcc_ex.c ****   /*-------------------------- USART1 clock source configuration -------------------*/
 221:Drivers/STM32G4xx_HAL_Driver/Src/stm32g4xx_hal_rcc_ex.c ****   if(((PeriphClkInit->PeriphClockSelection) & RCC_PERIPHCLK_USART1) == RCC_PERIPHCLK_USART1)
 179              		.loc 1 221 21 is_stmt 0 view .LVU58
 180 009a 2368     		ldr	r3, [r4]
 181              	.LVL14:
 182              	.L2:
 183              		.loc 1 221 3 is_stmt 1 view .LVU59
 184              		.loc 1 221 5 is_stmt 0 view .LVU60
 185 009c DD07     		lsls	r5, r3, #31
 186 009e 08D5     		bpl	.L14
 222:Drivers/STM32G4xx_HAL_Driver/Src/stm32g4xx_hal_rcc_ex.c ****   {
 223:Drivers/STM32G4xx_HAL_Driver/Src/stm32g4xx_hal_rcc_ex.c ****     /* Check the parameters */
 224:Drivers/STM32G4xx_HAL_Driver/Src/stm32g4xx_hal_rcc_ex.c ****     assert_param(IS_RCC_USART1CLKSOURCE(PeriphClkInit->Usart1ClockSelection));
 187              		.loc 1 224 5 is_stmt 1 view .LVU61
 225:Drivers/STM32G4xx_HAL_Driver/Src/stm32g4xx_hal_rcc_ex.c **** 
 226:Drivers/STM32G4xx_HAL_Driver/Src/stm32g4xx_hal_rcc_ex.c ****     /* Configure the USART1 clock source */
 227:Drivers/STM32G4xx_HAL_Driver/Src/stm32g4xx_hal_rcc_ex.c ****     __HAL_RCC_USART1_CONFIG(PeriphClkInit->Usart1ClockSelection);
 188              		.loc 1 227 5 view .LVU62
 189 00a0 8749     		ldr	r1, .L114
 190 00a2 6568     		ldr	r5, [r4, #4]
 191 00a4 D1F88820 		ldr	r2, [r1, #136]
 192 00a8 22F00302 		bic	r2, r2, #3
 193 00ac 2A43     		orrs	r2, r2, r5
 194 00ae C1F88820 		str	r2, [r1, #136]
 195              	.L14:
 228:Drivers/STM32G4xx_HAL_Driver/Src/stm32g4xx_hal_rcc_ex.c ****   }
 229:Drivers/STM32G4xx_HAL_Driver/Src/stm32g4xx_hal_rcc_ex.c **** 
 230:Drivers/STM32G4xx_HAL_Driver/Src/stm32g4xx_hal_rcc_ex.c ****   /*-------------------------- USART2 clock source configuration -------------------*/
 231:Drivers/STM32G4xx_HAL_Driver/Src/stm32g4xx_hal_rcc_ex.c ****   if(((PeriphClkInit->PeriphClockSelection) & RCC_PERIPHCLK_USART2) == RCC_PERIPHCLK_USART2)
 196              		.loc 1 231 3 view .LVU63
 197              		.loc 1 231 5 is_stmt 0 view .LVU64
 198 00b2 9907     		lsls	r1, r3, #30
 199 00b4 08D5     		bpl	.L15
 232:Drivers/STM32G4xx_HAL_Driver/Src/stm32g4xx_hal_rcc_ex.c ****   {
 233:Drivers/STM32G4xx_HAL_Driver/Src/stm32g4xx_hal_rcc_ex.c ****     /* Check the parameters */
 234:Drivers/STM32G4xx_HAL_Driver/Src/stm32g4xx_hal_rcc_ex.c ****     assert_param(IS_RCC_USART2CLKSOURCE(PeriphClkInit->Usart2ClockSelection));
 200              		.loc 1 234 5 is_stmt 1 view .LVU65
 235:Drivers/STM32G4xx_HAL_Driver/Src/stm32g4xx_hal_rcc_ex.c **** 
 236:Drivers/STM32G4xx_HAL_Driver/Src/stm32g4xx_hal_rcc_ex.c ****     /* Configure the USART2 clock source */
 237:Drivers/STM32G4xx_HAL_Driver/Src/stm32g4xx_hal_rcc_ex.c ****     __HAL_RCC_USART2_CONFIG(PeriphClkInit->Usart2ClockSelection);
 201              		.loc 1 237 5 view .LVU66
 202 00b6 8249     		ldr	r1, .L114
 203 00b8 A568     		ldr	r5, [r4, #8]
 204 00ba D1F88820 		ldr	r2, [r1, #136]
 205 00be 22F00C02 		bic	r2, r2, #12
 206 00c2 2A43     		orrs	r2, r2, r5
 207 00c4 C1F88820 		str	r2, [r1, #136]
 208              	.L15:
ARM GAS  /tmp/ccaJoL7I.s 			page 9


 238:Drivers/STM32G4xx_HAL_Driver/Src/stm32g4xx_hal_rcc_ex.c ****   }
 239:Drivers/STM32G4xx_HAL_Driver/Src/stm32g4xx_hal_rcc_ex.c **** 
 240:Drivers/STM32G4xx_HAL_Driver/Src/stm32g4xx_hal_rcc_ex.c **** #if defined(USART3)
 241:Drivers/STM32G4xx_HAL_Driver/Src/stm32g4xx_hal_rcc_ex.c **** 
 242:Drivers/STM32G4xx_HAL_Driver/Src/stm32g4xx_hal_rcc_ex.c ****   /*-------------------------- USART3 clock source configuration -------------------*/
 243:Drivers/STM32G4xx_HAL_Driver/Src/stm32g4xx_hal_rcc_ex.c ****   if(((PeriphClkInit->PeriphClockSelection) & RCC_PERIPHCLK_USART3) == RCC_PERIPHCLK_USART3)
 209              		.loc 1 243 3 view .LVU67
 210              		.loc 1 243 5 is_stmt 0 view .LVU68
 211 00c8 5A07     		lsls	r2, r3, #29
 212 00ca 08D5     		bpl	.L16
 244:Drivers/STM32G4xx_HAL_Driver/Src/stm32g4xx_hal_rcc_ex.c ****   {
 245:Drivers/STM32G4xx_HAL_Driver/Src/stm32g4xx_hal_rcc_ex.c ****     /* Check the parameters */
 246:Drivers/STM32G4xx_HAL_Driver/Src/stm32g4xx_hal_rcc_ex.c ****     assert_param(IS_RCC_USART3CLKSOURCE(PeriphClkInit->Usart3ClockSelection));
 213              		.loc 1 246 5 is_stmt 1 view .LVU69
 247:Drivers/STM32G4xx_HAL_Driver/Src/stm32g4xx_hal_rcc_ex.c **** 
 248:Drivers/STM32G4xx_HAL_Driver/Src/stm32g4xx_hal_rcc_ex.c ****     /* Configure the USART3 clock source */
 249:Drivers/STM32G4xx_HAL_Driver/Src/stm32g4xx_hal_rcc_ex.c ****     __HAL_RCC_USART3_CONFIG(PeriphClkInit->Usart3ClockSelection);
 214              		.loc 1 249 5 view .LVU70
 215 00cc 7C49     		ldr	r1, .L114
 216 00ce E568     		ldr	r5, [r4, #12]
 217 00d0 D1F88820 		ldr	r2, [r1, #136]
 218 00d4 22F03002 		bic	r2, r2, #48
 219 00d8 2A43     		orrs	r2, r2, r5
 220 00da C1F88820 		str	r2, [r1, #136]
 221              	.L16:
 250:Drivers/STM32G4xx_HAL_Driver/Src/stm32g4xx_hal_rcc_ex.c ****   }
 251:Drivers/STM32G4xx_HAL_Driver/Src/stm32g4xx_hal_rcc_ex.c **** 
 252:Drivers/STM32G4xx_HAL_Driver/Src/stm32g4xx_hal_rcc_ex.c **** #endif /* USART3 */
 253:Drivers/STM32G4xx_HAL_Driver/Src/stm32g4xx_hal_rcc_ex.c **** 
 254:Drivers/STM32G4xx_HAL_Driver/Src/stm32g4xx_hal_rcc_ex.c **** #if defined(UART4)
 255:Drivers/STM32G4xx_HAL_Driver/Src/stm32g4xx_hal_rcc_ex.c ****   /*-------------------------- UART4 clock source configuration --------------------*/
 256:Drivers/STM32G4xx_HAL_Driver/Src/stm32g4xx_hal_rcc_ex.c ****   if(((PeriphClkInit->PeriphClockSelection) & RCC_PERIPHCLK_UART4) == RCC_PERIPHCLK_UART4)
 222              		.loc 1 256 3 view .LVU71
 223              		.loc 1 256 5 is_stmt 0 view .LVU72
 224 00de 1F07     		lsls	r7, r3, #28
 225 00e0 08D5     		bpl	.L17
 257:Drivers/STM32G4xx_HAL_Driver/Src/stm32g4xx_hal_rcc_ex.c ****   {
 258:Drivers/STM32G4xx_HAL_Driver/Src/stm32g4xx_hal_rcc_ex.c ****     /* Check the parameters */
 259:Drivers/STM32G4xx_HAL_Driver/Src/stm32g4xx_hal_rcc_ex.c ****     assert_param(IS_RCC_UART4CLKSOURCE(PeriphClkInit->Uart4ClockSelection));
 226              		.loc 1 259 5 is_stmt 1 view .LVU73
 260:Drivers/STM32G4xx_HAL_Driver/Src/stm32g4xx_hal_rcc_ex.c **** 
 261:Drivers/STM32G4xx_HAL_Driver/Src/stm32g4xx_hal_rcc_ex.c ****     /* Configure the UART4 clock source */
 262:Drivers/STM32G4xx_HAL_Driver/Src/stm32g4xx_hal_rcc_ex.c ****     __HAL_RCC_UART4_CONFIG(PeriphClkInit->Uart4ClockSelection);
 227              		.loc 1 262 5 view .LVU74
 228 00e2 7749     		ldr	r1, .L114
 229 00e4 2569     		ldr	r5, [r4, #16]
 230 00e6 D1F88820 		ldr	r2, [r1, #136]
 231 00ea 22F0C002 		bic	r2, r2, #192
 232 00ee 2A43     		orrs	r2, r2, r5
 233 00f0 C1F88820 		str	r2, [r1, #136]
 234              	.L17:
 263:Drivers/STM32G4xx_HAL_Driver/Src/stm32g4xx_hal_rcc_ex.c ****   }
 264:Drivers/STM32G4xx_HAL_Driver/Src/stm32g4xx_hal_rcc_ex.c **** #endif /* UART4 */
 265:Drivers/STM32G4xx_HAL_Driver/Src/stm32g4xx_hal_rcc_ex.c **** 
 266:Drivers/STM32G4xx_HAL_Driver/Src/stm32g4xx_hal_rcc_ex.c **** #if defined(UART5)
 267:Drivers/STM32G4xx_HAL_Driver/Src/stm32g4xx_hal_rcc_ex.c **** 
 268:Drivers/STM32G4xx_HAL_Driver/Src/stm32g4xx_hal_rcc_ex.c ****   /*-------------------------- UART5 clock source configuration --------------------*/
ARM GAS  /tmp/ccaJoL7I.s 			page 10


 269:Drivers/STM32G4xx_HAL_Driver/Src/stm32g4xx_hal_rcc_ex.c ****   if(((PeriphClkInit->PeriphClockSelection) & RCC_PERIPHCLK_UART5) == RCC_PERIPHCLK_UART5)
 235              		.loc 1 269 3 view .LVU75
 236              		.loc 1 269 5 is_stmt 0 view .LVU76
 237 00f4 DE06     		lsls	r6, r3, #27
 238 00f6 08D5     		bpl	.L18
 270:Drivers/STM32G4xx_HAL_Driver/Src/stm32g4xx_hal_rcc_ex.c ****   {
 271:Drivers/STM32G4xx_HAL_Driver/Src/stm32g4xx_hal_rcc_ex.c ****     /* Check the parameters */
 272:Drivers/STM32G4xx_HAL_Driver/Src/stm32g4xx_hal_rcc_ex.c ****     assert_param(IS_RCC_UART5CLKSOURCE(PeriphClkInit->Uart5ClockSelection));
 239              		.loc 1 272 5 is_stmt 1 view .LVU77
 273:Drivers/STM32G4xx_HAL_Driver/Src/stm32g4xx_hal_rcc_ex.c **** 
 274:Drivers/STM32G4xx_HAL_Driver/Src/stm32g4xx_hal_rcc_ex.c ****     /* Configure the UART5 clock source */
 275:Drivers/STM32G4xx_HAL_Driver/Src/stm32g4xx_hal_rcc_ex.c ****     __HAL_RCC_UART5_CONFIG(PeriphClkInit->Uart5ClockSelection);
 240              		.loc 1 275 5 view .LVU78
 241 00f8 7149     		ldr	r1, .L114
 242 00fa 6569     		ldr	r5, [r4, #20]
 243 00fc D1F88820 		ldr	r2, [r1, #136]
 244 0100 22F44072 		bic	r2, r2, #768
 245 0104 2A43     		orrs	r2, r2, r5
 246 0106 C1F88820 		str	r2, [r1, #136]
 247              	.L18:
 276:Drivers/STM32G4xx_HAL_Driver/Src/stm32g4xx_hal_rcc_ex.c ****   }
 277:Drivers/STM32G4xx_HAL_Driver/Src/stm32g4xx_hal_rcc_ex.c **** 
 278:Drivers/STM32G4xx_HAL_Driver/Src/stm32g4xx_hal_rcc_ex.c **** #endif /* UART5 */
 279:Drivers/STM32G4xx_HAL_Driver/Src/stm32g4xx_hal_rcc_ex.c **** 
 280:Drivers/STM32G4xx_HAL_Driver/Src/stm32g4xx_hal_rcc_ex.c ****   /*-------------------------- LPUART1 clock source configuration ------------------*/
 281:Drivers/STM32G4xx_HAL_Driver/Src/stm32g4xx_hal_rcc_ex.c ****   if(((PeriphClkInit->PeriphClockSelection) & RCC_PERIPHCLK_LPUART1) == RCC_PERIPHCLK_LPUART1)
 248              		.loc 1 281 3 view .LVU79
 249              		.loc 1 281 5 is_stmt 0 view .LVU80
 250 010a 9D06     		lsls	r5, r3, #26
 251 010c 08D5     		bpl	.L19
 282:Drivers/STM32G4xx_HAL_Driver/Src/stm32g4xx_hal_rcc_ex.c ****   {
 283:Drivers/STM32G4xx_HAL_Driver/Src/stm32g4xx_hal_rcc_ex.c ****     /* Check the parameters */
 284:Drivers/STM32G4xx_HAL_Driver/Src/stm32g4xx_hal_rcc_ex.c ****     assert_param(IS_RCC_LPUART1CLKSOURCE(PeriphClkInit->Lpuart1ClockSelection));
 252              		.loc 1 284 5 is_stmt 1 view .LVU81
 285:Drivers/STM32G4xx_HAL_Driver/Src/stm32g4xx_hal_rcc_ex.c **** 
 286:Drivers/STM32G4xx_HAL_Driver/Src/stm32g4xx_hal_rcc_ex.c ****     /* Configure the LPUAR1 clock source */
 287:Drivers/STM32G4xx_HAL_Driver/Src/stm32g4xx_hal_rcc_ex.c ****     __HAL_RCC_LPUART1_CONFIG(PeriphClkInit->Lpuart1ClockSelection);
 253              		.loc 1 287 5 view .LVU82
 254 010e 6C49     		ldr	r1, .L114
 255 0110 A569     		ldr	r5, [r4, #24]
 256 0112 D1F88820 		ldr	r2, [r1, #136]
 257 0116 22F44062 		bic	r2, r2, #3072
 258 011a 2A43     		orrs	r2, r2, r5
 259 011c C1F88820 		str	r2, [r1, #136]
 260              	.L19:
 288:Drivers/STM32G4xx_HAL_Driver/Src/stm32g4xx_hal_rcc_ex.c ****   }
 289:Drivers/STM32G4xx_HAL_Driver/Src/stm32g4xx_hal_rcc_ex.c **** 
 290:Drivers/STM32G4xx_HAL_Driver/Src/stm32g4xx_hal_rcc_ex.c ****   /*-------------------------- I2C1 clock source configuration ---------------------*/
 291:Drivers/STM32G4xx_HAL_Driver/Src/stm32g4xx_hal_rcc_ex.c ****   if(((PeriphClkInit->PeriphClockSelection) & RCC_PERIPHCLK_I2C1) == RCC_PERIPHCLK_I2C1)
 261              		.loc 1 291 3 view .LVU83
 262              		.loc 1 291 5 is_stmt 0 view .LVU84
 263 0120 5906     		lsls	r1, r3, #25
 264 0122 08D5     		bpl	.L20
 292:Drivers/STM32G4xx_HAL_Driver/Src/stm32g4xx_hal_rcc_ex.c ****   {
 293:Drivers/STM32G4xx_HAL_Driver/Src/stm32g4xx_hal_rcc_ex.c ****     /* Check the parameters */
 294:Drivers/STM32G4xx_HAL_Driver/Src/stm32g4xx_hal_rcc_ex.c ****     assert_param(IS_RCC_I2C1CLKSOURCE(PeriphClkInit->I2c1ClockSelection));
 265              		.loc 1 294 5 is_stmt 1 view .LVU85
ARM GAS  /tmp/ccaJoL7I.s 			page 11


 295:Drivers/STM32G4xx_HAL_Driver/Src/stm32g4xx_hal_rcc_ex.c **** 
 296:Drivers/STM32G4xx_HAL_Driver/Src/stm32g4xx_hal_rcc_ex.c ****     /* Configure the I2C1 clock source */
 297:Drivers/STM32G4xx_HAL_Driver/Src/stm32g4xx_hal_rcc_ex.c ****     __HAL_RCC_I2C1_CONFIG(PeriphClkInit->I2c1ClockSelection);
 266              		.loc 1 297 5 view .LVU86
 267 0124 6649     		ldr	r1, .L114
 268 0126 E569     		ldr	r5, [r4, #28]
 269 0128 D1F88820 		ldr	r2, [r1, #136]
 270 012c 22F44052 		bic	r2, r2, #12288
 271 0130 2A43     		orrs	r2, r2, r5
 272 0132 C1F88820 		str	r2, [r1, #136]
 273              	.L20:
 298:Drivers/STM32G4xx_HAL_Driver/Src/stm32g4xx_hal_rcc_ex.c ****   }
 299:Drivers/STM32G4xx_HAL_Driver/Src/stm32g4xx_hal_rcc_ex.c **** 
 300:Drivers/STM32G4xx_HAL_Driver/Src/stm32g4xx_hal_rcc_ex.c ****   /*-------------------------- I2C2 clock source configuration ---------------------*/
 301:Drivers/STM32G4xx_HAL_Driver/Src/stm32g4xx_hal_rcc_ex.c ****   if(((PeriphClkInit->PeriphClockSelection) & RCC_PERIPHCLK_I2C2) == RCC_PERIPHCLK_I2C2)
 274              		.loc 1 301 3 view .LVU87
 275              		.loc 1 301 5 is_stmt 0 view .LVU88
 276 0136 1A06     		lsls	r2, r3, #24
 277 0138 08D5     		bpl	.L21
 302:Drivers/STM32G4xx_HAL_Driver/Src/stm32g4xx_hal_rcc_ex.c ****   {
 303:Drivers/STM32G4xx_HAL_Driver/Src/stm32g4xx_hal_rcc_ex.c ****     /* Check the parameters */
 304:Drivers/STM32G4xx_HAL_Driver/Src/stm32g4xx_hal_rcc_ex.c ****     assert_param(IS_RCC_I2C2CLKSOURCE(PeriphClkInit->I2c2ClockSelection));
 278              		.loc 1 304 5 is_stmt 1 view .LVU89
 305:Drivers/STM32G4xx_HAL_Driver/Src/stm32g4xx_hal_rcc_ex.c **** 
 306:Drivers/STM32G4xx_HAL_Driver/Src/stm32g4xx_hal_rcc_ex.c ****     /* Configure the I2C2 clock source */
 307:Drivers/STM32G4xx_HAL_Driver/Src/stm32g4xx_hal_rcc_ex.c ****     __HAL_RCC_I2C2_CONFIG(PeriphClkInit->I2c2ClockSelection);
 279              		.loc 1 307 5 view .LVU90
 280 013a 6149     		ldr	r1, .L114
 281 013c 256A     		ldr	r5, [r4, #32]
 282 013e D1F88820 		ldr	r2, [r1, #136]
 283 0142 22F44042 		bic	r2, r2, #49152
 284 0146 2A43     		orrs	r2, r2, r5
 285 0148 C1F88820 		str	r2, [r1, #136]
 286              	.L21:
 308:Drivers/STM32G4xx_HAL_Driver/Src/stm32g4xx_hal_rcc_ex.c ****   }
 309:Drivers/STM32G4xx_HAL_Driver/Src/stm32g4xx_hal_rcc_ex.c **** #if defined(I2C3)
 310:Drivers/STM32G4xx_HAL_Driver/Src/stm32g4xx_hal_rcc_ex.c **** 
 311:Drivers/STM32G4xx_HAL_Driver/Src/stm32g4xx_hal_rcc_ex.c ****   /*-------------------------- I2C3 clock source configuration ---------------------*/
 312:Drivers/STM32G4xx_HAL_Driver/Src/stm32g4xx_hal_rcc_ex.c ****   if(((PeriphClkInit->PeriphClockSelection) & RCC_PERIPHCLK_I2C3) == RCC_PERIPHCLK_I2C3)
 287              		.loc 1 312 3 view .LVU91
 288              		.loc 1 312 5 is_stmt 0 view .LVU92
 289 014c DF05     		lsls	r7, r3, #23
 290 014e 08D5     		bpl	.L22
 313:Drivers/STM32G4xx_HAL_Driver/Src/stm32g4xx_hal_rcc_ex.c ****   {
 314:Drivers/STM32G4xx_HAL_Driver/Src/stm32g4xx_hal_rcc_ex.c ****     /* Check the parameters */
 315:Drivers/STM32G4xx_HAL_Driver/Src/stm32g4xx_hal_rcc_ex.c ****     assert_param(IS_RCC_I2C3CLKSOURCE(PeriphClkInit->I2c3ClockSelection));
 291              		.loc 1 315 5 is_stmt 1 view .LVU93
 316:Drivers/STM32G4xx_HAL_Driver/Src/stm32g4xx_hal_rcc_ex.c **** 
 317:Drivers/STM32G4xx_HAL_Driver/Src/stm32g4xx_hal_rcc_ex.c ****     /* Configure the I2C3 clock source */
 318:Drivers/STM32G4xx_HAL_Driver/Src/stm32g4xx_hal_rcc_ex.c ****     __HAL_RCC_I2C3_CONFIG(PeriphClkInit->I2c3ClockSelection);
 292              		.loc 1 318 5 view .LVU94
 293 0150 5B49     		ldr	r1, .L114
 294 0152 656A     		ldr	r5, [r4, #36]
 295 0154 D1F88820 		ldr	r2, [r1, #136]
 296 0158 22F44032 		bic	r2, r2, #196608
 297 015c 2A43     		orrs	r2, r2, r5
 298 015e C1F88820 		str	r2, [r1, #136]
ARM GAS  /tmp/ccaJoL7I.s 			page 12


 299              	.L22:
 319:Drivers/STM32G4xx_HAL_Driver/Src/stm32g4xx_hal_rcc_ex.c ****   }
 320:Drivers/STM32G4xx_HAL_Driver/Src/stm32g4xx_hal_rcc_ex.c **** 
 321:Drivers/STM32G4xx_HAL_Driver/Src/stm32g4xx_hal_rcc_ex.c **** #endif /* I2C3 */
 322:Drivers/STM32G4xx_HAL_Driver/Src/stm32g4xx_hal_rcc_ex.c **** #if defined(I2C4)
 323:Drivers/STM32G4xx_HAL_Driver/Src/stm32g4xx_hal_rcc_ex.c **** 
 324:Drivers/STM32G4xx_HAL_Driver/Src/stm32g4xx_hal_rcc_ex.c ****   /*-------------------------- I2C4 clock source configuration ---------------------*/
 325:Drivers/STM32G4xx_HAL_Driver/Src/stm32g4xx_hal_rcc_ex.c ****   if(((PeriphClkInit->PeriphClockSelection) & RCC_PERIPHCLK_I2C4) == RCC_PERIPHCLK_I2C4)
 300              		.loc 1 325 3 view .LVU95
 301              		.loc 1 325 5 is_stmt 0 view .LVU96
 302 0162 9E03     		lsls	r6, r3, #14
 303 0164 08D5     		bpl	.L23
 326:Drivers/STM32G4xx_HAL_Driver/Src/stm32g4xx_hal_rcc_ex.c ****   {
 327:Drivers/STM32G4xx_HAL_Driver/Src/stm32g4xx_hal_rcc_ex.c ****     /* Check the parameters */
 328:Drivers/STM32G4xx_HAL_Driver/Src/stm32g4xx_hal_rcc_ex.c ****     assert_param(IS_RCC_I2C4CLKSOURCE(PeriphClkInit->I2c4ClockSelection));
 304              		.loc 1 328 5 is_stmt 1 view .LVU97
 329:Drivers/STM32G4xx_HAL_Driver/Src/stm32g4xx_hal_rcc_ex.c **** 
 330:Drivers/STM32G4xx_HAL_Driver/Src/stm32g4xx_hal_rcc_ex.c ****     /* Configure the I2C4 clock source */
 331:Drivers/STM32G4xx_HAL_Driver/Src/stm32g4xx_hal_rcc_ex.c ****     __HAL_RCC_I2C4_CONFIG(PeriphClkInit->I2c4ClockSelection);
 305              		.loc 1 331 5 view .LVU98
 306 0166 5649     		ldr	r1, .L114
 307 0168 A56A     		ldr	r5, [r4, #40]
 308 016a D1F89C20 		ldr	r2, [r1, #156]
 309 016e 22F00302 		bic	r2, r2, #3
 310 0172 2A43     		orrs	r2, r2, r5
 311 0174 C1F89C20 		str	r2, [r1, #156]
 312              	.L23:
 332:Drivers/STM32G4xx_HAL_Driver/Src/stm32g4xx_hal_rcc_ex.c ****   }
 333:Drivers/STM32G4xx_HAL_Driver/Src/stm32g4xx_hal_rcc_ex.c **** 
 334:Drivers/STM32G4xx_HAL_Driver/Src/stm32g4xx_hal_rcc_ex.c **** #endif /* I2C4 */
 335:Drivers/STM32G4xx_HAL_Driver/Src/stm32g4xx_hal_rcc_ex.c **** 
 336:Drivers/STM32G4xx_HAL_Driver/Src/stm32g4xx_hal_rcc_ex.c ****   /*-------------------------- LPTIM1 clock source configuration ---------------------*/
 337:Drivers/STM32G4xx_HAL_Driver/Src/stm32g4xx_hal_rcc_ex.c ****   if(((PeriphClkInit->PeriphClockSelection) & RCC_PERIPHCLK_LPTIM1) == RCC_PERIPHCLK_LPTIM1)
 313              		.loc 1 337 3 view .LVU99
 314              		.loc 1 337 5 is_stmt 0 view .LVU100
 315 0178 9D05     		lsls	r5, r3, #22
 316 017a 08D5     		bpl	.L24
 338:Drivers/STM32G4xx_HAL_Driver/Src/stm32g4xx_hal_rcc_ex.c ****   {
 339:Drivers/STM32G4xx_HAL_Driver/Src/stm32g4xx_hal_rcc_ex.c ****     /* Check the parameters */
 340:Drivers/STM32G4xx_HAL_Driver/Src/stm32g4xx_hal_rcc_ex.c ****     assert_param(IS_RCC_LPTIM1CLKSOURCE(PeriphClkInit->Lptim1ClockSelection));
 317              		.loc 1 340 5 is_stmt 1 view .LVU101
 341:Drivers/STM32G4xx_HAL_Driver/Src/stm32g4xx_hal_rcc_ex.c **** 
 342:Drivers/STM32G4xx_HAL_Driver/Src/stm32g4xx_hal_rcc_ex.c ****     /* Configure the LPTIM1 clock source */
 343:Drivers/STM32G4xx_HAL_Driver/Src/stm32g4xx_hal_rcc_ex.c ****     __HAL_RCC_LPTIM1_CONFIG(PeriphClkInit->Lptim1ClockSelection);
 318              		.loc 1 343 5 view .LVU102
 319 017c 5049     		ldr	r1, .L114
 320 017e E56A     		ldr	r5, [r4, #44]
 321 0180 D1F88820 		ldr	r2, [r1, #136]
 322 0184 22F44022 		bic	r2, r2, #786432
 323 0188 2A43     		orrs	r2, r2, r5
 324 018a C1F88820 		str	r2, [r1, #136]
 325              	.L24:
 344:Drivers/STM32G4xx_HAL_Driver/Src/stm32g4xx_hal_rcc_ex.c ****   }
 345:Drivers/STM32G4xx_HAL_Driver/Src/stm32g4xx_hal_rcc_ex.c **** 
 346:Drivers/STM32G4xx_HAL_Driver/Src/stm32g4xx_hal_rcc_ex.c **** #if defined(SAI1) 
 347:Drivers/STM32G4xx_HAL_Driver/Src/stm32g4xx_hal_rcc_ex.c ****   /*-------------------------- SAI1 clock source configuration ---------------------*/
 348:Drivers/STM32G4xx_HAL_Driver/Src/stm32g4xx_hal_rcc_ex.c ****   if(((PeriphClkInit->PeriphClockSelection) & RCC_PERIPHCLK_SAI1) == RCC_PERIPHCLK_SAI1)
ARM GAS  /tmp/ccaJoL7I.s 			page 13


 326              		.loc 1 348 3 view .LVU103
 327              		.loc 1 348 5 is_stmt 0 view .LVU104
 328 018e 5905     		lsls	r1, r3, #21
 329 0190 0BD5     		bpl	.L25
 349:Drivers/STM32G4xx_HAL_Driver/Src/stm32g4xx_hal_rcc_ex.c ****   {
 350:Drivers/STM32G4xx_HAL_Driver/Src/stm32g4xx_hal_rcc_ex.c ****     /* Check the parameters */
 351:Drivers/STM32G4xx_HAL_Driver/Src/stm32g4xx_hal_rcc_ex.c ****     assert_param(IS_RCC_SAI1CLKSOURCE(PeriphClkInit->Sai1ClockSelection));
 330              		.loc 1 351 5 is_stmt 1 view .LVU105
 352:Drivers/STM32G4xx_HAL_Driver/Src/stm32g4xx_hal_rcc_ex.c **** 
 353:Drivers/STM32G4xx_HAL_Driver/Src/stm32g4xx_hal_rcc_ex.c ****     /* Configure the SAI1 interface clock source */
 354:Drivers/STM32G4xx_HAL_Driver/Src/stm32g4xx_hal_rcc_ex.c ****     __HAL_RCC_SAI1_CONFIG(PeriphClkInit->Sai1ClockSelection);
 331              		.loc 1 354 5 view .LVU106
 332 0192 4B49     		ldr	r1, .L114
 333 0194 256B     		ldr	r5, [r4, #48]
 334 0196 D1F88820 		ldr	r2, [r1, #136]
 335 019a 22F44012 		bic	r2, r2, #3145728
 336 019e 2A43     		orrs	r2, r2, r5
 355:Drivers/STM32G4xx_HAL_Driver/Src/stm32g4xx_hal_rcc_ex.c ****     
 356:Drivers/STM32G4xx_HAL_Driver/Src/stm32g4xx_hal_rcc_ex.c ****     if(PeriphClkInit->Sai1ClockSelection == RCC_SAI1CLKSOURCE_PLL)
 337              		.loc 1 356 7 is_stmt 0 view .LVU107
 338 01a0 B5F5801F 		cmp	r5, #1048576
 354:Drivers/STM32G4xx_HAL_Driver/Src/stm32g4xx_hal_rcc_ex.c ****     
 339              		.loc 1 354 5 view .LVU108
 340 01a4 C1F88820 		str	r2, [r1, #136]
 341              		.loc 1 356 5 is_stmt 1 view .LVU109
 342              		.loc 1 356 7 is_stmt 0 view .LVU110
 343 01a8 71D0     		beq	.L106
 344              	.L25:
 357:Drivers/STM32G4xx_HAL_Driver/Src/stm32g4xx_hal_rcc_ex.c ****     {
 358:Drivers/STM32G4xx_HAL_Driver/Src/stm32g4xx_hal_rcc_ex.c ****       /* Enable PLL48M1CLK output */
 359:Drivers/STM32G4xx_HAL_Driver/Src/stm32g4xx_hal_rcc_ex.c ****       __HAL_RCC_PLLCLKOUT_ENABLE(RCC_PLL_48M1CLK);
 360:Drivers/STM32G4xx_HAL_Driver/Src/stm32g4xx_hal_rcc_ex.c ****     }
 361:Drivers/STM32G4xx_HAL_Driver/Src/stm32g4xx_hal_rcc_ex.c ****   }
 362:Drivers/STM32G4xx_HAL_Driver/Src/stm32g4xx_hal_rcc_ex.c **** 
 363:Drivers/STM32G4xx_HAL_Driver/Src/stm32g4xx_hal_rcc_ex.c **** #endif /* SAI1 */
 364:Drivers/STM32G4xx_HAL_Driver/Src/stm32g4xx_hal_rcc_ex.c **** 
 365:Drivers/STM32G4xx_HAL_Driver/Src/stm32g4xx_hal_rcc_ex.c **** #if defined(SPI_I2S_SUPPORT)
 366:Drivers/STM32G4xx_HAL_Driver/Src/stm32g4xx_hal_rcc_ex.c ****   /*-------------------------- I2S clock source configuration ---------------------*/
 367:Drivers/STM32G4xx_HAL_Driver/Src/stm32g4xx_hal_rcc_ex.c ****   if(((PeriphClkInit->PeriphClockSelection) & RCC_PERIPHCLK_I2S) == RCC_PERIPHCLK_I2S)
 345              		.loc 1 367 3 is_stmt 1 view .LVU111
 346              		.loc 1 367 5 is_stmt 0 view .LVU112
 347 01aa 1A05     		lsls	r2, r3, #20
 348 01ac 0BD5     		bpl	.L26
 368:Drivers/STM32G4xx_HAL_Driver/Src/stm32g4xx_hal_rcc_ex.c ****   {
 369:Drivers/STM32G4xx_HAL_Driver/Src/stm32g4xx_hal_rcc_ex.c ****     /* Check the parameters */
 370:Drivers/STM32G4xx_HAL_Driver/Src/stm32g4xx_hal_rcc_ex.c ****     assert_param(IS_RCC_I2SCLKSOURCE(PeriphClkInit->I2sClockSelection));
 349              		.loc 1 370 5 is_stmt 1 view .LVU113
 371:Drivers/STM32G4xx_HAL_Driver/Src/stm32g4xx_hal_rcc_ex.c **** 
 372:Drivers/STM32G4xx_HAL_Driver/Src/stm32g4xx_hal_rcc_ex.c ****     /* Configure the I2S interface clock source */
 373:Drivers/STM32G4xx_HAL_Driver/Src/stm32g4xx_hal_rcc_ex.c ****     __HAL_RCC_I2S_CONFIG(PeriphClkInit->I2sClockSelection);
 350              		.loc 1 373 5 view .LVU114
 351 01ae 4449     		ldr	r1, .L114
 352 01b0 656B     		ldr	r5, [r4, #52]
 353 01b2 D1F88820 		ldr	r2, [r1, #136]
 354 01b6 22F44002 		bic	r2, r2, #12582912
 355 01ba 2A43     		orrs	r2, r2, r5
 374:Drivers/STM32G4xx_HAL_Driver/Src/stm32g4xx_hal_rcc_ex.c ****     
ARM GAS  /tmp/ccaJoL7I.s 			page 14


 375:Drivers/STM32G4xx_HAL_Driver/Src/stm32g4xx_hal_rcc_ex.c ****     if(PeriphClkInit->I2sClockSelection == RCC_I2SCLKSOURCE_PLL)
 356              		.loc 1 375 7 is_stmt 0 view .LVU115
 357 01bc B5F5800F 		cmp	r5, #4194304
 373:Drivers/STM32G4xx_HAL_Driver/Src/stm32g4xx_hal_rcc_ex.c ****     
 358              		.loc 1 373 5 view .LVU116
 359 01c0 C1F88820 		str	r2, [r1, #136]
 360              		.loc 1 375 5 is_stmt 1 view .LVU117
 361              		.loc 1 375 7 is_stmt 0 view .LVU118
 362 01c4 68D0     		beq	.L107
 363              	.L26:
 376:Drivers/STM32G4xx_HAL_Driver/Src/stm32g4xx_hal_rcc_ex.c ****     {
 377:Drivers/STM32G4xx_HAL_Driver/Src/stm32g4xx_hal_rcc_ex.c ****       /* Enable PLL48M1CLK output */
 378:Drivers/STM32G4xx_HAL_Driver/Src/stm32g4xx_hal_rcc_ex.c ****       __HAL_RCC_PLLCLKOUT_ENABLE(RCC_PLL_48M1CLK);
 379:Drivers/STM32G4xx_HAL_Driver/Src/stm32g4xx_hal_rcc_ex.c ****     }
 380:Drivers/STM32G4xx_HAL_Driver/Src/stm32g4xx_hal_rcc_ex.c ****   }
 381:Drivers/STM32G4xx_HAL_Driver/Src/stm32g4xx_hal_rcc_ex.c **** 
 382:Drivers/STM32G4xx_HAL_Driver/Src/stm32g4xx_hal_rcc_ex.c **** #endif /* SPI_I2S_SUPPORT */
 383:Drivers/STM32G4xx_HAL_Driver/Src/stm32g4xx_hal_rcc_ex.c **** 
 384:Drivers/STM32G4xx_HAL_Driver/Src/stm32g4xx_hal_rcc_ex.c **** #if defined(FDCAN1)
 385:Drivers/STM32G4xx_HAL_Driver/Src/stm32g4xx_hal_rcc_ex.c ****   /*-------------------------- FDCAN clock source configuration ---------------------*/
 386:Drivers/STM32G4xx_HAL_Driver/Src/stm32g4xx_hal_rcc_ex.c ****   if(((PeriphClkInit->PeriphClockSelection) & RCC_PERIPHCLK_FDCAN) == RCC_PERIPHCLK_FDCAN)
 364              		.loc 1 386 3 is_stmt 1 view .LVU119
 365              		.loc 1 386 5 is_stmt 0 view .LVU120
 366 01c6 DF04     		lsls	r7, r3, #19
 367 01c8 0BD5     		bpl	.L27
 387:Drivers/STM32G4xx_HAL_Driver/Src/stm32g4xx_hal_rcc_ex.c ****   {
 388:Drivers/STM32G4xx_HAL_Driver/Src/stm32g4xx_hal_rcc_ex.c ****     /* Check the parameters */
 389:Drivers/STM32G4xx_HAL_Driver/Src/stm32g4xx_hal_rcc_ex.c ****     assert_param(IS_RCC_FDCANCLKSOURCE(PeriphClkInit->FdcanClockSelection));
 368              		.loc 1 389 5 is_stmt 1 view .LVU121
 390:Drivers/STM32G4xx_HAL_Driver/Src/stm32g4xx_hal_rcc_ex.c **** 
 391:Drivers/STM32G4xx_HAL_Driver/Src/stm32g4xx_hal_rcc_ex.c ****     /* Configure the FDCAN interface clock source */
 392:Drivers/STM32G4xx_HAL_Driver/Src/stm32g4xx_hal_rcc_ex.c ****     __HAL_RCC_FDCAN_CONFIG(PeriphClkInit->FdcanClockSelection);
 369              		.loc 1 392 5 view .LVU122
 370 01ca 3D49     		ldr	r1, .L114
 371 01cc A56B     		ldr	r5, [r4, #56]
 372 01ce D1F88820 		ldr	r2, [r1, #136]
 373 01d2 22F04072 		bic	r2, r2, #50331648
 374 01d6 2A43     		orrs	r2, r2, r5
 393:Drivers/STM32G4xx_HAL_Driver/Src/stm32g4xx_hal_rcc_ex.c ****     
 394:Drivers/STM32G4xx_HAL_Driver/Src/stm32g4xx_hal_rcc_ex.c ****     if(PeriphClkInit->FdcanClockSelection == RCC_FDCANCLKSOURCE_PLL)
 375              		.loc 1 394 7 is_stmt 0 view .LVU123
 376 01d8 B5F1807F 		cmp	r5, #16777216
 392:Drivers/STM32G4xx_HAL_Driver/Src/stm32g4xx_hal_rcc_ex.c ****     
 377              		.loc 1 392 5 view .LVU124
 378 01dc C1F88820 		str	r2, [r1, #136]
 379              		.loc 1 394 5 is_stmt 1 view .LVU125
 380              		.loc 1 394 7 is_stmt 0 view .LVU126
 381 01e0 5FD0     		beq	.L108
 382              	.L27:
 395:Drivers/STM32G4xx_HAL_Driver/Src/stm32g4xx_hal_rcc_ex.c ****     {
 396:Drivers/STM32G4xx_HAL_Driver/Src/stm32g4xx_hal_rcc_ex.c ****       /* Enable PLL48M1CLK output */
 397:Drivers/STM32G4xx_HAL_Driver/Src/stm32g4xx_hal_rcc_ex.c ****       __HAL_RCC_PLLCLKOUT_ENABLE(RCC_PLL_48M1CLK);
 398:Drivers/STM32G4xx_HAL_Driver/Src/stm32g4xx_hal_rcc_ex.c ****     }
 399:Drivers/STM32G4xx_HAL_Driver/Src/stm32g4xx_hal_rcc_ex.c ****   }
 400:Drivers/STM32G4xx_HAL_Driver/Src/stm32g4xx_hal_rcc_ex.c **** #endif /* FDCAN1 */
 401:Drivers/STM32G4xx_HAL_Driver/Src/stm32g4xx_hal_rcc_ex.c **** 
 402:Drivers/STM32G4xx_HAL_Driver/Src/stm32g4xx_hal_rcc_ex.c **** #if defined(USB)
ARM GAS  /tmp/ccaJoL7I.s 			page 15


 403:Drivers/STM32G4xx_HAL_Driver/Src/stm32g4xx_hal_rcc_ex.c **** 
 404:Drivers/STM32G4xx_HAL_Driver/Src/stm32g4xx_hal_rcc_ex.c ****   /*-------------------------- USB clock source configuration ----------------------*/
 405:Drivers/STM32G4xx_HAL_Driver/Src/stm32g4xx_hal_rcc_ex.c ****   if(((PeriphClkInit->PeriphClockSelection) & RCC_PERIPHCLK_USB) == (RCC_PERIPHCLK_USB))
 383              		.loc 1 405 3 is_stmt 1 view .LVU127
 384              		.loc 1 405 5 is_stmt 0 view .LVU128
 385 01e2 9E04     		lsls	r6, r3, #18
 386 01e4 0BD5     		bpl	.L28
 406:Drivers/STM32G4xx_HAL_Driver/Src/stm32g4xx_hal_rcc_ex.c ****   {
 407:Drivers/STM32G4xx_HAL_Driver/Src/stm32g4xx_hal_rcc_ex.c ****     assert_param(IS_RCC_USBCLKSOURCE(PeriphClkInit->UsbClockSelection));
 387              		.loc 1 407 5 is_stmt 1 view .LVU129
 408:Drivers/STM32G4xx_HAL_Driver/Src/stm32g4xx_hal_rcc_ex.c ****     __HAL_RCC_USB_CONFIG(PeriphClkInit->UsbClockSelection);
 388              		.loc 1 408 5 view .LVU130
 389 01e6 3649     		ldr	r1, .L114
 390 01e8 E56B     		ldr	r5, [r4, #60]
 391 01ea D1F88820 		ldr	r2, [r1, #136]
 392 01ee 22F04062 		bic	r2, r2, #201326592
 393 01f2 2A43     		orrs	r2, r2, r5
 409:Drivers/STM32G4xx_HAL_Driver/Src/stm32g4xx_hal_rcc_ex.c **** 
 410:Drivers/STM32G4xx_HAL_Driver/Src/stm32g4xx_hal_rcc_ex.c ****     if(PeriphClkInit->UsbClockSelection == RCC_USBCLKSOURCE_PLL)
 394              		.loc 1 410 7 is_stmt 0 view .LVU131
 395 01f4 B5F1006F 		cmp	r5, #134217728
 408:Drivers/STM32G4xx_HAL_Driver/Src/stm32g4xx_hal_rcc_ex.c ****     __HAL_RCC_USB_CONFIG(PeriphClkInit->UsbClockSelection);
 396              		.loc 1 408 5 view .LVU132
 397 01f8 C1F88820 		str	r2, [r1, #136]
 398              		.loc 1 410 5 is_stmt 1 view .LVU133
 399              		.loc 1 410 7 is_stmt 0 view .LVU134
 400 01fc 56D0     		beq	.L109
 401              	.L28:
 411:Drivers/STM32G4xx_HAL_Driver/Src/stm32g4xx_hal_rcc_ex.c ****     {
 412:Drivers/STM32G4xx_HAL_Driver/Src/stm32g4xx_hal_rcc_ex.c ****       /* Enable PLL48M1CLK output */
 413:Drivers/STM32G4xx_HAL_Driver/Src/stm32g4xx_hal_rcc_ex.c ****       __HAL_RCC_PLLCLKOUT_ENABLE(RCC_PLL_48M1CLK);
 414:Drivers/STM32G4xx_HAL_Driver/Src/stm32g4xx_hal_rcc_ex.c ****     }
 415:Drivers/STM32G4xx_HAL_Driver/Src/stm32g4xx_hal_rcc_ex.c ****   }
 416:Drivers/STM32G4xx_HAL_Driver/Src/stm32g4xx_hal_rcc_ex.c **** 
 417:Drivers/STM32G4xx_HAL_Driver/Src/stm32g4xx_hal_rcc_ex.c **** #endif /* USB */
 418:Drivers/STM32G4xx_HAL_Driver/Src/stm32g4xx_hal_rcc_ex.c **** 
 419:Drivers/STM32G4xx_HAL_Driver/Src/stm32g4xx_hal_rcc_ex.c ****   /*-------------------------- RNG clock source configuration ----------------------*/
 420:Drivers/STM32G4xx_HAL_Driver/Src/stm32g4xx_hal_rcc_ex.c ****   if(((PeriphClkInit->PeriphClockSelection) & RCC_PERIPHCLK_RNG) == (RCC_PERIPHCLK_RNG))
 402              		.loc 1 420 3 is_stmt 1 view .LVU135
 403              		.loc 1 420 5 is_stmt 0 view .LVU136
 404 01fe 5D04     		lsls	r5, r3, #17
 405 0200 0BD5     		bpl	.L29
 421:Drivers/STM32G4xx_HAL_Driver/Src/stm32g4xx_hal_rcc_ex.c ****   {
 422:Drivers/STM32G4xx_HAL_Driver/Src/stm32g4xx_hal_rcc_ex.c ****     assert_param(IS_RCC_RNGCLKSOURCE(PeriphClkInit->RngClockSelection));
 406              		.loc 1 422 5 is_stmt 1 view .LVU137
 423:Drivers/STM32G4xx_HAL_Driver/Src/stm32g4xx_hal_rcc_ex.c ****     __HAL_RCC_RNG_CONFIG(PeriphClkInit->RngClockSelection);
 407              		.loc 1 423 5 view .LVU138
 408 0202 2F49     		ldr	r1, .L114
 409 0204 256C     		ldr	r5, [r4, #64]
 410 0206 D1F88820 		ldr	r2, [r1, #136]
 411 020a 22F04062 		bic	r2, r2, #201326592
 412 020e 2A43     		orrs	r2, r2, r5
 424:Drivers/STM32G4xx_HAL_Driver/Src/stm32g4xx_hal_rcc_ex.c **** 
 425:Drivers/STM32G4xx_HAL_Driver/Src/stm32g4xx_hal_rcc_ex.c ****     if(PeriphClkInit->RngClockSelection == RCC_RNGCLKSOURCE_PLL)
 413              		.loc 1 425 7 is_stmt 0 view .LVU139
 414 0210 B5F1006F 		cmp	r5, #134217728
 423:Drivers/STM32G4xx_HAL_Driver/Src/stm32g4xx_hal_rcc_ex.c ****     __HAL_RCC_RNG_CONFIG(PeriphClkInit->RngClockSelection);
ARM GAS  /tmp/ccaJoL7I.s 			page 16


 415              		.loc 1 423 5 view .LVU140
 416 0214 C1F88820 		str	r2, [r1, #136]
 417              		.loc 1 425 5 is_stmt 1 view .LVU141
 418              		.loc 1 425 7 is_stmt 0 view .LVU142
 419 0218 4DD0     		beq	.L110
 420              	.L29:
 426:Drivers/STM32G4xx_HAL_Driver/Src/stm32g4xx_hal_rcc_ex.c ****     {
 427:Drivers/STM32G4xx_HAL_Driver/Src/stm32g4xx_hal_rcc_ex.c ****       /* Enable PLL48M1CLK output */
 428:Drivers/STM32G4xx_HAL_Driver/Src/stm32g4xx_hal_rcc_ex.c ****       __HAL_RCC_PLLCLKOUT_ENABLE(RCC_PLL_48M1CLK);
 429:Drivers/STM32G4xx_HAL_Driver/Src/stm32g4xx_hal_rcc_ex.c ****     }
 430:Drivers/STM32G4xx_HAL_Driver/Src/stm32g4xx_hal_rcc_ex.c ****   }
 431:Drivers/STM32G4xx_HAL_Driver/Src/stm32g4xx_hal_rcc_ex.c **** 
 432:Drivers/STM32G4xx_HAL_Driver/Src/stm32g4xx_hal_rcc_ex.c ****   /*-------------------------- ADC12 clock source configuration ----------------------*/
 433:Drivers/STM32G4xx_HAL_Driver/Src/stm32g4xx_hal_rcc_ex.c ****   if(((PeriphClkInit->PeriphClockSelection) & RCC_PERIPHCLK_ADC12) == RCC_PERIPHCLK_ADC12)
 421              		.loc 1 433 3 is_stmt 1 view .LVU143
 422              		.loc 1 433 5 is_stmt 0 view .LVU144
 423 021a 1904     		lsls	r1, r3, #16
 424 021c 0BD5     		bpl	.L30
 434:Drivers/STM32G4xx_HAL_Driver/Src/stm32g4xx_hal_rcc_ex.c ****   {
 435:Drivers/STM32G4xx_HAL_Driver/Src/stm32g4xx_hal_rcc_ex.c ****     /* Check the parameters */
 436:Drivers/STM32G4xx_HAL_Driver/Src/stm32g4xx_hal_rcc_ex.c ****     assert_param(IS_RCC_ADC12CLKSOURCE(PeriphClkInit->Adc12ClockSelection));
 425              		.loc 1 436 5 is_stmt 1 view .LVU145
 437:Drivers/STM32G4xx_HAL_Driver/Src/stm32g4xx_hal_rcc_ex.c **** 
 438:Drivers/STM32G4xx_HAL_Driver/Src/stm32g4xx_hal_rcc_ex.c ****     /* Configure the ADC12 interface clock source */
 439:Drivers/STM32G4xx_HAL_Driver/Src/stm32g4xx_hal_rcc_ex.c ****     __HAL_RCC_ADC12_CONFIG(PeriphClkInit->Adc12ClockSelection);
 426              		.loc 1 439 5 view .LVU146
 427 021e 2849     		ldr	r1, .L114
 428 0220 656C     		ldr	r5, [r4, #68]
 429 0222 D1F88820 		ldr	r2, [r1, #136]
 430 0226 22F04052 		bic	r2, r2, #805306368
 431 022a 2A43     		orrs	r2, r2, r5
 440:Drivers/STM32G4xx_HAL_Driver/Src/stm32g4xx_hal_rcc_ex.c ****     
 441:Drivers/STM32G4xx_HAL_Driver/Src/stm32g4xx_hal_rcc_ex.c ****     if(PeriphClkInit->Adc12ClockSelection == RCC_ADC12CLKSOURCE_PLL)
 432              		.loc 1 441 7 is_stmt 0 view .LVU147
 433 022c B5F1805F 		cmp	r5, #268435456
 439:Drivers/STM32G4xx_HAL_Driver/Src/stm32g4xx_hal_rcc_ex.c ****     
 434              		.loc 1 439 5 view .LVU148
 435 0230 C1F88820 		str	r2, [r1, #136]
 436              		.loc 1 441 5 is_stmt 1 view .LVU149
 437              		.loc 1 441 7 is_stmt 0 view .LVU150
 438 0234 48D0     		beq	.L111
 439              	.L30:
 442:Drivers/STM32G4xx_HAL_Driver/Src/stm32g4xx_hal_rcc_ex.c ****     {
 443:Drivers/STM32G4xx_HAL_Driver/Src/stm32g4xx_hal_rcc_ex.c ****       /* Enable PLLADCCLK output */
 444:Drivers/STM32G4xx_HAL_Driver/Src/stm32g4xx_hal_rcc_ex.c ****       __HAL_RCC_PLLCLKOUT_ENABLE(RCC_PLL_ADCCLK);
 445:Drivers/STM32G4xx_HAL_Driver/Src/stm32g4xx_hal_rcc_ex.c ****     }
 446:Drivers/STM32G4xx_HAL_Driver/Src/stm32g4xx_hal_rcc_ex.c ****   }
 447:Drivers/STM32G4xx_HAL_Driver/Src/stm32g4xx_hal_rcc_ex.c ****   
 448:Drivers/STM32G4xx_HAL_Driver/Src/stm32g4xx_hal_rcc_ex.c **** #if defined(ADC345_COMMON)
 449:Drivers/STM32G4xx_HAL_Driver/Src/stm32g4xx_hal_rcc_ex.c ****   /*-------------------------- ADC345 clock source configuration ----------------------*/
 450:Drivers/STM32G4xx_HAL_Driver/Src/stm32g4xx_hal_rcc_ex.c ****   if(((PeriphClkInit->PeriphClockSelection) & RCC_PERIPHCLK_ADC345) == RCC_PERIPHCLK_ADC345)
 440              		.loc 1 450 3 is_stmt 1 view .LVU151
 441              		.loc 1 450 5 is_stmt 0 view .LVU152
 442 0236 DA03     		lsls	r2, r3, #15
 443 0238 0BD5     		bpl	.L31
 451:Drivers/STM32G4xx_HAL_Driver/Src/stm32g4xx_hal_rcc_ex.c ****   {
 452:Drivers/STM32G4xx_HAL_Driver/Src/stm32g4xx_hal_rcc_ex.c ****     /* Check the parameters */
ARM GAS  /tmp/ccaJoL7I.s 			page 17


 453:Drivers/STM32G4xx_HAL_Driver/Src/stm32g4xx_hal_rcc_ex.c ****     assert_param(IS_RCC_ADC345CLKSOURCE(PeriphClkInit->Adc345ClockSelection));
 444              		.loc 1 453 5 is_stmt 1 view .LVU153
 454:Drivers/STM32G4xx_HAL_Driver/Src/stm32g4xx_hal_rcc_ex.c **** 
 455:Drivers/STM32G4xx_HAL_Driver/Src/stm32g4xx_hal_rcc_ex.c ****     /* Configure the ADC345 interface clock source */
 456:Drivers/STM32G4xx_HAL_Driver/Src/stm32g4xx_hal_rcc_ex.c ****     __HAL_RCC_ADC345_CONFIG(PeriphClkInit->Adc345ClockSelection);
 445              		.loc 1 456 5 view .LVU154
 446 023a 2149     		ldr	r1, .L114
 447 023c A56C     		ldr	r5, [r4, #72]
 448 023e D1F88820 		ldr	r2, [r1, #136]
 449 0242 22F04042 		bic	r2, r2, #-1073741824
 450 0246 2A43     		orrs	r2, r2, r5
 457:Drivers/STM32G4xx_HAL_Driver/Src/stm32g4xx_hal_rcc_ex.c ****     
 458:Drivers/STM32G4xx_HAL_Driver/Src/stm32g4xx_hal_rcc_ex.c ****     if(PeriphClkInit->Adc345ClockSelection == RCC_ADC345CLKSOURCE_PLL)
 451              		.loc 1 458 7 is_stmt 0 view .LVU155
 452 0248 B5F1804F 		cmp	r5, #1073741824
 456:Drivers/STM32G4xx_HAL_Driver/Src/stm32g4xx_hal_rcc_ex.c ****     
 453              		.loc 1 456 5 view .LVU156
 454 024c C1F88820 		str	r2, [r1, #136]
 455              		.loc 1 458 5 is_stmt 1 view .LVU157
 456              		.loc 1 458 7 is_stmt 0 view .LVU158
 457 0250 3FD0     		beq	.L112
 458              	.L31:
 459:Drivers/STM32G4xx_HAL_Driver/Src/stm32g4xx_hal_rcc_ex.c ****     {
 460:Drivers/STM32G4xx_HAL_Driver/Src/stm32g4xx_hal_rcc_ex.c ****       /* Enable PLLADCCLK output */
 461:Drivers/STM32G4xx_HAL_Driver/Src/stm32g4xx_hal_rcc_ex.c ****       __HAL_RCC_PLLCLKOUT_ENABLE(RCC_PLL_ADCCLK);
 462:Drivers/STM32G4xx_HAL_Driver/Src/stm32g4xx_hal_rcc_ex.c ****     }
 463:Drivers/STM32G4xx_HAL_Driver/Src/stm32g4xx_hal_rcc_ex.c ****   }
 464:Drivers/STM32G4xx_HAL_Driver/Src/stm32g4xx_hal_rcc_ex.c **** #endif /* ADC345_COMMON */
 465:Drivers/STM32G4xx_HAL_Driver/Src/stm32g4xx_hal_rcc_ex.c **** 
 466:Drivers/STM32G4xx_HAL_Driver/Src/stm32g4xx_hal_rcc_ex.c **** #if defined(QUADSPI)
 467:Drivers/STM32G4xx_HAL_Driver/Src/stm32g4xx_hal_rcc_ex.c **** 
 468:Drivers/STM32G4xx_HAL_Driver/Src/stm32g4xx_hal_rcc_ex.c ****   /*-------------------------- QuadSPIx clock source configuration ----------------*/
 469:Drivers/STM32G4xx_HAL_Driver/Src/stm32g4xx_hal_rcc_ex.c ****   if(((PeriphClkInit->PeriphClockSelection) & RCC_PERIPHCLK_QSPI) == RCC_PERIPHCLK_QSPI)
 459              		.loc 1 469 3 is_stmt 1 view .LVU159
 460              		.loc 1 469 5 is_stmt 0 view .LVU160
 461 0252 5B03     		lsls	r3, r3, #13
 462 0254 0BD5     		bpl	.L37
 470:Drivers/STM32G4xx_HAL_Driver/Src/stm32g4xx_hal_rcc_ex.c ****   {
 471:Drivers/STM32G4xx_HAL_Driver/Src/stm32g4xx_hal_rcc_ex.c ****     /* Check the parameters */
 472:Drivers/STM32G4xx_HAL_Driver/Src/stm32g4xx_hal_rcc_ex.c ****     assert_param(IS_RCC_QSPICLKSOURCE(PeriphClkInit->QspiClockSelection));
 463              		.loc 1 472 5 is_stmt 1 view .LVU161
 473:Drivers/STM32G4xx_HAL_Driver/Src/stm32g4xx_hal_rcc_ex.c **** 
 474:Drivers/STM32G4xx_HAL_Driver/Src/stm32g4xx_hal_rcc_ex.c ****     /* Configure the QuadSPI clock source */
 475:Drivers/STM32G4xx_HAL_Driver/Src/stm32g4xx_hal_rcc_ex.c ****     __HAL_RCC_QSPI_CONFIG(PeriphClkInit->QspiClockSelection);
 464              		.loc 1 475 5 view .LVU162
 465 0256 1A4A     		ldr	r2, .L114
 466 0258 E16C     		ldr	r1, [r4, #76]
 467 025a D2F89C30 		ldr	r3, [r2, #156]
 468 025e 23F44013 		bic	r3, r3, #3145728
 469 0262 0B43     		orrs	r3, r3, r1
 476:Drivers/STM32G4xx_HAL_Driver/Src/stm32g4xx_hal_rcc_ex.c **** 
 477:Drivers/STM32G4xx_HAL_Driver/Src/stm32g4xx_hal_rcc_ex.c ****     if(PeriphClkInit->QspiClockSelection == RCC_QSPICLKSOURCE_PLL)
 470              		.loc 1 477 7 is_stmt 0 view .LVU163
 471 0264 B1F5001F 		cmp	r1, #2097152
 475:Drivers/STM32G4xx_HAL_Driver/Src/stm32g4xx_hal_rcc_ex.c **** 
 472              		.loc 1 475 5 view .LVU164
 473 0268 C2F89C30 		str	r3, [r2, #156]
ARM GAS  /tmp/ccaJoL7I.s 			page 18


 474              		.loc 1 477 5 is_stmt 1 view .LVU165
 475              		.loc 1 477 7 is_stmt 0 view .LVU166
 476 026c 36D0     		beq	.L113
 477              	.L37:
 478:Drivers/STM32G4xx_HAL_Driver/Src/stm32g4xx_hal_rcc_ex.c ****     {
 479:Drivers/STM32G4xx_HAL_Driver/Src/stm32g4xx_hal_rcc_ex.c ****       /* Enable PLL48M1CLK output */
 480:Drivers/STM32G4xx_HAL_Driver/Src/stm32g4xx_hal_rcc_ex.c ****       __HAL_RCC_PLLCLKOUT_ENABLE(RCC_PLL_48M1CLK);
 481:Drivers/STM32G4xx_HAL_Driver/Src/stm32g4xx_hal_rcc_ex.c ****     }
 482:Drivers/STM32G4xx_HAL_Driver/Src/stm32g4xx_hal_rcc_ex.c ****   }
 483:Drivers/STM32G4xx_HAL_Driver/Src/stm32g4xx_hal_rcc_ex.c **** 
 484:Drivers/STM32G4xx_HAL_Driver/Src/stm32g4xx_hal_rcc_ex.c **** #endif /* QUADSPI */
 485:Drivers/STM32G4xx_HAL_Driver/Src/stm32g4xx_hal_rcc_ex.c **** 
 486:Drivers/STM32G4xx_HAL_Driver/Src/stm32g4xx_hal_rcc_ex.c ****   return status;
 487:Drivers/STM32G4xx_HAL_Driver/Src/stm32g4xx_hal_rcc_ex.c **** }
 478              		.loc 1 487 1 view .LVU167
 479 026e 02B0     		add	sp, sp, #8
 480              	.LCFI2:
 481              		.cfi_remember_state
 482              		.cfi_def_cfa_offset 24
 483              		@ sp needed
 484 0270 BDE8F081 		pop	{r4, r5, r6, r7, r8, pc}
 485              	.LVL15:
 486              	.L104:
 487              	.LCFI3:
 488              		.cfi_restore_state
 489              	.LBB5:
 144:Drivers/STM32G4xx_HAL_Driver/Src/stm32g4xx_hal_rcc_ex.c ****       pwrclkchanged = SET;
 490              		.loc 1 144 7 is_stmt 1 view .LVU168
 491              	.LBB3:
 144:Drivers/STM32G4xx_HAL_Driver/Src/stm32g4xx_hal_rcc_ex.c ****       pwrclkchanged = SET;
 492              		.loc 1 144 7 view .LVU169
 144:Drivers/STM32G4xx_HAL_Driver/Src/stm32g4xx_hal_rcc_ex.c ****       pwrclkchanged = SET;
 493              		.loc 1 144 7 view .LVU170
 494 0274 9A6D     		ldr	r2, [r3, #88]
 495 0276 42F08052 		orr	r2, r2, #268435456
 496 027a 9A65     		str	r2, [r3, #88]
 144:Drivers/STM32G4xx_HAL_Driver/Src/stm32g4xx_hal_rcc_ex.c ****       pwrclkchanged = SET;
 497              		.loc 1 144 7 view .LVU171
 498 027c 9B6D     		ldr	r3, [r3, #88]
 499 027e 03F08053 		and	r3, r3, #268435456
 500 0282 0193     		str	r3, [sp, #4]
 144:Drivers/STM32G4xx_HAL_Driver/Src/stm32g4xx_hal_rcc_ex.c ****       pwrclkchanged = SET;
 501              		.loc 1 144 7 view .LVU172
 502 0284 019B     		ldr	r3, [sp, #4]
 503              	.LBE3:
 144:Drivers/STM32G4xx_HAL_Driver/Src/stm32g4xx_hal_rcc_ex.c ****       pwrclkchanged = SET;
 504              		.loc 1 144 7 view .LVU173
 145:Drivers/STM32G4xx_HAL_Driver/Src/stm32g4xx_hal_rcc_ex.c ****     }
 505              		.loc 1 145 7 view .LVU174
 506              	.LVL16:
 145:Drivers/STM32G4xx_HAL_Driver/Src/stm32g4xx_hal_rcc_ex.c ****     }
 507              		.loc 1 145 21 is_stmt 0 view .LVU175
 508 0286 0127     		movs	r7, #1
 509 0288 C8E6     		b	.L3
 510              	.LVL17:
 511              	.L5:
 204:Drivers/STM32G4xx_HAL_Driver/Src/stm32g4xx_hal_rcc_ex.c ****       }
ARM GAS  /tmp/ccaJoL7I.s 			page 19


 512              		.loc 1 204 16 view .LVU176
 513 028a 0320     		movs	r0, #3
 514 028c FFE6     		b	.L10
 515              	.LVL18:
 516              	.L106:
 204:Drivers/STM32G4xx_HAL_Driver/Src/stm32g4xx_hal_rcc_ex.c ****       }
 517              		.loc 1 204 16 view .LVU177
 518              	.LBE5:
 359:Drivers/STM32G4xx_HAL_Driver/Src/stm32g4xx_hal_rcc_ex.c ****     }
 519              		.loc 1 359 7 is_stmt 1 view .LVU178
 520 028e CA68     		ldr	r2, [r1, #12]
 521 0290 42F48012 		orr	r2, r2, #1048576
 522 0294 CA60     		str	r2, [r1, #12]
 523 0296 88E7     		b	.L25
 524              	.L107:
 378:Drivers/STM32G4xx_HAL_Driver/Src/stm32g4xx_hal_rcc_ex.c ****     }
 525              		.loc 1 378 7 view .LVU179
 526 0298 CA68     		ldr	r2, [r1, #12]
 527 029a 42F48012 		orr	r2, r2, #1048576
 528 029e CA60     		str	r2, [r1, #12]
 529 02a0 91E7     		b	.L26
 530              	.L108:
 397:Drivers/STM32G4xx_HAL_Driver/Src/stm32g4xx_hal_rcc_ex.c ****     }
 531              		.loc 1 397 7 view .LVU180
 532 02a2 CA68     		ldr	r2, [r1, #12]
 533 02a4 42F48012 		orr	r2, r2, #1048576
 534 02a8 CA60     		str	r2, [r1, #12]
 535 02aa 9AE7     		b	.L27
 536              	.L109:
 413:Drivers/STM32G4xx_HAL_Driver/Src/stm32g4xx_hal_rcc_ex.c ****     }
 537              		.loc 1 413 7 view .LVU181
 538 02ac CA68     		ldr	r2, [r1, #12]
 539 02ae 42F48012 		orr	r2, r2, #1048576
 540 02b2 CA60     		str	r2, [r1, #12]
 541 02b4 A3E7     		b	.L28
 542              	.L110:
 428:Drivers/STM32G4xx_HAL_Driver/Src/stm32g4xx_hal_rcc_ex.c ****     }
 543              		.loc 1 428 7 view .LVU182
 544 02b6 CA68     		ldr	r2, [r1, #12]
 545 02b8 42F48012 		orr	r2, r2, #1048576
 546 02bc CA60     		str	r2, [r1, #12]
 547 02be ACE7     		b	.L29
 548              	.L115:
 549              		.align	2
 550              	.L114:
 551 02c0 00100240 		.word	1073876992
 552 02c4 00700040 		.word	1073770496
 553              	.L111:
 444:Drivers/STM32G4xx_HAL_Driver/Src/stm32g4xx_hal_rcc_ex.c ****     }
 554              		.loc 1 444 7 view .LVU183
 555 02c8 CA68     		ldr	r2, [r1, #12]
 556 02ca 42F48032 		orr	r2, r2, #65536
 557 02ce CA60     		str	r2, [r1, #12]
 558 02d0 B1E7     		b	.L30
 559              	.L112:
 461:Drivers/STM32G4xx_HAL_Driver/Src/stm32g4xx_hal_rcc_ex.c ****     }
 560              		.loc 1 461 7 view .LVU184
ARM GAS  /tmp/ccaJoL7I.s 			page 20


 561 02d2 CA68     		ldr	r2, [r1, #12]
 562 02d4 42F48032 		orr	r2, r2, #65536
 563 02d8 CA60     		str	r2, [r1, #12]
 564 02da BAE7     		b	.L31
 565              	.L113:
 480:Drivers/STM32G4xx_HAL_Driver/Src/stm32g4xx_hal_rcc_ex.c ****     }
 566              		.loc 1 480 7 view .LVU185
 567 02dc D368     		ldr	r3, [r2, #12]
 568 02de 43F48013 		orr	r3, r3, #1048576
 569 02e2 D360     		str	r3, [r2, #12]
 486:Drivers/STM32G4xx_HAL_Driver/Src/stm32g4xx_hal_rcc_ex.c **** }
 570              		.loc 1 486 3 view .LVU186
 571              		.loc 1 487 1 is_stmt 0 view .LVU187
 572 02e4 02B0     		add	sp, sp, #8
 573              	.LCFI4:
 574              		.cfi_remember_state
 575              		.cfi_def_cfa_offset 24
 576              		@ sp needed
 577 02e6 BDE8F081 		pop	{r4, r5, r6, r7, r8, pc}
 578              	.LVL19:
 579              	.L105:
 580              	.LCFI5:
 581              		.cfi_restore_state
 582              	.LBB6:
 183:Drivers/STM32G4xx_HAL_Driver/Src/stm32g4xx_hal_rcc_ex.c **** 
 583              		.loc 1 183 9 is_stmt 1 view .LVU188
 183:Drivers/STM32G4xx_HAL_Driver/Src/stm32g4xx_hal_rcc_ex.c **** 
 584              		.loc 1 183 21 is_stmt 0 view .LVU189
 585 02ea FFF7FEFF 		bl	HAL_GetTick
 586              	.LVL20:
 188:Drivers/STM32G4xx_HAL_Driver/Src/stm32g4xx_hal_rcc_ex.c ****           {
 587              		.loc 1 188 13 discriminator 1 view .LVU190
 588 02ee 41F28836 		movw	r6, #5000
 589              	.LVL21:
 183:Drivers/STM32G4xx_HAL_Driver/Src/stm32g4xx_hal_rcc_ex.c **** 
 590              		.loc 1 183 21 view .LVU191
 591 02f2 8046     		mov	r8, r0
 592              	.LVL22:
 186:Drivers/STM32G4xx_HAL_Driver/Src/stm32g4xx_hal_rcc_ex.c ****         {
 593              		.loc 1 186 9 is_stmt 1 view .LVU192
 186:Drivers/STM32G4xx_HAL_Driver/Src/stm32g4xx_hal_rcc_ex.c ****         {
 594              		.loc 1 186 14 is_stmt 0 view .LVU193
 595 02f4 05E0     		b	.L9
 596              	.LVL23:
 597              	.L11:
 188:Drivers/STM32G4xx_HAL_Driver/Src/stm32g4xx_hal_rcc_ex.c ****           {
 598              		.loc 1 188 15 view .LVU194
 599 02f6 FFF7FEFF 		bl	HAL_GetTick
 600              	.LVL24:
 188:Drivers/STM32G4xx_HAL_Driver/Src/stm32g4xx_hal_rcc_ex.c ****           {
 601              		.loc 1 188 29 discriminator 1 view .LVU195
 602 02fa A0EB0800 		sub	r0, r0, r8
 188:Drivers/STM32G4xx_HAL_Driver/Src/stm32g4xx_hal_rcc_ex.c ****           {
 603              		.loc 1 188 13 discriminator 1 view .LVU196
 604 02fe B042     		cmp	r0, r6
 605 0300 C3D8     		bhi	.L5
 606              	.L9:
ARM GAS  /tmp/ccaJoL7I.s 			page 21


 188:Drivers/STM32G4xx_HAL_Driver/Src/stm32g4xx_hal_rcc_ex.c ****           {
 607              		.loc 1 188 11 is_stmt 1 view .LVU197
 186:Drivers/STM32G4xx_HAL_Driver/Src/stm32g4xx_hal_rcc_ex.c ****         {
 608              		.loc 1 186 52 discriminator 1 view .LVU198
 186:Drivers/STM32G4xx_HAL_Driver/Src/stm32g4xx_hal_rcc_ex.c ****         {
 609              		.loc 1 186 15 is_stmt 0 discriminator 1 view .LVU199
 610 0302 D5F89030 		ldr	r3, [r5, #144]
 186:Drivers/STM32G4xx_HAL_Driver/Src/stm32g4xx_hal_rcc_ex.c ****         {
 611              		.loc 1 186 52 discriminator 1 view .LVU200
 612 0306 9B07     		lsls	r3, r3, #30
 613 0308 F5D5     		bpl	.L11
 196:Drivers/STM32G4xx_HAL_Driver/Src/stm32g4xx_hal_rcc_ex.c ****       {
 614              		.loc 1 196 7 is_stmt 1 view .LVU201
 615              	.LVL25:
 199:Drivers/STM32G4xx_HAL_Driver/Src/stm32g4xx_hal_rcc_ex.c ****       }
 616              		.loc 1 199 9 is_stmt 0 view .LVU202
 617 030a 226D     		ldr	r2, [r4, #80]
 618 030c B6E6     		b	.L33
 619              	.LBE6:
 620              		.cfi_endproc
 621              	.LFE329:
 623 030e 00BF     		.section	.text.HAL_RCCEx_GetPeriphCLKConfig,"ax",%progbits
 624              		.align	1
 625              		.p2align 2,,3
 626              		.global	HAL_RCCEx_GetPeriphCLKConfig
 627              		.syntax unified
 628              		.thumb
 629              		.thumb_func
 631              	HAL_RCCEx_GetPeriphCLKConfig:
 632              	.LVL26:
 633              	.LFB330:
 488:Drivers/STM32G4xx_HAL_Driver/Src/stm32g4xx_hal_rcc_ex.c **** 
 489:Drivers/STM32G4xx_HAL_Driver/Src/stm32g4xx_hal_rcc_ex.c **** /**
 490:Drivers/STM32G4xx_HAL_Driver/Src/stm32g4xx_hal_rcc_ex.c ****   * @brief  Get the RCC_ClkInitStruct according to the internal RCC configuration registers.
 491:Drivers/STM32G4xx_HAL_Driver/Src/stm32g4xx_hal_rcc_ex.c ****   * @param  PeriphClkInit  pointer to an RCC_PeriphCLKInitTypeDef structure that
 492:Drivers/STM32G4xx_HAL_Driver/Src/stm32g4xx_hal_rcc_ex.c ****   *         returns the configuration information for the Extended Peripherals
 493:Drivers/STM32G4xx_HAL_Driver/Src/stm32g4xx_hal_rcc_ex.c ****   *         clocks(USART1, USART2, USART3, UART4, UART5, LPUART1, I2C1, I2C2, I2C3, I2C4,
 494:Drivers/STM32G4xx_HAL_Driver/Src/stm32g4xx_hal_rcc_ex.c ****   *         LPTIM1, SAI1, I2Sx, FDCANx, USB, RNG, ADCx, RTC, QSPI).
 495:Drivers/STM32G4xx_HAL_Driver/Src/stm32g4xx_hal_rcc_ex.c ****   * @retval None
 496:Drivers/STM32G4xx_HAL_Driver/Src/stm32g4xx_hal_rcc_ex.c ****   */
 497:Drivers/STM32G4xx_HAL_Driver/Src/stm32g4xx_hal_rcc_ex.c **** void HAL_RCCEx_GetPeriphCLKConfig(RCC_PeriphCLKInitTypeDef  *PeriphClkInit)
 498:Drivers/STM32G4xx_HAL_Driver/Src/stm32g4xx_hal_rcc_ex.c **** {
 634              		.loc 1 498 1 is_stmt 1 view -0
 635              		.cfi_startproc
 636              		@ args = 0, pretend = 0, frame = 0
 637              		@ frame_needed = 0, uses_anonymous_args = 0
 638              		@ link register save eliminated.
 499:Drivers/STM32G4xx_HAL_Driver/Src/stm32g4xx_hal_rcc_ex.c ****   /* Set all possible values for the extended clock type parameter------------*/
 500:Drivers/STM32G4xx_HAL_Driver/Src/stm32g4xx_hal_rcc_ex.c **** 
 501:Drivers/STM32G4xx_HAL_Driver/Src/stm32g4xx_hal_rcc_ex.c **** #if defined(STM32G474xx) || defined(STM32G484xx)
 502:Drivers/STM32G4xx_HAL_Driver/Src/stm32g4xx_hal_rcc_ex.c **** 
 503:Drivers/STM32G4xx_HAL_Driver/Src/stm32g4xx_hal_rcc_ex.c ****   PeriphClkInit->PeriphClockSelection = RCC_PERIPHCLK_USART1  | RCC_PERIPHCLK_USART2 | RCC_PERIPHCL
 639              		.loc 1 503 3 view .LVU204
 504:Drivers/STM32G4xx_HAL_Driver/Src/stm32g4xx_hal_rcc_ex.c ****                                         RCC_PERIPHCLK_UART5   | \
 505:Drivers/STM32G4xx_HAL_Driver/Src/stm32g4xx_hal_rcc_ex.c ****                                         RCC_PERIPHCLK_LPUART1 | RCC_PERIPHCLK_I2C1   | RCC_PERIPHCL
 506:Drivers/STM32G4xx_HAL_Driver/Src/stm32g4xx_hal_rcc_ex.c ****                                         RCC_PERIPHCLK_I2C4    | \
 507:Drivers/STM32G4xx_HAL_Driver/Src/stm32g4xx_hal_rcc_ex.c ****                                         RCC_PERIPHCLK_LPTIM1  | RCC_PERIPHCLK_SAI1   | RCC_PERIPHCL
ARM GAS  /tmp/ccaJoL7I.s 			page 22


 508:Drivers/STM32G4xx_HAL_Driver/Src/stm32g4xx_hal_rcc_ex.c ****                                         RCC_PERIPHCLK_RNG     | RCC_PERIPHCLK_USB    | RCC_PERIPHCL
 509:Drivers/STM32G4xx_HAL_Driver/Src/stm32g4xx_hal_rcc_ex.c ****                                         RCC_PERIPHCLK_QSPI    | \
 510:Drivers/STM32G4xx_HAL_Driver/Src/stm32g4xx_hal_rcc_ex.c ****                                         RCC_PERIPHCLK_RTC;
 511:Drivers/STM32G4xx_HAL_Driver/Src/stm32g4xx_hal_rcc_ex.c **** 
 512:Drivers/STM32G4xx_HAL_Driver/Src/stm32g4xx_hal_rcc_ex.c **** #elif defined(STM32G414xx)
 513:Drivers/STM32G4xx_HAL_Driver/Src/stm32g4xx_hal_rcc_ex.c **** 
 514:Drivers/STM32G4xx_HAL_Driver/Src/stm32g4xx_hal_rcc_ex.c ****   PeriphClkInit->PeriphClockSelection = RCC_PERIPHCLK_USART1  | RCC_PERIPHCLK_USART2  | RCC_PERIPHC
 515:Drivers/STM32G4xx_HAL_Driver/Src/stm32g4xx_hal_rcc_ex.c ****                                         RCC_PERIPHCLK_LPTIM1  | RCC_PERIPHCLK_I2S     | RCC_PERIPHC
 516:Drivers/STM32G4xx_HAL_Driver/Src/stm32g4xx_hal_rcc_ex.c ****                                         RCC_PERIPHCLK_ADC12   | RCC_PERIPHCLK_RTC;
 517:Drivers/STM32G4xx_HAL_Driver/Src/stm32g4xx_hal_rcc_ex.c **** 
 518:Drivers/STM32G4xx_HAL_Driver/Src/stm32g4xx_hal_rcc_ex.c **** #elif defined(STM32G491xx) || defined(STM32G4A1xx)
 519:Drivers/STM32G4xx_HAL_Driver/Src/stm32g4xx_hal_rcc_ex.c **** 
 520:Drivers/STM32G4xx_HAL_Driver/Src/stm32g4xx_hal_rcc_ex.c ****   PeriphClkInit->PeriphClockSelection = RCC_PERIPHCLK_USART1  | RCC_PERIPHCLK_USART2 | RCC_PERIPHCL
 521:Drivers/STM32G4xx_HAL_Driver/Src/stm32g4xx_hal_rcc_ex.c ****                                         RCC_PERIPHCLK_UART5   | \
 522:Drivers/STM32G4xx_HAL_Driver/Src/stm32g4xx_hal_rcc_ex.c ****                                         RCC_PERIPHCLK_LPUART1 | RCC_PERIPHCLK_I2C1   | RCC_PERIPHCL
 523:Drivers/STM32G4xx_HAL_Driver/Src/stm32g4xx_hal_rcc_ex.c ****                                         RCC_PERIPHCLK_LPTIM1  | RCC_PERIPHCLK_SAI1   | RCC_PERIPHCL
 524:Drivers/STM32G4xx_HAL_Driver/Src/stm32g4xx_hal_rcc_ex.c ****                                         RCC_PERIPHCLK_RNG     | RCC_PERIPHCLK_USB    | RCC_PERIPHCL
 525:Drivers/STM32G4xx_HAL_Driver/Src/stm32g4xx_hal_rcc_ex.c ****                                         RCC_PERIPHCLK_QSPI    | \
 526:Drivers/STM32G4xx_HAL_Driver/Src/stm32g4xx_hal_rcc_ex.c ****                                         RCC_PERIPHCLK_RTC;
 527:Drivers/STM32G4xx_HAL_Driver/Src/stm32g4xx_hal_rcc_ex.c **** 
 528:Drivers/STM32G4xx_HAL_Driver/Src/stm32g4xx_hal_rcc_ex.c **** #elif defined(STM32G473xx) || defined(STM32G483xx)
 529:Drivers/STM32G4xx_HAL_Driver/Src/stm32g4xx_hal_rcc_ex.c **** 
 530:Drivers/STM32G4xx_HAL_Driver/Src/stm32g4xx_hal_rcc_ex.c ****   PeriphClkInit->PeriphClockSelection = RCC_PERIPHCLK_USART1  | RCC_PERIPHCLK_USART2 | RCC_PERIPHCL
 531:Drivers/STM32G4xx_HAL_Driver/Src/stm32g4xx_hal_rcc_ex.c ****                                         RCC_PERIPHCLK_UART5   | \
 532:Drivers/STM32G4xx_HAL_Driver/Src/stm32g4xx_hal_rcc_ex.c ****                                         RCC_PERIPHCLK_LPUART1 | RCC_PERIPHCLK_I2C1   | RCC_PERIPHCL
 533:Drivers/STM32G4xx_HAL_Driver/Src/stm32g4xx_hal_rcc_ex.c ****                                         RCC_PERIPHCLK_I2C4    | \
 534:Drivers/STM32G4xx_HAL_Driver/Src/stm32g4xx_hal_rcc_ex.c ****                                         RCC_PERIPHCLK_LPTIM1  | RCC_PERIPHCLK_SAI1   | RCC_PERIPHCL
 535:Drivers/STM32G4xx_HAL_Driver/Src/stm32g4xx_hal_rcc_ex.c ****                                         RCC_PERIPHCLK_RNG     | RCC_PERIPHCLK_USB    | RCC_PERIPHCL
 536:Drivers/STM32G4xx_HAL_Driver/Src/stm32g4xx_hal_rcc_ex.c ****                                         RCC_PERIPHCLK_QSPI    | \
 537:Drivers/STM32G4xx_HAL_Driver/Src/stm32g4xx_hal_rcc_ex.c ****                                         RCC_PERIPHCLK_RTC;
 538:Drivers/STM32G4xx_HAL_Driver/Src/stm32g4xx_hal_rcc_ex.c **** 
 539:Drivers/STM32G4xx_HAL_Driver/Src/stm32g4xx_hal_rcc_ex.c **** #elif defined(STM32G471xx)
 540:Drivers/STM32G4xx_HAL_Driver/Src/stm32g4xx_hal_rcc_ex.c **** 
 541:Drivers/STM32G4xx_HAL_Driver/Src/stm32g4xx_hal_rcc_ex.c ****   PeriphClkInit->PeriphClockSelection = RCC_PERIPHCLK_USART1  | RCC_PERIPHCLK_USART2 | RCC_PERIPHCL
 542:Drivers/STM32G4xx_HAL_Driver/Src/stm32g4xx_hal_rcc_ex.c ****                                         RCC_PERIPHCLK_UART5   | \
 543:Drivers/STM32G4xx_HAL_Driver/Src/stm32g4xx_hal_rcc_ex.c ****                                         RCC_PERIPHCLK_LPUART1 | RCC_PERIPHCLK_I2C1   | RCC_PERIPHCL
 544:Drivers/STM32G4xx_HAL_Driver/Src/stm32g4xx_hal_rcc_ex.c ****                                         RCC_PERIPHCLK_I2C4    | \
 545:Drivers/STM32G4xx_HAL_Driver/Src/stm32g4xx_hal_rcc_ex.c ****                                         RCC_PERIPHCLK_LPTIM1  | RCC_PERIPHCLK_SAI1   | RCC_PERIPHCL
 546:Drivers/STM32G4xx_HAL_Driver/Src/stm32g4xx_hal_rcc_ex.c ****                                         RCC_PERIPHCLK_RNG     | RCC_PERIPHCLK_USB    | RCC_PERIPHCL
 547:Drivers/STM32G4xx_HAL_Driver/Src/stm32g4xx_hal_rcc_ex.c ****                                         RCC_PERIPHCLK_RTC;
 548:Drivers/STM32G4xx_HAL_Driver/Src/stm32g4xx_hal_rcc_ex.c **** 
 549:Drivers/STM32G4xx_HAL_Driver/Src/stm32g4xx_hal_rcc_ex.c **** #elif defined(STM32G431xx) || defined(STM32G441xx)
 550:Drivers/STM32G4xx_HAL_Driver/Src/stm32g4xx_hal_rcc_ex.c **** 
 551:Drivers/STM32G4xx_HAL_Driver/Src/stm32g4xx_hal_rcc_ex.c ****   PeriphClkInit->PeriphClockSelection = RCC_PERIPHCLK_USART1  | RCC_PERIPHCLK_USART2 | RCC_PERIPHCL
 552:Drivers/STM32G4xx_HAL_Driver/Src/stm32g4xx_hal_rcc_ex.c ****                                         RCC_PERIPHCLK_LPUART1 | RCC_PERIPHCLK_I2C1   | RCC_PERIPHCL
 553:Drivers/STM32G4xx_HAL_Driver/Src/stm32g4xx_hal_rcc_ex.c ****                                         RCC_PERIPHCLK_LPTIM1  | RCC_PERIPHCLK_SAI1   | RCC_PERIPHCL
 554:Drivers/STM32G4xx_HAL_Driver/Src/stm32g4xx_hal_rcc_ex.c ****                                         RCC_PERIPHCLK_RNG     | RCC_PERIPHCLK_USB    | RCC_PERIPHCL
 555:Drivers/STM32G4xx_HAL_Driver/Src/stm32g4xx_hal_rcc_ex.c ****                                         RCC_PERIPHCLK_RTC;
 556:Drivers/STM32G4xx_HAL_Driver/Src/stm32g4xx_hal_rcc_ex.c **** #elif defined(STM32G411xB) || defined(STM32G411xC)
 557:Drivers/STM32G4xx_HAL_Driver/Src/stm32g4xx_hal_rcc_ex.c **** 
 558:Drivers/STM32G4xx_HAL_Driver/Src/stm32g4xx_hal_rcc_ex.c ****   PeriphClkInit->PeriphClockSelection = RCC_PERIPHCLK_USART1  | RCC_PERIPHCLK_USART2 | RCC_PERIPHCL
 559:Drivers/STM32G4xx_HAL_Driver/Src/stm32g4xx_hal_rcc_ex.c ****                                         RCC_PERIPHCLK_LPUART1 | RCC_PERIPHCLK_I2C1   | RCC_PERIPHCL
 560:Drivers/STM32G4xx_HAL_Driver/Src/stm32g4xx_hal_rcc_ex.c ****                                         RCC_PERIPHCLK_LPTIM1  | RCC_PERIPHCLK_I2S    | RCC_PERIPHCL
 561:Drivers/STM32G4xx_HAL_Driver/Src/stm32g4xx_hal_rcc_ex.c ****                                         RCC_PERIPHCLK_RNG     | RCC_PERIPHCLK_ADC12  | RCC_PERIPHCL
 562:Drivers/STM32G4xx_HAL_Driver/Src/stm32g4xx_hal_rcc_ex.c **** 
 563:Drivers/STM32G4xx_HAL_Driver/Src/stm32g4xx_hal_rcc_ex.c **** #elif defined(STM32GBK1CB)
 564:Drivers/STM32G4xx_HAL_Driver/Src/stm32g4xx_hal_rcc_ex.c **** 
ARM GAS  /tmp/ccaJoL7I.s 			page 23


 565:Drivers/STM32G4xx_HAL_Driver/Src/stm32g4xx_hal_rcc_ex.c ****   PeriphClkInit->PeriphClockSelection = RCC_PERIPHCLK_USART1  | RCC_PERIPHCLK_USART2 | RCC_PERIPHCL
 566:Drivers/STM32G4xx_HAL_Driver/Src/stm32g4xx_hal_rcc_ex.c ****                                         RCC_PERIPHCLK_LPUART1 | RCC_PERIPHCLK_I2C1   | RCC_PERIPHCL
 567:Drivers/STM32G4xx_HAL_Driver/Src/stm32g4xx_hal_rcc_ex.c ****                                         RCC_PERIPHCLK_LPTIM1  | RCC_PERIPHCLK_SAI1   | RCC_PERIPHCL
 568:Drivers/STM32G4xx_HAL_Driver/Src/stm32g4xx_hal_rcc_ex.c ****                                         RCC_PERIPHCLK_RNG     | RCC_PERIPHCLK_USB    | RCC_PERIPHCL
 569:Drivers/STM32G4xx_HAL_Driver/Src/stm32g4xx_hal_rcc_ex.c ****                                         RCC_PERIPHCLK_RTC;
 570:Drivers/STM32G4xx_HAL_Driver/Src/stm32g4xx_hal_rcc_ex.c **** 
 571:Drivers/STM32G4xx_HAL_Driver/Src/stm32g4xx_hal_rcc_ex.c **** #endif /* STM32G474xx || STM32G484xx */
 572:Drivers/STM32G4xx_HAL_Driver/Src/stm32g4xx_hal_rcc_ex.c **** 
 573:Drivers/STM32G4xx_HAL_Driver/Src/stm32g4xx_hal_rcc_ex.c **** 
 574:Drivers/STM32G4xx_HAL_Driver/Src/stm32g4xx_hal_rcc_ex.c ****   /* Get the USART1 clock source ---------------------------------------------*/
 575:Drivers/STM32G4xx_HAL_Driver/Src/stm32g4xx_hal_rcc_ex.c ****   PeriphClkInit->Usart1ClockSelection  = __HAL_RCC_GET_USART1_SOURCE();
 640              		.loc 1 575 42 is_stmt 0 view .LVU205
 641 0000 334B     		ldr	r3, .L117
 503:Drivers/STM32G4xx_HAL_Driver/Src/stm32g4xx_hal_rcc_ex.c ****                                         RCC_PERIPHCLK_UART5   | \
 642              		.loc 1 503 39 view .LVU206
 643 0002 344A     		ldr	r2, .L117+4
 644 0004 0260     		str	r2, [r0]
 645              		.loc 1 575 3 is_stmt 1 view .LVU207
 646              		.loc 1 575 42 is_stmt 0 view .LVU208
 647 0006 D3F88820 		ldr	r2, [r3, #136]
 648 000a 02F00302 		and	r2, r2, #3
 649              		.loc 1 575 40 view .LVU209
 650 000e 4260     		str	r2, [r0, #4]
 576:Drivers/STM32G4xx_HAL_Driver/Src/stm32g4xx_hal_rcc_ex.c ****   /* Get the USART2 clock source ---------------------------------------------*/
 577:Drivers/STM32G4xx_HAL_Driver/Src/stm32g4xx_hal_rcc_ex.c ****   PeriphClkInit->Usart2ClockSelection  = __HAL_RCC_GET_USART2_SOURCE();
 651              		.loc 1 577 3 is_stmt 1 view .LVU210
 652              		.loc 1 577 42 is_stmt 0 view .LVU211
 653 0010 D3F88820 		ldr	r2, [r3, #136]
 654 0014 02F00C02 		and	r2, r2, #12
 655              		.loc 1 577 40 view .LVU212
 656 0018 8260     		str	r2, [r0, #8]
 578:Drivers/STM32G4xx_HAL_Driver/Src/stm32g4xx_hal_rcc_ex.c **** 
 579:Drivers/STM32G4xx_HAL_Driver/Src/stm32g4xx_hal_rcc_ex.c **** #if defined(USART3)
 580:Drivers/STM32G4xx_HAL_Driver/Src/stm32g4xx_hal_rcc_ex.c ****   /* Get the USART3 clock source ---------------------------------------------*/
 581:Drivers/STM32G4xx_HAL_Driver/Src/stm32g4xx_hal_rcc_ex.c ****   PeriphClkInit->Usart3ClockSelection  = __HAL_RCC_GET_USART3_SOURCE();
 657              		.loc 1 581 3 is_stmt 1 view .LVU213
 658              		.loc 1 581 42 is_stmt 0 view .LVU214
 659 001a D3F88820 		ldr	r2, [r3, #136]
 660 001e 02F03002 		and	r2, r2, #48
 661              		.loc 1 581 40 view .LVU215
 662 0022 C260     		str	r2, [r0, #12]
 582:Drivers/STM32G4xx_HAL_Driver/Src/stm32g4xx_hal_rcc_ex.c **** #endif /* USART3 */
 583:Drivers/STM32G4xx_HAL_Driver/Src/stm32g4xx_hal_rcc_ex.c **** 
 584:Drivers/STM32G4xx_HAL_Driver/Src/stm32g4xx_hal_rcc_ex.c **** #if defined(UART4)
 585:Drivers/STM32G4xx_HAL_Driver/Src/stm32g4xx_hal_rcc_ex.c ****   /* Get the UART4 clock source ----------------------------------------------*/
 586:Drivers/STM32G4xx_HAL_Driver/Src/stm32g4xx_hal_rcc_ex.c ****   PeriphClkInit->Uart4ClockSelection   = __HAL_RCC_GET_UART4_SOURCE();
 663              		.loc 1 586 3 is_stmt 1 view .LVU216
 664              		.loc 1 586 42 is_stmt 0 view .LVU217
 665 0024 D3F88820 		ldr	r2, [r3, #136]
 666 0028 02F0C002 		and	r2, r2, #192
 667              		.loc 1 586 40 view .LVU218
 668 002c 0261     		str	r2, [r0, #16]
 587:Drivers/STM32G4xx_HAL_Driver/Src/stm32g4xx_hal_rcc_ex.c **** #endif /* UART4 */
 588:Drivers/STM32G4xx_HAL_Driver/Src/stm32g4xx_hal_rcc_ex.c **** 
 589:Drivers/STM32G4xx_HAL_Driver/Src/stm32g4xx_hal_rcc_ex.c **** #if defined(UART5)
 590:Drivers/STM32G4xx_HAL_Driver/Src/stm32g4xx_hal_rcc_ex.c ****   /* Get the UART5 clock source ----------------------------------------------*/
 591:Drivers/STM32G4xx_HAL_Driver/Src/stm32g4xx_hal_rcc_ex.c ****   PeriphClkInit->Uart5ClockSelection   = __HAL_RCC_GET_UART5_SOURCE();
ARM GAS  /tmp/ccaJoL7I.s 			page 24


 669              		.loc 1 591 3 is_stmt 1 view .LVU219
 670              		.loc 1 591 42 is_stmt 0 view .LVU220
 671 002e D3F88820 		ldr	r2, [r3, #136]
 672 0032 02F44072 		and	r2, r2, #768
 673              		.loc 1 591 40 view .LVU221
 674 0036 4261     		str	r2, [r0, #20]
 592:Drivers/STM32G4xx_HAL_Driver/Src/stm32g4xx_hal_rcc_ex.c **** #endif /* UART5 */
 593:Drivers/STM32G4xx_HAL_Driver/Src/stm32g4xx_hal_rcc_ex.c ****   
 594:Drivers/STM32G4xx_HAL_Driver/Src/stm32g4xx_hal_rcc_ex.c ****   /* Get the LPUART1 clock source --------------------------------------------*/
 595:Drivers/STM32G4xx_HAL_Driver/Src/stm32g4xx_hal_rcc_ex.c ****   PeriphClkInit->Lpuart1ClockSelection = __HAL_RCC_GET_LPUART1_SOURCE();
 675              		.loc 1 595 3 is_stmt 1 view .LVU222
 676              		.loc 1 595 42 is_stmt 0 view .LVU223
 677 0038 D3F88820 		ldr	r2, [r3, #136]
 678 003c 02F44062 		and	r2, r2, #3072
 679              		.loc 1 595 40 view .LVU224
 680 0040 8261     		str	r2, [r0, #24]
 596:Drivers/STM32G4xx_HAL_Driver/Src/stm32g4xx_hal_rcc_ex.c **** 
 597:Drivers/STM32G4xx_HAL_Driver/Src/stm32g4xx_hal_rcc_ex.c ****   /* Get the I2C1 clock source -----------------------------------------------*/
 598:Drivers/STM32G4xx_HAL_Driver/Src/stm32g4xx_hal_rcc_ex.c ****   PeriphClkInit->I2c1ClockSelection    = __HAL_RCC_GET_I2C1_SOURCE();
 681              		.loc 1 598 3 is_stmt 1 view .LVU225
 682              		.loc 1 598 42 is_stmt 0 view .LVU226
 683 0042 D3F88820 		ldr	r2, [r3, #136]
 684 0046 02F44052 		and	r2, r2, #12288
 685              		.loc 1 598 40 view .LVU227
 686 004a C261     		str	r2, [r0, #28]
 599:Drivers/STM32G4xx_HAL_Driver/Src/stm32g4xx_hal_rcc_ex.c **** 
 600:Drivers/STM32G4xx_HAL_Driver/Src/stm32g4xx_hal_rcc_ex.c ****   /* Get the I2C2 clock source ----------------------------------------------*/
 601:Drivers/STM32G4xx_HAL_Driver/Src/stm32g4xx_hal_rcc_ex.c ****   PeriphClkInit->I2c2ClockSelection    = __HAL_RCC_GET_I2C2_SOURCE();
 687              		.loc 1 601 3 is_stmt 1 view .LVU228
 688              		.loc 1 601 42 is_stmt 0 view .LVU229
 689 004c D3F88820 		ldr	r2, [r3, #136]
 690 0050 02F44042 		and	r2, r2, #49152
 691              		.loc 1 601 40 view .LVU230
 692 0054 0262     		str	r2, [r0, #32]
 602:Drivers/STM32G4xx_HAL_Driver/Src/stm32g4xx_hal_rcc_ex.c **** 
 603:Drivers/STM32G4xx_HAL_Driver/Src/stm32g4xx_hal_rcc_ex.c **** #if defined(I2C3)
 604:Drivers/STM32G4xx_HAL_Driver/Src/stm32g4xx_hal_rcc_ex.c ****   /* Get the I2C3 clock source -----------------------------------------------*/
 605:Drivers/STM32G4xx_HAL_Driver/Src/stm32g4xx_hal_rcc_ex.c ****   PeriphClkInit->I2c3ClockSelection    = __HAL_RCC_GET_I2C3_SOURCE();
 693              		.loc 1 605 3 is_stmt 1 view .LVU231
 694              		.loc 1 605 42 is_stmt 0 view .LVU232
 695 0056 D3F88820 		ldr	r2, [r3, #136]
 696 005a 02F44032 		and	r2, r2, #196608
 697              		.loc 1 605 40 view .LVU233
 698 005e 4262     		str	r2, [r0, #36]
 606:Drivers/STM32G4xx_HAL_Driver/Src/stm32g4xx_hal_rcc_ex.c **** #endif /* I2C3 */
 607:Drivers/STM32G4xx_HAL_Driver/Src/stm32g4xx_hal_rcc_ex.c **** 
 608:Drivers/STM32G4xx_HAL_Driver/Src/stm32g4xx_hal_rcc_ex.c **** #if defined(I2C4)
 609:Drivers/STM32G4xx_HAL_Driver/Src/stm32g4xx_hal_rcc_ex.c ****   /* Get the I2C4 clock source -----------------------------------------------*/
 610:Drivers/STM32G4xx_HAL_Driver/Src/stm32g4xx_hal_rcc_ex.c ****   PeriphClkInit->I2c4ClockSelection    = __HAL_RCC_GET_I2C4_SOURCE();
 699              		.loc 1 610 3 is_stmt 1 view .LVU234
 700              		.loc 1 610 42 is_stmt 0 view .LVU235
 701 0060 D3F89C20 		ldr	r2, [r3, #156]
 702 0064 02F00302 		and	r2, r2, #3
 703              		.loc 1 610 40 view .LVU236
 704 0068 8262     		str	r2, [r0, #40]
 611:Drivers/STM32G4xx_HAL_Driver/Src/stm32g4xx_hal_rcc_ex.c **** #endif /* I2C4 */
 612:Drivers/STM32G4xx_HAL_Driver/Src/stm32g4xx_hal_rcc_ex.c **** 
ARM GAS  /tmp/ccaJoL7I.s 			page 25


 613:Drivers/STM32G4xx_HAL_Driver/Src/stm32g4xx_hal_rcc_ex.c ****   /* Get the LPTIM1 clock source ---------------------------------------------*/
 614:Drivers/STM32G4xx_HAL_Driver/Src/stm32g4xx_hal_rcc_ex.c ****   PeriphClkInit->Lptim1ClockSelection  = __HAL_RCC_GET_LPTIM1_SOURCE();
 705              		.loc 1 614 3 is_stmt 1 view .LVU237
 706              		.loc 1 614 42 is_stmt 0 view .LVU238
 707 006a D3F88820 		ldr	r2, [r3, #136]
 708 006e 02F44022 		and	r2, r2, #786432
 709              		.loc 1 614 40 view .LVU239
 710 0072 C262     		str	r2, [r0, #44]
 615:Drivers/STM32G4xx_HAL_Driver/Src/stm32g4xx_hal_rcc_ex.c **** 
 616:Drivers/STM32G4xx_HAL_Driver/Src/stm32g4xx_hal_rcc_ex.c **** #if defined(SAI1)
 617:Drivers/STM32G4xx_HAL_Driver/Src/stm32g4xx_hal_rcc_ex.c ****   /* Get the SAI1 clock source -----------------------------------------------*/
 618:Drivers/STM32G4xx_HAL_Driver/Src/stm32g4xx_hal_rcc_ex.c ****   PeriphClkInit->Sai1ClockSelection    = __HAL_RCC_GET_SAI1_SOURCE();
 711              		.loc 1 618 3 is_stmt 1 view .LVU240
 712              		.loc 1 618 42 is_stmt 0 view .LVU241
 713 0074 D3F88820 		ldr	r2, [r3, #136]
 714 0078 02F44012 		and	r2, r2, #3145728
 715              		.loc 1 618 40 view .LVU242
 716 007c 0263     		str	r2, [r0, #48]
 619:Drivers/STM32G4xx_HAL_Driver/Src/stm32g4xx_hal_rcc_ex.c **** #endif /* SAI1 */
 620:Drivers/STM32G4xx_HAL_Driver/Src/stm32g4xx_hal_rcc_ex.c **** 
 621:Drivers/STM32G4xx_HAL_Driver/Src/stm32g4xx_hal_rcc_ex.c **** #if defined(SPI_I2S_SUPPORT)
 622:Drivers/STM32G4xx_HAL_Driver/Src/stm32g4xx_hal_rcc_ex.c ****   /* Get the I2S clock source -----------------------------------------------*/
 623:Drivers/STM32G4xx_HAL_Driver/Src/stm32g4xx_hal_rcc_ex.c ****   PeriphClkInit->I2sClockSelection    = __HAL_RCC_GET_I2S_SOURCE();
 717              		.loc 1 623 3 is_stmt 1 view .LVU243
 718              		.loc 1 623 41 is_stmt 0 view .LVU244
 719 007e D3F88820 		ldr	r2, [r3, #136]
 720 0082 02F44002 		and	r2, r2, #12582912
 721              		.loc 1 623 39 view .LVU245
 722 0086 4263     		str	r2, [r0, #52]
 624:Drivers/STM32G4xx_HAL_Driver/Src/stm32g4xx_hal_rcc_ex.c **** #endif /* SPI_I2S_SUPPORT */
 625:Drivers/STM32G4xx_HAL_Driver/Src/stm32g4xx_hal_rcc_ex.c **** 
 626:Drivers/STM32G4xx_HAL_Driver/Src/stm32g4xx_hal_rcc_ex.c **** #if defined(FDCAN1)
 627:Drivers/STM32G4xx_HAL_Driver/Src/stm32g4xx_hal_rcc_ex.c ****   /* Get the FDCAN clock source -----------------------------------------------*/
 628:Drivers/STM32G4xx_HAL_Driver/Src/stm32g4xx_hal_rcc_ex.c ****   PeriphClkInit->FdcanClockSelection    = __HAL_RCC_GET_FDCAN_SOURCE();
 723              		.loc 1 628 3 is_stmt 1 view .LVU246
 724              		.loc 1 628 43 is_stmt 0 view .LVU247
 725 0088 D3F88820 		ldr	r2, [r3, #136]
 726 008c 02F04072 		and	r2, r2, #50331648
 727              		.loc 1 628 41 view .LVU248
 728 0090 8263     		str	r2, [r0, #56]
 629:Drivers/STM32G4xx_HAL_Driver/Src/stm32g4xx_hal_rcc_ex.c **** #endif /* FDCAN1 */
 630:Drivers/STM32G4xx_HAL_Driver/Src/stm32g4xx_hal_rcc_ex.c **** 
 631:Drivers/STM32G4xx_HAL_Driver/Src/stm32g4xx_hal_rcc_ex.c **** #if defined(USB)
 632:Drivers/STM32G4xx_HAL_Driver/Src/stm32g4xx_hal_rcc_ex.c ****   /* Get the USB clock source ------------------------------------------------*/
 633:Drivers/STM32G4xx_HAL_Driver/Src/stm32g4xx_hal_rcc_ex.c ****   PeriphClkInit->UsbClockSelection   = __HAL_RCC_GET_USB_SOURCE();
 729              		.loc 1 633 3 is_stmt 1 view .LVU249
 730              		.loc 1 633 40 is_stmt 0 view .LVU250
 731 0092 D3F88820 		ldr	r2, [r3, #136]
 732 0096 02F04062 		and	r2, r2, #201326592
 733              		.loc 1 633 38 view .LVU251
 734 009a C263     		str	r2, [r0, #60]
 634:Drivers/STM32G4xx_HAL_Driver/Src/stm32g4xx_hal_rcc_ex.c **** #endif /* USB */
 635:Drivers/STM32G4xx_HAL_Driver/Src/stm32g4xx_hal_rcc_ex.c **** 
 636:Drivers/STM32G4xx_HAL_Driver/Src/stm32g4xx_hal_rcc_ex.c ****   /* Get the RNG clock source ------------------------------------------------*/
 637:Drivers/STM32G4xx_HAL_Driver/Src/stm32g4xx_hal_rcc_ex.c ****   PeriphClkInit->RngClockSelection   = __HAL_RCC_GET_RNG_SOURCE();
 735              		.loc 1 637 3 is_stmt 1 view .LVU252
 736              		.loc 1 637 40 is_stmt 0 view .LVU253
ARM GAS  /tmp/ccaJoL7I.s 			page 26


 737 009c D3F88820 		ldr	r2, [r3, #136]
 738 00a0 02F04062 		and	r2, r2, #201326592
 739              		.loc 1 637 38 view .LVU254
 740 00a4 0264     		str	r2, [r0, #64]
 638:Drivers/STM32G4xx_HAL_Driver/Src/stm32g4xx_hal_rcc_ex.c **** 
 639:Drivers/STM32G4xx_HAL_Driver/Src/stm32g4xx_hal_rcc_ex.c ****   /* Get the ADC12 clock source -----------------------------------------------*/
 640:Drivers/STM32G4xx_HAL_Driver/Src/stm32g4xx_hal_rcc_ex.c ****   PeriphClkInit->Adc12ClockSelection     = __HAL_RCC_GET_ADC12_SOURCE();
 741              		.loc 1 640 3 is_stmt 1 view .LVU255
 742              		.loc 1 640 44 is_stmt 0 view .LVU256
 743 00a6 D3F88820 		ldr	r2, [r3, #136]
 744 00aa 02F04052 		and	r2, r2, #805306368
 745              		.loc 1 640 42 view .LVU257
 746 00ae 4264     		str	r2, [r0, #68]
 641:Drivers/STM32G4xx_HAL_Driver/Src/stm32g4xx_hal_rcc_ex.c **** 
 642:Drivers/STM32G4xx_HAL_Driver/Src/stm32g4xx_hal_rcc_ex.c **** #if defined(ADC345_COMMON)
 643:Drivers/STM32G4xx_HAL_Driver/Src/stm32g4xx_hal_rcc_ex.c ****   /* Get the ADC345 clock source ----------------------------------------------*/
 644:Drivers/STM32G4xx_HAL_Driver/Src/stm32g4xx_hal_rcc_ex.c ****   PeriphClkInit->Adc345ClockSelection     = __HAL_RCC_GET_ADC345_SOURCE();
 747              		.loc 1 644 3 is_stmt 1 view .LVU258
 748              		.loc 1 644 45 is_stmt 0 view .LVU259
 749 00b0 D3F88820 		ldr	r2, [r3, #136]
 750 00b4 02F04042 		and	r2, r2, #-1073741824
 751              		.loc 1 644 43 view .LVU260
 752 00b8 8264     		str	r2, [r0, #72]
 645:Drivers/STM32G4xx_HAL_Driver/Src/stm32g4xx_hal_rcc_ex.c **** #endif /* ADC345_COMMON */
 646:Drivers/STM32G4xx_HAL_Driver/Src/stm32g4xx_hal_rcc_ex.c **** 
 647:Drivers/STM32G4xx_HAL_Driver/Src/stm32g4xx_hal_rcc_ex.c **** #if defined(QUADSPI)
 648:Drivers/STM32G4xx_HAL_Driver/Src/stm32g4xx_hal_rcc_ex.c ****   /* Get the QuadSPIclock source --------------------------------------------*/
 649:Drivers/STM32G4xx_HAL_Driver/Src/stm32g4xx_hal_rcc_ex.c ****   PeriphClkInit->QspiClockSelection = __HAL_RCC_GET_QSPI_SOURCE();
 753              		.loc 1 649 3 is_stmt 1 view .LVU261
 754              		.loc 1 649 39 is_stmt 0 view .LVU262
 755 00ba D3F89C20 		ldr	r2, [r3, #156]
 756 00be 02F44012 		and	r2, r2, #3145728
 757              		.loc 1 649 37 view .LVU263
 758 00c2 C264     		str	r2, [r0, #76]
 650:Drivers/STM32G4xx_HAL_Driver/Src/stm32g4xx_hal_rcc_ex.c **** #endif /* QUADSPI */
 651:Drivers/STM32G4xx_HAL_Driver/Src/stm32g4xx_hal_rcc_ex.c **** 
 652:Drivers/STM32G4xx_HAL_Driver/Src/stm32g4xx_hal_rcc_ex.c ****   /* Get the RTC clock source ------------------------------------------------*/
 653:Drivers/STM32G4xx_HAL_Driver/Src/stm32g4xx_hal_rcc_ex.c ****   PeriphClkInit->RTCClockSelection     = __HAL_RCC_GET_RTC_SOURCE();
 759              		.loc 1 653 3 is_stmt 1 view .LVU264
 760              		.loc 1 653 42 is_stmt 0 view .LVU265
 761 00c4 D3F89030 		ldr	r3, [r3, #144]
 762 00c8 03F44073 		and	r3, r3, #768
 763              		.loc 1 653 40 view .LVU266
 764 00cc 0365     		str	r3, [r0, #80]
 654:Drivers/STM32G4xx_HAL_Driver/Src/stm32g4xx_hal_rcc_ex.c **** 
 655:Drivers/STM32G4xx_HAL_Driver/Src/stm32g4xx_hal_rcc_ex.c **** }
 765              		.loc 1 655 1 view .LVU267
 766 00ce 7047     		bx	lr
 767              	.L118:
 768              		.align	2
 769              	.L117:
 770 00d0 00100240 		.word	1073876992
 771 00d4 FFFF0F00 		.word	1048575
 772              		.cfi_endproc
 773              	.LFE330:
 775              		.section	.text.HAL_RCCEx_GetPeriphCLKFreq,"ax",%progbits
 776              		.align	1
ARM GAS  /tmp/ccaJoL7I.s 			page 27


 777              		.p2align 2,,3
 778              		.global	HAL_RCCEx_GetPeriphCLKFreq
 779              		.syntax unified
 780              		.thumb
 781              		.thumb_func
 783              	HAL_RCCEx_GetPeriphCLKFreq:
 784              	.LVL27:
 785              	.LFB331:
 656:Drivers/STM32G4xx_HAL_Driver/Src/stm32g4xx_hal_rcc_ex.c **** 
 657:Drivers/STM32G4xx_HAL_Driver/Src/stm32g4xx_hal_rcc_ex.c **** /**
 658:Drivers/STM32G4xx_HAL_Driver/Src/stm32g4xx_hal_rcc_ex.c ****   * @brief  Return the peripheral clock frequency for peripherals with clock source from PLL
 659:Drivers/STM32G4xx_HAL_Driver/Src/stm32g4xx_hal_rcc_ex.c ****   * @note   Return 0 if peripheral clock identifier not managed by this API
 660:Drivers/STM32G4xx_HAL_Driver/Src/stm32g4xx_hal_rcc_ex.c ****   * @param  PeriphClk  Peripheral clock identifier
 661:Drivers/STM32G4xx_HAL_Driver/Src/stm32g4xx_hal_rcc_ex.c ****   *         This parameter can be one of the following values:
 662:Drivers/STM32G4xx_HAL_Driver/Src/stm32g4xx_hal_rcc_ex.c ****   *            @arg @ref RCC_PERIPHCLK_USART1  USART1 peripheral clock
 663:Drivers/STM32G4xx_HAL_Driver/Src/stm32g4xx_hal_rcc_ex.c ****   *            @arg @ref RCC_PERIPHCLK_USART2  USART2 peripheral clock
 664:Drivers/STM32G4xx_HAL_Driver/Src/stm32g4xx_hal_rcc_ex.c ****   *            @arg @ref RCC_PERIPHCLK_USART3  USART3 peripheral clock
 665:Drivers/STM32G4xx_HAL_Driver/Src/stm32g4xx_hal_rcc_ex.c ****   *            @arg @ref RCC_PERIPHCLK_UART4  UART4 peripheral clock (only for devices with UART4)
 666:Drivers/STM32G4xx_HAL_Driver/Src/stm32g4xx_hal_rcc_ex.c ****   *            @arg @ref RCC_PERIPHCLK_UART5  UART5 peripheral clock (only for devices with UART5)
 667:Drivers/STM32G4xx_HAL_Driver/Src/stm32g4xx_hal_rcc_ex.c ****   *            @arg @ref RCC_PERIPHCLK_LPUART1  LPUART1 peripheral clock
 668:Drivers/STM32G4xx_HAL_Driver/Src/stm32g4xx_hal_rcc_ex.c ****   *            @arg @ref RCC_PERIPHCLK_I2C1  I2C1 peripheral clock
 669:Drivers/STM32G4xx_HAL_Driver/Src/stm32g4xx_hal_rcc_ex.c ****   *            @arg @ref RCC_PERIPHCLK_I2C2  I2C2 peripheral clock
 670:Drivers/STM32G4xx_HAL_Driver/Src/stm32g4xx_hal_rcc_ex.c ****   *            @arg @ref RCC_PERIPHCLK_I2C3  I2C3 peripheral clock
 671:Drivers/STM32G4xx_HAL_Driver/Src/stm32g4xx_hal_rcc_ex.c ****   *            @arg @ref RCC_PERIPHCLK_I2C4  I2C4 peripheral clock (only for devices with I2C4)
 672:Drivers/STM32G4xx_HAL_Driver/Src/stm32g4xx_hal_rcc_ex.c ****   *            @arg @ref RCC_PERIPHCLK_LPTIM1  LPTIM1 peripheral clock
 673:Drivers/STM32G4xx_HAL_Driver/Src/stm32g4xx_hal_rcc_ex.c ****   *            @arg @ref RCC_PERIPHCLK_SAI1  SAI1 peripheral clock
 674:Drivers/STM32G4xx_HAL_Driver/Src/stm32g4xx_hal_rcc_ex.c ****   *            @arg @ref RCC_PERIPHCLK_I2S  SPI peripheral clock
 675:Drivers/STM32G4xx_HAL_Driver/Src/stm32g4xx_hal_rcc_ex.c ****   *            @arg @ref RCC_PERIPHCLK_FDCAN  FDCAN peripheral clock (only for devices with FDCAN)
 676:Drivers/STM32G4xx_HAL_Driver/Src/stm32g4xx_hal_rcc_ex.c ****   *            @arg @ref RCC_PERIPHCLK_RNG  RNG peripheral clock
 677:Drivers/STM32G4xx_HAL_Driver/Src/stm32g4xx_hal_rcc_ex.c ****   *            @arg @ref RCC_PERIPHCLK_USB  USB peripheral clock (only for devices with USB)
 678:Drivers/STM32G4xx_HAL_Driver/Src/stm32g4xx_hal_rcc_ex.c ****   *            @arg @ref RCC_PERIPHCLK_ADC12  ADC1 and ADC2 peripheral clock
 679:Drivers/STM32G4xx_HAL_Driver/Src/stm32g4xx_hal_rcc_ex.c ****   *            @arg @ref RCC_PERIPHCLK_ADC345  ADC3, ADC4 and ADC5 peripheral clock (only for devic
 680:Drivers/STM32G4xx_HAL_Driver/Src/stm32g4xx_hal_rcc_ex.c ****   *            @arg @ref RCC_PERIPHCLK_QSPI  QSPI peripheral clock (only for devices with QSPI)
 681:Drivers/STM32G4xx_HAL_Driver/Src/stm32g4xx_hal_rcc_ex.c ****   *            @arg @ref RCC_PERIPHCLK_RTC  RTC peripheral clock
 682:Drivers/STM32G4xx_HAL_Driver/Src/stm32g4xx_hal_rcc_ex.c ****   * @retval Frequency in Hz
 683:Drivers/STM32G4xx_HAL_Driver/Src/stm32g4xx_hal_rcc_ex.c ****   */
 684:Drivers/STM32G4xx_HAL_Driver/Src/stm32g4xx_hal_rcc_ex.c **** uint32_t HAL_RCCEx_GetPeriphCLKFreq(uint32_t PeriphClk)
 685:Drivers/STM32G4xx_HAL_Driver/Src/stm32g4xx_hal_rcc_ex.c **** {
 786              		.loc 1 685 1 is_stmt 1 view -0
 787              		.cfi_startproc
 788              		@ args = 0, pretend = 0, frame = 0
 789              		@ frame_needed = 0, uses_anonymous_args = 0
 790              		@ link register save eliminated.
 686:Drivers/STM32G4xx_HAL_Driver/Src/stm32g4xx_hal_rcc_ex.c ****   uint32_t frequency = 0U;
 791              		.loc 1 686 3 view .LVU269
 687:Drivers/STM32G4xx_HAL_Driver/Src/stm32g4xx_hal_rcc_ex.c ****   uint32_t srcclk;
 792              		.loc 1 687 3 view .LVU270
 688:Drivers/STM32G4xx_HAL_Driver/Src/stm32g4xx_hal_rcc_ex.c ****   uint32_t pllvco, plln, pllp;
 793              		.loc 1 688 3 view .LVU271
 689:Drivers/STM32G4xx_HAL_Driver/Src/stm32g4xx_hal_rcc_ex.c **** 
 690:Drivers/STM32G4xx_HAL_Driver/Src/stm32g4xx_hal_rcc_ex.c ****   /* Check the parameters */
 691:Drivers/STM32G4xx_HAL_Driver/Src/stm32g4xx_hal_rcc_ex.c ****   assert_param(IS_RCC_PERIPHCLOCK(PeriphClk));
 794              		.loc 1 691 3 view .LVU272
 692:Drivers/STM32G4xx_HAL_Driver/Src/stm32g4xx_hal_rcc_ex.c **** 
 693:Drivers/STM32G4xx_HAL_Driver/Src/stm32g4xx_hal_rcc_ex.c ****   if(PeriphClk == RCC_PERIPHCLK_RTC)
 795              		.loc 1 693 3 view .LVU273
 796              		.loc 1 693 5 is_stmt 0 view .LVU274
ARM GAS  /tmp/ccaJoL7I.s 			page 28


 797 0000 B0F5002F 		cmp	r0, #524288
 694:Drivers/STM32G4xx_HAL_Driver/Src/stm32g4xx_hal_rcc_ex.c ****   {
 695:Drivers/STM32G4xx_HAL_Driver/Src/stm32g4xx_hal_rcc_ex.c ****     /* Get the current RTC source */
 696:Drivers/STM32G4xx_HAL_Driver/Src/stm32g4xx_hal_rcc_ex.c ****     srcclk = __HAL_RCC_GET_RTC_SOURCE();
 798              		.loc 1 696 14 view .LVU275
 799 0004 A44A     		ldr	r2, .L392
 693:Drivers/STM32G4xx_HAL_Driver/Src/stm32g4xx_hal_rcc_ex.c ****   {
 800              		.loc 1 693 5 view .LVU276
 801 0006 43D0     		beq	.L380
 697:Drivers/STM32G4xx_HAL_Driver/Src/stm32g4xx_hal_rcc_ex.c **** 
 698:Drivers/STM32G4xx_HAL_Driver/Src/stm32g4xx_hal_rcc_ex.c ****     /* Check if LSE is ready and if RTC clock selection is LSE */
 699:Drivers/STM32G4xx_HAL_Driver/Src/stm32g4xx_hal_rcc_ex.c ****     if ((HAL_IS_BIT_SET(RCC->BDCR, RCC_BDCR_LSERDY)) && (srcclk == RCC_RTCCLKSOURCE_LSE))
 700:Drivers/STM32G4xx_HAL_Driver/Src/stm32g4xx_hal_rcc_ex.c ****     {
 701:Drivers/STM32G4xx_HAL_Driver/Src/stm32g4xx_hal_rcc_ex.c ****       frequency = LSE_VALUE;
 702:Drivers/STM32G4xx_HAL_Driver/Src/stm32g4xx_hal_rcc_ex.c ****     }
 703:Drivers/STM32G4xx_HAL_Driver/Src/stm32g4xx_hal_rcc_ex.c ****     /* Check if LSI is ready and if RTC clock selection is LSI */
 704:Drivers/STM32G4xx_HAL_Driver/Src/stm32g4xx_hal_rcc_ex.c ****     else if ((HAL_IS_BIT_SET(RCC->CSR, RCC_CSR_LSIRDY)) && (srcclk == RCC_RTCCLKSOURCE_LSI))
 705:Drivers/STM32G4xx_HAL_Driver/Src/stm32g4xx_hal_rcc_ex.c ****     {
 706:Drivers/STM32G4xx_HAL_Driver/Src/stm32g4xx_hal_rcc_ex.c ****       frequency = LSI_VALUE;
 707:Drivers/STM32G4xx_HAL_Driver/Src/stm32g4xx_hal_rcc_ex.c ****     }
 708:Drivers/STM32G4xx_HAL_Driver/Src/stm32g4xx_hal_rcc_ex.c ****     /* Check if HSE is ready  and if RTC clock selection is HSI_DIV32*/
 709:Drivers/STM32G4xx_HAL_Driver/Src/stm32g4xx_hal_rcc_ex.c ****     else if ((HAL_IS_BIT_SET(RCC->CR, RCC_CR_HSERDY)) && (srcclk == RCC_RTCCLKSOURCE_HSE_DIV32))
 710:Drivers/STM32G4xx_HAL_Driver/Src/stm32g4xx_hal_rcc_ex.c ****     {
 711:Drivers/STM32G4xx_HAL_Driver/Src/stm32g4xx_hal_rcc_ex.c ****       frequency = HSE_VALUE / 32U;
 712:Drivers/STM32G4xx_HAL_Driver/Src/stm32g4xx_hal_rcc_ex.c ****     }
 713:Drivers/STM32G4xx_HAL_Driver/Src/stm32g4xx_hal_rcc_ex.c ****     /* Clock not enabled for RTC*/
 714:Drivers/STM32G4xx_HAL_Driver/Src/stm32g4xx_hal_rcc_ex.c ****     else
 715:Drivers/STM32G4xx_HAL_Driver/Src/stm32g4xx_hal_rcc_ex.c ****     {
 716:Drivers/STM32G4xx_HAL_Driver/Src/stm32g4xx_hal_rcc_ex.c ****       /* nothing to do: frequency already initialized to 0 */
 717:Drivers/STM32G4xx_HAL_Driver/Src/stm32g4xx_hal_rcc_ex.c ****     }
 718:Drivers/STM32G4xx_HAL_Driver/Src/stm32g4xx_hal_rcc_ex.c ****   }
 719:Drivers/STM32G4xx_HAL_Driver/Src/stm32g4xx_hal_rcc_ex.c ****   else
 720:Drivers/STM32G4xx_HAL_Driver/Src/stm32g4xx_hal_rcc_ex.c ****   {
 721:Drivers/STM32G4xx_HAL_Driver/Src/stm32g4xx_hal_rcc_ex.c ****     /* Other external peripheral clock source than RTC */
 722:Drivers/STM32G4xx_HAL_Driver/Src/stm32g4xx_hal_rcc_ex.c **** 
 723:Drivers/STM32G4xx_HAL_Driver/Src/stm32g4xx_hal_rcc_ex.c ****     /* Compute PLL clock input */
 724:Drivers/STM32G4xx_HAL_Driver/Src/stm32g4xx_hal_rcc_ex.c ****     if(__HAL_RCC_GET_PLL_OSCSOURCE() == RCC_PLLSOURCE_HSI)   /* HSI ? */
 802              		.loc 1 724 5 is_stmt 1 view .LVU277
 803              		.loc 1 724 8 is_stmt 0 view .LVU278
 804 0008 D368     		ldr	r3, [r2, #12]
 805 000a 03F00303 		and	r3, r3, #3
 806              		.loc 1 724 7 view .LVU279
 807 000e 022B     		cmp	r3, #2
 808 0010 37D0     		beq	.L381
 725:Drivers/STM32G4xx_HAL_Driver/Src/stm32g4xx_hal_rcc_ex.c ****     {
 726:Drivers/STM32G4xx_HAL_Driver/Src/stm32g4xx_hal_rcc_ex.c ****       if(HAL_IS_BIT_SET(RCC->CR, RCC_CR_HSIRDY))
 727:Drivers/STM32G4xx_HAL_Driver/Src/stm32g4xx_hal_rcc_ex.c ****       {
 728:Drivers/STM32G4xx_HAL_Driver/Src/stm32g4xx_hal_rcc_ex.c ****         pllvco = HSI_VALUE;
 729:Drivers/STM32G4xx_HAL_Driver/Src/stm32g4xx_hal_rcc_ex.c ****       }
 730:Drivers/STM32G4xx_HAL_Driver/Src/stm32g4xx_hal_rcc_ex.c ****       else
 731:Drivers/STM32G4xx_HAL_Driver/Src/stm32g4xx_hal_rcc_ex.c ****       {
 732:Drivers/STM32G4xx_HAL_Driver/Src/stm32g4xx_hal_rcc_ex.c ****         pllvco = 0U;
 733:Drivers/STM32G4xx_HAL_Driver/Src/stm32g4xx_hal_rcc_ex.c ****       }
 734:Drivers/STM32G4xx_HAL_Driver/Src/stm32g4xx_hal_rcc_ex.c ****     }
 735:Drivers/STM32G4xx_HAL_Driver/Src/stm32g4xx_hal_rcc_ex.c ****     else if(__HAL_RCC_GET_PLL_OSCSOURCE() == RCC_PLLSOURCE_HSE)   /* HSE ? */
 809              		.loc 1 735 10 is_stmt 1 view .LVU280
 810              		.loc 1 735 13 is_stmt 0 view .LVU281
ARM GAS  /tmp/ccaJoL7I.s 			page 29


 811 0012 D368     		ldr	r3, [r2, #12]
 812 0014 03F00303 		and	r3, r3, #3
 813              		.loc 1 735 12 view .LVU282
 814 0018 032B     		cmp	r3, #3
 815 001a 00F0A180 		beq	.L382
 732:Drivers/STM32G4xx_HAL_Driver/Src/stm32g4xx_hal_rcc_ex.c ****       }
 816              		.loc 1 732 16 view .LVU283
 817 001e 0023     		movs	r3, #0
 818              	.L126:
 819              	.LVL28:
 736:Drivers/STM32G4xx_HAL_Driver/Src/stm32g4xx_hal_rcc_ex.c ****     {
 737:Drivers/STM32G4xx_HAL_Driver/Src/stm32g4xx_hal_rcc_ex.c ****       if(HAL_IS_BIT_SET(RCC->CR, RCC_CR_HSERDY))
 738:Drivers/STM32G4xx_HAL_Driver/Src/stm32g4xx_hal_rcc_ex.c ****       {
 739:Drivers/STM32G4xx_HAL_Driver/Src/stm32g4xx_hal_rcc_ex.c ****         pllvco = HSE_VALUE;
 740:Drivers/STM32G4xx_HAL_Driver/Src/stm32g4xx_hal_rcc_ex.c ****       }
 741:Drivers/STM32G4xx_HAL_Driver/Src/stm32g4xx_hal_rcc_ex.c ****       else
 742:Drivers/STM32G4xx_HAL_Driver/Src/stm32g4xx_hal_rcc_ex.c ****       {
 743:Drivers/STM32G4xx_HAL_Driver/Src/stm32g4xx_hal_rcc_ex.c ****         pllvco = 0U;
 744:Drivers/STM32G4xx_HAL_Driver/Src/stm32g4xx_hal_rcc_ex.c ****       }
 745:Drivers/STM32G4xx_HAL_Driver/Src/stm32g4xx_hal_rcc_ex.c ****     }
 746:Drivers/STM32G4xx_HAL_Driver/Src/stm32g4xx_hal_rcc_ex.c ****     else /* No source */
 747:Drivers/STM32G4xx_HAL_Driver/Src/stm32g4xx_hal_rcc_ex.c ****     {
 748:Drivers/STM32G4xx_HAL_Driver/Src/stm32g4xx_hal_rcc_ex.c ****       pllvco = 0U;
 749:Drivers/STM32G4xx_HAL_Driver/Src/stm32g4xx_hal_rcc_ex.c ****     }
 750:Drivers/STM32G4xx_HAL_Driver/Src/stm32g4xx_hal_rcc_ex.c **** 
 751:Drivers/STM32G4xx_HAL_Driver/Src/stm32g4xx_hal_rcc_ex.c ****     /* f(PLL Source) / PLLM */
 752:Drivers/STM32G4xx_HAL_Driver/Src/stm32g4xx_hal_rcc_ex.c ****     pllvco = (pllvco / ((READ_BIT(RCC->PLLCFGR, RCC_PLLCFGR_PLLM) >> RCC_PLLCFGR_PLLM_Pos) + 1U));
 820              		.loc 1 752 5 is_stmt 1 view .LVU284
 821              		.loc 1 752 26 is_stmt 0 view .LVU285
 822 0020 9D49     		ldr	r1, .L392
 753:Drivers/STM32G4xx_HAL_Driver/Src/stm32g4xx_hal_rcc_ex.c **** 
 754:Drivers/STM32G4xx_HAL_Driver/Src/stm32g4xx_hal_rcc_ex.c ****     switch(PeriphClk)
 823              		.loc 1 754 5 view .LVU286
 824 0022 B0F5007F 		cmp	r0, #512
 752:Drivers/STM32G4xx_HAL_Driver/Src/stm32g4xx_hal_rcc_ex.c **** 
 825              		.loc 1 752 26 view .LVU287
 826 0026 CA68     		ldr	r2, [r1, #12]
 827              	.LVL29:
 828              		.loc 1 754 5 is_stmt 1 view .LVU288
 829 0028 00F0D181 		beq	.L127
 830 002c 43D8     		bhi	.L128
 831 002e 2028     		cmp	r0, #32
 832 0030 00F29D80 		bhi	.L129
 833 0034 0028     		cmp	r0, #0
 834 0036 3CD0     		beq	.L124
 835 0038 0138     		subs	r0, r0, #1
 836              	.LVL30:
 837              		.loc 1 754 5 is_stmt 0 view .LVU289
 838 003a 1F28     		cmp	r0, #31
 839 003c 39D8     		bhi	.L124
 840 003e DFE810F0 		tbh	[pc, r0, lsl #1]
 841              	.LVL31:
 842              	.L131:
 843 0042 6A01     		.2byte	(.L136-.L131)/2
 844 0044 7B01     		.2byte	(.L135-.L131)/2
 845 0046 3800     		.2byte	(.L124-.L131)/2
 846 0048 5A01     		.2byte	(.L134-.L131)/2
ARM GAS  /tmp/ccaJoL7I.s 			page 30


 847 004a 3800     		.2byte	(.L124-.L131)/2
 848 004c 3800     		.2byte	(.L124-.L131)/2
 849 004e 3800     		.2byte	(.L124-.L131)/2
 850 0050 4A01     		.2byte	(.L133-.L131)/2
 851 0052 3800     		.2byte	(.L124-.L131)/2
 852 0054 3800     		.2byte	(.L124-.L131)/2
 853 0056 3800     		.2byte	(.L124-.L131)/2
 854 0058 3800     		.2byte	(.L124-.L131)/2
 855 005a 3800     		.2byte	(.L124-.L131)/2
 856 005c 3800     		.2byte	(.L124-.L131)/2
 857 005e 3800     		.2byte	(.L124-.L131)/2
 858 0060 3701     		.2byte	(.L132-.L131)/2
 859 0062 3800     		.2byte	(.L124-.L131)/2
 860 0064 3800     		.2byte	(.L124-.L131)/2
 861 0066 3800     		.2byte	(.L124-.L131)/2
 862 0068 3800     		.2byte	(.L124-.L131)/2
 863 006a 3800     		.2byte	(.L124-.L131)/2
 864 006c 3800     		.2byte	(.L124-.L131)/2
 865 006e 3800     		.2byte	(.L124-.L131)/2
 866 0070 3800     		.2byte	(.L124-.L131)/2
 867 0072 3800     		.2byte	(.L124-.L131)/2
 868 0074 3800     		.2byte	(.L124-.L131)/2
 869 0076 3800     		.2byte	(.L124-.L131)/2
 870 0078 3800     		.2byte	(.L124-.L131)/2
 871 007a 3800     		.2byte	(.L124-.L131)/2
 872 007c 3800     		.2byte	(.L124-.L131)/2
 873 007e 3800     		.2byte	(.L124-.L131)/2
 874 0080 1301     		.2byte	(.L130-.L131)/2
 875              		.p2align 1
 876              	.L381:
 726:Drivers/STM32G4xx_HAL_Driver/Src/stm32g4xx_hal_rcc_ex.c ****       {
 877              		.loc 1 726 7 is_stmt 1 view .LVU290
 726:Drivers/STM32G4xx_HAL_Driver/Src/stm32g4xx_hal_rcc_ex.c ****       {
 878              		.loc 1 726 10 is_stmt 0 view .LVU291
 879 0082 1268     		ldr	r2, [r2]
 732:Drivers/STM32G4xx_HAL_Driver/Src/stm32g4xx_hal_rcc_ex.c ****       }
 880              		.loc 1 732 16 view .LVU292
 881 0084 854B     		ldr	r3, .L392+4
 882 0086 12F4806F 		tst	r2, #1024
 883 008a 08BF     		it	eq
 884 008c 0023     		moveq	r3, #0
 885 008e C7E7     		b	.L126
 886              	.L380:
 696:Drivers/STM32G4xx_HAL_Driver/Src/stm32g4xx_hal_rcc_ex.c **** 
 887              		.loc 1 696 5 is_stmt 1 view .LVU293
 696:Drivers/STM32G4xx_HAL_Driver/Src/stm32g4xx_hal_rcc_ex.c **** 
 888              		.loc 1 696 14 is_stmt 0 view .LVU294
 889 0090 D2F89030 		ldr	r3, [r2, #144]
 699:Drivers/STM32G4xx_HAL_Driver/Src/stm32g4xx_hal_rcc_ex.c ****     {
 890              		.loc 1 699 10 view .LVU295
 891 0094 D2F89020 		ldr	r2, [r2, #144]
 699:Drivers/STM32G4xx_HAL_Driver/Src/stm32g4xx_hal_rcc_ex.c ****     {
 892              		.loc 1 699 8 view .LVU296
 893 0098 9107     		lsls	r1, r2, #30
 696:Drivers/STM32G4xx_HAL_Driver/Src/stm32g4xx_hal_rcc_ex.c **** 
 894              		.loc 1 696 12 view .LVU297
 895 009a 03F44073 		and	r3, r3, #768
ARM GAS  /tmp/ccaJoL7I.s 			page 31


 896              	.LVL32:
 699:Drivers/STM32G4xx_HAL_Driver/Src/stm32g4xx_hal_rcc_ex.c ****     {
 897              		.loc 1 699 5 is_stmt 1 view .LVU298
 699:Drivers/STM32G4xx_HAL_Driver/Src/stm32g4xx_hal_rcc_ex.c ****     {
 898              		.loc 1 699 8 is_stmt 0 view .LVU299
 899 009e 2ED4     		bmi	.L383
 900              	.L121:
 704:Drivers/STM32G4xx_HAL_Driver/Src/stm32g4xx_hal_rcc_ex.c ****     {
 901              		.loc 1 704 10 is_stmt 1 view .LVU300
 704:Drivers/STM32G4xx_HAL_Driver/Src/stm32g4xx_hal_rcc_ex.c ****     {
 902              		.loc 1 704 15 is_stmt 0 view .LVU301
 903 00a0 7D4A     		ldr	r2, .L392
 904 00a2 D2F89420 		ldr	r2, [r2, #148]
 704:Drivers/STM32G4xx_HAL_Driver/Src/stm32g4xx_hal_rcc_ex.c ****     {
 905              		.loc 1 704 13 view .LVU302
 906 00a6 9207     		lsls	r2, r2, #30
 907 00a8 2FD4     		bmi	.L384
 908              	.L123:
 709:Drivers/STM32G4xx_HAL_Driver/Src/stm32g4xx_hal_rcc_ex.c ****     {
 909              		.loc 1 709 10 is_stmt 1 view .LVU303
 709:Drivers/STM32G4xx_HAL_Driver/Src/stm32g4xx_hal_rcc_ex.c ****     {
 910              		.loc 1 709 15 is_stmt 0 view .LVU304
 911 00aa 7B4A     		ldr	r2, .L392
 912 00ac 1268     		ldr	r2, [r2]
 709:Drivers/STM32G4xx_HAL_Driver/Src/stm32g4xx_hal_rcc_ex.c ****     {
 913              		.loc 1 709 13 view .LVU305
 914 00ae 9003     		lsls	r0, r2, #14
 915              	.LVL33:
 709:Drivers/STM32G4xx_HAL_Driver/Src/stm32g4xx_hal_rcc_ex.c ****     {
 916              		.loc 1 709 13 view .LVU306
 917 00b0 50D4     		bmi	.L385
 918              	.LVL34:
 919              	.L124:
 686:Drivers/STM32G4xx_HAL_Driver/Src/stm32g4xx_hal_rcc_ex.c ****   uint32_t srcclk;
 920              		.loc 1 686 12 view .LVU307
 921 00b2 0020     		movs	r0, #0
 922 00b4 7047     		bx	lr
 923              	.LVL35:
 924              	.L128:
 752:Drivers/STM32G4xx_HAL_Driver/Src/stm32g4xx_hal_rcc_ex.c **** 
 925              		.loc 1 752 67 view .LVU308
 926 00b6 C2F30312 		ubfx	r2, r2, #4, #4
 927              	.LVL36:
 928              		.loc 1 754 5 view .LVU309
 929 00ba B0F5804F 		cmp	r0, #16384
 752:Drivers/STM32G4xx_HAL_Driver/Src/stm32g4xx_hal_rcc_ex.c **** 
 930              		.loc 1 752 92 view .LVU310
 931 00be 02F10102 		add	r2, r2, #1
 752:Drivers/STM32G4xx_HAL_Driver/Src/stm32g4xx_hal_rcc_ex.c **** 
 932              		.loc 1 752 12 view .LVU311
 933 00c2 B3FBF2F3 		udiv	r3, r3, r2
 934              		.loc 1 754 5 view .LVU312
 935 00c6 6FD0     		beq	.L140
 936 00c8 25D9     		bls	.L386
 937 00ca B0F5003F 		cmp	r0, #131072
 938 00ce 00F05A81 		beq	.L147
 939 00d2 00F24381 		bhi	.L148
ARM GAS  /tmp/ccaJoL7I.s 			page 32


 940 00d6 B0F5004F 		cmp	r0, #32768
 941 00da 00F09880 		beq	.L149
 942 00de B0F5803F 		cmp	r0, #65536
 943 00e2 E6D1     		bne	.L124
 755:Drivers/STM32G4xx_HAL_Driver/Src/stm32g4xx_hal_rcc_ex.c ****     {
 756:Drivers/STM32G4xx_HAL_Driver/Src/stm32g4xx_hal_rcc_ex.c **** 
 757:Drivers/STM32G4xx_HAL_Driver/Src/stm32g4xx_hal_rcc_ex.c ****     case RCC_PERIPHCLK_USART1:
 758:Drivers/STM32G4xx_HAL_Driver/Src/stm32g4xx_hal_rcc_ex.c ****       /* Get the current USART1 source */
 759:Drivers/STM32G4xx_HAL_Driver/Src/stm32g4xx_hal_rcc_ex.c ****       srcclk = __HAL_RCC_GET_USART1_SOURCE();
 760:Drivers/STM32G4xx_HAL_Driver/Src/stm32g4xx_hal_rcc_ex.c **** 
 761:Drivers/STM32G4xx_HAL_Driver/Src/stm32g4xx_hal_rcc_ex.c ****       if(srcclk == RCC_USART1CLKSOURCE_PCLK2)
 762:Drivers/STM32G4xx_HAL_Driver/Src/stm32g4xx_hal_rcc_ex.c ****       {
 763:Drivers/STM32G4xx_HAL_Driver/Src/stm32g4xx_hal_rcc_ex.c ****         frequency = HAL_RCC_GetPCLK2Freq();
 764:Drivers/STM32G4xx_HAL_Driver/Src/stm32g4xx_hal_rcc_ex.c ****       }
 765:Drivers/STM32G4xx_HAL_Driver/Src/stm32g4xx_hal_rcc_ex.c ****       else if(srcclk == RCC_USART1CLKSOURCE_SYSCLK)
 766:Drivers/STM32G4xx_HAL_Driver/Src/stm32g4xx_hal_rcc_ex.c ****       {
 767:Drivers/STM32G4xx_HAL_Driver/Src/stm32g4xx_hal_rcc_ex.c ****         frequency = HAL_RCC_GetSysClockFreq();
 768:Drivers/STM32G4xx_HAL_Driver/Src/stm32g4xx_hal_rcc_ex.c ****       }
 769:Drivers/STM32G4xx_HAL_Driver/Src/stm32g4xx_hal_rcc_ex.c ****       else if((HAL_IS_BIT_SET(RCC->CR, RCC_CR_HSIRDY)) && (srcclk == RCC_USART1CLKSOURCE_HSI) )
 770:Drivers/STM32G4xx_HAL_Driver/Src/stm32g4xx_hal_rcc_ex.c ****       {
 771:Drivers/STM32G4xx_HAL_Driver/Src/stm32g4xx_hal_rcc_ex.c ****         frequency = HSI_VALUE;
 772:Drivers/STM32G4xx_HAL_Driver/Src/stm32g4xx_hal_rcc_ex.c ****       }
 773:Drivers/STM32G4xx_HAL_Driver/Src/stm32g4xx_hal_rcc_ex.c ****       else if((HAL_IS_BIT_SET(RCC->BDCR, RCC_BDCR_LSERDY)) && (srcclk == RCC_USART1CLKSOURCE_LSE))
 774:Drivers/STM32G4xx_HAL_Driver/Src/stm32g4xx_hal_rcc_ex.c ****       {
 775:Drivers/STM32G4xx_HAL_Driver/Src/stm32g4xx_hal_rcc_ex.c ****         frequency = LSE_VALUE;
 776:Drivers/STM32G4xx_HAL_Driver/Src/stm32g4xx_hal_rcc_ex.c ****       }
 777:Drivers/STM32G4xx_HAL_Driver/Src/stm32g4xx_hal_rcc_ex.c ****       /* Clock not enabled for USART1 */
 778:Drivers/STM32G4xx_HAL_Driver/Src/stm32g4xx_hal_rcc_ex.c ****       else
 779:Drivers/STM32G4xx_HAL_Driver/Src/stm32g4xx_hal_rcc_ex.c ****       {
 780:Drivers/STM32G4xx_HAL_Driver/Src/stm32g4xx_hal_rcc_ex.c ****         /* nothing to do: frequency already initialized to 0 */
 781:Drivers/STM32G4xx_HAL_Driver/Src/stm32g4xx_hal_rcc_ex.c ****       }
 782:Drivers/STM32G4xx_HAL_Driver/Src/stm32g4xx_hal_rcc_ex.c ****       break;
 783:Drivers/STM32G4xx_HAL_Driver/Src/stm32g4xx_hal_rcc_ex.c **** 
 784:Drivers/STM32G4xx_HAL_Driver/Src/stm32g4xx_hal_rcc_ex.c ****     case RCC_PERIPHCLK_USART2:
 785:Drivers/STM32G4xx_HAL_Driver/Src/stm32g4xx_hal_rcc_ex.c ****       /* Get the current USART2 source */
 786:Drivers/STM32G4xx_HAL_Driver/Src/stm32g4xx_hal_rcc_ex.c ****       srcclk = __HAL_RCC_GET_USART2_SOURCE();
 787:Drivers/STM32G4xx_HAL_Driver/Src/stm32g4xx_hal_rcc_ex.c **** 
 788:Drivers/STM32G4xx_HAL_Driver/Src/stm32g4xx_hal_rcc_ex.c ****       if(srcclk == RCC_USART2CLKSOURCE_PCLK1)
 789:Drivers/STM32G4xx_HAL_Driver/Src/stm32g4xx_hal_rcc_ex.c ****       {
 790:Drivers/STM32G4xx_HAL_Driver/Src/stm32g4xx_hal_rcc_ex.c ****         frequency = HAL_RCC_GetPCLK1Freq();
 791:Drivers/STM32G4xx_HAL_Driver/Src/stm32g4xx_hal_rcc_ex.c ****       }
 792:Drivers/STM32G4xx_HAL_Driver/Src/stm32g4xx_hal_rcc_ex.c ****       else if(srcclk == RCC_USART2CLKSOURCE_SYSCLK)
 793:Drivers/STM32G4xx_HAL_Driver/Src/stm32g4xx_hal_rcc_ex.c ****       {
 794:Drivers/STM32G4xx_HAL_Driver/Src/stm32g4xx_hal_rcc_ex.c ****         frequency = HAL_RCC_GetSysClockFreq();
 795:Drivers/STM32G4xx_HAL_Driver/Src/stm32g4xx_hal_rcc_ex.c ****       }
 796:Drivers/STM32G4xx_HAL_Driver/Src/stm32g4xx_hal_rcc_ex.c ****       else if((HAL_IS_BIT_SET(RCC->CR, RCC_CR_HSIRDY)) && (srcclk == RCC_USART2CLKSOURCE_HSI))
 797:Drivers/STM32G4xx_HAL_Driver/Src/stm32g4xx_hal_rcc_ex.c ****       {
 798:Drivers/STM32G4xx_HAL_Driver/Src/stm32g4xx_hal_rcc_ex.c ****         frequency = HSI_VALUE;
 799:Drivers/STM32G4xx_HAL_Driver/Src/stm32g4xx_hal_rcc_ex.c ****       }
 800:Drivers/STM32G4xx_HAL_Driver/Src/stm32g4xx_hal_rcc_ex.c ****       else if((HAL_IS_BIT_SET(RCC->BDCR, RCC_BDCR_LSERDY))  && (srcclk == RCC_USART2CLKSOURCE_LSE))
 801:Drivers/STM32G4xx_HAL_Driver/Src/stm32g4xx_hal_rcc_ex.c ****       {
 802:Drivers/STM32G4xx_HAL_Driver/Src/stm32g4xx_hal_rcc_ex.c ****         frequency = LSE_VALUE;
 803:Drivers/STM32G4xx_HAL_Driver/Src/stm32g4xx_hal_rcc_ex.c ****       }
 804:Drivers/STM32G4xx_HAL_Driver/Src/stm32g4xx_hal_rcc_ex.c ****       /* Clock not enabled for USART2 */
 805:Drivers/STM32G4xx_HAL_Driver/Src/stm32g4xx_hal_rcc_ex.c ****       else
 806:Drivers/STM32G4xx_HAL_Driver/Src/stm32g4xx_hal_rcc_ex.c ****       {
 807:Drivers/STM32G4xx_HAL_Driver/Src/stm32g4xx_hal_rcc_ex.c ****         /* nothing to do: frequency already initialized to 0 */
ARM GAS  /tmp/ccaJoL7I.s 			page 33


 808:Drivers/STM32G4xx_HAL_Driver/Src/stm32g4xx_hal_rcc_ex.c ****       }
 809:Drivers/STM32G4xx_HAL_Driver/Src/stm32g4xx_hal_rcc_ex.c ****       break;
 810:Drivers/STM32G4xx_HAL_Driver/Src/stm32g4xx_hal_rcc_ex.c **** 
 811:Drivers/STM32G4xx_HAL_Driver/Src/stm32g4xx_hal_rcc_ex.c **** #if defined(USART3)
 812:Drivers/STM32G4xx_HAL_Driver/Src/stm32g4xx_hal_rcc_ex.c ****     case RCC_PERIPHCLK_USART3:
 813:Drivers/STM32G4xx_HAL_Driver/Src/stm32g4xx_hal_rcc_ex.c ****       /* Get the current USART3 source */
 814:Drivers/STM32G4xx_HAL_Driver/Src/stm32g4xx_hal_rcc_ex.c ****       srcclk = __HAL_RCC_GET_USART3_SOURCE();
 815:Drivers/STM32G4xx_HAL_Driver/Src/stm32g4xx_hal_rcc_ex.c **** 
 816:Drivers/STM32G4xx_HAL_Driver/Src/stm32g4xx_hal_rcc_ex.c ****       if(srcclk == RCC_USART3CLKSOURCE_PCLK1)
 817:Drivers/STM32G4xx_HAL_Driver/Src/stm32g4xx_hal_rcc_ex.c ****       {
 818:Drivers/STM32G4xx_HAL_Driver/Src/stm32g4xx_hal_rcc_ex.c ****         frequency = HAL_RCC_GetPCLK1Freq();
 819:Drivers/STM32G4xx_HAL_Driver/Src/stm32g4xx_hal_rcc_ex.c ****       }
 820:Drivers/STM32G4xx_HAL_Driver/Src/stm32g4xx_hal_rcc_ex.c ****       else if(srcclk == RCC_USART3CLKSOURCE_SYSCLK)
 821:Drivers/STM32G4xx_HAL_Driver/Src/stm32g4xx_hal_rcc_ex.c ****       {
 822:Drivers/STM32G4xx_HAL_Driver/Src/stm32g4xx_hal_rcc_ex.c ****         frequency = HAL_RCC_GetSysClockFreq();
 823:Drivers/STM32G4xx_HAL_Driver/Src/stm32g4xx_hal_rcc_ex.c ****       }
 824:Drivers/STM32G4xx_HAL_Driver/Src/stm32g4xx_hal_rcc_ex.c ****       else if((HAL_IS_BIT_SET(RCC->CR, RCC_CR_HSIRDY)) && (srcclk == RCC_USART3CLKSOURCE_HSI))
 825:Drivers/STM32G4xx_HAL_Driver/Src/stm32g4xx_hal_rcc_ex.c ****       {
 826:Drivers/STM32G4xx_HAL_Driver/Src/stm32g4xx_hal_rcc_ex.c ****         frequency = HSI_VALUE;
 827:Drivers/STM32G4xx_HAL_Driver/Src/stm32g4xx_hal_rcc_ex.c ****       }
 828:Drivers/STM32G4xx_HAL_Driver/Src/stm32g4xx_hal_rcc_ex.c ****       else if((HAL_IS_BIT_SET(RCC->BDCR, RCC_BDCR_LSERDY)) && (srcclk == RCC_USART3CLKSOURCE_LSE))
 829:Drivers/STM32G4xx_HAL_Driver/Src/stm32g4xx_hal_rcc_ex.c ****       {
 830:Drivers/STM32G4xx_HAL_Driver/Src/stm32g4xx_hal_rcc_ex.c ****         frequency = LSE_VALUE;
 831:Drivers/STM32G4xx_HAL_Driver/Src/stm32g4xx_hal_rcc_ex.c ****       }
 832:Drivers/STM32G4xx_HAL_Driver/Src/stm32g4xx_hal_rcc_ex.c ****       /* Clock not enabled for USART3 */
 833:Drivers/STM32G4xx_HAL_Driver/Src/stm32g4xx_hal_rcc_ex.c ****       else
 834:Drivers/STM32G4xx_HAL_Driver/Src/stm32g4xx_hal_rcc_ex.c ****       {
 835:Drivers/STM32G4xx_HAL_Driver/Src/stm32g4xx_hal_rcc_ex.c ****         /* nothing to do: frequency already initialized to 0 */
 836:Drivers/STM32G4xx_HAL_Driver/Src/stm32g4xx_hal_rcc_ex.c ****       }
 837:Drivers/STM32G4xx_HAL_Driver/Src/stm32g4xx_hal_rcc_ex.c ****       break;
 838:Drivers/STM32G4xx_HAL_Driver/Src/stm32g4xx_hal_rcc_ex.c **** #endif /* USART3 */
 839:Drivers/STM32G4xx_HAL_Driver/Src/stm32g4xx_hal_rcc_ex.c ****       
 840:Drivers/STM32G4xx_HAL_Driver/Src/stm32g4xx_hal_rcc_ex.c **** #if defined(UART4)
 841:Drivers/STM32G4xx_HAL_Driver/Src/stm32g4xx_hal_rcc_ex.c ****     case RCC_PERIPHCLK_UART4:
 842:Drivers/STM32G4xx_HAL_Driver/Src/stm32g4xx_hal_rcc_ex.c ****       /* Get the current UART4 source */
 843:Drivers/STM32G4xx_HAL_Driver/Src/stm32g4xx_hal_rcc_ex.c ****       srcclk = __HAL_RCC_GET_UART4_SOURCE();
 844:Drivers/STM32G4xx_HAL_Driver/Src/stm32g4xx_hal_rcc_ex.c **** 
 845:Drivers/STM32G4xx_HAL_Driver/Src/stm32g4xx_hal_rcc_ex.c ****       if(srcclk == RCC_UART4CLKSOURCE_PCLK1)
 846:Drivers/STM32G4xx_HAL_Driver/Src/stm32g4xx_hal_rcc_ex.c ****       {
 847:Drivers/STM32G4xx_HAL_Driver/Src/stm32g4xx_hal_rcc_ex.c ****         frequency = HAL_RCC_GetPCLK1Freq();
 848:Drivers/STM32G4xx_HAL_Driver/Src/stm32g4xx_hal_rcc_ex.c ****       }
 849:Drivers/STM32G4xx_HAL_Driver/Src/stm32g4xx_hal_rcc_ex.c ****       else if(srcclk == RCC_UART4CLKSOURCE_SYSCLK)
 850:Drivers/STM32G4xx_HAL_Driver/Src/stm32g4xx_hal_rcc_ex.c ****       {
 851:Drivers/STM32G4xx_HAL_Driver/Src/stm32g4xx_hal_rcc_ex.c ****         frequency = HAL_RCC_GetSysClockFreq();
 852:Drivers/STM32G4xx_HAL_Driver/Src/stm32g4xx_hal_rcc_ex.c ****       }
 853:Drivers/STM32G4xx_HAL_Driver/Src/stm32g4xx_hal_rcc_ex.c ****       else if((HAL_IS_BIT_SET(RCC->CR, RCC_CR_HSIRDY)) && (srcclk == RCC_UART4CLKSOURCE_HSI))
 854:Drivers/STM32G4xx_HAL_Driver/Src/stm32g4xx_hal_rcc_ex.c ****       {
 855:Drivers/STM32G4xx_HAL_Driver/Src/stm32g4xx_hal_rcc_ex.c ****         frequency = HSI_VALUE;
 856:Drivers/STM32G4xx_HAL_Driver/Src/stm32g4xx_hal_rcc_ex.c ****       }
 857:Drivers/STM32G4xx_HAL_Driver/Src/stm32g4xx_hal_rcc_ex.c ****       else if((HAL_IS_BIT_SET(RCC->BDCR, RCC_BDCR_LSERDY)) && (srcclk == RCC_UART4CLKSOURCE_LSE))
 858:Drivers/STM32G4xx_HAL_Driver/Src/stm32g4xx_hal_rcc_ex.c ****       {
 859:Drivers/STM32G4xx_HAL_Driver/Src/stm32g4xx_hal_rcc_ex.c ****         frequency = LSE_VALUE;
 860:Drivers/STM32G4xx_HAL_Driver/Src/stm32g4xx_hal_rcc_ex.c ****       }
 861:Drivers/STM32G4xx_HAL_Driver/Src/stm32g4xx_hal_rcc_ex.c ****       /* Clock not enabled for UART4 */
 862:Drivers/STM32G4xx_HAL_Driver/Src/stm32g4xx_hal_rcc_ex.c ****       else
 863:Drivers/STM32G4xx_HAL_Driver/Src/stm32g4xx_hal_rcc_ex.c ****       {
 864:Drivers/STM32G4xx_HAL_Driver/Src/stm32g4xx_hal_rcc_ex.c ****         /* nothing to do: frequency already initialized to 0 */
ARM GAS  /tmp/ccaJoL7I.s 			page 34


 865:Drivers/STM32G4xx_HAL_Driver/Src/stm32g4xx_hal_rcc_ex.c ****       }
 866:Drivers/STM32G4xx_HAL_Driver/Src/stm32g4xx_hal_rcc_ex.c ****       break;
 867:Drivers/STM32G4xx_HAL_Driver/Src/stm32g4xx_hal_rcc_ex.c **** #endif /* UART4 */
 868:Drivers/STM32G4xx_HAL_Driver/Src/stm32g4xx_hal_rcc_ex.c **** 
 869:Drivers/STM32G4xx_HAL_Driver/Src/stm32g4xx_hal_rcc_ex.c **** #if defined(UART5)
 870:Drivers/STM32G4xx_HAL_Driver/Src/stm32g4xx_hal_rcc_ex.c ****     case RCC_PERIPHCLK_UART5:
 871:Drivers/STM32G4xx_HAL_Driver/Src/stm32g4xx_hal_rcc_ex.c ****       /* Get the current UART5 source */
 872:Drivers/STM32G4xx_HAL_Driver/Src/stm32g4xx_hal_rcc_ex.c ****       srcclk = __HAL_RCC_GET_UART5_SOURCE();
 873:Drivers/STM32G4xx_HAL_Driver/Src/stm32g4xx_hal_rcc_ex.c **** 
 874:Drivers/STM32G4xx_HAL_Driver/Src/stm32g4xx_hal_rcc_ex.c ****       if(srcclk == RCC_UART5CLKSOURCE_PCLK1)
 875:Drivers/STM32G4xx_HAL_Driver/Src/stm32g4xx_hal_rcc_ex.c ****       {
 876:Drivers/STM32G4xx_HAL_Driver/Src/stm32g4xx_hal_rcc_ex.c ****         frequency = HAL_RCC_GetPCLK1Freq();
 877:Drivers/STM32G4xx_HAL_Driver/Src/stm32g4xx_hal_rcc_ex.c ****       }
 878:Drivers/STM32G4xx_HAL_Driver/Src/stm32g4xx_hal_rcc_ex.c ****       else if(srcclk == RCC_UART5CLKSOURCE_SYSCLK)
 879:Drivers/STM32G4xx_HAL_Driver/Src/stm32g4xx_hal_rcc_ex.c ****       {
 880:Drivers/STM32G4xx_HAL_Driver/Src/stm32g4xx_hal_rcc_ex.c ****         frequency = HAL_RCC_GetSysClockFreq();
 881:Drivers/STM32G4xx_HAL_Driver/Src/stm32g4xx_hal_rcc_ex.c ****       }
 882:Drivers/STM32G4xx_HAL_Driver/Src/stm32g4xx_hal_rcc_ex.c ****       else if((HAL_IS_BIT_SET(RCC->CR, RCC_CR_HSIRDY)) && (srcclk == RCC_UART5CLKSOURCE_HSI))
 883:Drivers/STM32G4xx_HAL_Driver/Src/stm32g4xx_hal_rcc_ex.c ****       {
 884:Drivers/STM32G4xx_HAL_Driver/Src/stm32g4xx_hal_rcc_ex.c ****         frequency = HSI_VALUE;
 885:Drivers/STM32G4xx_HAL_Driver/Src/stm32g4xx_hal_rcc_ex.c ****       }
 886:Drivers/STM32G4xx_HAL_Driver/Src/stm32g4xx_hal_rcc_ex.c ****       else if((HAL_IS_BIT_SET(RCC->BDCR, RCC_BDCR_LSERDY)) && (srcclk == RCC_UART5CLKSOURCE_LSE))
 887:Drivers/STM32G4xx_HAL_Driver/Src/stm32g4xx_hal_rcc_ex.c ****       {
 888:Drivers/STM32G4xx_HAL_Driver/Src/stm32g4xx_hal_rcc_ex.c ****         frequency = LSE_VALUE;
 889:Drivers/STM32G4xx_HAL_Driver/Src/stm32g4xx_hal_rcc_ex.c ****       }
 890:Drivers/STM32G4xx_HAL_Driver/Src/stm32g4xx_hal_rcc_ex.c ****       /* Clock not enabled for UART5 */
 891:Drivers/STM32G4xx_HAL_Driver/Src/stm32g4xx_hal_rcc_ex.c ****       else
 892:Drivers/STM32G4xx_HAL_Driver/Src/stm32g4xx_hal_rcc_ex.c ****       {
 893:Drivers/STM32G4xx_HAL_Driver/Src/stm32g4xx_hal_rcc_ex.c ****         /* nothing to do: frequency already initialized to 0 */
 894:Drivers/STM32G4xx_HAL_Driver/Src/stm32g4xx_hal_rcc_ex.c ****       }
 895:Drivers/STM32G4xx_HAL_Driver/Src/stm32g4xx_hal_rcc_ex.c ****       break;
 896:Drivers/STM32G4xx_HAL_Driver/Src/stm32g4xx_hal_rcc_ex.c **** #endif /* UART5 */
 897:Drivers/STM32G4xx_HAL_Driver/Src/stm32g4xx_hal_rcc_ex.c **** 
 898:Drivers/STM32G4xx_HAL_Driver/Src/stm32g4xx_hal_rcc_ex.c ****     case RCC_PERIPHCLK_LPUART1:
 899:Drivers/STM32G4xx_HAL_Driver/Src/stm32g4xx_hal_rcc_ex.c ****       /* Get the current LPUART1 source */
 900:Drivers/STM32G4xx_HAL_Driver/Src/stm32g4xx_hal_rcc_ex.c ****       srcclk = __HAL_RCC_GET_LPUART1_SOURCE();
 901:Drivers/STM32G4xx_HAL_Driver/Src/stm32g4xx_hal_rcc_ex.c **** 
 902:Drivers/STM32G4xx_HAL_Driver/Src/stm32g4xx_hal_rcc_ex.c ****       if(srcclk == RCC_LPUART1CLKSOURCE_PCLK1)
 903:Drivers/STM32G4xx_HAL_Driver/Src/stm32g4xx_hal_rcc_ex.c ****       {
 904:Drivers/STM32G4xx_HAL_Driver/Src/stm32g4xx_hal_rcc_ex.c ****         frequency = HAL_RCC_GetPCLK1Freq();
 905:Drivers/STM32G4xx_HAL_Driver/Src/stm32g4xx_hal_rcc_ex.c ****       }
 906:Drivers/STM32G4xx_HAL_Driver/Src/stm32g4xx_hal_rcc_ex.c ****       else if(srcclk == RCC_LPUART1CLKSOURCE_SYSCLK)
 907:Drivers/STM32G4xx_HAL_Driver/Src/stm32g4xx_hal_rcc_ex.c ****       {
 908:Drivers/STM32G4xx_HAL_Driver/Src/stm32g4xx_hal_rcc_ex.c ****         frequency = HAL_RCC_GetSysClockFreq();
 909:Drivers/STM32G4xx_HAL_Driver/Src/stm32g4xx_hal_rcc_ex.c ****       }
 910:Drivers/STM32G4xx_HAL_Driver/Src/stm32g4xx_hal_rcc_ex.c ****       else if((HAL_IS_BIT_SET(RCC->CR, RCC_CR_HSIRDY)) && (srcclk == RCC_LPUART1CLKSOURCE_HSI))
 911:Drivers/STM32G4xx_HAL_Driver/Src/stm32g4xx_hal_rcc_ex.c ****       {
 912:Drivers/STM32G4xx_HAL_Driver/Src/stm32g4xx_hal_rcc_ex.c ****         frequency = HSI_VALUE;
 913:Drivers/STM32G4xx_HAL_Driver/Src/stm32g4xx_hal_rcc_ex.c ****       }
 914:Drivers/STM32G4xx_HAL_Driver/Src/stm32g4xx_hal_rcc_ex.c ****       else if((HAL_IS_BIT_SET(RCC->BDCR, RCC_BDCR_LSERDY)) && (srcclk == RCC_LPUART1CLKSOURCE_LSE))
 915:Drivers/STM32G4xx_HAL_Driver/Src/stm32g4xx_hal_rcc_ex.c ****       {
 916:Drivers/STM32G4xx_HAL_Driver/Src/stm32g4xx_hal_rcc_ex.c ****         frequency = LSE_VALUE;
 917:Drivers/STM32G4xx_HAL_Driver/Src/stm32g4xx_hal_rcc_ex.c ****       }
 918:Drivers/STM32G4xx_HAL_Driver/Src/stm32g4xx_hal_rcc_ex.c ****       /* Clock not enabled for LPUART1 */
 919:Drivers/STM32G4xx_HAL_Driver/Src/stm32g4xx_hal_rcc_ex.c ****       else
 920:Drivers/STM32G4xx_HAL_Driver/Src/stm32g4xx_hal_rcc_ex.c ****       {
 921:Drivers/STM32G4xx_HAL_Driver/Src/stm32g4xx_hal_rcc_ex.c ****         /* nothing to do: frequency already initialized to 0 */
ARM GAS  /tmp/ccaJoL7I.s 			page 35


 922:Drivers/STM32G4xx_HAL_Driver/Src/stm32g4xx_hal_rcc_ex.c ****       }
 923:Drivers/STM32G4xx_HAL_Driver/Src/stm32g4xx_hal_rcc_ex.c ****       break;
 924:Drivers/STM32G4xx_HAL_Driver/Src/stm32g4xx_hal_rcc_ex.c **** 
 925:Drivers/STM32G4xx_HAL_Driver/Src/stm32g4xx_hal_rcc_ex.c ****     case RCC_PERIPHCLK_I2C1:
 926:Drivers/STM32G4xx_HAL_Driver/Src/stm32g4xx_hal_rcc_ex.c ****       /* Get the current I2C1 source */
 927:Drivers/STM32G4xx_HAL_Driver/Src/stm32g4xx_hal_rcc_ex.c ****       srcclk = __HAL_RCC_GET_I2C1_SOURCE();
 928:Drivers/STM32G4xx_HAL_Driver/Src/stm32g4xx_hal_rcc_ex.c **** 
 929:Drivers/STM32G4xx_HAL_Driver/Src/stm32g4xx_hal_rcc_ex.c ****       if(srcclk == RCC_I2C1CLKSOURCE_PCLK1)
 930:Drivers/STM32G4xx_HAL_Driver/Src/stm32g4xx_hal_rcc_ex.c ****       {
 931:Drivers/STM32G4xx_HAL_Driver/Src/stm32g4xx_hal_rcc_ex.c ****         frequency = HAL_RCC_GetPCLK1Freq();
 932:Drivers/STM32G4xx_HAL_Driver/Src/stm32g4xx_hal_rcc_ex.c ****       }
 933:Drivers/STM32G4xx_HAL_Driver/Src/stm32g4xx_hal_rcc_ex.c ****       else if(srcclk == RCC_I2C1CLKSOURCE_SYSCLK)
 934:Drivers/STM32G4xx_HAL_Driver/Src/stm32g4xx_hal_rcc_ex.c ****       {
 935:Drivers/STM32G4xx_HAL_Driver/Src/stm32g4xx_hal_rcc_ex.c ****         frequency = HAL_RCC_GetSysClockFreq();
 936:Drivers/STM32G4xx_HAL_Driver/Src/stm32g4xx_hal_rcc_ex.c ****       }
 937:Drivers/STM32G4xx_HAL_Driver/Src/stm32g4xx_hal_rcc_ex.c ****       else if((HAL_IS_BIT_SET(RCC->CR, RCC_CR_HSIRDY)) && (srcclk == RCC_I2C1CLKSOURCE_HSI))
 938:Drivers/STM32G4xx_HAL_Driver/Src/stm32g4xx_hal_rcc_ex.c ****       {
 939:Drivers/STM32G4xx_HAL_Driver/Src/stm32g4xx_hal_rcc_ex.c ****         frequency = HSI_VALUE;
 940:Drivers/STM32G4xx_HAL_Driver/Src/stm32g4xx_hal_rcc_ex.c ****       }
 941:Drivers/STM32G4xx_HAL_Driver/Src/stm32g4xx_hal_rcc_ex.c ****       /* Clock not enabled for I2C1 */
 942:Drivers/STM32G4xx_HAL_Driver/Src/stm32g4xx_hal_rcc_ex.c ****       else
 943:Drivers/STM32G4xx_HAL_Driver/Src/stm32g4xx_hal_rcc_ex.c ****       {
 944:Drivers/STM32G4xx_HAL_Driver/Src/stm32g4xx_hal_rcc_ex.c ****         /* nothing to do: frequency already initialized to 0 */
 945:Drivers/STM32G4xx_HAL_Driver/Src/stm32g4xx_hal_rcc_ex.c ****       }
 946:Drivers/STM32G4xx_HAL_Driver/Src/stm32g4xx_hal_rcc_ex.c ****       break;
 947:Drivers/STM32G4xx_HAL_Driver/Src/stm32g4xx_hal_rcc_ex.c **** 
 948:Drivers/STM32G4xx_HAL_Driver/Src/stm32g4xx_hal_rcc_ex.c ****     case RCC_PERIPHCLK_I2C2:
 949:Drivers/STM32G4xx_HAL_Driver/Src/stm32g4xx_hal_rcc_ex.c ****       /* Get the current I2C2 source */
 950:Drivers/STM32G4xx_HAL_Driver/Src/stm32g4xx_hal_rcc_ex.c ****       srcclk = __HAL_RCC_GET_I2C2_SOURCE();
 951:Drivers/STM32G4xx_HAL_Driver/Src/stm32g4xx_hal_rcc_ex.c **** 
 952:Drivers/STM32G4xx_HAL_Driver/Src/stm32g4xx_hal_rcc_ex.c ****       if(srcclk == RCC_I2C2CLKSOURCE_PCLK1)
 953:Drivers/STM32G4xx_HAL_Driver/Src/stm32g4xx_hal_rcc_ex.c ****       {
 954:Drivers/STM32G4xx_HAL_Driver/Src/stm32g4xx_hal_rcc_ex.c ****         frequency = HAL_RCC_GetPCLK1Freq();
 955:Drivers/STM32G4xx_HAL_Driver/Src/stm32g4xx_hal_rcc_ex.c ****       }
 956:Drivers/STM32G4xx_HAL_Driver/Src/stm32g4xx_hal_rcc_ex.c ****       else if(srcclk == RCC_I2C2CLKSOURCE_SYSCLK)
 957:Drivers/STM32G4xx_HAL_Driver/Src/stm32g4xx_hal_rcc_ex.c ****       {
 958:Drivers/STM32G4xx_HAL_Driver/Src/stm32g4xx_hal_rcc_ex.c ****         frequency = HAL_RCC_GetSysClockFreq();
 959:Drivers/STM32G4xx_HAL_Driver/Src/stm32g4xx_hal_rcc_ex.c ****       }
 960:Drivers/STM32G4xx_HAL_Driver/Src/stm32g4xx_hal_rcc_ex.c ****       else if((HAL_IS_BIT_SET(RCC->CR, RCC_CR_HSIRDY)) && (srcclk == RCC_I2C2CLKSOURCE_HSI))
 961:Drivers/STM32G4xx_HAL_Driver/Src/stm32g4xx_hal_rcc_ex.c ****       {
 962:Drivers/STM32G4xx_HAL_Driver/Src/stm32g4xx_hal_rcc_ex.c ****         frequency = HSI_VALUE;
 963:Drivers/STM32G4xx_HAL_Driver/Src/stm32g4xx_hal_rcc_ex.c ****       }
 964:Drivers/STM32G4xx_HAL_Driver/Src/stm32g4xx_hal_rcc_ex.c ****       /* Clock not enabled for I2C2 */
 965:Drivers/STM32G4xx_HAL_Driver/Src/stm32g4xx_hal_rcc_ex.c ****       else
 966:Drivers/STM32G4xx_HAL_Driver/Src/stm32g4xx_hal_rcc_ex.c ****       {
 967:Drivers/STM32G4xx_HAL_Driver/Src/stm32g4xx_hal_rcc_ex.c ****         /* nothing to do: frequency already initialized to 0 */
 968:Drivers/STM32G4xx_HAL_Driver/Src/stm32g4xx_hal_rcc_ex.c ****       }
 969:Drivers/STM32G4xx_HAL_Driver/Src/stm32g4xx_hal_rcc_ex.c ****       break;
 970:Drivers/STM32G4xx_HAL_Driver/Src/stm32g4xx_hal_rcc_ex.c **** 
 971:Drivers/STM32G4xx_HAL_Driver/Src/stm32g4xx_hal_rcc_ex.c **** #if defined(I2C3)
 972:Drivers/STM32G4xx_HAL_Driver/Src/stm32g4xx_hal_rcc_ex.c **** 
 973:Drivers/STM32G4xx_HAL_Driver/Src/stm32g4xx_hal_rcc_ex.c ****     case RCC_PERIPHCLK_I2C3:
 974:Drivers/STM32G4xx_HAL_Driver/Src/stm32g4xx_hal_rcc_ex.c ****       /* Get the current I2C3 source */
 975:Drivers/STM32G4xx_HAL_Driver/Src/stm32g4xx_hal_rcc_ex.c ****       srcclk = __HAL_RCC_GET_I2C3_SOURCE();
 976:Drivers/STM32G4xx_HAL_Driver/Src/stm32g4xx_hal_rcc_ex.c **** 
 977:Drivers/STM32G4xx_HAL_Driver/Src/stm32g4xx_hal_rcc_ex.c ****       if(srcclk == RCC_I2C3CLKSOURCE_PCLK1)
 978:Drivers/STM32G4xx_HAL_Driver/Src/stm32g4xx_hal_rcc_ex.c ****       {
ARM GAS  /tmp/ccaJoL7I.s 			page 36


 979:Drivers/STM32G4xx_HAL_Driver/Src/stm32g4xx_hal_rcc_ex.c ****         frequency = HAL_RCC_GetPCLK1Freq();
 980:Drivers/STM32G4xx_HAL_Driver/Src/stm32g4xx_hal_rcc_ex.c ****       }
 981:Drivers/STM32G4xx_HAL_Driver/Src/stm32g4xx_hal_rcc_ex.c ****       else if(srcclk == RCC_I2C3CLKSOURCE_SYSCLK)
 982:Drivers/STM32G4xx_HAL_Driver/Src/stm32g4xx_hal_rcc_ex.c ****       {
 983:Drivers/STM32G4xx_HAL_Driver/Src/stm32g4xx_hal_rcc_ex.c ****         frequency = HAL_RCC_GetSysClockFreq();
 984:Drivers/STM32G4xx_HAL_Driver/Src/stm32g4xx_hal_rcc_ex.c ****       }
 985:Drivers/STM32G4xx_HAL_Driver/Src/stm32g4xx_hal_rcc_ex.c ****       else if((HAL_IS_BIT_SET(RCC->CR, RCC_CR_HSIRDY)) && (srcclk == RCC_I2C3CLKSOURCE_HSI))
 986:Drivers/STM32G4xx_HAL_Driver/Src/stm32g4xx_hal_rcc_ex.c ****       {
 987:Drivers/STM32G4xx_HAL_Driver/Src/stm32g4xx_hal_rcc_ex.c ****         frequency = HSI_VALUE;
 988:Drivers/STM32G4xx_HAL_Driver/Src/stm32g4xx_hal_rcc_ex.c ****       }
 989:Drivers/STM32G4xx_HAL_Driver/Src/stm32g4xx_hal_rcc_ex.c ****       /* Clock not enabled for I2C3 */
 990:Drivers/STM32G4xx_HAL_Driver/Src/stm32g4xx_hal_rcc_ex.c ****       else
 991:Drivers/STM32G4xx_HAL_Driver/Src/stm32g4xx_hal_rcc_ex.c ****       {
 992:Drivers/STM32G4xx_HAL_Driver/Src/stm32g4xx_hal_rcc_ex.c ****         /* nothing to do: frequency already initialized to 0 */
 993:Drivers/STM32G4xx_HAL_Driver/Src/stm32g4xx_hal_rcc_ex.c ****       }
 994:Drivers/STM32G4xx_HAL_Driver/Src/stm32g4xx_hal_rcc_ex.c ****       break;
 995:Drivers/STM32G4xx_HAL_Driver/Src/stm32g4xx_hal_rcc_ex.c **** 
 996:Drivers/STM32G4xx_HAL_Driver/Src/stm32g4xx_hal_rcc_ex.c **** #endif /* I2C3 */
 997:Drivers/STM32G4xx_HAL_Driver/Src/stm32g4xx_hal_rcc_ex.c **** 
 998:Drivers/STM32G4xx_HAL_Driver/Src/stm32g4xx_hal_rcc_ex.c **** #if defined(I2C4)
 999:Drivers/STM32G4xx_HAL_Driver/Src/stm32g4xx_hal_rcc_ex.c **** 
1000:Drivers/STM32G4xx_HAL_Driver/Src/stm32g4xx_hal_rcc_ex.c ****     case RCC_PERIPHCLK_I2C4:
1001:Drivers/STM32G4xx_HAL_Driver/Src/stm32g4xx_hal_rcc_ex.c ****       /* Get the current I2C4 source */
1002:Drivers/STM32G4xx_HAL_Driver/Src/stm32g4xx_hal_rcc_ex.c ****       srcclk = __HAL_RCC_GET_I2C4_SOURCE();
1003:Drivers/STM32G4xx_HAL_Driver/Src/stm32g4xx_hal_rcc_ex.c **** 
1004:Drivers/STM32G4xx_HAL_Driver/Src/stm32g4xx_hal_rcc_ex.c ****       if(srcclk == RCC_I2C4CLKSOURCE_PCLK1)
1005:Drivers/STM32G4xx_HAL_Driver/Src/stm32g4xx_hal_rcc_ex.c ****       {
1006:Drivers/STM32G4xx_HAL_Driver/Src/stm32g4xx_hal_rcc_ex.c ****         frequency = HAL_RCC_GetPCLK1Freq();
1007:Drivers/STM32G4xx_HAL_Driver/Src/stm32g4xx_hal_rcc_ex.c ****       }
1008:Drivers/STM32G4xx_HAL_Driver/Src/stm32g4xx_hal_rcc_ex.c ****       else if(srcclk == RCC_I2C4CLKSOURCE_SYSCLK)
1009:Drivers/STM32G4xx_HAL_Driver/Src/stm32g4xx_hal_rcc_ex.c ****       {
1010:Drivers/STM32G4xx_HAL_Driver/Src/stm32g4xx_hal_rcc_ex.c ****         frequency = HAL_RCC_GetSysClockFreq();
1011:Drivers/STM32G4xx_HAL_Driver/Src/stm32g4xx_hal_rcc_ex.c ****       }
1012:Drivers/STM32G4xx_HAL_Driver/Src/stm32g4xx_hal_rcc_ex.c ****       else if((HAL_IS_BIT_SET(RCC->CR, RCC_CR_HSIRDY)) && (srcclk == RCC_I2C4CLKSOURCE_HSI))
1013:Drivers/STM32G4xx_HAL_Driver/Src/stm32g4xx_hal_rcc_ex.c ****       {
1014:Drivers/STM32G4xx_HAL_Driver/Src/stm32g4xx_hal_rcc_ex.c ****         frequency = HSI_VALUE;
1015:Drivers/STM32G4xx_HAL_Driver/Src/stm32g4xx_hal_rcc_ex.c ****       }
1016:Drivers/STM32G4xx_HAL_Driver/Src/stm32g4xx_hal_rcc_ex.c ****       /* Clock not enabled for I2C4 */
1017:Drivers/STM32G4xx_HAL_Driver/Src/stm32g4xx_hal_rcc_ex.c ****       else
1018:Drivers/STM32G4xx_HAL_Driver/Src/stm32g4xx_hal_rcc_ex.c ****       {
1019:Drivers/STM32G4xx_HAL_Driver/Src/stm32g4xx_hal_rcc_ex.c ****         /* nothing to do: frequency already initialized to 0 */
1020:Drivers/STM32G4xx_HAL_Driver/Src/stm32g4xx_hal_rcc_ex.c ****       }
1021:Drivers/STM32G4xx_HAL_Driver/Src/stm32g4xx_hal_rcc_ex.c ****       break;
1022:Drivers/STM32G4xx_HAL_Driver/Src/stm32g4xx_hal_rcc_ex.c **** 
1023:Drivers/STM32G4xx_HAL_Driver/Src/stm32g4xx_hal_rcc_ex.c **** #endif /* I2C4 */
1024:Drivers/STM32G4xx_HAL_Driver/Src/stm32g4xx_hal_rcc_ex.c **** 
1025:Drivers/STM32G4xx_HAL_Driver/Src/stm32g4xx_hal_rcc_ex.c ****     case RCC_PERIPHCLK_LPTIM1:
1026:Drivers/STM32G4xx_HAL_Driver/Src/stm32g4xx_hal_rcc_ex.c ****       /* Get the current LPTIM1 source */
1027:Drivers/STM32G4xx_HAL_Driver/Src/stm32g4xx_hal_rcc_ex.c ****       srcclk = __HAL_RCC_GET_LPTIM1_SOURCE();
1028:Drivers/STM32G4xx_HAL_Driver/Src/stm32g4xx_hal_rcc_ex.c **** 
1029:Drivers/STM32G4xx_HAL_Driver/Src/stm32g4xx_hal_rcc_ex.c ****       if(srcclk == RCC_LPTIM1CLKSOURCE_PCLK1)
1030:Drivers/STM32G4xx_HAL_Driver/Src/stm32g4xx_hal_rcc_ex.c ****       {
1031:Drivers/STM32G4xx_HAL_Driver/Src/stm32g4xx_hal_rcc_ex.c ****         frequency = HAL_RCC_GetPCLK1Freq();
1032:Drivers/STM32G4xx_HAL_Driver/Src/stm32g4xx_hal_rcc_ex.c ****       }
1033:Drivers/STM32G4xx_HAL_Driver/Src/stm32g4xx_hal_rcc_ex.c ****       else if((HAL_IS_BIT_SET(RCC->CSR, RCC_CSR_LSIRDY)) && (srcclk == RCC_LPTIM1CLKSOURCE_LSI))
1034:Drivers/STM32G4xx_HAL_Driver/Src/stm32g4xx_hal_rcc_ex.c ****       {
1035:Drivers/STM32G4xx_HAL_Driver/Src/stm32g4xx_hal_rcc_ex.c ****         frequency = LSI_VALUE;
ARM GAS  /tmp/ccaJoL7I.s 			page 37


1036:Drivers/STM32G4xx_HAL_Driver/Src/stm32g4xx_hal_rcc_ex.c ****       }
1037:Drivers/STM32G4xx_HAL_Driver/Src/stm32g4xx_hal_rcc_ex.c ****       else if((HAL_IS_BIT_SET(RCC->CR, RCC_CR_HSIRDY)) && (srcclk == RCC_LPTIM1CLKSOURCE_HSI))
1038:Drivers/STM32G4xx_HAL_Driver/Src/stm32g4xx_hal_rcc_ex.c ****       {
1039:Drivers/STM32G4xx_HAL_Driver/Src/stm32g4xx_hal_rcc_ex.c ****         frequency = HSI_VALUE;
1040:Drivers/STM32G4xx_HAL_Driver/Src/stm32g4xx_hal_rcc_ex.c ****       }
1041:Drivers/STM32G4xx_HAL_Driver/Src/stm32g4xx_hal_rcc_ex.c ****       else if ((HAL_IS_BIT_SET(RCC->BDCR, RCC_BDCR_LSERDY)) && (srcclk == RCC_LPTIM1CLKSOURCE_LSE))
1042:Drivers/STM32G4xx_HAL_Driver/Src/stm32g4xx_hal_rcc_ex.c ****       {
1043:Drivers/STM32G4xx_HAL_Driver/Src/stm32g4xx_hal_rcc_ex.c ****         frequency = LSE_VALUE;
1044:Drivers/STM32G4xx_HAL_Driver/Src/stm32g4xx_hal_rcc_ex.c ****       }
1045:Drivers/STM32G4xx_HAL_Driver/Src/stm32g4xx_hal_rcc_ex.c ****       /* Clock not enabled for LPTIM1 */
1046:Drivers/STM32G4xx_HAL_Driver/Src/stm32g4xx_hal_rcc_ex.c ****       else
1047:Drivers/STM32G4xx_HAL_Driver/Src/stm32g4xx_hal_rcc_ex.c ****       {
1048:Drivers/STM32G4xx_HAL_Driver/Src/stm32g4xx_hal_rcc_ex.c ****         /* nothing to do: frequency already initialized to 0 */
1049:Drivers/STM32G4xx_HAL_Driver/Src/stm32g4xx_hal_rcc_ex.c ****       }
1050:Drivers/STM32G4xx_HAL_Driver/Src/stm32g4xx_hal_rcc_ex.c ****       break;
1051:Drivers/STM32G4xx_HAL_Driver/Src/stm32g4xx_hal_rcc_ex.c **** 
1052:Drivers/STM32G4xx_HAL_Driver/Src/stm32g4xx_hal_rcc_ex.c **** #if defined(SAI1)
1053:Drivers/STM32G4xx_HAL_Driver/Src/stm32g4xx_hal_rcc_ex.c **** 
1054:Drivers/STM32G4xx_HAL_Driver/Src/stm32g4xx_hal_rcc_ex.c ****     case RCC_PERIPHCLK_SAI1:
1055:Drivers/STM32G4xx_HAL_Driver/Src/stm32g4xx_hal_rcc_ex.c ****       /* Get the current SAI1 source */
1056:Drivers/STM32G4xx_HAL_Driver/Src/stm32g4xx_hal_rcc_ex.c ****       srcclk = __HAL_RCC_GET_SAI1_SOURCE();
1057:Drivers/STM32G4xx_HAL_Driver/Src/stm32g4xx_hal_rcc_ex.c **** 
1058:Drivers/STM32G4xx_HAL_Driver/Src/stm32g4xx_hal_rcc_ex.c ****       if(srcclk == RCC_SAI1CLKSOURCE_SYSCLK)
1059:Drivers/STM32G4xx_HAL_Driver/Src/stm32g4xx_hal_rcc_ex.c ****       {
1060:Drivers/STM32G4xx_HAL_Driver/Src/stm32g4xx_hal_rcc_ex.c ****         frequency = HAL_RCC_GetSysClockFreq();
1061:Drivers/STM32G4xx_HAL_Driver/Src/stm32g4xx_hal_rcc_ex.c ****       }
1062:Drivers/STM32G4xx_HAL_Driver/Src/stm32g4xx_hal_rcc_ex.c ****       else if(srcclk == RCC_SAI1CLKSOURCE_PLL)
1063:Drivers/STM32G4xx_HAL_Driver/Src/stm32g4xx_hal_rcc_ex.c ****       {
1064:Drivers/STM32G4xx_HAL_Driver/Src/stm32g4xx_hal_rcc_ex.c ****         if(__HAL_RCC_GET_PLLCLKOUT_CONFIG(RCC_PLL_48M1CLK) != 0U)
1065:Drivers/STM32G4xx_HAL_Driver/Src/stm32g4xx_hal_rcc_ex.c ****         {
1066:Drivers/STM32G4xx_HAL_Driver/Src/stm32g4xx_hal_rcc_ex.c ****           /* f(PLLQ) = f(VCO input) * PLLN / PLLQ */
1067:Drivers/STM32G4xx_HAL_Driver/Src/stm32g4xx_hal_rcc_ex.c ****           plln = READ_BIT(RCC->PLLCFGR, RCC_PLLCFGR_PLLN) >> RCC_PLLCFGR_PLLN_Pos;
1068:Drivers/STM32G4xx_HAL_Driver/Src/stm32g4xx_hal_rcc_ex.c ****           frequency = (pllvco * plln) / (((READ_BIT(RCC->PLLCFGR, RCC_PLLCFGR_PLLQ) >> RCC_PLLCFGR_
1069:Drivers/STM32G4xx_HAL_Driver/Src/stm32g4xx_hal_rcc_ex.c ****         }
1070:Drivers/STM32G4xx_HAL_Driver/Src/stm32g4xx_hal_rcc_ex.c ****       }
1071:Drivers/STM32G4xx_HAL_Driver/Src/stm32g4xx_hal_rcc_ex.c ****       else if(srcclk == RCC_SAI1CLKSOURCE_EXT)
1072:Drivers/STM32G4xx_HAL_Driver/Src/stm32g4xx_hal_rcc_ex.c ****       {
1073:Drivers/STM32G4xx_HAL_Driver/Src/stm32g4xx_hal_rcc_ex.c ****         /* External clock used.*/
1074:Drivers/STM32G4xx_HAL_Driver/Src/stm32g4xx_hal_rcc_ex.c ****         frequency = EXTERNAL_CLOCK_VALUE;
1075:Drivers/STM32G4xx_HAL_Driver/Src/stm32g4xx_hal_rcc_ex.c ****       }
1076:Drivers/STM32G4xx_HAL_Driver/Src/stm32g4xx_hal_rcc_ex.c ****       else if((HAL_IS_BIT_SET(RCC->CR, RCC_CR_HSIRDY)) && (srcclk == RCC_SAI1CLKSOURCE_HSI))
1077:Drivers/STM32G4xx_HAL_Driver/Src/stm32g4xx_hal_rcc_ex.c ****       {
1078:Drivers/STM32G4xx_HAL_Driver/Src/stm32g4xx_hal_rcc_ex.c ****         frequency = HSI_VALUE;
1079:Drivers/STM32G4xx_HAL_Driver/Src/stm32g4xx_hal_rcc_ex.c ****       }
1080:Drivers/STM32G4xx_HAL_Driver/Src/stm32g4xx_hal_rcc_ex.c ****       /* Clock not enabled for SAI1 */
1081:Drivers/STM32G4xx_HAL_Driver/Src/stm32g4xx_hal_rcc_ex.c ****       else
1082:Drivers/STM32G4xx_HAL_Driver/Src/stm32g4xx_hal_rcc_ex.c ****       {
1083:Drivers/STM32G4xx_HAL_Driver/Src/stm32g4xx_hal_rcc_ex.c ****         /* nothing to do: frequency already initialized to 0 */
1084:Drivers/STM32G4xx_HAL_Driver/Src/stm32g4xx_hal_rcc_ex.c ****       }
1085:Drivers/STM32G4xx_HAL_Driver/Src/stm32g4xx_hal_rcc_ex.c ****       break;
1086:Drivers/STM32G4xx_HAL_Driver/Src/stm32g4xx_hal_rcc_ex.c **** 
1087:Drivers/STM32G4xx_HAL_Driver/Src/stm32g4xx_hal_rcc_ex.c **** #endif /* SAI1 */
1088:Drivers/STM32G4xx_HAL_Driver/Src/stm32g4xx_hal_rcc_ex.c **** 
1089:Drivers/STM32G4xx_HAL_Driver/Src/stm32g4xx_hal_rcc_ex.c **** #if defined(SPI_I2S_SUPPORT)
1090:Drivers/STM32G4xx_HAL_Driver/Src/stm32g4xx_hal_rcc_ex.c ****     case RCC_PERIPHCLK_I2S:
1091:Drivers/STM32G4xx_HAL_Driver/Src/stm32g4xx_hal_rcc_ex.c ****       /* Get the current I2Sx source */
1092:Drivers/STM32G4xx_HAL_Driver/Src/stm32g4xx_hal_rcc_ex.c ****       srcclk = __HAL_RCC_GET_I2S_SOURCE();
ARM GAS  /tmp/ccaJoL7I.s 			page 38


1093:Drivers/STM32G4xx_HAL_Driver/Src/stm32g4xx_hal_rcc_ex.c **** 
1094:Drivers/STM32G4xx_HAL_Driver/Src/stm32g4xx_hal_rcc_ex.c ****       if(srcclk == RCC_I2SCLKSOURCE_SYSCLK)
1095:Drivers/STM32G4xx_HAL_Driver/Src/stm32g4xx_hal_rcc_ex.c ****       {
1096:Drivers/STM32G4xx_HAL_Driver/Src/stm32g4xx_hal_rcc_ex.c ****         frequency = HAL_RCC_GetSysClockFreq();
1097:Drivers/STM32G4xx_HAL_Driver/Src/stm32g4xx_hal_rcc_ex.c ****       }
1098:Drivers/STM32G4xx_HAL_Driver/Src/stm32g4xx_hal_rcc_ex.c ****       else if(srcclk == RCC_I2SCLKSOURCE_PLL)
1099:Drivers/STM32G4xx_HAL_Driver/Src/stm32g4xx_hal_rcc_ex.c ****       {
1100:Drivers/STM32G4xx_HAL_Driver/Src/stm32g4xx_hal_rcc_ex.c ****         if(__HAL_RCC_GET_PLLCLKOUT_CONFIG(RCC_PLL_48M1CLK) != 0U)
1101:Drivers/STM32G4xx_HAL_Driver/Src/stm32g4xx_hal_rcc_ex.c ****         {
1102:Drivers/STM32G4xx_HAL_Driver/Src/stm32g4xx_hal_rcc_ex.c ****           /* f(PLLQ) = f(VCO input) * PLLN / PLLQ */
1103:Drivers/STM32G4xx_HAL_Driver/Src/stm32g4xx_hal_rcc_ex.c ****           plln = READ_BIT(RCC->PLLCFGR, RCC_PLLCFGR_PLLN) >> RCC_PLLCFGR_PLLN_Pos;
1104:Drivers/STM32G4xx_HAL_Driver/Src/stm32g4xx_hal_rcc_ex.c ****           frequency = (pllvco * plln) / (((READ_BIT(RCC->PLLCFGR, RCC_PLLCFGR_PLLQ) >> RCC_PLLCFGR_
1105:Drivers/STM32G4xx_HAL_Driver/Src/stm32g4xx_hal_rcc_ex.c ****         }
1106:Drivers/STM32G4xx_HAL_Driver/Src/stm32g4xx_hal_rcc_ex.c ****       }
1107:Drivers/STM32G4xx_HAL_Driver/Src/stm32g4xx_hal_rcc_ex.c ****       else if(srcclk == RCC_I2SCLKSOURCE_EXT)
1108:Drivers/STM32G4xx_HAL_Driver/Src/stm32g4xx_hal_rcc_ex.c ****       {
1109:Drivers/STM32G4xx_HAL_Driver/Src/stm32g4xx_hal_rcc_ex.c ****         /* External clock used.*/
1110:Drivers/STM32G4xx_HAL_Driver/Src/stm32g4xx_hal_rcc_ex.c ****         frequency = EXTERNAL_CLOCK_VALUE;
1111:Drivers/STM32G4xx_HAL_Driver/Src/stm32g4xx_hal_rcc_ex.c ****       }      
1112:Drivers/STM32G4xx_HAL_Driver/Src/stm32g4xx_hal_rcc_ex.c ****       else if((HAL_IS_BIT_SET(RCC->CR, RCC_CR_HSIRDY)) && (srcclk == RCC_I2SCLKSOURCE_HSI))
1113:Drivers/STM32G4xx_HAL_Driver/Src/stm32g4xx_hal_rcc_ex.c ****       {
1114:Drivers/STM32G4xx_HAL_Driver/Src/stm32g4xx_hal_rcc_ex.c ****         frequency = HSI_VALUE;
1115:Drivers/STM32G4xx_HAL_Driver/Src/stm32g4xx_hal_rcc_ex.c ****       }
1116:Drivers/STM32G4xx_HAL_Driver/Src/stm32g4xx_hal_rcc_ex.c ****       /* Clock not enabled for I2S */
1117:Drivers/STM32G4xx_HAL_Driver/Src/stm32g4xx_hal_rcc_ex.c ****       else
1118:Drivers/STM32G4xx_HAL_Driver/Src/stm32g4xx_hal_rcc_ex.c ****       {
1119:Drivers/STM32G4xx_HAL_Driver/Src/stm32g4xx_hal_rcc_ex.c ****         /* nothing to do: frequency already initialized to 0 */
1120:Drivers/STM32G4xx_HAL_Driver/Src/stm32g4xx_hal_rcc_ex.c ****       }
1121:Drivers/STM32G4xx_HAL_Driver/Src/stm32g4xx_hal_rcc_ex.c ****       break;
1122:Drivers/STM32G4xx_HAL_Driver/Src/stm32g4xx_hal_rcc_ex.c **** #endif /* SPI_I2S_SUPPORT */
1123:Drivers/STM32G4xx_HAL_Driver/Src/stm32g4xx_hal_rcc_ex.c **** 
1124:Drivers/STM32G4xx_HAL_Driver/Src/stm32g4xx_hal_rcc_ex.c **** #if defined(FDCAN1)
1125:Drivers/STM32G4xx_HAL_Driver/Src/stm32g4xx_hal_rcc_ex.c ****     case RCC_PERIPHCLK_FDCAN:
1126:Drivers/STM32G4xx_HAL_Driver/Src/stm32g4xx_hal_rcc_ex.c ****       /* Get the current FDCANx source */
1127:Drivers/STM32G4xx_HAL_Driver/Src/stm32g4xx_hal_rcc_ex.c ****       srcclk = __HAL_RCC_GET_FDCAN_SOURCE();
1128:Drivers/STM32G4xx_HAL_Driver/Src/stm32g4xx_hal_rcc_ex.c **** 
1129:Drivers/STM32G4xx_HAL_Driver/Src/stm32g4xx_hal_rcc_ex.c ****       if(srcclk == RCC_FDCANCLKSOURCE_PCLK1)
1130:Drivers/STM32G4xx_HAL_Driver/Src/stm32g4xx_hal_rcc_ex.c ****       {
1131:Drivers/STM32G4xx_HAL_Driver/Src/stm32g4xx_hal_rcc_ex.c ****         frequency = HAL_RCC_GetPCLK1Freq();
1132:Drivers/STM32G4xx_HAL_Driver/Src/stm32g4xx_hal_rcc_ex.c ****       }
1133:Drivers/STM32G4xx_HAL_Driver/Src/stm32g4xx_hal_rcc_ex.c ****       else if(srcclk == RCC_FDCANCLKSOURCE_HSE)
1134:Drivers/STM32G4xx_HAL_Driver/Src/stm32g4xx_hal_rcc_ex.c ****       {
1135:Drivers/STM32G4xx_HAL_Driver/Src/stm32g4xx_hal_rcc_ex.c ****         frequency = HSE_VALUE;
1136:Drivers/STM32G4xx_HAL_Driver/Src/stm32g4xx_hal_rcc_ex.c ****       }
1137:Drivers/STM32G4xx_HAL_Driver/Src/stm32g4xx_hal_rcc_ex.c ****       else if(srcclk == RCC_FDCANCLKSOURCE_PLL)
1138:Drivers/STM32G4xx_HAL_Driver/Src/stm32g4xx_hal_rcc_ex.c ****       {
1139:Drivers/STM32G4xx_HAL_Driver/Src/stm32g4xx_hal_rcc_ex.c ****         if(__HAL_RCC_GET_PLLCLKOUT_CONFIG(RCC_PLL_48M1CLK) != 0U)
1140:Drivers/STM32G4xx_HAL_Driver/Src/stm32g4xx_hal_rcc_ex.c ****         {
1141:Drivers/STM32G4xx_HAL_Driver/Src/stm32g4xx_hal_rcc_ex.c ****           /* f(PLLQ) = f(VCO input) * PLLN / PLLQ */
1142:Drivers/STM32G4xx_HAL_Driver/Src/stm32g4xx_hal_rcc_ex.c ****           plln = READ_BIT(RCC->PLLCFGR, RCC_PLLCFGR_PLLN) >> RCC_PLLCFGR_PLLN_Pos;
1143:Drivers/STM32G4xx_HAL_Driver/Src/stm32g4xx_hal_rcc_ex.c ****           frequency = (pllvco * plln) / (((READ_BIT(RCC->PLLCFGR, RCC_PLLCFGR_PLLQ) >> RCC_PLLCFGR_
1144:Drivers/STM32G4xx_HAL_Driver/Src/stm32g4xx_hal_rcc_ex.c ****         }
1145:Drivers/STM32G4xx_HAL_Driver/Src/stm32g4xx_hal_rcc_ex.c ****       }
1146:Drivers/STM32G4xx_HAL_Driver/Src/stm32g4xx_hal_rcc_ex.c ****       /* Clock not enabled for FDCAN */
1147:Drivers/STM32G4xx_HAL_Driver/Src/stm32g4xx_hal_rcc_ex.c ****       else
1148:Drivers/STM32G4xx_HAL_Driver/Src/stm32g4xx_hal_rcc_ex.c ****       {
1149:Drivers/STM32G4xx_HAL_Driver/Src/stm32g4xx_hal_rcc_ex.c ****         /* nothing to do: frequency already initialized to 0 */
ARM GAS  /tmp/ccaJoL7I.s 			page 39


1150:Drivers/STM32G4xx_HAL_Driver/Src/stm32g4xx_hal_rcc_ex.c ****       }
1151:Drivers/STM32G4xx_HAL_Driver/Src/stm32g4xx_hal_rcc_ex.c ****       break;
1152:Drivers/STM32G4xx_HAL_Driver/Src/stm32g4xx_hal_rcc_ex.c **** #endif /* FDCAN1 */
1153:Drivers/STM32G4xx_HAL_Driver/Src/stm32g4xx_hal_rcc_ex.c ****     
1154:Drivers/STM32G4xx_HAL_Driver/Src/stm32g4xx_hal_rcc_ex.c **** #if defined(USB)
1155:Drivers/STM32G4xx_HAL_Driver/Src/stm32g4xx_hal_rcc_ex.c ****     
1156:Drivers/STM32G4xx_HAL_Driver/Src/stm32g4xx_hal_rcc_ex.c ****     case RCC_PERIPHCLK_USB:
1157:Drivers/STM32G4xx_HAL_Driver/Src/stm32g4xx_hal_rcc_ex.c ****       /* Get the current USB source */
1158:Drivers/STM32G4xx_HAL_Driver/Src/stm32g4xx_hal_rcc_ex.c ****       srcclk = __HAL_RCC_GET_USB_SOURCE();
1159:Drivers/STM32G4xx_HAL_Driver/Src/stm32g4xx_hal_rcc_ex.c ****       
1160:Drivers/STM32G4xx_HAL_Driver/Src/stm32g4xx_hal_rcc_ex.c ****       if(srcclk == RCC_USBCLKSOURCE_PLL)  /* PLL ? */
1161:Drivers/STM32G4xx_HAL_Driver/Src/stm32g4xx_hal_rcc_ex.c ****       {
1162:Drivers/STM32G4xx_HAL_Driver/Src/stm32g4xx_hal_rcc_ex.c ****         /* f(PLLQ) = f(VCO input) * PLLN / PLLQ */
1163:Drivers/STM32G4xx_HAL_Driver/Src/stm32g4xx_hal_rcc_ex.c ****         plln = READ_BIT(RCC->PLLCFGR, RCC_PLLCFGR_PLLN) >> RCC_PLLCFGR_PLLN_Pos;
1164:Drivers/STM32G4xx_HAL_Driver/Src/stm32g4xx_hal_rcc_ex.c ****         frequency = (pllvco * plln) / (((READ_BIT(RCC->PLLCFGR, RCC_PLLCFGR_PLLQ) >> RCC_PLLCFGR_PL
1165:Drivers/STM32G4xx_HAL_Driver/Src/stm32g4xx_hal_rcc_ex.c ****       }
1166:Drivers/STM32G4xx_HAL_Driver/Src/stm32g4xx_hal_rcc_ex.c ****       else if((HAL_IS_BIT_SET(RCC->CRRCR, RCC_CRRCR_HSI48RDY)) && (srcclk == RCC_USBCLKSOURCE_HSI48
1167:Drivers/STM32G4xx_HAL_Driver/Src/stm32g4xx_hal_rcc_ex.c ****       {
1168:Drivers/STM32G4xx_HAL_Driver/Src/stm32g4xx_hal_rcc_ex.c ****         frequency = HSI48_VALUE;
1169:Drivers/STM32G4xx_HAL_Driver/Src/stm32g4xx_hal_rcc_ex.c ****       }
1170:Drivers/STM32G4xx_HAL_Driver/Src/stm32g4xx_hal_rcc_ex.c ****       else /* No clock source */
1171:Drivers/STM32G4xx_HAL_Driver/Src/stm32g4xx_hal_rcc_ex.c ****       {
1172:Drivers/STM32G4xx_HAL_Driver/Src/stm32g4xx_hal_rcc_ex.c ****         /* nothing to do: frequency already initialized to 0 */
1173:Drivers/STM32G4xx_HAL_Driver/Src/stm32g4xx_hal_rcc_ex.c ****       }
1174:Drivers/STM32G4xx_HAL_Driver/Src/stm32g4xx_hal_rcc_ex.c ****       break;
1175:Drivers/STM32G4xx_HAL_Driver/Src/stm32g4xx_hal_rcc_ex.c ****       
1176:Drivers/STM32G4xx_HAL_Driver/Src/stm32g4xx_hal_rcc_ex.c **** #endif /* USB */
1177:Drivers/STM32G4xx_HAL_Driver/Src/stm32g4xx_hal_rcc_ex.c **** 
1178:Drivers/STM32G4xx_HAL_Driver/Src/stm32g4xx_hal_rcc_ex.c ****     case RCC_PERIPHCLK_RNG:
1179:Drivers/STM32G4xx_HAL_Driver/Src/stm32g4xx_hal_rcc_ex.c ****       /* Get the current RNG source */
1180:Drivers/STM32G4xx_HAL_Driver/Src/stm32g4xx_hal_rcc_ex.c ****       srcclk = __HAL_RCC_GET_RNG_SOURCE();
1181:Drivers/STM32G4xx_HAL_Driver/Src/stm32g4xx_hal_rcc_ex.c **** 
1182:Drivers/STM32G4xx_HAL_Driver/Src/stm32g4xx_hal_rcc_ex.c ****       if(srcclk == RCC_RNGCLKSOURCE_PLL)  /* PLL ? */
1183:Drivers/STM32G4xx_HAL_Driver/Src/stm32g4xx_hal_rcc_ex.c ****       {
1184:Drivers/STM32G4xx_HAL_Driver/Src/stm32g4xx_hal_rcc_ex.c ****         /* f(PLLQ) = f(VCO input) * PLLN / PLLQ */
1185:Drivers/STM32G4xx_HAL_Driver/Src/stm32g4xx_hal_rcc_ex.c ****         plln = READ_BIT(RCC->PLLCFGR, RCC_PLLCFGR_PLLN) >> RCC_PLLCFGR_PLLN_Pos;
1186:Drivers/STM32G4xx_HAL_Driver/Src/stm32g4xx_hal_rcc_ex.c ****         frequency = (pllvco * plln) / (((READ_BIT(RCC->PLLCFGR, RCC_PLLCFGR_PLLQ) >> RCC_PLLCFGR_PL
1187:Drivers/STM32G4xx_HAL_Driver/Src/stm32g4xx_hal_rcc_ex.c ****       }
1188:Drivers/STM32G4xx_HAL_Driver/Src/stm32g4xx_hal_rcc_ex.c ****       else if( (HAL_IS_BIT_SET(RCC->CRRCR, RCC_CRRCR_HSI48RDY)) && (srcclk == RCC_RNGCLKSOURCE_HSI4
1189:Drivers/STM32G4xx_HAL_Driver/Src/stm32g4xx_hal_rcc_ex.c ****       {
1190:Drivers/STM32G4xx_HAL_Driver/Src/stm32g4xx_hal_rcc_ex.c ****         frequency = HSI48_VALUE;
1191:Drivers/STM32G4xx_HAL_Driver/Src/stm32g4xx_hal_rcc_ex.c ****       }
1192:Drivers/STM32G4xx_HAL_Driver/Src/stm32g4xx_hal_rcc_ex.c ****       else /* No clock source */
1193:Drivers/STM32G4xx_HAL_Driver/Src/stm32g4xx_hal_rcc_ex.c ****       {
1194:Drivers/STM32G4xx_HAL_Driver/Src/stm32g4xx_hal_rcc_ex.c ****         /* nothing to do: frequency already initialized to 0 */
1195:Drivers/STM32G4xx_HAL_Driver/Src/stm32g4xx_hal_rcc_ex.c ****       }
1196:Drivers/STM32G4xx_HAL_Driver/Src/stm32g4xx_hal_rcc_ex.c ****       break;
1197:Drivers/STM32G4xx_HAL_Driver/Src/stm32g4xx_hal_rcc_ex.c **** 
1198:Drivers/STM32G4xx_HAL_Driver/Src/stm32g4xx_hal_rcc_ex.c ****     case RCC_PERIPHCLK_ADC12:
1199:Drivers/STM32G4xx_HAL_Driver/Src/stm32g4xx_hal_rcc_ex.c ****       /* Get the current ADC12 source */
1200:Drivers/STM32G4xx_HAL_Driver/Src/stm32g4xx_hal_rcc_ex.c ****       srcclk = __HAL_RCC_GET_ADC12_SOURCE();
1201:Drivers/STM32G4xx_HAL_Driver/Src/stm32g4xx_hal_rcc_ex.c ****       
1202:Drivers/STM32G4xx_HAL_Driver/Src/stm32g4xx_hal_rcc_ex.c ****       if(srcclk == RCC_ADC12CLKSOURCE_PLL)
1203:Drivers/STM32G4xx_HAL_Driver/Src/stm32g4xx_hal_rcc_ex.c ****       {
1204:Drivers/STM32G4xx_HAL_Driver/Src/stm32g4xx_hal_rcc_ex.c ****         if(__HAL_RCC_GET_PLLCLKOUT_CONFIG(RCC_PLL_ADCCLK) != 0U)
1205:Drivers/STM32G4xx_HAL_Driver/Src/stm32g4xx_hal_rcc_ex.c ****         {
1206:Drivers/STM32G4xx_HAL_Driver/Src/stm32g4xx_hal_rcc_ex.c ****           /* f(PLLP) = f(VCO input) * PLLN / PLLP */
ARM GAS  /tmp/ccaJoL7I.s 			page 40


1207:Drivers/STM32G4xx_HAL_Driver/Src/stm32g4xx_hal_rcc_ex.c ****           plln = READ_BIT(RCC->PLLCFGR, RCC_PLLCFGR_PLLN) >> RCC_PLLCFGR_PLLN_Pos;
1208:Drivers/STM32G4xx_HAL_Driver/Src/stm32g4xx_hal_rcc_ex.c ****           pllp = READ_BIT(RCC->PLLCFGR, RCC_PLLCFGR_PLLPDIV) >> RCC_PLLCFGR_PLLPDIV_Pos;
1209:Drivers/STM32G4xx_HAL_Driver/Src/stm32g4xx_hal_rcc_ex.c ****           if(pllp == 0U)
1210:Drivers/STM32G4xx_HAL_Driver/Src/stm32g4xx_hal_rcc_ex.c ****           {
1211:Drivers/STM32G4xx_HAL_Driver/Src/stm32g4xx_hal_rcc_ex.c ****             if(READ_BIT(RCC->PLLCFGR, RCC_PLLCFGR_PLLP) != 0U)
1212:Drivers/STM32G4xx_HAL_Driver/Src/stm32g4xx_hal_rcc_ex.c ****             {
1213:Drivers/STM32G4xx_HAL_Driver/Src/stm32g4xx_hal_rcc_ex.c ****               pllp = 17U;
1214:Drivers/STM32G4xx_HAL_Driver/Src/stm32g4xx_hal_rcc_ex.c ****             }
1215:Drivers/STM32G4xx_HAL_Driver/Src/stm32g4xx_hal_rcc_ex.c ****             else
1216:Drivers/STM32G4xx_HAL_Driver/Src/stm32g4xx_hal_rcc_ex.c ****             {
1217:Drivers/STM32G4xx_HAL_Driver/Src/stm32g4xx_hal_rcc_ex.c ****               pllp = 7U;
1218:Drivers/STM32G4xx_HAL_Driver/Src/stm32g4xx_hal_rcc_ex.c ****             }
1219:Drivers/STM32G4xx_HAL_Driver/Src/stm32g4xx_hal_rcc_ex.c ****           }
1220:Drivers/STM32G4xx_HAL_Driver/Src/stm32g4xx_hal_rcc_ex.c ****           frequency = (pllvco * plln) / pllp;
1221:Drivers/STM32G4xx_HAL_Driver/Src/stm32g4xx_hal_rcc_ex.c ****         }
1222:Drivers/STM32G4xx_HAL_Driver/Src/stm32g4xx_hal_rcc_ex.c ****       }
1223:Drivers/STM32G4xx_HAL_Driver/Src/stm32g4xx_hal_rcc_ex.c ****       else if(srcclk == RCC_ADC12CLKSOURCE_SYSCLK)
1224:Drivers/STM32G4xx_HAL_Driver/Src/stm32g4xx_hal_rcc_ex.c ****       {
1225:Drivers/STM32G4xx_HAL_Driver/Src/stm32g4xx_hal_rcc_ex.c ****         frequency = HAL_RCC_GetSysClockFreq();
1226:Drivers/STM32G4xx_HAL_Driver/Src/stm32g4xx_hal_rcc_ex.c ****       }
1227:Drivers/STM32G4xx_HAL_Driver/Src/stm32g4xx_hal_rcc_ex.c ****       /* Clock not enabled for ADC12 */
1228:Drivers/STM32G4xx_HAL_Driver/Src/stm32g4xx_hal_rcc_ex.c ****       else
1229:Drivers/STM32G4xx_HAL_Driver/Src/stm32g4xx_hal_rcc_ex.c ****       {
1230:Drivers/STM32G4xx_HAL_Driver/Src/stm32g4xx_hal_rcc_ex.c ****         /* nothing to do: frequency already initialized to 0 */
1231:Drivers/STM32G4xx_HAL_Driver/Src/stm32g4xx_hal_rcc_ex.c ****       }
1232:Drivers/STM32G4xx_HAL_Driver/Src/stm32g4xx_hal_rcc_ex.c ****       break;
1233:Drivers/STM32G4xx_HAL_Driver/Src/stm32g4xx_hal_rcc_ex.c **** 
1234:Drivers/STM32G4xx_HAL_Driver/Src/stm32g4xx_hal_rcc_ex.c **** #if defined(ADC345_COMMON)
1235:Drivers/STM32G4xx_HAL_Driver/Src/stm32g4xx_hal_rcc_ex.c ****     case RCC_PERIPHCLK_ADC345:
1236:Drivers/STM32G4xx_HAL_Driver/Src/stm32g4xx_hal_rcc_ex.c ****       /* Get the current ADC345 source */
1237:Drivers/STM32G4xx_HAL_Driver/Src/stm32g4xx_hal_rcc_ex.c ****       srcclk = __HAL_RCC_GET_ADC345_SOURCE();
 944              		.loc 1 1237 7 is_stmt 1 view .LVU313
 945              		.loc 1 1237 16 is_stmt 0 view .LVU314
 946 00e4 D1F88820 		ldr	r2, [r1, #136]
 947              		.loc 1 1237 14 view .LVU315
 948 00e8 02F04042 		and	r2, r2, #-1073741824
 949              	.LVL37:
1238:Drivers/STM32G4xx_HAL_Driver/Src/stm32g4xx_hal_rcc_ex.c ****       
1239:Drivers/STM32G4xx_HAL_Driver/Src/stm32g4xx_hal_rcc_ex.c ****       if(srcclk == RCC_ADC345CLKSOURCE_PLL)
 950              		.loc 1 1239 7 is_stmt 1 view .LVU316
 951              		.loc 1 1239 9 is_stmt 0 view .LVU317
 952 00ec B2F1804F 		cmp	r2, #1073741824
 953 00f0 00F0A581 		beq	.L387
1240:Drivers/STM32G4xx_HAL_Driver/Src/stm32g4xx_hal_rcc_ex.c ****       {
1241:Drivers/STM32G4xx_HAL_Driver/Src/stm32g4xx_hal_rcc_ex.c ****         if(__HAL_RCC_GET_PLLCLKOUT_CONFIG(RCC_PLL_ADCCLK) != 0U)
1242:Drivers/STM32G4xx_HAL_Driver/Src/stm32g4xx_hal_rcc_ex.c ****         {
1243:Drivers/STM32G4xx_HAL_Driver/Src/stm32g4xx_hal_rcc_ex.c ****           /* f(PLLP) = f(VCO input) * PLLN / PLLP */
1244:Drivers/STM32G4xx_HAL_Driver/Src/stm32g4xx_hal_rcc_ex.c ****           plln = READ_BIT(RCC->PLLCFGR, RCC_PLLCFGR_PLLN) >> RCC_PLLCFGR_PLLN_Pos;
1245:Drivers/STM32G4xx_HAL_Driver/Src/stm32g4xx_hal_rcc_ex.c ****           pllp = READ_BIT(RCC->PLLCFGR, RCC_PLLCFGR_PLLPDIV) >> RCC_PLLCFGR_PLLPDIV_Pos;
1246:Drivers/STM32G4xx_HAL_Driver/Src/stm32g4xx_hal_rcc_ex.c ****           if(pllp == 0U)
1247:Drivers/STM32G4xx_HAL_Driver/Src/stm32g4xx_hal_rcc_ex.c ****           {
1248:Drivers/STM32G4xx_HAL_Driver/Src/stm32g4xx_hal_rcc_ex.c ****             if(READ_BIT(RCC->PLLCFGR, RCC_PLLCFGR_PLLP) != 0U)
1249:Drivers/STM32G4xx_HAL_Driver/Src/stm32g4xx_hal_rcc_ex.c ****             {
1250:Drivers/STM32G4xx_HAL_Driver/Src/stm32g4xx_hal_rcc_ex.c ****               pllp = 17U;
1251:Drivers/STM32G4xx_HAL_Driver/Src/stm32g4xx_hal_rcc_ex.c ****             }
1252:Drivers/STM32G4xx_HAL_Driver/Src/stm32g4xx_hal_rcc_ex.c ****             else
1253:Drivers/STM32G4xx_HAL_Driver/Src/stm32g4xx_hal_rcc_ex.c ****             {
ARM GAS  /tmp/ccaJoL7I.s 			page 41


1254:Drivers/STM32G4xx_HAL_Driver/Src/stm32g4xx_hal_rcc_ex.c ****               pllp = 7U;
1255:Drivers/STM32G4xx_HAL_Driver/Src/stm32g4xx_hal_rcc_ex.c ****             }
1256:Drivers/STM32G4xx_HAL_Driver/Src/stm32g4xx_hal_rcc_ex.c ****           }
1257:Drivers/STM32G4xx_HAL_Driver/Src/stm32g4xx_hal_rcc_ex.c ****           frequency = (pllvco * plln) / pllp;
1258:Drivers/STM32G4xx_HAL_Driver/Src/stm32g4xx_hal_rcc_ex.c ****         }
1259:Drivers/STM32G4xx_HAL_Driver/Src/stm32g4xx_hal_rcc_ex.c ****       }
1260:Drivers/STM32G4xx_HAL_Driver/Src/stm32g4xx_hal_rcc_ex.c ****       else if(srcclk == RCC_ADC345CLKSOURCE_SYSCLK)
 954              		.loc 1 1260 12 is_stmt 1 view .LVU318
 955              		.loc 1 1260 14 is_stmt 0 view .LVU319
 956 00f4 B2F1004F 		cmp	r2, #-2147483648
 957 00f8 DBD1     		bne	.L124
 958              	.LVL38:
 959              	.L157:
 767:Drivers/STM32G4xx_HAL_Driver/Src/stm32g4xx_hal_rcc_ex.c ****       }
 960              		.loc 1 767 9 is_stmt 1 view .LVU320
 767:Drivers/STM32G4xx_HAL_Driver/Src/stm32g4xx_hal_rcc_ex.c ****       }
 961              		.loc 1 767 21 is_stmt 0 view .LVU321
 962 00fa FFF7FEBF 		b	HAL_RCC_GetSysClockFreq
 963              	.LVL39:
 964              	.L383:
 699:Drivers/STM32G4xx_HAL_Driver/Src/stm32g4xx_hal_rcc_ex.c ****     {
 965              		.loc 1 699 54 discriminator 1 view .LVU322
 966 00fe B3F5807F 		cmp	r3, #256
 967 0102 CDD1     		bne	.L121
 701:Drivers/STM32G4xx_HAL_Driver/Src/stm32g4xx_hal_rcc_ex.c ****     }
 968              		.loc 1 701 17 view .LVU323
 969 0104 4FF40040 		mov	r0, #32768
 970              	.LVL40:
 701:Drivers/STM32G4xx_HAL_Driver/Src/stm32g4xx_hal_rcc_ex.c ****     }
 971              		.loc 1 701 17 view .LVU324
 972 0108 7047     		bx	lr
 973              	.LVL41:
 974              	.L384:
 704:Drivers/STM32G4xx_HAL_Driver/Src/stm32g4xx_hal_rcc_ex.c ****     {
 975              		.loc 1 704 57 discriminator 1 view .LVU325
 976 010a B3F5007F 		cmp	r3, #512
 977 010e CCD1     		bne	.L123
 978              	.LVL42:
 979              	.L166:
 706:Drivers/STM32G4xx_HAL_Driver/Src/stm32g4xx_hal_rcc_ex.c ****     }
 980              		.loc 1 706 17 view .LVU326
 981 0110 4FF4FA40 		mov	r0, #32000
 982 0114 7047     		bx	lr
 983              	.LVL43:
 984              	.L386:
 754:Drivers/STM32G4xx_HAL_Driver/Src/stm32g4xx_hal_rcc_ex.c ****     {
 985              		.loc 1 754 5 view .LVU327
 986 0116 B0F5805F 		cmp	r0, #4096
 987 011a 00F08580 		beq	.L142
 988 011e 40D8     		bhi	.L143
 989 0120 B0F5806F 		cmp	r0, #1024
 990 0124 64D0     		beq	.L144
 991 0126 B0F5006F 		cmp	r0, #2048
 992 012a C2D1     		bne	.L124
1092:Drivers/STM32G4xx_HAL_Driver/Src/stm32g4xx_hal_rcc_ex.c **** 
 993              		.loc 1 1092 7 is_stmt 1 view .LVU328
1092:Drivers/STM32G4xx_HAL_Driver/Src/stm32g4xx_hal_rcc_ex.c **** 
ARM GAS  /tmp/ccaJoL7I.s 			page 42


 994              		.loc 1 1092 16 is_stmt 0 view .LVU329
 995 012c D1F88820 		ldr	r2, [r1, #136]
 996              	.LVL44:
1094:Drivers/STM32G4xx_HAL_Driver/Src/stm32g4xx_hal_rcc_ex.c ****       {
 997              		.loc 1 1094 7 is_stmt 1 view .LVU330
1094:Drivers/STM32G4xx_HAL_Driver/Src/stm32g4xx_hal_rcc_ex.c ****       {
 998              		.loc 1 1094 9 is_stmt 0 view .LVU331
 999 0130 12F44002 		ands	r2, r2, #12582912
 1000              	.LVL45:
1094:Drivers/STM32G4xx_HAL_Driver/Src/stm32g4xx_hal_rcc_ex.c ****       {
 1001              		.loc 1 1094 9 view .LVU332
 1002 0134 E1D0     		beq	.L157
1098:Drivers/STM32G4xx_HAL_Driver/Src/stm32g4xx_hal_rcc_ex.c ****       {
 1003              		.loc 1 1098 12 is_stmt 1 view .LVU333
1098:Drivers/STM32G4xx_HAL_Driver/Src/stm32g4xx_hal_rcc_ex.c ****       {
 1004              		.loc 1 1098 14 is_stmt 0 view .LVU334
 1005 0136 B2F5800F 		cmp	r2, #4194304
 1006 013a 00F0E481 		beq	.L388
1107:Drivers/STM32G4xx_HAL_Driver/Src/stm32g4xx_hal_rcc_ex.c ****       {
 1007              		.loc 1 1107 12 is_stmt 1 view .LVU335
1107:Drivers/STM32G4xx_HAL_Driver/Src/stm32g4xx_hal_rcc_ex.c ****       {
 1008              		.loc 1 1107 14 is_stmt 0 view .LVU336
 1009 013e B2F5000F 		cmp	r2, #8388608
 1010 0142 62D0     		beq	.L169
 1011              	.L377:
1112:Drivers/STM32G4xx_HAL_Driver/Src/stm32g4xx_hal_rcc_ex.c ****       {
 1012              		.loc 1 1112 12 is_stmt 1 view .LVU337
1112:Drivers/STM32G4xx_HAL_Driver/Src/stm32g4xx_hal_rcc_ex.c ****       {
 1013              		.loc 1 1112 16 is_stmt 0 view .LVU338
 1014 0144 544B     		ldr	r3, .L392
 686:Drivers/STM32G4xx_HAL_Driver/Src/stm32g4xx_hal_rcc_ex.c ****   uint32_t srcclk;
 1015              		.loc 1 686 12 view .LVU339
 1016 0146 5548     		ldr	r0, .L392+4
 1017              	.LVL46:
1112:Drivers/STM32G4xx_HAL_Driver/Src/stm32g4xx_hal_rcc_ex.c ****       {
 1018              		.loc 1 1112 16 view .LVU340
 1019 0148 1B68     		ldr	r3, [r3]
 686:Drivers/STM32G4xx_HAL_Driver/Src/stm32g4xx_hal_rcc_ex.c ****   uint32_t srcclk;
 1020              		.loc 1 686 12 view .LVU341
 1021 014a 13F4806F 		tst	r3, #1024
 1022 014e 08BF     		it	eq
 1023 0150 0020     		moveq	r0, #0
 1024 0152 7047     		bx	lr
 1025              	.LVL47:
 1026              	.L385:
 686:Drivers/STM32G4xx_HAL_Driver/Src/stm32g4xx_hal_rcc_ex.c ****   uint32_t srcclk;
 1027              		.loc 1 686 12 view .LVU342
 1028 0154 B3F5407F 		cmp	r3, #768
 1029 0158 5148     		ldr	r0, .L392+8
 1030 015a 18BF     		it	ne
 1031 015c 0020     		movne	r0, #0
 1032 015e 7047     		bx	lr
 1033              	.LVL48:
 1034              	.L382:
 737:Drivers/STM32G4xx_HAL_Driver/Src/stm32g4xx_hal_rcc_ex.c ****       {
 1035              		.loc 1 737 7 is_stmt 1 view .LVU343
 737:Drivers/STM32G4xx_HAL_Driver/Src/stm32g4xx_hal_rcc_ex.c ****       {
ARM GAS  /tmp/ccaJoL7I.s 			page 43


 1036              		.loc 1 737 10 is_stmt 0 view .LVU344
 1037 0160 1268     		ldr	r2, [r2]
 732:Drivers/STM32G4xx_HAL_Driver/Src/stm32g4xx_hal_rcc_ex.c ****       }
 1038              		.loc 1 732 16 view .LVU345
 1039 0162 504B     		ldr	r3, .L392+12
 1040 0164 12F4003F 		tst	r2, #131072
 1041 0168 08BF     		it	eq
 1042 016a 0023     		moveq	r3, #0
 1043 016c 58E7     		b	.L126
 1044              	.LVL49:
 1045              	.L129:
 754:Drivers/STM32G4xx_HAL_Driver/Src/stm32g4xx_hal_rcc_ex.c ****     {
 1046              		.loc 1 754 5 view .LVU346
 1047 016e 8028     		cmp	r0, #128
 1048 0170 00F01A81 		beq	.L137
 1049 0174 B0F5807F 		cmp	r0, #256
 1050 0178 27D0     		beq	.L138
 1051 017a 4028     		cmp	r0, #64
 1052 017c 99D1     		bne	.L124
 927:Drivers/STM32G4xx_HAL_Driver/Src/stm32g4xx_hal_rcc_ex.c **** 
 1053              		.loc 1 927 7 is_stmt 1 view .LVU347
 927:Drivers/STM32G4xx_HAL_Driver/Src/stm32g4xx_hal_rcc_ex.c **** 
 1054              		.loc 1 927 16 is_stmt 0 view .LVU348
 1055 017e D1F88830 		ldr	r3, [r1, #136]
 1056              	.LVL50:
 929:Drivers/STM32G4xx_HAL_Driver/Src/stm32g4xx_hal_rcc_ex.c ****       {
 1057              		.loc 1 929 7 is_stmt 1 view .LVU349
 929:Drivers/STM32G4xx_HAL_Driver/Src/stm32g4xx_hal_rcc_ex.c ****       {
 1058              		.loc 1 929 9 is_stmt 0 view .LVU350
 1059 0182 13F44053 		ands	r3, r3, #12288
 1060              	.LVL51:
 929:Drivers/STM32G4xx_HAL_Driver/Src/stm32g4xx_hal_rcc_ex.c ****       {
 1061              		.loc 1 929 9 view .LVU351
 1062 0186 00F0E780 		beq	.L160
 933:Drivers/STM32G4xx_HAL_Driver/Src/stm32g4xx_hal_rcc_ex.c ****       {
 1063              		.loc 1 933 12 is_stmt 1 view .LVU352
 933:Drivers/STM32G4xx_HAL_Driver/Src/stm32g4xx_hal_rcc_ex.c ****       {
 1064              		.loc 1 933 14 is_stmt 0 view .LVU353
 1065 018a B3F5805F 		cmp	r3, #4096
 1066 018e B4D0     		beq	.L157
 937:Drivers/STM32G4xx_HAL_Driver/Src/stm32g4xx_hal_rcc_ex.c ****       {
 1067              		.loc 1 937 12 is_stmt 1 view .LVU354
 937:Drivers/STM32G4xx_HAL_Driver/Src/stm32g4xx_hal_rcc_ex.c ****       {
 1068              		.loc 1 937 16 is_stmt 0 view .LVU355
 1069 0190 0A68     		ldr	r2, [r1]
 937:Drivers/STM32G4xx_HAL_Driver/Src/stm32g4xx_hal_rcc_ex.c ****       {
 1070              		.loc 1 937 14 view .LVU356
 1071 0192 5205     		lsls	r2, r2, #21
 1072 0194 8DD5     		bpl	.L124
 686:Drivers/STM32G4xx_HAL_Driver/Src/stm32g4xx_hal_rcc_ex.c ****   uint32_t srcclk;
 1073              		.loc 1 686 12 view .LVU357
 1074 0196 B3F5005F 		cmp	r3, #8192
 1075 019a 4048     		ldr	r0, .L392+4
 1076              	.LVL52:
 686:Drivers/STM32G4xx_HAL_Driver/Src/stm32g4xx_hal_rcc_ex.c ****   uint32_t srcclk;
 1077              		.loc 1 686 12 view .LVU358
 1078 019c 18BF     		it	ne
ARM GAS  /tmp/ccaJoL7I.s 			page 44


 1079 019e 0020     		movne	r0, #0
 1080 01a0 7047     		bx	lr
 1081              	.LVL53:
 1082              	.L143:
 754:Drivers/STM32G4xx_HAL_Driver/Src/stm32g4xx_hal_rcc_ex.c ****     {
 1083              		.loc 1 754 5 view .LVU359
 1084 01a2 B0F5005F 		cmp	r0, #8192
 1085 01a6 84D1     		bne	.L124
 1086              	.L140:
1180:Drivers/STM32G4xx_HAL_Driver/Src/stm32g4xx_hal_rcc_ex.c **** 
 1087              		.loc 1 1180 7 is_stmt 1 view .LVU360
1180:Drivers/STM32G4xx_HAL_Driver/Src/stm32g4xx_hal_rcc_ex.c **** 
 1088              		.loc 1 1180 16 is_stmt 0 view .LVU361
 1089 01a8 D1F88820 		ldr	r2, [r1, #136]
1180:Drivers/STM32G4xx_HAL_Driver/Src/stm32g4xx_hal_rcc_ex.c **** 
 1090              		.loc 1 1180 14 view .LVU362
 1091 01ac 02F04062 		and	r2, r2, #201326592
 1092              	.LVL54:
1182:Drivers/STM32G4xx_HAL_Driver/Src/stm32g4xx_hal_rcc_ex.c ****       {
 1093              		.loc 1 1182 7 is_stmt 1 view .LVU363
1182:Drivers/STM32G4xx_HAL_Driver/Src/stm32g4xx_hal_rcc_ex.c ****       {
 1094              		.loc 1 1182 9 is_stmt 0 view .LVU364
 1095 01b0 B2F1006F 		cmp	r2, #134217728
 1096 01b4 4BD0     		beq	.L375
1188:Drivers/STM32G4xx_HAL_Driver/Src/stm32g4xx_hal_rcc_ex.c ****       {
 1097              		.loc 1 1188 12 is_stmt 1 view .LVU365
1188:Drivers/STM32G4xx_HAL_Driver/Src/stm32g4xx_hal_rcc_ex.c ****       {
 1098              		.loc 1 1188 17 is_stmt 0 view .LVU366
 1099 01b6 D1F89830 		ldr	r3, [r1, #152]
1188:Drivers/STM32G4xx_HAL_Driver/Src/stm32g4xx_hal_rcc_ex.c ****       {
 1100              		.loc 1 1188 14 view .LVU367
 1101 01ba 9B07     		lsls	r3, r3, #30
 1102 01bc 7FF579AF 		bpl	.L124
 686:Drivers/STM32G4xx_HAL_Driver/Src/stm32g4xx_hal_rcc_ex.c ****   uint32_t srcclk;
 1103              		.loc 1 686 12 view .LVU368
 1104 01c0 002A     		cmp	r2, #0
 1105 01c2 3948     		ldr	r0, .L392+16
 1106              	.LVL55:
 686:Drivers/STM32G4xx_HAL_Driver/Src/stm32g4xx_hal_rcc_ex.c ****   uint32_t srcclk;
 1107              		.loc 1 686 12 view .LVU369
 1108 01c4 18BF     		it	ne
 1109 01c6 0020     		movne	r0, #0
 1110 01c8 7047     		bx	lr
 1111              	.LVL56:
 1112              	.L138:
 975:Drivers/STM32G4xx_HAL_Driver/Src/stm32g4xx_hal_rcc_ex.c **** 
 1113              		.loc 1 975 7 is_stmt 1 view .LVU370
 975:Drivers/STM32G4xx_HAL_Driver/Src/stm32g4xx_hal_rcc_ex.c **** 
 1114              		.loc 1 975 16 is_stmt 0 view .LVU371
 1115 01ca D1F88830 		ldr	r3, [r1, #136]
 1116              	.LVL57:
 977:Drivers/STM32G4xx_HAL_Driver/Src/stm32g4xx_hal_rcc_ex.c ****       {
 1117              		.loc 1 977 7 is_stmt 1 view .LVU372
 977:Drivers/STM32G4xx_HAL_Driver/Src/stm32g4xx_hal_rcc_ex.c ****       {
 1118              		.loc 1 977 9 is_stmt 0 view .LVU373
 1119 01ce 13F44033 		ands	r3, r3, #196608
 1120              	.LVL58:
ARM GAS  /tmp/ccaJoL7I.s 			page 45


 977:Drivers/STM32G4xx_HAL_Driver/Src/stm32g4xx_hal_rcc_ex.c ****       {
 1121              		.loc 1 977 9 view .LVU374
 1122 01d2 00F0C180 		beq	.L160
 981:Drivers/STM32G4xx_HAL_Driver/Src/stm32g4xx_hal_rcc_ex.c ****       {
 1123              		.loc 1 981 12 is_stmt 1 view .LVU375
 981:Drivers/STM32G4xx_HAL_Driver/Src/stm32g4xx_hal_rcc_ex.c ****       {
 1124              		.loc 1 981 14 is_stmt 0 view .LVU376
 1125 01d6 B3F5803F 		cmp	r3, #65536
 1126 01da 8ED0     		beq	.L157
 985:Drivers/STM32G4xx_HAL_Driver/Src/stm32g4xx_hal_rcc_ex.c ****       {
 1127              		.loc 1 985 12 is_stmt 1 view .LVU377
 985:Drivers/STM32G4xx_HAL_Driver/Src/stm32g4xx_hal_rcc_ex.c ****       {
 1128              		.loc 1 985 16 is_stmt 0 view .LVU378
 1129 01dc 0A68     		ldr	r2, [r1]
 985:Drivers/STM32G4xx_HAL_Driver/Src/stm32g4xx_hal_rcc_ex.c ****       {
 1130              		.loc 1 985 14 view .LVU379
 1131 01de 5105     		lsls	r1, r2, #21
 1132 01e0 7FF567AF 		bpl	.L124
 686:Drivers/STM32G4xx_HAL_Driver/Src/stm32g4xx_hal_rcc_ex.c ****   uint32_t srcclk;
 1133              		.loc 1 686 12 view .LVU380
 1134 01e4 B3F5003F 		cmp	r3, #131072
 1135 01e8 2C48     		ldr	r0, .L392+4
 1136              	.LVL59:
 686:Drivers/STM32G4xx_HAL_Driver/Src/stm32g4xx_hal_rcc_ex.c ****   uint32_t srcclk;
 1137              		.loc 1 686 12 view .LVU381
 1138 01ea 18BF     		it	ne
 1139 01ec 0020     		movne	r0, #0
 1140 01ee 7047     		bx	lr
 1141              	.LVL60:
 1142              	.L144:
1056:Drivers/STM32G4xx_HAL_Driver/Src/stm32g4xx_hal_rcc_ex.c **** 
 1143              		.loc 1 1056 7 is_stmt 1 view .LVU382
1056:Drivers/STM32G4xx_HAL_Driver/Src/stm32g4xx_hal_rcc_ex.c **** 
 1144              		.loc 1 1056 16 is_stmt 0 view .LVU383
 1145 01f0 D1F88820 		ldr	r2, [r1, #136]
 1146              	.LVL61:
1058:Drivers/STM32G4xx_HAL_Driver/Src/stm32g4xx_hal_rcc_ex.c ****       {
 1147              		.loc 1 1058 7 is_stmt 1 view .LVU384
1058:Drivers/STM32G4xx_HAL_Driver/Src/stm32g4xx_hal_rcc_ex.c ****       {
 1148              		.loc 1 1058 9 is_stmt 0 view .LVU385
 1149 01f4 12F44012 		ands	r2, r2, #3145728
 1150              	.LVL62:
1058:Drivers/STM32G4xx_HAL_Driver/Src/stm32g4xx_hal_rcc_ex.c ****       {
 1151              		.loc 1 1058 9 view .LVU386
 1152 01f8 3FF47FAF 		beq	.L157
1062:Drivers/STM32G4xx_HAL_Driver/Src/stm32g4xx_hal_rcc_ex.c ****       {
 1153              		.loc 1 1062 12 is_stmt 1 view .LVU387
1062:Drivers/STM32G4xx_HAL_Driver/Src/stm32g4xx_hal_rcc_ex.c ****       {
 1154              		.loc 1 1062 14 is_stmt 0 view .LVU388
 1155 01fc B2F5801F 		cmp	r2, #1048576
 1156 0200 00F07981 		beq	.L389
1071:Drivers/STM32G4xx_HAL_Driver/Src/stm32g4xx_hal_rcc_ex.c ****       {
 1157              		.loc 1 1071 12 is_stmt 1 view .LVU389
1071:Drivers/STM32G4xx_HAL_Driver/Src/stm32g4xx_hal_rcc_ex.c ****       {
 1158              		.loc 1 1071 14 is_stmt 0 view .LVU390
 1159 0204 B2F5001F 		cmp	r2, #2097152
 1160 0208 9CD1     		bne	.L377
ARM GAS  /tmp/ccaJoL7I.s 			page 46


 1161              	.L169:
1074:Drivers/STM32G4xx_HAL_Driver/Src/stm32g4xx_hal_rcc_ex.c ****       }
 1162              		.loc 1 1074 19 view .LVU391
 1163 020a 2848     		ldr	r0, .L392+20
 1164              	.LVL63:
1074:Drivers/STM32G4xx_HAL_Driver/Src/stm32g4xx_hal_rcc_ex.c ****       }
 1165              		.loc 1 1074 19 view .LVU392
 1166 020c 7047     		bx	lr
 1167              	.LVL64:
 1168              	.L149:
1200:Drivers/STM32G4xx_HAL_Driver/Src/stm32g4xx_hal_rcc_ex.c ****       
 1169              		.loc 1 1200 7 is_stmt 1 view .LVU393
1200:Drivers/STM32G4xx_HAL_Driver/Src/stm32g4xx_hal_rcc_ex.c ****       
 1170              		.loc 1 1200 16 is_stmt 0 view .LVU394
 1171 020e D1F88820 		ldr	r2, [r1, #136]
1200:Drivers/STM32G4xx_HAL_Driver/Src/stm32g4xx_hal_rcc_ex.c ****       
 1172              		.loc 1 1200 14 view .LVU395
 1173 0212 02F04052 		and	r2, r2, #805306368
 1174              	.LVL65:
1202:Drivers/STM32G4xx_HAL_Driver/Src/stm32g4xx_hal_rcc_ex.c ****       {
 1175              		.loc 1 1202 7 is_stmt 1 view .LVU396
1202:Drivers/STM32G4xx_HAL_Driver/Src/stm32g4xx_hal_rcc_ex.c ****       {
 1176              		.loc 1 1202 9 is_stmt 0 view .LVU397
 1177 0216 B2F1805F 		cmp	r2, #268435456
 1178 021a 00F0FA80 		beq	.L390
1223:Drivers/STM32G4xx_HAL_Driver/Src/stm32g4xx_hal_rcc_ex.c ****       {
 1179              		.loc 1 1223 12 is_stmt 1 view .LVU398
1223:Drivers/STM32G4xx_HAL_Driver/Src/stm32g4xx_hal_rcc_ex.c ****       {
 1180              		.loc 1 1223 14 is_stmt 0 view .LVU399
 1181 021e B2F1005F 		cmp	r2, #536870912
 1182 0222 7FF446AF 		bne	.L124
 1183 0226 68E7     		b	.L157
 1184              	.LVL66:
 1185              	.L142:
1127:Drivers/STM32G4xx_HAL_Driver/Src/stm32g4xx_hal_rcc_ex.c **** 
 1186              		.loc 1 1127 7 is_stmt 1 view .LVU400
1127:Drivers/STM32G4xx_HAL_Driver/Src/stm32g4xx_hal_rcc_ex.c **** 
 1187              		.loc 1 1127 16 is_stmt 0 view .LVU401
 1188 0228 D1F88820 		ldr	r2, [r1, #136]
1127:Drivers/STM32G4xx_HAL_Driver/Src/stm32g4xx_hal_rcc_ex.c **** 
 1189              		.loc 1 1127 14 view .LVU402
 1190 022c 02F04072 		and	r2, r2, #50331648
 1191              	.LVL67:
1129:Drivers/STM32G4xx_HAL_Driver/Src/stm32g4xx_hal_rcc_ex.c ****       {
 1192              		.loc 1 1129 7 is_stmt 1 view .LVU403
1129:Drivers/STM32G4xx_HAL_Driver/Src/stm32g4xx_hal_rcc_ex.c ****       {
 1193              		.loc 1 1129 9 is_stmt 0 view .LVU404
 1194 0230 B2F1007F 		cmp	r2, #33554432
 1195 0234 00F09080 		beq	.L160
1133:Drivers/STM32G4xx_HAL_Driver/Src/stm32g4xx_hal_rcc_ex.c ****       {
 1196              		.loc 1 1133 12 is_stmt 1 view .LVU405
1133:Drivers/STM32G4xx_HAL_Driver/Src/stm32g4xx_hal_rcc_ex.c ****       {
 1197              		.loc 1 1133 14 is_stmt 0 view .LVU406
 1198 0238 002A     		cmp	r2, #0
 1199 023a 00F0A280 		beq	.L189
1137:Drivers/STM32G4xx_HAL_Driver/Src/stm32g4xx_hal_rcc_ex.c ****       {
 1200              		.loc 1 1137 12 is_stmt 1 view .LVU407
ARM GAS  /tmp/ccaJoL7I.s 			page 47


1137:Drivers/STM32G4xx_HAL_Driver/Src/stm32g4xx_hal_rcc_ex.c ****       {
 1201              		.loc 1 1137 14 is_stmt 0 view .LVU408
 1202 023e B2F1807F 		cmp	r2, #16777216
 1203 0242 7FF436AF 		bne	.L124
1139:Drivers/STM32G4xx_HAL_Driver/Src/stm32g4xx_hal_rcc_ex.c ****         {
 1204              		.loc 1 1139 9 is_stmt 1 view .LVU409
1139:Drivers/STM32G4xx_HAL_Driver/Src/stm32g4xx_hal_rcc_ex.c ****         {
 1205              		.loc 1 1139 12 is_stmt 0 view .LVU410
 1206 0246 CA68     		ldr	r2, [r1, #12]
 1207              	.LVL68:
1139:Drivers/STM32G4xx_HAL_Driver/Src/stm32g4xx_hal_rcc_ex.c ****         {
 1208              		.loc 1 1139 11 view .LVU411
 1209 0248 D202     		lsls	r2, r2, #11
 1210 024a 7FF532AF 		bpl	.L124
 1211              	.LVL69:
 1212              	.L375:
1261:Drivers/STM32G4xx_HAL_Driver/Src/stm32g4xx_hal_rcc_ex.c ****       {
1262:Drivers/STM32G4xx_HAL_Driver/Src/stm32g4xx_hal_rcc_ex.c ****         frequency = HAL_RCC_GetSysClockFreq();
1263:Drivers/STM32G4xx_HAL_Driver/Src/stm32g4xx_hal_rcc_ex.c ****       }
1264:Drivers/STM32G4xx_HAL_Driver/Src/stm32g4xx_hal_rcc_ex.c ****       /* Clock not enabled for ADC345 */
1265:Drivers/STM32G4xx_HAL_Driver/Src/stm32g4xx_hal_rcc_ex.c ****       else
1266:Drivers/STM32G4xx_HAL_Driver/Src/stm32g4xx_hal_rcc_ex.c ****       {
1267:Drivers/STM32G4xx_HAL_Driver/Src/stm32g4xx_hal_rcc_ex.c ****         /* nothing to do: frequency already initialized to 0 */
1268:Drivers/STM32G4xx_HAL_Driver/Src/stm32g4xx_hal_rcc_ex.c ****       }
1269:Drivers/STM32G4xx_HAL_Driver/Src/stm32g4xx_hal_rcc_ex.c ****       break;
1270:Drivers/STM32G4xx_HAL_Driver/Src/stm32g4xx_hal_rcc_ex.c **** #endif /* ADC345_COMMON */
1271:Drivers/STM32G4xx_HAL_Driver/Src/stm32g4xx_hal_rcc_ex.c **** 
1272:Drivers/STM32G4xx_HAL_Driver/Src/stm32g4xx_hal_rcc_ex.c **** #if defined(QUADSPI)
1273:Drivers/STM32G4xx_HAL_Driver/Src/stm32g4xx_hal_rcc_ex.c **** 
1274:Drivers/STM32G4xx_HAL_Driver/Src/stm32g4xx_hal_rcc_ex.c ****     case RCC_PERIPHCLK_QSPI:
1275:Drivers/STM32G4xx_HAL_Driver/Src/stm32g4xx_hal_rcc_ex.c ****       /* Get the current QSPI source */
1276:Drivers/STM32G4xx_HAL_Driver/Src/stm32g4xx_hal_rcc_ex.c ****       srcclk = __HAL_RCC_GET_QSPI_SOURCE();
1277:Drivers/STM32G4xx_HAL_Driver/Src/stm32g4xx_hal_rcc_ex.c ****       
1278:Drivers/STM32G4xx_HAL_Driver/Src/stm32g4xx_hal_rcc_ex.c ****       if(srcclk == RCC_QSPICLKSOURCE_PLL)  /* PLL ? */
1279:Drivers/STM32G4xx_HAL_Driver/Src/stm32g4xx_hal_rcc_ex.c ****       {
1280:Drivers/STM32G4xx_HAL_Driver/Src/stm32g4xx_hal_rcc_ex.c ****         /* f(PLLQ) = f(VCO input) * PLLN / PLLQ */
1281:Drivers/STM32G4xx_HAL_Driver/Src/stm32g4xx_hal_rcc_ex.c ****         plln = READ_BIT(RCC->PLLCFGR, RCC_PLLCFGR_PLLN) >> RCC_PLLCFGR_PLLN_Pos;
 1213              		.loc 1 1281 9 is_stmt 1 view .LVU412
 1214              		.loc 1 1281 16 is_stmt 0 view .LVU413
 1215 024e C868     		ldr	r0, [r1, #12]
 1216              	.LVL70:
1282:Drivers/STM32G4xx_HAL_Driver/Src/stm32g4xx_hal_rcc_ex.c ****         frequency = (pllvco * plln) / (((READ_BIT(RCC->PLLCFGR, RCC_PLLCFGR_PLLQ) >> RCC_PLLCFGR_PL
 1217              		.loc 1 1282 9 is_stmt 1 view .LVU414
 1218              		.loc 1 1282 42 is_stmt 0 view .LVU415
 1219 0250 CA68     		ldr	r2, [r1, #12]
 1220              	.LVL71:
 1221              	.L374:
 1222              		.loc 1 1282 83 view .LVU416
 1223 0252 C2F34152 		ubfx	r2, r2, #21, #2
 1224              		.loc 1 1282 108 view .LVU417
 1225 0256 0132     		adds	r2, r2, #1
1281:Drivers/STM32G4xx_HAL_Driver/Src/stm32g4xx_hal_rcc_ex.c ****         frequency = (pllvco * plln) / (((READ_BIT(RCC->PLLCFGR, RCC_PLLCFGR_PLLQ) >> RCC_PLLCFGR_PL
 1226              		.loc 1 1281 14 view .LVU418
 1227 0258 C0F30620 		ubfx	r0, r0, #8, #7
 1228              		.loc 1 1282 29 view .LVU419
 1229 025c 03FB00F0 		mul	r0, r3, r0
 1230              		.loc 1 1282 114 view .LVU420
ARM GAS  /tmp/ccaJoL7I.s 			page 48


 1231 0260 5300     		lsls	r3, r2, #1
 1232              		.loc 1 1282 19 view .LVU421
 1233 0262 B0FBF3F0 		udiv	r0, r0, r3
 1234              	.LVL72:
 1235              		.loc 1 1282 19 view .LVU422
 1236 0266 7047     		bx	lr
 1237              	.LVL73:
 1238              	.L130:
 900:Drivers/STM32G4xx_HAL_Driver/Src/stm32g4xx_hal_rcc_ex.c **** 
 1239              		.loc 1 900 7 is_stmt 1 view .LVU423
 900:Drivers/STM32G4xx_HAL_Driver/Src/stm32g4xx_hal_rcc_ex.c **** 
 1240              		.loc 1 900 16 is_stmt 0 view .LVU424
 1241 0268 0B4A     		ldr	r2, .L392
 1242 026a D2F88830 		ldr	r3, [r2, #136]
 1243              	.LVL74:
 902:Drivers/STM32G4xx_HAL_Driver/Src/stm32g4xx_hal_rcc_ex.c ****       {
 1244              		.loc 1 902 7 is_stmt 1 view .LVU425
 902:Drivers/STM32G4xx_HAL_Driver/Src/stm32g4xx_hal_rcc_ex.c ****       {
 1245              		.loc 1 902 9 is_stmt 0 view .LVU426
 1246 026e 13F44063 		ands	r3, r3, #3072
 1247              	.LVL75:
 902:Drivers/STM32G4xx_HAL_Driver/Src/stm32g4xx_hal_rcc_ex.c ****       {
 1248              		.loc 1 902 9 view .LVU427
 1249 0272 71D0     		beq	.L160
 906:Drivers/STM32G4xx_HAL_Driver/Src/stm32g4xx_hal_rcc_ex.c ****       {
 1250              		.loc 1 906 12 is_stmt 1 view .LVU428
 906:Drivers/STM32G4xx_HAL_Driver/Src/stm32g4xx_hal_rcc_ex.c ****       {
 1251              		.loc 1 906 14 is_stmt 0 view .LVU429
 1252 0274 B3F5806F 		cmp	r3, #1024
 1253 0278 3FF43FAF 		beq	.L157
 910:Drivers/STM32G4xx_HAL_Driver/Src/stm32g4xx_hal_rcc_ex.c ****       {
 1254              		.loc 1 910 12 is_stmt 1 view .LVU430
 910:Drivers/STM32G4xx_HAL_Driver/Src/stm32g4xx_hal_rcc_ex.c ****       {
 1255              		.loc 1 910 16 is_stmt 0 view .LVU431
 1256 027c 1168     		ldr	r1, [r2]
 910:Drivers/STM32G4xx_HAL_Driver/Src/stm32g4xx_hal_rcc_ex.c ****       {
 1257              		.loc 1 910 14 view .LVU432
 1258 027e 4805     		lsls	r0, r1, #21
 1259              	.LVL76:
 910:Drivers/STM32G4xx_HAL_Driver/Src/stm32g4xx_hal_rcc_ex.c ****       {
 1260              		.loc 1 910 14 view .LVU433
 1261 0280 40F11581 		bpl	.L164
 910:Drivers/STM32G4xx_HAL_Driver/Src/stm32g4xx_hal_rcc_ex.c ****       {
 1262              		.loc 1 910 56 discriminator 1 view .LVU434
 1263 0284 B3F5006F 		cmp	r3, #2048
 1264 0288 23D0     		beq	.L159
 1265              	.L373:
 914:Drivers/STM32G4xx_HAL_Driver/Src/stm32g4xx_hal_rcc_ex.c ****       {
 1266              		.loc 1 914 12 is_stmt 1 view .LVU435
 914:Drivers/STM32G4xx_HAL_Driver/Src/stm32g4xx_hal_rcc_ex.c ****       {
 1267              		.loc 1 914 16 is_stmt 0 view .LVU436
 1268 028a D2F89000 		ldr	r0, [r2, #144]
 914:Drivers/STM32G4xx_HAL_Driver/Src/stm32g4xx_hal_rcc_ex.c ****       {
 1269              		.loc 1 914 14 view .LVU437
 1270 028e C0F34000 		ubfx	r0, r0, #1, #1
 1271 0292 C003     		lsls	r0, r0, #15
 1272 0294 7047     		bx	lr
ARM GAS  /tmp/ccaJoL7I.s 			page 49


 1273              	.L393:
 1274 0296 00BF     		.align	2
 1275              	.L392:
 1276 0298 00100240 		.word	1073876992
 1277 029c 0024F400 		.word	16000000
 1278 02a0 B0710B00 		.word	750000
 1279 02a4 00366E01 		.word	24000000
 1280 02a8 006CDC02 		.word	48000000
 1281 02ac 0080BB00 		.word	12288000
 1282              	.LVL77:
 1283              	.L132:
 872:Drivers/STM32G4xx_HAL_Driver/Src/stm32g4xx_hal_rcc_ex.c **** 
 1284              		.loc 1 872 7 is_stmt 1 view .LVU438
 872:Drivers/STM32G4xx_HAL_Driver/Src/stm32g4xx_hal_rcc_ex.c **** 
 1285              		.loc 1 872 16 is_stmt 0 view .LVU439
 1286 02b0 9A4A     		ldr	r2, .L394
 1287 02b2 D2F88830 		ldr	r3, [r2, #136]
 1288              	.LVL78:
 874:Drivers/STM32G4xx_HAL_Driver/Src/stm32g4xx_hal_rcc_ex.c ****       {
 1289              		.loc 1 874 7 is_stmt 1 view .LVU440
 874:Drivers/STM32G4xx_HAL_Driver/Src/stm32g4xx_hal_rcc_ex.c ****       {
 1290              		.loc 1 874 9 is_stmt 0 view .LVU441
 1291 02b6 13F44073 		ands	r3, r3, #768
 1292              	.LVL79:
 874:Drivers/STM32G4xx_HAL_Driver/Src/stm32g4xx_hal_rcc_ex.c ****       {
 1293              		.loc 1 874 9 view .LVU442
 1294 02ba 4DD0     		beq	.L160
 878:Drivers/STM32G4xx_HAL_Driver/Src/stm32g4xx_hal_rcc_ex.c ****       {
 1295              		.loc 1 878 12 is_stmt 1 view .LVU443
 878:Drivers/STM32G4xx_HAL_Driver/Src/stm32g4xx_hal_rcc_ex.c ****       {
 1296              		.loc 1 878 14 is_stmt 0 view .LVU444
 1297 02bc B3F5807F 		cmp	r3, #256
 1298 02c0 3FF41BAF 		beq	.L157
 882:Drivers/STM32G4xx_HAL_Driver/Src/stm32g4xx_hal_rcc_ex.c ****       {
 1299              		.loc 1 882 12 is_stmt 1 view .LVU445
 882:Drivers/STM32G4xx_HAL_Driver/Src/stm32g4xx_hal_rcc_ex.c ****       {
 1300              		.loc 1 882 16 is_stmt 0 view .LVU446
 1301 02c4 1168     		ldr	r1, [r2]
 882:Drivers/STM32G4xx_HAL_Driver/Src/stm32g4xx_hal_rcc_ex.c ****       {
 1302              		.loc 1 882 14 view .LVU447
 1303 02c6 4905     		lsls	r1, r1, #21
 1304 02c8 40F1E580 		bpl	.L163
 882:Drivers/STM32G4xx_HAL_Driver/Src/stm32g4xx_hal_rcc_ex.c ****       {
 1305              		.loc 1 882 56 discriminator 1 view .LVU448
 1306 02cc B3F5007F 		cmp	r3, #512
 1307 02d0 DBD1     		bne	.L373
 1308              	.LVL80:
 1309              	.L159:
1283:Drivers/STM32G4xx_HAL_Driver/Src/stm32g4xx_hal_rcc_ex.c ****       }
1284:Drivers/STM32G4xx_HAL_Driver/Src/stm32g4xx_hal_rcc_ex.c ****       else if(srcclk == RCC_QSPICLKSOURCE_HSI)
1285:Drivers/STM32G4xx_HAL_Driver/Src/stm32g4xx_hal_rcc_ex.c ****       {
1286:Drivers/STM32G4xx_HAL_Driver/Src/stm32g4xx_hal_rcc_ex.c ****         frequency = HSI_VALUE;
 1310              		.loc 1 1286 19 view .LVU449
 1311 02d2 9348     		ldr	r0, .L394+4
 1312 02d4 7047     		bx	lr
 1313              	.L133:
 843:Drivers/STM32G4xx_HAL_Driver/Src/stm32g4xx_hal_rcc_ex.c **** 
ARM GAS  /tmp/ccaJoL7I.s 			page 50


 1314              		.loc 1 843 7 is_stmt 1 view .LVU450
 843:Drivers/STM32G4xx_HAL_Driver/Src/stm32g4xx_hal_rcc_ex.c **** 
 1315              		.loc 1 843 16 is_stmt 0 view .LVU451
 1316 02d6 914A     		ldr	r2, .L394
 1317 02d8 D2F88830 		ldr	r3, [r2, #136]
 1318              	.LVL81:
 845:Drivers/STM32G4xx_HAL_Driver/Src/stm32g4xx_hal_rcc_ex.c ****       {
 1319              		.loc 1 845 7 is_stmt 1 view .LVU452
 845:Drivers/STM32G4xx_HAL_Driver/Src/stm32g4xx_hal_rcc_ex.c ****       {
 1320              		.loc 1 845 9 is_stmt 0 view .LVU453
 1321 02dc 13F0C003 		ands	r3, r3, #192
 1322              	.LVL82:
 845:Drivers/STM32G4xx_HAL_Driver/Src/stm32g4xx_hal_rcc_ex.c ****       {
 1323              		.loc 1 845 9 view .LVU454
 1324 02e0 3AD0     		beq	.L160
 849:Drivers/STM32G4xx_HAL_Driver/Src/stm32g4xx_hal_rcc_ex.c ****       {
 1325              		.loc 1 849 12 is_stmt 1 view .LVU455
 849:Drivers/STM32G4xx_HAL_Driver/Src/stm32g4xx_hal_rcc_ex.c ****       {
 1326              		.loc 1 849 14 is_stmt 0 view .LVU456
 1327 02e2 402B     		cmp	r3, #64
 1328 02e4 3FF409AF 		beq	.L157
 853:Drivers/STM32G4xx_HAL_Driver/Src/stm32g4xx_hal_rcc_ex.c ****       {
 1329              		.loc 1 853 12 is_stmt 1 view .LVU457
 853:Drivers/STM32G4xx_HAL_Driver/Src/stm32g4xx_hal_rcc_ex.c ****       {
 1330              		.loc 1 853 16 is_stmt 0 view .LVU458
 1331 02e8 1168     		ldr	r1, [r2]
 853:Drivers/STM32G4xx_HAL_Driver/Src/stm32g4xx_hal_rcc_ex.c ****       {
 1332              		.loc 1 853 14 view .LVU459
 1333 02ea 4905     		lsls	r1, r1, #21
 1334 02ec 40F1EB80 		bpl	.L162
 853:Drivers/STM32G4xx_HAL_Driver/Src/stm32g4xx_hal_rcc_ex.c ****       {
 1335              		.loc 1 853 56 discriminator 1 view .LVU460
 1336 02f0 802B     		cmp	r3, #128
 1337 02f2 CAD1     		bne	.L373
 1338 02f4 EDE7     		b	.L159
 1339              	.LVL83:
 1340              	.L134:
 814:Drivers/STM32G4xx_HAL_Driver/Src/stm32g4xx_hal_rcc_ex.c **** 
 1341              		.loc 1 814 7 is_stmt 1 view .LVU461
 814:Drivers/STM32G4xx_HAL_Driver/Src/stm32g4xx_hal_rcc_ex.c **** 
 1342              		.loc 1 814 16 is_stmt 0 view .LVU462
 1343 02f6 894A     		ldr	r2, .L394
 1344 02f8 D2F88830 		ldr	r3, [r2, #136]
 1345              	.LVL84:
 816:Drivers/STM32G4xx_HAL_Driver/Src/stm32g4xx_hal_rcc_ex.c ****       {
 1346              		.loc 1 816 7 is_stmt 1 view .LVU463
 816:Drivers/STM32G4xx_HAL_Driver/Src/stm32g4xx_hal_rcc_ex.c ****       {
 1347              		.loc 1 816 9 is_stmt 0 view .LVU464
 1348 02fc 13F03003 		ands	r3, r3, #48
 1349              	.LVL85:
 816:Drivers/STM32G4xx_HAL_Driver/Src/stm32g4xx_hal_rcc_ex.c ****       {
 1350              		.loc 1 816 9 view .LVU465
 1351 0300 2AD0     		beq	.L160
 820:Drivers/STM32G4xx_HAL_Driver/Src/stm32g4xx_hal_rcc_ex.c ****       {
 1352              		.loc 1 820 12 is_stmt 1 view .LVU466
 820:Drivers/STM32G4xx_HAL_Driver/Src/stm32g4xx_hal_rcc_ex.c ****       {
 1353              		.loc 1 820 14 is_stmt 0 view .LVU467
ARM GAS  /tmp/ccaJoL7I.s 			page 51


 1354 0302 102B     		cmp	r3, #16
 1355 0304 3FF4F9AE 		beq	.L157
 824:Drivers/STM32G4xx_HAL_Driver/Src/stm32g4xx_hal_rcc_ex.c ****       {
 1356              		.loc 1 824 12 is_stmt 1 view .LVU468
 824:Drivers/STM32G4xx_HAL_Driver/Src/stm32g4xx_hal_rcc_ex.c ****       {
 1357              		.loc 1 824 16 is_stmt 0 view .LVU469
 1358 0308 1168     		ldr	r1, [r2]
 824:Drivers/STM32G4xx_HAL_Driver/Src/stm32g4xx_hal_rcc_ex.c ****       {
 1359              		.loc 1 824 14 view .LVU470
 1360 030a 4905     		lsls	r1, r1, #21
 1361 030c 40F1AB80 		bpl	.L161
 824:Drivers/STM32G4xx_HAL_Driver/Src/stm32g4xx_hal_rcc_ex.c ****       {
 1362              		.loc 1 824 56 discriminator 1 view .LVU471
 1363 0310 202B     		cmp	r3, #32
 1364 0312 BAD1     		bne	.L373
 1365 0314 DDE7     		b	.L159
 1366              	.LVL86:
 1367              	.L136:
 759:Drivers/STM32G4xx_HAL_Driver/Src/stm32g4xx_hal_rcc_ex.c **** 
 1368              		.loc 1 759 7 is_stmt 1 view .LVU472
 759:Drivers/STM32G4xx_HAL_Driver/Src/stm32g4xx_hal_rcc_ex.c **** 
 1369              		.loc 1 759 16 is_stmt 0 view .LVU473
 1370 0316 814A     		ldr	r2, .L394
 1371 0318 D2F88830 		ldr	r3, [r2, #136]
 1372              	.LVL87:
 761:Drivers/STM32G4xx_HAL_Driver/Src/stm32g4xx_hal_rcc_ex.c ****       {
 1373              		.loc 1 761 7 is_stmt 1 view .LVU474
 761:Drivers/STM32G4xx_HAL_Driver/Src/stm32g4xx_hal_rcc_ex.c ****       {
 1374              		.loc 1 761 9 is_stmt 0 view .LVU475
 1375 031c 13F00303 		ands	r3, r3, #3
 1376              	.LVL88:
 761:Drivers/STM32G4xx_HAL_Driver/Src/stm32g4xx_hal_rcc_ex.c ****       {
 1377              		.loc 1 761 9 view .LVU476
 1378 0320 00F09F80 		beq	.L391
 765:Drivers/STM32G4xx_HAL_Driver/Src/stm32g4xx_hal_rcc_ex.c ****       {
 1379              		.loc 1 765 12 is_stmt 1 view .LVU477
 765:Drivers/STM32G4xx_HAL_Driver/Src/stm32g4xx_hal_rcc_ex.c ****       {
 1380              		.loc 1 765 14 is_stmt 0 view .LVU478
 1381 0324 012B     		cmp	r3, #1
 1382 0326 3FF4E8AE 		beq	.L157
 769:Drivers/STM32G4xx_HAL_Driver/Src/stm32g4xx_hal_rcc_ex.c ****       {
 1383              		.loc 1 769 12 is_stmt 1 view .LVU479
 769:Drivers/STM32G4xx_HAL_Driver/Src/stm32g4xx_hal_rcc_ex.c ****       {
 1384              		.loc 1 769 16 is_stmt 0 view .LVU480
 1385 032a 1168     		ldr	r1, [r2]
 769:Drivers/STM32G4xx_HAL_Driver/Src/stm32g4xx_hal_rcc_ex.c ****       {
 1386              		.loc 1 769 14 view .LVU481
 1387 032c 4905     		lsls	r1, r1, #21
 1388 032e 40F1A680 		bpl	.L154
 769:Drivers/STM32G4xx_HAL_Driver/Src/stm32g4xx_hal_rcc_ex.c ****       {
 1389              		.loc 1 769 56 discriminator 1 view .LVU482
 1390 0332 022B     		cmp	r3, #2
 1391 0334 A9D1     		bne	.L373
 1392 0336 CCE7     		b	.L159
 1393              	.LVL89:
 1394              	.L135:
 786:Drivers/STM32G4xx_HAL_Driver/Src/stm32g4xx_hal_rcc_ex.c **** 
ARM GAS  /tmp/ccaJoL7I.s 			page 52


 1395              		.loc 1 786 7 is_stmt 1 view .LVU483
 786:Drivers/STM32G4xx_HAL_Driver/Src/stm32g4xx_hal_rcc_ex.c **** 
 1396              		.loc 1 786 16 is_stmt 0 view .LVU484
 1397 0338 784A     		ldr	r2, .L394
 1398 033a D2F88830 		ldr	r3, [r2, #136]
 1399              	.LVL90:
 788:Drivers/STM32G4xx_HAL_Driver/Src/stm32g4xx_hal_rcc_ex.c ****       {
 1400              		.loc 1 788 7 is_stmt 1 view .LVU485
 788:Drivers/STM32G4xx_HAL_Driver/Src/stm32g4xx_hal_rcc_ex.c ****       {
 1401              		.loc 1 788 9 is_stmt 0 view .LVU486
 1402 033e 13F00C03 		ands	r3, r3, #12
 1403              	.LVL91:
 788:Drivers/STM32G4xx_HAL_Driver/Src/stm32g4xx_hal_rcc_ex.c ****       {
 1404              		.loc 1 788 9 view .LVU487
 1405 0342 09D0     		beq	.L160
 792:Drivers/STM32G4xx_HAL_Driver/Src/stm32g4xx_hal_rcc_ex.c ****       {
 1406              		.loc 1 792 12 is_stmt 1 view .LVU488
 792:Drivers/STM32G4xx_HAL_Driver/Src/stm32g4xx_hal_rcc_ex.c ****       {
 1407              		.loc 1 792 14 is_stmt 0 view .LVU489
 1408 0344 042B     		cmp	r3, #4
 1409 0346 3FF4D8AE 		beq	.L157
 796:Drivers/STM32G4xx_HAL_Driver/Src/stm32g4xx_hal_rcc_ex.c ****       {
 1410              		.loc 1 796 12 is_stmt 1 view .LVU490
 796:Drivers/STM32G4xx_HAL_Driver/Src/stm32g4xx_hal_rcc_ex.c ****       {
 1411              		.loc 1 796 16 is_stmt 0 view .LVU491
 1412 034a 1168     		ldr	r1, [r2]
 796:Drivers/STM32G4xx_HAL_Driver/Src/stm32g4xx_hal_rcc_ex.c ****       {
 1413              		.loc 1 796 14 view .LVU492
 1414 034c 4905     		lsls	r1, r1, #21
 1415 034e 40F1C680 		bpl	.L158
 796:Drivers/STM32G4xx_HAL_Driver/Src/stm32g4xx_hal_rcc_ex.c ****       {
 1416              		.loc 1 796 56 discriminator 1 view .LVU493
 1417 0352 082B     		cmp	r3, #8
 1418 0354 99D1     		bne	.L373
 1419 0356 BCE7     		b	.L159
 1420              	.LVL92:
 1421              	.L160:
 790:Drivers/STM32G4xx_HAL_Driver/Src/stm32g4xx_hal_rcc_ex.c ****       }
 1422              		.loc 1 790 9 is_stmt 1 view .LVU494
 790:Drivers/STM32G4xx_HAL_Driver/Src/stm32g4xx_hal_rcc_ex.c ****       }
 1423              		.loc 1 790 21 is_stmt 0 view .LVU495
 1424 0358 FFF7FEBF 		b	HAL_RCC_GetPCLK1Freq
 1425              	.LVL93:
 1426              	.L148:
 754:Drivers/STM32G4xx_HAL_Driver/Src/stm32g4xx_hal_rcc_ex.c ****     {
 1427              		.loc 1 754 5 view .LVU496
 1428 035c B0F5802F 		cmp	r0, #262144
 1429 0360 7FF4A7AE 		bne	.L124
1276:Drivers/STM32G4xx_HAL_Driver/Src/stm32g4xx_hal_rcc_ex.c ****       
 1430              		.loc 1 1276 7 is_stmt 1 view .LVU497
1276:Drivers/STM32G4xx_HAL_Driver/Src/stm32g4xx_hal_rcc_ex.c ****       
 1431              		.loc 1 1276 16 is_stmt 0 view .LVU498
 1432 0364 D1F89C20 		ldr	r2, [r1, #156]
1276:Drivers/STM32G4xx_HAL_Driver/Src/stm32g4xx_hal_rcc_ex.c ****       
 1433              		.loc 1 1276 14 view .LVU499
 1434 0368 02F44012 		and	r2, r2, #3145728
 1435              	.LVL94:
ARM GAS  /tmp/ccaJoL7I.s 			page 53


1278:Drivers/STM32G4xx_HAL_Driver/Src/stm32g4xx_hal_rcc_ex.c ****       {
 1436              		.loc 1 1278 7 is_stmt 1 view .LVU500
1278:Drivers/STM32G4xx_HAL_Driver/Src/stm32g4xx_hal_rcc_ex.c ****       {
 1437              		.loc 1 1278 9 is_stmt 0 view .LVU501
 1438 036c B2F5001F 		cmp	r2, #2097152
 1439 0370 3FF46DAF 		beq	.L375
1284:Drivers/STM32G4xx_HAL_Driver/Src/stm32g4xx_hal_rcc_ex.c ****       {
 1440              		.loc 1 1284 12 is_stmt 1 view .LVU502
1284:Drivers/STM32G4xx_HAL_Driver/Src/stm32g4xx_hal_rcc_ex.c ****       {
 1441              		.loc 1 1284 14 is_stmt 0 view .LVU503
 1442 0374 B2F5801F 		cmp	r2, #1048576
 1443 0378 ABD0     		beq	.L159
1287:Drivers/STM32G4xx_HAL_Driver/Src/stm32g4xx_hal_rcc_ex.c ****       }      
1288:Drivers/STM32G4xx_HAL_Driver/Src/stm32g4xx_hal_rcc_ex.c ****       else if(srcclk == RCC_QSPICLKSOURCE_SYSCLK)
 1444              		.loc 1 1288 12 is_stmt 1 view .LVU504
 1445              		.loc 1 1288 14 is_stmt 0 view .LVU505
 1446 037a 002A     		cmp	r2, #0
 1447 037c 7FF499AE 		bne	.L124
 1448 0380 BBE6     		b	.L157
 1449              	.L189:
1135:Drivers/STM32G4xx_HAL_Driver/Src/stm32g4xx_hal_rcc_ex.c ****       }
 1450              		.loc 1 1135 19 view .LVU506
 1451 0382 6848     		ldr	r0, .L394+8
 1452              	.LVL95:
1289:Drivers/STM32G4xx_HAL_Driver/Src/stm32g4xx_hal_rcc_ex.c ****       {
1290:Drivers/STM32G4xx_HAL_Driver/Src/stm32g4xx_hal_rcc_ex.c ****         frequency = HAL_RCC_GetSysClockFreq();
1291:Drivers/STM32G4xx_HAL_Driver/Src/stm32g4xx_hal_rcc_ex.c ****       }
1292:Drivers/STM32G4xx_HAL_Driver/Src/stm32g4xx_hal_rcc_ex.c ****       else /* No clock source */
1293:Drivers/STM32G4xx_HAL_Driver/Src/stm32g4xx_hal_rcc_ex.c ****       {
1294:Drivers/STM32G4xx_HAL_Driver/Src/stm32g4xx_hal_rcc_ex.c ****         /* nothing to do: frequency already initialized to 0 */
1295:Drivers/STM32G4xx_HAL_Driver/Src/stm32g4xx_hal_rcc_ex.c ****       }
1296:Drivers/STM32G4xx_HAL_Driver/Src/stm32g4xx_hal_rcc_ex.c ****       break;
1297:Drivers/STM32G4xx_HAL_Driver/Src/stm32g4xx_hal_rcc_ex.c **** 
1298:Drivers/STM32G4xx_HAL_Driver/Src/stm32g4xx_hal_rcc_ex.c **** #endif /* QUADSPI */
1299:Drivers/STM32G4xx_HAL_Driver/Src/stm32g4xx_hal_rcc_ex.c **** 
1300:Drivers/STM32G4xx_HAL_Driver/Src/stm32g4xx_hal_rcc_ex.c ****     default:
1301:Drivers/STM32G4xx_HAL_Driver/Src/stm32g4xx_hal_rcc_ex.c ****       break;
1302:Drivers/STM32G4xx_HAL_Driver/Src/stm32g4xx_hal_rcc_ex.c ****     }
1303:Drivers/STM32G4xx_HAL_Driver/Src/stm32g4xx_hal_rcc_ex.c ****   }
1304:Drivers/STM32G4xx_HAL_Driver/Src/stm32g4xx_hal_rcc_ex.c **** 
1305:Drivers/STM32G4xx_HAL_Driver/Src/stm32g4xx_hal_rcc_ex.c ****   return(frequency);
1306:Drivers/STM32G4xx_HAL_Driver/Src/stm32g4xx_hal_rcc_ex.c **** }
 1453              		.loc 1 1306 1 view .LVU507
 1454 0384 7047     		bx	lr
 1455              	.LVL96:
 1456              	.L147:
1002:Drivers/STM32G4xx_HAL_Driver/Src/stm32g4xx_hal_rcc_ex.c **** 
 1457              		.loc 1 1002 7 is_stmt 1 view .LVU508
1002:Drivers/STM32G4xx_HAL_Driver/Src/stm32g4xx_hal_rcc_ex.c **** 
 1458              		.loc 1 1002 16 is_stmt 0 view .LVU509
 1459 0386 D1F89C30 		ldr	r3, [r1, #156]
 1460              	.LVL97:
1004:Drivers/STM32G4xx_HAL_Driver/Src/stm32g4xx_hal_rcc_ex.c ****       {
 1461              		.loc 1 1004 7 is_stmt 1 view .LVU510
1004:Drivers/STM32G4xx_HAL_Driver/Src/stm32g4xx_hal_rcc_ex.c ****       {
 1462              		.loc 1 1004 9 is_stmt 0 view .LVU511
 1463 038a 13F00303 		ands	r3, r3, #3
ARM GAS  /tmp/ccaJoL7I.s 			page 54


 1464              	.LVL98:
1004:Drivers/STM32G4xx_HAL_Driver/Src/stm32g4xx_hal_rcc_ex.c ****       {
 1465              		.loc 1 1004 9 view .LVU512
 1466 038e E3D0     		beq	.L160
1008:Drivers/STM32G4xx_HAL_Driver/Src/stm32g4xx_hal_rcc_ex.c ****       {
 1467              		.loc 1 1008 12 is_stmt 1 view .LVU513
1008:Drivers/STM32G4xx_HAL_Driver/Src/stm32g4xx_hal_rcc_ex.c ****       {
 1468              		.loc 1 1008 14 is_stmt 0 view .LVU514
 1469 0390 012B     		cmp	r3, #1
 1470 0392 3FF4B2AE 		beq	.L157
1012:Drivers/STM32G4xx_HAL_Driver/Src/stm32g4xx_hal_rcc_ex.c ****       {
 1471              		.loc 1 1012 12 is_stmt 1 view .LVU515
1012:Drivers/STM32G4xx_HAL_Driver/Src/stm32g4xx_hal_rcc_ex.c ****       {
 1472              		.loc 1 1012 16 is_stmt 0 view .LVU516
 1473 0396 0A68     		ldr	r2, [r1]
1012:Drivers/STM32G4xx_HAL_Driver/Src/stm32g4xx_hal_rcc_ex.c ****       {
 1474              		.loc 1 1012 14 view .LVU517
 1475 0398 5205     		lsls	r2, r2, #21
 1476 039a 7FF58AAE 		bpl	.L124
 686:Drivers/STM32G4xx_HAL_Driver/Src/stm32g4xx_hal_rcc_ex.c ****   uint32_t srcclk;
 1477              		.loc 1 686 12 view .LVU518
 1478 039e 022B     		cmp	r3, #2
 1479 03a0 5F48     		ldr	r0, .L394+4
 1480              	.LVL99:
 686:Drivers/STM32G4xx_HAL_Driver/Src/stm32g4xx_hal_rcc_ex.c ****   uint32_t srcclk;
 1481              		.loc 1 686 12 view .LVU519
 1482 03a2 18BF     		it	ne
 1483 03a4 0020     		movne	r0, #0
 1484 03a6 7047     		bx	lr
 1485              	.LVL100:
 1486              	.L137:
 950:Drivers/STM32G4xx_HAL_Driver/Src/stm32g4xx_hal_rcc_ex.c **** 
 1487              		.loc 1 950 7 is_stmt 1 view .LVU520
 950:Drivers/STM32G4xx_HAL_Driver/Src/stm32g4xx_hal_rcc_ex.c **** 
 1488              		.loc 1 950 16 is_stmt 0 view .LVU521
 1489 03a8 D1F88830 		ldr	r3, [r1, #136]
 1490              	.LVL101:
 952:Drivers/STM32G4xx_HAL_Driver/Src/stm32g4xx_hal_rcc_ex.c ****       {
 1491              		.loc 1 952 7 is_stmt 1 view .LVU522
 952:Drivers/STM32G4xx_HAL_Driver/Src/stm32g4xx_hal_rcc_ex.c ****       {
 1492              		.loc 1 952 9 is_stmt 0 view .LVU523
 1493 03ac 13F44043 		ands	r3, r3, #49152
 1494              	.LVL102:
 952:Drivers/STM32G4xx_HAL_Driver/Src/stm32g4xx_hal_rcc_ex.c ****       {
 1495              		.loc 1 952 9 view .LVU524
 1496 03b0 D2D0     		beq	.L160
 956:Drivers/STM32G4xx_HAL_Driver/Src/stm32g4xx_hal_rcc_ex.c ****       {
 1497              		.loc 1 956 12 is_stmt 1 view .LVU525
 956:Drivers/STM32G4xx_HAL_Driver/Src/stm32g4xx_hal_rcc_ex.c ****       {
 1498              		.loc 1 956 14 is_stmt 0 view .LVU526
 1499 03b2 B3F5804F 		cmp	r3, #16384
 1500 03b6 3FF4A0AE 		beq	.L157
 960:Drivers/STM32G4xx_HAL_Driver/Src/stm32g4xx_hal_rcc_ex.c ****       {
 1501              		.loc 1 960 12 is_stmt 1 view .LVU527
 960:Drivers/STM32G4xx_HAL_Driver/Src/stm32g4xx_hal_rcc_ex.c ****       {
 1502              		.loc 1 960 16 is_stmt 0 view .LVU528
 1503 03ba 0A68     		ldr	r2, [r1]
ARM GAS  /tmp/ccaJoL7I.s 			page 55


 960:Drivers/STM32G4xx_HAL_Driver/Src/stm32g4xx_hal_rcc_ex.c ****       {
 1504              		.loc 1 960 14 view .LVU529
 1505 03bc 5005     		lsls	r0, r2, #21
 1506              	.LVL103:
 960:Drivers/STM32G4xx_HAL_Driver/Src/stm32g4xx_hal_rcc_ex.c ****       {
 1507              		.loc 1 960 14 view .LVU530
 1508 03be 7FF578AE 		bpl	.L124
 686:Drivers/STM32G4xx_HAL_Driver/Src/stm32g4xx_hal_rcc_ex.c ****   uint32_t srcclk;
 1509              		.loc 1 686 12 view .LVU531
 1510 03c2 B3F5004F 		cmp	r3, #32768
 1511 03c6 5648     		ldr	r0, .L394+4
 1512 03c8 18BF     		it	ne
 1513 03ca 0020     		movne	r0, #0
 1514 03cc 7047     		bx	lr
 1515              	.LVL104:
 1516              	.L127:
1027:Drivers/STM32G4xx_HAL_Driver/Src/stm32g4xx_hal_rcc_ex.c **** 
 1517              		.loc 1 1027 7 is_stmt 1 view .LVU532
1027:Drivers/STM32G4xx_HAL_Driver/Src/stm32g4xx_hal_rcc_ex.c **** 
 1518              		.loc 1 1027 16 is_stmt 0 view .LVU533
 1519 03ce D1F88830 		ldr	r3, [r1, #136]
 1520              	.LVL105:
1029:Drivers/STM32G4xx_HAL_Driver/Src/stm32g4xx_hal_rcc_ex.c ****       {
 1521              		.loc 1 1029 7 is_stmt 1 view .LVU534
1029:Drivers/STM32G4xx_HAL_Driver/Src/stm32g4xx_hal_rcc_ex.c ****       {
 1522              		.loc 1 1029 9 is_stmt 0 view .LVU535
 1523 03d2 13F44023 		ands	r3, r3, #786432
 1524              	.LVL106:
1029:Drivers/STM32G4xx_HAL_Driver/Src/stm32g4xx_hal_rcc_ex.c ****       {
 1525              		.loc 1 1029 9 view .LVU536
 1526 03d6 BFD0     		beq	.L160
1033:Drivers/STM32G4xx_HAL_Driver/Src/stm32g4xx_hal_rcc_ex.c ****       {
 1527              		.loc 1 1033 12 is_stmt 1 view .LVU537
1033:Drivers/STM32G4xx_HAL_Driver/Src/stm32g4xx_hal_rcc_ex.c ****       {
 1528              		.loc 1 1033 16 is_stmt 0 view .LVU538
 1529 03d8 D1F89420 		ldr	r2, [r1, #148]
1033:Drivers/STM32G4xx_HAL_Driver/Src/stm32g4xx_hal_rcc_ex.c ****       {
 1530              		.loc 1 1033 14 view .LVU539
 1531 03dc 9007     		lsls	r0, r2, #30
 1532              	.LVL107:
1033:Drivers/STM32G4xx_HAL_Driver/Src/stm32g4xx_hal_rcc_ex.c ****       {
 1533              		.loc 1 1033 14 view .LVU540
 1534 03de 03D5     		bpl	.L165
1033:Drivers/STM32G4xx_HAL_Driver/Src/stm32g4xx_hal_rcc_ex.c ****       {
 1535              		.loc 1 1033 58 discriminator 1 view .LVU541
 1536 03e0 B3F5802F 		cmp	r3, #262144
 1537 03e4 3FF494AE 		beq	.L166
 1538              	.L165:
1037:Drivers/STM32G4xx_HAL_Driver/Src/stm32g4xx_hal_rcc_ex.c ****       {
 1539              		.loc 1 1037 12 is_stmt 1 view .LVU542
1037:Drivers/STM32G4xx_HAL_Driver/Src/stm32g4xx_hal_rcc_ex.c ****       {
 1540              		.loc 1 1037 16 is_stmt 0 view .LVU543
 1541 03e8 4C4A     		ldr	r2, .L394
 1542 03ea 1268     		ldr	r2, [r2]
1037:Drivers/STM32G4xx_HAL_Driver/Src/stm32g4xx_hal_rcc_ex.c ****       {
 1543              		.loc 1 1037 14 view .LVU544
 1544 03ec 5105     		lsls	r1, r2, #21
ARM GAS  /tmp/ccaJoL7I.s 			page 56


 1545 03ee 03D5     		bpl	.L167
1037:Drivers/STM32G4xx_HAL_Driver/Src/stm32g4xx_hal_rcc_ex.c ****       {
 1546              		.loc 1 1037 56 discriminator 1 view .LVU545
 1547 03f0 B3F5002F 		cmp	r3, #524288
 1548 03f4 3FF46DAF 		beq	.L159
 1549              	.L167:
1041:Drivers/STM32G4xx_HAL_Driver/Src/stm32g4xx_hal_rcc_ex.c ****       {
 1550              		.loc 1 1041 12 is_stmt 1 view .LVU546
1041:Drivers/STM32G4xx_HAL_Driver/Src/stm32g4xx_hal_rcc_ex.c ****       {
 1551              		.loc 1 1041 17 is_stmt 0 view .LVU547
 1552 03f8 484A     		ldr	r2, .L394
 1553 03fa D2F89020 		ldr	r2, [r2, #144]
1041:Drivers/STM32G4xx_HAL_Driver/Src/stm32g4xx_hal_rcc_ex.c ****       {
 1554              		.loc 1 1041 15 view .LVU548
 1555 03fe 9207     		lsls	r2, r2, #30
 1556 0400 7FF557AE 		bpl	.L124
1041:Drivers/STM32G4xx_HAL_Driver/Src/stm32g4xx_hal_rcc_ex.c ****       {
 1557              		.loc 1 1041 61 discriminator 1 view .LVU549
 1558 0404 A3F54023 		sub	r3, r3, #786432
 1559              	.LVL108:
1041:Drivers/STM32G4xx_HAL_Driver/Src/stm32g4xx_hal_rcc_ex.c ****       {
 1560              		.loc 1 1041 61 discriminator 1 view .LVU550
 1561 0408 B3FA83F3 		clz	r3, r3
 1562              	.LVL109:
1041:Drivers/STM32G4xx_HAL_Driver/Src/stm32g4xx_hal_rcc_ex.c ****       {
 1563              		.loc 1 1041 61 discriminator 1 view .LVU551
 1564 040c 5B09     		lsrs	r3, r3, #5
 1565 040e D803     		lsls	r0, r3, #15
 1566 0410 7047     		bx	lr
 1567              	.LVL110:
 1568              	.L390:
1204:Drivers/STM32G4xx_HAL_Driver/Src/stm32g4xx_hal_rcc_ex.c ****         {
 1569              		.loc 1 1204 9 is_stmt 1 view .LVU552
1204:Drivers/STM32G4xx_HAL_Driver/Src/stm32g4xx_hal_rcc_ex.c ****         {
 1570              		.loc 1 1204 12 is_stmt 0 view .LVU553
 1571 0412 CA68     		ldr	r2, [r1, #12]
 1572              	.LVL111:
1204:Drivers/STM32G4xx_HAL_Driver/Src/stm32g4xx_hal_rcc_ex.c ****         {
 1573              		.loc 1 1204 11 view .LVU554
 1574 0414 D003     		lsls	r0, r2, #15
 1575              	.LVL112:
1204:Drivers/STM32G4xx_HAL_Driver/Src/stm32g4xx_hal_rcc_ex.c ****         {
 1576              		.loc 1 1204 11 view .LVU555
 1577 0416 7FF54CAE 		bpl	.L124
1207:Drivers/STM32G4xx_HAL_Driver/Src/stm32g4xx_hal_rcc_ex.c ****           pllp = READ_BIT(RCC->PLLCFGR, RCC_PLLCFGR_PLLPDIV) >> RCC_PLLCFGR_PLLPDIV_Pos;
 1578              		.loc 1 1207 11 is_stmt 1 view .LVU556
1207:Drivers/STM32G4xx_HAL_Driver/Src/stm32g4xx_hal_rcc_ex.c ****           pllp = READ_BIT(RCC->PLLCFGR, RCC_PLLCFGR_PLLPDIV) >> RCC_PLLCFGR_PLLPDIV_Pos;
 1579              		.loc 1 1207 18 is_stmt 0 view .LVU557
 1580 041a C868     		ldr	r0, [r1, #12]
1208:Drivers/STM32G4xx_HAL_Driver/Src/stm32g4xx_hal_rcc_ex.c ****           if(pllp == 0U)
 1581              		.loc 1 1208 18 view .LVU558
 1582 041c CA68     		ldr	r2, [r1, #12]
1209:Drivers/STM32G4xx_HAL_Driver/Src/stm32g4xx_hal_rcc_ex.c ****           {
 1583              		.loc 1 1209 13 view .LVU559
 1584 041e D20E     		lsrs	r2, r2, #27
1207:Drivers/STM32G4xx_HAL_Driver/Src/stm32g4xx_hal_rcc_ex.c ****           pllp = READ_BIT(RCC->PLLCFGR, RCC_PLLCFGR_PLLPDIV) >> RCC_PLLCFGR_PLLPDIV_Pos;
 1585              		.loc 1 1207 16 view .LVU560
ARM GAS  /tmp/ccaJoL7I.s 			page 57


 1586 0420 C0F30620 		ubfx	r0, r0, #8, #7
 1587              	.LVL113:
1208:Drivers/STM32G4xx_HAL_Driver/Src/stm32g4xx_hal_rcc_ex.c ****           if(pllp == 0U)
 1588              		.loc 1 1208 11 is_stmt 1 view .LVU561
1209:Drivers/STM32G4xx_HAL_Driver/Src/stm32g4xx_hal_rcc_ex.c ****           {
 1589              		.loc 1 1209 11 view .LVU562
1209:Drivers/STM32G4xx_HAL_Driver/Src/stm32g4xx_hal_rcc_ex.c ****           {
 1590              		.loc 1 1209 13 is_stmt 0 view .LVU563
 1591 0424 06D1     		bne	.L176
1211:Drivers/STM32G4xx_HAL_Driver/Src/stm32g4xx_hal_rcc_ex.c ****             {
 1592              		.loc 1 1211 13 is_stmt 1 view .LVU564
1211:Drivers/STM32G4xx_HAL_Driver/Src/stm32g4xx_hal_rcc_ex.c ****             {
 1593              		.loc 1 1211 16 is_stmt 0 view .LVU565
 1594 0426 3D4A     		ldr	r2, .L394
 1595 0428 D268     		ldr	r2, [r2, #12]
1213:Drivers/STM32G4xx_HAL_Driver/Src/stm32g4xx_hal_rcc_ex.c ****             }
 1596              		.loc 1 1213 20 view .LVU566
 1597 042a 12F4003F 		tst	r2, #131072
 1598 042e 0CBF     		ite	eq
 1599 0430 0722     		moveq	r2, #7
 1600 0432 1122     		movne	r2, #17
 1601              	.LVL114:
1220:Drivers/STM32G4xx_HAL_Driver/Src/stm32g4xx_hal_rcc_ex.c ****         }
 1602              		.loc 1 1220 11 is_stmt 1 view .LVU567
 1603              	.L176:
1257:Drivers/STM32G4xx_HAL_Driver/Src/stm32g4xx_hal_rcc_ex.c ****         }
 1604              		.loc 1 1257 11 view .LVU568
1257:Drivers/STM32G4xx_HAL_Driver/Src/stm32g4xx_hal_rcc_ex.c ****         }
 1605              		.loc 1 1257 31 is_stmt 0 view .LVU569
 1606 0434 03FB00F0 		mul	r0, r3, r0
 1607              	.LVL115:
1257:Drivers/STM32G4xx_HAL_Driver/Src/stm32g4xx_hal_rcc_ex.c ****         }
 1608              		.loc 1 1257 21 view .LVU570
 1609 0438 B0FBF2F0 		udiv	r0, r0, r2
 1610              	.LVL116:
1257:Drivers/STM32G4xx_HAL_Driver/Src/stm32g4xx_hal_rcc_ex.c ****         }
 1611              		.loc 1 1257 21 view .LVU571
 1612 043c 7047     		bx	lr
 1613              	.LVL117:
 1614              	.L387:
1241:Drivers/STM32G4xx_HAL_Driver/Src/stm32g4xx_hal_rcc_ex.c ****         {
 1615              		.loc 1 1241 9 is_stmt 1 view .LVU572
1241:Drivers/STM32G4xx_HAL_Driver/Src/stm32g4xx_hal_rcc_ex.c ****         {
 1616              		.loc 1 1241 12 is_stmt 0 view .LVU573
 1617 043e CA68     		ldr	r2, [r1, #12]
 1618              	.LVL118:
1241:Drivers/STM32G4xx_HAL_Driver/Src/stm32g4xx_hal_rcc_ex.c ****         {
 1619              		.loc 1 1241 11 view .LVU574
 1620 0440 D203     		lsls	r2, r2, #15
 1621 0442 7FF536AE 		bpl	.L124
1244:Drivers/STM32G4xx_HAL_Driver/Src/stm32g4xx_hal_rcc_ex.c ****           pllp = READ_BIT(RCC->PLLCFGR, RCC_PLLCFGR_PLLPDIV) >> RCC_PLLCFGR_PLLPDIV_Pos;
 1622              		.loc 1 1244 11 is_stmt 1 view .LVU575
1244:Drivers/STM32G4xx_HAL_Driver/Src/stm32g4xx_hal_rcc_ex.c ****           pllp = READ_BIT(RCC->PLLCFGR, RCC_PLLCFGR_PLLPDIV) >> RCC_PLLCFGR_PLLPDIV_Pos;
 1623              		.loc 1 1244 18 is_stmt 0 view .LVU576
 1624 0446 3549     		ldr	r1, .L394
 1625 0448 C868     		ldr	r0, [r1, #12]
 1626              	.LVL119:
ARM GAS  /tmp/ccaJoL7I.s 			page 58


1245:Drivers/STM32G4xx_HAL_Driver/Src/stm32g4xx_hal_rcc_ex.c ****           if(pllp == 0U)
 1627              		.loc 1 1245 18 view .LVU577
 1628 044a CA68     		ldr	r2, [r1, #12]
1246:Drivers/STM32G4xx_HAL_Driver/Src/stm32g4xx_hal_rcc_ex.c ****           {
 1629              		.loc 1 1246 13 view .LVU578
 1630 044c D20E     		lsrs	r2, r2, #27
1244:Drivers/STM32G4xx_HAL_Driver/Src/stm32g4xx_hal_rcc_ex.c ****           pllp = READ_BIT(RCC->PLLCFGR, RCC_PLLCFGR_PLLPDIV) >> RCC_PLLCFGR_PLLPDIV_Pos;
 1631              		.loc 1 1244 16 view .LVU579
 1632 044e C0F30620 		ubfx	r0, r0, #8, #7
 1633              	.LVL120:
1245:Drivers/STM32G4xx_HAL_Driver/Src/stm32g4xx_hal_rcc_ex.c ****           if(pllp == 0U)
 1634              		.loc 1 1245 11 is_stmt 1 view .LVU580
1246:Drivers/STM32G4xx_HAL_Driver/Src/stm32g4xx_hal_rcc_ex.c ****           {
 1635              		.loc 1 1246 11 view .LVU581
1246:Drivers/STM32G4xx_HAL_Driver/Src/stm32g4xx_hal_rcc_ex.c ****           {
 1636              		.loc 1 1246 13 is_stmt 0 view .LVU582
 1637 0452 EFD1     		bne	.L176
1248:Drivers/STM32G4xx_HAL_Driver/Src/stm32g4xx_hal_rcc_ex.c ****             {
 1638              		.loc 1 1248 13 is_stmt 1 view .LVU583
1248:Drivers/STM32G4xx_HAL_Driver/Src/stm32g4xx_hal_rcc_ex.c ****             {
 1639              		.loc 1 1248 16 is_stmt 0 view .LVU584
 1640 0454 CA68     		ldr	r2, [r1, #12]
1250:Drivers/STM32G4xx_HAL_Driver/Src/stm32g4xx_hal_rcc_ex.c ****             }
 1641              		.loc 1 1250 20 view .LVU585
 1642 0456 12F4003F 		tst	r2, #131072
 1643 045a 0CBF     		ite	eq
 1644 045c 0722     		moveq	r2, #7
 1645 045e 1122     		movne	r2, #17
 1646 0460 E8E7     		b	.L176
 1647              	.LVL121:
 1648              	.L391:
 763:Drivers/STM32G4xx_HAL_Driver/Src/stm32g4xx_hal_rcc_ex.c ****       }
 1649              		.loc 1 763 9 is_stmt 1 view .LVU586
 763:Drivers/STM32G4xx_HAL_Driver/Src/stm32g4xx_hal_rcc_ex.c ****       }
 1650              		.loc 1 763 21 is_stmt 0 view .LVU587
 1651 0462 FFF7FEBF 		b	HAL_RCC_GetPCLK2Freq
 1652              	.LVL122:
 1653              	.L161:
 828:Drivers/STM32G4xx_HAL_Driver/Src/stm32g4xx_hal_rcc_ex.c ****       {
 1654              		.loc 1 828 12 is_stmt 1 view .LVU588
 828:Drivers/STM32G4xx_HAL_Driver/Src/stm32g4xx_hal_rcc_ex.c ****       {
 1655              		.loc 1 828 16 is_stmt 0 view .LVU589
 1656 0466 D2F89020 		ldr	r2, [r2, #144]
 828:Drivers/STM32G4xx_HAL_Driver/Src/stm32g4xx_hal_rcc_ex.c ****       {
 1657              		.loc 1 828 14 view .LVU590
 1658 046a 9007     		lsls	r0, r2, #30
 1659 046c 7FF521AE 		bpl	.L124
 828:Drivers/STM32G4xx_HAL_Driver/Src/stm32g4xx_hal_rcc_ex.c ****       {
 1660              		.loc 1 828 60 discriminator 1 view .LVU591
 1661 0470 A3F13003 		sub	r3, #48
 1662              	.LVL123:
 828:Drivers/STM32G4xx_HAL_Driver/Src/stm32g4xx_hal_rcc_ex.c ****       {
 1663              		.loc 1 828 60 discriminator 1 view .LVU592
 1664 0474 B3FA83F3 		clz	r3, r3
 1665              	.LVL124:
 828:Drivers/STM32G4xx_HAL_Driver/Src/stm32g4xx_hal_rcc_ex.c ****       {
 1666              		.loc 1 828 60 discriminator 1 view .LVU593
ARM GAS  /tmp/ccaJoL7I.s 			page 59


 1667 0478 5B09     		lsrs	r3, r3, #5
 1668 047a D803     		lsls	r0, r3, #15
 1669 047c 7047     		bx	lr
 1670              	.LVL125:
 1671              	.L154:
 773:Drivers/STM32G4xx_HAL_Driver/Src/stm32g4xx_hal_rcc_ex.c ****       {
 1672              		.loc 1 773 12 is_stmt 1 view .LVU594
 773:Drivers/STM32G4xx_HAL_Driver/Src/stm32g4xx_hal_rcc_ex.c ****       {
 1673              		.loc 1 773 16 is_stmt 0 view .LVU595
 1674 047e D2F89020 		ldr	r2, [r2, #144]
 773:Drivers/STM32G4xx_HAL_Driver/Src/stm32g4xx_hal_rcc_ex.c ****       {
 1675              		.loc 1 773 14 view .LVU596
 1676 0482 9007     		lsls	r0, r2, #30
 1677 0484 7FF515AE 		bpl	.L124
 773:Drivers/STM32G4xx_HAL_Driver/Src/stm32g4xx_hal_rcc_ex.c ****       {
 1678              		.loc 1 773 60 discriminator 1 view .LVU597
 1679 0488 A3F10303 		sub	r3, #3
 1680              	.LVL126:
 773:Drivers/STM32G4xx_HAL_Driver/Src/stm32g4xx_hal_rcc_ex.c ****       {
 1681              		.loc 1 773 60 discriminator 1 view .LVU598
 1682 048c B3FA83F3 		clz	r3, r3
 1683              	.LVL127:
 773:Drivers/STM32G4xx_HAL_Driver/Src/stm32g4xx_hal_rcc_ex.c ****       {
 1684              		.loc 1 773 60 discriminator 1 view .LVU599
 1685 0490 5B09     		lsrs	r3, r3, #5
 1686 0492 D803     		lsls	r0, r3, #15
 1687 0494 7047     		bx	lr
 1688              	.LVL128:
 1689              	.L163:
 886:Drivers/STM32G4xx_HAL_Driver/Src/stm32g4xx_hal_rcc_ex.c ****       {
 1690              		.loc 1 886 12 is_stmt 1 view .LVU600
 886:Drivers/STM32G4xx_HAL_Driver/Src/stm32g4xx_hal_rcc_ex.c ****       {
 1691              		.loc 1 886 16 is_stmt 0 view .LVU601
 1692 0496 D2F89020 		ldr	r2, [r2, #144]
 886:Drivers/STM32G4xx_HAL_Driver/Src/stm32g4xx_hal_rcc_ex.c ****       {
 1693              		.loc 1 886 14 view .LVU602
 1694 049a 9207     		lsls	r2, r2, #30
 1695 049c 7FF509AE 		bpl	.L124
 886:Drivers/STM32G4xx_HAL_Driver/Src/stm32g4xx_hal_rcc_ex.c ****       {
 1696              		.loc 1 886 60 discriminator 1 view .LVU603
 1697 04a0 A3F54073 		sub	r3, r3, #768
 1698              	.LVL129:
 886:Drivers/STM32G4xx_HAL_Driver/Src/stm32g4xx_hal_rcc_ex.c ****       {
 1699              		.loc 1 886 60 discriminator 1 view .LVU604
 1700 04a4 B3FA83F3 		clz	r3, r3
 1701              	.LVL130:
 886:Drivers/STM32G4xx_HAL_Driver/Src/stm32g4xx_hal_rcc_ex.c ****       {
 1702              		.loc 1 886 60 discriminator 1 view .LVU605
 1703 04a8 5B09     		lsrs	r3, r3, #5
 1704 04aa D803     		lsls	r0, r3, #15
 1705 04ac 7047     		bx	lr
 1706              	.LVL131:
 1707              	.L164:
 914:Drivers/STM32G4xx_HAL_Driver/Src/stm32g4xx_hal_rcc_ex.c ****       {
 1708              		.loc 1 914 12 is_stmt 1 view .LVU606
 914:Drivers/STM32G4xx_HAL_Driver/Src/stm32g4xx_hal_rcc_ex.c ****       {
 1709              		.loc 1 914 16 is_stmt 0 view .LVU607
ARM GAS  /tmp/ccaJoL7I.s 			page 60


 1710 04ae D2F89020 		ldr	r2, [r2, #144]
 914:Drivers/STM32G4xx_HAL_Driver/Src/stm32g4xx_hal_rcc_ex.c ****       {
 1711              		.loc 1 914 14 view .LVU608
 1712 04b2 9107     		lsls	r1, r2, #30
 1713 04b4 7FF5FDAD 		bpl	.L124
 914:Drivers/STM32G4xx_HAL_Driver/Src/stm32g4xx_hal_rcc_ex.c ****       {
 1714              		.loc 1 914 60 discriminator 1 view .LVU609
 1715 04b8 A3F54063 		sub	r3, r3, #3072
 1716              	.LVL132:
 914:Drivers/STM32G4xx_HAL_Driver/Src/stm32g4xx_hal_rcc_ex.c ****       {
 1717              		.loc 1 914 60 discriminator 1 view .LVU610
 1718 04bc B3FA83F3 		clz	r3, r3
 1719              	.LVL133:
 914:Drivers/STM32G4xx_HAL_Driver/Src/stm32g4xx_hal_rcc_ex.c ****       {
 1720              		.loc 1 914 60 discriminator 1 view .LVU611
 1721 04c0 5B09     		lsrs	r3, r3, #5
 1722 04c2 D803     		lsls	r0, r3, #15
 1723 04c4 7047     		bx	lr
 1724              	.LVL134:
 1725              	.L162:
 857:Drivers/STM32G4xx_HAL_Driver/Src/stm32g4xx_hal_rcc_ex.c ****       {
 1726              		.loc 1 857 12 is_stmt 1 view .LVU612
 857:Drivers/STM32G4xx_HAL_Driver/Src/stm32g4xx_hal_rcc_ex.c ****       {
 1727              		.loc 1 857 16 is_stmt 0 view .LVU613
 1728 04c6 D2F89020 		ldr	r2, [r2, #144]
 857:Drivers/STM32G4xx_HAL_Driver/Src/stm32g4xx_hal_rcc_ex.c ****       {
 1729              		.loc 1 857 14 view .LVU614
 1730 04ca 9007     		lsls	r0, r2, #30
 1731 04cc 7FF5F1AD 		bpl	.L124
 857:Drivers/STM32G4xx_HAL_Driver/Src/stm32g4xx_hal_rcc_ex.c ****       {
 1732              		.loc 1 857 60 discriminator 1 view .LVU615
 1733 04d0 A3F1C003 		sub	r3, #192
 1734              	.LVL135:
 857:Drivers/STM32G4xx_HAL_Driver/Src/stm32g4xx_hal_rcc_ex.c ****       {
 1735              		.loc 1 857 60 discriminator 1 view .LVU616
 1736 04d4 B3FA83F3 		clz	r3, r3
 1737              	.LVL136:
 857:Drivers/STM32G4xx_HAL_Driver/Src/stm32g4xx_hal_rcc_ex.c ****       {
 1738              		.loc 1 857 60 discriminator 1 view .LVU617
 1739 04d8 5B09     		lsrs	r3, r3, #5
 1740 04da D803     		lsls	r0, r3, #15
 1741 04dc 7047     		bx	lr
 1742              	.LVL137:
 1743              	.L158:
 800:Drivers/STM32G4xx_HAL_Driver/Src/stm32g4xx_hal_rcc_ex.c ****       {
 1744              		.loc 1 800 12 is_stmt 1 view .LVU618
 800:Drivers/STM32G4xx_HAL_Driver/Src/stm32g4xx_hal_rcc_ex.c ****       {
 1745              		.loc 1 800 16 is_stmt 0 view .LVU619
 1746 04de D2F89020 		ldr	r2, [r2, #144]
 800:Drivers/STM32G4xx_HAL_Driver/Src/stm32g4xx_hal_rcc_ex.c ****       {
 1747              		.loc 1 800 14 view .LVU620
 1748 04e2 9007     		lsls	r0, r2, #30
 1749 04e4 7FF5E5AD 		bpl	.L124
 800:Drivers/STM32G4xx_HAL_Driver/Src/stm32g4xx_hal_rcc_ex.c ****       {
 1750              		.loc 1 800 61 discriminator 1 view .LVU621
 1751 04e8 A3F10C03 		sub	r3, #12
 1752              	.LVL138:
ARM GAS  /tmp/ccaJoL7I.s 			page 61


 800:Drivers/STM32G4xx_HAL_Driver/Src/stm32g4xx_hal_rcc_ex.c ****       {
 1753              		.loc 1 800 61 discriminator 1 view .LVU622
 1754 04ec B3FA83F3 		clz	r3, r3
 1755              	.LVL139:
 800:Drivers/STM32G4xx_HAL_Driver/Src/stm32g4xx_hal_rcc_ex.c ****       {
 1756              		.loc 1 800 61 discriminator 1 view .LVU623
 1757 04f0 5B09     		lsrs	r3, r3, #5
 1758 04f2 D803     		lsls	r0, r3, #15
 1759 04f4 7047     		bx	lr
 1760              	.LVL140:
 1761              	.L389:
1064:Drivers/STM32G4xx_HAL_Driver/Src/stm32g4xx_hal_rcc_ex.c ****         {
 1762              		.loc 1 1064 9 is_stmt 1 view .LVU624
1064:Drivers/STM32G4xx_HAL_Driver/Src/stm32g4xx_hal_rcc_ex.c ****         {
 1763              		.loc 1 1064 12 is_stmt 0 view .LVU625
 1764 04f6 CA68     		ldr	r2, [r1, #12]
 1765              	.LVL141:
1064:Drivers/STM32G4xx_HAL_Driver/Src/stm32g4xx_hal_rcc_ex.c ****         {
 1766              		.loc 1 1064 11 view .LVU626
 1767 04f8 D002     		lsls	r0, r2, #11
 1768              	.LVL142:
1064:Drivers/STM32G4xx_HAL_Driver/Src/stm32g4xx_hal_rcc_ex.c ****         {
 1769              		.loc 1 1064 11 view .LVU627
 1770 04fa 7FF5DAAD 		bpl	.L124
1067:Drivers/STM32G4xx_HAL_Driver/Src/stm32g4xx_hal_rcc_ex.c ****           frequency = (pllvco * plln) / (((READ_BIT(RCC->PLLCFGR, RCC_PLLCFGR_PLLQ) >> RCC_PLLCFGR_
 1771              		.loc 1 1067 11 is_stmt 1 view .LVU628
1067:Drivers/STM32G4xx_HAL_Driver/Src/stm32g4xx_hal_rcc_ex.c ****           frequency = (pllvco * plln) / (((READ_BIT(RCC->PLLCFGR, RCC_PLLCFGR_PLLQ) >> RCC_PLLCFGR_
 1772              		.loc 1 1067 18 is_stmt 0 view .LVU629
 1773 04fe 074A     		ldr	r2, .L394
 1774 0500 D068     		ldr	r0, [r2, #12]
 1775              	.LVL143:
1068:Drivers/STM32G4xx_HAL_Driver/Src/stm32g4xx_hal_rcc_ex.c ****         }
 1776              		.loc 1 1068 11 is_stmt 1 view .LVU630
1068:Drivers/STM32G4xx_HAL_Driver/Src/stm32g4xx_hal_rcc_ex.c ****         }
 1777              		.loc 1 1068 44 is_stmt 0 view .LVU631
 1778 0502 D268     		ldr	r2, [r2, #12]
 1779 0504 A5E6     		b	.L374
 1780              	.LVL144:
 1781              	.L388:
1100:Drivers/STM32G4xx_HAL_Driver/Src/stm32g4xx_hal_rcc_ex.c ****         {
 1782              		.loc 1 1100 9 is_stmt 1 view .LVU632
1100:Drivers/STM32G4xx_HAL_Driver/Src/stm32g4xx_hal_rcc_ex.c ****         {
 1783              		.loc 1 1100 12 is_stmt 0 view .LVU633
 1784 0506 02F17F52 		add	r2, r2, #1069547520
 1785              	.LVL145:
1100:Drivers/STM32G4xx_HAL_Driver/Src/stm32g4xx_hal_rcc_ex.c ****         {
 1786              		.loc 1 1100 12 view .LVU634
 1787 050a 02F50432 		add	r2, r2, #135168
 1788              	.LVL146:
1100:Drivers/STM32G4xx_HAL_Driver/Src/stm32g4xx_hal_rcc_ex.c ****         {
 1789              		.loc 1 1100 12 view .LVU635
 1790 050e D168     		ldr	r1, [r2, #12]
1100:Drivers/STM32G4xx_HAL_Driver/Src/stm32g4xx_hal_rcc_ex.c ****         {
 1791              		.loc 1 1100 11 view .LVU636
 1792 0510 C902     		lsls	r1, r1, #11
 1793 0512 7FF5CEAD 		bpl	.L124
1103:Drivers/STM32G4xx_HAL_Driver/Src/stm32g4xx_hal_rcc_ex.c ****           frequency = (pllvco * plln) / (((READ_BIT(RCC->PLLCFGR, RCC_PLLCFGR_PLLQ) >> RCC_PLLCFGR_
ARM GAS  /tmp/ccaJoL7I.s 			page 62


 1794              		.loc 1 1103 11 is_stmt 1 view .LVU637
1103:Drivers/STM32G4xx_HAL_Driver/Src/stm32g4xx_hal_rcc_ex.c ****           frequency = (pllvco * plln) / (((READ_BIT(RCC->PLLCFGR, RCC_PLLCFGR_PLLQ) >> RCC_PLLCFGR_
 1795              		.loc 1 1103 18 is_stmt 0 view .LVU638
 1796 0516 D068     		ldr	r0, [r2, #12]
 1797              	.LVL147:
1104:Drivers/STM32G4xx_HAL_Driver/Src/stm32g4xx_hal_rcc_ex.c ****         }
 1798              		.loc 1 1104 11 is_stmt 1 view .LVU639
1104:Drivers/STM32G4xx_HAL_Driver/Src/stm32g4xx_hal_rcc_ex.c ****         }
 1799              		.loc 1 1104 44 is_stmt 0 view .LVU640
 1800 0518 D268     		ldr	r2, [r2, #12]
 1801              	.LVL148:
1104:Drivers/STM32G4xx_HAL_Driver/Src/stm32g4xx_hal_rcc_ex.c ****         }
 1802              		.loc 1 1104 44 view .LVU641
 1803 051a 9AE6     		b	.L374
 1804              	.L395:
 1805              		.align	2
 1806              	.L394:
 1807 051c 00100240 		.word	1073876992
 1808 0520 0024F400 		.word	16000000
 1809 0524 00366E01 		.word	24000000
 1810              		.cfi_endproc
 1811              	.LFE331:
 1813              		.section	.text.HAL_RCCEx_EnableLSECSS,"ax",%progbits
 1814              		.align	1
 1815              		.p2align 2,,3
 1816              		.global	HAL_RCCEx_EnableLSECSS
 1817              		.syntax unified
 1818              		.thumb
 1819              		.thumb_func
 1821              	HAL_RCCEx_EnableLSECSS:
 1822              	.LFB332:
1307:Drivers/STM32G4xx_HAL_Driver/Src/stm32g4xx_hal_rcc_ex.c **** 
1308:Drivers/STM32G4xx_HAL_Driver/Src/stm32g4xx_hal_rcc_ex.c **** /**
1309:Drivers/STM32G4xx_HAL_Driver/Src/stm32g4xx_hal_rcc_ex.c ****   * @}
1310:Drivers/STM32G4xx_HAL_Driver/Src/stm32g4xx_hal_rcc_ex.c ****   */
1311:Drivers/STM32G4xx_HAL_Driver/Src/stm32g4xx_hal_rcc_ex.c **** 
1312:Drivers/STM32G4xx_HAL_Driver/Src/stm32g4xx_hal_rcc_ex.c **** /** @defgroup RCCEx_Exported_Functions_Group2 Extended Clock management functions
1313:Drivers/STM32G4xx_HAL_Driver/Src/stm32g4xx_hal_rcc_ex.c ****  *  @brief  Extended Clock management functions
1314:Drivers/STM32G4xx_HAL_Driver/Src/stm32g4xx_hal_rcc_ex.c ****  *
1315:Drivers/STM32G4xx_HAL_Driver/Src/stm32g4xx_hal_rcc_ex.c **** @verbatim
1316:Drivers/STM32G4xx_HAL_Driver/Src/stm32g4xx_hal_rcc_ex.c ****  ===============================================================================
1317:Drivers/STM32G4xx_HAL_Driver/Src/stm32g4xx_hal_rcc_ex.c ****                 ##### Extended clock management functions  #####
1318:Drivers/STM32G4xx_HAL_Driver/Src/stm32g4xx_hal_rcc_ex.c ****  ===============================================================================
1319:Drivers/STM32G4xx_HAL_Driver/Src/stm32g4xx_hal_rcc_ex.c ****     [..]
1320:Drivers/STM32G4xx_HAL_Driver/Src/stm32g4xx_hal_rcc_ex.c ****     This subsection provides a set of functions allowing to control the
1321:Drivers/STM32G4xx_HAL_Driver/Src/stm32g4xx_hal_rcc_ex.c ****     activation or deactivation of LSE CSS,
1322:Drivers/STM32G4xx_HAL_Driver/Src/stm32g4xx_hal_rcc_ex.c ****     Low speed clock output and clock after wake-up from STOP mode.
1323:Drivers/STM32G4xx_HAL_Driver/Src/stm32g4xx_hal_rcc_ex.c **** @endverbatim
1324:Drivers/STM32G4xx_HAL_Driver/Src/stm32g4xx_hal_rcc_ex.c ****   * @{
1325:Drivers/STM32G4xx_HAL_Driver/Src/stm32g4xx_hal_rcc_ex.c ****   */
1326:Drivers/STM32G4xx_HAL_Driver/Src/stm32g4xx_hal_rcc_ex.c **** 
1327:Drivers/STM32G4xx_HAL_Driver/Src/stm32g4xx_hal_rcc_ex.c **** /**
1328:Drivers/STM32G4xx_HAL_Driver/Src/stm32g4xx_hal_rcc_ex.c ****   * @brief  Enable the LSE Clock Security System.
1329:Drivers/STM32G4xx_HAL_Driver/Src/stm32g4xx_hal_rcc_ex.c ****   * @note   Prior to enable the LSE Clock Security System, LSE oscillator is to be enabled
1330:Drivers/STM32G4xx_HAL_Driver/Src/stm32g4xx_hal_rcc_ex.c ****   *         with HAL_RCC_OscConfig() and the LSE oscillator clock is to be selected as RTC
1331:Drivers/STM32G4xx_HAL_Driver/Src/stm32g4xx_hal_rcc_ex.c ****   *         clock with HAL_RCCEx_PeriphCLKConfig().
1332:Drivers/STM32G4xx_HAL_Driver/Src/stm32g4xx_hal_rcc_ex.c ****   * @retval None
ARM GAS  /tmp/ccaJoL7I.s 			page 63


1333:Drivers/STM32G4xx_HAL_Driver/Src/stm32g4xx_hal_rcc_ex.c ****   */
1334:Drivers/STM32G4xx_HAL_Driver/Src/stm32g4xx_hal_rcc_ex.c **** void HAL_RCCEx_EnableLSECSS(void)
1335:Drivers/STM32G4xx_HAL_Driver/Src/stm32g4xx_hal_rcc_ex.c **** {
 1823              		.loc 1 1335 1 is_stmt 1 view -0
 1824              		.cfi_startproc
 1825              		@ args = 0, pretend = 0, frame = 0
 1826              		@ frame_needed = 0, uses_anonymous_args = 0
 1827              		@ link register save eliminated.
1336:Drivers/STM32G4xx_HAL_Driver/Src/stm32g4xx_hal_rcc_ex.c ****   SET_BIT(RCC->BDCR, RCC_BDCR_LSECSSON) ;
 1828              		.loc 1 1336 3 view .LVU643
 1829 0000 034A     		ldr	r2, .L397
 1830 0002 D2F89030 		ldr	r3, [r2, #144]
 1831 0006 43F02003 		orr	r3, r3, #32
 1832 000a C2F89030 		str	r3, [r2, #144]
1337:Drivers/STM32G4xx_HAL_Driver/Src/stm32g4xx_hal_rcc_ex.c **** }
 1833              		.loc 1 1337 1 is_stmt 0 view .LVU644
 1834 000e 7047     		bx	lr
 1835              	.L398:
 1836              		.align	2
 1837              	.L397:
 1838 0010 00100240 		.word	1073876992
 1839              		.cfi_endproc
 1840              	.LFE332:
 1842              		.section	.text.HAL_RCCEx_DisableLSECSS,"ax",%progbits
 1843              		.align	1
 1844              		.p2align 2,,3
 1845              		.global	HAL_RCCEx_DisableLSECSS
 1846              		.syntax unified
 1847              		.thumb
 1848              		.thumb_func
 1850              	HAL_RCCEx_DisableLSECSS:
 1851              	.LFB333:
1338:Drivers/STM32G4xx_HAL_Driver/Src/stm32g4xx_hal_rcc_ex.c **** 
1339:Drivers/STM32G4xx_HAL_Driver/Src/stm32g4xx_hal_rcc_ex.c **** /**
1340:Drivers/STM32G4xx_HAL_Driver/Src/stm32g4xx_hal_rcc_ex.c ****   * @brief  Disable the LSE Clock Security System.
1341:Drivers/STM32G4xx_HAL_Driver/Src/stm32g4xx_hal_rcc_ex.c ****   * @note   LSE Clock Security System can only be disabled after a LSE failure detection.
1342:Drivers/STM32G4xx_HAL_Driver/Src/stm32g4xx_hal_rcc_ex.c ****   * @retval None
1343:Drivers/STM32G4xx_HAL_Driver/Src/stm32g4xx_hal_rcc_ex.c ****   */
1344:Drivers/STM32G4xx_HAL_Driver/Src/stm32g4xx_hal_rcc_ex.c **** void HAL_RCCEx_DisableLSECSS(void)
1345:Drivers/STM32G4xx_HAL_Driver/Src/stm32g4xx_hal_rcc_ex.c **** {
 1852              		.loc 1 1345 1 is_stmt 1 view -0
 1853              		.cfi_startproc
 1854              		@ args = 0, pretend = 0, frame = 0
 1855              		@ frame_needed = 0, uses_anonymous_args = 0
 1856              		@ link register save eliminated.
1346:Drivers/STM32G4xx_HAL_Driver/Src/stm32g4xx_hal_rcc_ex.c ****   CLEAR_BIT(RCC->BDCR, RCC_BDCR_LSECSSON) ;
 1857              		.loc 1 1346 3 view .LVU646
 1858 0000 054B     		ldr	r3, .L400
 1859 0002 D3F89020 		ldr	r2, [r3, #144]
 1860 0006 22F02002 		bic	r2, r2, #32
 1861 000a C3F89020 		str	r2, [r3, #144]
1347:Drivers/STM32G4xx_HAL_Driver/Src/stm32g4xx_hal_rcc_ex.c **** 
1348:Drivers/STM32G4xx_HAL_Driver/Src/stm32g4xx_hal_rcc_ex.c ****   /* Disable LSE CSS IT if any */
1349:Drivers/STM32G4xx_HAL_Driver/Src/stm32g4xx_hal_rcc_ex.c ****   __HAL_RCC_DISABLE_IT(RCC_IT_LSECSS);
 1862              		.loc 1 1349 3 view .LVU647
 1863 000e 9A69     		ldr	r2, [r3, #24]
 1864 0010 22F40072 		bic	r2, r2, #512
ARM GAS  /tmp/ccaJoL7I.s 			page 64


 1865 0014 9A61     		str	r2, [r3, #24]
1350:Drivers/STM32G4xx_HAL_Driver/Src/stm32g4xx_hal_rcc_ex.c **** }
 1866              		.loc 1 1350 1 is_stmt 0 view .LVU648
 1867 0016 7047     		bx	lr
 1868              	.L401:
 1869              		.align	2
 1870              	.L400:
 1871 0018 00100240 		.word	1073876992
 1872              		.cfi_endproc
 1873              	.LFE333:
 1875              		.section	.text.HAL_RCCEx_EnableLSECSS_IT,"ax",%progbits
 1876              		.align	1
 1877              		.p2align 2,,3
 1878              		.global	HAL_RCCEx_EnableLSECSS_IT
 1879              		.syntax unified
 1880              		.thumb
 1881              		.thumb_func
 1883              	HAL_RCCEx_EnableLSECSS_IT:
 1884              	.LFB334:
1351:Drivers/STM32G4xx_HAL_Driver/Src/stm32g4xx_hal_rcc_ex.c **** 
1352:Drivers/STM32G4xx_HAL_Driver/Src/stm32g4xx_hal_rcc_ex.c **** /**
1353:Drivers/STM32G4xx_HAL_Driver/Src/stm32g4xx_hal_rcc_ex.c ****   * @brief  Enable the LSE Clock Security System Interrupt & corresponding EXTI line.
1354:Drivers/STM32G4xx_HAL_Driver/Src/stm32g4xx_hal_rcc_ex.c ****   * @note   LSE Clock Security System Interrupt is mapped on RTC EXTI line 19
1355:Drivers/STM32G4xx_HAL_Driver/Src/stm32g4xx_hal_rcc_ex.c ****   * @retval None
1356:Drivers/STM32G4xx_HAL_Driver/Src/stm32g4xx_hal_rcc_ex.c ****   */
1357:Drivers/STM32G4xx_HAL_Driver/Src/stm32g4xx_hal_rcc_ex.c **** void HAL_RCCEx_EnableLSECSS_IT(void)
1358:Drivers/STM32G4xx_HAL_Driver/Src/stm32g4xx_hal_rcc_ex.c **** {
 1885              		.loc 1 1358 1 is_stmt 1 view -0
 1886              		.cfi_startproc
 1887              		@ args = 0, pretend = 0, frame = 0
 1888              		@ frame_needed = 0, uses_anonymous_args = 0
 1889              		@ link register save eliminated.
1359:Drivers/STM32G4xx_HAL_Driver/Src/stm32g4xx_hal_rcc_ex.c ****   /* Enable LSE CSS */
1360:Drivers/STM32G4xx_HAL_Driver/Src/stm32g4xx_hal_rcc_ex.c ****   SET_BIT(RCC->BDCR, RCC_BDCR_LSECSSON) ;
 1890              		.loc 1 1360 3 view .LVU650
 1891 0000 0A4A     		ldr	r2, .L403
1361:Drivers/STM32G4xx_HAL_Driver/Src/stm32g4xx_hal_rcc_ex.c **** 
1362:Drivers/STM32G4xx_HAL_Driver/Src/stm32g4xx_hal_rcc_ex.c ****   /* Enable LSE CSS IT */
1363:Drivers/STM32G4xx_HAL_Driver/Src/stm32g4xx_hal_rcc_ex.c ****   __HAL_RCC_ENABLE_IT(RCC_IT_LSECSS);
1364:Drivers/STM32G4xx_HAL_Driver/Src/stm32g4xx_hal_rcc_ex.c **** 
1365:Drivers/STM32G4xx_HAL_Driver/Src/stm32g4xx_hal_rcc_ex.c ****   /* Enable IT on EXTI Line 19 */
1366:Drivers/STM32G4xx_HAL_Driver/Src/stm32g4xx_hal_rcc_ex.c ****   __HAL_RCC_LSECSS_EXTI_ENABLE_IT();
 1892              		.loc 1 1366 3 is_stmt 0 view .LVU651
 1893 0002 0B4B     		ldr	r3, .L403+4
1360:Drivers/STM32G4xx_HAL_Driver/Src/stm32g4xx_hal_rcc_ex.c **** 
 1894              		.loc 1 1360 3 view .LVU652
 1895 0004 D2F89010 		ldr	r1, [r2, #144]
 1896 0008 41F02001 		orr	r1, r1, #32
 1897 000c C2F89010 		str	r1, [r2, #144]
1363:Drivers/STM32G4xx_HAL_Driver/Src/stm32g4xx_hal_rcc_ex.c **** 
 1898              		.loc 1 1363 3 is_stmt 1 view .LVU653
 1899 0010 9169     		ldr	r1, [r2, #24]
 1900 0012 41F40071 		orr	r1, r1, #512
 1901 0016 9161     		str	r1, [r2, #24]
 1902              		.loc 1 1366 3 view .LVU654
 1903 0018 1A68     		ldr	r2, [r3]
 1904 001a 42F40022 		orr	r2, r2, #524288
ARM GAS  /tmp/ccaJoL7I.s 			page 65


 1905 001e 1A60     		str	r2, [r3]
1367:Drivers/STM32G4xx_HAL_Driver/Src/stm32g4xx_hal_rcc_ex.c ****   __HAL_RCC_LSECSS_EXTI_ENABLE_RISING_EDGE();
 1906              		.loc 1 1367 3 view .LVU655
 1907 0020 9A68     		ldr	r2, [r3, #8]
 1908 0022 42F40022 		orr	r2, r2, #524288
 1909 0026 9A60     		str	r2, [r3, #8]
1368:Drivers/STM32G4xx_HAL_Driver/Src/stm32g4xx_hal_rcc_ex.c **** }
 1910              		.loc 1 1368 1 is_stmt 0 view .LVU656
 1911 0028 7047     		bx	lr
 1912              	.L404:
 1913 002a 00BF     		.align	2
 1914              	.L403:
 1915 002c 00100240 		.word	1073876992
 1916 0030 00040140 		.word	1073808384
 1917              		.cfi_endproc
 1918              	.LFE334:
 1920              		.section	.text.HAL_RCCEx_LSECSS_Callback,"ax",%progbits
 1921              		.align	1
 1922              		.p2align 2,,3
 1923              		.weak	HAL_RCCEx_LSECSS_Callback
 1924              		.syntax unified
 1925              		.thumb
 1926              		.thumb_func
 1928              	HAL_RCCEx_LSECSS_Callback:
 1929              	.LFB336:
1369:Drivers/STM32G4xx_HAL_Driver/Src/stm32g4xx_hal_rcc_ex.c **** 
1370:Drivers/STM32G4xx_HAL_Driver/Src/stm32g4xx_hal_rcc_ex.c **** /**
1371:Drivers/STM32G4xx_HAL_Driver/Src/stm32g4xx_hal_rcc_ex.c ****   * @brief Handle the RCC LSE Clock Security System interrupt request.
1372:Drivers/STM32G4xx_HAL_Driver/Src/stm32g4xx_hal_rcc_ex.c ****   * @retval None
1373:Drivers/STM32G4xx_HAL_Driver/Src/stm32g4xx_hal_rcc_ex.c ****   */
1374:Drivers/STM32G4xx_HAL_Driver/Src/stm32g4xx_hal_rcc_ex.c **** void HAL_RCCEx_LSECSS_IRQHandler(void)
1375:Drivers/STM32G4xx_HAL_Driver/Src/stm32g4xx_hal_rcc_ex.c **** {
1376:Drivers/STM32G4xx_HAL_Driver/Src/stm32g4xx_hal_rcc_ex.c ****   /* Check RCC LSE CSSF flag  */
1377:Drivers/STM32G4xx_HAL_Driver/Src/stm32g4xx_hal_rcc_ex.c ****   if(__HAL_RCC_GET_IT(RCC_IT_LSECSS))
1378:Drivers/STM32G4xx_HAL_Driver/Src/stm32g4xx_hal_rcc_ex.c ****   {
1379:Drivers/STM32G4xx_HAL_Driver/Src/stm32g4xx_hal_rcc_ex.c ****     /* RCC LSE Clock Security System interrupt user callback */
1380:Drivers/STM32G4xx_HAL_Driver/Src/stm32g4xx_hal_rcc_ex.c ****     HAL_RCCEx_LSECSS_Callback();
1381:Drivers/STM32G4xx_HAL_Driver/Src/stm32g4xx_hal_rcc_ex.c **** 
1382:Drivers/STM32G4xx_HAL_Driver/Src/stm32g4xx_hal_rcc_ex.c ****     /* Clear RCC LSE CSS pending bit */
1383:Drivers/STM32G4xx_HAL_Driver/Src/stm32g4xx_hal_rcc_ex.c ****     __HAL_RCC_CLEAR_IT(RCC_IT_LSECSS);
1384:Drivers/STM32G4xx_HAL_Driver/Src/stm32g4xx_hal_rcc_ex.c ****   }
1385:Drivers/STM32G4xx_HAL_Driver/Src/stm32g4xx_hal_rcc_ex.c **** }
1386:Drivers/STM32G4xx_HAL_Driver/Src/stm32g4xx_hal_rcc_ex.c **** 
1387:Drivers/STM32G4xx_HAL_Driver/Src/stm32g4xx_hal_rcc_ex.c **** /**
1388:Drivers/STM32G4xx_HAL_Driver/Src/stm32g4xx_hal_rcc_ex.c ****   * @brief  RCCEx LSE Clock Security System interrupt callback.
1389:Drivers/STM32G4xx_HAL_Driver/Src/stm32g4xx_hal_rcc_ex.c ****   * @retval none
1390:Drivers/STM32G4xx_HAL_Driver/Src/stm32g4xx_hal_rcc_ex.c ****   */
1391:Drivers/STM32G4xx_HAL_Driver/Src/stm32g4xx_hal_rcc_ex.c **** __weak void HAL_RCCEx_LSECSS_Callback(void)
1392:Drivers/STM32G4xx_HAL_Driver/Src/stm32g4xx_hal_rcc_ex.c **** {
 1930              		.loc 1 1392 1 is_stmt 1 view -0
 1931              		.cfi_startproc
 1932              		@ args = 0, pretend = 0, frame = 0
 1933              		@ frame_needed = 0, uses_anonymous_args = 0
 1934              		@ link register save eliminated.
1393:Drivers/STM32G4xx_HAL_Driver/Src/stm32g4xx_hal_rcc_ex.c ****   /* NOTE : This function should not be modified, when the callback is needed,
1394:Drivers/STM32G4xx_HAL_Driver/Src/stm32g4xx_hal_rcc_ex.c ****             the @ref HAL_RCCEx_LSECSS_Callback should be implemented in the user file
1395:Drivers/STM32G4xx_HAL_Driver/Src/stm32g4xx_hal_rcc_ex.c ****    */
ARM GAS  /tmp/ccaJoL7I.s 			page 66


1396:Drivers/STM32G4xx_HAL_Driver/Src/stm32g4xx_hal_rcc_ex.c **** }
 1935              		.loc 1 1396 1 view .LVU658
 1936 0000 7047     		bx	lr
 1937              		.cfi_endproc
 1938              	.LFE336:
 1940 0002 00BF     		.section	.text.HAL_RCCEx_LSECSS_IRQHandler,"ax",%progbits
 1941              		.align	1
 1942              		.p2align 2,,3
 1943              		.global	HAL_RCCEx_LSECSS_IRQHandler
 1944              		.syntax unified
 1945              		.thumb
 1946              		.thumb_func
 1948              	HAL_RCCEx_LSECSS_IRQHandler:
 1949              	.LFB335:
1375:Drivers/STM32G4xx_HAL_Driver/Src/stm32g4xx_hal_rcc_ex.c ****   /* Check RCC LSE CSSF flag  */
 1950              		.loc 1 1375 1 view -0
 1951              		.cfi_startproc
 1952              		@ args = 0, pretend = 0, frame = 0
 1953              		@ frame_needed = 0, uses_anonymous_args = 0
1377:Drivers/STM32G4xx_HAL_Driver/Src/stm32g4xx_hal_rcc_ex.c ****   {
 1954              		.loc 1 1377 3 view .LVU660
1375:Drivers/STM32G4xx_HAL_Driver/Src/stm32g4xx_hal_rcc_ex.c ****   /* Check RCC LSE CSSF flag  */
 1955              		.loc 1 1375 1 is_stmt 0 view .LVU661
 1956 0000 08B5     		push	{r3, lr}
 1957              	.LCFI6:
 1958              		.cfi_def_cfa_offset 8
 1959              		.cfi_offset 3, -8
 1960              		.cfi_offset 14, -4
1377:Drivers/STM32G4xx_HAL_Driver/Src/stm32g4xx_hal_rcc_ex.c ****   {
 1961              		.loc 1 1377 6 view .LVU662
 1962 0002 064B     		ldr	r3, .L413
 1963 0004 DA69     		ldr	r2, [r3, #28]
1377:Drivers/STM32G4xx_HAL_Driver/Src/stm32g4xx_hal_rcc_ex.c ****   {
 1964              		.loc 1 1377 5 view .LVU663
 1965 0006 9305     		lsls	r3, r2, #22
 1966 0008 00D4     		bmi	.L412
1385:Drivers/STM32G4xx_HAL_Driver/Src/stm32g4xx_hal_rcc_ex.c **** 
 1967              		.loc 1 1385 1 view .LVU664
 1968 000a 08BD     		pop	{r3, pc}
 1969              	.L412:
1380:Drivers/STM32G4xx_HAL_Driver/Src/stm32g4xx_hal_rcc_ex.c **** 
 1970              		.loc 1 1380 5 is_stmt 1 view .LVU665
 1971 000c FFF7FEFF 		bl	HAL_RCCEx_LSECSS_Callback
 1972              	.LVL149:
1383:Drivers/STM32G4xx_HAL_Driver/Src/stm32g4xx_hal_rcc_ex.c ****   }
 1973              		.loc 1 1383 5 view .LVU666
 1974 0010 024B     		ldr	r3, .L413
 1975 0012 4FF40072 		mov	r2, #512
 1976 0016 1A62     		str	r2, [r3, #32]
1385:Drivers/STM32G4xx_HAL_Driver/Src/stm32g4xx_hal_rcc_ex.c **** 
 1977              		.loc 1 1385 1 is_stmt 0 view .LVU667
 1978 0018 08BD     		pop	{r3, pc}
 1979              	.L414:
 1980 001a 00BF     		.align	2
 1981              	.L413:
 1982 001c 00100240 		.word	1073876992
 1983              		.cfi_endproc
ARM GAS  /tmp/ccaJoL7I.s 			page 67


 1984              	.LFE335:
 1986              		.section	.text.HAL_RCCEx_EnableLSCO,"ax",%progbits
 1987              		.align	1
 1988              		.p2align 2,,3
 1989              		.global	HAL_RCCEx_EnableLSCO
 1990              		.syntax unified
 1991              		.thumb
 1992              		.thumb_func
 1994              	HAL_RCCEx_EnableLSCO:
 1995              	.LVL150:
 1996              	.LFB337:
1397:Drivers/STM32G4xx_HAL_Driver/Src/stm32g4xx_hal_rcc_ex.c **** 
1398:Drivers/STM32G4xx_HAL_Driver/Src/stm32g4xx_hal_rcc_ex.c **** /**
1399:Drivers/STM32G4xx_HAL_Driver/Src/stm32g4xx_hal_rcc_ex.c ****   * @brief  Select the Low Speed clock source to output on LSCO pin (PA2).
1400:Drivers/STM32G4xx_HAL_Driver/Src/stm32g4xx_hal_rcc_ex.c ****   * @param  LSCOSource  specifies the Low Speed clock source to output.
1401:Drivers/STM32G4xx_HAL_Driver/Src/stm32g4xx_hal_rcc_ex.c ****   *          This parameter can be one of the following values:
1402:Drivers/STM32G4xx_HAL_Driver/Src/stm32g4xx_hal_rcc_ex.c ****   *            @arg @ref RCC_LSCOSOURCE_LSI  LSI clock selected as LSCO source
1403:Drivers/STM32G4xx_HAL_Driver/Src/stm32g4xx_hal_rcc_ex.c ****   *            @arg @ref RCC_LSCOSOURCE_LSE  LSE clock selected as LSCO source
1404:Drivers/STM32G4xx_HAL_Driver/Src/stm32g4xx_hal_rcc_ex.c ****   * @retval None
1405:Drivers/STM32G4xx_HAL_Driver/Src/stm32g4xx_hal_rcc_ex.c ****   */
1406:Drivers/STM32G4xx_HAL_Driver/Src/stm32g4xx_hal_rcc_ex.c **** void HAL_RCCEx_EnableLSCO(uint32_t LSCOSource)
1407:Drivers/STM32G4xx_HAL_Driver/Src/stm32g4xx_hal_rcc_ex.c **** {
 1997              		.loc 1 1407 1 is_stmt 1 view -0
 1998              		.cfi_startproc
 1999              		@ args = 0, pretend = 0, frame = 32
 2000              		@ frame_needed = 0, uses_anonymous_args = 0
1408:Drivers/STM32G4xx_HAL_Driver/Src/stm32g4xx_hal_rcc_ex.c ****   GPIO_InitTypeDef GPIO_InitStruct = {0};
 2001              		.loc 1 1408 3 view .LVU669
1407:Drivers/STM32G4xx_HAL_Driver/Src/stm32g4xx_hal_rcc_ex.c ****   GPIO_InitTypeDef GPIO_InitStruct = {0};
 2002              		.loc 1 1407 1 is_stmt 0 view .LVU670
 2003 0000 70B5     		push	{r4, r5, r6, lr}
 2004              	.LCFI7:
 2005              		.cfi_def_cfa_offset 16
 2006              		.cfi_offset 4, -16
 2007              		.cfi_offset 5, -12
 2008              		.cfi_offset 6, -8
 2009              		.cfi_offset 14, -4
 2010              		.loc 1 1408 20 view .LVU671
 2011 0002 0025     		movs	r5, #0
1407:Drivers/STM32G4xx_HAL_Driver/Src/stm32g4xx_hal_rcc_ex.c ****   GPIO_InitTypeDef GPIO_InitStruct = {0};
 2012              		.loc 1 1407 1 view .LVU672
 2013 0004 88B0     		sub	sp, sp, #32
 2014              	.LCFI8:
 2015              		.cfi_def_cfa_offset 48
 2016              		.loc 1 1408 20 view .LVU673
 2017 0006 CDE90455 		strd	r5, r5, [sp, #16]
 2018              	.LBB7:
1409:Drivers/STM32G4xx_HAL_Driver/Src/stm32g4xx_hal_rcc_ex.c ****   FlagStatus       pwrclkchanged = RESET;
1410:Drivers/STM32G4xx_HAL_Driver/Src/stm32g4xx_hal_rcc_ex.c ****   FlagStatus       backupchanged = RESET;
1411:Drivers/STM32G4xx_HAL_Driver/Src/stm32g4xx_hal_rcc_ex.c **** 
1412:Drivers/STM32G4xx_HAL_Driver/Src/stm32g4xx_hal_rcc_ex.c ****   /* Check the parameters */
1413:Drivers/STM32G4xx_HAL_Driver/Src/stm32g4xx_hal_rcc_ex.c ****   assert_param(IS_RCC_LSCOSOURCE(LSCOSource));
1414:Drivers/STM32G4xx_HAL_Driver/Src/stm32g4xx_hal_rcc_ex.c **** 
1415:Drivers/STM32G4xx_HAL_Driver/Src/stm32g4xx_hal_rcc_ex.c ****   /* LSCO Pin Clock Enable */
1416:Drivers/STM32G4xx_HAL_Driver/Src/stm32g4xx_hal_rcc_ex.c ****   __LSCO_CLK_ENABLE();
 2019              		.loc 1 1416 3 view .LVU674
 2020 000a 244C     		ldr	r4, .L422
ARM GAS  /tmp/ccaJoL7I.s 			page 68


 2021              	.LBE7:
1408:Drivers/STM32G4xx_HAL_Driver/Src/stm32g4xx_hal_rcc_ex.c ****   FlagStatus       pwrclkchanged = RESET;
 2022              		.loc 1 1408 20 view .LVU675
 2023 000c 0695     		str	r5, [sp, #24]
1409:Drivers/STM32G4xx_HAL_Driver/Src/stm32g4xx_hal_rcc_ex.c ****   FlagStatus       pwrclkchanged = RESET;
 2024              		.loc 1 1409 3 is_stmt 1 view .LVU676
 2025              	.LVL151:
1410:Drivers/STM32G4xx_HAL_Driver/Src/stm32g4xx_hal_rcc_ex.c **** 
 2026              		.loc 1 1410 3 view .LVU677
1413:Drivers/STM32G4xx_HAL_Driver/Src/stm32g4xx_hal_rcc_ex.c **** 
 2027              		.loc 1 1413 3 view .LVU678
 2028              		.loc 1 1416 3 view .LVU679
 2029              	.LBB8:
 2030              		.loc 1 1416 3 view .LVU680
 2031              		.loc 1 1416 3 view .LVU681
 2032 000e E36C     		ldr	r3, [r4, #76]
 2033 0010 43F00103 		orr	r3, r3, #1
 2034 0014 E364     		str	r3, [r4, #76]
 2035              		.loc 1 1416 3 view .LVU682
 2036 0016 E36C     		ldr	r3, [r4, #76]
 2037 0018 03F00103 		and	r3, r3, #1
 2038 001c 0093     		str	r3, [sp]
 2039              		.loc 1 1416 3 view .LVU683
 2040              	.LBE8:
1417:Drivers/STM32G4xx_HAL_Driver/Src/stm32g4xx_hal_rcc_ex.c **** 
1418:Drivers/STM32G4xx_HAL_Driver/Src/stm32g4xx_hal_rcc_ex.c ****   /* Configure the LSCO pin in analog mode */
1419:Drivers/STM32G4xx_HAL_Driver/Src/stm32g4xx_hal_rcc_ex.c ****   GPIO_InitStruct.Pin = LSCO_PIN;
 2041              		.loc 1 1419 23 is_stmt 0 view .LVU684
 2042 001e 0422     		movs	r2, #4
 2043 0020 0323     		movs	r3, #3
 2044 0022 CDE90223 		strd	r2, [sp, #8]
1407:Drivers/STM32G4xx_HAL_Driver/Src/stm32g4xx_hal_rcc_ex.c ****   GPIO_InitTypeDef GPIO_InitStruct = {0};
 2045              		.loc 1 1407 1 view .LVU685
 2046 0026 0646     		mov	r6, r0
1420:Drivers/STM32G4xx_HAL_Driver/Src/stm32g4xx_hal_rcc_ex.c ****   GPIO_InitStruct.Mode = GPIO_MODE_ANALOG;
1421:Drivers/STM32G4xx_HAL_Driver/Src/stm32g4xx_hal_rcc_ex.c ****   GPIO_InitStruct.Speed = GPIO_SPEED_FREQ_HIGH;
 2047              		.loc 1 1421 25 view .LVU686
 2048 0028 0223     		movs	r3, #2
1422:Drivers/STM32G4xx_HAL_Driver/Src/stm32g4xx_hal_rcc_ex.c ****   GPIO_InitStruct.Pull = GPIO_NOPULL;
1423:Drivers/STM32G4xx_HAL_Driver/Src/stm32g4xx_hal_rcc_ex.c ****   HAL_GPIO_Init(LSCO_GPIO_PORT, &GPIO_InitStruct);
 2049              		.loc 1 1423 3 view .LVU687
 2050 002a 02A9     		add	r1, sp, #8
 2051 002c 4FF09040 		mov	r0, #1207959552
 2052              	.LVL152:
 2053              	.LBB9:
1416:Drivers/STM32G4xx_HAL_Driver/Src/stm32g4xx_hal_rcc_ex.c **** 
 2054              		.loc 1 1416 3 view .LVU688
 2055 0030 009A     		ldr	r2, [sp]
 2056              	.LBE9:
1416:Drivers/STM32G4xx_HAL_Driver/Src/stm32g4xx_hal_rcc_ex.c **** 
 2057              		.loc 1 1416 3 is_stmt 1 view .LVU689
1419:Drivers/STM32G4xx_HAL_Driver/Src/stm32g4xx_hal_rcc_ex.c ****   GPIO_InitStruct.Mode = GPIO_MODE_ANALOG;
 2058              		.loc 1 1419 3 view .LVU690
1420:Drivers/STM32G4xx_HAL_Driver/Src/stm32g4xx_hal_rcc_ex.c ****   GPIO_InitStruct.Speed = GPIO_SPEED_FREQ_HIGH;
 2059              		.loc 1 1420 3 view .LVU691
1421:Drivers/STM32G4xx_HAL_Driver/Src/stm32g4xx_hal_rcc_ex.c ****   GPIO_InitStruct.Pull = GPIO_NOPULL;
 2060              		.loc 1 1421 3 view .LVU692
ARM GAS  /tmp/ccaJoL7I.s 			page 69


1421:Drivers/STM32G4xx_HAL_Driver/Src/stm32g4xx_hal_rcc_ex.c ****   GPIO_InitStruct.Pull = GPIO_NOPULL;
 2061              		.loc 1 1421 25 is_stmt 0 view .LVU693
 2062 0032 0593     		str	r3, [sp, #20]
1422:Drivers/STM32G4xx_HAL_Driver/Src/stm32g4xx_hal_rcc_ex.c ****   HAL_GPIO_Init(LSCO_GPIO_PORT, &GPIO_InitStruct);
 2063              		.loc 1 1422 3 is_stmt 1 view .LVU694
 2064              		.loc 1 1423 3 view .LVU695
 2065 0034 FFF7FEFF 		bl	HAL_GPIO_Init
 2066              	.LVL153:
1424:Drivers/STM32G4xx_HAL_Driver/Src/stm32g4xx_hal_rcc_ex.c **** 
1425:Drivers/STM32G4xx_HAL_Driver/Src/stm32g4xx_hal_rcc_ex.c ****   /* Update LSCOSEL clock source in Backup Domain control register */
1426:Drivers/STM32G4xx_HAL_Driver/Src/stm32g4xx_hal_rcc_ex.c ****   if(__HAL_RCC_PWR_IS_CLK_DISABLED())
 2067              		.loc 1 1426 3 view .LVU696
 2068              		.loc 1 1426 6 is_stmt 0 view .LVU697
 2069 0038 A36D     		ldr	r3, [r4, #88]
 2070              		.loc 1 1426 5 view .LVU698
 2071 003a DA00     		lsls	r2, r3, #3
 2072 003c 09D4     		bmi	.L416
1427:Drivers/STM32G4xx_HAL_Driver/Src/stm32g4xx_hal_rcc_ex.c ****   {
1428:Drivers/STM32G4xx_HAL_Driver/Src/stm32g4xx_hal_rcc_ex.c ****     __HAL_RCC_PWR_CLK_ENABLE();
 2073              		.loc 1 1428 5 is_stmt 1 view .LVU699
 2074              	.LBB10:
 2075              		.loc 1 1428 5 view .LVU700
 2076              		.loc 1 1428 5 view .LVU701
 2077 003e A36D     		ldr	r3, [r4, #88]
 2078 0040 43F08053 		orr	r3, r3, #268435456
 2079 0044 A365     		str	r3, [r4, #88]
 2080              		.loc 1 1428 5 view .LVU702
 2081 0046 A36D     		ldr	r3, [r4, #88]
 2082 0048 03F08053 		and	r3, r3, #268435456
 2083 004c 0193     		str	r3, [sp, #4]
 2084              		.loc 1 1428 5 view .LVU703
 2085 004e 019B     		ldr	r3, [sp, #4]
 2086              	.LBE10:
 2087              		.loc 1 1428 5 view .LVU704
1429:Drivers/STM32G4xx_HAL_Driver/Src/stm32g4xx_hal_rcc_ex.c ****     pwrclkchanged = SET;
 2088              		.loc 1 1429 5 view .LVU705
 2089              	.LVL154:
 2090              		.loc 1 1429 19 is_stmt 0 view .LVU706
 2091 0050 0125     		movs	r5, #1
 2092              	.LVL155:
 2093              	.L416:
1430:Drivers/STM32G4xx_HAL_Driver/Src/stm32g4xx_hal_rcc_ex.c ****   }
1431:Drivers/STM32G4xx_HAL_Driver/Src/stm32g4xx_hal_rcc_ex.c ****   if(HAL_IS_BIT_CLR(PWR->CR1, PWR_CR1_DBP))
 2094              		.loc 1 1431 3 is_stmt 1 view .LVU707
 2095              		.loc 1 1431 6 is_stmt 0 view .LVU708
 2096 0052 134B     		ldr	r3, .L422+4
 2097 0054 1B68     		ldr	r3, [r3]
 2098              		.loc 1 1431 5 view .LVU709
 2099 0056 DB05     		lsls	r3, r3, #23
 2100 0058 11D5     		bpl	.L417
1432:Drivers/STM32G4xx_HAL_Driver/Src/stm32g4xx_hal_rcc_ex.c ****   {
1433:Drivers/STM32G4xx_HAL_Driver/Src/stm32g4xx_hal_rcc_ex.c ****     HAL_PWR_EnableBkUpAccess();
1434:Drivers/STM32G4xx_HAL_Driver/Src/stm32g4xx_hal_rcc_ex.c ****     backupchanged = SET;
1435:Drivers/STM32G4xx_HAL_Driver/Src/stm32g4xx_hal_rcc_ex.c ****   }
1436:Drivers/STM32G4xx_HAL_Driver/Src/stm32g4xx_hal_rcc_ex.c **** 
1437:Drivers/STM32G4xx_HAL_Driver/Src/stm32g4xx_hal_rcc_ex.c ****   MODIFY_REG(RCC->BDCR, RCC_BDCR_LSCOSEL | RCC_BDCR_LSCOEN, LSCOSource | RCC_BDCR_LSCOEN);
 2101              		.loc 1 1437 3 is_stmt 1 view .LVU710
ARM GAS  /tmp/ccaJoL7I.s 			page 70


 2102 005a 104B     		ldr	r3, .L422
 2103 005c D3F89000 		ldr	r0, [r3, #144]
 2104 0060 20F04070 		bic	r0, r0, #50331648
 2105 0064 3043     		orrs	r0, r0, r6
 2106 0066 40F08070 		orr	r0, r0, #16777216
 2107 006a C3F89000 		str	r0, [r3, #144]
1438:Drivers/STM32G4xx_HAL_Driver/Src/stm32g4xx_hal_rcc_ex.c **** 
1439:Drivers/STM32G4xx_HAL_Driver/Src/stm32g4xx_hal_rcc_ex.c ****   if(backupchanged == SET)
 2108              		.loc 1 1439 3 view .LVU711
 2109              	.LVL156:
 2110              	.L418:
1440:Drivers/STM32G4xx_HAL_Driver/Src/stm32g4xx_hal_rcc_ex.c ****   {
1441:Drivers/STM32G4xx_HAL_Driver/Src/stm32g4xx_hal_rcc_ex.c ****     HAL_PWR_DisableBkUpAccess();
1442:Drivers/STM32G4xx_HAL_Driver/Src/stm32g4xx_hal_rcc_ex.c ****   }
1443:Drivers/STM32G4xx_HAL_Driver/Src/stm32g4xx_hal_rcc_ex.c ****   if(pwrclkchanged == SET)
 2111              		.loc 1 1443 3 view .LVU712
 2112              		.loc 1 1443 5 is_stmt 0 view .LVU713
 2113 006e 25B1     		cbz	r5, .L415
1444:Drivers/STM32G4xx_HAL_Driver/Src/stm32g4xx_hal_rcc_ex.c ****   {
1445:Drivers/STM32G4xx_HAL_Driver/Src/stm32g4xx_hal_rcc_ex.c ****     __HAL_RCC_PWR_CLK_DISABLE();
 2114              		.loc 1 1445 5 is_stmt 1 view .LVU714
 2115 0070 0A4A     		ldr	r2, .L422
 2116 0072 936D     		ldr	r3, [r2, #88]
 2117 0074 23F08053 		bic	r3, r3, #268435456
 2118 0078 9365     		str	r3, [r2, #88]
 2119              	.L415:
1446:Drivers/STM32G4xx_HAL_Driver/Src/stm32g4xx_hal_rcc_ex.c ****   }
1447:Drivers/STM32G4xx_HAL_Driver/Src/stm32g4xx_hal_rcc_ex.c **** }
 2120              		.loc 1 1447 1 is_stmt 0 view .LVU715
 2121 007a 08B0     		add	sp, sp, #32
 2122              	.LCFI9:
 2123              		.cfi_remember_state
 2124              		.cfi_def_cfa_offset 16
 2125              		@ sp needed
 2126 007c 70BD     		pop	{r4, r5, r6, pc}
 2127              	.LVL157:
 2128              	.L417:
 2129              	.LCFI10:
 2130              		.cfi_restore_state
1433:Drivers/STM32G4xx_HAL_Driver/Src/stm32g4xx_hal_rcc_ex.c ****     backupchanged = SET;
 2131              		.loc 1 1433 5 is_stmt 1 view .LVU716
 2132 007e FFF7FEFF 		bl	HAL_PWR_EnableBkUpAccess
 2133              	.LVL158:
1434:Drivers/STM32G4xx_HAL_Driver/Src/stm32g4xx_hal_rcc_ex.c ****   }
 2134              		.loc 1 1434 5 view .LVU717
1437:Drivers/STM32G4xx_HAL_Driver/Src/stm32g4xx_hal_rcc_ex.c **** 
 2135              		.loc 1 1437 3 view .LVU718
 2136 0082 064A     		ldr	r2, .L422
 2137 0084 D2F89030 		ldr	r3, [r2, #144]
 2138 0088 23F04073 		bic	r3, r3, #50331648
 2139 008c 3343     		orrs	r3, r3, r6
 2140 008e 43F08073 		orr	r3, r3, #16777216
 2141 0092 C2F89030 		str	r3, [r2, #144]
1439:Drivers/STM32G4xx_HAL_Driver/Src/stm32g4xx_hal_rcc_ex.c ****   {
 2142              		.loc 1 1439 3 view .LVU719
1441:Drivers/STM32G4xx_HAL_Driver/Src/stm32g4xx_hal_rcc_ex.c ****   }
 2143              		.loc 1 1441 5 view .LVU720
ARM GAS  /tmp/ccaJoL7I.s 			page 71


 2144 0096 FFF7FEFF 		bl	HAL_PWR_DisableBkUpAccess
 2145              	.LVL159:
 2146 009a E8E7     		b	.L418
 2147              	.L423:
 2148              		.align	2
 2149              	.L422:
 2150 009c 00100240 		.word	1073876992
 2151 00a0 00700040 		.word	1073770496
 2152              		.cfi_endproc
 2153              	.LFE337:
 2155              		.section	.text.HAL_RCCEx_DisableLSCO,"ax",%progbits
 2156              		.align	1
 2157              		.p2align 2,,3
 2158              		.global	HAL_RCCEx_DisableLSCO
 2159              		.syntax unified
 2160              		.thumb
 2161              		.thumb_func
 2163              	HAL_RCCEx_DisableLSCO:
 2164              	.LFB338:
1448:Drivers/STM32G4xx_HAL_Driver/Src/stm32g4xx_hal_rcc_ex.c **** 
1449:Drivers/STM32G4xx_HAL_Driver/Src/stm32g4xx_hal_rcc_ex.c **** /**
1450:Drivers/STM32G4xx_HAL_Driver/Src/stm32g4xx_hal_rcc_ex.c ****   * @brief  Disable the Low Speed clock output.
1451:Drivers/STM32G4xx_HAL_Driver/Src/stm32g4xx_hal_rcc_ex.c ****   * @retval None
1452:Drivers/STM32G4xx_HAL_Driver/Src/stm32g4xx_hal_rcc_ex.c ****   */
1453:Drivers/STM32G4xx_HAL_Driver/Src/stm32g4xx_hal_rcc_ex.c **** void HAL_RCCEx_DisableLSCO(void)
1454:Drivers/STM32G4xx_HAL_Driver/Src/stm32g4xx_hal_rcc_ex.c **** {
 2165              		.loc 1 1454 1 view -0
 2166              		.cfi_startproc
 2167              		@ args = 0, pretend = 0, frame = 8
 2168              		@ frame_needed = 0, uses_anonymous_args = 0
1455:Drivers/STM32G4xx_HAL_Driver/Src/stm32g4xx_hal_rcc_ex.c ****   FlagStatus       pwrclkchanged = RESET;
 2169              		.loc 1 1455 3 view .LVU722
 2170              	.LVL160:
1456:Drivers/STM32G4xx_HAL_Driver/Src/stm32g4xx_hal_rcc_ex.c ****   FlagStatus       backupchanged = RESET;
 2171              		.loc 1 1456 3 view .LVU723
1457:Drivers/STM32G4xx_HAL_Driver/Src/stm32g4xx_hal_rcc_ex.c **** 
1458:Drivers/STM32G4xx_HAL_Driver/Src/stm32g4xx_hal_rcc_ex.c ****   /* Update LSCOEN bit in Backup Domain control register */
1459:Drivers/STM32G4xx_HAL_Driver/Src/stm32g4xx_hal_rcc_ex.c ****   if(__HAL_RCC_PWR_IS_CLK_DISABLED())
 2172              		.loc 1 1459 3 view .LVU724
1454:Drivers/STM32G4xx_HAL_Driver/Src/stm32g4xx_hal_rcc_ex.c ****   FlagStatus       pwrclkchanged = RESET;
 2173              		.loc 1 1454 1 is_stmt 0 view .LVU725
 2174 0000 00B5     		push	{lr}
 2175              	.LCFI11:
 2176              		.cfi_def_cfa_offset 4
 2177              		.cfi_offset 14, -4
 2178              		.loc 1 1459 6 view .LVU726
 2179 0002 224B     		ldr	r3, .L431
 2180 0004 9A6D     		ldr	r2, [r3, #88]
 2181              		.loc 1 1459 5 view .LVU727
 2182 0006 D000     		lsls	r0, r2, #3
1454:Drivers/STM32G4xx_HAL_Driver/Src/stm32g4xx_hal_rcc_ex.c ****   FlagStatus       pwrclkchanged = RESET;
 2183              		.loc 1 1454 1 view .LVU728
 2184 0008 83B0     		sub	sp, sp, #12
 2185              	.LCFI12:
 2186              		.cfi_def_cfa_offset 16
 2187              		.loc 1 1459 5 view .LVU729
 2188 000a 0BD5     		bpl	.L425
ARM GAS  /tmp/ccaJoL7I.s 			page 72


1460:Drivers/STM32G4xx_HAL_Driver/Src/stm32g4xx_hal_rcc_ex.c ****   {
1461:Drivers/STM32G4xx_HAL_Driver/Src/stm32g4xx_hal_rcc_ex.c ****     __HAL_RCC_PWR_CLK_ENABLE();
1462:Drivers/STM32G4xx_HAL_Driver/Src/stm32g4xx_hal_rcc_ex.c ****     pwrclkchanged = SET;
1463:Drivers/STM32G4xx_HAL_Driver/Src/stm32g4xx_hal_rcc_ex.c ****   }
1464:Drivers/STM32G4xx_HAL_Driver/Src/stm32g4xx_hal_rcc_ex.c ****   if(HAL_IS_BIT_CLR(PWR->CR1, PWR_CR1_DBP))
 2189              		.loc 1 1464 3 is_stmt 1 view .LVU730
 2190              		.loc 1 1464 6 is_stmt 0 view .LVU731
 2191 000c 204A     		ldr	r2, .L431+4
 2192 000e 1268     		ldr	r2, [r2]
 2193              		.loc 1 1464 5 view .LVU732
 2194 0010 D105     		lsls	r1, r2, #23
 2195 0012 21D5     		bpl	.L426
1465:Drivers/STM32G4xx_HAL_Driver/Src/stm32g4xx_hal_rcc_ex.c ****   {
1466:Drivers/STM32G4xx_HAL_Driver/Src/stm32g4xx_hal_rcc_ex.c ****     /* Enable access to the backup domain */
1467:Drivers/STM32G4xx_HAL_Driver/Src/stm32g4xx_hal_rcc_ex.c ****     HAL_PWR_EnableBkUpAccess();
1468:Drivers/STM32G4xx_HAL_Driver/Src/stm32g4xx_hal_rcc_ex.c ****     backupchanged = SET;
1469:Drivers/STM32G4xx_HAL_Driver/Src/stm32g4xx_hal_rcc_ex.c ****   }
1470:Drivers/STM32G4xx_HAL_Driver/Src/stm32g4xx_hal_rcc_ex.c **** 
1471:Drivers/STM32G4xx_HAL_Driver/Src/stm32g4xx_hal_rcc_ex.c ****   CLEAR_BIT(RCC->BDCR, RCC_BDCR_LSCOEN);
 2196              		.loc 1 1471 3 is_stmt 1 view .LVU733
 2197 0014 D3F89020 		ldr	r2, [r3, #144]
 2198 0018 22F08072 		bic	r2, r2, #16777216
 2199 001c C3F89020 		str	r2, [r3, #144]
1472:Drivers/STM32G4xx_HAL_Driver/Src/stm32g4xx_hal_rcc_ex.c **** 
1473:Drivers/STM32G4xx_HAL_Driver/Src/stm32g4xx_hal_rcc_ex.c ****   /* Restore previous configuration */
1474:Drivers/STM32G4xx_HAL_Driver/Src/stm32g4xx_hal_rcc_ex.c ****   if(backupchanged == SET)
 2200              		.loc 1 1474 3 view .LVU734
1475:Drivers/STM32G4xx_HAL_Driver/Src/stm32g4xx_hal_rcc_ex.c ****   {
1476:Drivers/STM32G4xx_HAL_Driver/Src/stm32g4xx_hal_rcc_ex.c ****     /* Disable access to the backup domain */
1477:Drivers/STM32G4xx_HAL_Driver/Src/stm32g4xx_hal_rcc_ex.c ****     HAL_PWR_DisableBkUpAccess();
1478:Drivers/STM32G4xx_HAL_Driver/Src/stm32g4xx_hal_rcc_ex.c ****   }
1479:Drivers/STM32G4xx_HAL_Driver/Src/stm32g4xx_hal_rcc_ex.c ****   if(pwrclkchanged == SET)
 2201              		.loc 1 1479 3 view .LVU735
1480:Drivers/STM32G4xx_HAL_Driver/Src/stm32g4xx_hal_rcc_ex.c ****   {
1481:Drivers/STM32G4xx_HAL_Driver/Src/stm32g4xx_hal_rcc_ex.c ****     __HAL_RCC_PWR_CLK_DISABLE();
1482:Drivers/STM32G4xx_HAL_Driver/Src/stm32g4xx_hal_rcc_ex.c ****   }
1483:Drivers/STM32G4xx_HAL_Driver/Src/stm32g4xx_hal_rcc_ex.c **** }
 2202              		.loc 1 1483 1 is_stmt 0 view .LVU736
 2203 0020 03B0     		add	sp, sp, #12
 2204              	.LCFI13:
 2205              		.cfi_remember_state
 2206              		.cfi_def_cfa_offset 4
 2207              		@ sp needed
 2208 0022 00BD     		pop	{pc}
 2209              	.L425:
 2210              	.LCFI14:
 2211              		.cfi_restore_state
1461:Drivers/STM32G4xx_HAL_Driver/Src/stm32g4xx_hal_rcc_ex.c ****     pwrclkchanged = SET;
 2212              		.loc 1 1461 5 is_stmt 1 view .LVU737
 2213              	.LBB11:
1461:Drivers/STM32G4xx_HAL_Driver/Src/stm32g4xx_hal_rcc_ex.c ****     pwrclkchanged = SET;
 2214              		.loc 1 1461 5 view .LVU738
1461:Drivers/STM32G4xx_HAL_Driver/Src/stm32g4xx_hal_rcc_ex.c ****     pwrclkchanged = SET;
 2215              		.loc 1 1461 5 view .LVU739
 2216 0024 9A6D     		ldr	r2, [r3, #88]
 2217              	.LBE11:
1464:Drivers/STM32G4xx_HAL_Driver/Src/stm32g4xx_hal_rcc_ex.c ****   {
ARM GAS  /tmp/ccaJoL7I.s 			page 73


 2218              		.loc 1 1464 6 is_stmt 0 view .LVU740
 2219 0026 1A49     		ldr	r1, .L431+4
 2220              	.LBB12:
1461:Drivers/STM32G4xx_HAL_Driver/Src/stm32g4xx_hal_rcc_ex.c ****     pwrclkchanged = SET;
 2221              		.loc 1 1461 5 view .LVU741
 2222 0028 42F08052 		orr	r2, r2, #268435456
 2223 002c 9A65     		str	r2, [r3, #88]
1461:Drivers/STM32G4xx_HAL_Driver/Src/stm32g4xx_hal_rcc_ex.c ****     pwrclkchanged = SET;
 2224              		.loc 1 1461 5 is_stmt 1 view .LVU742
 2225 002e 9A6D     		ldr	r2, [r3, #88]
 2226 0030 02F08052 		and	r2, r2, #268435456
 2227 0034 0192     		str	r2, [sp, #4]
1461:Drivers/STM32G4xx_HAL_Driver/Src/stm32g4xx_hal_rcc_ex.c ****     pwrclkchanged = SET;
 2228              		.loc 1 1461 5 view .LVU743
 2229 0036 019A     		ldr	r2, [sp, #4]
 2230              	.LBE12:
1461:Drivers/STM32G4xx_HAL_Driver/Src/stm32g4xx_hal_rcc_ex.c ****     pwrclkchanged = SET;
 2231              		.loc 1 1461 5 view .LVU744
1462:Drivers/STM32G4xx_HAL_Driver/Src/stm32g4xx_hal_rcc_ex.c ****   }
 2232              		.loc 1 1462 5 view .LVU745
 2233              	.LVL161:
1464:Drivers/STM32G4xx_HAL_Driver/Src/stm32g4xx_hal_rcc_ex.c ****   {
 2234              		.loc 1 1464 3 view .LVU746
1464:Drivers/STM32G4xx_HAL_Driver/Src/stm32g4xx_hal_rcc_ex.c ****   {
 2235              		.loc 1 1464 6 is_stmt 0 view .LVU747
 2236 0038 0A68     		ldr	r2, [r1]
1464:Drivers/STM32G4xx_HAL_Driver/Src/stm32g4xx_hal_rcc_ex.c ****   {
 2237              		.loc 1 1464 5 view .LVU748
 2238 003a D205     		lsls	r2, r2, #23
 2239 003c 1AD5     		bpl	.L428
1471:Drivers/STM32G4xx_HAL_Driver/Src/stm32g4xx_hal_rcc_ex.c **** 
 2240              		.loc 1 1471 3 is_stmt 1 view .LVU749
 2241 003e D3F89020 		ldr	r2, [r3, #144]
 2242 0042 22F08072 		bic	r2, r2, #16777216
 2243 0046 C3F89020 		str	r2, [r3, #144]
1474:Drivers/STM32G4xx_HAL_Driver/Src/stm32g4xx_hal_rcc_ex.c ****   {
 2244              		.loc 1 1474 3 view .LVU750
1479:Drivers/STM32G4xx_HAL_Driver/Src/stm32g4xx_hal_rcc_ex.c ****   {
 2245              		.loc 1 1479 3 view .LVU751
 2246              	.LVL162:
 2247              	.L429:
1481:Drivers/STM32G4xx_HAL_Driver/Src/stm32g4xx_hal_rcc_ex.c ****   }
 2248              		.loc 1 1481 5 view .LVU752
 2249 004a 104A     		ldr	r2, .L431
 2250 004c 936D     		ldr	r3, [r2, #88]
 2251 004e 23F08053 		bic	r3, r3, #268435456
 2252 0052 9365     		str	r3, [r2, #88]
 2253              		.loc 1 1483 1 is_stmt 0 view .LVU753
 2254 0054 03B0     		add	sp, sp, #12
 2255              	.LCFI15:
 2256              		.cfi_remember_state
 2257              		.cfi_def_cfa_offset 4
 2258              		@ sp needed
 2259 0056 00BD     		pop	{pc}
 2260              	.LVL163:
 2261              	.L426:
 2262              	.LCFI16:
ARM GAS  /tmp/ccaJoL7I.s 			page 74


 2263              		.cfi_restore_state
1467:Drivers/STM32G4xx_HAL_Driver/Src/stm32g4xx_hal_rcc_ex.c ****     backupchanged = SET;
 2264              		.loc 1 1467 5 is_stmt 1 view .LVU754
 2265 0058 FFF7FEFF 		bl	HAL_PWR_EnableBkUpAccess
 2266              	.LVL164:
1468:Drivers/STM32G4xx_HAL_Driver/Src/stm32g4xx_hal_rcc_ex.c ****   }
 2267              		.loc 1 1468 5 view .LVU755
1471:Drivers/STM32G4xx_HAL_Driver/Src/stm32g4xx_hal_rcc_ex.c **** 
 2268              		.loc 1 1471 3 view .LVU756
 2269 005c 0B4B     		ldr	r3, .L431
 2270 005e D3F89020 		ldr	r2, [r3, #144]
 2271 0062 22F08072 		bic	r2, r2, #16777216
 2272 0066 C3F89020 		str	r2, [r3, #144]
1474:Drivers/STM32G4xx_HAL_Driver/Src/stm32g4xx_hal_rcc_ex.c ****   {
 2273              		.loc 1 1474 3 view .LVU757
1477:Drivers/STM32G4xx_HAL_Driver/Src/stm32g4xx_hal_rcc_ex.c ****   }
 2274              		.loc 1 1477 5 view .LVU758
 2275              		.loc 1 1483 1 is_stmt 0 view .LVU759
 2276 006a 03B0     		add	sp, sp, #12
 2277              	.LCFI17:
 2278              		.cfi_remember_state
 2279              		.cfi_def_cfa_offset 4
 2280              		@ sp needed
 2281 006c 5DF804EB 		ldr	lr, [sp], #4
 2282              	.LCFI18:
 2283              		.cfi_restore 14
 2284              		.cfi_def_cfa_offset 0
1477:Drivers/STM32G4xx_HAL_Driver/Src/stm32g4xx_hal_rcc_ex.c ****   }
 2285              		.loc 1 1477 5 view .LVU760
 2286 0070 FFF7FEBF 		b	HAL_PWR_DisableBkUpAccess
 2287              	.LVL165:
 2288              	.L428:
 2289              	.LCFI19:
 2290              		.cfi_restore_state
1467:Drivers/STM32G4xx_HAL_Driver/Src/stm32g4xx_hal_rcc_ex.c ****     backupchanged = SET;
 2291              		.loc 1 1467 5 is_stmt 1 view .LVU761
 2292 0074 FFF7FEFF 		bl	HAL_PWR_EnableBkUpAccess
 2293              	.LVL166:
1468:Drivers/STM32G4xx_HAL_Driver/Src/stm32g4xx_hal_rcc_ex.c ****   }
 2294              		.loc 1 1468 5 view .LVU762
1471:Drivers/STM32G4xx_HAL_Driver/Src/stm32g4xx_hal_rcc_ex.c **** 
 2295              		.loc 1 1471 3 view .LVU763
 2296 0078 044B     		ldr	r3, .L431
 2297 007a D3F89020 		ldr	r2, [r3, #144]
 2298 007e 22F08072 		bic	r2, r2, #16777216
 2299 0082 C3F89020 		str	r2, [r3, #144]
1474:Drivers/STM32G4xx_HAL_Driver/Src/stm32g4xx_hal_rcc_ex.c ****   {
 2300              		.loc 1 1474 3 view .LVU764
1477:Drivers/STM32G4xx_HAL_Driver/Src/stm32g4xx_hal_rcc_ex.c ****   }
 2301              		.loc 1 1477 5 view .LVU765
 2302 0086 FFF7FEFF 		bl	HAL_PWR_DisableBkUpAccess
 2303              	.LVL167:
1479:Drivers/STM32G4xx_HAL_Driver/Src/stm32g4xx_hal_rcc_ex.c ****   {
 2304              		.loc 1 1479 3 view .LVU766
 2305 008a DEE7     		b	.L429
 2306              	.L432:
 2307              		.align	2
ARM GAS  /tmp/ccaJoL7I.s 			page 75


 2308              	.L431:
 2309 008c 00100240 		.word	1073876992
 2310 0090 00700040 		.word	1073770496
 2311              		.cfi_endproc
 2312              	.LFE338:
 2314              		.section	.text.HAL_RCCEx_CRSConfig,"ax",%progbits
 2315              		.align	1
 2316              		.p2align 2,,3
 2317              		.global	HAL_RCCEx_CRSConfig
 2318              		.syntax unified
 2319              		.thumb
 2320              		.thumb_func
 2322              	HAL_RCCEx_CRSConfig:
 2323              	.LVL168:
 2324              	.LFB339:
1484:Drivers/STM32G4xx_HAL_Driver/Src/stm32g4xx_hal_rcc_ex.c **** 
1485:Drivers/STM32G4xx_HAL_Driver/Src/stm32g4xx_hal_rcc_ex.c **** 
1486:Drivers/STM32G4xx_HAL_Driver/Src/stm32g4xx_hal_rcc_ex.c **** /**
1487:Drivers/STM32G4xx_HAL_Driver/Src/stm32g4xx_hal_rcc_ex.c ****   * @}
1488:Drivers/STM32G4xx_HAL_Driver/Src/stm32g4xx_hal_rcc_ex.c ****   */
1489:Drivers/STM32G4xx_HAL_Driver/Src/stm32g4xx_hal_rcc_ex.c **** 
1490:Drivers/STM32G4xx_HAL_Driver/Src/stm32g4xx_hal_rcc_ex.c **** #if defined(CRS)
1491:Drivers/STM32G4xx_HAL_Driver/Src/stm32g4xx_hal_rcc_ex.c **** 
1492:Drivers/STM32G4xx_HAL_Driver/Src/stm32g4xx_hal_rcc_ex.c **** /** @defgroup RCCEx_Exported_Functions_Group3 Extended Clock Recovery System Control functions
1493:Drivers/STM32G4xx_HAL_Driver/Src/stm32g4xx_hal_rcc_ex.c ****  *  @brief  Extended Clock Recovery System Control functions
1494:Drivers/STM32G4xx_HAL_Driver/Src/stm32g4xx_hal_rcc_ex.c ****  *
1495:Drivers/STM32G4xx_HAL_Driver/Src/stm32g4xx_hal_rcc_ex.c **** @verbatim
1496:Drivers/STM32G4xx_HAL_Driver/Src/stm32g4xx_hal_rcc_ex.c ****  ===============================================================================
1497:Drivers/STM32G4xx_HAL_Driver/Src/stm32g4xx_hal_rcc_ex.c ****                 ##### Extended Clock Recovery System Control functions  #####
1498:Drivers/STM32G4xx_HAL_Driver/Src/stm32g4xx_hal_rcc_ex.c ****  ===============================================================================
1499:Drivers/STM32G4xx_HAL_Driver/Src/stm32g4xx_hal_rcc_ex.c ****     [..]
1500:Drivers/STM32G4xx_HAL_Driver/Src/stm32g4xx_hal_rcc_ex.c ****       For devices with Clock Recovery System feature (CRS), RCC Extension HAL driver can be used as
1501:Drivers/STM32G4xx_HAL_Driver/Src/stm32g4xx_hal_rcc_ex.c **** 
1502:Drivers/STM32G4xx_HAL_Driver/Src/stm32g4xx_hal_rcc_ex.c ****       (#) In System clock config, HSI48 needs to be enabled
1503:Drivers/STM32G4xx_HAL_Driver/Src/stm32g4xx_hal_rcc_ex.c **** 
1504:Drivers/STM32G4xx_HAL_Driver/Src/stm32g4xx_hal_rcc_ex.c ****       (#) Enable CRS clock in IP MSP init which will use CRS functions
1505:Drivers/STM32G4xx_HAL_Driver/Src/stm32g4xx_hal_rcc_ex.c **** 
1506:Drivers/STM32G4xx_HAL_Driver/Src/stm32g4xx_hal_rcc_ex.c ****       (#) Call CRS functions as follows:
1507:Drivers/STM32G4xx_HAL_Driver/Src/stm32g4xx_hal_rcc_ex.c ****           (##) Prepare synchronization configuration necessary for HSI48 calibration
1508:Drivers/STM32G4xx_HAL_Driver/Src/stm32g4xx_hal_rcc_ex.c ****               (+++) Default values can be set for frequency Error Measurement (reload and error lim
1509:Drivers/STM32G4xx_HAL_Driver/Src/stm32g4xx_hal_rcc_ex.c ****                         and also HSI48 oscillator smooth trimming.
1510:Drivers/STM32G4xx_HAL_Driver/Src/stm32g4xx_hal_rcc_ex.c ****               (+++) Macro __HAL_RCC_CRS_RELOADVALUE_CALCULATE can be also used to calculate
1511:Drivers/STM32G4xx_HAL_Driver/Src/stm32g4xx_hal_rcc_ex.c ****                         directly reload value with target and sychronization frequencies values
1512:Drivers/STM32G4xx_HAL_Driver/Src/stm32g4xx_hal_rcc_ex.c ****           (##) Call function HAL_RCCEx_CRSConfig which
1513:Drivers/STM32G4xx_HAL_Driver/Src/stm32g4xx_hal_rcc_ex.c ****               (+++) Resets CRS registers to their default values.
1514:Drivers/STM32G4xx_HAL_Driver/Src/stm32g4xx_hal_rcc_ex.c ****               (+++) Configures CRS registers with synchronization configuration
1515:Drivers/STM32G4xx_HAL_Driver/Src/stm32g4xx_hal_rcc_ex.c ****               (+++) Enables automatic calibration and frequency error counter feature
1516:Drivers/STM32G4xx_HAL_Driver/Src/stm32g4xx_hal_rcc_ex.c ****            Note: When using USB LPM (Link Power Management) and the device is in Sleep mode, the
1517:Drivers/STM32G4xx_HAL_Driver/Src/stm32g4xx_hal_rcc_ex.c ****            periodic USB SOF will not be generated by the host. No SYNC signal will therefore be
1518:Drivers/STM32G4xx_HAL_Driver/Src/stm32g4xx_hal_rcc_ex.c ****            provided to the CRS to calibrate the HSI48 on the run. To guarantee the required clock
1519:Drivers/STM32G4xx_HAL_Driver/Src/stm32g4xx_hal_rcc_ex.c ****            precision after waking up from Sleep mode, the LSE or reference clock on the GPIOs
1520:Drivers/STM32G4xx_HAL_Driver/Src/stm32g4xx_hal_rcc_ex.c ****            should be used as SYNC signal.
1521:Drivers/STM32G4xx_HAL_Driver/Src/stm32g4xx_hal_rcc_ex.c **** 
1522:Drivers/STM32G4xx_HAL_Driver/Src/stm32g4xx_hal_rcc_ex.c ****           (##) A polling function is provided to wait for complete synchronization
1523:Drivers/STM32G4xx_HAL_Driver/Src/stm32g4xx_hal_rcc_ex.c ****               (+++) Call function HAL_RCCEx_CRSWaitSynchronization()
1524:Drivers/STM32G4xx_HAL_Driver/Src/stm32g4xx_hal_rcc_ex.c ****               (+++) According to CRS status, user can decide to adjust again the calibration or con
1525:Drivers/STM32G4xx_HAL_Driver/Src/stm32g4xx_hal_rcc_ex.c ****                         application if synchronization is OK
ARM GAS  /tmp/ccaJoL7I.s 			page 76


1526:Drivers/STM32G4xx_HAL_Driver/Src/stm32g4xx_hal_rcc_ex.c **** 
1527:Drivers/STM32G4xx_HAL_Driver/Src/stm32g4xx_hal_rcc_ex.c ****       (#) User can retrieve information related to synchronization in calling function
1528:Drivers/STM32G4xx_HAL_Driver/Src/stm32g4xx_hal_rcc_ex.c ****             HAL_RCCEx_CRSGetSynchronizationInfo()
1529:Drivers/STM32G4xx_HAL_Driver/Src/stm32g4xx_hal_rcc_ex.c **** 
1530:Drivers/STM32G4xx_HAL_Driver/Src/stm32g4xx_hal_rcc_ex.c ****       (#) Regarding synchronization status and synchronization information, user can try a new cali
1531:Drivers/STM32G4xx_HAL_Driver/Src/stm32g4xx_hal_rcc_ex.c ****            in changing synchronization configuration and call again HAL_RCCEx_CRSConfig.
1532:Drivers/STM32G4xx_HAL_Driver/Src/stm32g4xx_hal_rcc_ex.c ****            Note: When the SYNC event is detected during the downcounting phase (before reaching the
1533:Drivers/STM32G4xx_HAL_Driver/Src/stm32g4xx_hal_rcc_ex.c ****            it means that the actual frequency is lower than the target (and so, that the TRIM value
1534:Drivers/STM32G4xx_HAL_Driver/Src/stm32g4xx_hal_rcc_ex.c ****            incremented), while when it is detected during the upcounting phase it means that the ac
1535:Drivers/STM32G4xx_HAL_Driver/Src/stm32g4xx_hal_rcc_ex.c ****            is higher (and that the TRIM value should be decremented).
1536:Drivers/STM32G4xx_HAL_Driver/Src/stm32g4xx_hal_rcc_ex.c **** 
1537:Drivers/STM32G4xx_HAL_Driver/Src/stm32g4xx_hal_rcc_ex.c ****       (#) In interrupt mode, user can resort to the available macros (__HAL_RCC_CRS_XXX_IT). Interr
1538:Drivers/STM32G4xx_HAL_Driver/Src/stm32g4xx_hal_rcc_ex.c ****           through CRS Handler (CRS_IRQn/CRS_IRQHandler)
1539:Drivers/STM32G4xx_HAL_Driver/Src/stm32g4xx_hal_rcc_ex.c ****               (++) Call function HAL_RCCEx_CRSConfig()
1540:Drivers/STM32G4xx_HAL_Driver/Src/stm32g4xx_hal_rcc_ex.c ****               (++) Enable CRS_IRQn (thanks to NVIC functions)
1541:Drivers/STM32G4xx_HAL_Driver/Src/stm32g4xx_hal_rcc_ex.c ****               (++) Enable CRS interrupt (__HAL_RCC_CRS_ENABLE_IT)
1542:Drivers/STM32G4xx_HAL_Driver/Src/stm32g4xx_hal_rcc_ex.c ****               (++) Implement CRS status management in the following user callbacks called from
1543:Drivers/STM32G4xx_HAL_Driver/Src/stm32g4xx_hal_rcc_ex.c ****                    HAL_RCCEx_CRS_IRQHandler():
1544:Drivers/STM32G4xx_HAL_Driver/Src/stm32g4xx_hal_rcc_ex.c ****                    (+++) HAL_RCCEx_CRS_SyncOkCallback()
1545:Drivers/STM32G4xx_HAL_Driver/Src/stm32g4xx_hal_rcc_ex.c ****                    (+++) HAL_RCCEx_CRS_SyncWarnCallback()
1546:Drivers/STM32G4xx_HAL_Driver/Src/stm32g4xx_hal_rcc_ex.c ****                    (+++) HAL_RCCEx_CRS_ExpectedSyncCallback()
1547:Drivers/STM32G4xx_HAL_Driver/Src/stm32g4xx_hal_rcc_ex.c ****                    (+++) HAL_RCCEx_CRS_ErrorCallback()
1548:Drivers/STM32G4xx_HAL_Driver/Src/stm32g4xx_hal_rcc_ex.c **** 
1549:Drivers/STM32G4xx_HAL_Driver/Src/stm32g4xx_hal_rcc_ex.c ****       (#) To force a SYNC EVENT, user can use the function HAL_RCCEx_CRSSoftwareSynchronizationGene
1550:Drivers/STM32G4xx_HAL_Driver/Src/stm32g4xx_hal_rcc_ex.c ****           This function can be called before calling HAL_RCCEx_CRSConfig (for instance in Systick h
1551:Drivers/STM32G4xx_HAL_Driver/Src/stm32g4xx_hal_rcc_ex.c **** 
1552:Drivers/STM32G4xx_HAL_Driver/Src/stm32g4xx_hal_rcc_ex.c **** @endverbatim
1553:Drivers/STM32G4xx_HAL_Driver/Src/stm32g4xx_hal_rcc_ex.c ****  * @{
1554:Drivers/STM32G4xx_HAL_Driver/Src/stm32g4xx_hal_rcc_ex.c ****  */
1555:Drivers/STM32G4xx_HAL_Driver/Src/stm32g4xx_hal_rcc_ex.c **** 
1556:Drivers/STM32G4xx_HAL_Driver/Src/stm32g4xx_hal_rcc_ex.c **** /**
1557:Drivers/STM32G4xx_HAL_Driver/Src/stm32g4xx_hal_rcc_ex.c ****   * @brief  Start automatic synchronization for polling mode
1558:Drivers/STM32G4xx_HAL_Driver/Src/stm32g4xx_hal_rcc_ex.c ****   * @param  pInit Pointer on RCC_CRSInitTypeDef structure
1559:Drivers/STM32G4xx_HAL_Driver/Src/stm32g4xx_hal_rcc_ex.c ****   * @retval None
1560:Drivers/STM32G4xx_HAL_Driver/Src/stm32g4xx_hal_rcc_ex.c ****   */
1561:Drivers/STM32G4xx_HAL_Driver/Src/stm32g4xx_hal_rcc_ex.c **** void HAL_RCCEx_CRSConfig(RCC_CRSInitTypeDef const *pInit)
1562:Drivers/STM32G4xx_HAL_Driver/Src/stm32g4xx_hal_rcc_ex.c **** {
 2325              		.loc 1 1562 1 view -0
 2326              		.cfi_startproc
 2327              		@ args = 0, pretend = 0, frame = 0
 2328              		@ frame_needed = 0, uses_anonymous_args = 0
 2329              		@ link register save eliminated.
1563:Drivers/STM32G4xx_HAL_Driver/Src/stm32g4xx_hal_rcc_ex.c ****   uint32_t value;
 2330              		.loc 1 1563 3 view .LVU768
1564:Drivers/STM32G4xx_HAL_Driver/Src/stm32g4xx_hal_rcc_ex.c **** 
1565:Drivers/STM32G4xx_HAL_Driver/Src/stm32g4xx_hal_rcc_ex.c ****   /* Check the parameters */
1566:Drivers/STM32G4xx_HAL_Driver/Src/stm32g4xx_hal_rcc_ex.c ****   assert_param(IS_RCC_CRS_SYNC_DIV(pInit->Prescaler));
 2331              		.loc 1 1566 3 view .LVU769
1567:Drivers/STM32G4xx_HAL_Driver/Src/stm32g4xx_hal_rcc_ex.c ****   assert_param(IS_RCC_CRS_SYNC_SOURCE(pInit->Source));
 2332              		.loc 1 1567 3 view .LVU770
1568:Drivers/STM32G4xx_HAL_Driver/Src/stm32g4xx_hal_rcc_ex.c ****   assert_param(IS_RCC_CRS_SYNC_POLARITY(pInit->Polarity));
 2333              		.loc 1 1568 3 view .LVU771
1569:Drivers/STM32G4xx_HAL_Driver/Src/stm32g4xx_hal_rcc_ex.c ****   assert_param(IS_RCC_CRS_RELOADVALUE(pInit->ReloadValue));
 2334              		.loc 1 1569 3 view .LVU772
1570:Drivers/STM32G4xx_HAL_Driver/Src/stm32g4xx_hal_rcc_ex.c ****   assert_param(IS_RCC_CRS_ERRORLIMIT(pInit->ErrorLimitValue));
 2335              		.loc 1 1570 3 view .LVU773
1571:Drivers/STM32G4xx_HAL_Driver/Src/stm32g4xx_hal_rcc_ex.c ****   assert_param(IS_RCC_CRS_HSI48CALIBRATION(pInit->HSI48CalibrationValue));
ARM GAS  /tmp/ccaJoL7I.s 			page 77


 2336              		.loc 1 1571 3 view .LVU774
1572:Drivers/STM32G4xx_HAL_Driver/Src/stm32g4xx_hal_rcc_ex.c **** 
1573:Drivers/STM32G4xx_HAL_Driver/Src/stm32g4xx_hal_rcc_ex.c ****   /* CONFIGURATION */
1574:Drivers/STM32G4xx_HAL_Driver/Src/stm32g4xx_hal_rcc_ex.c **** 
1575:Drivers/STM32G4xx_HAL_Driver/Src/stm32g4xx_hal_rcc_ex.c ****   /* Before configuration, reset CRS registers to their default values*/
1576:Drivers/STM32G4xx_HAL_Driver/Src/stm32g4xx_hal_rcc_ex.c ****   __HAL_RCC_CRS_FORCE_RESET();
 2337              		.loc 1 1576 3 view .LVU775
 2338 0000 114B     		ldr	r3, .L435
1577:Drivers/STM32G4xx_HAL_Driver/Src/stm32g4xx_hal_rcc_ex.c ****   __HAL_RCC_CRS_RELEASE_RESET();
1578:Drivers/STM32G4xx_HAL_Driver/Src/stm32g4xx_hal_rcc_ex.c **** 
1579:Drivers/STM32G4xx_HAL_Driver/Src/stm32g4xx_hal_rcc_ex.c ****   /* Set the SYNCDIV[2:0] bits according to Prescaler value */
1580:Drivers/STM32G4xx_HAL_Driver/Src/stm32g4xx_hal_rcc_ex.c ****   /* Set the SYNCSRC[1:0] bits according to Source value */
1581:Drivers/STM32G4xx_HAL_Driver/Src/stm32g4xx_hal_rcc_ex.c ****   /* Set the SYNCSPOL bit according to Polarity value */
1582:Drivers/STM32G4xx_HAL_Driver/Src/stm32g4xx_hal_rcc_ex.c ****   value = (pInit->Prescaler | pInit->Source | pInit->Polarity);
1583:Drivers/STM32G4xx_HAL_Driver/Src/stm32g4xx_hal_rcc_ex.c ****   /* Set the RELOAD[15:0] bits according to ReloadValue value */
1584:Drivers/STM32G4xx_HAL_Driver/Src/stm32g4xx_hal_rcc_ex.c ****   value |= pInit->ReloadValue;
1585:Drivers/STM32G4xx_HAL_Driver/Src/stm32g4xx_hal_rcc_ex.c ****   /* Set the FELIM[7:0] bits according to ErrorLimitValue value */
1586:Drivers/STM32G4xx_HAL_Driver/Src/stm32g4xx_hal_rcc_ex.c ****   value |= (pInit->ErrorLimitValue << CRS_CFGR_FELIM_Pos);
1587:Drivers/STM32G4xx_HAL_Driver/Src/stm32g4xx_hal_rcc_ex.c ****   WRITE_REG(CRS->CFGR, value);
 2339              		.loc 1 1587 3 is_stmt 0 view .LVU776
 2340 0002 124A     		ldr	r2, .L435+4
1576:Drivers/STM32G4xx_HAL_Driver/Src/stm32g4xx_hal_rcc_ex.c ****   __HAL_RCC_CRS_RELEASE_RESET();
 2341              		.loc 1 1576 3 view .LVU777
 2342 0004 996B     		ldr	r1, [r3, #56]
 2343 0006 41F48071 		orr	r1, r1, #256
1562:Drivers/STM32G4xx_HAL_Driver/Src/stm32g4xx_hal_rcc_ex.c ****   uint32_t value;
 2344              		.loc 1 1562 1 view .LVU778
 2345 000a 10B4     		push	{r4}
 2346              	.LCFI20:
 2347              		.cfi_def_cfa_offset 4
 2348              		.cfi_offset 4, -4
1576:Drivers/STM32G4xx_HAL_Driver/Src/stm32g4xx_hal_rcc_ex.c ****   __HAL_RCC_CRS_RELEASE_RESET();
 2349              		.loc 1 1576 3 view .LVU779
 2350 000c 9963     		str	r1, [r3, #56]
1577:Drivers/STM32G4xx_HAL_Driver/Src/stm32g4xx_hal_rcc_ex.c ****   __HAL_RCC_CRS_RELEASE_RESET();
 2351              		.loc 1 1577 3 is_stmt 1 view .LVU780
 2352 000e 996B     		ldr	r1, [r3, #56]
 2353 0010 21F48071 		bic	r1, r1, #256
 2354 0014 9963     		str	r1, [r3, #56]
1582:Drivers/STM32G4xx_HAL_Driver/Src/stm32g4xx_hal_rcc_ex.c ****   /* Set the RELOAD[15:0] bits according to ReloadValue value */
 2355              		.loc 1 1582 3 view .LVU781
1582:Drivers/STM32G4xx_HAL_Driver/Src/stm32g4xx_hal_rcc_ex.c ****   /* Set the RELOAD[15:0] bits according to ReloadValue value */
 2356              		.loc 1 1582 29 is_stmt 0 view .LVU782
 2357 0016 D0E90141 		ldrd	r4, r1, [r0, #4]
 2358 001a 0368     		ldr	r3, [r0]
 2359 001c 2343     		orrs	r3, r3, r4
1582:Drivers/STM32G4xx_HAL_Driver/Src/stm32g4xx_hal_rcc_ex.c ****   /* Set the RELOAD[15:0] bits according to ReloadValue value */
 2360              		.loc 1 1582 9 view .LVU783
 2361 001e 0B43     		orrs	r3, r3, r1
 2362              	.LVL169:
1584:Drivers/STM32G4xx_HAL_Driver/Src/stm32g4xx_hal_rcc_ex.c ****   /* Set the FELIM[7:0] bits according to ErrorLimitValue value */
 2363              		.loc 1 1584 3 is_stmt 1 view .LVU784
1584:Drivers/STM32G4xx_HAL_Driver/Src/stm32g4xx_hal_rcc_ex.c ****   /* Set the FELIM[7:0] bits according to ErrorLimitValue value */
 2364              		.loc 1 1584 9 is_stmt 0 view .LVU785
 2365 0020 D0E90341 		ldrd	r4, r1, [r0, #12]
 2366 0024 2343     		orrs	r3, r3, r4
 2367              	.LVL170:
ARM GAS  /tmp/ccaJoL7I.s 			page 78


1586:Drivers/STM32G4xx_HAL_Driver/Src/stm32g4xx_hal_rcc_ex.c ****   WRITE_REG(CRS->CFGR, value);
 2368              		.loc 1 1586 3 is_stmt 1 view .LVU786
1586:Drivers/STM32G4xx_HAL_Driver/Src/stm32g4xx_hal_rcc_ex.c ****   WRITE_REG(CRS->CFGR, value);
 2369              		.loc 1 1586 9 is_stmt 0 view .LVU787
 2370 0026 43EA0143 		orr	r3, r3, r1, lsl #16
 2371              	.LVL171:
 2372              		.loc 1 1587 3 is_stmt 1 view .LVU788
 2373 002a 5360     		str	r3, [r2, #4]
1588:Drivers/STM32G4xx_HAL_Driver/Src/stm32g4xx_hal_rcc_ex.c **** 
1589:Drivers/STM32G4xx_HAL_Driver/Src/stm32g4xx_hal_rcc_ex.c ****   /* Adjust HSI48 oscillator smooth trimming */
1590:Drivers/STM32G4xx_HAL_Driver/Src/stm32g4xx_hal_rcc_ex.c ****   /* Set the TRIM[6:0] bits according to RCC_CRS_HSI48CalibrationValue value */
1591:Drivers/STM32G4xx_HAL_Driver/Src/stm32g4xx_hal_rcc_ex.c ****   MODIFY_REG(CRS->CR, CRS_CR_TRIM, (pInit->HSI48CalibrationValue << CRS_CR_TRIM_Pos));
 2374              		.loc 1 1591 3 view .LVU789
 2375 002c 1368     		ldr	r3, [r2]
 2376              	.LVL172:
 2377              		.loc 1 1591 3 is_stmt 0 view .LVU790
 2378 002e 4169     		ldr	r1, [r0, #20]
 2379 0030 23F4FE43 		bic	r3, r3, #32512
 2380 0034 43EA0123 		orr	r3, r3, r1, lsl #8
 2381 0038 1360     		str	r3, [r2]
 2382              	.LVL173:
1592:Drivers/STM32G4xx_HAL_Driver/Src/stm32g4xx_hal_rcc_ex.c **** 
1593:Drivers/STM32G4xx_HAL_Driver/Src/stm32g4xx_hal_rcc_ex.c ****   /* START AUTOMATIC SYNCHRONIZATION*/
1594:Drivers/STM32G4xx_HAL_Driver/Src/stm32g4xx_hal_rcc_ex.c **** 
1595:Drivers/STM32G4xx_HAL_Driver/Src/stm32g4xx_hal_rcc_ex.c ****   /* Enable Automatic trimming & Frequency error counter */
1596:Drivers/STM32G4xx_HAL_Driver/Src/stm32g4xx_hal_rcc_ex.c ****   SET_BIT(CRS->CR, CRS_CR_AUTOTRIMEN | CRS_CR_CEN);
 2383              		.loc 1 1596 3 is_stmt 1 view .LVU791
 2384 003a 1368     		ldr	r3, [r2]
 2385 003c 43F06003 		orr	r3, r3, #96
1597:Drivers/STM32G4xx_HAL_Driver/Src/stm32g4xx_hal_rcc_ex.c **** }
 2386              		.loc 1 1597 1 is_stmt 0 view .LVU792
 2387 0040 10BC     		pop	{r4}
 2388              	.LCFI21:
 2389              		.cfi_restore 4
 2390              		.cfi_def_cfa_offset 0
1596:Drivers/STM32G4xx_HAL_Driver/Src/stm32g4xx_hal_rcc_ex.c **** }
 2391              		.loc 1 1596 3 view .LVU793
 2392 0042 1360     		str	r3, [r2]
 2393              		.loc 1 1597 1 view .LVU794
 2394 0044 7047     		bx	lr
 2395              	.L436:
 2396 0046 00BF     		.align	2
 2397              	.L435:
 2398 0048 00100240 		.word	1073876992
 2399 004c 00200040 		.word	1073750016
 2400              		.cfi_endproc
 2401              	.LFE339:
 2403              		.section	.text.HAL_RCCEx_CRSSoftwareSynchronizationGenerate,"ax",%progbits
 2404              		.align	1
 2405              		.p2align 2,,3
 2406              		.global	HAL_RCCEx_CRSSoftwareSynchronizationGenerate
 2407              		.syntax unified
 2408              		.thumb
 2409              		.thumb_func
 2411              	HAL_RCCEx_CRSSoftwareSynchronizationGenerate:
 2412              	.LFB340:
1598:Drivers/STM32G4xx_HAL_Driver/Src/stm32g4xx_hal_rcc_ex.c **** 
ARM GAS  /tmp/ccaJoL7I.s 			page 79


1599:Drivers/STM32G4xx_HAL_Driver/Src/stm32g4xx_hal_rcc_ex.c **** /**
1600:Drivers/STM32G4xx_HAL_Driver/Src/stm32g4xx_hal_rcc_ex.c ****   * @brief  Generate the software synchronization event
1601:Drivers/STM32G4xx_HAL_Driver/Src/stm32g4xx_hal_rcc_ex.c ****   * @retval None
1602:Drivers/STM32G4xx_HAL_Driver/Src/stm32g4xx_hal_rcc_ex.c ****   */
1603:Drivers/STM32G4xx_HAL_Driver/Src/stm32g4xx_hal_rcc_ex.c **** void HAL_RCCEx_CRSSoftwareSynchronizationGenerate(void)
1604:Drivers/STM32G4xx_HAL_Driver/Src/stm32g4xx_hal_rcc_ex.c **** {
 2413              		.loc 1 1604 1 is_stmt 1 view -0
 2414              		.cfi_startproc
 2415              		@ args = 0, pretend = 0, frame = 0
 2416              		@ frame_needed = 0, uses_anonymous_args = 0
 2417              		@ link register save eliminated.
1605:Drivers/STM32G4xx_HAL_Driver/Src/stm32g4xx_hal_rcc_ex.c ****   SET_BIT(CRS->CR, CRS_CR_SWSYNC);
 2418              		.loc 1 1605 3 view .LVU796
 2419 0000 024A     		ldr	r2, .L438
 2420 0002 1368     		ldr	r3, [r2]
 2421 0004 43F08003 		orr	r3, r3, #128
 2422 0008 1360     		str	r3, [r2]
1606:Drivers/STM32G4xx_HAL_Driver/Src/stm32g4xx_hal_rcc_ex.c **** }
 2423              		.loc 1 1606 1 is_stmt 0 view .LVU797
 2424 000a 7047     		bx	lr
 2425              	.L439:
 2426              		.align	2
 2427              	.L438:
 2428 000c 00200040 		.word	1073750016
 2429              		.cfi_endproc
 2430              	.LFE340:
 2432              		.section	.text.HAL_RCCEx_CRSGetSynchronizationInfo,"ax",%progbits
 2433              		.align	1
 2434              		.p2align 2,,3
 2435              		.global	HAL_RCCEx_CRSGetSynchronizationInfo
 2436              		.syntax unified
 2437              		.thumb
 2438              		.thumb_func
 2440              	HAL_RCCEx_CRSGetSynchronizationInfo:
 2441              	.LVL174:
 2442              	.LFB341:
1607:Drivers/STM32G4xx_HAL_Driver/Src/stm32g4xx_hal_rcc_ex.c **** 
1608:Drivers/STM32G4xx_HAL_Driver/Src/stm32g4xx_hal_rcc_ex.c **** /**
1609:Drivers/STM32G4xx_HAL_Driver/Src/stm32g4xx_hal_rcc_ex.c ****   * @brief  Return synchronization info
1610:Drivers/STM32G4xx_HAL_Driver/Src/stm32g4xx_hal_rcc_ex.c ****   * @param  pSynchroInfo Pointer on RCC_CRSSynchroInfoTypeDef structure
1611:Drivers/STM32G4xx_HAL_Driver/Src/stm32g4xx_hal_rcc_ex.c ****   * @retval None
1612:Drivers/STM32G4xx_HAL_Driver/Src/stm32g4xx_hal_rcc_ex.c ****   */
1613:Drivers/STM32G4xx_HAL_Driver/Src/stm32g4xx_hal_rcc_ex.c **** void HAL_RCCEx_CRSGetSynchronizationInfo(RCC_CRSSynchroInfoTypeDef *pSynchroInfo)
1614:Drivers/STM32G4xx_HAL_Driver/Src/stm32g4xx_hal_rcc_ex.c **** {
 2443              		.loc 1 1614 1 is_stmt 1 view -0
 2444              		.cfi_startproc
 2445              		@ args = 0, pretend = 0, frame = 0
 2446              		@ frame_needed = 0, uses_anonymous_args = 0
 2447              		@ link register save eliminated.
1615:Drivers/STM32G4xx_HAL_Driver/Src/stm32g4xx_hal_rcc_ex.c ****   /* Check the parameter */
1616:Drivers/STM32G4xx_HAL_Driver/Src/stm32g4xx_hal_rcc_ex.c ****   assert_param(pSynchroInfo != (void *)NULL);
 2448              		.loc 1 1616 3 view .LVU799
1617:Drivers/STM32G4xx_HAL_Driver/Src/stm32g4xx_hal_rcc_ex.c **** 
1618:Drivers/STM32G4xx_HAL_Driver/Src/stm32g4xx_hal_rcc_ex.c ****   /* Get the reload value */
1619:Drivers/STM32G4xx_HAL_Driver/Src/stm32g4xx_hal_rcc_ex.c ****   pSynchroInfo->ReloadValue = (READ_BIT(CRS->CFGR, CRS_CFGR_RELOAD));
 2449              		.loc 1 1619 3 view .LVU800
 2450              		.loc 1 1619 32 is_stmt 0 view .LVU801
ARM GAS  /tmp/ccaJoL7I.s 			page 80


 2451 0000 074B     		ldr	r3, .L441
 2452 0002 5A68     		ldr	r2, [r3, #4]
 2453 0004 92B2     		uxth	r2, r2
 2454              		.loc 1 1619 29 view .LVU802
 2455 0006 0260     		str	r2, [r0]
1620:Drivers/STM32G4xx_HAL_Driver/Src/stm32g4xx_hal_rcc_ex.c **** 
1621:Drivers/STM32G4xx_HAL_Driver/Src/stm32g4xx_hal_rcc_ex.c ****   /* Get HSI48 oscillator smooth trimming */
1622:Drivers/STM32G4xx_HAL_Driver/Src/stm32g4xx_hal_rcc_ex.c ****   pSynchroInfo->HSI48CalibrationValue = (READ_BIT(CRS->CR, CRS_CR_TRIM) >> CRS_CR_TRIM_Pos);
 2456              		.loc 1 1622 3 is_stmt 1 view .LVU803
 2457              		.loc 1 1622 42 is_stmt 0 view .LVU804
 2458 0008 1A68     		ldr	r2, [r3]
 2459              		.loc 1 1622 73 view .LVU805
 2460 000a C2F30622 		ubfx	r2, r2, #8, #7
 2461              		.loc 1 1622 39 view .LVU806
 2462 000e 4260     		str	r2, [r0, #4]
1623:Drivers/STM32G4xx_HAL_Driver/Src/stm32g4xx_hal_rcc_ex.c **** 
1624:Drivers/STM32G4xx_HAL_Driver/Src/stm32g4xx_hal_rcc_ex.c ****   /* Get Frequency error capture */
1625:Drivers/STM32G4xx_HAL_Driver/Src/stm32g4xx_hal_rcc_ex.c ****   pSynchroInfo->FreqErrorCapture = (READ_BIT(CRS->ISR, CRS_ISR_FECAP) >> CRS_ISR_FECAP_Pos);
 2463              		.loc 1 1625 3 is_stmt 1 view .LVU807
 2464              		.loc 1 1625 37 is_stmt 0 view .LVU808
 2465 0010 9A68     		ldr	r2, [r3, #8]
 2466              		.loc 1 1625 71 view .LVU809
 2467 0012 120C     		lsrs	r2, r2, #16
 2468              		.loc 1 1625 34 view .LVU810
 2469 0014 8260     		str	r2, [r0, #8]
1626:Drivers/STM32G4xx_HAL_Driver/Src/stm32g4xx_hal_rcc_ex.c **** 
1627:Drivers/STM32G4xx_HAL_Driver/Src/stm32g4xx_hal_rcc_ex.c ****   /* Get Frequency error direction */
1628:Drivers/STM32G4xx_HAL_Driver/Src/stm32g4xx_hal_rcc_ex.c ****   pSynchroInfo->FreqErrorDirection = (READ_BIT(CRS->ISR, CRS_ISR_FEDIR));
 2470              		.loc 1 1628 3 is_stmt 1 view .LVU811
 2471              		.loc 1 1628 39 is_stmt 0 view .LVU812
 2472 0016 9B68     		ldr	r3, [r3, #8]
 2473 0018 03F40043 		and	r3, r3, #32768
 2474              		.loc 1 1628 36 view .LVU813
 2475 001c C360     		str	r3, [r0, #12]
1629:Drivers/STM32G4xx_HAL_Driver/Src/stm32g4xx_hal_rcc_ex.c **** }
 2476              		.loc 1 1629 1 view .LVU814
 2477 001e 7047     		bx	lr
 2478              	.L442:
 2479              		.align	2
 2480              	.L441:
 2481 0020 00200040 		.word	1073750016
 2482              		.cfi_endproc
 2483              	.LFE341:
 2485              		.section	.text.HAL_RCCEx_CRSWaitSynchronization,"ax",%progbits
 2486              		.align	1
 2487              		.p2align 2,,3
 2488              		.global	HAL_RCCEx_CRSWaitSynchronization
 2489              		.syntax unified
 2490              		.thumb
 2491              		.thumb_func
 2493              	HAL_RCCEx_CRSWaitSynchronization:
 2494              	.LVL175:
 2495              	.LFB342:
1630:Drivers/STM32G4xx_HAL_Driver/Src/stm32g4xx_hal_rcc_ex.c **** 
1631:Drivers/STM32G4xx_HAL_Driver/Src/stm32g4xx_hal_rcc_ex.c **** /**
1632:Drivers/STM32G4xx_HAL_Driver/Src/stm32g4xx_hal_rcc_ex.c **** * @brief Wait for CRS Synchronization status.
1633:Drivers/STM32G4xx_HAL_Driver/Src/stm32g4xx_hal_rcc_ex.c **** * @param Timeout  Duration of the timeout
ARM GAS  /tmp/ccaJoL7I.s 			page 81


1634:Drivers/STM32G4xx_HAL_Driver/Src/stm32g4xx_hal_rcc_ex.c **** * @note  Timeout is based on the maximum time to receive a SYNC event based on synchronization
1635:Drivers/STM32G4xx_HAL_Driver/Src/stm32g4xx_hal_rcc_ex.c **** *        frequency.
1636:Drivers/STM32G4xx_HAL_Driver/Src/stm32g4xx_hal_rcc_ex.c **** * @note    If Timeout set to HAL_MAX_DELAY, HAL_TIMEOUT will be never returned.
1637:Drivers/STM32G4xx_HAL_Driver/Src/stm32g4xx_hal_rcc_ex.c **** * @retval Combination of Synchronization status
1638:Drivers/STM32G4xx_HAL_Driver/Src/stm32g4xx_hal_rcc_ex.c **** *          This parameter can be a combination of the following values:
1639:Drivers/STM32G4xx_HAL_Driver/Src/stm32g4xx_hal_rcc_ex.c **** *            @arg @ref RCC_CRS_TIMEOUT
1640:Drivers/STM32G4xx_HAL_Driver/Src/stm32g4xx_hal_rcc_ex.c **** *            @arg @ref RCC_CRS_SYNCOK
1641:Drivers/STM32G4xx_HAL_Driver/Src/stm32g4xx_hal_rcc_ex.c **** *            @arg @ref RCC_CRS_SYNCWARN
1642:Drivers/STM32G4xx_HAL_Driver/Src/stm32g4xx_hal_rcc_ex.c **** *            @arg @ref RCC_CRS_SYNCERR
1643:Drivers/STM32G4xx_HAL_Driver/Src/stm32g4xx_hal_rcc_ex.c **** *            @arg @ref RCC_CRS_SYNCMISS
1644:Drivers/STM32G4xx_HAL_Driver/Src/stm32g4xx_hal_rcc_ex.c **** *            @arg @ref RCC_CRS_TRIMOVF
1645:Drivers/STM32G4xx_HAL_Driver/Src/stm32g4xx_hal_rcc_ex.c **** */
1646:Drivers/STM32G4xx_HAL_Driver/Src/stm32g4xx_hal_rcc_ex.c **** uint32_t HAL_RCCEx_CRSWaitSynchronization(uint32_t Timeout)
1647:Drivers/STM32G4xx_HAL_Driver/Src/stm32g4xx_hal_rcc_ex.c **** {
 2496              		.loc 1 1647 1 is_stmt 1 view -0
 2497              		.cfi_startproc
 2498              		@ args = 0, pretend = 0, frame = 0
 2499              		@ frame_needed = 0, uses_anonymous_args = 0
1648:Drivers/STM32G4xx_HAL_Driver/Src/stm32g4xx_hal_rcc_ex.c ****   uint32_t crsstatus = RCC_CRS_NONE;
 2500              		.loc 1 1648 3 view .LVU816
1649:Drivers/STM32G4xx_HAL_Driver/Src/stm32g4xx_hal_rcc_ex.c ****   uint32_t tickstart;
 2501              		.loc 1 1649 3 view .LVU817
1650:Drivers/STM32G4xx_HAL_Driver/Src/stm32g4xx_hal_rcc_ex.c **** 
1651:Drivers/STM32G4xx_HAL_Driver/Src/stm32g4xx_hal_rcc_ex.c ****   /* Get timeout */
1652:Drivers/STM32G4xx_HAL_Driver/Src/stm32g4xx_hal_rcc_ex.c ****   tickstart = HAL_GetTick();
 2502              		.loc 1 1652 3 view .LVU818
1647:Drivers/STM32G4xx_HAL_Driver/Src/stm32g4xx_hal_rcc_ex.c ****   uint32_t crsstatus = RCC_CRS_NONE;
 2503              		.loc 1 1647 1 is_stmt 0 view .LVU819
 2504 0000 2DE9F843 		push	{r3, r4, r5, r6, r7, r8, r9, lr}
 2505              	.LCFI22:
 2506              		.cfi_def_cfa_offset 32
 2507              		.cfi_offset 3, -32
 2508              		.cfi_offset 4, -28
 2509              		.cfi_offset 5, -24
 2510              		.cfi_offset 6, -20
 2511              		.cfi_offset 7, -16
 2512              		.cfi_offset 8, -12
 2513              		.cfi_offset 9, -8
 2514              		.cfi_offset 14, -4
1647:Drivers/STM32G4xx_HAL_Driver/Src/stm32g4xx_hal_rcc_ex.c ****   uint32_t crsstatus = RCC_CRS_NONE;
 2515              		.loc 1 1647 1 view .LVU820
 2516 0004 8146     		mov	r9, r0
 2517              		.loc 1 1652 15 view .LVU821
 2518 0006 FFF7FEFF 		bl	HAL_GetTick
 2519              	.LVL176:
1653:Drivers/STM32G4xx_HAL_Driver/Src/stm32g4xx_hal_rcc_ex.c **** 
1654:Drivers/STM32G4xx_HAL_Driver/Src/stm32g4xx_hal_rcc_ex.c ****   /* Wait for CRS flag or timeout detection */
1655:Drivers/STM32G4xx_HAL_Driver/Src/stm32g4xx_hal_rcc_ex.c ****   do
1656:Drivers/STM32G4xx_HAL_Driver/Src/stm32g4xx_hal_rcc_ex.c ****   {
1657:Drivers/STM32G4xx_HAL_Driver/Src/stm32g4xx_hal_rcc_ex.c ****     if(Timeout != HAL_MAX_DELAY)
1658:Drivers/STM32G4xx_HAL_Driver/Src/stm32g4xx_hal_rcc_ex.c ****     {
1659:Drivers/STM32G4xx_HAL_Driver/Src/stm32g4xx_hal_rcc_ex.c ****       if(((HAL_GetTick() - tickstart) > Timeout) || (Timeout == 0U))
 2520              		.loc 1 1659 50 discriminator 2 view .LVU822
 2521 000a B9FA89F5 		clz	r5, r9
1660:Drivers/STM32G4xx_HAL_Driver/Src/stm32g4xx_hal_rcc_ex.c ****       {
1661:Drivers/STM32G4xx_HAL_Driver/Src/stm32g4xx_hal_rcc_ex.c ****         crsstatus = RCC_CRS_TIMEOUT;
1662:Drivers/STM32G4xx_HAL_Driver/Src/stm32g4xx_hal_rcc_ex.c ****       }
ARM GAS  /tmp/ccaJoL7I.s 			page 82


1663:Drivers/STM32G4xx_HAL_Driver/Src/stm32g4xx_hal_rcc_ex.c ****     }
1664:Drivers/STM32G4xx_HAL_Driver/Src/stm32g4xx_hal_rcc_ex.c ****     /* Check CRS SYNCOK flag  */
1665:Drivers/STM32G4xx_HAL_Driver/Src/stm32g4xx_hal_rcc_ex.c ****     if(__HAL_RCC_CRS_GET_FLAG(RCC_CRS_FLAG_SYNCOK))
 2522              		.loc 1 1665 8 view .LVU823
 2523 000e 224C     		ldr	r4, .L474
1652:Drivers/STM32G4xx_HAL_Driver/Src/stm32g4xx_hal_rcc_ex.c **** 
 2524              		.loc 1 1652 15 view .LVU824
 2525 0010 8046     		mov	r8, r0
 2526              	.LVL177:
1659:Drivers/STM32G4xx_HAL_Driver/Src/stm32g4xx_hal_rcc_ex.c ****       {
 2527              		.loc 1 1659 50 discriminator 2 view .LVU825
 2528 0012 6D09     		lsrs	r5, r5, #5
1666:Drivers/STM32G4xx_HAL_Driver/Src/stm32g4xx_hal_rcc_ex.c ****     {
1667:Drivers/STM32G4xx_HAL_Driver/Src/stm32g4xx_hal_rcc_ex.c ****       /* CRS SYNC event OK */
1668:Drivers/STM32G4xx_HAL_Driver/Src/stm32g4xx_hal_rcc_ex.c ****       crsstatus |= RCC_CRS_SYNCOK;
1669:Drivers/STM32G4xx_HAL_Driver/Src/stm32g4xx_hal_rcc_ex.c **** 
1670:Drivers/STM32G4xx_HAL_Driver/Src/stm32g4xx_hal_rcc_ex.c ****       /* Clear CRS SYNC event OK bit */
1671:Drivers/STM32G4xx_HAL_Driver/Src/stm32g4xx_hal_rcc_ex.c ****       __HAL_RCC_CRS_CLEAR_FLAG(RCC_CRS_FLAG_SYNCOK);
 2529              		.loc 1 1671 7 discriminator 2 view .LVU826
 2530 0014 0127     		movs	r7, #1
1672:Drivers/STM32G4xx_HAL_Driver/Src/stm32g4xx_hal_rcc_ex.c ****     }
1673:Drivers/STM32G4xx_HAL_Driver/Src/stm32g4xx_hal_rcc_ex.c **** 
1674:Drivers/STM32G4xx_HAL_Driver/Src/stm32g4xx_hal_rcc_ex.c ****     /* Check CRS SYNCWARN flag  */
1675:Drivers/STM32G4xx_HAL_Driver/Src/stm32g4xx_hal_rcc_ex.c ****     if(__HAL_RCC_CRS_GET_FLAG(RCC_CRS_FLAG_SYNCWARN))
1676:Drivers/STM32G4xx_HAL_Driver/Src/stm32g4xx_hal_rcc_ex.c ****     {
1677:Drivers/STM32G4xx_HAL_Driver/Src/stm32g4xx_hal_rcc_ex.c ****       /* CRS SYNC warning */
1678:Drivers/STM32G4xx_HAL_Driver/Src/stm32g4xx_hal_rcc_ex.c ****       crsstatus |= RCC_CRS_SYNCWARN;
1679:Drivers/STM32G4xx_HAL_Driver/Src/stm32g4xx_hal_rcc_ex.c **** 
1680:Drivers/STM32G4xx_HAL_Driver/Src/stm32g4xx_hal_rcc_ex.c ****       /* Clear CRS SYNCWARN bit */
1681:Drivers/STM32G4xx_HAL_Driver/Src/stm32g4xx_hal_rcc_ex.c ****       __HAL_RCC_CRS_CLEAR_FLAG(RCC_CRS_FLAG_SYNCWARN);
 2531              		.loc 1 1681 7 discriminator 2 view .LVU827
 2532 0016 0226     		movs	r6, #2
 2533              	.LVL178:
 2534              	.L454:
1655:Drivers/STM32G4xx_HAL_Driver/Src/stm32g4xx_hal_rcc_ex.c ****   {
 2535              		.loc 1 1655 3 is_stmt 1 view .LVU828
1657:Drivers/STM32G4xx_HAL_Driver/Src/stm32g4xx_hal_rcc_ex.c ****     {
 2536              		.loc 1 1657 5 view .LVU829
1657:Drivers/STM32G4xx_HAL_Driver/Src/stm32g4xx_hal_rcc_ex.c ****     {
 2537              		.loc 1 1657 7 is_stmt 0 view .LVU830
 2538 0018 B9F1FF3F 		cmp	r9, #-1
 2539 001c 32D0     		beq	.L455
1659:Drivers/STM32G4xx_HAL_Driver/Src/stm32g4xx_hal_rcc_ex.c ****       {
 2540              		.loc 1 1659 7 is_stmt 1 view .LVU831
1659:Drivers/STM32G4xx_HAL_Driver/Src/stm32g4xx_hal_rcc_ex.c ****       {
 2541              		.loc 1 1659 12 is_stmt 0 view .LVU832
 2542 001e FFF7FEFF 		bl	HAL_GetTick
 2543              	.LVL179:
1659:Drivers/STM32G4xx_HAL_Driver/Src/stm32g4xx_hal_rcc_ex.c ****       {
 2544              		.loc 1 1659 26 discriminator 1 view .LVU833
 2545 0022 A0EB0803 		sub	r3, r0, r8
1659:Drivers/STM32G4xx_HAL_Driver/Src/stm32g4xx_hal_rcc_ex.c ****       {
 2546              		.loc 1 1659 9 discriminator 1 view .LVU834
 2547 0026 4B45     		cmp	r3, r9
 2548 0028 94BF     		ite	ls
 2549 002a 2846     		movls	r0, r5
 2550 002c 45F00100 		orrhi	r0, r5, #1
ARM GAS  /tmp/ccaJoL7I.s 			page 83


 2551              	.L444:
 2552              	.LVL180:
1665:Drivers/STM32G4xx_HAL_Driver/Src/stm32g4xx_hal_rcc_ex.c ****     {
 2553              		.loc 1 1665 5 is_stmt 1 view .LVU835
1665:Drivers/STM32G4xx_HAL_Driver/Src/stm32g4xx_hal_rcc_ex.c ****     {
 2554              		.loc 1 1665 8 is_stmt 0 view .LVU836
 2555 0030 A368     		ldr	r3, [r4, #8]
1665:Drivers/STM32G4xx_HAL_Driver/Src/stm32g4xx_hal_rcc_ex.c ****     {
 2556              		.loc 1 1665 7 view .LVU837
 2557 0032 DB07     		lsls	r3, r3, #31
1668:Drivers/STM32G4xx_HAL_Driver/Src/stm32g4xx_hal_rcc_ex.c **** 
 2558              		.loc 1 1668 7 is_stmt 1 view .LVU838
1671:Drivers/STM32G4xx_HAL_Driver/Src/stm32g4xx_hal_rcc_ex.c ****     }
 2559              		.loc 1 1671 7 is_stmt 0 discriminator 2 view .LVU839
 2560 0034 48BF     		it	mi
 2561 0036 E760     		strmi	r7, [r4, #12]
1675:Drivers/STM32G4xx_HAL_Driver/Src/stm32g4xx_hal_rcc_ex.c ****     {
 2562              		.loc 1 1675 8 view .LVU840
 2563 0038 A368     		ldr	r3, [r4, #8]
1668:Drivers/STM32G4xx_HAL_Driver/Src/stm32g4xx_hal_rcc_ex.c **** 
 2564              		.loc 1 1668 17 view .LVU841
 2565 003a 48BF     		it	mi
 2566 003c 40F00200 		orrmi	r0, r0, #2
 2567              	.LVL181:
1671:Drivers/STM32G4xx_HAL_Driver/Src/stm32g4xx_hal_rcc_ex.c ****     }
 2568              		.loc 1 1671 7 is_stmt 1 view .LVU842
1671:Drivers/STM32G4xx_HAL_Driver/Src/stm32g4xx_hal_rcc_ex.c ****     }
 2569              		.loc 1 1671 7 view .LVU843
1671:Drivers/STM32G4xx_HAL_Driver/Src/stm32g4xx_hal_rcc_ex.c ****     }
 2570              		.loc 1 1671 7 discriminator 2 view .LVU844
1671:Drivers/STM32G4xx_HAL_Driver/Src/stm32g4xx_hal_rcc_ex.c ****     }
 2571              		.loc 1 1671 7 discriminator 3 view .LVU845
1675:Drivers/STM32G4xx_HAL_Driver/Src/stm32g4xx_hal_rcc_ex.c ****     {
 2572              		.loc 1 1675 5 view .LVU846
1675:Drivers/STM32G4xx_HAL_Driver/Src/stm32g4xx_hal_rcc_ex.c ****     {
 2573              		.loc 1 1675 7 is_stmt 0 view .LVU847
 2574 0040 9907     		lsls	r1, r3, #30
1678:Drivers/STM32G4xx_HAL_Driver/Src/stm32g4xx_hal_rcc_ex.c **** 
 2575              		.loc 1 1678 7 is_stmt 1 view .LVU848
 2576              		.loc 1 1681 7 is_stmt 0 discriminator 2 view .LVU849
 2577 0042 48BF     		it	mi
 2578 0044 E660     		strmi	r6, [r4, #12]
1682:Drivers/STM32G4xx_HAL_Driver/Src/stm32g4xx_hal_rcc_ex.c ****     }
1683:Drivers/STM32G4xx_HAL_Driver/Src/stm32g4xx_hal_rcc_ex.c **** 
1684:Drivers/STM32G4xx_HAL_Driver/Src/stm32g4xx_hal_rcc_ex.c ****     /* Check CRS TRIM overflow flag  */
1685:Drivers/STM32G4xx_HAL_Driver/Src/stm32g4xx_hal_rcc_ex.c ****     if(__HAL_RCC_CRS_GET_FLAG(RCC_CRS_FLAG_TRIMOVF))
 2579              		.loc 1 1685 8 view .LVU850
 2580 0046 A368     		ldr	r3, [r4, #8]
1678:Drivers/STM32G4xx_HAL_Driver/Src/stm32g4xx_hal_rcc_ex.c **** 
 2581              		.loc 1 1678 17 view .LVU851
 2582 0048 48BF     		it	mi
 2583 004a 40F00400 		orrmi	r0, r0, #4
 2584              	.LVL182:
1681:Drivers/STM32G4xx_HAL_Driver/Src/stm32g4xx_hal_rcc_ex.c ****     }
 2585              		.loc 1 1681 7 is_stmt 1 view .LVU852
1681:Drivers/STM32G4xx_HAL_Driver/Src/stm32g4xx_hal_rcc_ex.c ****     }
 2586              		.loc 1 1681 7 view .LVU853
ARM GAS  /tmp/ccaJoL7I.s 			page 84


1681:Drivers/STM32G4xx_HAL_Driver/Src/stm32g4xx_hal_rcc_ex.c ****     }
 2587              		.loc 1 1681 7 discriminator 2 view .LVU854
1681:Drivers/STM32G4xx_HAL_Driver/Src/stm32g4xx_hal_rcc_ex.c ****     }
 2588              		.loc 1 1681 7 discriminator 3 view .LVU855
 2589              		.loc 1 1685 5 view .LVU856
 2590              		.loc 1 1685 7 is_stmt 0 view .LVU857
 2591 004e 5A05     		lsls	r2, r3, #21
 2592 0050 03D5     		bpl	.L447
1686:Drivers/STM32G4xx_HAL_Driver/Src/stm32g4xx_hal_rcc_ex.c ****     {
1687:Drivers/STM32G4xx_HAL_Driver/Src/stm32g4xx_hal_rcc_ex.c ****       /* CRS SYNC Error */
1688:Drivers/STM32G4xx_HAL_Driver/Src/stm32g4xx_hal_rcc_ex.c ****       crsstatus |= RCC_CRS_TRIMOVF;
 2593              		.loc 1 1688 7 is_stmt 1 view .LVU858
1689:Drivers/STM32G4xx_HAL_Driver/Src/stm32g4xx_hal_rcc_ex.c **** 
1690:Drivers/STM32G4xx_HAL_Driver/Src/stm32g4xx_hal_rcc_ex.c ****       /* Clear CRS Error bit */
1691:Drivers/STM32G4xx_HAL_Driver/Src/stm32g4xx_hal_rcc_ex.c ****       __HAL_RCC_CRS_CLEAR_FLAG(RCC_CRS_FLAG_TRIMOVF);
 2594              		.loc 1 1691 7 is_stmt 0 discriminator 1 view .LVU859
 2595 0052 0423     		movs	r3, #4
1688:Drivers/STM32G4xx_HAL_Driver/Src/stm32g4xx_hal_rcc_ex.c **** 
 2596              		.loc 1 1688 17 view .LVU860
 2597 0054 40F02000 		orr	r0, r0, #32
 2598              	.LVL183:
 2599              		.loc 1 1691 7 is_stmt 1 view .LVU861
 2600              		.loc 1 1691 7 view .LVU862
 2601              		.loc 1 1691 7 discriminator 1 view .LVU863
 2602 0058 E360     		str	r3, [r4, #12]
 2603              	.L447:
 2604              		.loc 1 1691 7 discriminator 3 view .LVU864
1692:Drivers/STM32G4xx_HAL_Driver/Src/stm32g4xx_hal_rcc_ex.c ****     }
1693:Drivers/STM32G4xx_HAL_Driver/Src/stm32g4xx_hal_rcc_ex.c **** 
1694:Drivers/STM32G4xx_HAL_Driver/Src/stm32g4xx_hal_rcc_ex.c ****     /* Check CRS Error flag  */
1695:Drivers/STM32G4xx_HAL_Driver/Src/stm32g4xx_hal_rcc_ex.c ****     if(__HAL_RCC_CRS_GET_FLAG(RCC_CRS_FLAG_SYNCERR))
 2605              		.loc 1 1695 5 view .LVU865
 2606              		.loc 1 1695 8 is_stmt 0 view .LVU866
 2607 005a A368     		ldr	r3, [r4, #8]
 2608              		.loc 1 1695 7 view .LVU867
 2609 005c DB05     		lsls	r3, r3, #23
 2610 005e 03D5     		bpl	.L448
1696:Drivers/STM32G4xx_HAL_Driver/Src/stm32g4xx_hal_rcc_ex.c ****     {
1697:Drivers/STM32G4xx_HAL_Driver/Src/stm32g4xx_hal_rcc_ex.c ****       /* CRS SYNC Error */
1698:Drivers/STM32G4xx_HAL_Driver/Src/stm32g4xx_hal_rcc_ex.c ****       crsstatus |= RCC_CRS_SYNCERR;
 2611              		.loc 1 1698 7 is_stmt 1 view .LVU868
1699:Drivers/STM32G4xx_HAL_Driver/Src/stm32g4xx_hal_rcc_ex.c **** 
1700:Drivers/STM32G4xx_HAL_Driver/Src/stm32g4xx_hal_rcc_ex.c ****       /* Clear CRS Error bit */
1701:Drivers/STM32G4xx_HAL_Driver/Src/stm32g4xx_hal_rcc_ex.c ****       __HAL_RCC_CRS_CLEAR_FLAG(RCC_CRS_FLAG_SYNCERR);
 2612              		.loc 1 1701 7 is_stmt 0 discriminator 1 view .LVU869
 2613 0060 0423     		movs	r3, #4
1698:Drivers/STM32G4xx_HAL_Driver/Src/stm32g4xx_hal_rcc_ex.c **** 
 2614              		.loc 1 1698 17 view .LVU870
 2615 0062 40F00800 		orr	r0, r0, #8
 2616              	.LVL184:
 2617              		.loc 1 1701 7 is_stmt 1 view .LVU871
 2618              		.loc 1 1701 7 view .LVU872
 2619              		.loc 1 1701 7 discriminator 1 view .LVU873
 2620 0066 E360     		str	r3, [r4, #12]
 2621              	.L448:
 2622              		.loc 1 1701 7 discriminator 3 view .LVU874
1702:Drivers/STM32G4xx_HAL_Driver/Src/stm32g4xx_hal_rcc_ex.c ****     }
ARM GAS  /tmp/ccaJoL7I.s 			page 85


1703:Drivers/STM32G4xx_HAL_Driver/Src/stm32g4xx_hal_rcc_ex.c **** 
1704:Drivers/STM32G4xx_HAL_Driver/Src/stm32g4xx_hal_rcc_ex.c ****     /* Check CRS SYNC Missed flag  */
1705:Drivers/STM32G4xx_HAL_Driver/Src/stm32g4xx_hal_rcc_ex.c ****     if(__HAL_RCC_CRS_GET_FLAG(RCC_CRS_FLAG_SYNCMISS))
 2623              		.loc 1 1705 5 view .LVU875
 2624              		.loc 1 1705 8 is_stmt 0 view .LVU876
 2625 0068 A368     		ldr	r3, [r4, #8]
 2626              		.loc 1 1705 7 view .LVU877
 2627 006a 9905     		lsls	r1, r3, #22
 2628 006c 0CD5     		bpl	.L449
1706:Drivers/STM32G4xx_HAL_Driver/Src/stm32g4xx_hal_rcc_ex.c ****     {
1707:Drivers/STM32G4xx_HAL_Driver/Src/stm32g4xx_hal_rcc_ex.c ****       /* CRS SYNC Missed */
1708:Drivers/STM32G4xx_HAL_Driver/Src/stm32g4xx_hal_rcc_ex.c ****       crsstatus |= RCC_CRS_SYNCMISS;
 2629              		.loc 1 1708 7 is_stmt 1 view .LVU878
1709:Drivers/STM32G4xx_HAL_Driver/Src/stm32g4xx_hal_rcc_ex.c **** 
1710:Drivers/STM32G4xx_HAL_Driver/Src/stm32g4xx_hal_rcc_ex.c ****       /* Clear CRS SYNC Missed bit */
1711:Drivers/STM32G4xx_HAL_Driver/Src/stm32g4xx_hal_rcc_ex.c ****       __HAL_RCC_CRS_CLEAR_FLAG(RCC_CRS_FLAG_SYNCMISS);
 2630              		.loc 1 1711 7 is_stmt 0 discriminator 1 view .LVU879
 2631 006e 0423     		movs	r3, #4
 2632 0070 E360     		str	r3, [r4, #12]
1712:Drivers/STM32G4xx_HAL_Driver/Src/stm32g4xx_hal_rcc_ex.c ****     }
1713:Drivers/STM32G4xx_HAL_Driver/Src/stm32g4xx_hal_rcc_ex.c **** 
1714:Drivers/STM32G4xx_HAL_Driver/Src/stm32g4xx_hal_rcc_ex.c ****     /* Check CRS Expected SYNC flag  */
1715:Drivers/STM32G4xx_HAL_Driver/Src/stm32g4xx_hal_rcc_ex.c ****     if(__HAL_RCC_CRS_GET_FLAG(RCC_CRS_FLAG_ESYNC))
 2633              		.loc 1 1715 8 view .LVU880
 2634 0072 A368     		ldr	r3, [r4, #8]
 2635              		.loc 1 1715 7 view .LVU881
 2636 0074 1A07     		lsls	r2, r3, #28
1708:Drivers/STM32G4xx_HAL_Driver/Src/stm32g4xx_hal_rcc_ex.c **** 
 2637              		.loc 1 1708 17 view .LVU882
 2638 0076 40F01000 		orr	r0, r0, #16
 2639              	.LVL185:
1711:Drivers/STM32G4xx_HAL_Driver/Src/stm32g4xx_hal_rcc_ex.c ****     }
 2640              		.loc 1 1711 7 is_stmt 1 view .LVU883
1711:Drivers/STM32G4xx_HAL_Driver/Src/stm32g4xx_hal_rcc_ex.c ****     }
 2641              		.loc 1 1711 7 view .LVU884
1711:Drivers/STM32G4xx_HAL_Driver/Src/stm32g4xx_hal_rcc_ex.c ****     }
 2642              		.loc 1 1711 7 discriminator 1 view .LVU885
1711:Drivers/STM32G4xx_HAL_Driver/Src/stm32g4xx_hal_rcc_ex.c ****     }
 2643              		.loc 1 1711 7 discriminator 3 view .LVU886
 2644              		.loc 1 1715 5 view .LVU887
 2645              		.loc 1 1715 7 is_stmt 0 view .LVU888
 2646 007a 01D5     		bpl	.L443
1716:Drivers/STM32G4xx_HAL_Driver/Src/stm32g4xx_hal_rcc_ex.c ****     {
1717:Drivers/STM32G4xx_HAL_Driver/Src/stm32g4xx_hal_rcc_ex.c ****       /* frequency error counter reached a zero value */
1718:Drivers/STM32G4xx_HAL_Driver/Src/stm32g4xx_hal_rcc_ex.c ****       __HAL_RCC_CRS_CLEAR_FLAG(RCC_CRS_FLAG_ESYNC);
 2647              		.loc 1 1718 7 is_stmt 1 view .LVU889
 2648              		.loc 1 1718 7 view .LVU890
 2649              		.loc 1 1718 7 discriminator 2 view .LVU891
 2650 007c 0823     		movs	r3, #8
 2651 007e E360     		str	r3, [r4, #12]
 2652              		.loc 1 1718 7 discriminator 3 view .LVU892
1719:Drivers/STM32G4xx_HAL_Driver/Src/stm32g4xx_hal_rcc_ex.c ****     }
1720:Drivers/STM32G4xx_HAL_Driver/Src/stm32g4xx_hal_rcc_ex.c ****   } while(RCC_CRS_NONE == crsstatus);
 2653              		.loc 1 1720 24 view .LVU893
 2654              	.L443:
1721:Drivers/STM32G4xx_HAL_Driver/Src/stm32g4xx_hal_rcc_ex.c **** 
1722:Drivers/STM32G4xx_HAL_Driver/Src/stm32g4xx_hal_rcc_ex.c ****   return crsstatus;
ARM GAS  /tmp/ccaJoL7I.s 			page 86


1723:Drivers/STM32G4xx_HAL_Driver/Src/stm32g4xx_hal_rcc_ex.c **** }
 2655              		.loc 1 1723 1 is_stmt 0 view .LVU894
 2656 0080 BDE8F883 		pop	{r3, r4, r5, r6, r7, r8, r9, pc}
 2657              	.LVL186:
 2658              	.L455:
1657:Drivers/STM32G4xx_HAL_Driver/Src/stm32g4xx_hal_rcc_ex.c ****     {
 2659              		.loc 1 1657 7 view .LVU895
 2660 0084 0020     		movs	r0, #0
 2661 0086 D3E7     		b	.L444
 2662              	.LVL187:
 2663              	.L449:
1711:Drivers/STM32G4xx_HAL_Driver/Src/stm32g4xx_hal_rcc_ex.c ****     }
 2664              		.loc 1 1711 7 is_stmt 1 discriminator 3 view .LVU896
1715:Drivers/STM32G4xx_HAL_Driver/Src/stm32g4xx_hal_rcc_ex.c ****     {
 2665              		.loc 1 1715 5 view .LVU897
1715:Drivers/STM32G4xx_HAL_Driver/Src/stm32g4xx_hal_rcc_ex.c ****     {
 2666              		.loc 1 1715 8 is_stmt 0 view .LVU898
 2667 0088 A368     		ldr	r3, [r4, #8]
1715:Drivers/STM32G4xx_HAL_Driver/Src/stm32g4xx_hal_rcc_ex.c ****     {
 2668              		.loc 1 1715 7 view .LVU899
 2669 008a 1B07     		lsls	r3, r3, #28
1718:Drivers/STM32G4xx_HAL_Driver/Src/stm32g4xx_hal_rcc_ex.c ****     }
 2670              		.loc 1 1718 7 is_stmt 1 view .LVU900
1718:Drivers/STM32G4xx_HAL_Driver/Src/stm32g4xx_hal_rcc_ex.c ****     }
 2671              		.loc 1 1718 7 view .LVU901
1718:Drivers/STM32G4xx_HAL_Driver/Src/stm32g4xx_hal_rcc_ex.c ****     }
 2672              		.loc 1 1718 7 discriminator 2 view .LVU902
1718:Drivers/STM32G4xx_HAL_Driver/Src/stm32g4xx_hal_rcc_ex.c ****     }
 2673              		.loc 1 1718 7 discriminator 3 view .LVU903
1720:Drivers/STM32G4xx_HAL_Driver/Src/stm32g4xx_hal_rcc_ex.c **** 
 2674              		.loc 1 1720 24 view .LVU904
1718:Drivers/STM32G4xx_HAL_Driver/Src/stm32g4xx_hal_rcc_ex.c ****     }
 2675              		.loc 1 1718 7 is_stmt 0 discriminator 2 view .LVU905
 2676 008c 44BF     		itt	mi
 2677 008e 0823     		movmi	r3, #8
 2678 0090 E360     		strmi	r3, [r4, #12]
1720:Drivers/STM32G4xx_HAL_Driver/Src/stm32g4xx_hal_rcc_ex.c **** 
 2679              		.loc 1 1720 24 view .LVU906
 2680 0092 0028     		cmp	r0, #0
 2681 0094 C0D0     		beq	.L454
 2682 0096 F3E7     		b	.L443
 2683              	.L475:
 2684              		.align	2
 2685              	.L474:
 2686 0098 00200040 		.word	1073750016
 2687              		.cfi_endproc
 2688              	.LFE342:
 2690              		.section	.text.HAL_RCCEx_CRS_SyncOkCallback,"ax",%progbits
 2691              		.align	1
 2692              		.p2align 2,,3
 2693              		.weak	HAL_RCCEx_CRS_SyncOkCallback
 2694              		.syntax unified
 2695              		.thumb
 2696              		.thumb_func
 2698              	HAL_RCCEx_CRS_SyncOkCallback:
 2699              	.LFB349:
 2700              		.cfi_startproc
ARM GAS  /tmp/ccaJoL7I.s 			page 87


1724:Drivers/STM32G4xx_HAL_Driver/Src/stm32g4xx_hal_rcc_ex.c **** 
1725:Drivers/STM32G4xx_HAL_Driver/Src/stm32g4xx_hal_rcc_ex.c **** /**
1726:Drivers/STM32G4xx_HAL_Driver/Src/stm32g4xx_hal_rcc_ex.c ****   * @brief Handle the Clock Recovery System interrupt request.
1727:Drivers/STM32G4xx_HAL_Driver/Src/stm32g4xx_hal_rcc_ex.c ****   * @retval None
1728:Drivers/STM32G4xx_HAL_Driver/Src/stm32g4xx_hal_rcc_ex.c ****   */
1729:Drivers/STM32G4xx_HAL_Driver/Src/stm32g4xx_hal_rcc_ex.c **** void HAL_RCCEx_CRS_IRQHandler(void)
1730:Drivers/STM32G4xx_HAL_Driver/Src/stm32g4xx_hal_rcc_ex.c **** {
1731:Drivers/STM32G4xx_HAL_Driver/Src/stm32g4xx_hal_rcc_ex.c ****   uint32_t crserror = RCC_CRS_NONE;
1732:Drivers/STM32G4xx_HAL_Driver/Src/stm32g4xx_hal_rcc_ex.c ****   /* Get current IT flags and IT sources values */
1733:Drivers/STM32G4xx_HAL_Driver/Src/stm32g4xx_hal_rcc_ex.c ****   uint32_t itflags = READ_REG(CRS->ISR);
1734:Drivers/STM32G4xx_HAL_Driver/Src/stm32g4xx_hal_rcc_ex.c ****   uint32_t itsources = READ_REG(CRS->CR);
1735:Drivers/STM32G4xx_HAL_Driver/Src/stm32g4xx_hal_rcc_ex.c **** 
1736:Drivers/STM32G4xx_HAL_Driver/Src/stm32g4xx_hal_rcc_ex.c ****   /* Check CRS SYNCOK flag  */
1737:Drivers/STM32G4xx_HAL_Driver/Src/stm32g4xx_hal_rcc_ex.c ****   if(((itflags & RCC_CRS_FLAG_SYNCOK) != 0U) && ((itsources & RCC_CRS_IT_SYNCOK) != 0U))
1738:Drivers/STM32G4xx_HAL_Driver/Src/stm32g4xx_hal_rcc_ex.c ****   {
1739:Drivers/STM32G4xx_HAL_Driver/Src/stm32g4xx_hal_rcc_ex.c ****     /* Clear CRS SYNC event OK flag */
1740:Drivers/STM32G4xx_HAL_Driver/Src/stm32g4xx_hal_rcc_ex.c ****     WRITE_REG(CRS->ICR, CRS_ICR_SYNCOKC);
1741:Drivers/STM32G4xx_HAL_Driver/Src/stm32g4xx_hal_rcc_ex.c **** 
1742:Drivers/STM32G4xx_HAL_Driver/Src/stm32g4xx_hal_rcc_ex.c ****     /* user callback */
1743:Drivers/STM32G4xx_HAL_Driver/Src/stm32g4xx_hal_rcc_ex.c ****     HAL_RCCEx_CRS_SyncOkCallback();
1744:Drivers/STM32G4xx_HAL_Driver/Src/stm32g4xx_hal_rcc_ex.c ****   }
1745:Drivers/STM32G4xx_HAL_Driver/Src/stm32g4xx_hal_rcc_ex.c ****   /* Check CRS SYNCWARN flag  */
1746:Drivers/STM32G4xx_HAL_Driver/Src/stm32g4xx_hal_rcc_ex.c ****   else if(((itflags & RCC_CRS_FLAG_SYNCWARN) != 0U) && ((itsources & RCC_CRS_IT_SYNCWARN) != 0U))
1747:Drivers/STM32G4xx_HAL_Driver/Src/stm32g4xx_hal_rcc_ex.c ****   {
1748:Drivers/STM32G4xx_HAL_Driver/Src/stm32g4xx_hal_rcc_ex.c ****     /* Clear CRS SYNCWARN flag */
1749:Drivers/STM32G4xx_HAL_Driver/Src/stm32g4xx_hal_rcc_ex.c ****     WRITE_REG(CRS->ICR, CRS_ICR_SYNCWARNC);
1750:Drivers/STM32G4xx_HAL_Driver/Src/stm32g4xx_hal_rcc_ex.c **** 
1751:Drivers/STM32G4xx_HAL_Driver/Src/stm32g4xx_hal_rcc_ex.c ****     /* user callback */
1752:Drivers/STM32G4xx_HAL_Driver/Src/stm32g4xx_hal_rcc_ex.c ****     HAL_RCCEx_CRS_SyncWarnCallback();
1753:Drivers/STM32G4xx_HAL_Driver/Src/stm32g4xx_hal_rcc_ex.c ****   }
1754:Drivers/STM32G4xx_HAL_Driver/Src/stm32g4xx_hal_rcc_ex.c ****   /* Check CRS Expected SYNC flag  */
1755:Drivers/STM32G4xx_HAL_Driver/Src/stm32g4xx_hal_rcc_ex.c ****   else if(((itflags & RCC_CRS_FLAG_ESYNC) != 0U) && ((itsources & RCC_CRS_IT_ESYNC) != 0U))
1756:Drivers/STM32G4xx_HAL_Driver/Src/stm32g4xx_hal_rcc_ex.c ****   {
1757:Drivers/STM32G4xx_HAL_Driver/Src/stm32g4xx_hal_rcc_ex.c ****     /* frequency error counter reached a zero value */
1758:Drivers/STM32G4xx_HAL_Driver/Src/stm32g4xx_hal_rcc_ex.c ****     WRITE_REG(CRS->ICR, CRS_ICR_ESYNCC);
1759:Drivers/STM32G4xx_HAL_Driver/Src/stm32g4xx_hal_rcc_ex.c **** 
1760:Drivers/STM32G4xx_HAL_Driver/Src/stm32g4xx_hal_rcc_ex.c ****     /* user callback */
1761:Drivers/STM32G4xx_HAL_Driver/Src/stm32g4xx_hal_rcc_ex.c ****     HAL_RCCEx_CRS_ExpectedSyncCallback();
1762:Drivers/STM32G4xx_HAL_Driver/Src/stm32g4xx_hal_rcc_ex.c ****   }
1763:Drivers/STM32G4xx_HAL_Driver/Src/stm32g4xx_hal_rcc_ex.c ****   /* Check CRS Error flags  */
1764:Drivers/STM32G4xx_HAL_Driver/Src/stm32g4xx_hal_rcc_ex.c ****   else
1765:Drivers/STM32G4xx_HAL_Driver/Src/stm32g4xx_hal_rcc_ex.c ****   {
1766:Drivers/STM32G4xx_HAL_Driver/Src/stm32g4xx_hal_rcc_ex.c ****     if(((itflags & RCC_CRS_FLAG_ERR) != 0U) && ((itsources & RCC_CRS_IT_ERR) != 0U))
1767:Drivers/STM32G4xx_HAL_Driver/Src/stm32g4xx_hal_rcc_ex.c ****     {
1768:Drivers/STM32G4xx_HAL_Driver/Src/stm32g4xx_hal_rcc_ex.c ****       if((itflags & RCC_CRS_FLAG_SYNCERR) != 0U)
1769:Drivers/STM32G4xx_HAL_Driver/Src/stm32g4xx_hal_rcc_ex.c ****       {
1770:Drivers/STM32G4xx_HAL_Driver/Src/stm32g4xx_hal_rcc_ex.c ****         crserror |= RCC_CRS_SYNCERR;
1771:Drivers/STM32G4xx_HAL_Driver/Src/stm32g4xx_hal_rcc_ex.c ****       }
1772:Drivers/STM32G4xx_HAL_Driver/Src/stm32g4xx_hal_rcc_ex.c ****       if((itflags & RCC_CRS_FLAG_SYNCMISS) != 0U)
1773:Drivers/STM32G4xx_HAL_Driver/Src/stm32g4xx_hal_rcc_ex.c ****       {
1774:Drivers/STM32G4xx_HAL_Driver/Src/stm32g4xx_hal_rcc_ex.c ****         crserror |= RCC_CRS_SYNCMISS;
1775:Drivers/STM32G4xx_HAL_Driver/Src/stm32g4xx_hal_rcc_ex.c ****       }
1776:Drivers/STM32G4xx_HAL_Driver/Src/stm32g4xx_hal_rcc_ex.c ****       if((itflags & RCC_CRS_FLAG_TRIMOVF) != 0U)
1777:Drivers/STM32G4xx_HAL_Driver/Src/stm32g4xx_hal_rcc_ex.c ****       {
1778:Drivers/STM32G4xx_HAL_Driver/Src/stm32g4xx_hal_rcc_ex.c ****         crserror |= RCC_CRS_TRIMOVF;
1779:Drivers/STM32G4xx_HAL_Driver/Src/stm32g4xx_hal_rcc_ex.c ****       }
1780:Drivers/STM32G4xx_HAL_Driver/Src/stm32g4xx_hal_rcc_ex.c **** 
ARM GAS  /tmp/ccaJoL7I.s 			page 88


1781:Drivers/STM32G4xx_HAL_Driver/Src/stm32g4xx_hal_rcc_ex.c ****       /* Clear CRS Error flags */
1782:Drivers/STM32G4xx_HAL_Driver/Src/stm32g4xx_hal_rcc_ex.c ****       WRITE_REG(CRS->ICR, CRS_ICR_ERRC);
1783:Drivers/STM32G4xx_HAL_Driver/Src/stm32g4xx_hal_rcc_ex.c **** 
1784:Drivers/STM32G4xx_HAL_Driver/Src/stm32g4xx_hal_rcc_ex.c ****       /* user error callback */
1785:Drivers/STM32G4xx_HAL_Driver/Src/stm32g4xx_hal_rcc_ex.c ****       HAL_RCCEx_CRS_ErrorCallback(crserror);
1786:Drivers/STM32G4xx_HAL_Driver/Src/stm32g4xx_hal_rcc_ex.c ****     }
1787:Drivers/STM32G4xx_HAL_Driver/Src/stm32g4xx_hal_rcc_ex.c ****   }
1788:Drivers/STM32G4xx_HAL_Driver/Src/stm32g4xx_hal_rcc_ex.c **** }
1789:Drivers/STM32G4xx_HAL_Driver/Src/stm32g4xx_hal_rcc_ex.c **** 
1790:Drivers/STM32G4xx_HAL_Driver/Src/stm32g4xx_hal_rcc_ex.c **** /**
1791:Drivers/STM32G4xx_HAL_Driver/Src/stm32g4xx_hal_rcc_ex.c ****   * @brief  RCCEx Clock Recovery System SYNCOK interrupt callback.
1792:Drivers/STM32G4xx_HAL_Driver/Src/stm32g4xx_hal_rcc_ex.c ****   * @retval none
1793:Drivers/STM32G4xx_HAL_Driver/Src/stm32g4xx_hal_rcc_ex.c ****   */
1794:Drivers/STM32G4xx_HAL_Driver/Src/stm32g4xx_hal_rcc_ex.c **** __weak void HAL_RCCEx_CRS_SyncOkCallback(void)
 2701              		.loc 1 1794 13 is_stmt 1 view -0
 2702              		@ args = 0, pretend = 0, frame = 0
 2703              		@ frame_needed = 0, uses_anonymous_args = 0
 2704              		@ link register save eliminated.
 2705 0000 7047     		bx	lr
 2706              		.cfi_endproc
 2707              	.LFE349:
 2709 0002 00BF     		.section	.text.HAL_RCCEx_CRS_SyncWarnCallback,"ax",%progbits
 2710              		.align	1
 2711              		.p2align 2,,3
 2712              		.weak	HAL_RCCEx_CRS_SyncWarnCallback
 2713              		.syntax unified
 2714              		.thumb
 2715              		.thumb_func
 2717              	HAL_RCCEx_CRS_SyncWarnCallback:
 2718              	.LFB351:
 2719              		.cfi_startproc
1795:Drivers/STM32G4xx_HAL_Driver/Src/stm32g4xx_hal_rcc_ex.c **** {
1796:Drivers/STM32G4xx_HAL_Driver/Src/stm32g4xx_hal_rcc_ex.c ****   /* NOTE : This function should not be modified, when the callback is needed,
1797:Drivers/STM32G4xx_HAL_Driver/Src/stm32g4xx_hal_rcc_ex.c ****             the @ref HAL_RCCEx_CRS_SyncOkCallback should be implemented in the user file
1798:Drivers/STM32G4xx_HAL_Driver/Src/stm32g4xx_hal_rcc_ex.c ****    */
1799:Drivers/STM32G4xx_HAL_Driver/Src/stm32g4xx_hal_rcc_ex.c **** }
1800:Drivers/STM32G4xx_HAL_Driver/Src/stm32g4xx_hal_rcc_ex.c **** 
1801:Drivers/STM32G4xx_HAL_Driver/Src/stm32g4xx_hal_rcc_ex.c **** /**
1802:Drivers/STM32G4xx_HAL_Driver/Src/stm32g4xx_hal_rcc_ex.c ****   * @brief  RCCEx Clock Recovery System SYNCWARN interrupt callback.
1803:Drivers/STM32G4xx_HAL_Driver/Src/stm32g4xx_hal_rcc_ex.c ****   * @retval none
1804:Drivers/STM32G4xx_HAL_Driver/Src/stm32g4xx_hal_rcc_ex.c ****   */
1805:Drivers/STM32G4xx_HAL_Driver/Src/stm32g4xx_hal_rcc_ex.c **** __weak void HAL_RCCEx_CRS_SyncWarnCallback(void)
 2720              		.loc 1 1805 13 view -0
 2721              		@ args = 0, pretend = 0, frame = 0
 2722              		@ frame_needed = 0, uses_anonymous_args = 0
 2723              		@ link register save eliminated.
 2724 0000 7047     		bx	lr
 2725              		.cfi_endproc
 2726              	.LFE351:
 2728 0002 00BF     		.section	.text.HAL_RCCEx_CRS_ExpectedSyncCallback,"ax",%progbits
 2729              		.align	1
 2730              		.p2align 2,,3
 2731              		.weak	HAL_RCCEx_CRS_ExpectedSyncCallback
 2732              		.syntax unified
 2733              		.thumb
 2734              		.thumb_func
 2736              	HAL_RCCEx_CRS_ExpectedSyncCallback:
ARM GAS  /tmp/ccaJoL7I.s 			page 89


 2737              	.LFB353:
 2738              		.cfi_startproc
1806:Drivers/STM32G4xx_HAL_Driver/Src/stm32g4xx_hal_rcc_ex.c **** {
1807:Drivers/STM32G4xx_HAL_Driver/Src/stm32g4xx_hal_rcc_ex.c ****   /* NOTE : This function should not be modified, when the callback is needed,
1808:Drivers/STM32G4xx_HAL_Driver/Src/stm32g4xx_hal_rcc_ex.c ****             the @ref HAL_RCCEx_CRS_SyncWarnCallback should be implemented in the user file
1809:Drivers/STM32G4xx_HAL_Driver/Src/stm32g4xx_hal_rcc_ex.c ****    */
1810:Drivers/STM32G4xx_HAL_Driver/Src/stm32g4xx_hal_rcc_ex.c **** }
1811:Drivers/STM32G4xx_HAL_Driver/Src/stm32g4xx_hal_rcc_ex.c **** 
1812:Drivers/STM32G4xx_HAL_Driver/Src/stm32g4xx_hal_rcc_ex.c **** /**
1813:Drivers/STM32G4xx_HAL_Driver/Src/stm32g4xx_hal_rcc_ex.c ****   * @brief  RCCEx Clock Recovery System Expected SYNC interrupt callback.
1814:Drivers/STM32G4xx_HAL_Driver/Src/stm32g4xx_hal_rcc_ex.c ****   * @retval none
1815:Drivers/STM32G4xx_HAL_Driver/Src/stm32g4xx_hal_rcc_ex.c ****   */
1816:Drivers/STM32G4xx_HAL_Driver/Src/stm32g4xx_hal_rcc_ex.c **** __weak void HAL_RCCEx_CRS_ExpectedSyncCallback(void)
 2739              		.loc 1 1816 13 view -0
 2740              		@ args = 0, pretend = 0, frame = 0
 2741              		@ frame_needed = 0, uses_anonymous_args = 0
 2742              		@ link register save eliminated.
 2743 0000 7047     		bx	lr
 2744              		.cfi_endproc
 2745              	.LFE353:
 2747 0002 00BF     		.section	.text.HAL_RCCEx_CRS_ErrorCallback,"ax",%progbits
 2748              		.align	1
 2749              		.p2align 2,,3
 2750              		.weak	HAL_RCCEx_CRS_ErrorCallback
 2751              		.syntax unified
 2752              		.thumb
 2753              		.thumb_func
 2755              	HAL_RCCEx_CRS_ErrorCallback:
 2756              	.LVL188:
 2757              	.LFB347:
1817:Drivers/STM32G4xx_HAL_Driver/Src/stm32g4xx_hal_rcc_ex.c **** {
1818:Drivers/STM32G4xx_HAL_Driver/Src/stm32g4xx_hal_rcc_ex.c ****   /* NOTE : This function should not be modified, when the callback is needed,
1819:Drivers/STM32G4xx_HAL_Driver/Src/stm32g4xx_hal_rcc_ex.c ****             the @ref HAL_RCCEx_CRS_ExpectedSyncCallback should be implemented in the user file
1820:Drivers/STM32G4xx_HAL_Driver/Src/stm32g4xx_hal_rcc_ex.c ****    */
1821:Drivers/STM32G4xx_HAL_Driver/Src/stm32g4xx_hal_rcc_ex.c **** }
1822:Drivers/STM32G4xx_HAL_Driver/Src/stm32g4xx_hal_rcc_ex.c **** 
1823:Drivers/STM32G4xx_HAL_Driver/Src/stm32g4xx_hal_rcc_ex.c **** /**
1824:Drivers/STM32G4xx_HAL_Driver/Src/stm32g4xx_hal_rcc_ex.c ****   * @brief  RCCEx Clock Recovery System Error interrupt callback.
1825:Drivers/STM32G4xx_HAL_Driver/Src/stm32g4xx_hal_rcc_ex.c ****   * @param  Error Combination of Error status.
1826:Drivers/STM32G4xx_HAL_Driver/Src/stm32g4xx_hal_rcc_ex.c ****   *         This parameter can be a combination of the following values:
1827:Drivers/STM32G4xx_HAL_Driver/Src/stm32g4xx_hal_rcc_ex.c ****   *           @arg @ref RCC_CRS_SYNCERR
1828:Drivers/STM32G4xx_HAL_Driver/Src/stm32g4xx_hal_rcc_ex.c ****   *           @arg @ref RCC_CRS_SYNCMISS
1829:Drivers/STM32G4xx_HAL_Driver/Src/stm32g4xx_hal_rcc_ex.c ****   *           @arg @ref RCC_CRS_TRIMOVF
1830:Drivers/STM32G4xx_HAL_Driver/Src/stm32g4xx_hal_rcc_ex.c ****   * @retval none
1831:Drivers/STM32G4xx_HAL_Driver/Src/stm32g4xx_hal_rcc_ex.c ****   */
1832:Drivers/STM32G4xx_HAL_Driver/Src/stm32g4xx_hal_rcc_ex.c **** __weak void HAL_RCCEx_CRS_ErrorCallback(uint32_t Error)
1833:Drivers/STM32G4xx_HAL_Driver/Src/stm32g4xx_hal_rcc_ex.c **** {
 2758              		.loc 1 1833 1 view -0
 2759              		.cfi_startproc
 2760              		@ args = 0, pretend = 0, frame = 0
 2761              		@ frame_needed = 0, uses_anonymous_args = 0
 2762              		@ link register save eliminated.
1834:Drivers/STM32G4xx_HAL_Driver/Src/stm32g4xx_hal_rcc_ex.c ****   /* Prevent unused argument(s) compilation warning */
1835:Drivers/STM32G4xx_HAL_Driver/Src/stm32g4xx_hal_rcc_ex.c ****   UNUSED(Error);
 2763              		.loc 1 1835 3 view .LVU911
1836:Drivers/STM32G4xx_HAL_Driver/Src/stm32g4xx_hal_rcc_ex.c **** 
1837:Drivers/STM32G4xx_HAL_Driver/Src/stm32g4xx_hal_rcc_ex.c ****   /* NOTE : This function should not be modified, when the callback is needed,
ARM GAS  /tmp/ccaJoL7I.s 			page 90


1838:Drivers/STM32G4xx_HAL_Driver/Src/stm32g4xx_hal_rcc_ex.c ****             the @ref HAL_RCCEx_CRS_ErrorCallback should be implemented in the user file
1839:Drivers/STM32G4xx_HAL_Driver/Src/stm32g4xx_hal_rcc_ex.c ****    */
1840:Drivers/STM32G4xx_HAL_Driver/Src/stm32g4xx_hal_rcc_ex.c **** }
 2764              		.loc 1 1840 1 is_stmt 0 view .LVU912
 2765 0000 7047     		bx	lr
 2766              		.cfi_endproc
 2767              	.LFE347:
 2769 0002 00BF     		.section	.text.HAL_RCCEx_CRS_IRQHandler,"ax",%progbits
 2770              		.align	1
 2771              		.p2align 2,,3
 2772              		.global	HAL_RCCEx_CRS_IRQHandler
 2773              		.syntax unified
 2774              		.thumb
 2775              		.thumb_func
 2777              	HAL_RCCEx_CRS_IRQHandler:
 2778              	.LFB343:
1730:Drivers/STM32G4xx_HAL_Driver/Src/stm32g4xx_hal_rcc_ex.c ****   uint32_t crserror = RCC_CRS_NONE;
 2779              		.loc 1 1730 1 is_stmt 1 view -0
 2780              		.cfi_startproc
 2781              		@ args = 0, pretend = 0, frame = 0
 2782              		@ frame_needed = 0, uses_anonymous_args = 0
1731:Drivers/STM32G4xx_HAL_Driver/Src/stm32g4xx_hal_rcc_ex.c ****   /* Get current IT flags and IT sources values */
 2783              		.loc 1 1731 3 view .LVU914
 2784              	.LVL189:
1733:Drivers/STM32G4xx_HAL_Driver/Src/stm32g4xx_hal_rcc_ex.c ****   uint32_t itsources = READ_REG(CRS->CR);
 2785              		.loc 1 1733 3 view .LVU915
1733:Drivers/STM32G4xx_HAL_Driver/Src/stm32g4xx_hal_rcc_ex.c ****   uint32_t itsources = READ_REG(CRS->CR);
 2786              		.loc 1 1733 12 is_stmt 0 view .LVU916
 2787 0000 1B4A     		ldr	r2, .L521
1730:Drivers/STM32G4xx_HAL_Driver/Src/stm32g4xx_hal_rcc_ex.c ****   uint32_t crserror = RCC_CRS_NONE;
 2788              		.loc 1 1730 1 view .LVU917
 2789 0002 08B5     		push	{r3, lr}
 2790              	.LCFI23:
 2791              		.cfi_def_cfa_offset 8
 2792              		.cfi_offset 3, -8
 2793              		.cfi_offset 14, -4
1733:Drivers/STM32G4xx_HAL_Driver/Src/stm32g4xx_hal_rcc_ex.c ****   uint32_t itsources = READ_REG(CRS->CR);
 2794              		.loc 1 1733 12 view .LVU918
 2795 0004 9368     		ldr	r3, [r2, #8]
 2796              	.LVL190:
1734:Drivers/STM32G4xx_HAL_Driver/Src/stm32g4xx_hal_rcc_ex.c **** 
 2797              		.loc 1 1734 3 is_stmt 1 view .LVU919
1734:Drivers/STM32G4xx_HAL_Driver/Src/stm32g4xx_hal_rcc_ex.c **** 
 2798              		.loc 1 1734 12 is_stmt 0 view .LVU920
 2799 0006 1168     		ldr	r1, [r2]
 2800              	.LVL191:
1737:Drivers/STM32G4xx_HAL_Driver/Src/stm32g4xx_hal_rcc_ex.c ****   {
 2801              		.loc 1 1737 3 is_stmt 1 view .LVU921
1737:Drivers/STM32G4xx_HAL_Driver/Src/stm32g4xx_hal_rcc_ex.c ****   {
 2802              		.loc 1 1737 5 is_stmt 0 view .LVU922
 2803 0008 D807     		lsls	r0, r3, #31
 2804 000a 01D5     		bpl	.L481
1737:Drivers/STM32G4xx_HAL_Driver/Src/stm32g4xx_hal_rcc_ex.c ****   {
 2805              		.loc 1 1737 46 discriminator 1 view .LVU923
 2806 000c C807     		lsls	r0, r1, #31
 2807 000e 1ED4     		bmi	.L518
 2808              	.L481:
ARM GAS  /tmp/ccaJoL7I.s 			page 91


1746:Drivers/STM32G4xx_HAL_Driver/Src/stm32g4xx_hal_rcc_ex.c ****   {
 2809              		.loc 1 1746 8 is_stmt 1 view .LVU924
1746:Drivers/STM32G4xx_HAL_Driver/Src/stm32g4xx_hal_rcc_ex.c ****   {
 2810              		.loc 1 1746 10 is_stmt 0 view .LVU925
 2811 0010 9807     		lsls	r0, r3, #30
 2812 0012 01D5     		bpl	.L483
1746:Drivers/STM32G4xx_HAL_Driver/Src/stm32g4xx_hal_rcc_ex.c ****   {
 2813              		.loc 1 1746 53 discriminator 1 view .LVU926
 2814 0014 8A07     		lsls	r2, r1, #30
 2815 0016 1FD4     		bmi	.L519
 2816              	.L483:
1755:Drivers/STM32G4xx_HAL_Driver/Src/stm32g4xx_hal_rcc_ex.c ****   {
 2817              		.loc 1 1755 8 is_stmt 1 view .LVU927
1755:Drivers/STM32G4xx_HAL_Driver/Src/stm32g4xx_hal_rcc_ex.c ****   {
 2818              		.loc 1 1755 10 is_stmt 0 view .LVU928
 2819 0018 1807     		lsls	r0, r3, #28
 2820 001a 01D5     		bpl	.L484
1755:Drivers/STM32G4xx_HAL_Driver/Src/stm32g4xx_hal_rcc_ex.c ****   {
 2821              		.loc 1 1755 50 discriminator 1 view .LVU929
 2822 001c 0A07     		lsls	r2, r1, #28
 2823 001e 21D4     		bmi	.L520
 2824              	.L484:
1766:Drivers/STM32G4xx_HAL_Driver/Src/stm32g4xx_hal_rcc_ex.c ****     {
 2825              		.loc 1 1766 5 is_stmt 1 view .LVU930
1766:Drivers/STM32G4xx_HAL_Driver/Src/stm32g4xx_hal_rcc_ex.c ****     {
 2826              		.loc 1 1766 7 is_stmt 0 view .LVU931
 2827 0020 5807     		lsls	r0, r3, #29
 2828 0022 13D5     		bpl	.L480
1766:Drivers/STM32G4xx_HAL_Driver/Src/stm32g4xx_hal_rcc_ex.c ****     {
 2829              		.loc 1 1766 45 discriminator 1 view .LVU932
 2830 0024 4907     		lsls	r1, r1, #29
 2831              	.LVL192:
1766:Drivers/STM32G4xx_HAL_Driver/Src/stm32g4xx_hal_rcc_ex.c ****     {
 2832              		.loc 1 1766 45 discriminator 1 view .LVU933
 2833 0026 11D5     		bpl	.L480
1768:Drivers/STM32G4xx_HAL_Driver/Src/stm32g4xx_hal_rcc_ex.c ****       {
 2834              		.loc 1 1768 7 is_stmt 1 view .LVU934
1768:Drivers/STM32G4xx_HAL_Driver/Src/stm32g4xx_hal_rcc_ex.c ****       {
 2835              		.loc 1 1768 9 is_stmt 0 view .LVU935
 2836 0028 C3F30020 		ubfx	r0, r3, #8, #1
1772:Drivers/STM32G4xx_HAL_Driver/Src/stm32g4xx_hal_rcc_ex.c ****       {
 2837              		.loc 1 1772 9 view .LVU936
 2838 002c 9A05     		lsls	r2, r3, #22
1768:Drivers/STM32G4xx_HAL_Driver/Src/stm32g4xx_hal_rcc_ex.c ****       {
 2839              		.loc 1 1768 9 view .LVU937
 2840 002e 4FEAC000 		lsl	r0, r0, #3
 2841              	.LVL193:
1772:Drivers/STM32G4xx_HAL_Driver/Src/stm32g4xx_hal_rcc_ex.c ****       {
 2842              		.loc 1 1772 7 is_stmt 1 view .LVU938
1774:Drivers/STM32G4xx_HAL_Driver/Src/stm32g4xx_hal_rcc_ex.c ****       }
 2843              		.loc 1 1774 9 view .LVU939
1774:Drivers/STM32G4xx_HAL_Driver/Src/stm32g4xx_hal_rcc_ex.c ****       }
 2844              		.loc 1 1774 18 is_stmt 0 view .LVU940
 2845 0032 48BF     		it	mi
 2846 0034 40F01000 		orrmi	r0, r0, #16
 2847              	.LVL194:
1776:Drivers/STM32G4xx_HAL_Driver/Src/stm32g4xx_hal_rcc_ex.c ****       {
ARM GAS  /tmp/ccaJoL7I.s 			page 92


 2848              		.loc 1 1776 7 is_stmt 1 view .LVU941
1776:Drivers/STM32G4xx_HAL_Driver/Src/stm32g4xx_hal_rcc_ex.c ****       {
 2849              		.loc 1 1776 9 is_stmt 0 view .LVU942
 2850 0038 5B05     		lsls	r3, r3, #21
 2851              	.LVL195:
1778:Drivers/STM32G4xx_HAL_Driver/Src/stm32g4xx_hal_rcc_ex.c ****       }
 2852              		.loc 1 1778 9 is_stmt 1 view .LVU943
1782:Drivers/STM32G4xx_HAL_Driver/Src/stm32g4xx_hal_rcc_ex.c **** 
 2853              		.loc 1 1782 7 is_stmt 0 view .LVU944
 2854 003a 0D4B     		ldr	r3, .L521
 2855 003c 4FF00402 		mov	r2, #4
1778:Drivers/STM32G4xx_HAL_Driver/Src/stm32g4xx_hal_rcc_ex.c ****       }
 2856              		.loc 1 1778 18 view .LVU945
 2857 0040 48BF     		it	mi
 2858 0042 40F02000 		orrmi	r0, r0, #32
 2859              	.LVL196:
1782:Drivers/STM32G4xx_HAL_Driver/Src/stm32g4xx_hal_rcc_ex.c **** 
 2860              		.loc 1 1782 7 is_stmt 1 view .LVU946
 2861 0046 DA60     		str	r2, [r3, #12]
1785:Drivers/STM32G4xx_HAL_Driver/Src/stm32g4xx_hal_rcc_ex.c ****     }
 2862              		.loc 1 1785 7 view .LVU947
 2863 0048 FFF7FEFF 		bl	HAL_RCCEx_CRS_ErrorCallback
 2864              	.LVL197:
 2865              	.L480:
1788:Drivers/STM32G4xx_HAL_Driver/Src/stm32g4xx_hal_rcc_ex.c **** 
 2866              		.loc 1 1788 1 is_stmt 0 view .LVU948
 2867 004c 08BD     		pop	{r3, pc}
 2868              	.LVL198:
 2869              	.L518:
1740:Drivers/STM32G4xx_HAL_Driver/Src/stm32g4xx_hal_rcc_ex.c **** 
 2870              		.loc 1 1740 5 is_stmt 1 view .LVU949
 2871 004e 0123     		movs	r3, #1
 2872              	.LVL199:
1740:Drivers/STM32G4xx_HAL_Driver/Src/stm32g4xx_hal_rcc_ex.c **** 
 2873              		.loc 1 1740 5 is_stmt 0 view .LVU950
 2874 0050 D360     		str	r3, [r2, #12]
1743:Drivers/STM32G4xx_HAL_Driver/Src/stm32g4xx_hal_rcc_ex.c ****   }
 2875              		.loc 1 1743 5 is_stmt 1 view .LVU951
 2876 0052 FFF7FEFF 		bl	HAL_RCCEx_CRS_SyncOkCallback
 2877              	.LVL200:
1788:Drivers/STM32G4xx_HAL_Driver/Src/stm32g4xx_hal_rcc_ex.c **** 
 2878              		.loc 1 1788 1 is_stmt 0 view .LVU952
 2879 0056 08BD     		pop	{r3, pc}
 2880              	.LVL201:
 2881              	.L519:
1749:Drivers/STM32G4xx_HAL_Driver/Src/stm32g4xx_hal_rcc_ex.c **** 
 2882              		.loc 1 1749 5 is_stmt 1 view .LVU953
 2883 0058 054B     		ldr	r3, .L521
 2884              	.LVL202:
1749:Drivers/STM32G4xx_HAL_Driver/Src/stm32g4xx_hal_rcc_ex.c **** 
 2885              		.loc 1 1749 5 is_stmt 0 view .LVU954
 2886 005a 0222     		movs	r2, #2
 2887 005c DA60     		str	r2, [r3, #12]
1752:Drivers/STM32G4xx_HAL_Driver/Src/stm32g4xx_hal_rcc_ex.c ****   }
 2888              		.loc 1 1752 5 is_stmt 1 view .LVU955
 2889 005e FFF7FEFF 		bl	HAL_RCCEx_CRS_SyncWarnCallback
 2890              	.LVL203:
ARM GAS  /tmp/ccaJoL7I.s 			page 93


1788:Drivers/STM32G4xx_HAL_Driver/Src/stm32g4xx_hal_rcc_ex.c **** 
 2891              		.loc 1 1788 1 is_stmt 0 view .LVU956
 2892 0062 08BD     		pop	{r3, pc}
 2893              	.LVL204:
 2894              	.L520:
1758:Drivers/STM32G4xx_HAL_Driver/Src/stm32g4xx_hal_rcc_ex.c **** 
 2895              		.loc 1 1758 5 is_stmt 1 view .LVU957
 2896 0064 024B     		ldr	r3, .L521
 2897              	.LVL205:
1758:Drivers/STM32G4xx_HAL_Driver/Src/stm32g4xx_hal_rcc_ex.c **** 
 2898              		.loc 1 1758 5 is_stmt 0 view .LVU958
 2899 0066 0822     		movs	r2, #8
 2900 0068 DA60     		str	r2, [r3, #12]
1761:Drivers/STM32G4xx_HAL_Driver/Src/stm32g4xx_hal_rcc_ex.c ****   }
 2901              		.loc 1 1761 5 is_stmt 1 view .LVU959
 2902 006a FFF7FEFF 		bl	HAL_RCCEx_CRS_ExpectedSyncCallback
 2903              	.LVL206:
1788:Drivers/STM32G4xx_HAL_Driver/Src/stm32g4xx_hal_rcc_ex.c **** 
 2904              		.loc 1 1788 1 is_stmt 0 view .LVU960
 2905 006e 08BD     		pop	{r3, pc}
 2906              	.L522:
 2907              		.align	2
 2908              	.L521:
 2909 0070 00200040 		.word	1073750016
 2910              		.cfi_endproc
 2911              	.LFE343:
 2913              		.text
 2914              	.Letext0:
 2915              		.file 2 "/usr/arm-none-eabi/include/machine/_default_types.h"
 2916              		.file 3 "/usr/arm-none-eabi/include/sys/_stdint.h"
 2917              		.file 4 "Drivers/CMSIS/Device/ST/STM32G4xx/Include/stm32g474xx.h"
 2918              		.file 5 "Drivers/CMSIS/Device/ST/STM32G4xx/Include/stm32g4xx.h"
 2919              		.file 6 "Drivers/STM32G4xx_HAL_Driver/Inc/stm32g4xx_hal_def.h"
 2920              		.file 7 "Drivers/STM32G4xx_HAL_Driver/Inc/stm32g4xx_hal_rcc_ex.h"
 2921              		.file 8 "Drivers/STM32G4xx_HAL_Driver/Inc/stm32g4xx_hal_gpio.h"
 2922              		.file 9 "Drivers/STM32G4xx_HAL_Driver/Inc/stm32g4xx_hal_pwr.h"
 2923              		.file 10 "Drivers/STM32G4xx_HAL_Driver/Inc/stm32g4xx_hal_rcc.h"
 2924              		.file 11 "Drivers/STM32G4xx_HAL_Driver/Inc/stm32g4xx_hal.h"
ARM GAS  /tmp/ccaJoL7I.s 			page 94


DEFINED SYMBOLS
                            *ABS*:00000000 stm32g4xx_hal_rcc_ex.c
     /tmp/ccaJoL7I.s:21     .text.HAL_RCCEx_PeriphCLKConfig:00000000 $t
     /tmp/ccaJoL7I.s:28     .text.HAL_RCCEx_PeriphCLKConfig:00000000 HAL_RCCEx_PeriphCLKConfig
     /tmp/ccaJoL7I.s:551    .text.HAL_RCCEx_PeriphCLKConfig:000002c0 $d
     /tmp/ccaJoL7I.s:555    .text.HAL_RCCEx_PeriphCLKConfig:000002c8 $t
     /tmp/ccaJoL7I.s:624    .text.HAL_RCCEx_GetPeriphCLKConfig:00000000 $t
     /tmp/ccaJoL7I.s:631    .text.HAL_RCCEx_GetPeriphCLKConfig:00000000 HAL_RCCEx_GetPeriphCLKConfig
     /tmp/ccaJoL7I.s:770    .text.HAL_RCCEx_GetPeriphCLKConfig:000000d0 $d
     /tmp/ccaJoL7I.s:776    .text.HAL_RCCEx_GetPeriphCLKFreq:00000000 $t
     /tmp/ccaJoL7I.s:783    .text.HAL_RCCEx_GetPeriphCLKFreq:00000000 HAL_RCCEx_GetPeriphCLKFreq
     /tmp/ccaJoL7I.s:843    .text.HAL_RCCEx_GetPeriphCLKFreq:00000042 $d
     /tmp/ccaJoL7I.s:875    .text.HAL_RCCEx_GetPeriphCLKFreq:00000082 $t
     /tmp/ccaJoL7I.s:1276   .text.HAL_RCCEx_GetPeriphCLKFreq:00000298 $d
     /tmp/ccaJoL7I.s:1286   .text.HAL_RCCEx_GetPeriphCLKFreq:000002b0 $t
     /tmp/ccaJoL7I.s:1807   .text.HAL_RCCEx_GetPeriphCLKFreq:0000051c $d
     /tmp/ccaJoL7I.s:1814   .text.HAL_RCCEx_EnableLSECSS:00000000 $t
     /tmp/ccaJoL7I.s:1821   .text.HAL_RCCEx_EnableLSECSS:00000000 HAL_RCCEx_EnableLSECSS
     /tmp/ccaJoL7I.s:1838   .text.HAL_RCCEx_EnableLSECSS:00000010 $d
     /tmp/ccaJoL7I.s:1843   .text.HAL_RCCEx_DisableLSECSS:00000000 $t
     /tmp/ccaJoL7I.s:1850   .text.HAL_RCCEx_DisableLSECSS:00000000 HAL_RCCEx_DisableLSECSS
     /tmp/ccaJoL7I.s:1871   .text.HAL_RCCEx_DisableLSECSS:00000018 $d
     /tmp/ccaJoL7I.s:1876   .text.HAL_RCCEx_EnableLSECSS_IT:00000000 $t
     /tmp/ccaJoL7I.s:1883   .text.HAL_RCCEx_EnableLSECSS_IT:00000000 HAL_RCCEx_EnableLSECSS_IT
     /tmp/ccaJoL7I.s:1915   .text.HAL_RCCEx_EnableLSECSS_IT:0000002c $d
     /tmp/ccaJoL7I.s:1921   .text.HAL_RCCEx_LSECSS_Callback:00000000 $t
     /tmp/ccaJoL7I.s:1928   .text.HAL_RCCEx_LSECSS_Callback:00000000 HAL_RCCEx_LSECSS_Callback
     /tmp/ccaJoL7I.s:1941   .text.HAL_RCCEx_LSECSS_IRQHandler:00000000 $t
     /tmp/ccaJoL7I.s:1948   .text.HAL_RCCEx_LSECSS_IRQHandler:00000000 HAL_RCCEx_LSECSS_IRQHandler
     /tmp/ccaJoL7I.s:1982   .text.HAL_RCCEx_LSECSS_IRQHandler:0000001c $d
     /tmp/ccaJoL7I.s:1987   .text.HAL_RCCEx_EnableLSCO:00000000 $t
     /tmp/ccaJoL7I.s:1994   .text.HAL_RCCEx_EnableLSCO:00000000 HAL_RCCEx_EnableLSCO
     /tmp/ccaJoL7I.s:2150   .text.HAL_RCCEx_EnableLSCO:0000009c $d
     /tmp/ccaJoL7I.s:2156   .text.HAL_RCCEx_DisableLSCO:00000000 $t
     /tmp/ccaJoL7I.s:2163   .text.HAL_RCCEx_DisableLSCO:00000000 HAL_RCCEx_DisableLSCO
     /tmp/ccaJoL7I.s:2309   .text.HAL_RCCEx_DisableLSCO:0000008c $d
     /tmp/ccaJoL7I.s:2315   .text.HAL_RCCEx_CRSConfig:00000000 $t
     /tmp/ccaJoL7I.s:2322   .text.HAL_RCCEx_CRSConfig:00000000 HAL_RCCEx_CRSConfig
     /tmp/ccaJoL7I.s:2398   .text.HAL_RCCEx_CRSConfig:00000048 $d
     /tmp/ccaJoL7I.s:2404   .text.HAL_RCCEx_CRSSoftwareSynchronizationGenerate:00000000 $t
     /tmp/ccaJoL7I.s:2411   .text.HAL_RCCEx_CRSSoftwareSynchronizationGenerate:00000000 HAL_RCCEx_CRSSoftwareSynchronizationGenerate
     /tmp/ccaJoL7I.s:2428   .text.HAL_RCCEx_CRSSoftwareSynchronizationGenerate:0000000c $d
     /tmp/ccaJoL7I.s:2433   .text.HAL_RCCEx_CRSGetSynchronizationInfo:00000000 $t
     /tmp/ccaJoL7I.s:2440   .text.HAL_RCCEx_CRSGetSynchronizationInfo:00000000 HAL_RCCEx_CRSGetSynchronizationInfo
     /tmp/ccaJoL7I.s:2481   .text.HAL_RCCEx_CRSGetSynchronizationInfo:00000020 $d
     /tmp/ccaJoL7I.s:2486   .text.HAL_RCCEx_CRSWaitSynchronization:00000000 $t
     /tmp/ccaJoL7I.s:2493   .text.HAL_RCCEx_CRSWaitSynchronization:00000000 HAL_RCCEx_CRSWaitSynchronization
     /tmp/ccaJoL7I.s:2686   .text.HAL_RCCEx_CRSWaitSynchronization:00000098 $d
     /tmp/ccaJoL7I.s:2691   .text.HAL_RCCEx_CRS_SyncOkCallback:00000000 $t
     /tmp/ccaJoL7I.s:2698   .text.HAL_RCCEx_CRS_SyncOkCallback:00000000 HAL_RCCEx_CRS_SyncOkCallback
     /tmp/ccaJoL7I.s:2710   .text.HAL_RCCEx_CRS_SyncWarnCallback:00000000 $t
     /tmp/ccaJoL7I.s:2717   .text.HAL_RCCEx_CRS_SyncWarnCallback:00000000 HAL_RCCEx_CRS_SyncWarnCallback
     /tmp/ccaJoL7I.s:2729   .text.HAL_RCCEx_CRS_ExpectedSyncCallback:00000000 $t
     /tmp/ccaJoL7I.s:2736   .text.HAL_RCCEx_CRS_ExpectedSyncCallback:00000000 HAL_RCCEx_CRS_ExpectedSyncCallback
     /tmp/ccaJoL7I.s:2748   .text.HAL_RCCEx_CRS_ErrorCallback:00000000 $t
     /tmp/ccaJoL7I.s:2755   .text.HAL_RCCEx_CRS_ErrorCallback:00000000 HAL_RCCEx_CRS_ErrorCallback
     /tmp/ccaJoL7I.s:2770   .text.HAL_RCCEx_CRS_IRQHandler:00000000 $t
ARM GAS  /tmp/ccaJoL7I.s 			page 95


     /tmp/ccaJoL7I.s:2777   .text.HAL_RCCEx_CRS_IRQHandler:00000000 HAL_RCCEx_CRS_IRQHandler
     /tmp/ccaJoL7I.s:2909   .text.HAL_RCCEx_CRS_IRQHandler:00000070 $d

UNDEFINED SYMBOLS
HAL_GetTick
HAL_RCC_GetSysClockFreq
HAL_RCC_GetPCLK1Freq
HAL_RCC_GetPCLK2Freq
HAL_GPIO_Init
HAL_PWR_EnableBkUpAccess
HAL_PWR_DisableBkUpAccess
