ARM GAS  /tmp/ccy1S8Wo.s 			page 1


   1              		.cpu cortex-m4
   2              		.arch armv7e-m
   3              		.fpu fpv4-sp-d16
   4              		.eabi_attribute 27, 1
   5              		.eabi_attribute 28, 1
   6              		.eabi_attribute 20, 1
   7              		.eabi_attribute 21, 1
   8              		.eabi_attribute 23, 3
   9              		.eabi_attribute 24, 1
  10              		.eabi_attribute 25, 1
  11              		.eabi_attribute 26, 1
  12              		.eabi_attribute 30, 2
  13              		.eabi_attribute 34, 1
  14              		.eabi_attribute 18, 4
  15              		.file	"stm32g4xx_hal.c"
  16              		.text
  17              	.Ltext0:
  18              		.cfi_sections	.debug_frame
  19              		.file 1 "Drivers/STM32G4xx_HAL_Driver/Src/stm32g4xx_hal.c"
  20              		.section	.text.HAL_MspInit,"ax",%progbits
  21              		.align	1
  22              		.p2align 2,,3
  23              		.weak	HAL_MspInit
  24              		.syntax unified
  25              		.thumb
  26              		.thumb_func
  28              	HAL_MspInit:
  29              	.LFB331:
   1:Drivers/STM32G4xx_HAL_Driver/Src/stm32g4xx_hal.c **** /**
   2:Drivers/STM32G4xx_HAL_Driver/Src/stm32g4xx_hal.c ****   ******************************************************************************
   3:Drivers/STM32G4xx_HAL_Driver/Src/stm32g4xx_hal.c ****   * @file    stm32g4xx_hal.c
   4:Drivers/STM32G4xx_HAL_Driver/Src/stm32g4xx_hal.c ****   * @author  MCD Application Team
   5:Drivers/STM32G4xx_HAL_Driver/Src/stm32g4xx_hal.c ****   * @brief   HAL module driver.
   6:Drivers/STM32G4xx_HAL_Driver/Src/stm32g4xx_hal.c ****   *          This is the common part of the HAL initialization
   7:Drivers/STM32G4xx_HAL_Driver/Src/stm32g4xx_hal.c ****   ******************************************************************************
   8:Drivers/STM32G4xx_HAL_Driver/Src/stm32g4xx_hal.c ****   * @attention
   9:Drivers/STM32G4xx_HAL_Driver/Src/stm32g4xx_hal.c ****   *
  10:Drivers/STM32G4xx_HAL_Driver/Src/stm32g4xx_hal.c ****   * Copyright (c) 2019 STMicroelectronics.
  11:Drivers/STM32G4xx_HAL_Driver/Src/stm32g4xx_hal.c ****   * All rights reserved.
  12:Drivers/STM32G4xx_HAL_Driver/Src/stm32g4xx_hal.c ****   *
  13:Drivers/STM32G4xx_HAL_Driver/Src/stm32g4xx_hal.c ****   * This software is licensed under terms that can be found in the LICENSE file
  14:Drivers/STM32G4xx_HAL_Driver/Src/stm32g4xx_hal.c ****   * in the root directory of this software component.
  15:Drivers/STM32G4xx_HAL_Driver/Src/stm32g4xx_hal.c ****   * If no LICENSE file comes with this software, it is provided AS-IS.
  16:Drivers/STM32G4xx_HAL_Driver/Src/stm32g4xx_hal.c ****   *
  17:Drivers/STM32G4xx_HAL_Driver/Src/stm32g4xx_hal.c ****   ******************************************************************************
  18:Drivers/STM32G4xx_HAL_Driver/Src/stm32g4xx_hal.c ****   @verbatim
  19:Drivers/STM32G4xx_HAL_Driver/Src/stm32g4xx_hal.c ****   ==============================================================================
  20:Drivers/STM32G4xx_HAL_Driver/Src/stm32g4xx_hal.c ****                      ##### How to use this driver #####
  21:Drivers/STM32G4xx_HAL_Driver/Src/stm32g4xx_hal.c ****   ==============================================================================
  22:Drivers/STM32G4xx_HAL_Driver/Src/stm32g4xx_hal.c ****     [..]
  23:Drivers/STM32G4xx_HAL_Driver/Src/stm32g4xx_hal.c ****     The common HAL driver contains a set of generic and common APIs that can be
  24:Drivers/STM32G4xx_HAL_Driver/Src/stm32g4xx_hal.c ****     used by the PPP peripheral drivers and the user to start using the HAL.
  25:Drivers/STM32G4xx_HAL_Driver/Src/stm32g4xx_hal.c ****     [..]
  26:Drivers/STM32G4xx_HAL_Driver/Src/stm32g4xx_hal.c ****     The HAL contains two APIs' categories:
  27:Drivers/STM32G4xx_HAL_Driver/Src/stm32g4xx_hal.c ****          (+) Common HAL APIs
  28:Drivers/STM32G4xx_HAL_Driver/Src/stm32g4xx_hal.c ****          (+) Services HAL APIs
  29:Drivers/STM32G4xx_HAL_Driver/Src/stm32g4xx_hal.c **** 
ARM GAS  /tmp/ccy1S8Wo.s 			page 2


  30:Drivers/STM32G4xx_HAL_Driver/Src/stm32g4xx_hal.c ****   @endverbatim
  31:Drivers/STM32G4xx_HAL_Driver/Src/stm32g4xx_hal.c ****   ******************************************************************************
  32:Drivers/STM32G4xx_HAL_Driver/Src/stm32g4xx_hal.c ****   */
  33:Drivers/STM32G4xx_HAL_Driver/Src/stm32g4xx_hal.c **** 
  34:Drivers/STM32G4xx_HAL_Driver/Src/stm32g4xx_hal.c **** /* Includes ------------------------------------------------------------------*/
  35:Drivers/STM32G4xx_HAL_Driver/Src/stm32g4xx_hal.c **** #include "stm32g4xx_hal.h"
  36:Drivers/STM32G4xx_HAL_Driver/Src/stm32g4xx_hal.c **** 
  37:Drivers/STM32G4xx_HAL_Driver/Src/stm32g4xx_hal.c **** /** @addtogroup STM32G4xx_HAL_Driver
  38:Drivers/STM32G4xx_HAL_Driver/Src/stm32g4xx_hal.c ****   * @{
  39:Drivers/STM32G4xx_HAL_Driver/Src/stm32g4xx_hal.c ****   */
  40:Drivers/STM32G4xx_HAL_Driver/Src/stm32g4xx_hal.c **** 
  41:Drivers/STM32G4xx_HAL_Driver/Src/stm32g4xx_hal.c **** /** @defgroup HAL HAL
  42:Drivers/STM32G4xx_HAL_Driver/Src/stm32g4xx_hal.c ****   * @brief HAL module driver
  43:Drivers/STM32G4xx_HAL_Driver/Src/stm32g4xx_hal.c ****   * @{
  44:Drivers/STM32G4xx_HAL_Driver/Src/stm32g4xx_hal.c ****   */
  45:Drivers/STM32G4xx_HAL_Driver/Src/stm32g4xx_hal.c **** 
  46:Drivers/STM32G4xx_HAL_Driver/Src/stm32g4xx_hal.c **** #ifdef HAL_MODULE_ENABLED
  47:Drivers/STM32G4xx_HAL_Driver/Src/stm32g4xx_hal.c **** 
  48:Drivers/STM32G4xx_HAL_Driver/Src/stm32g4xx_hal.c **** /* Private typedef -----------------------------------------------------------*/
  49:Drivers/STM32G4xx_HAL_Driver/Src/stm32g4xx_hal.c **** /* Private define ------------------------------------------------------------*/
  50:Drivers/STM32G4xx_HAL_Driver/Src/stm32g4xx_hal.c **** /**
  51:Drivers/STM32G4xx_HAL_Driver/Src/stm32g4xx_hal.c ****   * @brief STM32G4xx HAL Driver version number V1.2.7
  52:Drivers/STM32G4xx_HAL_Driver/Src/stm32g4xx_hal.c ****   */
  53:Drivers/STM32G4xx_HAL_Driver/Src/stm32g4xx_hal.c **** #define __STM32G4xx_HAL_VERSION_MAIN   (0x01U) /*!< [31:24] main version */
  54:Drivers/STM32G4xx_HAL_Driver/Src/stm32g4xx_hal.c **** #define __STM32G4xx_HAL_VERSION_SUB1   (0x02U) /*!< [23:16] sub1 version */
  55:Drivers/STM32G4xx_HAL_Driver/Src/stm32g4xx_hal.c **** #define __STM32G4xx_HAL_VERSION_SUB2   (0x07U) /*!< [15:8]  sub2 version */
  56:Drivers/STM32G4xx_HAL_Driver/Src/stm32g4xx_hal.c **** #define __STM32G4xx_HAL_VERSION_RC     (0x00U) /*!< [7:0]  release candidate */
  57:Drivers/STM32G4xx_HAL_Driver/Src/stm32g4xx_hal.c **** #define __STM32G4xx_HAL_VERSION         ((__STM32G4xx_HAL_VERSION_MAIN << 24U)\
  58:Drivers/STM32G4xx_HAL_Driver/Src/stm32g4xx_hal.c ****                                          |(__STM32G4xx_HAL_VERSION_SUB1 << 16U)\
  59:Drivers/STM32G4xx_HAL_Driver/Src/stm32g4xx_hal.c ****                                          |(__STM32G4xx_HAL_VERSION_SUB2 << 8U )\
  60:Drivers/STM32G4xx_HAL_Driver/Src/stm32g4xx_hal.c ****                                          |(__STM32G4xx_HAL_VERSION_RC))
  61:Drivers/STM32G4xx_HAL_Driver/Src/stm32g4xx_hal.c **** 
  62:Drivers/STM32G4xx_HAL_Driver/Src/stm32g4xx_hal.c **** #if defined(VREFBUF)
  63:Drivers/STM32G4xx_HAL_Driver/Src/stm32g4xx_hal.c **** #define VREFBUF_TIMEOUT_VALUE     10U   /* 10 ms */
  64:Drivers/STM32G4xx_HAL_Driver/Src/stm32g4xx_hal.c **** #endif /* VREFBUF */
  65:Drivers/STM32G4xx_HAL_Driver/Src/stm32g4xx_hal.c **** 
  66:Drivers/STM32G4xx_HAL_Driver/Src/stm32g4xx_hal.c **** /* ------------ SYSCFG registers bit address in the alias region ------------ */
  67:Drivers/STM32G4xx_HAL_Driver/Src/stm32g4xx_hal.c **** #define SYSCFG_OFFSET             (SYSCFG_BASE - PERIPH_BASE)
  68:Drivers/STM32G4xx_HAL_Driver/Src/stm32g4xx_hal.c **** /* ---  MEMRMP Register ---*/
  69:Drivers/STM32G4xx_HAL_Driver/Src/stm32g4xx_hal.c **** /* Alias word address of FB_MODE bit */
  70:Drivers/STM32G4xx_HAL_Driver/Src/stm32g4xx_hal.c **** #define MEMRMP_OFFSET           SYSCFG_OFFSET
  71:Drivers/STM32G4xx_HAL_Driver/Src/stm32g4xx_hal.c **** #define FB_MODE_BitNumber       ((uint8_t)0x8)
  72:Drivers/STM32G4xx_HAL_Driver/Src/stm32g4xx_hal.c **** #define FB_MODE_BB              (PERIPH_BB_BASE + (MEMRMP_OFFSET * 32) + (FB_MODE_BitNumber * 4))
  73:Drivers/STM32G4xx_HAL_Driver/Src/stm32g4xx_hal.c **** 
  74:Drivers/STM32G4xx_HAL_Driver/Src/stm32g4xx_hal.c **** /* --- GPC Register ---*/
  75:Drivers/STM32G4xx_HAL_Driver/Src/stm32g4xx_hal.c **** /* Alias word address of CCMER bit */
  76:Drivers/STM32G4xx_HAL_Driver/Src/stm32g4xx_hal.c **** #define SCSR_OFFSET             (SYSCFG_OFFSET + 0x18)
  77:Drivers/STM32G4xx_HAL_Driver/Src/stm32g4xx_hal.c **** #define CCMER_BitNumber         ((uint8_t)0x0)
  78:Drivers/STM32G4xx_HAL_Driver/Src/stm32g4xx_hal.c **** #define SCSR_CCMER_BB           (PERIPH_BB_BASE + (SCSR_OFFSET * 32) + (CCMER_BitNumber * 4))
  79:Drivers/STM32G4xx_HAL_Driver/Src/stm32g4xx_hal.c **** 
  80:Drivers/STM32G4xx_HAL_Driver/Src/stm32g4xx_hal.c **** /* Private macro -------------------------------------------------------------*/
  81:Drivers/STM32G4xx_HAL_Driver/Src/stm32g4xx_hal.c **** /* Exported variables ---------------------------------------------------------*/
  82:Drivers/STM32G4xx_HAL_Driver/Src/stm32g4xx_hal.c **** /** @defgroup HAL_Exported_Variables HAL Exported Variables
  83:Drivers/STM32G4xx_HAL_Driver/Src/stm32g4xx_hal.c ****   * @{
  84:Drivers/STM32G4xx_HAL_Driver/Src/stm32g4xx_hal.c ****   */
  85:Drivers/STM32G4xx_HAL_Driver/Src/stm32g4xx_hal.c **** __IO uint32_t uwTick;
  86:Drivers/STM32G4xx_HAL_Driver/Src/stm32g4xx_hal.c **** uint32_t uwTickPrio = (1UL << __NVIC_PRIO_BITS); /* Invalid PRIO */
ARM GAS  /tmp/ccy1S8Wo.s 			page 3


  87:Drivers/STM32G4xx_HAL_Driver/Src/stm32g4xx_hal.c **** uint32_t uwTickFreq = HAL_TICK_FREQ_DEFAULT;  /* 1KHz */
  88:Drivers/STM32G4xx_HAL_Driver/Src/stm32g4xx_hal.c **** /**
  89:Drivers/STM32G4xx_HAL_Driver/Src/stm32g4xx_hal.c ****   * @}
  90:Drivers/STM32G4xx_HAL_Driver/Src/stm32g4xx_hal.c ****   */
  91:Drivers/STM32G4xx_HAL_Driver/Src/stm32g4xx_hal.c **** 
  92:Drivers/STM32G4xx_HAL_Driver/Src/stm32g4xx_hal.c **** /* Private function prototypes -----------------------------------------------*/
  93:Drivers/STM32G4xx_HAL_Driver/Src/stm32g4xx_hal.c **** /* Exported functions --------------------------------------------------------*/
  94:Drivers/STM32G4xx_HAL_Driver/Src/stm32g4xx_hal.c **** 
  95:Drivers/STM32G4xx_HAL_Driver/Src/stm32g4xx_hal.c **** /** @defgroup HAL_Exported_Functions HAL Exported Functions
  96:Drivers/STM32G4xx_HAL_Driver/Src/stm32g4xx_hal.c ****   * @{
  97:Drivers/STM32G4xx_HAL_Driver/Src/stm32g4xx_hal.c ****   */
  98:Drivers/STM32G4xx_HAL_Driver/Src/stm32g4xx_hal.c **** 
  99:Drivers/STM32G4xx_HAL_Driver/Src/stm32g4xx_hal.c **** /** @defgroup HAL_Exported_Functions_Group1 Initialization and de-initialization Functions
 100:Drivers/STM32G4xx_HAL_Driver/Src/stm32g4xx_hal.c ****   *  @brief    HAL Initialization and de-initialization functions
 101:Drivers/STM32G4xx_HAL_Driver/Src/stm32g4xx_hal.c ****   *
 102:Drivers/STM32G4xx_HAL_Driver/Src/stm32g4xx_hal.c **** @verbatim
 103:Drivers/STM32G4xx_HAL_Driver/Src/stm32g4xx_hal.c ****  ===============================================================================
 104:Drivers/STM32G4xx_HAL_Driver/Src/stm32g4xx_hal.c ****               ##### Initialization and Configuration functions #####
 105:Drivers/STM32G4xx_HAL_Driver/Src/stm32g4xx_hal.c ****  ===============================================================================
 106:Drivers/STM32G4xx_HAL_Driver/Src/stm32g4xx_hal.c ****     [..]  This section provides functions allowing to:
 107:Drivers/STM32G4xx_HAL_Driver/Src/stm32g4xx_hal.c ****       (+) Initialize the Flash interface the NVIC allocation and initial time base
 108:Drivers/STM32G4xx_HAL_Driver/Src/stm32g4xx_hal.c ****           clock configuration.
 109:Drivers/STM32G4xx_HAL_Driver/Src/stm32g4xx_hal.c ****       (+) De-Initialize common part of the HAL.
 110:Drivers/STM32G4xx_HAL_Driver/Src/stm32g4xx_hal.c ****       (+) Configure the time base source to have 1ms time base with a dedicated
 111:Drivers/STM32G4xx_HAL_Driver/Src/stm32g4xx_hal.c ****           Tick interrupt priority.
 112:Drivers/STM32G4xx_HAL_Driver/Src/stm32g4xx_hal.c ****         (++) SysTick timer is used by default as source of time base, but user
 113:Drivers/STM32G4xx_HAL_Driver/Src/stm32g4xx_hal.c ****              can eventually implement his proper time base source (a general purpose
 114:Drivers/STM32G4xx_HAL_Driver/Src/stm32g4xx_hal.c ****              timer for example or other time source), keeping in mind that Time base
 115:Drivers/STM32G4xx_HAL_Driver/Src/stm32g4xx_hal.c ****              duration should be kept 1ms since PPP_TIMEOUT_VALUEs are defined and
 116:Drivers/STM32G4xx_HAL_Driver/Src/stm32g4xx_hal.c ****              handled in milliseconds basis.
 117:Drivers/STM32G4xx_HAL_Driver/Src/stm32g4xx_hal.c ****         (++) Time base configuration function (HAL_InitTick ()) is called automatically
 118:Drivers/STM32G4xx_HAL_Driver/Src/stm32g4xx_hal.c ****              at the beginning of the program after reset by HAL_Init() or at any time
 119:Drivers/STM32G4xx_HAL_Driver/Src/stm32g4xx_hal.c ****              when clock is configured, by HAL_RCC_ClockConfig().
 120:Drivers/STM32G4xx_HAL_Driver/Src/stm32g4xx_hal.c ****         (++) Source of time base is configured  to generate interrupts at regular
 121:Drivers/STM32G4xx_HAL_Driver/Src/stm32g4xx_hal.c ****              time intervals. Care must be taken if HAL_Delay() is called from a
 122:Drivers/STM32G4xx_HAL_Driver/Src/stm32g4xx_hal.c ****              peripheral ISR process, the Tick interrupt line must have higher priority
 123:Drivers/STM32G4xx_HAL_Driver/Src/stm32g4xx_hal.c ****             (numerically lower) than the peripheral interrupt. Otherwise the caller
 124:Drivers/STM32G4xx_HAL_Driver/Src/stm32g4xx_hal.c ****             ISR process will be blocked.
 125:Drivers/STM32G4xx_HAL_Driver/Src/stm32g4xx_hal.c ****        (++) functions affecting time base configurations are declared as __weak
 126:Drivers/STM32G4xx_HAL_Driver/Src/stm32g4xx_hal.c ****              to make  override possible  in case of other  implementations in user file.
 127:Drivers/STM32G4xx_HAL_Driver/Src/stm32g4xx_hal.c **** @endverbatim
 128:Drivers/STM32G4xx_HAL_Driver/Src/stm32g4xx_hal.c ****   * @{
 129:Drivers/STM32G4xx_HAL_Driver/Src/stm32g4xx_hal.c ****   */
 130:Drivers/STM32G4xx_HAL_Driver/Src/stm32g4xx_hal.c **** 
 131:Drivers/STM32G4xx_HAL_Driver/Src/stm32g4xx_hal.c **** /**
 132:Drivers/STM32G4xx_HAL_Driver/Src/stm32g4xx_hal.c ****   * @brief  This function is used to configure the Flash prefetch, the Instruction and Data caches,
 133:Drivers/STM32G4xx_HAL_Driver/Src/stm32g4xx_hal.c ****   *         the time base source, NVIC and any required global low level hardware
 134:Drivers/STM32G4xx_HAL_Driver/Src/stm32g4xx_hal.c ****   *         by calling the HAL_MspInit() callback function to be optionally defined in user file
 135:Drivers/STM32G4xx_HAL_Driver/Src/stm32g4xx_hal.c ****   *         stm32g4xx_hal_msp.c.
 136:Drivers/STM32G4xx_HAL_Driver/Src/stm32g4xx_hal.c ****   *
 137:Drivers/STM32G4xx_HAL_Driver/Src/stm32g4xx_hal.c ****   * @note   HAL_Init() function is called at the beginning of program after reset and before
 138:Drivers/STM32G4xx_HAL_Driver/Src/stm32g4xx_hal.c ****   *         the clock configuration.
 139:Drivers/STM32G4xx_HAL_Driver/Src/stm32g4xx_hal.c ****   *
 140:Drivers/STM32G4xx_HAL_Driver/Src/stm32g4xx_hal.c ****   * @note   In the default implementation the System Timer (Systick) is used as source of time base
 141:Drivers/STM32G4xx_HAL_Driver/Src/stm32g4xx_hal.c ****   *         The Systick configuration is based on HSI clock, as HSI is the clock
 142:Drivers/STM32G4xx_HAL_Driver/Src/stm32g4xx_hal.c ****   *         used after a system Reset and the NVIC configuration is set to Priority group 4.
 143:Drivers/STM32G4xx_HAL_Driver/Src/stm32g4xx_hal.c ****   *         Once done, time base tick starts incrementing: the tick variable counter is incremented
ARM GAS  /tmp/ccy1S8Wo.s 			page 4


 144:Drivers/STM32G4xx_HAL_Driver/Src/stm32g4xx_hal.c ****   *         each 1ms in the SysTick_Handler() interrupt handler.
 145:Drivers/STM32G4xx_HAL_Driver/Src/stm32g4xx_hal.c ****   *
 146:Drivers/STM32G4xx_HAL_Driver/Src/stm32g4xx_hal.c ****   * @retval HAL status
 147:Drivers/STM32G4xx_HAL_Driver/Src/stm32g4xx_hal.c ****   */
 148:Drivers/STM32G4xx_HAL_Driver/Src/stm32g4xx_hal.c **** HAL_StatusTypeDef HAL_Init(void)
 149:Drivers/STM32G4xx_HAL_Driver/Src/stm32g4xx_hal.c **** {
 150:Drivers/STM32G4xx_HAL_Driver/Src/stm32g4xx_hal.c ****   HAL_StatusTypeDef  status = HAL_OK;
 151:Drivers/STM32G4xx_HAL_Driver/Src/stm32g4xx_hal.c ****   /* Configure Flash prefetch, Instruction cache, Data cache */
 152:Drivers/STM32G4xx_HAL_Driver/Src/stm32g4xx_hal.c ****   /* Default configuration at reset is:                      */
 153:Drivers/STM32G4xx_HAL_Driver/Src/stm32g4xx_hal.c ****   /* - Prefetch disabled                                     */
 154:Drivers/STM32G4xx_HAL_Driver/Src/stm32g4xx_hal.c ****   /* - Instruction cache enabled                             */
 155:Drivers/STM32G4xx_HAL_Driver/Src/stm32g4xx_hal.c ****   /* - Data cache enabled                                    */
 156:Drivers/STM32G4xx_HAL_Driver/Src/stm32g4xx_hal.c **** #if (INSTRUCTION_CACHE_ENABLE == 0U)
 157:Drivers/STM32G4xx_HAL_Driver/Src/stm32g4xx_hal.c ****   __HAL_FLASH_INSTRUCTION_CACHE_DISABLE();
 158:Drivers/STM32G4xx_HAL_Driver/Src/stm32g4xx_hal.c **** #endif /* INSTRUCTION_CACHE_ENABLE */
 159:Drivers/STM32G4xx_HAL_Driver/Src/stm32g4xx_hal.c **** 
 160:Drivers/STM32G4xx_HAL_Driver/Src/stm32g4xx_hal.c **** #if (DATA_CACHE_ENABLE == 0U)
 161:Drivers/STM32G4xx_HAL_Driver/Src/stm32g4xx_hal.c ****   __HAL_FLASH_DATA_CACHE_DISABLE();
 162:Drivers/STM32G4xx_HAL_Driver/Src/stm32g4xx_hal.c **** #endif /* DATA_CACHE_ENABLE */
 163:Drivers/STM32G4xx_HAL_Driver/Src/stm32g4xx_hal.c **** 
 164:Drivers/STM32G4xx_HAL_Driver/Src/stm32g4xx_hal.c **** #if (PREFETCH_ENABLE != 0U)
 165:Drivers/STM32G4xx_HAL_Driver/Src/stm32g4xx_hal.c ****   __HAL_FLASH_PREFETCH_BUFFER_ENABLE();
 166:Drivers/STM32G4xx_HAL_Driver/Src/stm32g4xx_hal.c **** #endif /* PREFETCH_ENABLE */
 167:Drivers/STM32G4xx_HAL_Driver/Src/stm32g4xx_hal.c **** 
 168:Drivers/STM32G4xx_HAL_Driver/Src/stm32g4xx_hal.c ****   /* Set Interrupt Group Priority */
 169:Drivers/STM32G4xx_HAL_Driver/Src/stm32g4xx_hal.c ****   HAL_NVIC_SetPriorityGrouping(NVIC_PRIORITYGROUP_4);
 170:Drivers/STM32G4xx_HAL_Driver/Src/stm32g4xx_hal.c **** 
 171:Drivers/STM32G4xx_HAL_Driver/Src/stm32g4xx_hal.c ****   /* Use SysTick as time base source and configure 1ms tick (default clock after Reset is HSI) */
 172:Drivers/STM32G4xx_HAL_Driver/Src/stm32g4xx_hal.c ****   if (HAL_InitTick(TICK_INT_PRIORITY) != HAL_OK)
 173:Drivers/STM32G4xx_HAL_Driver/Src/stm32g4xx_hal.c ****   {
 174:Drivers/STM32G4xx_HAL_Driver/Src/stm32g4xx_hal.c ****     status = HAL_ERROR;
 175:Drivers/STM32G4xx_HAL_Driver/Src/stm32g4xx_hal.c ****   }
 176:Drivers/STM32G4xx_HAL_Driver/Src/stm32g4xx_hal.c ****   else
 177:Drivers/STM32G4xx_HAL_Driver/Src/stm32g4xx_hal.c ****   {
 178:Drivers/STM32G4xx_HAL_Driver/Src/stm32g4xx_hal.c ****     /* Init the low level hardware */
 179:Drivers/STM32G4xx_HAL_Driver/Src/stm32g4xx_hal.c ****     HAL_MspInit();
 180:Drivers/STM32G4xx_HAL_Driver/Src/stm32g4xx_hal.c ****   }
 181:Drivers/STM32G4xx_HAL_Driver/Src/stm32g4xx_hal.c **** 
 182:Drivers/STM32G4xx_HAL_Driver/Src/stm32g4xx_hal.c ****   /* Return function status */
 183:Drivers/STM32G4xx_HAL_Driver/Src/stm32g4xx_hal.c ****   return status;
 184:Drivers/STM32G4xx_HAL_Driver/Src/stm32g4xx_hal.c **** 
 185:Drivers/STM32G4xx_HAL_Driver/Src/stm32g4xx_hal.c **** }
 186:Drivers/STM32G4xx_HAL_Driver/Src/stm32g4xx_hal.c **** 
 187:Drivers/STM32G4xx_HAL_Driver/Src/stm32g4xx_hal.c **** /**
 188:Drivers/STM32G4xx_HAL_Driver/Src/stm32g4xx_hal.c ****   * @brief  This function de-initializes common part of the HAL and stops the source of time base.
 189:Drivers/STM32G4xx_HAL_Driver/Src/stm32g4xx_hal.c ****   * @note   This function is optional.
 190:Drivers/STM32G4xx_HAL_Driver/Src/stm32g4xx_hal.c ****   * @retval HAL status
 191:Drivers/STM32G4xx_HAL_Driver/Src/stm32g4xx_hal.c ****   */
 192:Drivers/STM32G4xx_HAL_Driver/Src/stm32g4xx_hal.c **** HAL_StatusTypeDef HAL_DeInit(void)
 193:Drivers/STM32G4xx_HAL_Driver/Src/stm32g4xx_hal.c **** {
 194:Drivers/STM32G4xx_HAL_Driver/Src/stm32g4xx_hal.c ****   /* Reset of all peripherals */
 195:Drivers/STM32G4xx_HAL_Driver/Src/stm32g4xx_hal.c ****   __HAL_RCC_APB1_FORCE_RESET();
 196:Drivers/STM32G4xx_HAL_Driver/Src/stm32g4xx_hal.c ****   __HAL_RCC_APB1_RELEASE_RESET();
 197:Drivers/STM32G4xx_HAL_Driver/Src/stm32g4xx_hal.c **** 
 198:Drivers/STM32G4xx_HAL_Driver/Src/stm32g4xx_hal.c ****   __HAL_RCC_APB2_FORCE_RESET();
 199:Drivers/STM32G4xx_HAL_Driver/Src/stm32g4xx_hal.c ****   __HAL_RCC_APB2_RELEASE_RESET();
 200:Drivers/STM32G4xx_HAL_Driver/Src/stm32g4xx_hal.c **** 
ARM GAS  /tmp/ccy1S8Wo.s 			page 5


 201:Drivers/STM32G4xx_HAL_Driver/Src/stm32g4xx_hal.c ****   __HAL_RCC_AHB1_FORCE_RESET();
 202:Drivers/STM32G4xx_HAL_Driver/Src/stm32g4xx_hal.c ****   __HAL_RCC_AHB1_RELEASE_RESET();
 203:Drivers/STM32G4xx_HAL_Driver/Src/stm32g4xx_hal.c **** 
 204:Drivers/STM32G4xx_HAL_Driver/Src/stm32g4xx_hal.c ****   __HAL_RCC_AHB2_FORCE_RESET();
 205:Drivers/STM32G4xx_HAL_Driver/Src/stm32g4xx_hal.c ****   __HAL_RCC_AHB2_RELEASE_RESET();
 206:Drivers/STM32G4xx_HAL_Driver/Src/stm32g4xx_hal.c **** 
 207:Drivers/STM32G4xx_HAL_Driver/Src/stm32g4xx_hal.c ****   __HAL_RCC_AHB3_FORCE_RESET();
 208:Drivers/STM32G4xx_HAL_Driver/Src/stm32g4xx_hal.c ****   __HAL_RCC_AHB3_RELEASE_RESET();
 209:Drivers/STM32G4xx_HAL_Driver/Src/stm32g4xx_hal.c **** 
 210:Drivers/STM32G4xx_HAL_Driver/Src/stm32g4xx_hal.c ****   /* De-Init the low level hardware */
 211:Drivers/STM32G4xx_HAL_Driver/Src/stm32g4xx_hal.c ****   HAL_MspDeInit();
 212:Drivers/STM32G4xx_HAL_Driver/Src/stm32g4xx_hal.c **** 
 213:Drivers/STM32G4xx_HAL_Driver/Src/stm32g4xx_hal.c ****   /* Return function status */
 214:Drivers/STM32G4xx_HAL_Driver/Src/stm32g4xx_hal.c ****   return HAL_OK;
 215:Drivers/STM32G4xx_HAL_Driver/Src/stm32g4xx_hal.c **** }
 216:Drivers/STM32G4xx_HAL_Driver/Src/stm32g4xx_hal.c **** 
 217:Drivers/STM32G4xx_HAL_Driver/Src/stm32g4xx_hal.c **** /**
 218:Drivers/STM32G4xx_HAL_Driver/Src/stm32g4xx_hal.c ****   * @brief  Initialize the MSP.
 219:Drivers/STM32G4xx_HAL_Driver/Src/stm32g4xx_hal.c ****   * @retval None
 220:Drivers/STM32G4xx_HAL_Driver/Src/stm32g4xx_hal.c ****   */
 221:Drivers/STM32G4xx_HAL_Driver/Src/stm32g4xx_hal.c **** __weak void HAL_MspInit(void)
 222:Drivers/STM32G4xx_HAL_Driver/Src/stm32g4xx_hal.c **** {
  30              		.loc 1 222 1 view -0
  31              		.cfi_startproc
  32              		@ args = 0, pretend = 0, frame = 0
  33              		@ frame_needed = 0, uses_anonymous_args = 0
  34              		@ link register save eliminated.
 223:Drivers/STM32G4xx_HAL_Driver/Src/stm32g4xx_hal.c ****   /* NOTE : This function should not be modified, when the callback is needed,
 224:Drivers/STM32G4xx_HAL_Driver/Src/stm32g4xx_hal.c ****             the HAL_MspInit could be implemented in the user file
 225:Drivers/STM32G4xx_HAL_Driver/Src/stm32g4xx_hal.c ****    */
 226:Drivers/STM32G4xx_HAL_Driver/Src/stm32g4xx_hal.c **** }
  35              		.loc 1 226 1 view .LVU1
  36 0000 7047     		bx	lr
  37              		.cfi_endproc
  38              	.LFE331:
  40 0002 00BF     		.section	.text.HAL_MspDeInit,"ax",%progbits
  41              		.align	1
  42              		.p2align 2,,3
  43              		.weak	HAL_MspDeInit
  44              		.syntax unified
  45              		.thumb
  46              		.thumb_func
  48              	HAL_MspDeInit:
  49              	.LFB369:
  50              		.cfi_startproc
 227:Drivers/STM32G4xx_HAL_Driver/Src/stm32g4xx_hal.c **** 
 228:Drivers/STM32G4xx_HAL_Driver/Src/stm32g4xx_hal.c **** /**
 229:Drivers/STM32G4xx_HAL_Driver/Src/stm32g4xx_hal.c ****   * @brief  DeInitializes the MSP.
 230:Drivers/STM32G4xx_HAL_Driver/Src/stm32g4xx_hal.c ****   * @retval None
 231:Drivers/STM32G4xx_HAL_Driver/Src/stm32g4xx_hal.c ****   */
 232:Drivers/STM32G4xx_HAL_Driver/Src/stm32g4xx_hal.c **** __weak void HAL_MspDeInit(void)
  51              		.loc 1 232 13 view -0
  52              		@ args = 0, pretend = 0, frame = 0
  53              		@ frame_needed = 0, uses_anonymous_args = 0
  54              		@ link register save eliminated.
  55 0000 7047     		bx	lr
  56              		.cfi_endproc
ARM GAS  /tmp/ccy1S8Wo.s 			page 6


  57              	.LFE369:
  59 0002 00BF     		.section	.text.HAL_DeInit,"ax",%progbits
  60              		.align	1
  61              		.p2align 2,,3
  62              		.global	HAL_DeInit
  63              		.syntax unified
  64              		.thumb
  65              		.thumb_func
  67              	HAL_DeInit:
  68              	.LFB330:
 193:Drivers/STM32G4xx_HAL_Driver/Src/stm32g4xx_hal.c ****   /* Reset of all peripherals */
  69              		.loc 1 193 1 view -0
  70              		.cfi_startproc
  71              		@ args = 0, pretend = 0, frame = 0
  72              		@ frame_needed = 0, uses_anonymous_args = 0
 195:Drivers/STM32G4xx_HAL_Driver/Src/stm32g4xx_hal.c ****   __HAL_RCC_APB1_RELEASE_RESET();
  73              		.loc 1 195 3 view .LVU4
 193:Drivers/STM32G4xx_HAL_Driver/Src/stm32g4xx_hal.c ****   /* Reset of all peripherals */
  74              		.loc 1 193 1 is_stmt 0 view .LVU5
  75 0000 08B5     		push	{r3, lr}
  76              	.LCFI0:
  77              		.cfi_def_cfa_offset 8
  78              		.cfi_offset 3, -8
  79              		.cfi_offset 14, -4
 195:Drivers/STM32G4xx_HAL_Driver/Src/stm32g4xx_hal.c ****   __HAL_RCC_APB1_RELEASE_RESET();
  80              		.loc 1 195 3 view .LVU6
  81 0002 094B     		ldr	r3, .L6
  82 0004 4FF0FF32 		mov	r2, #-1
 196:Drivers/STM32G4xx_HAL_Driver/Src/stm32g4xx_hal.c **** 
  83              		.loc 1 196 3 view .LVU7
  84 0008 0020     		movs	r0, #0
 195:Drivers/STM32G4xx_HAL_Driver/Src/stm32g4xx_hal.c ****   __HAL_RCC_APB1_RELEASE_RESET();
  85              		.loc 1 195 3 view .LVU8
  86 000a 9A63     		str	r2, [r3, #56]
 196:Drivers/STM32G4xx_HAL_Driver/Src/stm32g4xx_hal.c **** 
  87              		.loc 1 196 3 is_stmt 1 view .LVU9
  88 000c 9863     		str	r0, [r3, #56]
 198:Drivers/STM32G4xx_HAL_Driver/Src/stm32g4xx_hal.c ****   __HAL_RCC_APB2_RELEASE_RESET();
  89              		.loc 1 198 3 view .LVU10
  90 000e 1A64     		str	r2, [r3, #64]
 199:Drivers/STM32G4xx_HAL_Driver/Src/stm32g4xx_hal.c **** 
  91              		.loc 1 199 3 view .LVU11
  92 0010 1864     		str	r0, [r3, #64]
 201:Drivers/STM32G4xx_HAL_Driver/Src/stm32g4xx_hal.c ****   __HAL_RCC_AHB1_RELEASE_RESET();
  93              		.loc 1 201 3 view .LVU12
  94 0012 9A62     		str	r2, [r3, #40]
 202:Drivers/STM32G4xx_HAL_Driver/Src/stm32g4xx_hal.c **** 
  95              		.loc 1 202 3 view .LVU13
  96 0014 9862     		str	r0, [r3, #40]
 204:Drivers/STM32G4xx_HAL_Driver/Src/stm32g4xx_hal.c ****   __HAL_RCC_AHB2_RELEASE_RESET();
  97              		.loc 1 204 3 view .LVU14
  98 0016 DA62     		str	r2, [r3, #44]
 205:Drivers/STM32G4xx_HAL_Driver/Src/stm32g4xx_hal.c **** 
  99              		.loc 1 205 3 view .LVU15
 100 0018 D862     		str	r0, [r3, #44]
 207:Drivers/STM32G4xx_HAL_Driver/Src/stm32g4xx_hal.c ****   __HAL_RCC_AHB3_RELEASE_RESET();
 101              		.loc 1 207 3 view .LVU16
ARM GAS  /tmp/ccy1S8Wo.s 			page 7


 102 001a 1A63     		str	r2, [r3, #48]
 208:Drivers/STM32G4xx_HAL_Driver/Src/stm32g4xx_hal.c **** 
 103              		.loc 1 208 3 view .LVU17
 211:Drivers/STM32G4xx_HAL_Driver/Src/stm32g4xx_hal.c **** 
 104              		.loc 1 211 3 view .LVU18
 208:Drivers/STM32G4xx_HAL_Driver/Src/stm32g4xx_hal.c **** 
 105              		.loc 1 208 3 is_stmt 0 view .LVU19
 106 001c 1863     		str	r0, [r3, #48]
 211:Drivers/STM32G4xx_HAL_Driver/Src/stm32g4xx_hal.c **** 
 107              		.loc 1 211 3 view .LVU20
 108 001e FFF7FEFF 		bl	HAL_MspDeInit
 109              	.LVL0:
 214:Drivers/STM32G4xx_HAL_Driver/Src/stm32g4xx_hal.c **** }
 110              		.loc 1 214 3 is_stmt 1 view .LVU21
 215:Drivers/STM32G4xx_HAL_Driver/Src/stm32g4xx_hal.c **** 
 111              		.loc 1 215 1 is_stmt 0 view .LVU22
 112 0022 0020     		movs	r0, #0
 113 0024 08BD     		pop	{r3, pc}
 114              	.L7:
 115 0026 00BF     		.align	2
 116              	.L6:
 117 0028 00100240 		.word	1073876992
 118              		.cfi_endproc
 119              	.LFE330:
 121              		.section	.text.HAL_InitTick,"ax",%progbits
 122              		.align	1
 123              		.p2align 2,,3
 124              		.weak	HAL_InitTick
 125              		.syntax unified
 126              		.thumb
 127              		.thumb_func
 129              	HAL_InitTick:
 130              	.LVL1:
 131              	.LFB333:
 233:Drivers/STM32G4xx_HAL_Driver/Src/stm32g4xx_hal.c **** {
 234:Drivers/STM32G4xx_HAL_Driver/Src/stm32g4xx_hal.c ****   /* NOTE : This function should not be modified, when the callback is needed,
 235:Drivers/STM32G4xx_HAL_Driver/Src/stm32g4xx_hal.c ****             the HAL_MspDeInit could be implemented in the user file
 236:Drivers/STM32G4xx_HAL_Driver/Src/stm32g4xx_hal.c ****    */
 237:Drivers/STM32G4xx_HAL_Driver/Src/stm32g4xx_hal.c **** }
 238:Drivers/STM32G4xx_HAL_Driver/Src/stm32g4xx_hal.c **** 
 239:Drivers/STM32G4xx_HAL_Driver/Src/stm32g4xx_hal.c **** /**
 240:Drivers/STM32G4xx_HAL_Driver/Src/stm32g4xx_hal.c ****   * @brief This function configures the source of the time base:
 241:Drivers/STM32G4xx_HAL_Driver/Src/stm32g4xx_hal.c ****   *        The time source is configured to have 1ms time base with a dedicated
 242:Drivers/STM32G4xx_HAL_Driver/Src/stm32g4xx_hal.c ****   *        Tick interrupt priority.
 243:Drivers/STM32G4xx_HAL_Driver/Src/stm32g4xx_hal.c ****   * @note This function is called  automatically at the beginning of program after
 244:Drivers/STM32G4xx_HAL_Driver/Src/stm32g4xx_hal.c ****   *       reset by HAL_Init() or at any time when clock is reconfigured  by HAL_RCC_ClockConfig().
 245:Drivers/STM32G4xx_HAL_Driver/Src/stm32g4xx_hal.c ****   * @note In the default implementation, SysTick timer is the source of time base.
 246:Drivers/STM32G4xx_HAL_Driver/Src/stm32g4xx_hal.c ****   *       It is used to generate interrupts at regular time intervals.
 247:Drivers/STM32G4xx_HAL_Driver/Src/stm32g4xx_hal.c ****   *       Care must be taken if HAL_Delay() is called from a peripheral ISR process,
 248:Drivers/STM32G4xx_HAL_Driver/Src/stm32g4xx_hal.c ****   *       The SysTick interrupt must have higher priority (numerically lower)
 249:Drivers/STM32G4xx_HAL_Driver/Src/stm32g4xx_hal.c ****   *       than the peripheral interrupt. Otherwise the caller ISR process will be blocked.
 250:Drivers/STM32G4xx_HAL_Driver/Src/stm32g4xx_hal.c ****   *       The function is declared as __weak  to be overwritten  in case of other
 251:Drivers/STM32G4xx_HAL_Driver/Src/stm32g4xx_hal.c ****   *       implementation  in user file.
 252:Drivers/STM32G4xx_HAL_Driver/Src/stm32g4xx_hal.c ****   * @param TickPriority: Tick interrupt priority.
 253:Drivers/STM32G4xx_HAL_Driver/Src/stm32g4xx_hal.c ****   * @retval HAL status
 254:Drivers/STM32G4xx_HAL_Driver/Src/stm32g4xx_hal.c ****   */
 255:Drivers/STM32G4xx_HAL_Driver/Src/stm32g4xx_hal.c **** __weak HAL_StatusTypeDef HAL_InitTick(uint32_t TickPriority)
ARM GAS  /tmp/ccy1S8Wo.s 			page 8


 256:Drivers/STM32G4xx_HAL_Driver/Src/stm32g4xx_hal.c **** {
 132              		.loc 1 256 1 is_stmt 1 view -0
 133              		.cfi_startproc
 134              		@ args = 0, pretend = 0, frame = 8
 135              		@ frame_needed = 0, uses_anonymous_args = 0
 257:Drivers/STM32G4xx_HAL_Driver/Src/stm32g4xx_hal.c ****   HAL_StatusTypeDef  status = HAL_OK;
 136              		.loc 1 257 3 view .LVU24
 258:Drivers/STM32G4xx_HAL_Driver/Src/stm32g4xx_hal.c **** 
 259:Drivers/STM32G4xx_HAL_Driver/Src/stm32g4xx_hal.c ****   if (uwTickFreq != 0U)
 137              		.loc 1 259 3 view .LVU25
 138              		.loc 1 259 18 is_stmt 0 view .LVU26
 139 0000 114B     		ldr	r3, .L15
 140 0002 1B68     		ldr	r3, [r3]
 141              		.loc 1 259 6 view .LVU27
 142 0004 0BB9     		cbnz	r3, .L9
 260:Drivers/STM32G4xx_HAL_Driver/Src/stm32g4xx_hal.c ****   {
 261:Drivers/STM32G4xx_HAL_Driver/Src/stm32g4xx_hal.c ****     /* Configure the SysTick to have interrupt in 1ms time basis*/
 262:Drivers/STM32G4xx_HAL_Driver/Src/stm32g4xx_hal.c ****     if (HAL_SYSTICK_Config(SystemCoreClock / (1000U / uwTickFreq)) == 0U)
 263:Drivers/STM32G4xx_HAL_Driver/Src/stm32g4xx_hal.c ****     {
 264:Drivers/STM32G4xx_HAL_Driver/Src/stm32g4xx_hal.c ****       /* Configure the SysTick IRQ priority */
 265:Drivers/STM32G4xx_HAL_Driver/Src/stm32g4xx_hal.c ****       if (TickPriority < (1UL << __NVIC_PRIO_BITS))
 266:Drivers/STM32G4xx_HAL_Driver/Src/stm32g4xx_hal.c ****       {
 267:Drivers/STM32G4xx_HAL_Driver/Src/stm32g4xx_hal.c ****         HAL_NVIC_SetPriority(SysTick_IRQn, TickPriority, 0U);
 268:Drivers/STM32G4xx_HAL_Driver/Src/stm32g4xx_hal.c ****         uwTickPrio = TickPriority;
 269:Drivers/STM32G4xx_HAL_Driver/Src/stm32g4xx_hal.c ****       }
 270:Drivers/STM32G4xx_HAL_Driver/Src/stm32g4xx_hal.c ****       else
 271:Drivers/STM32G4xx_HAL_Driver/Src/stm32g4xx_hal.c ****       {
 272:Drivers/STM32G4xx_HAL_Driver/Src/stm32g4xx_hal.c ****         status = HAL_ERROR;
 273:Drivers/STM32G4xx_HAL_Driver/Src/stm32g4xx_hal.c ****       }
 274:Drivers/STM32G4xx_HAL_Driver/Src/stm32g4xx_hal.c ****     }
 275:Drivers/STM32G4xx_HAL_Driver/Src/stm32g4xx_hal.c ****     else
 276:Drivers/STM32G4xx_HAL_Driver/Src/stm32g4xx_hal.c ****     {
 277:Drivers/STM32G4xx_HAL_Driver/Src/stm32g4xx_hal.c ****       status = HAL_ERROR;
 143              		.loc 1 277 14 view .LVU28
 144 0006 0120     		movs	r0, #1
 145              	.LVL2:
 278:Drivers/STM32G4xx_HAL_Driver/Src/stm32g4xx_hal.c ****     }
 279:Drivers/STM32G4xx_HAL_Driver/Src/stm32g4xx_hal.c ****   }
 280:Drivers/STM32G4xx_HAL_Driver/Src/stm32g4xx_hal.c ****   else
 281:Drivers/STM32G4xx_HAL_Driver/Src/stm32g4xx_hal.c ****   {
 282:Drivers/STM32G4xx_HAL_Driver/Src/stm32g4xx_hal.c ****     status = HAL_ERROR;
 283:Drivers/STM32G4xx_HAL_Driver/Src/stm32g4xx_hal.c ****   }
 284:Drivers/STM32G4xx_HAL_Driver/Src/stm32g4xx_hal.c **** 
 285:Drivers/STM32G4xx_HAL_Driver/Src/stm32g4xx_hal.c ****   /* Return function status */
 286:Drivers/STM32G4xx_HAL_Driver/Src/stm32g4xx_hal.c ****   return status;
 146              		.loc 1 286 3 is_stmt 1 view .LVU29
 287:Drivers/STM32G4xx_HAL_Driver/Src/stm32g4xx_hal.c **** }
 147              		.loc 1 287 1 is_stmt 0 view .LVU30
 148 0008 7047     		bx	lr
 149              	.LVL3:
 150              	.L9:
 262:Drivers/STM32G4xx_HAL_Driver/Src/stm32g4xx_hal.c ****     {
 151              		.loc 1 262 5 is_stmt 1 view .LVU31
 256:Drivers/STM32G4xx_HAL_Driver/Src/stm32g4xx_hal.c ****   HAL_StatusTypeDef  status = HAL_OK;
 152              		.loc 1 256 1 is_stmt 0 view .LVU32
 153 000a 10B5     		push	{r4, lr}
 154              	.LCFI1:
ARM GAS  /tmp/ccy1S8Wo.s 			page 9


 155              		.cfi_def_cfa_offset 8
 156              		.cfi_offset 4, -8
 157              		.cfi_offset 14, -4
 262:Drivers/STM32G4xx_HAL_Driver/Src/stm32g4xx_hal.c ****     {
 158              		.loc 1 262 9 view .LVU33
 159 000c 0F49     		ldr	r1, .L15+4
 262:Drivers/STM32G4xx_HAL_Driver/Src/stm32g4xx_hal.c ****     {
 160              		.loc 1 262 53 view .LVU34
 161 000e 4FF47A72 		mov	r2, #1000
 256:Drivers/STM32G4xx_HAL_Driver/Src/stm32g4xx_hal.c ****   HAL_StatusTypeDef  status = HAL_OK;
 162              		.loc 1 256 1 view .LVU35
 163 0012 82B0     		sub	sp, sp, #8
 164              	.LCFI2:
 165              		.cfi_def_cfa_offset 16
 262:Drivers/STM32G4xx_HAL_Driver/Src/stm32g4xx_hal.c ****     {
 166              		.loc 1 262 53 view .LVU36
 167 0014 B2FBF3F3 		udiv	r3, r2, r3
 168 0018 0446     		mov	r4, r0
 262:Drivers/STM32G4xx_HAL_Driver/Src/stm32g4xx_hal.c ****     {
 169              		.loc 1 262 44 view .LVU37
 170 001a 0868     		ldr	r0, [r1]
 171              	.LVL4:
 262:Drivers/STM32G4xx_HAL_Driver/Src/stm32g4xx_hal.c ****     {
 172              		.loc 1 262 9 view .LVU38
 173 001c B0FBF3F0 		udiv	r0, r0, r3
 174 0020 FFF7FEFF 		bl	HAL_SYSTICK_Config
 175              	.LVL5:
 176 0024 0246     		mov	r2, r0
 262:Drivers/STM32G4xx_HAL_Driver/Src/stm32g4xx_hal.c ****     {
 177              		.loc 1 262 8 discriminator 1 view .LVU39
 178 0026 58B9     		cbnz	r0, .L11
 265:Drivers/STM32G4xx_HAL_Driver/Src/stm32g4xx_hal.c ****       {
 179              		.loc 1 265 7 is_stmt 1 view .LVU40
 265:Drivers/STM32G4xx_HAL_Driver/Src/stm32g4xx_hal.c ****       {
 180              		.loc 1 265 10 is_stmt 0 view .LVU41
 181 0028 0F2C     		cmp	r4, #15
 182 002a 09D8     		bhi	.L11
 267:Drivers/STM32G4xx_HAL_Driver/Src/stm32g4xx_hal.c ****         uwTickPrio = TickPriority;
 183              		.loc 1 267 9 is_stmt 1 view .LVU42
 184              	.LVL6:
 185              	.LBB4:
 186              	.LBI4:
 255:Drivers/STM32G4xx_HAL_Driver/Src/stm32g4xx_hal.c **** {
 187              		.loc 1 255 26 view .LVU43
 188              	.LBB5:
 267:Drivers/STM32G4xx_HAL_Driver/Src/stm32g4xx_hal.c ****         uwTickPrio = TickPriority;
 189              		.loc 1 267 9 view .LVU44
 190 002c 0190     		str	r0, [sp, #4]
 191 002e 2146     		mov	r1, r4
 192 0030 4FF0FF30 		mov	r0, #-1
 193 0034 FFF7FEFF 		bl	HAL_NVIC_SetPriority
 194              	.LVL7:
 268:Drivers/STM32G4xx_HAL_Driver/Src/stm32g4xx_hal.c ****       }
 195              		.loc 1 268 9 view .LVU45
 268:Drivers/STM32G4xx_HAL_Driver/Src/stm32g4xx_hal.c ****       }
 196              		.loc 1 268 20 is_stmt 0 view .LVU46
 197 0038 054B     		ldr	r3, .L15+8
ARM GAS  /tmp/ccy1S8Wo.s 			page 10


 198 003a 0198     		ldr	r0, [sp, #4]
 199 003c 1C60     		str	r4, [r3]
 286:Drivers/STM32G4xx_HAL_Driver/Src/stm32g4xx_hal.c **** }
 200              		.loc 1 286 3 is_stmt 1 view .LVU47
 201              	.LVL8:
 286:Drivers/STM32G4xx_HAL_Driver/Src/stm32g4xx_hal.c **** }
 202              		.loc 1 286 3 is_stmt 0 view .LVU48
 203 003e 00E0     		b	.L10
 204              	.L11:
 205              	.LBE5:
 206              	.LBE4:
 277:Drivers/STM32G4xx_HAL_Driver/Src/stm32g4xx_hal.c ****     }
 207              		.loc 1 277 14 view .LVU49
 208 0040 0120     		movs	r0, #1
 209              	.L10:
 210              	.LVL9:
 286:Drivers/STM32G4xx_HAL_Driver/Src/stm32g4xx_hal.c **** }
 211              		.loc 1 286 3 is_stmt 1 view .LVU50
 212              		.loc 1 287 1 is_stmt 0 view .LVU51
 213 0042 02B0     		add	sp, sp, #8
 214              	.LCFI3:
 215              		.cfi_def_cfa_offset 8
 216              		@ sp needed
 217 0044 10BD     		pop	{r4, pc}
 218              	.LVL10:
 219              	.L16:
 220              		.loc 1 287 1 view .LVU52
 221 0046 00BF     		.align	2
 222              	.L15:
 223 0048 00000000 		.word	uwTickFreq
 224 004c 00000000 		.word	SystemCoreClock
 225 0050 00000000 		.word	uwTickPrio
 226              		.cfi_endproc
 227              	.LFE333:
 229              		.section	.text.HAL_Init,"ax",%progbits
 230              		.align	1
 231              		.p2align 2,,3
 232              		.global	HAL_Init
 233              		.syntax unified
 234              		.thumb
 235              		.thumb_func
 237              	HAL_Init:
 238              	.LFB329:
 149:Drivers/STM32G4xx_HAL_Driver/Src/stm32g4xx_hal.c ****   HAL_StatusTypeDef  status = HAL_OK;
 239              		.loc 1 149 1 is_stmt 1 view -0
 240              		.cfi_startproc
 241              		@ args = 0, pretend = 0, frame = 8
 242              		@ frame_needed = 0, uses_anonymous_args = 0
 150:Drivers/STM32G4xx_HAL_Driver/Src/stm32g4xx_hal.c ****   /* Configure Flash prefetch, Instruction cache, Data cache */
 243              		.loc 1 150 3 view .LVU54
 244              	.LVL11:
 169:Drivers/STM32G4xx_HAL_Driver/Src/stm32g4xx_hal.c **** 
 245              		.loc 1 169 3 view .LVU55
 149:Drivers/STM32G4xx_HAL_Driver/Src/stm32g4xx_hal.c ****   HAL_StatusTypeDef  status = HAL_OK;
 246              		.loc 1 149 1 is_stmt 0 view .LVU56
 247 0000 00B5     		push	{lr}
 248              	.LCFI4:
ARM GAS  /tmp/ccy1S8Wo.s 			page 11


 249              		.cfi_def_cfa_offset 4
 250              		.cfi_offset 14, -4
 169:Drivers/STM32G4xx_HAL_Driver/Src/stm32g4xx_hal.c **** 
 251              		.loc 1 169 3 view .LVU57
 252 0002 0320     		movs	r0, #3
 149:Drivers/STM32G4xx_HAL_Driver/Src/stm32g4xx_hal.c ****   HAL_StatusTypeDef  status = HAL_OK;
 253              		.loc 1 149 1 view .LVU58
 254 0004 83B0     		sub	sp, sp, #12
 255              	.LCFI5:
 256              		.cfi_def_cfa_offset 16
 169:Drivers/STM32G4xx_HAL_Driver/Src/stm32g4xx_hal.c **** 
 257              		.loc 1 169 3 view .LVU59
 258 0006 FFF7FEFF 		bl	HAL_NVIC_SetPriorityGrouping
 259              	.LVL12:
 172:Drivers/STM32G4xx_HAL_Driver/Src/stm32g4xx_hal.c ****   {
 260              		.loc 1 172 3 is_stmt 1 view .LVU60
 172:Drivers/STM32G4xx_HAL_Driver/Src/stm32g4xx_hal.c ****   {
 261              		.loc 1 172 7 is_stmt 0 view .LVU61
 262 000a 0020     		movs	r0, #0
 263 000c FFF7FEFF 		bl	HAL_InitTick
 264              	.LVL13:
 172:Drivers/STM32G4xx_HAL_Driver/Src/stm32g4xx_hal.c ****   {
 265              		.loc 1 172 6 discriminator 1 view .LVU62
 266 0010 10B1     		cbz	r0, .L21
 174:Drivers/STM32G4xx_HAL_Driver/Src/stm32g4xx_hal.c ****   }
 267              		.loc 1 174 12 view .LVU63
 268 0012 0120     		movs	r0, #1
 269              	.LVL14:
 183:Drivers/STM32G4xx_HAL_Driver/Src/stm32g4xx_hal.c **** 
 270              		.loc 1 183 3 is_stmt 1 view .LVU64
 185:Drivers/STM32G4xx_HAL_Driver/Src/stm32g4xx_hal.c **** 
 271              		.loc 1 185 1 is_stmt 0 view .LVU65
 272 0014 03B0     		add	sp, sp, #12
 273              	.LCFI6:
 274              		.cfi_remember_state
 275              		.cfi_def_cfa_offset 4
 276              		@ sp needed
 277 0016 00BD     		pop	{pc}
 278              	.LVL15:
 279              	.L21:
 280              	.LCFI7:
 281              		.cfi_restore_state
 185:Drivers/STM32G4xx_HAL_Driver/Src/stm32g4xx_hal.c **** 
 282              		.loc 1 185 1 view .LVU66
 283 0018 0190     		str	r0, [sp, #4]
 179:Drivers/STM32G4xx_HAL_Driver/Src/stm32g4xx_hal.c ****   }
 284              		.loc 1 179 5 is_stmt 1 view .LVU67
 285 001a FFF7FEFF 		bl	HAL_MspInit
 286              	.LVL16:
 287 001e 0198     		ldr	r0, [sp, #4]
 288              	.LVL17:
 183:Drivers/STM32G4xx_HAL_Driver/Src/stm32g4xx_hal.c **** 
 289              		.loc 1 183 3 view .LVU68
 185:Drivers/STM32G4xx_HAL_Driver/Src/stm32g4xx_hal.c **** 
 290              		.loc 1 185 1 is_stmt 0 view .LVU69
 291 0020 03B0     		add	sp, sp, #12
 292              	.LCFI8:
ARM GAS  /tmp/ccy1S8Wo.s 			page 12


 293              		.cfi_def_cfa_offset 4
 294              		@ sp needed
 295 0022 00BD     		pop	{pc}
 296              		.cfi_endproc
 297              	.LFE329:
 299              		.section	.text.HAL_IncTick,"ax",%progbits
 300              		.align	1
 301              		.p2align 2,,3
 302              		.weak	HAL_IncTick
 303              		.syntax unified
 304              		.thumb
 305              		.thumb_func
 307              	HAL_IncTick:
 308              	.LFB334:
 288:Drivers/STM32G4xx_HAL_Driver/Src/stm32g4xx_hal.c **** 
 289:Drivers/STM32G4xx_HAL_Driver/Src/stm32g4xx_hal.c **** /**
 290:Drivers/STM32G4xx_HAL_Driver/Src/stm32g4xx_hal.c ****   * @}
 291:Drivers/STM32G4xx_HAL_Driver/Src/stm32g4xx_hal.c ****   */
 292:Drivers/STM32G4xx_HAL_Driver/Src/stm32g4xx_hal.c **** 
 293:Drivers/STM32G4xx_HAL_Driver/Src/stm32g4xx_hal.c **** /** @defgroup HAL_Exported_Functions_Group2 HAL Control functions
 294:Drivers/STM32G4xx_HAL_Driver/Src/stm32g4xx_hal.c ****   *  @brief    HAL Control functions
 295:Drivers/STM32G4xx_HAL_Driver/Src/stm32g4xx_hal.c ****   *
 296:Drivers/STM32G4xx_HAL_Driver/Src/stm32g4xx_hal.c **** @verbatim
 297:Drivers/STM32G4xx_HAL_Driver/Src/stm32g4xx_hal.c ****  ===============================================================================
 298:Drivers/STM32G4xx_HAL_Driver/Src/stm32g4xx_hal.c ****                       ##### HAL Control functions #####
 299:Drivers/STM32G4xx_HAL_Driver/Src/stm32g4xx_hal.c ****  ===============================================================================
 300:Drivers/STM32G4xx_HAL_Driver/Src/stm32g4xx_hal.c ****     [..]  This section provides functions allowing to:
 301:Drivers/STM32G4xx_HAL_Driver/Src/stm32g4xx_hal.c ****       (+) Provide a tick value in millisecond
 302:Drivers/STM32G4xx_HAL_Driver/Src/stm32g4xx_hal.c ****       (+) Provide a blocking delay in millisecond
 303:Drivers/STM32G4xx_HAL_Driver/Src/stm32g4xx_hal.c ****       (+) Suspend the time base source interrupt
 304:Drivers/STM32G4xx_HAL_Driver/Src/stm32g4xx_hal.c ****       (+) Resume the time base source interrupt
 305:Drivers/STM32G4xx_HAL_Driver/Src/stm32g4xx_hal.c ****       (+) Get the HAL API driver version
 306:Drivers/STM32G4xx_HAL_Driver/Src/stm32g4xx_hal.c ****       (+) Get the device identifier
 307:Drivers/STM32G4xx_HAL_Driver/Src/stm32g4xx_hal.c ****       (+) Get the device revision identifier
 308:Drivers/STM32G4xx_HAL_Driver/Src/stm32g4xx_hal.c **** 
 309:Drivers/STM32G4xx_HAL_Driver/Src/stm32g4xx_hal.c **** @endverbatim
 310:Drivers/STM32G4xx_HAL_Driver/Src/stm32g4xx_hal.c ****   * @{
 311:Drivers/STM32G4xx_HAL_Driver/Src/stm32g4xx_hal.c ****   */
 312:Drivers/STM32G4xx_HAL_Driver/Src/stm32g4xx_hal.c **** 
 313:Drivers/STM32G4xx_HAL_Driver/Src/stm32g4xx_hal.c **** /**
 314:Drivers/STM32G4xx_HAL_Driver/Src/stm32g4xx_hal.c ****   * @brief This function is called to increment a global variable "uwTick"
 315:Drivers/STM32G4xx_HAL_Driver/Src/stm32g4xx_hal.c ****   *        used as application time base.
 316:Drivers/STM32G4xx_HAL_Driver/Src/stm32g4xx_hal.c ****   * @note In the default implementation, this variable is incremented each 1ms
 317:Drivers/STM32G4xx_HAL_Driver/Src/stm32g4xx_hal.c ****   *       in SysTick ISR.
 318:Drivers/STM32G4xx_HAL_Driver/Src/stm32g4xx_hal.c ****   * @note This function is declared as __weak to be overwritten in case of other
 319:Drivers/STM32G4xx_HAL_Driver/Src/stm32g4xx_hal.c ****   *      implementations in user file.
 320:Drivers/STM32G4xx_HAL_Driver/Src/stm32g4xx_hal.c ****   * @retval None
 321:Drivers/STM32G4xx_HAL_Driver/Src/stm32g4xx_hal.c ****   */
 322:Drivers/STM32G4xx_HAL_Driver/Src/stm32g4xx_hal.c **** __weak void HAL_IncTick(void)
 323:Drivers/STM32G4xx_HAL_Driver/Src/stm32g4xx_hal.c **** {
 309              		.loc 1 323 1 is_stmt 1 view -0
 310              		.cfi_startproc
 311              		@ args = 0, pretend = 0, frame = 0
 312              		@ frame_needed = 0, uses_anonymous_args = 0
 313              		@ link register save eliminated.
 324:Drivers/STM32G4xx_HAL_Driver/Src/stm32g4xx_hal.c ****   uwTick += uwTickFreq;
 314              		.loc 1 324 3 view .LVU71
ARM GAS  /tmp/ccy1S8Wo.s 			page 13


 315              		.loc 1 324 10 is_stmt 0 view .LVU72
 316 0000 034A     		ldr	r2, .L23
 317 0002 0449     		ldr	r1, .L23+4
 318 0004 1368     		ldr	r3, [r2]
 319 0006 0968     		ldr	r1, [r1]
 320 0008 0B44     		add	r3, r3, r1
 321 000a 1360     		str	r3, [r2]
 325:Drivers/STM32G4xx_HAL_Driver/Src/stm32g4xx_hal.c **** }
 322              		.loc 1 325 1 view .LVU73
 323 000c 7047     		bx	lr
 324              	.L24:
 325 000e 00BF     		.align	2
 326              	.L23:
 327 0010 00000000 		.word	uwTick
 328 0014 00000000 		.word	uwTickFreq
 329              		.cfi_endproc
 330              	.LFE334:
 332              		.section	.text.HAL_GetTick,"ax",%progbits
 333              		.align	1
 334              		.p2align 2,,3
 335              		.weak	HAL_GetTick
 336              		.syntax unified
 337              		.thumb
 338              		.thumb_func
 340              	HAL_GetTick:
 341              	.LFB335:
 326:Drivers/STM32G4xx_HAL_Driver/Src/stm32g4xx_hal.c **** 
 327:Drivers/STM32G4xx_HAL_Driver/Src/stm32g4xx_hal.c **** /**
 328:Drivers/STM32G4xx_HAL_Driver/Src/stm32g4xx_hal.c ****   * @brief Provides a tick value in millisecond.
 329:Drivers/STM32G4xx_HAL_Driver/Src/stm32g4xx_hal.c ****   * @note This function is declared as __weak to be overwritten in case of other
 330:Drivers/STM32G4xx_HAL_Driver/Src/stm32g4xx_hal.c ****   *       implementations in user file.
 331:Drivers/STM32G4xx_HAL_Driver/Src/stm32g4xx_hal.c ****   * @retval tick value
 332:Drivers/STM32G4xx_HAL_Driver/Src/stm32g4xx_hal.c ****   */
 333:Drivers/STM32G4xx_HAL_Driver/Src/stm32g4xx_hal.c **** __weak uint32_t HAL_GetTick(void)
 334:Drivers/STM32G4xx_HAL_Driver/Src/stm32g4xx_hal.c **** {
 342              		.loc 1 334 1 is_stmt 1 view -0
 343              		.cfi_startproc
 344              		@ args = 0, pretend = 0, frame = 0
 345              		@ frame_needed = 0, uses_anonymous_args = 0
 346              		@ link register save eliminated.
 335:Drivers/STM32G4xx_HAL_Driver/Src/stm32g4xx_hal.c ****   return uwTick;
 347              		.loc 1 335 3 view .LVU75
 348              		.loc 1 335 10 is_stmt 0 view .LVU76
 349 0000 014B     		ldr	r3, .L26
 336:Drivers/STM32G4xx_HAL_Driver/Src/stm32g4xx_hal.c **** }
 350              		.loc 1 336 1 view .LVU77
 351 0002 1868     		ldr	r0, [r3]
 352 0004 7047     		bx	lr
 353              	.L27:
 354 0006 00BF     		.align	2
 355              	.L26:
 356 0008 00000000 		.word	uwTick
 357              		.cfi_endproc
 358              	.LFE335:
 360              		.section	.text.HAL_GetTickPrio,"ax",%progbits
 361              		.align	1
 362              		.p2align 2,,3
ARM GAS  /tmp/ccy1S8Wo.s 			page 14


 363              		.global	HAL_GetTickPrio
 364              		.syntax unified
 365              		.thumb
 366              		.thumb_func
 368              	HAL_GetTickPrio:
 369              	.LFB336:
 337:Drivers/STM32G4xx_HAL_Driver/Src/stm32g4xx_hal.c **** 
 338:Drivers/STM32G4xx_HAL_Driver/Src/stm32g4xx_hal.c **** /**
 339:Drivers/STM32G4xx_HAL_Driver/Src/stm32g4xx_hal.c ****   * @brief This function returns a tick priority.
 340:Drivers/STM32G4xx_HAL_Driver/Src/stm32g4xx_hal.c ****   * @retval tick priority
 341:Drivers/STM32G4xx_HAL_Driver/Src/stm32g4xx_hal.c ****   */
 342:Drivers/STM32G4xx_HAL_Driver/Src/stm32g4xx_hal.c **** uint32_t HAL_GetTickPrio(void)
 343:Drivers/STM32G4xx_HAL_Driver/Src/stm32g4xx_hal.c **** {
 370              		.loc 1 343 1 is_stmt 1 view -0
 371              		.cfi_startproc
 372              		@ args = 0, pretend = 0, frame = 0
 373              		@ frame_needed = 0, uses_anonymous_args = 0
 374              		@ link register save eliminated.
 344:Drivers/STM32G4xx_HAL_Driver/Src/stm32g4xx_hal.c ****   return uwTickPrio;
 375              		.loc 1 344 3 view .LVU79
 376              		.loc 1 344 10 is_stmt 0 view .LVU80
 377 0000 014B     		ldr	r3, .L29
 345:Drivers/STM32G4xx_HAL_Driver/Src/stm32g4xx_hal.c **** }
 378              		.loc 1 345 1 view .LVU81
 379 0002 1868     		ldr	r0, [r3]
 380 0004 7047     		bx	lr
 381              	.L30:
 382 0006 00BF     		.align	2
 383              	.L29:
 384 0008 00000000 		.word	uwTickPrio
 385              		.cfi_endproc
 386              	.LFE336:
 388              		.section	.text.HAL_SetTickFreq,"ax",%progbits
 389              		.align	1
 390              		.p2align 2,,3
 391              		.global	HAL_SetTickFreq
 392              		.syntax unified
 393              		.thumb
 394              		.thumb_func
 396              	HAL_SetTickFreq:
 397              	.LVL18:
 398              	.LFB337:
 346:Drivers/STM32G4xx_HAL_Driver/Src/stm32g4xx_hal.c **** 
 347:Drivers/STM32G4xx_HAL_Driver/Src/stm32g4xx_hal.c **** /**
 348:Drivers/STM32G4xx_HAL_Driver/Src/stm32g4xx_hal.c ****   * @brief Set new tick Freq.
 349:Drivers/STM32G4xx_HAL_Driver/Src/stm32g4xx_hal.c ****   * @retval status
 350:Drivers/STM32G4xx_HAL_Driver/Src/stm32g4xx_hal.c ****   */
 351:Drivers/STM32G4xx_HAL_Driver/Src/stm32g4xx_hal.c **** HAL_StatusTypeDef HAL_SetTickFreq(uint32_t Freq)
 352:Drivers/STM32G4xx_HAL_Driver/Src/stm32g4xx_hal.c **** {
 399              		.loc 1 352 1 is_stmt 1 view -0
 400              		.cfi_startproc
 401              		@ args = 0, pretend = 0, frame = 8
 402              		@ frame_needed = 0, uses_anonymous_args = 0
 353:Drivers/STM32G4xx_HAL_Driver/Src/stm32g4xx_hal.c ****   HAL_StatusTypeDef status  = HAL_OK;
 403              		.loc 1 353 3 view .LVU83
 354:Drivers/STM32G4xx_HAL_Driver/Src/stm32g4xx_hal.c ****   uint32_t prevTickFreq;
 404              		.loc 1 354 3 view .LVU84
ARM GAS  /tmp/ccy1S8Wo.s 			page 15


 355:Drivers/STM32G4xx_HAL_Driver/Src/stm32g4xx_hal.c **** 
 356:Drivers/STM32G4xx_HAL_Driver/Src/stm32g4xx_hal.c ****   assert_param(IS_TICKFREQ(Freq));
 405              		.loc 1 356 3 view .LVU85
 357:Drivers/STM32G4xx_HAL_Driver/Src/stm32g4xx_hal.c **** 
 358:Drivers/STM32G4xx_HAL_Driver/Src/stm32g4xx_hal.c ****   if (uwTickFreq != Freq)
 406              		.loc 1 358 3 view .LVU86
 407              		.loc 1 358 18 is_stmt 0 view .LVU87
 408 0000 094B     		ldr	r3, .L43
 409 0002 1A68     		ldr	r2, [r3]
 410              		.loc 1 358 6 view .LVU88
 411 0004 8242     		cmp	r2, r0
 412 0006 01D1     		bne	.L42
 353:Drivers/STM32G4xx_HAL_Driver/Src/stm32g4xx_hal.c ****   uint32_t prevTickFreq;
 413              		.loc 1 353 21 view .LVU89
 414 0008 0020     		movs	r0, #0
 415              	.LVL19:
 359:Drivers/STM32G4xx_HAL_Driver/Src/stm32g4xx_hal.c ****   {
 360:Drivers/STM32G4xx_HAL_Driver/Src/stm32g4xx_hal.c ****     /* Back up uwTickFreq frequency */
 361:Drivers/STM32G4xx_HAL_Driver/Src/stm32g4xx_hal.c ****     prevTickFreq = uwTickFreq;
 362:Drivers/STM32G4xx_HAL_Driver/Src/stm32g4xx_hal.c **** 
 363:Drivers/STM32G4xx_HAL_Driver/Src/stm32g4xx_hal.c ****     /* Update uwTickFreq global variable used by HAL_InitTick() */
 364:Drivers/STM32G4xx_HAL_Driver/Src/stm32g4xx_hal.c ****     uwTickFreq = Freq;
 365:Drivers/STM32G4xx_HAL_Driver/Src/stm32g4xx_hal.c **** 
 366:Drivers/STM32G4xx_HAL_Driver/Src/stm32g4xx_hal.c ****     /* Apply the new tick Freq  */
 367:Drivers/STM32G4xx_HAL_Driver/Src/stm32g4xx_hal.c ****     status = HAL_InitTick(uwTickPrio);
 368:Drivers/STM32G4xx_HAL_Driver/Src/stm32g4xx_hal.c **** 
 369:Drivers/STM32G4xx_HAL_Driver/Src/stm32g4xx_hal.c ****     if (status != HAL_OK)
 370:Drivers/STM32G4xx_HAL_Driver/Src/stm32g4xx_hal.c ****     {
 371:Drivers/STM32G4xx_HAL_Driver/Src/stm32g4xx_hal.c ****       /* Restore previous tick frequency */
 372:Drivers/STM32G4xx_HAL_Driver/Src/stm32g4xx_hal.c ****       uwTickFreq = prevTickFreq;
 373:Drivers/STM32G4xx_HAL_Driver/Src/stm32g4xx_hal.c ****     }
 374:Drivers/STM32G4xx_HAL_Driver/Src/stm32g4xx_hal.c ****   }
 375:Drivers/STM32G4xx_HAL_Driver/Src/stm32g4xx_hal.c **** 
 376:Drivers/STM32G4xx_HAL_Driver/Src/stm32g4xx_hal.c ****   return status;
 416              		.loc 1 376 3 is_stmt 1 view .LVU90
 377:Drivers/STM32G4xx_HAL_Driver/Src/stm32g4xx_hal.c **** }
 417              		.loc 1 377 1 is_stmt 0 view .LVU91
 418 000a 7047     		bx	lr
 419              	.LVL20:
 420              	.L42:
 361:Drivers/STM32G4xx_HAL_Driver/Src/stm32g4xx_hal.c **** 
 421              		.loc 1 361 5 is_stmt 1 view .LVU92
 352:Drivers/STM32G4xx_HAL_Driver/Src/stm32g4xx_hal.c ****   HAL_StatusTypeDef status  = HAL_OK;
 422              		.loc 1 352 1 is_stmt 0 view .LVU93
 423 000c 00B5     		push	{lr}
 424              	.LCFI9:
 425              		.cfi_def_cfa_offset 4
 426              		.cfi_offset 14, -4
 367:Drivers/STM32G4xx_HAL_Driver/Src/stm32g4xx_hal.c **** 
 427              		.loc 1 367 14 view .LVU94
 428 000e 0749     		ldr	r1, .L43+4
 352:Drivers/STM32G4xx_HAL_Driver/Src/stm32g4xx_hal.c ****   HAL_StatusTypeDef status  = HAL_OK;
 429              		.loc 1 352 1 view .LVU95
 430 0010 83B0     		sub	sp, sp, #12
 431              	.LCFI10:
 432              		.cfi_def_cfa_offset 16
 433              	.LVL21:
ARM GAS  /tmp/ccy1S8Wo.s 			page 16


 364:Drivers/STM32G4xx_HAL_Driver/Src/stm32g4xx_hal.c **** 
 434              		.loc 1 364 5 is_stmt 1 view .LVU96
 367:Drivers/STM32G4xx_HAL_Driver/Src/stm32g4xx_hal.c **** 
 435              		.loc 1 367 5 view .LVU97
 364:Drivers/STM32G4xx_HAL_Driver/Src/stm32g4xx_hal.c **** 
 436              		.loc 1 364 16 is_stmt 0 view .LVU98
 437 0012 1860     		str	r0, [r3]
 367:Drivers/STM32G4xx_HAL_Driver/Src/stm32g4xx_hal.c **** 
 438              		.loc 1 367 14 view .LVU99
 439 0014 0868     		ldr	r0, [r1]
 440              	.LVL22:
 367:Drivers/STM32G4xx_HAL_Driver/Src/stm32g4xx_hal.c **** 
 441              		.loc 1 367 14 view .LVU100
 442 0016 0192     		str	r2, [sp, #4]
 443              	.LVL23:
 367:Drivers/STM32G4xx_HAL_Driver/Src/stm32g4xx_hal.c **** 
 444              		.loc 1 367 14 view .LVU101
 445 0018 FFF7FEFF 		bl	HAL_InitTick
 446              	.LVL24:
 369:Drivers/STM32G4xx_HAL_Driver/Src/stm32g4xx_hal.c ****     {
 447              		.loc 1 369 5 is_stmt 1 view .LVU102
 369:Drivers/STM32G4xx_HAL_Driver/Src/stm32g4xx_hal.c ****     {
 448              		.loc 1 369 8 is_stmt 0 view .LVU103
 449 001c 10B1     		cbz	r0, .L32
 372:Drivers/STM32G4xx_HAL_Driver/Src/stm32g4xx_hal.c ****     }
 450              		.loc 1 372 7 is_stmt 1 view .LVU104
 372:Drivers/STM32G4xx_HAL_Driver/Src/stm32g4xx_hal.c ****     }
 451              		.loc 1 372 18 is_stmt 0 view .LVU105
 452 001e 024B     		ldr	r3, .L43
 453 0020 019A     		ldr	r2, [sp, #4]
 454 0022 1A60     		str	r2, [r3]
 455              	.L32:
 376:Drivers/STM32G4xx_HAL_Driver/Src/stm32g4xx_hal.c **** }
 456              		.loc 1 376 3 is_stmt 1 view .LVU106
 457              		.loc 1 377 1 is_stmt 0 view .LVU107
 458 0024 03B0     		add	sp, sp, #12
 459              	.LCFI11:
 460              		.cfi_def_cfa_offset 4
 461              		@ sp needed
 462 0026 00BD     		pop	{pc}
 463              	.L44:
 464              		.align	2
 465              	.L43:
 466 0028 00000000 		.word	uwTickFreq
 467 002c 00000000 		.word	uwTickPrio
 468              		.cfi_endproc
 469              	.LFE337:
 471              		.section	.text.HAL_GetTickFreq,"ax",%progbits
 472              		.align	1
 473              		.p2align 2,,3
 474              		.global	HAL_GetTickFreq
 475              		.syntax unified
 476              		.thumb
 477              		.thumb_func
 479              	HAL_GetTickFreq:
 480              	.LFB338:
 378:Drivers/STM32G4xx_HAL_Driver/Src/stm32g4xx_hal.c **** 
ARM GAS  /tmp/ccy1S8Wo.s 			page 17


 379:Drivers/STM32G4xx_HAL_Driver/Src/stm32g4xx_hal.c **** /**
 380:Drivers/STM32G4xx_HAL_Driver/Src/stm32g4xx_hal.c ****   * @brief Returns tick frequency.
 381:Drivers/STM32G4xx_HAL_Driver/Src/stm32g4xx_hal.c ****   * @retval Tick frequency.
 382:Drivers/STM32G4xx_HAL_Driver/Src/stm32g4xx_hal.c ****   *         Value of @ref HAL_TickFreqTypeDef.
 383:Drivers/STM32G4xx_HAL_Driver/Src/stm32g4xx_hal.c ****   */
 384:Drivers/STM32G4xx_HAL_Driver/Src/stm32g4xx_hal.c **** uint32_t HAL_GetTickFreq(void)
 385:Drivers/STM32G4xx_HAL_Driver/Src/stm32g4xx_hal.c **** {
 481              		.loc 1 385 1 is_stmt 1 view -0
 482              		.cfi_startproc
 483              		@ args = 0, pretend = 0, frame = 0
 484              		@ frame_needed = 0, uses_anonymous_args = 0
 485              		@ link register save eliminated.
 386:Drivers/STM32G4xx_HAL_Driver/Src/stm32g4xx_hal.c ****   return uwTickFreq;
 486              		.loc 1 386 3 view .LVU109
 487              		.loc 1 386 10 is_stmt 0 view .LVU110
 488 0000 014B     		ldr	r3, .L46
 387:Drivers/STM32G4xx_HAL_Driver/Src/stm32g4xx_hal.c **** }
 489              		.loc 1 387 1 view .LVU111
 490 0002 1868     		ldr	r0, [r3]
 491 0004 7047     		bx	lr
 492              	.L47:
 493 0006 00BF     		.align	2
 494              	.L46:
 495 0008 00000000 		.word	uwTickFreq
 496              		.cfi_endproc
 497              	.LFE338:
 499              		.section	.text.HAL_Delay,"ax",%progbits
 500              		.align	1
 501              		.p2align 2,,3
 502              		.weak	HAL_Delay
 503              		.syntax unified
 504              		.thumb
 505              		.thumb_func
 507              	HAL_Delay:
 508              	.LVL25:
 509              	.LFB339:
 388:Drivers/STM32G4xx_HAL_Driver/Src/stm32g4xx_hal.c **** 
 389:Drivers/STM32G4xx_HAL_Driver/Src/stm32g4xx_hal.c **** /**
 390:Drivers/STM32G4xx_HAL_Driver/Src/stm32g4xx_hal.c ****   * @brief This function provides minimum delay (in milliseconds) based
 391:Drivers/STM32G4xx_HAL_Driver/Src/stm32g4xx_hal.c ****   *        on variable incremented.
 392:Drivers/STM32G4xx_HAL_Driver/Src/stm32g4xx_hal.c ****   * @note In the default implementation , SysTick timer is the source of time base.
 393:Drivers/STM32G4xx_HAL_Driver/Src/stm32g4xx_hal.c ****   *       It is used to generate interrupts at regular time intervals where uwTick
 394:Drivers/STM32G4xx_HAL_Driver/Src/stm32g4xx_hal.c ****   *       is incremented.
 395:Drivers/STM32G4xx_HAL_Driver/Src/stm32g4xx_hal.c ****   * @note This function is declared as __weak to be overwritten in case of other
 396:Drivers/STM32G4xx_HAL_Driver/Src/stm32g4xx_hal.c ****   *       implementations in user file.
 397:Drivers/STM32G4xx_HAL_Driver/Src/stm32g4xx_hal.c ****   * @param Delay specifies the delay time length, in milliseconds.
 398:Drivers/STM32G4xx_HAL_Driver/Src/stm32g4xx_hal.c ****   * @retval None
 399:Drivers/STM32G4xx_HAL_Driver/Src/stm32g4xx_hal.c ****   */
 400:Drivers/STM32G4xx_HAL_Driver/Src/stm32g4xx_hal.c **** __weak void HAL_Delay(uint32_t Delay)
 401:Drivers/STM32G4xx_HAL_Driver/Src/stm32g4xx_hal.c **** {
 510              		.loc 1 401 1 is_stmt 1 view -0
 511              		.cfi_startproc
 512              		@ args = 0, pretend = 0, frame = 0
 513              		@ frame_needed = 0, uses_anonymous_args = 0
 402:Drivers/STM32G4xx_HAL_Driver/Src/stm32g4xx_hal.c ****   uint32_t tickstart = HAL_GetTick();
 514              		.loc 1 402 3 view .LVU113
 401:Drivers/STM32G4xx_HAL_Driver/Src/stm32g4xx_hal.c ****   uint32_t tickstart = HAL_GetTick();
ARM GAS  /tmp/ccy1S8Wo.s 			page 18


 515              		.loc 1 401 1 is_stmt 0 view .LVU114
 516 0000 38B5     		push	{r3, r4, r5, lr}
 517              	.LCFI12:
 518              		.cfi_def_cfa_offset 16
 519              		.cfi_offset 3, -16
 520              		.cfi_offset 4, -12
 521              		.cfi_offset 5, -8
 522              		.cfi_offset 14, -4
 401:Drivers/STM32G4xx_HAL_Driver/Src/stm32g4xx_hal.c ****   uint32_t tickstart = HAL_GetTick();
 523              		.loc 1 401 1 view .LVU115
 524 0002 0446     		mov	r4, r0
 525              		.loc 1 402 24 view .LVU116
 526 0004 FFF7FEFF 		bl	HAL_GetTick
 527              	.LVL26:
 403:Drivers/STM32G4xx_HAL_Driver/Src/stm32g4xx_hal.c ****   uint32_t wait = Delay;
 404:Drivers/STM32G4xx_HAL_Driver/Src/stm32g4xx_hal.c **** 
 405:Drivers/STM32G4xx_HAL_Driver/Src/stm32g4xx_hal.c ****   /* Add a freq to guarantee minimum wait */
 406:Drivers/STM32G4xx_HAL_Driver/Src/stm32g4xx_hal.c ****   if (wait < HAL_MAX_DELAY)
 528              		.loc 1 406 6 view .LVU117
 529 0008 631C     		adds	r3, r4, #1
 402:Drivers/STM32G4xx_HAL_Driver/Src/stm32g4xx_hal.c ****   uint32_t wait = Delay;
 530              		.loc 1 402 24 view .LVU118
 531 000a 0546     		mov	r5, r0
 532              	.LVL27:
 403:Drivers/STM32G4xx_HAL_Driver/Src/stm32g4xx_hal.c ****   uint32_t wait = Delay;
 533              		.loc 1 403 3 is_stmt 1 view .LVU119
 534              		.loc 1 406 3 view .LVU120
 535              		.loc 1 406 6 is_stmt 0 view .LVU121
 536 000c 02D0     		beq	.L50
 407:Drivers/STM32G4xx_HAL_Driver/Src/stm32g4xx_hal.c ****   {
 408:Drivers/STM32G4xx_HAL_Driver/Src/stm32g4xx_hal.c ****     wait += (uint32_t)(uwTickFreq);
 537              		.loc 1 408 5 is_stmt 1 view .LVU122
 538              		.loc 1 408 13 is_stmt 0 view .LVU123
 539 000e 044B     		ldr	r3, .L56
 540              		.loc 1 408 10 view .LVU124
 541 0010 1B68     		ldr	r3, [r3]
 542 0012 1C44     		add	r4, r4, r3
 543              	.LVL28:
 544              	.L50:
 409:Drivers/STM32G4xx_HAL_Driver/Src/stm32g4xx_hal.c ****   }
 410:Drivers/STM32G4xx_HAL_Driver/Src/stm32g4xx_hal.c **** 
 411:Drivers/STM32G4xx_HAL_Driver/Src/stm32g4xx_hal.c ****   while ((HAL_GetTick() - tickstart) < wait)
 412:Drivers/STM32G4xx_HAL_Driver/Src/stm32g4xx_hal.c ****   {
 413:Drivers/STM32G4xx_HAL_Driver/Src/stm32g4xx_hal.c ****   }
 545              		.loc 1 413 3 is_stmt 1 view .LVU125
 411:Drivers/STM32G4xx_HAL_Driver/Src/stm32g4xx_hal.c ****   {
 546              		.loc 1 411 38 discriminator 1 view .LVU126
 411:Drivers/STM32G4xx_HAL_Driver/Src/stm32g4xx_hal.c ****   {
 547              		.loc 1 411 11 is_stmt 0 discriminator 1 view .LVU127
 548 0014 FFF7FEFF 		bl	HAL_GetTick
 549              	.LVL29:
 411:Drivers/STM32G4xx_HAL_Driver/Src/stm32g4xx_hal.c ****   {
 550              		.loc 1 411 25 discriminator 2 view .LVU128
 551 0018 401B     		subs	r0, r0, r5
 411:Drivers/STM32G4xx_HAL_Driver/Src/stm32g4xx_hal.c ****   {
 552              		.loc 1 411 38 discriminator 2 view .LVU129
 553 001a A042     		cmp	r0, r4
ARM GAS  /tmp/ccy1S8Wo.s 			page 19


 554 001c FAD3     		bcc	.L50
 414:Drivers/STM32G4xx_HAL_Driver/Src/stm32g4xx_hal.c **** }
 555              		.loc 1 414 1 view .LVU130
 556 001e 38BD     		pop	{r3, r4, r5, pc}
 557              	.LVL30:
 558              	.L57:
 559              		.loc 1 414 1 view .LVU131
 560              		.align	2
 561              	.L56:
 562 0020 00000000 		.word	uwTickFreq
 563              		.cfi_endproc
 564              	.LFE339:
 566              		.section	.text.HAL_SuspendTick,"ax",%progbits
 567              		.align	1
 568              		.p2align 2,,3
 569              		.weak	HAL_SuspendTick
 570              		.syntax unified
 571              		.thumb
 572              		.thumb_func
 574              	HAL_SuspendTick:
 575              	.LFB340:
 415:Drivers/STM32G4xx_HAL_Driver/Src/stm32g4xx_hal.c **** 
 416:Drivers/STM32G4xx_HAL_Driver/Src/stm32g4xx_hal.c **** /**
 417:Drivers/STM32G4xx_HAL_Driver/Src/stm32g4xx_hal.c ****   * @brief Suspends Tick increment.
 418:Drivers/STM32G4xx_HAL_Driver/Src/stm32g4xx_hal.c ****   * @note In the default implementation , SysTick timer is the source of time base. It is
 419:Drivers/STM32G4xx_HAL_Driver/Src/stm32g4xx_hal.c ****   *       used to generate interrupts at regular time intervals. Once HAL_SuspendTick()
 420:Drivers/STM32G4xx_HAL_Driver/Src/stm32g4xx_hal.c ****   *       is called, the SysTick interrupt will be disabled and so Tick increment
 421:Drivers/STM32G4xx_HAL_Driver/Src/stm32g4xx_hal.c ****   *       is suspended.
 422:Drivers/STM32G4xx_HAL_Driver/Src/stm32g4xx_hal.c ****   * @note This function is declared as __weak to be overwritten in case of other
 423:Drivers/STM32G4xx_HAL_Driver/Src/stm32g4xx_hal.c ****   *       implementations in user file.
 424:Drivers/STM32G4xx_HAL_Driver/Src/stm32g4xx_hal.c ****   * @retval None
 425:Drivers/STM32G4xx_HAL_Driver/Src/stm32g4xx_hal.c ****   */
 426:Drivers/STM32G4xx_HAL_Driver/Src/stm32g4xx_hal.c **** __weak void HAL_SuspendTick(void)
 427:Drivers/STM32G4xx_HAL_Driver/Src/stm32g4xx_hal.c **** {
 576              		.loc 1 427 1 is_stmt 1 view -0
 577              		.cfi_startproc
 578              		@ args = 0, pretend = 0, frame = 0
 579              		@ frame_needed = 0, uses_anonymous_args = 0
 580              		@ link register save eliminated.
 428:Drivers/STM32G4xx_HAL_Driver/Src/stm32g4xx_hal.c ****   /* Disable SysTick Interrupt */
 429:Drivers/STM32G4xx_HAL_Driver/Src/stm32g4xx_hal.c ****   CLEAR_BIT(SysTick->CTRL, SysTick_CTRL_TICKINT_Msk);
 581              		.loc 1 429 3 view .LVU133
 582 0000 4FF0E022 		mov	r2, #-536813568
 583 0004 1369     		ldr	r3, [r2, #16]
 584 0006 23F00203 		bic	r3, r3, #2
 585 000a 1361     		str	r3, [r2, #16]
 430:Drivers/STM32G4xx_HAL_Driver/Src/stm32g4xx_hal.c **** }
 586              		.loc 1 430 1 is_stmt 0 view .LVU134
 587 000c 7047     		bx	lr
 588              		.cfi_endproc
 589              	.LFE340:
 591 000e 00BF     		.section	.text.HAL_ResumeTick,"ax",%progbits
 592              		.align	1
 593              		.p2align 2,,3
 594              		.weak	HAL_ResumeTick
 595              		.syntax unified
 596              		.thumb
ARM GAS  /tmp/ccy1S8Wo.s 			page 20


 597              		.thumb_func
 599              	HAL_ResumeTick:
 600              	.LFB341:
 431:Drivers/STM32G4xx_HAL_Driver/Src/stm32g4xx_hal.c **** 
 432:Drivers/STM32G4xx_HAL_Driver/Src/stm32g4xx_hal.c **** /**
 433:Drivers/STM32G4xx_HAL_Driver/Src/stm32g4xx_hal.c ****   * @brief Resume Tick increment.
 434:Drivers/STM32G4xx_HAL_Driver/Src/stm32g4xx_hal.c ****   * @note In the default implementation , SysTick timer is the source of time base. It is
 435:Drivers/STM32G4xx_HAL_Driver/Src/stm32g4xx_hal.c ****   *       used to generate interrupts at regular time intervals. Once HAL_ResumeTick()
 436:Drivers/STM32G4xx_HAL_Driver/Src/stm32g4xx_hal.c ****   *       is called, the SysTick interrupt will be enabled and so Tick increment
 437:Drivers/STM32G4xx_HAL_Driver/Src/stm32g4xx_hal.c ****   *       is resumed.
 438:Drivers/STM32G4xx_HAL_Driver/Src/stm32g4xx_hal.c ****   * @note This function is declared as __weak to be overwritten in case of other
 439:Drivers/STM32G4xx_HAL_Driver/Src/stm32g4xx_hal.c ****   *       implementations in user file.
 440:Drivers/STM32G4xx_HAL_Driver/Src/stm32g4xx_hal.c ****   * @retval None
 441:Drivers/STM32G4xx_HAL_Driver/Src/stm32g4xx_hal.c ****   */
 442:Drivers/STM32G4xx_HAL_Driver/Src/stm32g4xx_hal.c **** __weak void HAL_ResumeTick(void)
 443:Drivers/STM32G4xx_HAL_Driver/Src/stm32g4xx_hal.c **** {
 601              		.loc 1 443 1 is_stmt 1 view -0
 602              		.cfi_startproc
 603              		@ args = 0, pretend = 0, frame = 0
 604              		@ frame_needed = 0, uses_anonymous_args = 0
 605              		@ link register save eliminated.
 444:Drivers/STM32G4xx_HAL_Driver/Src/stm32g4xx_hal.c ****   /* Enable SysTick Interrupt */
 445:Drivers/STM32G4xx_HAL_Driver/Src/stm32g4xx_hal.c ****   SET_BIT(SysTick->CTRL, SysTick_CTRL_TICKINT_Msk);
 606              		.loc 1 445 3 view .LVU136
 607 0000 4FF0E022 		mov	r2, #-536813568
 608 0004 1369     		ldr	r3, [r2, #16]
 609 0006 43F00203 		orr	r3, r3, #2
 610 000a 1361     		str	r3, [r2, #16]
 446:Drivers/STM32G4xx_HAL_Driver/Src/stm32g4xx_hal.c **** }
 611              		.loc 1 446 1 is_stmt 0 view .LVU137
 612 000c 7047     		bx	lr
 613              		.cfi_endproc
 614              	.LFE341:
 616 000e 00BF     		.section	.text.HAL_GetHalVersion,"ax",%progbits
 617              		.align	1
 618              		.p2align 2,,3
 619              		.global	HAL_GetHalVersion
 620              		.syntax unified
 621              		.thumb
 622              		.thumb_func
 624              	HAL_GetHalVersion:
 625              	.LFB342:
 447:Drivers/STM32G4xx_HAL_Driver/Src/stm32g4xx_hal.c **** 
 448:Drivers/STM32G4xx_HAL_Driver/Src/stm32g4xx_hal.c **** /**
 449:Drivers/STM32G4xx_HAL_Driver/Src/stm32g4xx_hal.c ****   * @brief  Returns the HAL revision.
 450:Drivers/STM32G4xx_HAL_Driver/Src/stm32g4xx_hal.c ****   * @retval version : 0xXYZR (8bits for each decimal, R for RC)
 451:Drivers/STM32G4xx_HAL_Driver/Src/stm32g4xx_hal.c ****   */
 452:Drivers/STM32G4xx_HAL_Driver/Src/stm32g4xx_hal.c **** uint32_t HAL_GetHalVersion(void)
 453:Drivers/STM32G4xx_HAL_Driver/Src/stm32g4xx_hal.c **** {
 626              		.loc 1 453 1 is_stmt 1 view -0
 627              		.cfi_startproc
 628              		@ args = 0, pretend = 0, frame = 0
 629              		@ frame_needed = 0, uses_anonymous_args = 0
 630              		@ link register save eliminated.
 454:Drivers/STM32G4xx_HAL_Driver/Src/stm32g4xx_hal.c ****   return __STM32G4xx_HAL_VERSION;
 631              		.loc 1 454 3 view .LVU139
 455:Drivers/STM32G4xx_HAL_Driver/Src/stm32g4xx_hal.c **** }
ARM GAS  /tmp/ccy1S8Wo.s 			page 21


 632              		.loc 1 455 1 is_stmt 0 view .LVU140
 633 0000 0048     		ldr	r0, .L61
 634 0002 7047     		bx	lr
 635              	.L62:
 636              		.align	2
 637              	.L61:
 638 0004 00070201 		.word	16910080
 639              		.cfi_endproc
 640              	.LFE342:
 642              		.section	.text.HAL_GetREVID,"ax",%progbits
 643              		.align	1
 644              		.p2align 2,,3
 645              		.global	HAL_GetREVID
 646              		.syntax unified
 647              		.thumb
 648              		.thumb_func
 650              	HAL_GetREVID:
 651              	.LFB343:
 456:Drivers/STM32G4xx_HAL_Driver/Src/stm32g4xx_hal.c **** 
 457:Drivers/STM32G4xx_HAL_Driver/Src/stm32g4xx_hal.c **** /**
 458:Drivers/STM32G4xx_HAL_Driver/Src/stm32g4xx_hal.c ****   * @brief  Returns the device revision identifier.
 459:Drivers/STM32G4xx_HAL_Driver/Src/stm32g4xx_hal.c ****   * @retval Device revision identifier
 460:Drivers/STM32G4xx_HAL_Driver/Src/stm32g4xx_hal.c ****   */
 461:Drivers/STM32G4xx_HAL_Driver/Src/stm32g4xx_hal.c **** uint32_t HAL_GetREVID(void)
 462:Drivers/STM32G4xx_HAL_Driver/Src/stm32g4xx_hal.c **** {
 652              		.loc 1 462 1 is_stmt 1 view -0
 653              		.cfi_startproc
 654              		@ args = 0, pretend = 0, frame = 0
 655              		@ frame_needed = 0, uses_anonymous_args = 0
 656              		@ link register save eliminated.
 463:Drivers/STM32G4xx_HAL_Driver/Src/stm32g4xx_hal.c ****   return ((DBGMCU->IDCODE & DBGMCU_IDCODE_REV_ID) >> 16U);
 657              		.loc 1 463 3 view .LVU142
 658              		.loc 1 463 18 is_stmt 0 view .LVU143
 659 0000 014B     		ldr	r3, .L64
 660 0002 1868     		ldr	r0, [r3]
 464:Drivers/STM32G4xx_HAL_Driver/Src/stm32g4xx_hal.c **** }
 661              		.loc 1 464 1 view .LVU144
 662 0004 000C     		lsrs	r0, r0, #16
 663 0006 7047     		bx	lr
 664              	.L65:
 665              		.align	2
 666              	.L64:
 667 0008 002004E0 		.word	-536600576
 668              		.cfi_endproc
 669              	.LFE343:
 671              		.section	.text.HAL_GetDEVID,"ax",%progbits
 672              		.align	1
 673              		.p2align 2,,3
 674              		.global	HAL_GetDEVID
 675              		.syntax unified
 676              		.thumb
 677              		.thumb_func
 679              	HAL_GetDEVID:
 680              	.LFB344:
 465:Drivers/STM32G4xx_HAL_Driver/Src/stm32g4xx_hal.c **** 
 466:Drivers/STM32G4xx_HAL_Driver/Src/stm32g4xx_hal.c **** /**
 467:Drivers/STM32G4xx_HAL_Driver/Src/stm32g4xx_hal.c ****   * @brief  Returns the device identifier.
ARM GAS  /tmp/ccy1S8Wo.s 			page 22


 468:Drivers/STM32G4xx_HAL_Driver/Src/stm32g4xx_hal.c ****   * @retval Device identifier
 469:Drivers/STM32G4xx_HAL_Driver/Src/stm32g4xx_hal.c ****   */
 470:Drivers/STM32G4xx_HAL_Driver/Src/stm32g4xx_hal.c **** uint32_t HAL_GetDEVID(void)
 471:Drivers/STM32G4xx_HAL_Driver/Src/stm32g4xx_hal.c **** {
 681              		.loc 1 471 1 is_stmt 1 view -0
 682              		.cfi_startproc
 683              		@ args = 0, pretend = 0, frame = 0
 684              		@ frame_needed = 0, uses_anonymous_args = 0
 685              		@ link register save eliminated.
 472:Drivers/STM32G4xx_HAL_Driver/Src/stm32g4xx_hal.c ****   return (DBGMCU->IDCODE & DBGMCU_IDCODE_DEV_ID);
 686              		.loc 1 472 3 view .LVU146
 687              		.loc 1 472 17 is_stmt 0 view .LVU147
 688 0000 024B     		ldr	r3, .L67
 689 0002 1868     		ldr	r0, [r3]
 473:Drivers/STM32G4xx_HAL_Driver/Src/stm32g4xx_hal.c **** }
 690              		.loc 1 473 1 view .LVU148
 691 0004 C0F30B00 		ubfx	r0, r0, #0, #12
 692 0008 7047     		bx	lr
 693              	.L68:
 694 000a 00BF     		.align	2
 695              	.L67:
 696 000c 002004E0 		.word	-536600576
 697              		.cfi_endproc
 698              	.LFE344:
 700              		.section	.text.HAL_GetUIDw0,"ax",%progbits
 701              		.align	1
 702              		.p2align 2,,3
 703              		.global	HAL_GetUIDw0
 704              		.syntax unified
 705              		.thumb
 706              		.thumb_func
 708              	HAL_GetUIDw0:
 709              	.LFB345:
 474:Drivers/STM32G4xx_HAL_Driver/Src/stm32g4xx_hal.c **** 
 475:Drivers/STM32G4xx_HAL_Driver/Src/stm32g4xx_hal.c **** /**
 476:Drivers/STM32G4xx_HAL_Driver/Src/stm32g4xx_hal.c ****   * @brief  Return the first word of the unique device identifier (UID based on 96 bits)
 477:Drivers/STM32G4xx_HAL_Driver/Src/stm32g4xx_hal.c ****   * @retval Device identifier
 478:Drivers/STM32G4xx_HAL_Driver/Src/stm32g4xx_hal.c ****   */
 479:Drivers/STM32G4xx_HAL_Driver/Src/stm32g4xx_hal.c **** uint32_t HAL_GetUIDw0(void)
 480:Drivers/STM32G4xx_HAL_Driver/Src/stm32g4xx_hal.c **** {
 710              		.loc 1 480 1 is_stmt 1 view -0
 711              		.cfi_startproc
 712              		@ args = 0, pretend = 0, frame = 0
 713              		@ frame_needed = 0, uses_anonymous_args = 0
 714              		@ link register save eliminated.
 481:Drivers/STM32G4xx_HAL_Driver/Src/stm32g4xx_hal.c ****   return (READ_REG(*((uint32_t *)UID_BASE)));
 715              		.loc 1 481 3 view .LVU150
 716              		.loc 1 481 11 is_stmt 0 view .LVU151
 717 0000 014B     		ldr	r3, .L70
 482:Drivers/STM32G4xx_HAL_Driver/Src/stm32g4xx_hal.c **** }
 718              		.loc 1 482 1 view .LVU152
 719 0002 D3F89005 		ldr	r0, [r3, #1424]
 720 0006 7047     		bx	lr
 721              	.L71:
 722              		.align	2
 723              	.L70:
 724 0008 0070FF1F 		.word	536834048
ARM GAS  /tmp/ccy1S8Wo.s 			page 23


 725              		.cfi_endproc
 726              	.LFE345:
 728              		.section	.text.HAL_GetUIDw1,"ax",%progbits
 729              		.align	1
 730              		.p2align 2,,3
 731              		.global	HAL_GetUIDw1
 732              		.syntax unified
 733              		.thumb
 734              		.thumb_func
 736              	HAL_GetUIDw1:
 737              	.LFB346:
 483:Drivers/STM32G4xx_HAL_Driver/Src/stm32g4xx_hal.c **** 
 484:Drivers/STM32G4xx_HAL_Driver/Src/stm32g4xx_hal.c **** /**
 485:Drivers/STM32G4xx_HAL_Driver/Src/stm32g4xx_hal.c ****   * @brief  Return the second word of the unique device identifier (UID based on 96 bits)
 486:Drivers/STM32G4xx_HAL_Driver/Src/stm32g4xx_hal.c ****   * @retval Device identifier
 487:Drivers/STM32G4xx_HAL_Driver/Src/stm32g4xx_hal.c ****   */
 488:Drivers/STM32G4xx_HAL_Driver/Src/stm32g4xx_hal.c **** uint32_t HAL_GetUIDw1(void)
 489:Drivers/STM32G4xx_HAL_Driver/Src/stm32g4xx_hal.c **** {
 738              		.loc 1 489 1 is_stmt 1 view -0
 739              		.cfi_startproc
 740              		@ args = 0, pretend = 0, frame = 0
 741              		@ frame_needed = 0, uses_anonymous_args = 0
 742              		@ link register save eliminated.
 490:Drivers/STM32G4xx_HAL_Driver/Src/stm32g4xx_hal.c ****   return (READ_REG(*((uint32_t *)(UID_BASE + 4U))));
 743              		.loc 1 490 3 view .LVU154
 744              		.loc 1 490 11 is_stmt 0 view .LVU155
 745 0000 014B     		ldr	r3, .L73
 491:Drivers/STM32G4xx_HAL_Driver/Src/stm32g4xx_hal.c **** }
 746              		.loc 1 491 1 view .LVU156
 747 0002 D3F89405 		ldr	r0, [r3, #1428]
 748 0006 7047     		bx	lr
 749              	.L74:
 750              		.align	2
 751              	.L73:
 752 0008 0070FF1F 		.word	536834048
 753              		.cfi_endproc
 754              	.LFE346:
 756              		.section	.text.HAL_GetUIDw2,"ax",%progbits
 757              		.align	1
 758              		.p2align 2,,3
 759              		.global	HAL_GetUIDw2
 760              		.syntax unified
 761              		.thumb
 762              		.thumb_func
 764              	HAL_GetUIDw2:
 765              	.LFB347:
 492:Drivers/STM32G4xx_HAL_Driver/Src/stm32g4xx_hal.c **** 
 493:Drivers/STM32G4xx_HAL_Driver/Src/stm32g4xx_hal.c **** /**
 494:Drivers/STM32G4xx_HAL_Driver/Src/stm32g4xx_hal.c ****   * @brief  Return the third word of the unique device identifier (UID based on 96 bits)
 495:Drivers/STM32G4xx_HAL_Driver/Src/stm32g4xx_hal.c ****   * @retval Device identifier
 496:Drivers/STM32G4xx_HAL_Driver/Src/stm32g4xx_hal.c ****   */
 497:Drivers/STM32G4xx_HAL_Driver/Src/stm32g4xx_hal.c **** uint32_t HAL_GetUIDw2(void)
 498:Drivers/STM32G4xx_HAL_Driver/Src/stm32g4xx_hal.c **** {
 766              		.loc 1 498 1 is_stmt 1 view -0
 767              		.cfi_startproc
 768              		@ args = 0, pretend = 0, frame = 0
 769              		@ frame_needed = 0, uses_anonymous_args = 0
ARM GAS  /tmp/ccy1S8Wo.s 			page 24


 770              		@ link register save eliminated.
 499:Drivers/STM32G4xx_HAL_Driver/Src/stm32g4xx_hal.c ****   return (READ_REG(*((uint32_t *)(UID_BASE + 8U))));
 771              		.loc 1 499 3 view .LVU158
 772              		.loc 1 499 11 is_stmt 0 view .LVU159
 773 0000 014B     		ldr	r3, .L76
 500:Drivers/STM32G4xx_HAL_Driver/Src/stm32g4xx_hal.c **** }
 774              		.loc 1 500 1 view .LVU160
 775 0002 D3F89805 		ldr	r0, [r3, #1432]
 776 0006 7047     		bx	lr
 777              	.L77:
 778              		.align	2
 779              	.L76:
 780 0008 0070FF1F 		.word	536834048
 781              		.cfi_endproc
 782              	.LFE347:
 784              		.section	.text.HAL_DBGMCU_EnableDBGSleepMode,"ax",%progbits
 785              		.align	1
 786              		.p2align 2,,3
 787              		.global	HAL_DBGMCU_EnableDBGSleepMode
 788              		.syntax unified
 789              		.thumb
 790              		.thumb_func
 792              	HAL_DBGMCU_EnableDBGSleepMode:
 793              	.LFB348:
 501:Drivers/STM32G4xx_HAL_Driver/Src/stm32g4xx_hal.c **** 
 502:Drivers/STM32G4xx_HAL_Driver/Src/stm32g4xx_hal.c **** /**
 503:Drivers/STM32G4xx_HAL_Driver/Src/stm32g4xx_hal.c ****   * @}
 504:Drivers/STM32G4xx_HAL_Driver/Src/stm32g4xx_hal.c ****   */
 505:Drivers/STM32G4xx_HAL_Driver/Src/stm32g4xx_hal.c **** 
 506:Drivers/STM32G4xx_HAL_Driver/Src/stm32g4xx_hal.c **** /** @defgroup HAL_Exported_Functions_Group3 HAL Debug functions
 507:Drivers/STM32G4xx_HAL_Driver/Src/stm32g4xx_hal.c ****   *  @brief    HAL Debug functions
 508:Drivers/STM32G4xx_HAL_Driver/Src/stm32g4xx_hal.c ****   *
 509:Drivers/STM32G4xx_HAL_Driver/Src/stm32g4xx_hal.c **** @verbatim
 510:Drivers/STM32G4xx_HAL_Driver/Src/stm32g4xx_hal.c ****  ===============================================================================
 511:Drivers/STM32G4xx_HAL_Driver/Src/stm32g4xx_hal.c ****                       ##### HAL Debug functions #####
 512:Drivers/STM32G4xx_HAL_Driver/Src/stm32g4xx_hal.c ****  ===============================================================================
 513:Drivers/STM32G4xx_HAL_Driver/Src/stm32g4xx_hal.c ****     [..]  This section provides functions allowing to:
 514:Drivers/STM32G4xx_HAL_Driver/Src/stm32g4xx_hal.c ****       (+) Enable/Disable Debug module during SLEEP mode
 515:Drivers/STM32G4xx_HAL_Driver/Src/stm32g4xx_hal.c ****       (+) Enable/Disable Debug module during STOP0/STOP1/STOP2 modes
 516:Drivers/STM32G4xx_HAL_Driver/Src/stm32g4xx_hal.c ****       (+) Enable/Disable Debug module during STANDBY mode
 517:Drivers/STM32G4xx_HAL_Driver/Src/stm32g4xx_hal.c **** 
 518:Drivers/STM32G4xx_HAL_Driver/Src/stm32g4xx_hal.c **** @endverbatim
 519:Drivers/STM32G4xx_HAL_Driver/Src/stm32g4xx_hal.c ****   * @{
 520:Drivers/STM32G4xx_HAL_Driver/Src/stm32g4xx_hal.c ****   */
 521:Drivers/STM32G4xx_HAL_Driver/Src/stm32g4xx_hal.c **** 
 522:Drivers/STM32G4xx_HAL_Driver/Src/stm32g4xx_hal.c **** /**
 523:Drivers/STM32G4xx_HAL_Driver/Src/stm32g4xx_hal.c ****   * @brief  Enable the Debug Module during SLEEP mode.
 524:Drivers/STM32G4xx_HAL_Driver/Src/stm32g4xx_hal.c ****   * @retval None
 525:Drivers/STM32G4xx_HAL_Driver/Src/stm32g4xx_hal.c ****   */
 526:Drivers/STM32G4xx_HAL_Driver/Src/stm32g4xx_hal.c **** void HAL_DBGMCU_EnableDBGSleepMode(void)
 527:Drivers/STM32G4xx_HAL_Driver/Src/stm32g4xx_hal.c **** {
 794              		.loc 1 527 1 is_stmt 1 view -0
 795              		.cfi_startproc
 796              		@ args = 0, pretend = 0, frame = 0
 797              		@ frame_needed = 0, uses_anonymous_args = 0
 798              		@ link register save eliminated.
 528:Drivers/STM32G4xx_HAL_Driver/Src/stm32g4xx_hal.c ****   SET_BIT(DBGMCU->CR, DBGMCU_CR_DBG_SLEEP);
ARM GAS  /tmp/ccy1S8Wo.s 			page 25


 799              		.loc 1 528 3 view .LVU162
 800 0000 024A     		ldr	r2, .L79
 801 0002 5368     		ldr	r3, [r2, #4]
 802 0004 43F00103 		orr	r3, r3, #1
 803 0008 5360     		str	r3, [r2, #4]
 529:Drivers/STM32G4xx_HAL_Driver/Src/stm32g4xx_hal.c **** }
 804              		.loc 1 529 1 is_stmt 0 view .LVU163
 805 000a 7047     		bx	lr
 806              	.L80:
 807              		.align	2
 808              	.L79:
 809 000c 002004E0 		.word	-536600576
 810              		.cfi_endproc
 811              	.LFE348:
 813              		.section	.text.HAL_DBGMCU_DisableDBGSleepMode,"ax",%progbits
 814              		.align	1
 815              		.p2align 2,,3
 816              		.global	HAL_DBGMCU_DisableDBGSleepMode
 817              		.syntax unified
 818              		.thumb
 819              		.thumb_func
 821              	HAL_DBGMCU_DisableDBGSleepMode:
 822              	.LFB349:
 530:Drivers/STM32G4xx_HAL_Driver/Src/stm32g4xx_hal.c **** 
 531:Drivers/STM32G4xx_HAL_Driver/Src/stm32g4xx_hal.c **** /**
 532:Drivers/STM32G4xx_HAL_Driver/Src/stm32g4xx_hal.c ****   * @brief  Disable the Debug Module during SLEEP mode.
 533:Drivers/STM32G4xx_HAL_Driver/Src/stm32g4xx_hal.c ****   * @retval None
 534:Drivers/STM32G4xx_HAL_Driver/Src/stm32g4xx_hal.c ****   */
 535:Drivers/STM32G4xx_HAL_Driver/Src/stm32g4xx_hal.c **** void HAL_DBGMCU_DisableDBGSleepMode(void)
 536:Drivers/STM32G4xx_HAL_Driver/Src/stm32g4xx_hal.c **** {
 823              		.loc 1 536 1 is_stmt 1 view -0
 824              		.cfi_startproc
 825              		@ args = 0, pretend = 0, frame = 0
 826              		@ frame_needed = 0, uses_anonymous_args = 0
 827              		@ link register save eliminated.
 537:Drivers/STM32G4xx_HAL_Driver/Src/stm32g4xx_hal.c ****   CLEAR_BIT(DBGMCU->CR, DBGMCU_CR_DBG_SLEEP);
 828              		.loc 1 537 3 view .LVU165
 829 0000 024A     		ldr	r2, .L82
 830 0002 5368     		ldr	r3, [r2, #4]
 831 0004 23F00103 		bic	r3, r3, #1
 832 0008 5360     		str	r3, [r2, #4]
 538:Drivers/STM32G4xx_HAL_Driver/Src/stm32g4xx_hal.c **** }
 833              		.loc 1 538 1 is_stmt 0 view .LVU166
 834 000a 7047     		bx	lr
 835              	.L83:
 836              		.align	2
 837              	.L82:
 838 000c 002004E0 		.word	-536600576
 839              		.cfi_endproc
 840              	.LFE349:
 842              		.section	.text.HAL_DBGMCU_EnableDBGStopMode,"ax",%progbits
 843              		.align	1
 844              		.p2align 2,,3
 845              		.global	HAL_DBGMCU_EnableDBGStopMode
 846              		.syntax unified
 847              		.thumb
 848              		.thumb_func
ARM GAS  /tmp/ccy1S8Wo.s 			page 26


 850              	HAL_DBGMCU_EnableDBGStopMode:
 851              	.LFB350:
 539:Drivers/STM32G4xx_HAL_Driver/Src/stm32g4xx_hal.c **** 
 540:Drivers/STM32G4xx_HAL_Driver/Src/stm32g4xx_hal.c **** /**
 541:Drivers/STM32G4xx_HAL_Driver/Src/stm32g4xx_hal.c ****   * @brief  Enable the Debug Module during STOP0/STOP1/STOP2 modes.
 542:Drivers/STM32G4xx_HAL_Driver/Src/stm32g4xx_hal.c ****   * @retval None
 543:Drivers/STM32G4xx_HAL_Driver/Src/stm32g4xx_hal.c ****   */
 544:Drivers/STM32G4xx_HAL_Driver/Src/stm32g4xx_hal.c **** void HAL_DBGMCU_EnableDBGStopMode(void)
 545:Drivers/STM32G4xx_HAL_Driver/Src/stm32g4xx_hal.c **** {
 852              		.loc 1 545 1 is_stmt 1 view -0
 853              		.cfi_startproc
 854              		@ args = 0, pretend = 0, frame = 0
 855              		@ frame_needed = 0, uses_anonymous_args = 0
 856              		@ link register save eliminated.
 546:Drivers/STM32G4xx_HAL_Driver/Src/stm32g4xx_hal.c ****   SET_BIT(DBGMCU->CR, DBGMCU_CR_DBG_STOP);
 857              		.loc 1 546 3 view .LVU168
 858 0000 024A     		ldr	r2, .L85
 859 0002 5368     		ldr	r3, [r2, #4]
 860 0004 43F00203 		orr	r3, r3, #2
 861 0008 5360     		str	r3, [r2, #4]
 547:Drivers/STM32G4xx_HAL_Driver/Src/stm32g4xx_hal.c **** }
 862              		.loc 1 547 1 is_stmt 0 view .LVU169
 863 000a 7047     		bx	lr
 864              	.L86:
 865              		.align	2
 866              	.L85:
 867 000c 002004E0 		.word	-536600576
 868              		.cfi_endproc
 869              	.LFE350:
 871              		.section	.text.HAL_DBGMCU_DisableDBGStopMode,"ax",%progbits
 872              		.align	1
 873              		.p2align 2,,3
 874              		.global	HAL_DBGMCU_DisableDBGStopMode
 875              		.syntax unified
 876              		.thumb
 877              		.thumb_func
 879              	HAL_DBGMCU_DisableDBGStopMode:
 880              	.LFB351:
 548:Drivers/STM32G4xx_HAL_Driver/Src/stm32g4xx_hal.c **** 
 549:Drivers/STM32G4xx_HAL_Driver/Src/stm32g4xx_hal.c **** /**
 550:Drivers/STM32G4xx_HAL_Driver/Src/stm32g4xx_hal.c ****   * @brief  Disable the Debug Module during STOP0/STOP1/STOP2 modes.
 551:Drivers/STM32G4xx_HAL_Driver/Src/stm32g4xx_hal.c ****   * @retval None
 552:Drivers/STM32G4xx_HAL_Driver/Src/stm32g4xx_hal.c ****   */
 553:Drivers/STM32G4xx_HAL_Driver/Src/stm32g4xx_hal.c **** void HAL_DBGMCU_DisableDBGStopMode(void)
 554:Drivers/STM32G4xx_HAL_Driver/Src/stm32g4xx_hal.c **** {
 881              		.loc 1 554 1 is_stmt 1 view -0
 882              		.cfi_startproc
 883              		@ args = 0, pretend = 0, frame = 0
 884              		@ frame_needed = 0, uses_anonymous_args = 0
 885              		@ link register save eliminated.
 555:Drivers/STM32G4xx_HAL_Driver/Src/stm32g4xx_hal.c ****   CLEAR_BIT(DBGMCU->CR, DBGMCU_CR_DBG_STOP);
 886              		.loc 1 555 3 view .LVU171
 887 0000 024A     		ldr	r2, .L88
 888 0002 5368     		ldr	r3, [r2, #4]
 889 0004 23F00203 		bic	r3, r3, #2
 890 0008 5360     		str	r3, [r2, #4]
 556:Drivers/STM32G4xx_HAL_Driver/Src/stm32g4xx_hal.c **** }
ARM GAS  /tmp/ccy1S8Wo.s 			page 27


 891              		.loc 1 556 1 is_stmt 0 view .LVU172
 892 000a 7047     		bx	lr
 893              	.L89:
 894              		.align	2
 895              	.L88:
 896 000c 002004E0 		.word	-536600576
 897              		.cfi_endproc
 898              	.LFE351:
 900              		.section	.text.HAL_DBGMCU_EnableDBGStandbyMode,"ax",%progbits
 901              		.align	1
 902              		.p2align 2,,3
 903              		.global	HAL_DBGMCU_EnableDBGStandbyMode
 904              		.syntax unified
 905              		.thumb
 906              		.thumb_func
 908              	HAL_DBGMCU_EnableDBGStandbyMode:
 909              	.LFB352:
 557:Drivers/STM32G4xx_HAL_Driver/Src/stm32g4xx_hal.c **** 
 558:Drivers/STM32G4xx_HAL_Driver/Src/stm32g4xx_hal.c **** /**
 559:Drivers/STM32G4xx_HAL_Driver/Src/stm32g4xx_hal.c ****   * @brief  Enable the Debug Module during STANDBY mode.
 560:Drivers/STM32G4xx_HAL_Driver/Src/stm32g4xx_hal.c ****   * @retval None
 561:Drivers/STM32G4xx_HAL_Driver/Src/stm32g4xx_hal.c ****   */
 562:Drivers/STM32G4xx_HAL_Driver/Src/stm32g4xx_hal.c **** void HAL_DBGMCU_EnableDBGStandbyMode(void)
 563:Drivers/STM32G4xx_HAL_Driver/Src/stm32g4xx_hal.c **** {
 910              		.loc 1 563 1 is_stmt 1 view -0
 911              		.cfi_startproc
 912              		@ args = 0, pretend = 0, frame = 0
 913              		@ frame_needed = 0, uses_anonymous_args = 0
 914              		@ link register save eliminated.
 564:Drivers/STM32G4xx_HAL_Driver/Src/stm32g4xx_hal.c ****   SET_BIT(DBGMCU->CR, DBGMCU_CR_DBG_STANDBY);
 915              		.loc 1 564 3 view .LVU174
 916 0000 024A     		ldr	r2, .L91
 917 0002 5368     		ldr	r3, [r2, #4]
 918 0004 43F00403 		orr	r3, r3, #4
 919 0008 5360     		str	r3, [r2, #4]
 565:Drivers/STM32G4xx_HAL_Driver/Src/stm32g4xx_hal.c **** }
 920              		.loc 1 565 1 is_stmt 0 view .LVU175
 921 000a 7047     		bx	lr
 922              	.L92:
 923              		.align	2
 924              	.L91:
 925 000c 002004E0 		.word	-536600576
 926              		.cfi_endproc
 927              	.LFE352:
 929              		.section	.text.HAL_DBGMCU_DisableDBGStandbyMode,"ax",%progbits
 930              		.align	1
 931              		.p2align 2,,3
 932              		.global	HAL_DBGMCU_DisableDBGStandbyMode
 933              		.syntax unified
 934              		.thumb
 935              		.thumb_func
 937              	HAL_DBGMCU_DisableDBGStandbyMode:
 938              	.LFB353:
 566:Drivers/STM32G4xx_HAL_Driver/Src/stm32g4xx_hal.c **** 
 567:Drivers/STM32G4xx_HAL_Driver/Src/stm32g4xx_hal.c **** /**
 568:Drivers/STM32G4xx_HAL_Driver/Src/stm32g4xx_hal.c ****   * @brief  Disable the Debug Module during STANDBY mode.
 569:Drivers/STM32G4xx_HAL_Driver/Src/stm32g4xx_hal.c ****   * @retval None
ARM GAS  /tmp/ccy1S8Wo.s 			page 28


 570:Drivers/STM32G4xx_HAL_Driver/Src/stm32g4xx_hal.c ****   */
 571:Drivers/STM32G4xx_HAL_Driver/Src/stm32g4xx_hal.c **** void HAL_DBGMCU_DisableDBGStandbyMode(void)
 572:Drivers/STM32G4xx_HAL_Driver/Src/stm32g4xx_hal.c **** {
 939              		.loc 1 572 1 is_stmt 1 view -0
 940              		.cfi_startproc
 941              		@ args = 0, pretend = 0, frame = 0
 942              		@ frame_needed = 0, uses_anonymous_args = 0
 943              		@ link register save eliminated.
 573:Drivers/STM32G4xx_HAL_Driver/Src/stm32g4xx_hal.c ****   CLEAR_BIT(DBGMCU->CR, DBGMCU_CR_DBG_STANDBY);
 944              		.loc 1 573 3 view .LVU177
 945 0000 024A     		ldr	r2, .L94
 946 0002 5368     		ldr	r3, [r2, #4]
 947 0004 23F00403 		bic	r3, r3, #4
 948 0008 5360     		str	r3, [r2, #4]
 574:Drivers/STM32G4xx_HAL_Driver/Src/stm32g4xx_hal.c **** }
 949              		.loc 1 574 1 is_stmt 0 view .LVU178
 950 000a 7047     		bx	lr
 951              	.L95:
 952              		.align	2
 953              	.L94:
 954 000c 002004E0 		.word	-536600576
 955              		.cfi_endproc
 956              	.LFE353:
 958              		.section	.text.HAL_SYSCFG_CCMSRAMErase,"ax",%progbits
 959              		.align	1
 960              		.p2align 2,,3
 961              		.global	HAL_SYSCFG_CCMSRAMErase
 962              		.syntax unified
 963              		.thumb
 964              		.thumb_func
 966              	HAL_SYSCFG_CCMSRAMErase:
 967              	.LFB354:
 575:Drivers/STM32G4xx_HAL_Driver/Src/stm32g4xx_hal.c **** 
 576:Drivers/STM32G4xx_HAL_Driver/Src/stm32g4xx_hal.c **** /**
 577:Drivers/STM32G4xx_HAL_Driver/Src/stm32g4xx_hal.c ****   * @}
 578:Drivers/STM32G4xx_HAL_Driver/Src/stm32g4xx_hal.c ****   */
 579:Drivers/STM32G4xx_HAL_Driver/Src/stm32g4xx_hal.c **** 
 580:Drivers/STM32G4xx_HAL_Driver/Src/stm32g4xx_hal.c **** /** @defgroup HAL_Exported_Functions_Group4 HAL SYSCFG configuration functions
 581:Drivers/STM32G4xx_HAL_Driver/Src/stm32g4xx_hal.c ****   *  @brief    HAL SYSCFG configuration functions
 582:Drivers/STM32G4xx_HAL_Driver/Src/stm32g4xx_hal.c ****   *
 583:Drivers/STM32G4xx_HAL_Driver/Src/stm32g4xx_hal.c **** @verbatim
 584:Drivers/STM32G4xx_HAL_Driver/Src/stm32g4xx_hal.c ****  ===============================================================================
 585:Drivers/STM32G4xx_HAL_Driver/Src/stm32g4xx_hal.c ****                       ##### HAL SYSCFG configuration functions #####
 586:Drivers/STM32G4xx_HAL_Driver/Src/stm32g4xx_hal.c ****  ===============================================================================
 587:Drivers/STM32G4xx_HAL_Driver/Src/stm32g4xx_hal.c ****     [..]  This section provides functions allowing to:
 588:Drivers/STM32G4xx_HAL_Driver/Src/stm32g4xx_hal.c ****       (+) Start a hardware CCMSRAM erase operation
 589:Drivers/STM32G4xx_HAL_Driver/Src/stm32g4xx_hal.c ****       (+) Enable/Disable the Internal FLASH Bank Swapping
 590:Drivers/STM32G4xx_HAL_Driver/Src/stm32g4xx_hal.c ****       (+) Configure the Voltage reference buffer
 591:Drivers/STM32G4xx_HAL_Driver/Src/stm32g4xx_hal.c ****       (+) Enable/Disable the Voltage reference buffer
 592:Drivers/STM32G4xx_HAL_Driver/Src/stm32g4xx_hal.c ****       (+) Enable/Disable the I/O analog switch voltage booster
 593:Drivers/STM32G4xx_HAL_Driver/Src/stm32g4xx_hal.c **** 
 594:Drivers/STM32G4xx_HAL_Driver/Src/stm32g4xx_hal.c **** @endverbatim
 595:Drivers/STM32G4xx_HAL_Driver/Src/stm32g4xx_hal.c ****   * @{
 596:Drivers/STM32G4xx_HAL_Driver/Src/stm32g4xx_hal.c ****   */
 597:Drivers/STM32G4xx_HAL_Driver/Src/stm32g4xx_hal.c **** /**
 598:Drivers/STM32G4xx_HAL_Driver/Src/stm32g4xx_hal.c ****   * @brief  Start a hardware CCMSRAM erase operation.
 599:Drivers/STM32G4xx_HAL_Driver/Src/stm32g4xx_hal.c ****   * @note   As long as CCMSRAM is not erased the CCMER bit will be set.
ARM GAS  /tmp/ccy1S8Wo.s 			page 29


 600:Drivers/STM32G4xx_HAL_Driver/Src/stm32g4xx_hal.c ****   *         This bit is automatically reset at the end of the CCMSRAM erase operation.
 601:Drivers/STM32G4xx_HAL_Driver/Src/stm32g4xx_hal.c ****   * @retval None
 602:Drivers/STM32G4xx_HAL_Driver/Src/stm32g4xx_hal.c ****   */
 603:Drivers/STM32G4xx_HAL_Driver/Src/stm32g4xx_hal.c **** void HAL_SYSCFG_CCMSRAMErase(void)
 604:Drivers/STM32G4xx_HAL_Driver/Src/stm32g4xx_hal.c **** {
 968              		.loc 1 604 1 is_stmt 1 view -0
 969              		.cfi_startproc
 970              		@ args = 0, pretend = 0, frame = 0
 971              		@ frame_needed = 0, uses_anonymous_args = 0
 972              		@ link register save eliminated.
 605:Drivers/STM32G4xx_HAL_Driver/Src/stm32g4xx_hal.c ****   /* unlock the write protection of the CCMER bit */
 606:Drivers/STM32G4xx_HAL_Driver/Src/stm32g4xx_hal.c ****   SYSCFG->SKR = 0xCA;
 973              		.loc 1 606 3 view .LVU180
 974              		.loc 1 606 15 is_stmt 0 view .LVU181
 975 0000 044B     		ldr	r3, .L97
 607:Drivers/STM32G4xx_HAL_Driver/Src/stm32g4xx_hal.c ****   SYSCFG->SKR = 0x53;
 976              		.loc 1 607 15 view .LVU182
 977 0002 5322     		movs	r2, #83
 606:Drivers/STM32G4xx_HAL_Driver/Src/stm32g4xx_hal.c ****   SYSCFG->SKR = 0x53;
 978              		.loc 1 606 15 view .LVU183
 979 0004 CA21     		movs	r1, #202
 980 0006 5962     		str	r1, [r3, #36]
 981              		.loc 1 607 3 is_stmt 1 view .LVU184
 982              		.loc 1 607 15 is_stmt 0 view .LVU185
 983 0008 5A62     		str	r2, [r3, #36]
 608:Drivers/STM32G4xx_HAL_Driver/Src/stm32g4xx_hal.c ****   /* Starts a hardware CCMSRAM erase operation*/
 609:Drivers/STM32G4xx_HAL_Driver/Src/stm32g4xx_hal.c ****   SET_BIT(SYSCFG->SCSR, SYSCFG_SCSR_CCMER);
 984              		.loc 1 609 3 is_stmt 1 view .LVU186
 985 000a 9A69     		ldr	r2, [r3, #24]
 986 000c 42F00102 		orr	r2, r2, #1
 987 0010 9A61     		str	r2, [r3, #24]
 610:Drivers/STM32G4xx_HAL_Driver/Src/stm32g4xx_hal.c **** }
 988              		.loc 1 610 1 is_stmt 0 view .LVU187
 989 0012 7047     		bx	lr
 990              	.L98:
 991              		.align	2
 992              	.L97:
 993 0014 00000140 		.word	1073807360
 994              		.cfi_endproc
 995              	.LFE354:
 997              		.section	.text.HAL_SYSCFG_EnableMemorySwappingBank,"ax",%progbits
 998              		.align	1
 999              		.p2align 2,,3
 1000              		.global	HAL_SYSCFG_EnableMemorySwappingBank
 1001              		.syntax unified
 1002              		.thumb
 1003              		.thumb_func
 1005              	HAL_SYSCFG_EnableMemorySwappingBank:
 1006              	.LFB355:
 611:Drivers/STM32G4xx_HAL_Driver/Src/stm32g4xx_hal.c **** 
 612:Drivers/STM32G4xx_HAL_Driver/Src/stm32g4xx_hal.c **** /**
 613:Drivers/STM32G4xx_HAL_Driver/Src/stm32g4xx_hal.c ****   * @brief  Enable the Internal FLASH Bank Swapping.
 614:Drivers/STM32G4xx_HAL_Driver/Src/stm32g4xx_hal.c ****   *
 615:Drivers/STM32G4xx_HAL_Driver/Src/stm32g4xx_hal.c ****   * @note   This function can be used only for STM32G4xx devices.
 616:Drivers/STM32G4xx_HAL_Driver/Src/stm32g4xx_hal.c ****   *
 617:Drivers/STM32G4xx_HAL_Driver/Src/stm32g4xx_hal.c ****   * @note   Flash Bank2 mapped at 0x08000000 (and aliased @0x00000000)
 618:Drivers/STM32G4xx_HAL_Driver/Src/stm32g4xx_hal.c ****   *         and Flash Bank1 mapped at 0x08040000 (and aliased at 0x00040000)
ARM GAS  /tmp/ccy1S8Wo.s 			page 30


 619:Drivers/STM32G4xx_HAL_Driver/Src/stm32g4xx_hal.c ****   *
 620:Drivers/STM32G4xx_HAL_Driver/Src/stm32g4xx_hal.c ****   * @retval None
 621:Drivers/STM32G4xx_HAL_Driver/Src/stm32g4xx_hal.c ****   */
 622:Drivers/STM32G4xx_HAL_Driver/Src/stm32g4xx_hal.c **** void HAL_SYSCFG_EnableMemorySwappingBank(void)
 623:Drivers/STM32G4xx_HAL_Driver/Src/stm32g4xx_hal.c **** {
 1007              		.loc 1 623 1 is_stmt 1 view -0
 1008              		.cfi_startproc
 1009              		@ args = 0, pretend = 0, frame = 0
 1010              		@ frame_needed = 0, uses_anonymous_args = 0
 1011              		@ link register save eliminated.
 624:Drivers/STM32G4xx_HAL_Driver/Src/stm32g4xx_hal.c ****   SET_BIT(SYSCFG->MEMRMP, SYSCFG_MEMRMP_FB_MODE);
 1012              		.loc 1 624 3 view .LVU189
 1013 0000 024A     		ldr	r2, .L100
 1014 0002 1368     		ldr	r3, [r2]
 1015 0004 43F48073 		orr	r3, r3, #256
 1016 0008 1360     		str	r3, [r2]
 625:Drivers/STM32G4xx_HAL_Driver/Src/stm32g4xx_hal.c **** }
 1017              		.loc 1 625 1 is_stmt 0 view .LVU190
 1018 000a 7047     		bx	lr
 1019              	.L101:
 1020              		.align	2
 1021              	.L100:
 1022 000c 00000140 		.word	1073807360
 1023              		.cfi_endproc
 1024              	.LFE355:
 1026              		.section	.text.HAL_SYSCFG_DisableMemorySwappingBank,"ax",%progbits
 1027              		.align	1
 1028              		.p2align 2,,3
 1029              		.global	HAL_SYSCFG_DisableMemorySwappingBank
 1030              		.syntax unified
 1031              		.thumb
 1032              		.thumb_func
 1034              	HAL_SYSCFG_DisableMemorySwappingBank:
 1035              	.LFB356:
 626:Drivers/STM32G4xx_HAL_Driver/Src/stm32g4xx_hal.c **** 
 627:Drivers/STM32G4xx_HAL_Driver/Src/stm32g4xx_hal.c **** /**
 628:Drivers/STM32G4xx_HAL_Driver/Src/stm32g4xx_hal.c ****   * @brief  Disable the Internal FLASH Bank Swapping.
 629:Drivers/STM32G4xx_HAL_Driver/Src/stm32g4xx_hal.c ****   *
 630:Drivers/STM32G4xx_HAL_Driver/Src/stm32g4xx_hal.c ****   * @note   This function can be used only for STM32G4xx devices.
 631:Drivers/STM32G4xx_HAL_Driver/Src/stm32g4xx_hal.c ****   *
 632:Drivers/STM32G4xx_HAL_Driver/Src/stm32g4xx_hal.c ****   * @note   The default state : Flash Bank1 mapped at 0x08000000 (and aliased @0x0000 0000)
 633:Drivers/STM32G4xx_HAL_Driver/Src/stm32g4xx_hal.c ****   *         and Flash Bank2 mapped at 0x08040000 (and aliased at 0x00040000)
 634:Drivers/STM32G4xx_HAL_Driver/Src/stm32g4xx_hal.c ****   *
 635:Drivers/STM32G4xx_HAL_Driver/Src/stm32g4xx_hal.c ****   * @retval None
 636:Drivers/STM32G4xx_HAL_Driver/Src/stm32g4xx_hal.c ****   */
 637:Drivers/STM32G4xx_HAL_Driver/Src/stm32g4xx_hal.c **** void HAL_SYSCFG_DisableMemorySwappingBank(void)
 638:Drivers/STM32G4xx_HAL_Driver/Src/stm32g4xx_hal.c **** {
 1036              		.loc 1 638 1 is_stmt 1 view -0
 1037              		.cfi_startproc
 1038              		@ args = 0, pretend = 0, frame = 0
 1039              		@ frame_needed = 0, uses_anonymous_args = 0
 1040              		@ link register save eliminated.
 639:Drivers/STM32G4xx_HAL_Driver/Src/stm32g4xx_hal.c ****   CLEAR_BIT(SYSCFG->MEMRMP, SYSCFG_MEMRMP_FB_MODE);
 1041              		.loc 1 639 3 view .LVU192
 1042 0000 024A     		ldr	r2, .L103
 1043 0002 1368     		ldr	r3, [r2]
 1044 0004 23F48073 		bic	r3, r3, #256
ARM GAS  /tmp/ccy1S8Wo.s 			page 31


 1045 0008 1360     		str	r3, [r2]
 640:Drivers/STM32G4xx_HAL_Driver/Src/stm32g4xx_hal.c **** }
 1046              		.loc 1 640 1 is_stmt 0 view .LVU193
 1047 000a 7047     		bx	lr
 1048              	.L104:
 1049              		.align	2
 1050              	.L103:
 1051 000c 00000140 		.word	1073807360
 1052              		.cfi_endproc
 1053              	.LFE356:
 1055              		.section	.text.HAL_SYSCFG_VREFBUF_VoltageScalingConfig,"ax",%progbits
 1056              		.align	1
 1057              		.p2align 2,,3
 1058              		.global	HAL_SYSCFG_VREFBUF_VoltageScalingConfig
 1059              		.syntax unified
 1060              		.thumb
 1061              		.thumb_func
 1063              	HAL_SYSCFG_VREFBUF_VoltageScalingConfig:
 1064              	.LVL31:
 1065              	.LFB357:
 641:Drivers/STM32G4xx_HAL_Driver/Src/stm32g4xx_hal.c **** 
 642:Drivers/STM32G4xx_HAL_Driver/Src/stm32g4xx_hal.c **** #if defined(VREFBUF)
 643:Drivers/STM32G4xx_HAL_Driver/Src/stm32g4xx_hal.c **** /**
 644:Drivers/STM32G4xx_HAL_Driver/Src/stm32g4xx_hal.c ****   * @brief Configure the internal voltage reference buffer voltage scale.
 645:Drivers/STM32G4xx_HAL_Driver/Src/stm32g4xx_hal.c ****   * @param  VoltageScaling: specifies the output voltage to achieve
 646:Drivers/STM32G4xx_HAL_Driver/Src/stm32g4xx_hal.c ****   *          This parameter can be one of the following values:
 647:Drivers/STM32G4xx_HAL_Driver/Src/stm32g4xx_hal.c ****   *            @arg SYSCFG_VREFBUF_VOLTAGE_SCALE0: VREFBUF_OUT around 2.048 V.
 648:Drivers/STM32G4xx_HAL_Driver/Src/stm32g4xx_hal.c ****   *                                                This requires VDDA equal to or higher than 2.4 V
 649:Drivers/STM32G4xx_HAL_Driver/Src/stm32g4xx_hal.c ****   *            @arg SYSCFG_VREFBUF_VOLTAGE_SCALE1: VREFBUF_OUT around 2.5 V.
 650:Drivers/STM32G4xx_HAL_Driver/Src/stm32g4xx_hal.c ****   *                                                This requires VDDA equal to or higher than 2.8 V
 651:Drivers/STM32G4xx_HAL_Driver/Src/stm32g4xx_hal.c ****   *            @arg SYSCFG_VREFBUF_VOLTAGE_SCALE2: VREFBUF_OUT around 2.9 V.
 652:Drivers/STM32G4xx_HAL_Driver/Src/stm32g4xx_hal.c ****   *                                                This requires VDDA equal to or higher than 3.15 
 653:Drivers/STM32G4xx_HAL_Driver/Src/stm32g4xx_hal.c ****   * @retval None
 654:Drivers/STM32G4xx_HAL_Driver/Src/stm32g4xx_hal.c ****   */
 655:Drivers/STM32G4xx_HAL_Driver/Src/stm32g4xx_hal.c **** void HAL_SYSCFG_VREFBUF_VoltageScalingConfig(uint32_t VoltageScaling)
 656:Drivers/STM32G4xx_HAL_Driver/Src/stm32g4xx_hal.c **** {
 1066              		.loc 1 656 1 is_stmt 1 view -0
 1067              		.cfi_startproc
 1068              		@ args = 0, pretend = 0, frame = 0
 1069              		@ frame_needed = 0, uses_anonymous_args = 0
 1070              		@ link register save eliminated.
 657:Drivers/STM32G4xx_HAL_Driver/Src/stm32g4xx_hal.c ****   /* Check the parameters */
 658:Drivers/STM32G4xx_HAL_Driver/Src/stm32g4xx_hal.c ****   assert_param(IS_SYSCFG_VREFBUF_VOLTAGE_SCALE(VoltageScaling));
 1071              		.loc 1 658 3 view .LVU195
 659:Drivers/STM32G4xx_HAL_Driver/Src/stm32g4xx_hal.c **** 
 660:Drivers/STM32G4xx_HAL_Driver/Src/stm32g4xx_hal.c ****   MODIFY_REG(VREFBUF->CSR, VREFBUF_CSR_VRS, VoltageScaling);
 1072              		.loc 1 660 3 view .LVU196
 1073 0000 034A     		ldr	r2, .L106
 1074 0002 136B     		ldr	r3, [r2, #48]
 1075 0004 23F03003 		bic	r3, r3, #48
 1076 0008 0343     		orrs	r3, r3, r0
 1077 000a 1363     		str	r3, [r2, #48]
 661:Drivers/STM32G4xx_HAL_Driver/Src/stm32g4xx_hal.c **** }
 1078              		.loc 1 661 1 is_stmt 0 view .LVU197
 1079 000c 7047     		bx	lr
 1080              	.L107:
 1081 000e 00BF     		.align	2
ARM GAS  /tmp/ccy1S8Wo.s 			page 32


 1082              	.L106:
 1083 0010 00000140 		.word	1073807360
 1084              		.cfi_endproc
 1085              	.LFE357:
 1087              		.section	.text.HAL_SYSCFG_VREFBUF_HighImpedanceConfig,"ax",%progbits
 1088              		.align	1
 1089              		.p2align 2,,3
 1090              		.global	HAL_SYSCFG_VREFBUF_HighImpedanceConfig
 1091              		.syntax unified
 1092              		.thumb
 1093              		.thumb_func
 1095              	HAL_SYSCFG_VREFBUF_HighImpedanceConfig:
 1096              	.LVL32:
 1097              	.LFB358:
 662:Drivers/STM32G4xx_HAL_Driver/Src/stm32g4xx_hal.c **** 
 663:Drivers/STM32G4xx_HAL_Driver/Src/stm32g4xx_hal.c **** /**
 664:Drivers/STM32G4xx_HAL_Driver/Src/stm32g4xx_hal.c ****   * @brief Configure the internal voltage reference buffer high impedance mode.
 665:Drivers/STM32G4xx_HAL_Driver/Src/stm32g4xx_hal.c ****   * @param  Mode: specifies the high impedance mode
 666:Drivers/STM32G4xx_HAL_Driver/Src/stm32g4xx_hal.c ****   *          This parameter can be one of the following values:
 667:Drivers/STM32G4xx_HAL_Driver/Src/stm32g4xx_hal.c ****   *            @arg SYSCFG_VREFBUF_HIGH_IMPEDANCE_DISABLE: VREF+ pin is internally connect to VREFI
 668:Drivers/STM32G4xx_HAL_Driver/Src/stm32g4xx_hal.c ****   *            @arg SYSCFG_VREFBUF_HIGH_IMPEDANCE_ENABLE: VREF+ pin is high impedance.
 669:Drivers/STM32G4xx_HAL_Driver/Src/stm32g4xx_hal.c ****   * @retval None
 670:Drivers/STM32G4xx_HAL_Driver/Src/stm32g4xx_hal.c ****   */
 671:Drivers/STM32G4xx_HAL_Driver/Src/stm32g4xx_hal.c **** void HAL_SYSCFG_VREFBUF_HighImpedanceConfig(uint32_t Mode)
 672:Drivers/STM32G4xx_HAL_Driver/Src/stm32g4xx_hal.c **** {
 1098              		.loc 1 672 1 is_stmt 1 view -0
 1099              		.cfi_startproc
 1100              		@ args = 0, pretend = 0, frame = 0
 1101              		@ frame_needed = 0, uses_anonymous_args = 0
 1102              		@ link register save eliminated.
 673:Drivers/STM32G4xx_HAL_Driver/Src/stm32g4xx_hal.c ****   /* Check the parameters */
 674:Drivers/STM32G4xx_HAL_Driver/Src/stm32g4xx_hal.c ****   assert_param(IS_SYSCFG_VREFBUF_HIGH_IMPEDANCE(Mode));
 1103              		.loc 1 674 3 view .LVU199
 675:Drivers/STM32G4xx_HAL_Driver/Src/stm32g4xx_hal.c **** 
 676:Drivers/STM32G4xx_HAL_Driver/Src/stm32g4xx_hal.c ****   MODIFY_REG(VREFBUF->CSR, VREFBUF_CSR_HIZ, Mode);
 1104              		.loc 1 676 3 view .LVU200
 1105 0000 034A     		ldr	r2, .L109
 1106 0002 136B     		ldr	r3, [r2, #48]
 1107 0004 23F00203 		bic	r3, r3, #2
 1108 0008 0343     		orrs	r3, r3, r0
 1109 000a 1363     		str	r3, [r2, #48]
 677:Drivers/STM32G4xx_HAL_Driver/Src/stm32g4xx_hal.c **** }
 1110              		.loc 1 677 1 is_stmt 0 view .LVU201
 1111 000c 7047     		bx	lr
 1112              	.L110:
 1113 000e 00BF     		.align	2
 1114              	.L109:
 1115 0010 00000140 		.word	1073807360
 1116              		.cfi_endproc
 1117              	.LFE358:
 1119              		.section	.text.HAL_SYSCFG_VREFBUF_TrimmingConfig,"ax",%progbits
 1120              		.align	1
 1121              		.p2align 2,,3
 1122              		.global	HAL_SYSCFG_VREFBUF_TrimmingConfig
 1123              		.syntax unified
 1124              		.thumb
 1125              		.thumb_func
ARM GAS  /tmp/ccy1S8Wo.s 			page 33


 1127              	HAL_SYSCFG_VREFBUF_TrimmingConfig:
 1128              	.LVL33:
 1129              	.LFB359:
 678:Drivers/STM32G4xx_HAL_Driver/Src/stm32g4xx_hal.c **** 
 679:Drivers/STM32G4xx_HAL_Driver/Src/stm32g4xx_hal.c **** /**
 680:Drivers/STM32G4xx_HAL_Driver/Src/stm32g4xx_hal.c ****   * @brief Tune the Internal Voltage Reference buffer (VREFBUF).
 681:Drivers/STM32G4xx_HAL_Driver/Src/stm32g4xx_hal.c ****   * @param TrimmingValue specifies trimming code for VREFBUF calibration
 682:Drivers/STM32G4xx_HAL_Driver/Src/stm32g4xx_hal.c ****   *        This parameter can be a number between Min_Data = 0x00 and Max_Data = 0x3F
 683:Drivers/STM32G4xx_HAL_Driver/Src/stm32g4xx_hal.c ****   * @retval None
 684:Drivers/STM32G4xx_HAL_Driver/Src/stm32g4xx_hal.c ****   */
 685:Drivers/STM32G4xx_HAL_Driver/Src/stm32g4xx_hal.c **** void HAL_SYSCFG_VREFBUF_TrimmingConfig(uint32_t TrimmingValue)
 686:Drivers/STM32G4xx_HAL_Driver/Src/stm32g4xx_hal.c **** {
 1130              		.loc 1 686 1 is_stmt 1 view -0
 1131              		.cfi_startproc
 1132              		@ args = 0, pretend = 0, frame = 0
 1133              		@ frame_needed = 0, uses_anonymous_args = 0
 1134              		@ link register save eliminated.
 687:Drivers/STM32G4xx_HAL_Driver/Src/stm32g4xx_hal.c ****   /* Check the parameters */
 688:Drivers/STM32G4xx_HAL_Driver/Src/stm32g4xx_hal.c ****   assert_param(IS_SYSCFG_VREFBUF_TRIMMING(TrimmingValue));
 1135              		.loc 1 688 3 view .LVU203
 689:Drivers/STM32G4xx_HAL_Driver/Src/stm32g4xx_hal.c **** 
 690:Drivers/STM32G4xx_HAL_Driver/Src/stm32g4xx_hal.c ****   MODIFY_REG(VREFBUF->CCR, VREFBUF_CCR_TRIM, TrimmingValue);
 1136              		.loc 1 690 3 view .LVU204
 1137 0000 034A     		ldr	r2, .L112
 1138 0002 536B     		ldr	r3, [r2, #52]
 1139 0004 23F03F03 		bic	r3, r3, #63
 1140 0008 0343     		orrs	r3, r3, r0
 1141 000a 5363     		str	r3, [r2, #52]
 691:Drivers/STM32G4xx_HAL_Driver/Src/stm32g4xx_hal.c **** }
 1142              		.loc 1 691 1 is_stmt 0 view .LVU205
 1143 000c 7047     		bx	lr
 1144              	.L113:
 1145 000e 00BF     		.align	2
 1146              	.L112:
 1147 0010 00000140 		.word	1073807360
 1148              		.cfi_endproc
 1149              	.LFE359:
 1151              		.section	.text.HAL_SYSCFG_EnableVREFBUF,"ax",%progbits
 1152              		.align	1
 1153              		.p2align 2,,3
 1154              		.global	HAL_SYSCFG_EnableVREFBUF
 1155              		.syntax unified
 1156              		.thumb
 1157              		.thumb_func
 1159              	HAL_SYSCFG_EnableVREFBUF:
 1160              	.LFB360:
 692:Drivers/STM32G4xx_HAL_Driver/Src/stm32g4xx_hal.c **** 
 693:Drivers/STM32G4xx_HAL_Driver/Src/stm32g4xx_hal.c **** /**
 694:Drivers/STM32G4xx_HAL_Driver/Src/stm32g4xx_hal.c ****   * @brief  Enable the Internal Voltage Reference buffer (VREFBUF).
 695:Drivers/STM32G4xx_HAL_Driver/Src/stm32g4xx_hal.c ****   * @retval HAL_OK/HAL_TIMEOUT
 696:Drivers/STM32G4xx_HAL_Driver/Src/stm32g4xx_hal.c ****   */
 697:Drivers/STM32G4xx_HAL_Driver/Src/stm32g4xx_hal.c **** HAL_StatusTypeDef HAL_SYSCFG_EnableVREFBUF(void)
 698:Drivers/STM32G4xx_HAL_Driver/Src/stm32g4xx_hal.c **** {
 1161              		.loc 1 698 1 is_stmt 1 view -0
 1162              		.cfi_startproc
 1163              		@ args = 0, pretend = 0, frame = 0
 1164              		@ frame_needed = 0, uses_anonymous_args = 0
ARM GAS  /tmp/ccy1S8Wo.s 			page 34


 699:Drivers/STM32G4xx_HAL_Driver/Src/stm32g4xx_hal.c ****   uint32_t tickstart;
 1165              		.loc 1 699 3 view .LVU207
 700:Drivers/STM32G4xx_HAL_Driver/Src/stm32g4xx_hal.c **** 
 701:Drivers/STM32G4xx_HAL_Driver/Src/stm32g4xx_hal.c ****   SET_BIT(VREFBUF->CSR, VREFBUF_CSR_ENVR);
 1166              		.loc 1 701 3 view .LVU208
 698:Drivers/STM32G4xx_HAL_Driver/Src/stm32g4xx_hal.c ****   uint32_t tickstart;
 1167              		.loc 1 698 1 is_stmt 0 view .LVU209
 1168 0000 38B5     		push	{r3, r4, r5, lr}
 1169              	.LCFI13:
 1170              		.cfi_def_cfa_offset 16
 1171              		.cfi_offset 3, -16
 1172              		.cfi_offset 4, -12
 1173              		.cfi_offset 5, -8
 1174              		.cfi_offset 14, -4
 1175              		.loc 1 701 3 view .LVU210
 1176 0002 0A4C     		ldr	r4, .L120
 1177 0004 236B     		ldr	r3, [r4, #48]
 1178 0006 43F00103 		orr	r3, r3, #1
 1179 000a 2363     		str	r3, [r4, #48]
 702:Drivers/STM32G4xx_HAL_Driver/Src/stm32g4xx_hal.c **** 
 703:Drivers/STM32G4xx_HAL_Driver/Src/stm32g4xx_hal.c ****   /* Get Start Tick*/
 704:Drivers/STM32G4xx_HAL_Driver/Src/stm32g4xx_hal.c ****   tickstart = HAL_GetTick();
 1180              		.loc 1 704 3 is_stmt 1 view .LVU211
 1181              		.loc 1 704 15 is_stmt 0 view .LVU212
 1182 000c FFF7FEFF 		bl	HAL_GetTick
 1183              	.LVL34:
 1184 0010 0546     		mov	r5, r0
 1185              	.LVL35:
 705:Drivers/STM32G4xx_HAL_Driver/Src/stm32g4xx_hal.c **** 
 706:Drivers/STM32G4xx_HAL_Driver/Src/stm32g4xx_hal.c ****   /* Wait for VRR bit  */
 707:Drivers/STM32G4xx_HAL_Driver/Src/stm32g4xx_hal.c ****   while (READ_BIT(VREFBUF->CSR, VREFBUF_CSR_VRR) == 0x00U)
 1186              		.loc 1 707 3 is_stmt 1 view .LVU213
 1187              		.loc 1 707 9 is_stmt 0 view .LVU214
 1188 0012 04E0     		b	.L115
 1189              	.LVL36:
 1190              	.L117:
 708:Drivers/STM32G4xx_HAL_Driver/Src/stm32g4xx_hal.c ****   {
 709:Drivers/STM32G4xx_HAL_Driver/Src/stm32g4xx_hal.c ****     if ((HAL_GetTick() - tickstart) > VREFBUF_TIMEOUT_VALUE)
 1191              		.loc 1 709 10 view .LVU215
 1192 0014 FFF7FEFF 		bl	HAL_GetTick
 1193              	.LVL37:
 1194              		.loc 1 709 24 discriminator 1 view .LVU216
 1195 0018 401B     		subs	r0, r0, r5
 1196              		.loc 1 709 8 discriminator 1 view .LVU217
 1197 001a 0A28     		cmp	r0, #10
 1198 001c 04D8     		bhi	.L118
 1199              	.L115:
 1200              		.loc 1 709 5 is_stmt 1 view .LVU218
 707:Drivers/STM32G4xx_HAL_Driver/Src/stm32g4xx_hal.c ****   {
 1201              		.loc 1 707 50 discriminator 1 view .LVU219
 707:Drivers/STM32G4xx_HAL_Driver/Src/stm32g4xx_hal.c ****   {
 1202              		.loc 1 707 10 is_stmt 0 discriminator 1 view .LVU220
 1203 001e 236B     		ldr	r3, [r4, #48]
 707:Drivers/STM32G4xx_HAL_Driver/Src/stm32g4xx_hal.c ****   {
 1204              		.loc 1 707 50 discriminator 1 view .LVU221
 1205 0020 1B07     		lsls	r3, r3, #28
 1206 0022 F7D5     		bpl	.L117
ARM GAS  /tmp/ccy1S8Wo.s 			page 35


 710:Drivers/STM32G4xx_HAL_Driver/Src/stm32g4xx_hal.c ****     {
 711:Drivers/STM32G4xx_HAL_Driver/Src/stm32g4xx_hal.c ****       return HAL_TIMEOUT;
 712:Drivers/STM32G4xx_HAL_Driver/Src/stm32g4xx_hal.c ****     }
 713:Drivers/STM32G4xx_HAL_Driver/Src/stm32g4xx_hal.c ****   }
 714:Drivers/STM32G4xx_HAL_Driver/Src/stm32g4xx_hal.c **** 
 715:Drivers/STM32G4xx_HAL_Driver/Src/stm32g4xx_hal.c ****   return HAL_OK;
 1207              		.loc 1 715 10 view .LVU222
 1208 0024 0020     		movs	r0, #0
 716:Drivers/STM32G4xx_HAL_Driver/Src/stm32g4xx_hal.c **** }
 1209              		.loc 1 716 1 view .LVU223
 1210 0026 38BD     		pop	{r3, r4, r5, pc}
 1211              	.LVL38:
 1212              	.L118:
 711:Drivers/STM32G4xx_HAL_Driver/Src/stm32g4xx_hal.c ****     }
 1213              		.loc 1 711 14 view .LVU224
 1214 0028 0320     		movs	r0, #3
 1215              		.loc 1 716 1 view .LVU225
 1216 002a 38BD     		pop	{r3, r4, r5, pc}
 1217              	.LVL39:
 1218              	.L121:
 1219              		.loc 1 716 1 view .LVU226
 1220              		.align	2
 1221              	.L120:
 1222 002c 00000140 		.word	1073807360
 1223              		.cfi_endproc
 1224              	.LFE360:
 1226              		.section	.text.HAL_SYSCFG_DisableVREFBUF,"ax",%progbits
 1227              		.align	1
 1228              		.p2align 2,,3
 1229              		.global	HAL_SYSCFG_DisableVREFBUF
 1230              		.syntax unified
 1231              		.thumb
 1232              		.thumb_func
 1234              	HAL_SYSCFG_DisableVREFBUF:
 1235              	.LFB361:
 717:Drivers/STM32G4xx_HAL_Driver/Src/stm32g4xx_hal.c **** 
 718:Drivers/STM32G4xx_HAL_Driver/Src/stm32g4xx_hal.c **** /**
 719:Drivers/STM32G4xx_HAL_Driver/Src/stm32g4xx_hal.c ****   * @brief  Disable the Internal Voltage Reference buffer (VREFBUF).
 720:Drivers/STM32G4xx_HAL_Driver/Src/stm32g4xx_hal.c ****   *
 721:Drivers/STM32G4xx_HAL_Driver/Src/stm32g4xx_hal.c ****   * @retval None
 722:Drivers/STM32G4xx_HAL_Driver/Src/stm32g4xx_hal.c ****   */
 723:Drivers/STM32G4xx_HAL_Driver/Src/stm32g4xx_hal.c **** void HAL_SYSCFG_DisableVREFBUF(void)
 724:Drivers/STM32G4xx_HAL_Driver/Src/stm32g4xx_hal.c **** {
 1236              		.loc 1 724 1 is_stmt 1 view -0
 1237              		.cfi_startproc
 1238              		@ args = 0, pretend = 0, frame = 0
 1239              		@ frame_needed = 0, uses_anonymous_args = 0
 1240              		@ link register save eliminated.
 725:Drivers/STM32G4xx_HAL_Driver/Src/stm32g4xx_hal.c ****   CLEAR_BIT(VREFBUF->CSR, VREFBUF_CSR_ENVR);
 1241              		.loc 1 725 3 view .LVU228
 1242 0000 024A     		ldr	r2, .L123
 1243 0002 136B     		ldr	r3, [r2, #48]
 1244 0004 23F00103 		bic	r3, r3, #1
 1245 0008 1363     		str	r3, [r2, #48]
 726:Drivers/STM32G4xx_HAL_Driver/Src/stm32g4xx_hal.c **** }
 1246              		.loc 1 726 1 is_stmt 0 view .LVU229
 1247 000a 7047     		bx	lr
ARM GAS  /tmp/ccy1S8Wo.s 			page 36


 1248              	.L124:
 1249              		.align	2
 1250              	.L123:
 1251 000c 00000140 		.word	1073807360
 1252              		.cfi_endproc
 1253              	.LFE361:
 1255              		.section	.text.HAL_SYSCFG_EnableIOSwitchBooster,"ax",%progbits
 1256              		.align	1
 1257              		.p2align 2,,3
 1258              		.global	HAL_SYSCFG_EnableIOSwitchBooster
 1259              		.syntax unified
 1260              		.thumb
 1261              		.thumb_func
 1263              	HAL_SYSCFG_EnableIOSwitchBooster:
 1264              	.LFB362:
 727:Drivers/STM32G4xx_HAL_Driver/Src/stm32g4xx_hal.c **** #endif /* VREFBUF */
 728:Drivers/STM32G4xx_HAL_Driver/Src/stm32g4xx_hal.c **** 
 729:Drivers/STM32G4xx_HAL_Driver/Src/stm32g4xx_hal.c **** /**
 730:Drivers/STM32G4xx_HAL_Driver/Src/stm32g4xx_hal.c ****   * @brief  Enable the I/O analog switch voltage booster
 731:Drivers/STM32G4xx_HAL_Driver/Src/stm32g4xx_hal.c ****   *
 732:Drivers/STM32G4xx_HAL_Driver/Src/stm32g4xx_hal.c ****   * @retval None
 733:Drivers/STM32G4xx_HAL_Driver/Src/stm32g4xx_hal.c ****   */
 734:Drivers/STM32G4xx_HAL_Driver/Src/stm32g4xx_hal.c **** void HAL_SYSCFG_EnableIOSwitchBooster(void)
 735:Drivers/STM32G4xx_HAL_Driver/Src/stm32g4xx_hal.c **** {
 1265              		.loc 1 735 1 is_stmt 1 view -0
 1266              		.cfi_startproc
 1267              		@ args = 0, pretend = 0, frame = 0
 1268              		@ frame_needed = 0, uses_anonymous_args = 0
 1269              		@ link register save eliminated.
 736:Drivers/STM32G4xx_HAL_Driver/Src/stm32g4xx_hal.c ****   SET_BIT(SYSCFG->CFGR1, SYSCFG_CFGR1_BOOSTEN);
 1270              		.loc 1 736 3 view .LVU231
 1271 0000 024A     		ldr	r2, .L126
 1272 0002 5368     		ldr	r3, [r2, #4]
 1273 0004 43F48073 		orr	r3, r3, #256
 1274 0008 5360     		str	r3, [r2, #4]
 737:Drivers/STM32G4xx_HAL_Driver/Src/stm32g4xx_hal.c **** }
 1275              		.loc 1 737 1 is_stmt 0 view .LVU232
 1276 000a 7047     		bx	lr
 1277              	.L127:
 1278              		.align	2
 1279              	.L126:
 1280 000c 00000140 		.word	1073807360
 1281              		.cfi_endproc
 1282              	.LFE362:
 1284              		.section	.text.HAL_SYSCFG_DisableIOSwitchBooster,"ax",%progbits
 1285              		.align	1
 1286              		.p2align 2,,3
 1287              		.global	HAL_SYSCFG_DisableIOSwitchBooster
 1288              		.syntax unified
 1289              		.thumb
 1290              		.thumb_func
 1292              	HAL_SYSCFG_DisableIOSwitchBooster:
 1293              	.LFB363:
 738:Drivers/STM32G4xx_HAL_Driver/Src/stm32g4xx_hal.c **** 
 739:Drivers/STM32G4xx_HAL_Driver/Src/stm32g4xx_hal.c **** /**
 740:Drivers/STM32G4xx_HAL_Driver/Src/stm32g4xx_hal.c ****   * @brief  Disable the I/O analog switch voltage booster
 741:Drivers/STM32G4xx_HAL_Driver/Src/stm32g4xx_hal.c ****   *
ARM GAS  /tmp/ccy1S8Wo.s 			page 37


 742:Drivers/STM32G4xx_HAL_Driver/Src/stm32g4xx_hal.c ****   * @retval None
 743:Drivers/STM32G4xx_HAL_Driver/Src/stm32g4xx_hal.c ****   */
 744:Drivers/STM32G4xx_HAL_Driver/Src/stm32g4xx_hal.c **** void HAL_SYSCFG_DisableIOSwitchBooster(void)
 745:Drivers/STM32G4xx_HAL_Driver/Src/stm32g4xx_hal.c **** {
 1294              		.loc 1 745 1 is_stmt 1 view -0
 1295              		.cfi_startproc
 1296              		@ args = 0, pretend = 0, frame = 0
 1297              		@ frame_needed = 0, uses_anonymous_args = 0
 1298              		@ link register save eliminated.
 746:Drivers/STM32G4xx_HAL_Driver/Src/stm32g4xx_hal.c ****   CLEAR_BIT(SYSCFG->CFGR1, SYSCFG_CFGR1_BOOSTEN);
 1299              		.loc 1 746 3 view .LVU234
 1300 0000 024A     		ldr	r2, .L129
 1301 0002 5368     		ldr	r3, [r2, #4]
 1302 0004 23F48073 		bic	r3, r3, #256
 1303 0008 5360     		str	r3, [r2, #4]
 747:Drivers/STM32G4xx_HAL_Driver/Src/stm32g4xx_hal.c **** }
 1304              		.loc 1 747 1 is_stmt 0 view .LVU235
 1305 000a 7047     		bx	lr
 1306              	.L130:
 1307              		.align	2
 1308              	.L129:
 1309 000c 00000140 		.word	1073807360
 1310              		.cfi_endproc
 1311              	.LFE363:
 1313              		.section	.text.HAL_SYSCFG_EnableIOSwitchVDD,"ax",%progbits
 1314              		.align	1
 1315              		.p2align 2,,3
 1316              		.global	HAL_SYSCFG_EnableIOSwitchVDD
 1317              		.syntax unified
 1318              		.thumb
 1319              		.thumb_func
 1321              	HAL_SYSCFG_EnableIOSwitchVDD:
 1322              	.LFB364:
 748:Drivers/STM32G4xx_HAL_Driver/Src/stm32g4xx_hal.c **** 
 749:Drivers/STM32G4xx_HAL_Driver/Src/stm32g4xx_hal.c **** /**
 750:Drivers/STM32G4xx_HAL_Driver/Src/stm32g4xx_hal.c ****   * @brief  Enable the I/O analog switch voltage by VDD
 751:Drivers/STM32G4xx_HAL_Driver/Src/stm32g4xx_hal.c ****   *
 752:Drivers/STM32G4xx_HAL_Driver/Src/stm32g4xx_hal.c ****   * @retval None
 753:Drivers/STM32G4xx_HAL_Driver/Src/stm32g4xx_hal.c ****   */
 754:Drivers/STM32G4xx_HAL_Driver/Src/stm32g4xx_hal.c **** void HAL_SYSCFG_EnableIOSwitchVDD(void)
 755:Drivers/STM32G4xx_HAL_Driver/Src/stm32g4xx_hal.c **** {
 1323              		.loc 1 755 1 is_stmt 1 view -0
 1324              		.cfi_startproc
 1325              		@ args = 0, pretend = 0, frame = 0
 1326              		@ frame_needed = 0, uses_anonymous_args = 0
 1327              		@ link register save eliminated.
 756:Drivers/STM32G4xx_HAL_Driver/Src/stm32g4xx_hal.c ****   SET_BIT(SYSCFG->CFGR1, SYSCFG_CFGR1_ANASWVDD);
 1328              		.loc 1 756 3 view .LVU237
 1329 0000 024A     		ldr	r2, .L132
 1330 0002 5368     		ldr	r3, [r2, #4]
 1331 0004 43F40073 		orr	r3, r3, #512
 1332 0008 5360     		str	r3, [r2, #4]
 757:Drivers/STM32G4xx_HAL_Driver/Src/stm32g4xx_hal.c **** }
 1333              		.loc 1 757 1 is_stmt 0 view .LVU238
 1334 000a 7047     		bx	lr
 1335              	.L133:
 1336              		.align	2
ARM GAS  /tmp/ccy1S8Wo.s 			page 38


 1337              	.L132:
 1338 000c 00000140 		.word	1073807360
 1339              		.cfi_endproc
 1340              	.LFE364:
 1342              		.section	.text.HAL_SYSCFG_DisableIOSwitchVDD,"ax",%progbits
 1343              		.align	1
 1344              		.p2align 2,,3
 1345              		.global	HAL_SYSCFG_DisableIOSwitchVDD
 1346              		.syntax unified
 1347              		.thumb
 1348              		.thumb_func
 1350              	HAL_SYSCFG_DisableIOSwitchVDD:
 1351              	.LFB365:
 758:Drivers/STM32G4xx_HAL_Driver/Src/stm32g4xx_hal.c **** 
 759:Drivers/STM32G4xx_HAL_Driver/Src/stm32g4xx_hal.c **** /**
 760:Drivers/STM32G4xx_HAL_Driver/Src/stm32g4xx_hal.c ****   * @brief  Disable the I/O analog switch voltage by VDD
 761:Drivers/STM32G4xx_HAL_Driver/Src/stm32g4xx_hal.c ****   *
 762:Drivers/STM32G4xx_HAL_Driver/Src/stm32g4xx_hal.c ****   * @retval None
 763:Drivers/STM32G4xx_HAL_Driver/Src/stm32g4xx_hal.c ****   */
 764:Drivers/STM32G4xx_HAL_Driver/Src/stm32g4xx_hal.c **** void HAL_SYSCFG_DisableIOSwitchVDD(void)
 765:Drivers/STM32G4xx_HAL_Driver/Src/stm32g4xx_hal.c **** {
 1352              		.loc 1 765 1 is_stmt 1 view -0
 1353              		.cfi_startproc
 1354              		@ args = 0, pretend = 0, frame = 0
 1355              		@ frame_needed = 0, uses_anonymous_args = 0
 1356              		@ link register save eliminated.
 766:Drivers/STM32G4xx_HAL_Driver/Src/stm32g4xx_hal.c ****   CLEAR_BIT(SYSCFG->CFGR1, SYSCFG_CFGR1_ANASWVDD);
 1357              		.loc 1 766 3 view .LVU240
 1358 0000 024A     		ldr	r2, .L135
 1359 0002 5368     		ldr	r3, [r2, #4]
 1360 0004 23F40073 		bic	r3, r3, #512
 1361 0008 5360     		str	r3, [r2, #4]
 767:Drivers/STM32G4xx_HAL_Driver/Src/stm32g4xx_hal.c **** }
 1362              		.loc 1 767 1 is_stmt 0 view .LVU241
 1363 000a 7047     		bx	lr
 1364              	.L136:
 1365              		.align	2
 1366              	.L135:
 1367 000c 00000140 		.word	1073807360
 1368              		.cfi_endproc
 1369              	.LFE365:
 1371              		.section	.text.HAL_SYSCFG_CCMSRAM_WriteProtectionEnable,"ax",%progbits
 1372              		.align	1
 1373              		.p2align 2,,3
 1374              		.global	HAL_SYSCFG_CCMSRAM_WriteProtectionEnable
 1375              		.syntax unified
 1376              		.thumb
 1377              		.thumb_func
 1379              	HAL_SYSCFG_CCMSRAM_WriteProtectionEnable:
 1380              	.LVL40:
 1381              	.LFB366:
 768:Drivers/STM32G4xx_HAL_Driver/Src/stm32g4xx_hal.c **** 
 769:Drivers/STM32G4xx_HAL_Driver/Src/stm32g4xx_hal.c **** /** @brief  CCMSRAM page write protection enable
 770:Drivers/STM32G4xx_HAL_Driver/Src/stm32g4xx_hal.c ****   * @param Page: This parameter is a long 32bit value and can be a value of @ref SYSCFG_CCMSRAMWRP
 771:Drivers/STM32G4xx_HAL_Driver/Src/stm32g4xx_hal.c ****   * @note   write protection can only be disabled by a system reset
 772:Drivers/STM32G4xx_HAL_Driver/Src/stm32g4xx_hal.c ****   * @retval None
 773:Drivers/STM32G4xx_HAL_Driver/Src/stm32g4xx_hal.c ****   */
ARM GAS  /tmp/ccy1S8Wo.s 			page 39


 774:Drivers/STM32G4xx_HAL_Driver/Src/stm32g4xx_hal.c **** void HAL_SYSCFG_CCMSRAM_WriteProtectionEnable(uint32_t Page)
 775:Drivers/STM32G4xx_HAL_Driver/Src/stm32g4xx_hal.c **** {
 1382              		.loc 1 775 1 is_stmt 1 view -0
 1383              		.cfi_startproc
 1384              		@ args = 0, pretend = 0, frame = 0
 1385              		@ frame_needed = 0, uses_anonymous_args = 0
 1386              		@ link register save eliminated.
 776:Drivers/STM32G4xx_HAL_Driver/Src/stm32g4xx_hal.c ****   assert_param(IS_SYSCFG_CCMSRAMWRP_PAGE(Page));
 1387              		.loc 1 776 3 view .LVU243
 777:Drivers/STM32G4xx_HAL_Driver/Src/stm32g4xx_hal.c **** 
 778:Drivers/STM32G4xx_HAL_Driver/Src/stm32g4xx_hal.c ****   SET_BIT(SYSCFG->SWPR, (uint32_t)(Page));
 1388              		.loc 1 778 3 view .LVU244
 1389 0000 024A     		ldr	r2, .L138
 1390 0002 136A     		ldr	r3, [r2, #32]
 1391 0004 0343     		orrs	r3, r3, r0
 1392 0006 1362     		str	r3, [r2, #32]
 779:Drivers/STM32G4xx_HAL_Driver/Src/stm32g4xx_hal.c **** }
 1393              		.loc 1 779 1 is_stmt 0 view .LVU245
 1394 0008 7047     		bx	lr
 1395              	.L139:
 1396 000a 00BF     		.align	2
 1397              	.L138:
 1398 000c 00000140 		.word	1073807360
 1399              		.cfi_endproc
 1400              	.LFE366:
 1402              		.global	uwTickFreq
 1403              		.section	.data.uwTickFreq,"aw"
 1404              		.align	2
 1407              	uwTickFreq:
 1408 0000 01000000 		.word	1
 1409              		.global	uwTickPrio
 1410              		.section	.data.uwTickPrio,"aw"
 1411              		.align	2
 1414              	uwTickPrio:
 1415 0000 10000000 		.word	16
 1416              		.global	uwTick
 1417              		.section	.bss.uwTick,"aw",%nobits
 1418              		.align	2
 1421              	uwTick:
 1422 0000 00000000 		.space	4
 1423              		.text
 1424              	.Letext0:
 1425              		.file 2 "Drivers/CMSIS/Device/ST/STM32G4xx/Include/stm32g474xx.h"
 1426              		.file 3 "/usr/arm-none-eabi/include/machine/_default_types.h"
 1427              		.file 4 "/usr/arm-none-eabi/include/sys/_stdint.h"
 1428              		.file 5 "Drivers/CMSIS/Include/core_cm4.h"
 1429              		.file 6 "Drivers/STM32G4xx_HAL_Driver/Inc/stm32g4xx_hal_def.h"
 1430              		.file 7 "Drivers/CMSIS/Device/ST/STM32G4xx/Include/system_stm32g4xx.h"
 1431              		.file 8 "Drivers/STM32G4xx_HAL_Driver/Inc/stm32g4xx_hal.h"
 1432              		.file 9 "Drivers/STM32G4xx_HAL_Driver/Inc/stm32g4xx_hal_cortex.h"
ARM GAS  /tmp/ccy1S8Wo.s 			page 40


DEFINED SYMBOLS
                            *ABS*:00000000 stm32g4xx_hal.c
     /tmp/ccy1S8Wo.s:21     .text.HAL_MspInit:00000000 $t
     /tmp/ccy1S8Wo.s:28     .text.HAL_MspInit:00000000 HAL_MspInit
     /tmp/ccy1S8Wo.s:41     .text.HAL_MspDeInit:00000000 $t
     /tmp/ccy1S8Wo.s:48     .text.HAL_MspDeInit:00000000 HAL_MspDeInit
     /tmp/ccy1S8Wo.s:60     .text.HAL_DeInit:00000000 $t
     /tmp/ccy1S8Wo.s:67     .text.HAL_DeInit:00000000 HAL_DeInit
     /tmp/ccy1S8Wo.s:117    .text.HAL_DeInit:00000028 $d
     /tmp/ccy1S8Wo.s:122    .text.HAL_InitTick:00000000 $t
     /tmp/ccy1S8Wo.s:129    .text.HAL_InitTick:00000000 HAL_InitTick
     /tmp/ccy1S8Wo.s:223    .text.HAL_InitTick:00000048 $d
     /tmp/ccy1S8Wo.s:1407   .data.uwTickFreq:00000000 uwTickFreq
     /tmp/ccy1S8Wo.s:1414   .data.uwTickPrio:00000000 uwTickPrio
     /tmp/ccy1S8Wo.s:230    .text.HAL_Init:00000000 $t
     /tmp/ccy1S8Wo.s:237    .text.HAL_Init:00000000 HAL_Init
     /tmp/ccy1S8Wo.s:300    .text.HAL_IncTick:00000000 $t
     /tmp/ccy1S8Wo.s:307    .text.HAL_IncTick:00000000 HAL_IncTick
     /tmp/ccy1S8Wo.s:327    .text.HAL_IncTick:00000010 $d
     /tmp/ccy1S8Wo.s:1421   .bss.uwTick:00000000 uwTick
     /tmp/ccy1S8Wo.s:333    .text.HAL_GetTick:00000000 $t
     /tmp/ccy1S8Wo.s:340    .text.HAL_GetTick:00000000 HAL_GetTick
     /tmp/ccy1S8Wo.s:356    .text.HAL_GetTick:00000008 $d
     /tmp/ccy1S8Wo.s:361    .text.HAL_GetTickPrio:00000000 $t
     /tmp/ccy1S8Wo.s:368    .text.HAL_GetTickPrio:00000000 HAL_GetTickPrio
     /tmp/ccy1S8Wo.s:384    .text.HAL_GetTickPrio:00000008 $d
     /tmp/ccy1S8Wo.s:389    .text.HAL_SetTickFreq:00000000 $t
     /tmp/ccy1S8Wo.s:396    .text.HAL_SetTickFreq:00000000 HAL_SetTickFreq
     /tmp/ccy1S8Wo.s:466    .text.HAL_SetTickFreq:00000028 $d
     /tmp/ccy1S8Wo.s:472    .text.HAL_GetTickFreq:00000000 $t
     /tmp/ccy1S8Wo.s:479    .text.HAL_GetTickFreq:00000000 HAL_GetTickFreq
     /tmp/ccy1S8Wo.s:495    .text.HAL_GetTickFreq:00000008 $d
     /tmp/ccy1S8Wo.s:500    .text.HAL_Delay:00000000 $t
     /tmp/ccy1S8Wo.s:507    .text.HAL_Delay:00000000 HAL_Delay
     /tmp/ccy1S8Wo.s:562    .text.HAL_Delay:00000020 $d
     /tmp/ccy1S8Wo.s:567    .text.HAL_SuspendTick:00000000 $t
     /tmp/ccy1S8Wo.s:574    .text.HAL_SuspendTick:00000000 HAL_SuspendTick
     /tmp/ccy1S8Wo.s:592    .text.HAL_ResumeTick:00000000 $t
     /tmp/ccy1S8Wo.s:599    .text.HAL_ResumeTick:00000000 HAL_ResumeTick
     /tmp/ccy1S8Wo.s:617    .text.HAL_GetHalVersion:00000000 $t
     /tmp/ccy1S8Wo.s:624    .text.HAL_GetHalVersion:00000000 HAL_GetHalVersion
     /tmp/ccy1S8Wo.s:638    .text.HAL_GetHalVersion:00000004 $d
     /tmp/ccy1S8Wo.s:643    .text.HAL_GetREVID:00000000 $t
     /tmp/ccy1S8Wo.s:650    .text.HAL_GetREVID:00000000 HAL_GetREVID
     /tmp/ccy1S8Wo.s:667    .text.HAL_GetREVID:00000008 $d
     /tmp/ccy1S8Wo.s:672    .text.HAL_GetDEVID:00000000 $t
     /tmp/ccy1S8Wo.s:679    .text.HAL_GetDEVID:00000000 HAL_GetDEVID
     /tmp/ccy1S8Wo.s:696    .text.HAL_GetDEVID:0000000c $d
     /tmp/ccy1S8Wo.s:701    .text.HAL_GetUIDw0:00000000 $t
     /tmp/ccy1S8Wo.s:708    .text.HAL_GetUIDw0:00000000 HAL_GetUIDw0
     /tmp/ccy1S8Wo.s:724    .text.HAL_GetUIDw0:00000008 $d
     /tmp/ccy1S8Wo.s:729    .text.HAL_GetUIDw1:00000000 $t
     /tmp/ccy1S8Wo.s:736    .text.HAL_GetUIDw1:00000000 HAL_GetUIDw1
     /tmp/ccy1S8Wo.s:752    .text.HAL_GetUIDw1:00000008 $d
     /tmp/ccy1S8Wo.s:757    .text.HAL_GetUIDw2:00000000 $t
     /tmp/ccy1S8Wo.s:764    .text.HAL_GetUIDw2:00000000 HAL_GetUIDw2
     /tmp/ccy1S8Wo.s:780    .text.HAL_GetUIDw2:00000008 $d
ARM GAS  /tmp/ccy1S8Wo.s 			page 41


     /tmp/ccy1S8Wo.s:785    .text.HAL_DBGMCU_EnableDBGSleepMode:00000000 $t
     /tmp/ccy1S8Wo.s:792    .text.HAL_DBGMCU_EnableDBGSleepMode:00000000 HAL_DBGMCU_EnableDBGSleepMode
     /tmp/ccy1S8Wo.s:809    .text.HAL_DBGMCU_EnableDBGSleepMode:0000000c $d
     /tmp/ccy1S8Wo.s:814    .text.HAL_DBGMCU_DisableDBGSleepMode:00000000 $t
     /tmp/ccy1S8Wo.s:821    .text.HAL_DBGMCU_DisableDBGSleepMode:00000000 HAL_DBGMCU_DisableDBGSleepMode
     /tmp/ccy1S8Wo.s:838    .text.HAL_DBGMCU_DisableDBGSleepMode:0000000c $d
     /tmp/ccy1S8Wo.s:843    .text.HAL_DBGMCU_EnableDBGStopMode:00000000 $t
     /tmp/ccy1S8Wo.s:850    .text.HAL_DBGMCU_EnableDBGStopMode:00000000 HAL_DBGMCU_EnableDBGStopMode
     /tmp/ccy1S8Wo.s:867    .text.HAL_DBGMCU_EnableDBGStopMode:0000000c $d
     /tmp/ccy1S8Wo.s:872    .text.HAL_DBGMCU_DisableDBGStopMode:00000000 $t
     /tmp/ccy1S8Wo.s:879    .text.HAL_DBGMCU_DisableDBGStopMode:00000000 HAL_DBGMCU_DisableDBGStopMode
     /tmp/ccy1S8Wo.s:896    .text.HAL_DBGMCU_DisableDBGStopMode:0000000c $d
     /tmp/ccy1S8Wo.s:901    .text.HAL_DBGMCU_EnableDBGStandbyMode:00000000 $t
     /tmp/ccy1S8Wo.s:908    .text.HAL_DBGMCU_EnableDBGStandbyMode:00000000 HAL_DBGMCU_EnableDBGStandbyMode
     /tmp/ccy1S8Wo.s:925    .text.HAL_DBGMCU_EnableDBGStandbyMode:0000000c $d
     /tmp/ccy1S8Wo.s:930    .text.HAL_DBGMCU_DisableDBGStandbyMode:00000000 $t
     /tmp/ccy1S8Wo.s:937    .text.HAL_DBGMCU_DisableDBGStandbyMode:00000000 HAL_DBGMCU_DisableDBGStandbyMode
     /tmp/ccy1S8Wo.s:954    .text.HAL_DBGMCU_DisableDBGStandbyMode:0000000c $d
     /tmp/ccy1S8Wo.s:959    .text.HAL_SYSCFG_CCMSRAMErase:00000000 $t
     /tmp/ccy1S8Wo.s:966    .text.HAL_SYSCFG_CCMSRAMErase:00000000 HAL_SYSCFG_CCMSRAMErase
     /tmp/ccy1S8Wo.s:993    .text.HAL_SYSCFG_CCMSRAMErase:00000014 $d
     /tmp/ccy1S8Wo.s:998    .text.HAL_SYSCFG_EnableMemorySwappingBank:00000000 $t
     /tmp/ccy1S8Wo.s:1005   .text.HAL_SYSCFG_EnableMemorySwappingBank:00000000 HAL_SYSCFG_EnableMemorySwappingBank
     /tmp/ccy1S8Wo.s:1022   .text.HAL_SYSCFG_EnableMemorySwappingBank:0000000c $d
     /tmp/ccy1S8Wo.s:1027   .text.HAL_SYSCFG_DisableMemorySwappingBank:00000000 $t
     /tmp/ccy1S8Wo.s:1034   .text.HAL_SYSCFG_DisableMemorySwappingBank:00000000 HAL_SYSCFG_DisableMemorySwappingBank
     /tmp/ccy1S8Wo.s:1051   .text.HAL_SYSCFG_DisableMemorySwappingBank:0000000c $d
     /tmp/ccy1S8Wo.s:1056   .text.HAL_SYSCFG_VREFBUF_VoltageScalingConfig:00000000 $t
     /tmp/ccy1S8Wo.s:1063   .text.HAL_SYSCFG_VREFBUF_VoltageScalingConfig:00000000 HAL_SYSCFG_VREFBUF_VoltageScalingConfig
     /tmp/ccy1S8Wo.s:1083   .text.HAL_SYSCFG_VREFBUF_VoltageScalingConfig:00000010 $d
     /tmp/ccy1S8Wo.s:1088   .text.HAL_SYSCFG_VREFBUF_HighImpedanceConfig:00000000 $t
     /tmp/ccy1S8Wo.s:1095   .text.HAL_SYSCFG_VREFBUF_HighImpedanceConfig:00000000 HAL_SYSCFG_VREFBUF_HighImpedanceConfig
     /tmp/ccy1S8Wo.s:1115   .text.HAL_SYSCFG_VREFBUF_HighImpedanceConfig:00000010 $d
     /tmp/ccy1S8Wo.s:1120   .text.HAL_SYSCFG_VREFBUF_TrimmingConfig:00000000 $t
     /tmp/ccy1S8Wo.s:1127   .text.HAL_SYSCFG_VREFBUF_TrimmingConfig:00000000 HAL_SYSCFG_VREFBUF_TrimmingConfig
     /tmp/ccy1S8Wo.s:1147   .text.HAL_SYSCFG_VREFBUF_TrimmingConfig:00000010 $d
     /tmp/ccy1S8Wo.s:1152   .text.HAL_SYSCFG_EnableVREFBUF:00000000 $t
     /tmp/ccy1S8Wo.s:1159   .text.HAL_SYSCFG_EnableVREFBUF:00000000 HAL_SYSCFG_EnableVREFBUF
     /tmp/ccy1S8Wo.s:1222   .text.HAL_SYSCFG_EnableVREFBUF:0000002c $d
     /tmp/ccy1S8Wo.s:1227   .text.HAL_SYSCFG_DisableVREFBUF:00000000 $t
     /tmp/ccy1S8Wo.s:1234   .text.HAL_SYSCFG_DisableVREFBUF:00000000 HAL_SYSCFG_DisableVREFBUF
     /tmp/ccy1S8Wo.s:1251   .text.HAL_SYSCFG_DisableVREFBUF:0000000c $d
     /tmp/ccy1S8Wo.s:1256   .text.HAL_SYSCFG_EnableIOSwitchBooster:00000000 $t
     /tmp/ccy1S8Wo.s:1263   .text.HAL_SYSCFG_EnableIOSwitchBooster:00000000 HAL_SYSCFG_EnableIOSwitchBooster
     /tmp/ccy1S8Wo.s:1280   .text.HAL_SYSCFG_EnableIOSwitchBooster:0000000c $d
     /tmp/ccy1S8Wo.s:1285   .text.HAL_SYSCFG_DisableIOSwitchBooster:00000000 $t
     /tmp/ccy1S8Wo.s:1292   .text.HAL_SYSCFG_DisableIOSwitchBooster:00000000 HAL_SYSCFG_DisableIOSwitchBooster
     /tmp/ccy1S8Wo.s:1309   .text.HAL_SYSCFG_DisableIOSwitchBooster:0000000c $d
     /tmp/ccy1S8Wo.s:1314   .text.HAL_SYSCFG_EnableIOSwitchVDD:00000000 $t
     /tmp/ccy1S8Wo.s:1321   .text.HAL_SYSCFG_EnableIOSwitchVDD:00000000 HAL_SYSCFG_EnableIOSwitchVDD
     /tmp/ccy1S8Wo.s:1338   .text.HAL_SYSCFG_EnableIOSwitchVDD:0000000c $d
     /tmp/ccy1S8Wo.s:1343   .text.HAL_SYSCFG_DisableIOSwitchVDD:00000000 $t
     /tmp/ccy1S8Wo.s:1350   .text.HAL_SYSCFG_DisableIOSwitchVDD:00000000 HAL_SYSCFG_DisableIOSwitchVDD
     /tmp/ccy1S8Wo.s:1367   .text.HAL_SYSCFG_DisableIOSwitchVDD:0000000c $d
     /tmp/ccy1S8Wo.s:1372   .text.HAL_SYSCFG_CCMSRAM_WriteProtectionEnable:00000000 $t
     /tmp/ccy1S8Wo.s:1379   .text.HAL_SYSCFG_CCMSRAM_WriteProtectionEnable:00000000 HAL_SYSCFG_CCMSRAM_WriteProtectionEnable
     /tmp/ccy1S8Wo.s:1398   .text.HAL_SYSCFG_CCMSRAM_WriteProtectionEnable:0000000c $d
ARM GAS  /tmp/ccy1S8Wo.s 			page 42


     /tmp/ccy1S8Wo.s:1404   .data.uwTickFreq:00000000 $d
     /tmp/ccy1S8Wo.s:1411   .data.uwTickPrio:00000000 $d
     /tmp/ccy1S8Wo.s:1418   .bss.uwTick:00000000 $d

UNDEFINED SYMBOLS
HAL_SYSTICK_Config
HAL_NVIC_SetPriority
SystemCoreClock
HAL_NVIC_SetPriorityGrouping
