ARM GAS  /tmp/ccAXGFxz.s 			page 1


   1              		.cpu cortex-m4
   2              		.arch armv7e-m
   3              		.fpu fpv4-sp-d16
   4              		.eabi_attribute 27, 1
   5              		.eabi_attribute 28, 1
   6              		.eabi_attribute 20, 1
   7              		.eabi_attribute 21, 1
   8              		.eabi_attribute 23, 3
   9              		.eabi_attribute 24, 1
  10              		.eabi_attribute 25, 1
  11              		.eabi_attribute 26, 1
  12              		.eabi_attribute 30, 1
  13              		.eabi_attribute 34, 1
  14              		.eabi_attribute 18, 4
  15              		.file	"stm32g4xx_hal_tim_ex.c"
  16              		.text
  17              	.Ltext0:
  18              		.cfi_sections	.debug_frame
  19              		.file 1 "Drivers/STM32G4xx_HAL_Driver/Src/stm32g4xx_hal_tim_ex.c"
  20              		.section	.text.TIM_CCxNChannelCmd,"ax",%progbits
  21              		.align	1
  22              		.syntax unified
  23              		.thumb
  24              		.thumb_func
  26              	TIM_CCxNChannelCmd:
  27              	.LVL0:
  28              	.LFB397:
   1:Drivers/STM32G4xx_HAL_Driver/Src/stm32g4xx_hal_tim_ex.c **** /**
   2:Drivers/STM32G4xx_HAL_Driver/Src/stm32g4xx_hal_tim_ex.c ****   ******************************************************************************
   3:Drivers/STM32G4xx_HAL_Driver/Src/stm32g4xx_hal_tim_ex.c ****   * @file    stm32g4xx_hal_tim_ex.c
   4:Drivers/STM32G4xx_HAL_Driver/Src/stm32g4xx_hal_tim_ex.c ****   * @author  MCD Application Team
   5:Drivers/STM32G4xx_HAL_Driver/Src/stm32g4xx_hal_tim_ex.c ****   * @brief   TIM HAL module driver.
   6:Drivers/STM32G4xx_HAL_Driver/Src/stm32g4xx_hal_tim_ex.c ****   *          This file provides firmware functions to manage the following
   7:Drivers/STM32G4xx_HAL_Driver/Src/stm32g4xx_hal_tim_ex.c ****   *          functionalities of the Timer Extended peripheral:
   8:Drivers/STM32G4xx_HAL_Driver/Src/stm32g4xx_hal_tim_ex.c ****   *           + Time Hall Sensor Interface Initialization
   9:Drivers/STM32G4xx_HAL_Driver/Src/stm32g4xx_hal_tim_ex.c ****   *           + Time Hall Sensor Interface Start
  10:Drivers/STM32G4xx_HAL_Driver/Src/stm32g4xx_hal_tim_ex.c ****   *           + Time Complementary signal break and dead time configuration
  11:Drivers/STM32G4xx_HAL_Driver/Src/stm32g4xx_hal_tim_ex.c ****   *           + Time Master and Slave synchronization configuration
  12:Drivers/STM32G4xx_HAL_Driver/Src/stm32g4xx_hal_tim_ex.c ****   *           + Time Output Compare/PWM Channel Configuration (for channels 5 and 6)
  13:Drivers/STM32G4xx_HAL_Driver/Src/stm32g4xx_hal_tim_ex.c ****   *           + Time OCRef clear configuration
  14:Drivers/STM32G4xx_HAL_Driver/Src/stm32g4xx_hal_tim_ex.c ****   *           + Timer remapping capabilities configuration
  15:Drivers/STM32G4xx_HAL_Driver/Src/stm32g4xx_hal_tim_ex.c ****   *           + Timer encoder index configuration
  16:Drivers/STM32G4xx_HAL_Driver/Src/stm32g4xx_hal_tim_ex.c ****   ******************************************************************************
  17:Drivers/STM32G4xx_HAL_Driver/Src/stm32g4xx_hal_tim_ex.c ****   * @attention
  18:Drivers/STM32G4xx_HAL_Driver/Src/stm32g4xx_hal_tim_ex.c ****   *
  19:Drivers/STM32G4xx_HAL_Driver/Src/stm32g4xx_hal_tim_ex.c ****   * Copyright (c) 2019 STMicroelectronics.
  20:Drivers/STM32G4xx_HAL_Driver/Src/stm32g4xx_hal_tim_ex.c ****   * All rights reserved.
  21:Drivers/STM32G4xx_HAL_Driver/Src/stm32g4xx_hal_tim_ex.c ****   *
  22:Drivers/STM32G4xx_HAL_Driver/Src/stm32g4xx_hal_tim_ex.c ****   * This software is licensed under terms that can be found in the LICENSE file
  23:Drivers/STM32G4xx_HAL_Driver/Src/stm32g4xx_hal_tim_ex.c ****   * in the root directory of this software component.
  24:Drivers/STM32G4xx_HAL_Driver/Src/stm32g4xx_hal_tim_ex.c ****   * If no LICENSE file comes with this software, it is provided AS-IS.
  25:Drivers/STM32G4xx_HAL_Driver/Src/stm32g4xx_hal_tim_ex.c ****   *
  26:Drivers/STM32G4xx_HAL_Driver/Src/stm32g4xx_hal_tim_ex.c ****   ******************************************************************************
  27:Drivers/STM32G4xx_HAL_Driver/Src/stm32g4xx_hal_tim_ex.c ****   @verbatim
  28:Drivers/STM32G4xx_HAL_Driver/Src/stm32g4xx_hal_tim_ex.c ****   ==============================================================================
  29:Drivers/STM32G4xx_HAL_Driver/Src/stm32g4xx_hal_tim_ex.c ****                       ##### TIMER Extended features #####
  30:Drivers/STM32G4xx_HAL_Driver/Src/stm32g4xx_hal_tim_ex.c ****   ==============================================================================
ARM GAS  /tmp/ccAXGFxz.s 			page 2


  31:Drivers/STM32G4xx_HAL_Driver/Src/stm32g4xx_hal_tim_ex.c ****   [..]
  32:Drivers/STM32G4xx_HAL_Driver/Src/stm32g4xx_hal_tim_ex.c ****     The Timer Extended features include:
  33:Drivers/STM32G4xx_HAL_Driver/Src/stm32g4xx_hal_tim_ex.c ****     (#) Complementary outputs with programmable dead-time for :
  34:Drivers/STM32G4xx_HAL_Driver/Src/stm32g4xx_hal_tim_ex.c ****         (++) Output Compare
  35:Drivers/STM32G4xx_HAL_Driver/Src/stm32g4xx_hal_tim_ex.c ****         (++) PWM generation (Edge and Center-aligned Mode)
  36:Drivers/STM32G4xx_HAL_Driver/Src/stm32g4xx_hal_tim_ex.c ****         (++) One-pulse mode output
  37:Drivers/STM32G4xx_HAL_Driver/Src/stm32g4xx_hal_tim_ex.c ****     (#) Synchronization circuit to control the timer with external signals and to
  38:Drivers/STM32G4xx_HAL_Driver/Src/stm32g4xx_hal_tim_ex.c ****         interconnect several timers together.
  39:Drivers/STM32G4xx_HAL_Driver/Src/stm32g4xx_hal_tim_ex.c ****     (#) Break input to put the timer output signals in reset state or in a known state.
  40:Drivers/STM32G4xx_HAL_Driver/Src/stm32g4xx_hal_tim_ex.c ****     (#) Supports incremental (quadrature) encoder and hall-sensor circuitry for
  41:Drivers/STM32G4xx_HAL_Driver/Src/stm32g4xx_hal_tim_ex.c ****         positioning purposes
  42:Drivers/STM32G4xx_HAL_Driver/Src/stm32g4xx_hal_tim_ex.c ****     (#) In case of Pulse on compare, configure pulse length and delay
  43:Drivers/STM32G4xx_HAL_Driver/Src/stm32g4xx_hal_tim_ex.c ****     (#) Encoder index configuration
  44:Drivers/STM32G4xx_HAL_Driver/Src/stm32g4xx_hal_tim_ex.c **** 
  45:Drivers/STM32G4xx_HAL_Driver/Src/stm32g4xx_hal_tim_ex.c ****             ##### How to use this driver #####
  46:Drivers/STM32G4xx_HAL_Driver/Src/stm32g4xx_hal_tim_ex.c ****   ==============================================================================
  47:Drivers/STM32G4xx_HAL_Driver/Src/stm32g4xx_hal_tim_ex.c ****     [..]
  48:Drivers/STM32G4xx_HAL_Driver/Src/stm32g4xx_hal_tim_ex.c ****      (#) Initialize the TIM low level resources by implementing the following functions
  49:Drivers/STM32G4xx_HAL_Driver/Src/stm32g4xx_hal_tim_ex.c ****          depending on the selected feature:
  50:Drivers/STM32G4xx_HAL_Driver/Src/stm32g4xx_hal_tim_ex.c ****            (++) Hall Sensor output : HAL_TIMEx_HallSensor_MspInit()
  51:Drivers/STM32G4xx_HAL_Driver/Src/stm32g4xx_hal_tim_ex.c **** 
  52:Drivers/STM32G4xx_HAL_Driver/Src/stm32g4xx_hal_tim_ex.c ****      (#) Initialize the TIM low level resources :
  53:Drivers/STM32G4xx_HAL_Driver/Src/stm32g4xx_hal_tim_ex.c ****         (##) Enable the TIM interface clock using __HAL_RCC_TIMx_CLK_ENABLE();
  54:Drivers/STM32G4xx_HAL_Driver/Src/stm32g4xx_hal_tim_ex.c ****         (##) TIM pins configuration
  55:Drivers/STM32G4xx_HAL_Driver/Src/stm32g4xx_hal_tim_ex.c ****             (+++) Enable the clock for the TIM GPIOs using the following function:
  56:Drivers/STM32G4xx_HAL_Driver/Src/stm32g4xx_hal_tim_ex.c ****               __HAL_RCC_GPIOx_CLK_ENABLE();
  57:Drivers/STM32G4xx_HAL_Driver/Src/stm32g4xx_hal_tim_ex.c ****             (+++) Configure these TIM pins in Alternate function mode using HAL_GPIO_Init();
  58:Drivers/STM32G4xx_HAL_Driver/Src/stm32g4xx_hal_tim_ex.c **** 
  59:Drivers/STM32G4xx_HAL_Driver/Src/stm32g4xx_hal_tim_ex.c ****      (#) The external Clock can be configured, if needed (the default clock is the
  60:Drivers/STM32G4xx_HAL_Driver/Src/stm32g4xx_hal_tim_ex.c ****          internal clock from the APBx), using the following function:
  61:Drivers/STM32G4xx_HAL_Driver/Src/stm32g4xx_hal_tim_ex.c ****          HAL_TIM_ConfigClockSource, the clock configuration should be done before
  62:Drivers/STM32G4xx_HAL_Driver/Src/stm32g4xx_hal_tim_ex.c ****          any start function.
  63:Drivers/STM32G4xx_HAL_Driver/Src/stm32g4xx_hal_tim_ex.c **** 
  64:Drivers/STM32G4xx_HAL_Driver/Src/stm32g4xx_hal_tim_ex.c ****      (#) Configure the TIM in the desired functioning mode using one of the
  65:Drivers/STM32G4xx_HAL_Driver/Src/stm32g4xx_hal_tim_ex.c ****          initialization function of this driver:
  66:Drivers/STM32G4xx_HAL_Driver/Src/stm32g4xx_hal_tim_ex.c ****           (++) HAL_TIMEx_HallSensor_Init() and HAL_TIMEx_ConfigCommutEvent(): to use the
  67:Drivers/STM32G4xx_HAL_Driver/Src/stm32g4xx_hal_tim_ex.c ****                Timer Hall Sensor Interface and the commutation event with the corresponding
  68:Drivers/STM32G4xx_HAL_Driver/Src/stm32g4xx_hal_tim_ex.c ****                Interrupt and DMA request if needed (Note that One Timer is used to interface
  69:Drivers/STM32G4xx_HAL_Driver/Src/stm32g4xx_hal_tim_ex.c ****                with the Hall sensor Interface and another Timer should be used to use
  70:Drivers/STM32G4xx_HAL_Driver/Src/stm32g4xx_hal_tim_ex.c ****                the commutation event).
  71:Drivers/STM32G4xx_HAL_Driver/Src/stm32g4xx_hal_tim_ex.c ****      (#) In case of Pulse On Compare:
  72:Drivers/STM32G4xx_HAL_Driver/Src/stm32g4xx_hal_tim_ex.c ****            (++) HAL_TIMEx_OC_ConfigPulseOnCompare(): to configure pulse width and prescaler
  73:Drivers/STM32G4xx_HAL_Driver/Src/stm32g4xx_hal_tim_ex.c **** 
  74:Drivers/STM32G4xx_HAL_Driver/Src/stm32g4xx_hal_tim_ex.c **** 
  75:Drivers/STM32G4xx_HAL_Driver/Src/stm32g4xx_hal_tim_ex.c ****      (#) Activate the TIM peripheral using one of the start functions:
  76:Drivers/STM32G4xx_HAL_Driver/Src/stm32g4xx_hal_tim_ex.c ****            (++) Complementary Output Compare : HAL_TIMEx_OCN_Start(), HAL_TIMEx_OCN_Start_DMA(),
  77:Drivers/STM32G4xx_HAL_Driver/Src/stm32g4xx_hal_tim_ex.c ****                 HAL_TIMEx_OCN_Start_IT()
  78:Drivers/STM32G4xx_HAL_Driver/Src/stm32g4xx_hal_tim_ex.c ****            (++) Complementary PWM generation : HAL_TIMEx_PWMN_Start(), HAL_TIMEx_PWMN_Start_DMA(),
  79:Drivers/STM32G4xx_HAL_Driver/Src/stm32g4xx_hal_tim_ex.c ****                 HAL_TIMEx_PWMN_Start_IT()
  80:Drivers/STM32G4xx_HAL_Driver/Src/stm32g4xx_hal_tim_ex.c ****            (++) Complementary One-pulse mode output : HAL_TIMEx_OnePulseN_Start(), HAL_TIMEx_OnePul
  81:Drivers/STM32G4xx_HAL_Driver/Src/stm32g4xx_hal_tim_ex.c ****            (++) Hall Sensor output : HAL_TIMEx_HallSensor_Start(), HAL_TIMEx_HallSensor_Start_DMA()
  82:Drivers/STM32G4xx_HAL_Driver/Src/stm32g4xx_hal_tim_ex.c ****                 HAL_TIMEx_HallSensor_Start_IT().
  83:Drivers/STM32G4xx_HAL_Driver/Src/stm32g4xx_hal_tim_ex.c **** 
  84:Drivers/STM32G4xx_HAL_Driver/Src/stm32g4xx_hal_tim_ex.c ****   @endverbatim
  85:Drivers/STM32G4xx_HAL_Driver/Src/stm32g4xx_hal_tim_ex.c ****   ******************************************************************************
  86:Drivers/STM32G4xx_HAL_Driver/Src/stm32g4xx_hal_tim_ex.c ****   */
  87:Drivers/STM32G4xx_HAL_Driver/Src/stm32g4xx_hal_tim_ex.c **** 
ARM GAS  /tmp/ccAXGFxz.s 			page 3


  88:Drivers/STM32G4xx_HAL_Driver/Src/stm32g4xx_hal_tim_ex.c **** /* Includes ------------------------------------------------------------------*/
  89:Drivers/STM32G4xx_HAL_Driver/Src/stm32g4xx_hal_tim_ex.c **** #include "stm32g4xx_hal.h"
  90:Drivers/STM32G4xx_HAL_Driver/Src/stm32g4xx_hal_tim_ex.c **** 
  91:Drivers/STM32G4xx_HAL_Driver/Src/stm32g4xx_hal_tim_ex.c **** /** @addtogroup STM32G4xx_HAL_Driver
  92:Drivers/STM32G4xx_HAL_Driver/Src/stm32g4xx_hal_tim_ex.c ****   * @{
  93:Drivers/STM32G4xx_HAL_Driver/Src/stm32g4xx_hal_tim_ex.c ****   */
  94:Drivers/STM32G4xx_HAL_Driver/Src/stm32g4xx_hal_tim_ex.c **** 
  95:Drivers/STM32G4xx_HAL_Driver/Src/stm32g4xx_hal_tim_ex.c **** /** @defgroup TIMEx TIMEx
  96:Drivers/STM32G4xx_HAL_Driver/Src/stm32g4xx_hal_tim_ex.c ****   * @brief TIM Extended HAL module driver
  97:Drivers/STM32G4xx_HAL_Driver/Src/stm32g4xx_hal_tim_ex.c ****   * @{
  98:Drivers/STM32G4xx_HAL_Driver/Src/stm32g4xx_hal_tim_ex.c ****   */
  99:Drivers/STM32G4xx_HAL_Driver/Src/stm32g4xx_hal_tim_ex.c **** 
 100:Drivers/STM32G4xx_HAL_Driver/Src/stm32g4xx_hal_tim_ex.c **** #ifdef HAL_TIM_MODULE_ENABLED
 101:Drivers/STM32G4xx_HAL_Driver/Src/stm32g4xx_hal_tim_ex.c **** 
 102:Drivers/STM32G4xx_HAL_Driver/Src/stm32g4xx_hal_tim_ex.c **** /* Private typedef -----------------------------------------------------------*/
 103:Drivers/STM32G4xx_HAL_Driver/Src/stm32g4xx_hal_tim_ex.c **** /* Private define ------------------------------------------------------------*/
 104:Drivers/STM32G4xx_HAL_Driver/Src/stm32g4xx_hal_tim_ex.c **** /* Private constants ---------------------------------------------------------*/
 105:Drivers/STM32G4xx_HAL_Driver/Src/stm32g4xx_hal_tim_ex.c **** /** @defgroup TIMEx_Private_Constants TIM Extended Private Constants
 106:Drivers/STM32G4xx_HAL_Driver/Src/stm32g4xx_hal_tim_ex.c ****   * @{
 107:Drivers/STM32G4xx_HAL_Driver/Src/stm32g4xx_hal_tim_ex.c ****   */
 108:Drivers/STM32G4xx_HAL_Driver/Src/stm32g4xx_hal_tim_ex.c **** /* Timeout for break input rearm */
 109:Drivers/STM32G4xx_HAL_Driver/Src/stm32g4xx_hal_tim_ex.c **** #define TIM_BREAKINPUT_REARM_TIMEOUT    5UL /* 5 milliseconds */
 110:Drivers/STM32G4xx_HAL_Driver/Src/stm32g4xx_hal_tim_ex.c **** /**
 111:Drivers/STM32G4xx_HAL_Driver/Src/stm32g4xx_hal_tim_ex.c ****   * @}
 112:Drivers/STM32G4xx_HAL_Driver/Src/stm32g4xx_hal_tim_ex.c ****   */
 113:Drivers/STM32G4xx_HAL_Driver/Src/stm32g4xx_hal_tim_ex.c **** /* End of private constants --------------------------------------------------*/
 114:Drivers/STM32G4xx_HAL_Driver/Src/stm32g4xx_hal_tim_ex.c **** 
 115:Drivers/STM32G4xx_HAL_Driver/Src/stm32g4xx_hal_tim_ex.c **** /* Private macros ------------------------------------------------------------*/
 116:Drivers/STM32G4xx_HAL_Driver/Src/stm32g4xx_hal_tim_ex.c **** /* Private variables ---------------------------------------------------------*/
 117:Drivers/STM32G4xx_HAL_Driver/Src/stm32g4xx_hal_tim_ex.c **** /* Private function prototypes -----------------------------------------------*/
 118:Drivers/STM32G4xx_HAL_Driver/Src/stm32g4xx_hal_tim_ex.c **** static void TIM_DMADelayPulseNCplt(DMA_HandleTypeDef *hdma);
 119:Drivers/STM32G4xx_HAL_Driver/Src/stm32g4xx_hal_tim_ex.c **** static void TIM_DMAErrorCCxN(DMA_HandleTypeDef *hdma);
 120:Drivers/STM32G4xx_HAL_Driver/Src/stm32g4xx_hal_tim_ex.c **** static void TIM_CCxNChannelCmd(TIM_TypeDef *TIMx, uint32_t Channel, uint32_t ChannelNState);
 121:Drivers/STM32G4xx_HAL_Driver/Src/stm32g4xx_hal_tim_ex.c **** 
 122:Drivers/STM32G4xx_HAL_Driver/Src/stm32g4xx_hal_tim_ex.c **** /* Exported functions --------------------------------------------------------*/
 123:Drivers/STM32G4xx_HAL_Driver/Src/stm32g4xx_hal_tim_ex.c **** /** @defgroup TIMEx_Exported_Functions TIM Extended Exported Functions
 124:Drivers/STM32G4xx_HAL_Driver/Src/stm32g4xx_hal_tim_ex.c ****   * @{
 125:Drivers/STM32G4xx_HAL_Driver/Src/stm32g4xx_hal_tim_ex.c ****   */
 126:Drivers/STM32G4xx_HAL_Driver/Src/stm32g4xx_hal_tim_ex.c **** 
 127:Drivers/STM32G4xx_HAL_Driver/Src/stm32g4xx_hal_tim_ex.c **** /** @defgroup TIMEx_Exported_Functions_Group1 Extended Timer Hall Sensor functions
 128:Drivers/STM32G4xx_HAL_Driver/Src/stm32g4xx_hal_tim_ex.c ****   * @brief    Timer Hall Sensor functions
 129:Drivers/STM32G4xx_HAL_Driver/Src/stm32g4xx_hal_tim_ex.c ****   *
 130:Drivers/STM32G4xx_HAL_Driver/Src/stm32g4xx_hal_tim_ex.c **** @verbatim
 131:Drivers/STM32G4xx_HAL_Driver/Src/stm32g4xx_hal_tim_ex.c ****   ==============================================================================
 132:Drivers/STM32G4xx_HAL_Driver/Src/stm32g4xx_hal_tim_ex.c ****                       ##### Timer Hall Sensor functions #####
 133:Drivers/STM32G4xx_HAL_Driver/Src/stm32g4xx_hal_tim_ex.c ****   ==============================================================================
 134:Drivers/STM32G4xx_HAL_Driver/Src/stm32g4xx_hal_tim_ex.c ****   [..]
 135:Drivers/STM32G4xx_HAL_Driver/Src/stm32g4xx_hal_tim_ex.c ****     This section provides functions allowing to:
 136:Drivers/STM32G4xx_HAL_Driver/Src/stm32g4xx_hal_tim_ex.c ****     (+) Initialize and configure TIM HAL Sensor.
 137:Drivers/STM32G4xx_HAL_Driver/Src/stm32g4xx_hal_tim_ex.c ****     (+) De-initialize TIM HAL Sensor.
 138:Drivers/STM32G4xx_HAL_Driver/Src/stm32g4xx_hal_tim_ex.c ****     (+) Start the Hall Sensor Interface.
 139:Drivers/STM32G4xx_HAL_Driver/Src/stm32g4xx_hal_tim_ex.c ****     (+) Stop the Hall Sensor Interface.
 140:Drivers/STM32G4xx_HAL_Driver/Src/stm32g4xx_hal_tim_ex.c ****     (+) Start the Hall Sensor Interface and enable interrupts.
 141:Drivers/STM32G4xx_HAL_Driver/Src/stm32g4xx_hal_tim_ex.c ****     (+) Stop the Hall Sensor Interface and disable interrupts.
 142:Drivers/STM32G4xx_HAL_Driver/Src/stm32g4xx_hal_tim_ex.c ****     (+) Start the Hall Sensor Interface and enable DMA transfers.
 143:Drivers/STM32G4xx_HAL_Driver/Src/stm32g4xx_hal_tim_ex.c ****     (+) Stop the Hall Sensor Interface and disable DMA transfers.
 144:Drivers/STM32G4xx_HAL_Driver/Src/stm32g4xx_hal_tim_ex.c **** 
ARM GAS  /tmp/ccAXGFxz.s 			page 4


 145:Drivers/STM32G4xx_HAL_Driver/Src/stm32g4xx_hal_tim_ex.c **** @endverbatim
 146:Drivers/STM32G4xx_HAL_Driver/Src/stm32g4xx_hal_tim_ex.c ****   * @{
 147:Drivers/STM32G4xx_HAL_Driver/Src/stm32g4xx_hal_tim_ex.c ****   */
 148:Drivers/STM32G4xx_HAL_Driver/Src/stm32g4xx_hal_tim_ex.c **** /**
 149:Drivers/STM32G4xx_HAL_Driver/Src/stm32g4xx_hal_tim_ex.c ****   * @brief  Initializes the TIM Hall Sensor Interface and initialize the associated handle.
 150:Drivers/STM32G4xx_HAL_Driver/Src/stm32g4xx_hal_tim_ex.c ****   * @note   When the timer instance is initialized in Hall Sensor Interface mode,
 151:Drivers/STM32G4xx_HAL_Driver/Src/stm32g4xx_hal_tim_ex.c ****   *         timer channels 1 and channel 2 are reserved and cannot be used for
 152:Drivers/STM32G4xx_HAL_Driver/Src/stm32g4xx_hal_tim_ex.c ****   *         other purpose.
 153:Drivers/STM32G4xx_HAL_Driver/Src/stm32g4xx_hal_tim_ex.c ****   * @param  htim TIM Hall Sensor Interface handle
 154:Drivers/STM32G4xx_HAL_Driver/Src/stm32g4xx_hal_tim_ex.c ****   * @param  sConfig TIM Hall Sensor configuration structure
 155:Drivers/STM32G4xx_HAL_Driver/Src/stm32g4xx_hal_tim_ex.c ****   * @retval HAL status
 156:Drivers/STM32G4xx_HAL_Driver/Src/stm32g4xx_hal_tim_ex.c ****   */
 157:Drivers/STM32G4xx_HAL_Driver/Src/stm32g4xx_hal_tim_ex.c **** HAL_StatusTypeDef HAL_TIMEx_HallSensor_Init(TIM_HandleTypeDef *htim, const TIM_HallSensor_InitTypeD
 158:Drivers/STM32G4xx_HAL_Driver/Src/stm32g4xx_hal_tim_ex.c **** {
 159:Drivers/STM32G4xx_HAL_Driver/Src/stm32g4xx_hal_tim_ex.c ****   TIM_OC_InitTypeDef OC_Config;
 160:Drivers/STM32G4xx_HAL_Driver/Src/stm32g4xx_hal_tim_ex.c **** 
 161:Drivers/STM32G4xx_HAL_Driver/Src/stm32g4xx_hal_tim_ex.c ****   /* Check the TIM handle allocation */
 162:Drivers/STM32G4xx_HAL_Driver/Src/stm32g4xx_hal_tim_ex.c ****   if (htim == NULL)
 163:Drivers/STM32G4xx_HAL_Driver/Src/stm32g4xx_hal_tim_ex.c ****   {
 164:Drivers/STM32G4xx_HAL_Driver/Src/stm32g4xx_hal_tim_ex.c ****     return HAL_ERROR;
 165:Drivers/STM32G4xx_HAL_Driver/Src/stm32g4xx_hal_tim_ex.c ****   }
 166:Drivers/STM32G4xx_HAL_Driver/Src/stm32g4xx_hal_tim_ex.c **** 
 167:Drivers/STM32G4xx_HAL_Driver/Src/stm32g4xx_hal_tim_ex.c ****   /* Check the parameters */
 168:Drivers/STM32G4xx_HAL_Driver/Src/stm32g4xx_hal_tim_ex.c ****   assert_param(IS_TIM_HALL_SENSOR_INTERFACE_INSTANCE(htim->Instance));
 169:Drivers/STM32G4xx_HAL_Driver/Src/stm32g4xx_hal_tim_ex.c ****   assert_param(IS_TIM_COUNTER_MODE(htim->Init.CounterMode));
 170:Drivers/STM32G4xx_HAL_Driver/Src/stm32g4xx_hal_tim_ex.c ****   assert_param(IS_TIM_CLOCKDIVISION_DIV(htim->Init.ClockDivision));
 171:Drivers/STM32G4xx_HAL_Driver/Src/stm32g4xx_hal_tim_ex.c ****   assert_param(IS_TIM_AUTORELOAD_PRELOAD(htim->Init.AutoReloadPreload));
 172:Drivers/STM32G4xx_HAL_Driver/Src/stm32g4xx_hal_tim_ex.c ****   assert_param(IS_TIM_IC_POLARITY(sConfig->IC1Polarity));
 173:Drivers/STM32G4xx_HAL_Driver/Src/stm32g4xx_hal_tim_ex.c ****   assert_param(IS_TIM_PERIOD(htim, htim->Init.Period));
 174:Drivers/STM32G4xx_HAL_Driver/Src/stm32g4xx_hal_tim_ex.c ****   assert_param(IS_TIM_IC_PRESCALER(sConfig->IC1Prescaler));
 175:Drivers/STM32G4xx_HAL_Driver/Src/stm32g4xx_hal_tim_ex.c ****   assert_param(IS_TIM_IC_FILTER(sConfig->IC1Filter));
 176:Drivers/STM32G4xx_HAL_Driver/Src/stm32g4xx_hal_tim_ex.c **** 
 177:Drivers/STM32G4xx_HAL_Driver/Src/stm32g4xx_hal_tim_ex.c ****   if (htim->State == HAL_TIM_STATE_RESET)
 178:Drivers/STM32G4xx_HAL_Driver/Src/stm32g4xx_hal_tim_ex.c ****   {
 179:Drivers/STM32G4xx_HAL_Driver/Src/stm32g4xx_hal_tim_ex.c ****     /* Allocate lock resource and initialize it */
 180:Drivers/STM32G4xx_HAL_Driver/Src/stm32g4xx_hal_tim_ex.c ****     htim->Lock = HAL_UNLOCKED;
 181:Drivers/STM32G4xx_HAL_Driver/Src/stm32g4xx_hal_tim_ex.c **** 
 182:Drivers/STM32G4xx_HAL_Driver/Src/stm32g4xx_hal_tim_ex.c **** #if (USE_HAL_TIM_REGISTER_CALLBACKS == 1)
 183:Drivers/STM32G4xx_HAL_Driver/Src/stm32g4xx_hal_tim_ex.c ****     /* Reset interrupt callbacks to legacy week callbacks */
 184:Drivers/STM32G4xx_HAL_Driver/Src/stm32g4xx_hal_tim_ex.c ****     TIM_ResetCallback(htim);
 185:Drivers/STM32G4xx_HAL_Driver/Src/stm32g4xx_hal_tim_ex.c **** 
 186:Drivers/STM32G4xx_HAL_Driver/Src/stm32g4xx_hal_tim_ex.c ****     if (htim->HallSensor_MspInitCallback == NULL)
 187:Drivers/STM32G4xx_HAL_Driver/Src/stm32g4xx_hal_tim_ex.c ****     {
 188:Drivers/STM32G4xx_HAL_Driver/Src/stm32g4xx_hal_tim_ex.c ****       htim->HallSensor_MspInitCallback = HAL_TIMEx_HallSensor_MspInit;
 189:Drivers/STM32G4xx_HAL_Driver/Src/stm32g4xx_hal_tim_ex.c ****     }
 190:Drivers/STM32G4xx_HAL_Driver/Src/stm32g4xx_hal_tim_ex.c ****     /* Init the low level hardware : GPIO, CLOCK, NVIC */
 191:Drivers/STM32G4xx_HAL_Driver/Src/stm32g4xx_hal_tim_ex.c ****     htim->HallSensor_MspInitCallback(htim);
 192:Drivers/STM32G4xx_HAL_Driver/Src/stm32g4xx_hal_tim_ex.c **** #else
 193:Drivers/STM32G4xx_HAL_Driver/Src/stm32g4xx_hal_tim_ex.c ****     /* Init the low level hardware : GPIO, CLOCK, NVIC and DMA */
 194:Drivers/STM32G4xx_HAL_Driver/Src/stm32g4xx_hal_tim_ex.c ****     HAL_TIMEx_HallSensor_MspInit(htim);
 195:Drivers/STM32G4xx_HAL_Driver/Src/stm32g4xx_hal_tim_ex.c **** #endif /* USE_HAL_TIM_REGISTER_CALLBACKS */
 196:Drivers/STM32G4xx_HAL_Driver/Src/stm32g4xx_hal_tim_ex.c ****   }
 197:Drivers/STM32G4xx_HAL_Driver/Src/stm32g4xx_hal_tim_ex.c **** 
 198:Drivers/STM32G4xx_HAL_Driver/Src/stm32g4xx_hal_tim_ex.c ****   /* Set the TIM state */
 199:Drivers/STM32G4xx_HAL_Driver/Src/stm32g4xx_hal_tim_ex.c ****   htim->State = HAL_TIM_STATE_BUSY;
 200:Drivers/STM32G4xx_HAL_Driver/Src/stm32g4xx_hal_tim_ex.c **** 
 201:Drivers/STM32G4xx_HAL_Driver/Src/stm32g4xx_hal_tim_ex.c ****   /* Configure the Time base in the Encoder Mode */
ARM GAS  /tmp/ccAXGFxz.s 			page 5


 202:Drivers/STM32G4xx_HAL_Driver/Src/stm32g4xx_hal_tim_ex.c ****   TIM_Base_SetConfig(htim->Instance, &htim->Init);
 203:Drivers/STM32G4xx_HAL_Driver/Src/stm32g4xx_hal_tim_ex.c **** 
 204:Drivers/STM32G4xx_HAL_Driver/Src/stm32g4xx_hal_tim_ex.c ****   /* Configure the Channel 1 as Input Channel to interface with the three Outputs of the  Hall sens
 205:Drivers/STM32G4xx_HAL_Driver/Src/stm32g4xx_hal_tim_ex.c ****   TIM_TI1_SetConfig(htim->Instance, sConfig->IC1Polarity, TIM_ICSELECTION_TRC, sConfig->IC1Filter);
 206:Drivers/STM32G4xx_HAL_Driver/Src/stm32g4xx_hal_tim_ex.c **** 
 207:Drivers/STM32G4xx_HAL_Driver/Src/stm32g4xx_hal_tim_ex.c ****   /* Reset the IC1PSC Bits */
 208:Drivers/STM32G4xx_HAL_Driver/Src/stm32g4xx_hal_tim_ex.c ****   htim->Instance->CCMR1 &= ~TIM_CCMR1_IC1PSC;
 209:Drivers/STM32G4xx_HAL_Driver/Src/stm32g4xx_hal_tim_ex.c ****   /* Set the IC1PSC value */
 210:Drivers/STM32G4xx_HAL_Driver/Src/stm32g4xx_hal_tim_ex.c ****   htim->Instance->CCMR1 |= sConfig->IC1Prescaler;
 211:Drivers/STM32G4xx_HAL_Driver/Src/stm32g4xx_hal_tim_ex.c **** 
 212:Drivers/STM32G4xx_HAL_Driver/Src/stm32g4xx_hal_tim_ex.c ****   /* Enable the Hall sensor interface (XOR function of the three inputs) */
 213:Drivers/STM32G4xx_HAL_Driver/Src/stm32g4xx_hal_tim_ex.c ****   htim->Instance->CR2 |= TIM_CR2_TI1S;
 214:Drivers/STM32G4xx_HAL_Driver/Src/stm32g4xx_hal_tim_ex.c **** 
 215:Drivers/STM32G4xx_HAL_Driver/Src/stm32g4xx_hal_tim_ex.c ****   /* Select the TIM_TS_TI1F_ED signal as Input trigger for the TIM */
 216:Drivers/STM32G4xx_HAL_Driver/Src/stm32g4xx_hal_tim_ex.c ****   htim->Instance->SMCR &= ~TIM_SMCR_TS;
 217:Drivers/STM32G4xx_HAL_Driver/Src/stm32g4xx_hal_tim_ex.c ****   htim->Instance->SMCR |= TIM_TS_TI1F_ED;
 218:Drivers/STM32G4xx_HAL_Driver/Src/stm32g4xx_hal_tim_ex.c **** 
 219:Drivers/STM32G4xx_HAL_Driver/Src/stm32g4xx_hal_tim_ex.c ****   /* Use the TIM_TS_TI1F_ED signal to reset the TIM counter each edge detection */
 220:Drivers/STM32G4xx_HAL_Driver/Src/stm32g4xx_hal_tim_ex.c ****   htim->Instance->SMCR &= ~TIM_SMCR_SMS;
 221:Drivers/STM32G4xx_HAL_Driver/Src/stm32g4xx_hal_tim_ex.c ****   htim->Instance->SMCR |= TIM_SLAVEMODE_RESET;
 222:Drivers/STM32G4xx_HAL_Driver/Src/stm32g4xx_hal_tim_ex.c **** 
 223:Drivers/STM32G4xx_HAL_Driver/Src/stm32g4xx_hal_tim_ex.c ****   /* Program channel 2 in PWM 2 mode with the desired Commutation_Delay*/
 224:Drivers/STM32G4xx_HAL_Driver/Src/stm32g4xx_hal_tim_ex.c ****   OC_Config.OCFastMode = TIM_OCFAST_DISABLE;
 225:Drivers/STM32G4xx_HAL_Driver/Src/stm32g4xx_hal_tim_ex.c ****   OC_Config.OCIdleState = TIM_OCIDLESTATE_RESET;
 226:Drivers/STM32G4xx_HAL_Driver/Src/stm32g4xx_hal_tim_ex.c ****   OC_Config.OCMode = TIM_OCMODE_PWM2;
 227:Drivers/STM32G4xx_HAL_Driver/Src/stm32g4xx_hal_tim_ex.c ****   OC_Config.OCNIdleState = TIM_OCNIDLESTATE_RESET;
 228:Drivers/STM32G4xx_HAL_Driver/Src/stm32g4xx_hal_tim_ex.c ****   OC_Config.OCNPolarity = TIM_OCNPOLARITY_HIGH;
 229:Drivers/STM32G4xx_HAL_Driver/Src/stm32g4xx_hal_tim_ex.c ****   OC_Config.OCPolarity = TIM_OCPOLARITY_HIGH;
 230:Drivers/STM32G4xx_HAL_Driver/Src/stm32g4xx_hal_tim_ex.c ****   OC_Config.Pulse = sConfig->Commutation_Delay;
 231:Drivers/STM32G4xx_HAL_Driver/Src/stm32g4xx_hal_tim_ex.c **** 
 232:Drivers/STM32G4xx_HAL_Driver/Src/stm32g4xx_hal_tim_ex.c ****   TIM_OC2_SetConfig(htim->Instance, &OC_Config);
 233:Drivers/STM32G4xx_HAL_Driver/Src/stm32g4xx_hal_tim_ex.c **** 
 234:Drivers/STM32G4xx_HAL_Driver/Src/stm32g4xx_hal_tim_ex.c ****   /* Select OC2REF as trigger output on TRGO: write the MMS bits in the TIMx_CR2
 235:Drivers/STM32G4xx_HAL_Driver/Src/stm32g4xx_hal_tim_ex.c ****     register to 101 */
 236:Drivers/STM32G4xx_HAL_Driver/Src/stm32g4xx_hal_tim_ex.c ****   htim->Instance->CR2 &= ~TIM_CR2_MMS;
 237:Drivers/STM32G4xx_HAL_Driver/Src/stm32g4xx_hal_tim_ex.c ****   htim->Instance->CR2 |= TIM_TRGO_OC2REF;
 238:Drivers/STM32G4xx_HAL_Driver/Src/stm32g4xx_hal_tim_ex.c **** 
 239:Drivers/STM32G4xx_HAL_Driver/Src/stm32g4xx_hal_tim_ex.c ****   /* Initialize the DMA burst operation state */
 240:Drivers/STM32G4xx_HAL_Driver/Src/stm32g4xx_hal_tim_ex.c ****   htim->DMABurstState = HAL_DMA_BURST_STATE_READY;
 241:Drivers/STM32G4xx_HAL_Driver/Src/stm32g4xx_hal_tim_ex.c **** 
 242:Drivers/STM32G4xx_HAL_Driver/Src/stm32g4xx_hal_tim_ex.c ****   /* Initialize the TIM channels state */
 243:Drivers/STM32G4xx_HAL_Driver/Src/stm32g4xx_hal_tim_ex.c ****   TIM_CHANNEL_STATE_SET(htim, TIM_CHANNEL_1, HAL_TIM_CHANNEL_STATE_READY);
 244:Drivers/STM32G4xx_HAL_Driver/Src/stm32g4xx_hal_tim_ex.c ****   TIM_CHANNEL_STATE_SET(htim, TIM_CHANNEL_2, HAL_TIM_CHANNEL_STATE_READY);
 245:Drivers/STM32G4xx_HAL_Driver/Src/stm32g4xx_hal_tim_ex.c ****   TIM_CHANNEL_N_STATE_SET(htim, TIM_CHANNEL_1, HAL_TIM_CHANNEL_STATE_READY);
 246:Drivers/STM32G4xx_HAL_Driver/Src/stm32g4xx_hal_tim_ex.c ****   TIM_CHANNEL_N_STATE_SET(htim, TIM_CHANNEL_2, HAL_TIM_CHANNEL_STATE_READY);
 247:Drivers/STM32G4xx_HAL_Driver/Src/stm32g4xx_hal_tim_ex.c **** 
 248:Drivers/STM32G4xx_HAL_Driver/Src/stm32g4xx_hal_tim_ex.c ****   /* Initialize the TIM state*/
 249:Drivers/STM32G4xx_HAL_Driver/Src/stm32g4xx_hal_tim_ex.c ****   htim->State = HAL_TIM_STATE_READY;
 250:Drivers/STM32G4xx_HAL_Driver/Src/stm32g4xx_hal_tim_ex.c **** 
 251:Drivers/STM32G4xx_HAL_Driver/Src/stm32g4xx_hal_tim_ex.c ****   return HAL_OK;
 252:Drivers/STM32G4xx_HAL_Driver/Src/stm32g4xx_hal_tim_ex.c **** }
 253:Drivers/STM32G4xx_HAL_Driver/Src/stm32g4xx_hal_tim_ex.c **** 
 254:Drivers/STM32G4xx_HAL_Driver/Src/stm32g4xx_hal_tim_ex.c **** /**
 255:Drivers/STM32G4xx_HAL_Driver/Src/stm32g4xx_hal_tim_ex.c ****   * @brief  DeInitializes the TIM Hall Sensor interface
 256:Drivers/STM32G4xx_HAL_Driver/Src/stm32g4xx_hal_tim_ex.c ****   * @param  htim TIM Hall Sensor Interface handle
 257:Drivers/STM32G4xx_HAL_Driver/Src/stm32g4xx_hal_tim_ex.c ****   * @retval HAL status
 258:Drivers/STM32G4xx_HAL_Driver/Src/stm32g4xx_hal_tim_ex.c ****   */
ARM GAS  /tmp/ccAXGFxz.s 			page 6


 259:Drivers/STM32G4xx_HAL_Driver/Src/stm32g4xx_hal_tim_ex.c **** HAL_StatusTypeDef HAL_TIMEx_HallSensor_DeInit(TIM_HandleTypeDef *htim)
 260:Drivers/STM32G4xx_HAL_Driver/Src/stm32g4xx_hal_tim_ex.c **** {
 261:Drivers/STM32G4xx_HAL_Driver/Src/stm32g4xx_hal_tim_ex.c ****   /* Check the parameters */
 262:Drivers/STM32G4xx_HAL_Driver/Src/stm32g4xx_hal_tim_ex.c ****   assert_param(IS_TIM_INSTANCE(htim->Instance));
 263:Drivers/STM32G4xx_HAL_Driver/Src/stm32g4xx_hal_tim_ex.c **** 
 264:Drivers/STM32G4xx_HAL_Driver/Src/stm32g4xx_hal_tim_ex.c ****   htim->State = HAL_TIM_STATE_BUSY;
 265:Drivers/STM32G4xx_HAL_Driver/Src/stm32g4xx_hal_tim_ex.c **** 
 266:Drivers/STM32G4xx_HAL_Driver/Src/stm32g4xx_hal_tim_ex.c ****   /* Disable the TIM Peripheral Clock */
 267:Drivers/STM32G4xx_HAL_Driver/Src/stm32g4xx_hal_tim_ex.c ****   __HAL_TIM_DISABLE(htim);
 268:Drivers/STM32G4xx_HAL_Driver/Src/stm32g4xx_hal_tim_ex.c **** 
 269:Drivers/STM32G4xx_HAL_Driver/Src/stm32g4xx_hal_tim_ex.c **** #if (USE_HAL_TIM_REGISTER_CALLBACKS == 1)
 270:Drivers/STM32G4xx_HAL_Driver/Src/stm32g4xx_hal_tim_ex.c ****   if (htim->HallSensor_MspDeInitCallback == NULL)
 271:Drivers/STM32G4xx_HAL_Driver/Src/stm32g4xx_hal_tim_ex.c ****   {
 272:Drivers/STM32G4xx_HAL_Driver/Src/stm32g4xx_hal_tim_ex.c ****     htim->HallSensor_MspDeInitCallback = HAL_TIMEx_HallSensor_MspDeInit;
 273:Drivers/STM32G4xx_HAL_Driver/Src/stm32g4xx_hal_tim_ex.c ****   }
 274:Drivers/STM32G4xx_HAL_Driver/Src/stm32g4xx_hal_tim_ex.c ****   /* DeInit the low level hardware */
 275:Drivers/STM32G4xx_HAL_Driver/Src/stm32g4xx_hal_tim_ex.c ****   htim->HallSensor_MspDeInitCallback(htim);
 276:Drivers/STM32G4xx_HAL_Driver/Src/stm32g4xx_hal_tim_ex.c **** #else
 277:Drivers/STM32G4xx_HAL_Driver/Src/stm32g4xx_hal_tim_ex.c ****   /* DeInit the low level hardware: GPIO, CLOCK, NVIC */
 278:Drivers/STM32G4xx_HAL_Driver/Src/stm32g4xx_hal_tim_ex.c ****   HAL_TIMEx_HallSensor_MspDeInit(htim);
 279:Drivers/STM32G4xx_HAL_Driver/Src/stm32g4xx_hal_tim_ex.c **** #endif /* USE_HAL_TIM_REGISTER_CALLBACKS */
 280:Drivers/STM32G4xx_HAL_Driver/Src/stm32g4xx_hal_tim_ex.c **** 
 281:Drivers/STM32G4xx_HAL_Driver/Src/stm32g4xx_hal_tim_ex.c ****   /* Change the DMA burst operation state */
 282:Drivers/STM32G4xx_HAL_Driver/Src/stm32g4xx_hal_tim_ex.c ****   htim->DMABurstState = HAL_DMA_BURST_STATE_RESET;
 283:Drivers/STM32G4xx_HAL_Driver/Src/stm32g4xx_hal_tim_ex.c **** 
 284:Drivers/STM32G4xx_HAL_Driver/Src/stm32g4xx_hal_tim_ex.c ****   /* Change the TIM channels state */
 285:Drivers/STM32G4xx_HAL_Driver/Src/stm32g4xx_hal_tim_ex.c ****   TIM_CHANNEL_STATE_SET(htim, TIM_CHANNEL_1, HAL_TIM_CHANNEL_STATE_RESET);
 286:Drivers/STM32G4xx_HAL_Driver/Src/stm32g4xx_hal_tim_ex.c ****   TIM_CHANNEL_STATE_SET(htim, TIM_CHANNEL_2, HAL_TIM_CHANNEL_STATE_RESET);
 287:Drivers/STM32G4xx_HAL_Driver/Src/stm32g4xx_hal_tim_ex.c ****   TIM_CHANNEL_N_STATE_SET(htim, TIM_CHANNEL_1, HAL_TIM_CHANNEL_STATE_RESET);
 288:Drivers/STM32G4xx_HAL_Driver/Src/stm32g4xx_hal_tim_ex.c ****   TIM_CHANNEL_N_STATE_SET(htim, TIM_CHANNEL_2, HAL_TIM_CHANNEL_STATE_RESET);
 289:Drivers/STM32G4xx_HAL_Driver/Src/stm32g4xx_hal_tim_ex.c **** 
 290:Drivers/STM32G4xx_HAL_Driver/Src/stm32g4xx_hal_tim_ex.c ****   /* Change TIM state */
 291:Drivers/STM32G4xx_HAL_Driver/Src/stm32g4xx_hal_tim_ex.c ****   htim->State = HAL_TIM_STATE_RESET;
 292:Drivers/STM32G4xx_HAL_Driver/Src/stm32g4xx_hal_tim_ex.c **** 
 293:Drivers/STM32G4xx_HAL_Driver/Src/stm32g4xx_hal_tim_ex.c ****   /* Release Lock */
 294:Drivers/STM32G4xx_HAL_Driver/Src/stm32g4xx_hal_tim_ex.c ****   __HAL_UNLOCK(htim);
 295:Drivers/STM32G4xx_HAL_Driver/Src/stm32g4xx_hal_tim_ex.c **** 
 296:Drivers/STM32G4xx_HAL_Driver/Src/stm32g4xx_hal_tim_ex.c ****   return HAL_OK;
 297:Drivers/STM32G4xx_HAL_Driver/Src/stm32g4xx_hal_tim_ex.c **** }
 298:Drivers/STM32G4xx_HAL_Driver/Src/stm32g4xx_hal_tim_ex.c **** 
 299:Drivers/STM32G4xx_HAL_Driver/Src/stm32g4xx_hal_tim_ex.c **** /**
 300:Drivers/STM32G4xx_HAL_Driver/Src/stm32g4xx_hal_tim_ex.c ****   * @brief  Initializes the TIM Hall Sensor MSP.
 301:Drivers/STM32G4xx_HAL_Driver/Src/stm32g4xx_hal_tim_ex.c ****   * @param  htim TIM Hall Sensor Interface handle
 302:Drivers/STM32G4xx_HAL_Driver/Src/stm32g4xx_hal_tim_ex.c ****   * @retval None
 303:Drivers/STM32G4xx_HAL_Driver/Src/stm32g4xx_hal_tim_ex.c ****   */
 304:Drivers/STM32G4xx_HAL_Driver/Src/stm32g4xx_hal_tim_ex.c **** __weak void HAL_TIMEx_HallSensor_MspInit(TIM_HandleTypeDef *htim)
 305:Drivers/STM32G4xx_HAL_Driver/Src/stm32g4xx_hal_tim_ex.c **** {
 306:Drivers/STM32G4xx_HAL_Driver/Src/stm32g4xx_hal_tim_ex.c ****   /* Prevent unused argument(s) compilation warning */
 307:Drivers/STM32G4xx_HAL_Driver/Src/stm32g4xx_hal_tim_ex.c ****   UNUSED(htim);
 308:Drivers/STM32G4xx_HAL_Driver/Src/stm32g4xx_hal_tim_ex.c **** 
 309:Drivers/STM32G4xx_HAL_Driver/Src/stm32g4xx_hal_tim_ex.c ****   /* NOTE : This function should not be modified, when the callback is needed,
 310:Drivers/STM32G4xx_HAL_Driver/Src/stm32g4xx_hal_tim_ex.c ****             the HAL_TIMEx_HallSensor_MspInit could be implemented in the user file
 311:Drivers/STM32G4xx_HAL_Driver/Src/stm32g4xx_hal_tim_ex.c ****    */
 312:Drivers/STM32G4xx_HAL_Driver/Src/stm32g4xx_hal_tim_ex.c **** }
 313:Drivers/STM32G4xx_HAL_Driver/Src/stm32g4xx_hal_tim_ex.c **** 
 314:Drivers/STM32G4xx_HAL_Driver/Src/stm32g4xx_hal_tim_ex.c **** /**
 315:Drivers/STM32G4xx_HAL_Driver/Src/stm32g4xx_hal_tim_ex.c ****   * @brief  DeInitializes TIM Hall Sensor MSP.
ARM GAS  /tmp/ccAXGFxz.s 			page 7


 316:Drivers/STM32G4xx_HAL_Driver/Src/stm32g4xx_hal_tim_ex.c ****   * @param  htim TIM Hall Sensor Interface handle
 317:Drivers/STM32G4xx_HAL_Driver/Src/stm32g4xx_hal_tim_ex.c ****   * @retval None
 318:Drivers/STM32G4xx_HAL_Driver/Src/stm32g4xx_hal_tim_ex.c ****   */
 319:Drivers/STM32G4xx_HAL_Driver/Src/stm32g4xx_hal_tim_ex.c **** __weak void HAL_TIMEx_HallSensor_MspDeInit(TIM_HandleTypeDef *htim)
 320:Drivers/STM32G4xx_HAL_Driver/Src/stm32g4xx_hal_tim_ex.c **** {
 321:Drivers/STM32G4xx_HAL_Driver/Src/stm32g4xx_hal_tim_ex.c ****   /* Prevent unused argument(s) compilation warning */
 322:Drivers/STM32G4xx_HAL_Driver/Src/stm32g4xx_hal_tim_ex.c ****   UNUSED(htim);
 323:Drivers/STM32G4xx_HAL_Driver/Src/stm32g4xx_hal_tim_ex.c **** 
 324:Drivers/STM32G4xx_HAL_Driver/Src/stm32g4xx_hal_tim_ex.c ****   /* NOTE : This function should not be modified, when the callback is needed,
 325:Drivers/STM32G4xx_HAL_Driver/Src/stm32g4xx_hal_tim_ex.c ****             the HAL_TIMEx_HallSensor_MspDeInit could be implemented in the user file
 326:Drivers/STM32G4xx_HAL_Driver/Src/stm32g4xx_hal_tim_ex.c ****    */
 327:Drivers/STM32G4xx_HAL_Driver/Src/stm32g4xx_hal_tim_ex.c **** }
 328:Drivers/STM32G4xx_HAL_Driver/Src/stm32g4xx_hal_tim_ex.c **** 
 329:Drivers/STM32G4xx_HAL_Driver/Src/stm32g4xx_hal_tim_ex.c **** /**
 330:Drivers/STM32G4xx_HAL_Driver/Src/stm32g4xx_hal_tim_ex.c ****   * @brief  Starts the TIM Hall Sensor Interface.
 331:Drivers/STM32G4xx_HAL_Driver/Src/stm32g4xx_hal_tim_ex.c ****   * @param  htim TIM Hall Sensor Interface handle
 332:Drivers/STM32G4xx_HAL_Driver/Src/stm32g4xx_hal_tim_ex.c ****   * @retval HAL status
 333:Drivers/STM32G4xx_HAL_Driver/Src/stm32g4xx_hal_tim_ex.c ****   */
 334:Drivers/STM32G4xx_HAL_Driver/Src/stm32g4xx_hal_tim_ex.c **** HAL_StatusTypeDef HAL_TIMEx_HallSensor_Start(TIM_HandleTypeDef *htim)
 335:Drivers/STM32G4xx_HAL_Driver/Src/stm32g4xx_hal_tim_ex.c **** {
 336:Drivers/STM32G4xx_HAL_Driver/Src/stm32g4xx_hal_tim_ex.c ****   uint32_t tmpsmcr;
 337:Drivers/STM32G4xx_HAL_Driver/Src/stm32g4xx_hal_tim_ex.c ****   HAL_TIM_ChannelStateTypeDef channel_1_state = TIM_CHANNEL_STATE_GET(htim, TIM_CHANNEL_1);
 338:Drivers/STM32G4xx_HAL_Driver/Src/stm32g4xx_hal_tim_ex.c ****   HAL_TIM_ChannelStateTypeDef channel_2_state = TIM_CHANNEL_STATE_GET(htim, TIM_CHANNEL_2);
 339:Drivers/STM32G4xx_HAL_Driver/Src/stm32g4xx_hal_tim_ex.c ****   HAL_TIM_ChannelStateTypeDef complementary_channel_1_state = TIM_CHANNEL_N_STATE_GET(htim, TIM_CHA
 340:Drivers/STM32G4xx_HAL_Driver/Src/stm32g4xx_hal_tim_ex.c ****   HAL_TIM_ChannelStateTypeDef complementary_channel_2_state = TIM_CHANNEL_N_STATE_GET(htim, TIM_CHA
 341:Drivers/STM32G4xx_HAL_Driver/Src/stm32g4xx_hal_tim_ex.c **** 
 342:Drivers/STM32G4xx_HAL_Driver/Src/stm32g4xx_hal_tim_ex.c ****   /* Check the parameters */
 343:Drivers/STM32G4xx_HAL_Driver/Src/stm32g4xx_hal_tim_ex.c ****   assert_param(IS_TIM_HALL_SENSOR_INTERFACE_INSTANCE(htim->Instance));
 344:Drivers/STM32G4xx_HAL_Driver/Src/stm32g4xx_hal_tim_ex.c **** 
 345:Drivers/STM32G4xx_HAL_Driver/Src/stm32g4xx_hal_tim_ex.c ****   /* Check the TIM channels state */
 346:Drivers/STM32G4xx_HAL_Driver/Src/stm32g4xx_hal_tim_ex.c ****   if ((channel_1_state != HAL_TIM_CHANNEL_STATE_READY)
 347:Drivers/STM32G4xx_HAL_Driver/Src/stm32g4xx_hal_tim_ex.c ****       || (channel_2_state != HAL_TIM_CHANNEL_STATE_READY)
 348:Drivers/STM32G4xx_HAL_Driver/Src/stm32g4xx_hal_tim_ex.c ****       || (complementary_channel_1_state != HAL_TIM_CHANNEL_STATE_READY)
 349:Drivers/STM32G4xx_HAL_Driver/Src/stm32g4xx_hal_tim_ex.c ****       || (complementary_channel_2_state != HAL_TIM_CHANNEL_STATE_READY))
 350:Drivers/STM32G4xx_HAL_Driver/Src/stm32g4xx_hal_tim_ex.c ****   {
 351:Drivers/STM32G4xx_HAL_Driver/Src/stm32g4xx_hal_tim_ex.c ****     return HAL_ERROR;
 352:Drivers/STM32G4xx_HAL_Driver/Src/stm32g4xx_hal_tim_ex.c ****   }
 353:Drivers/STM32G4xx_HAL_Driver/Src/stm32g4xx_hal_tim_ex.c **** 
 354:Drivers/STM32G4xx_HAL_Driver/Src/stm32g4xx_hal_tim_ex.c ****   /* Set the TIM channels state */
 355:Drivers/STM32G4xx_HAL_Driver/Src/stm32g4xx_hal_tim_ex.c ****   TIM_CHANNEL_STATE_SET(htim, TIM_CHANNEL_1, HAL_TIM_CHANNEL_STATE_BUSY);
 356:Drivers/STM32G4xx_HAL_Driver/Src/stm32g4xx_hal_tim_ex.c ****   TIM_CHANNEL_STATE_SET(htim, TIM_CHANNEL_2, HAL_TIM_CHANNEL_STATE_BUSY);
 357:Drivers/STM32G4xx_HAL_Driver/Src/stm32g4xx_hal_tim_ex.c ****   TIM_CHANNEL_N_STATE_SET(htim, TIM_CHANNEL_1, HAL_TIM_CHANNEL_STATE_BUSY);
 358:Drivers/STM32G4xx_HAL_Driver/Src/stm32g4xx_hal_tim_ex.c ****   TIM_CHANNEL_N_STATE_SET(htim, TIM_CHANNEL_2, HAL_TIM_CHANNEL_STATE_BUSY);
 359:Drivers/STM32G4xx_HAL_Driver/Src/stm32g4xx_hal_tim_ex.c **** 
 360:Drivers/STM32G4xx_HAL_Driver/Src/stm32g4xx_hal_tim_ex.c ****   /* Enable the Input Capture channel 1
 361:Drivers/STM32G4xx_HAL_Driver/Src/stm32g4xx_hal_tim_ex.c ****   (in the Hall Sensor Interface the three possible channels that can be used are TIM_CHANNEL_1,
 362:Drivers/STM32G4xx_HAL_Driver/Src/stm32g4xx_hal_tim_ex.c ****   TIM_CHANNEL_2 and TIM_CHANNEL_3) */
 363:Drivers/STM32G4xx_HAL_Driver/Src/stm32g4xx_hal_tim_ex.c ****   TIM_CCxChannelCmd(htim->Instance, TIM_CHANNEL_1, TIM_CCx_ENABLE);
 364:Drivers/STM32G4xx_HAL_Driver/Src/stm32g4xx_hal_tim_ex.c **** 
 365:Drivers/STM32G4xx_HAL_Driver/Src/stm32g4xx_hal_tim_ex.c ****   /* Enable the Peripheral, except in trigger mode where enable is automatically done with trigger 
 366:Drivers/STM32G4xx_HAL_Driver/Src/stm32g4xx_hal_tim_ex.c ****   if (IS_TIM_SLAVE_INSTANCE(htim->Instance))
 367:Drivers/STM32G4xx_HAL_Driver/Src/stm32g4xx_hal_tim_ex.c ****   {
 368:Drivers/STM32G4xx_HAL_Driver/Src/stm32g4xx_hal_tim_ex.c ****     tmpsmcr = htim->Instance->SMCR & TIM_SMCR_SMS;
 369:Drivers/STM32G4xx_HAL_Driver/Src/stm32g4xx_hal_tim_ex.c ****     if (!IS_TIM_SLAVEMODE_TRIGGER_ENABLED(tmpsmcr))
 370:Drivers/STM32G4xx_HAL_Driver/Src/stm32g4xx_hal_tim_ex.c ****     {
 371:Drivers/STM32G4xx_HAL_Driver/Src/stm32g4xx_hal_tim_ex.c ****       __HAL_TIM_ENABLE(htim);
 372:Drivers/STM32G4xx_HAL_Driver/Src/stm32g4xx_hal_tim_ex.c ****     }
ARM GAS  /tmp/ccAXGFxz.s 			page 8


 373:Drivers/STM32G4xx_HAL_Driver/Src/stm32g4xx_hal_tim_ex.c ****   }
 374:Drivers/STM32G4xx_HAL_Driver/Src/stm32g4xx_hal_tim_ex.c ****   else
 375:Drivers/STM32G4xx_HAL_Driver/Src/stm32g4xx_hal_tim_ex.c ****   {
 376:Drivers/STM32G4xx_HAL_Driver/Src/stm32g4xx_hal_tim_ex.c ****     __HAL_TIM_ENABLE(htim);
 377:Drivers/STM32G4xx_HAL_Driver/Src/stm32g4xx_hal_tim_ex.c ****   }
 378:Drivers/STM32G4xx_HAL_Driver/Src/stm32g4xx_hal_tim_ex.c **** 
 379:Drivers/STM32G4xx_HAL_Driver/Src/stm32g4xx_hal_tim_ex.c ****   /* Return function status */
 380:Drivers/STM32G4xx_HAL_Driver/Src/stm32g4xx_hal_tim_ex.c ****   return HAL_OK;
 381:Drivers/STM32G4xx_HAL_Driver/Src/stm32g4xx_hal_tim_ex.c **** }
 382:Drivers/STM32G4xx_HAL_Driver/Src/stm32g4xx_hal_tim_ex.c **** 
 383:Drivers/STM32G4xx_HAL_Driver/Src/stm32g4xx_hal_tim_ex.c **** /**
 384:Drivers/STM32G4xx_HAL_Driver/Src/stm32g4xx_hal_tim_ex.c ****   * @brief  Stops the TIM Hall sensor Interface.
 385:Drivers/STM32G4xx_HAL_Driver/Src/stm32g4xx_hal_tim_ex.c ****   * @param  htim TIM Hall Sensor Interface handle
 386:Drivers/STM32G4xx_HAL_Driver/Src/stm32g4xx_hal_tim_ex.c ****   * @retval HAL status
 387:Drivers/STM32G4xx_HAL_Driver/Src/stm32g4xx_hal_tim_ex.c ****   */
 388:Drivers/STM32G4xx_HAL_Driver/Src/stm32g4xx_hal_tim_ex.c **** HAL_StatusTypeDef HAL_TIMEx_HallSensor_Stop(TIM_HandleTypeDef *htim)
 389:Drivers/STM32G4xx_HAL_Driver/Src/stm32g4xx_hal_tim_ex.c **** {
 390:Drivers/STM32G4xx_HAL_Driver/Src/stm32g4xx_hal_tim_ex.c ****   /* Check the parameters */
 391:Drivers/STM32G4xx_HAL_Driver/Src/stm32g4xx_hal_tim_ex.c ****   assert_param(IS_TIM_HALL_SENSOR_INTERFACE_INSTANCE(htim->Instance));
 392:Drivers/STM32G4xx_HAL_Driver/Src/stm32g4xx_hal_tim_ex.c **** 
 393:Drivers/STM32G4xx_HAL_Driver/Src/stm32g4xx_hal_tim_ex.c ****   /* Disable the Input Capture channels 1, 2 and 3
 394:Drivers/STM32G4xx_HAL_Driver/Src/stm32g4xx_hal_tim_ex.c ****   (in the Hall Sensor Interface the three possible channels that can be used are TIM_CHANNEL_1,
 395:Drivers/STM32G4xx_HAL_Driver/Src/stm32g4xx_hal_tim_ex.c ****   TIM_CHANNEL_2 and TIM_CHANNEL_3) */
 396:Drivers/STM32G4xx_HAL_Driver/Src/stm32g4xx_hal_tim_ex.c ****   TIM_CCxChannelCmd(htim->Instance, TIM_CHANNEL_1, TIM_CCx_DISABLE);
 397:Drivers/STM32G4xx_HAL_Driver/Src/stm32g4xx_hal_tim_ex.c **** 
 398:Drivers/STM32G4xx_HAL_Driver/Src/stm32g4xx_hal_tim_ex.c ****   /* Disable the Peripheral */
 399:Drivers/STM32G4xx_HAL_Driver/Src/stm32g4xx_hal_tim_ex.c ****   __HAL_TIM_DISABLE(htim);
 400:Drivers/STM32G4xx_HAL_Driver/Src/stm32g4xx_hal_tim_ex.c **** 
 401:Drivers/STM32G4xx_HAL_Driver/Src/stm32g4xx_hal_tim_ex.c ****   /* Set the TIM channels state */
 402:Drivers/STM32G4xx_HAL_Driver/Src/stm32g4xx_hal_tim_ex.c ****   TIM_CHANNEL_STATE_SET(htim, TIM_CHANNEL_1, HAL_TIM_CHANNEL_STATE_READY);
 403:Drivers/STM32G4xx_HAL_Driver/Src/stm32g4xx_hal_tim_ex.c ****   TIM_CHANNEL_STATE_SET(htim, TIM_CHANNEL_2, HAL_TIM_CHANNEL_STATE_READY);
 404:Drivers/STM32G4xx_HAL_Driver/Src/stm32g4xx_hal_tim_ex.c ****   TIM_CHANNEL_N_STATE_SET(htim, TIM_CHANNEL_1, HAL_TIM_CHANNEL_STATE_READY);
 405:Drivers/STM32G4xx_HAL_Driver/Src/stm32g4xx_hal_tim_ex.c ****   TIM_CHANNEL_N_STATE_SET(htim, TIM_CHANNEL_2, HAL_TIM_CHANNEL_STATE_READY);
 406:Drivers/STM32G4xx_HAL_Driver/Src/stm32g4xx_hal_tim_ex.c **** 
 407:Drivers/STM32G4xx_HAL_Driver/Src/stm32g4xx_hal_tim_ex.c ****   /* Return function status */
 408:Drivers/STM32G4xx_HAL_Driver/Src/stm32g4xx_hal_tim_ex.c ****   return HAL_OK;
 409:Drivers/STM32G4xx_HAL_Driver/Src/stm32g4xx_hal_tim_ex.c **** }
 410:Drivers/STM32G4xx_HAL_Driver/Src/stm32g4xx_hal_tim_ex.c **** 
 411:Drivers/STM32G4xx_HAL_Driver/Src/stm32g4xx_hal_tim_ex.c **** /**
 412:Drivers/STM32G4xx_HAL_Driver/Src/stm32g4xx_hal_tim_ex.c ****   * @brief  Starts the TIM Hall Sensor Interface in interrupt mode.
 413:Drivers/STM32G4xx_HAL_Driver/Src/stm32g4xx_hal_tim_ex.c ****   * @param  htim TIM Hall Sensor Interface handle
 414:Drivers/STM32G4xx_HAL_Driver/Src/stm32g4xx_hal_tim_ex.c ****   * @retval HAL status
 415:Drivers/STM32G4xx_HAL_Driver/Src/stm32g4xx_hal_tim_ex.c ****   */
 416:Drivers/STM32G4xx_HAL_Driver/Src/stm32g4xx_hal_tim_ex.c **** HAL_StatusTypeDef HAL_TIMEx_HallSensor_Start_IT(TIM_HandleTypeDef *htim)
 417:Drivers/STM32G4xx_HAL_Driver/Src/stm32g4xx_hal_tim_ex.c **** {
 418:Drivers/STM32G4xx_HAL_Driver/Src/stm32g4xx_hal_tim_ex.c ****   uint32_t tmpsmcr;
 419:Drivers/STM32G4xx_HAL_Driver/Src/stm32g4xx_hal_tim_ex.c ****   HAL_TIM_ChannelStateTypeDef channel_1_state = TIM_CHANNEL_STATE_GET(htim, TIM_CHANNEL_1);
 420:Drivers/STM32G4xx_HAL_Driver/Src/stm32g4xx_hal_tim_ex.c ****   HAL_TIM_ChannelStateTypeDef channel_2_state = TIM_CHANNEL_STATE_GET(htim, TIM_CHANNEL_2);
 421:Drivers/STM32G4xx_HAL_Driver/Src/stm32g4xx_hal_tim_ex.c ****   HAL_TIM_ChannelStateTypeDef complementary_channel_1_state = TIM_CHANNEL_N_STATE_GET(htim, TIM_CHA
 422:Drivers/STM32G4xx_HAL_Driver/Src/stm32g4xx_hal_tim_ex.c ****   HAL_TIM_ChannelStateTypeDef complementary_channel_2_state = TIM_CHANNEL_N_STATE_GET(htim, TIM_CHA
 423:Drivers/STM32G4xx_HAL_Driver/Src/stm32g4xx_hal_tim_ex.c **** 
 424:Drivers/STM32G4xx_HAL_Driver/Src/stm32g4xx_hal_tim_ex.c ****   /* Check the parameters */
 425:Drivers/STM32G4xx_HAL_Driver/Src/stm32g4xx_hal_tim_ex.c ****   assert_param(IS_TIM_HALL_SENSOR_INTERFACE_INSTANCE(htim->Instance));
 426:Drivers/STM32G4xx_HAL_Driver/Src/stm32g4xx_hal_tim_ex.c **** 
 427:Drivers/STM32G4xx_HAL_Driver/Src/stm32g4xx_hal_tim_ex.c ****   /* Check the TIM channels state */
 428:Drivers/STM32G4xx_HAL_Driver/Src/stm32g4xx_hal_tim_ex.c ****   if ((channel_1_state != HAL_TIM_CHANNEL_STATE_READY)
 429:Drivers/STM32G4xx_HAL_Driver/Src/stm32g4xx_hal_tim_ex.c ****       || (channel_2_state != HAL_TIM_CHANNEL_STATE_READY)
ARM GAS  /tmp/ccAXGFxz.s 			page 9


 430:Drivers/STM32G4xx_HAL_Driver/Src/stm32g4xx_hal_tim_ex.c ****       || (complementary_channel_1_state != HAL_TIM_CHANNEL_STATE_READY)
 431:Drivers/STM32G4xx_HAL_Driver/Src/stm32g4xx_hal_tim_ex.c ****       || (complementary_channel_2_state != HAL_TIM_CHANNEL_STATE_READY))
 432:Drivers/STM32G4xx_HAL_Driver/Src/stm32g4xx_hal_tim_ex.c ****   {
 433:Drivers/STM32G4xx_HAL_Driver/Src/stm32g4xx_hal_tim_ex.c ****     return HAL_ERROR;
 434:Drivers/STM32G4xx_HAL_Driver/Src/stm32g4xx_hal_tim_ex.c ****   }
 435:Drivers/STM32G4xx_HAL_Driver/Src/stm32g4xx_hal_tim_ex.c **** 
 436:Drivers/STM32G4xx_HAL_Driver/Src/stm32g4xx_hal_tim_ex.c ****   /* Set the TIM channels state */
 437:Drivers/STM32G4xx_HAL_Driver/Src/stm32g4xx_hal_tim_ex.c ****   TIM_CHANNEL_STATE_SET(htim, TIM_CHANNEL_1, HAL_TIM_CHANNEL_STATE_BUSY);
 438:Drivers/STM32G4xx_HAL_Driver/Src/stm32g4xx_hal_tim_ex.c ****   TIM_CHANNEL_STATE_SET(htim, TIM_CHANNEL_2, HAL_TIM_CHANNEL_STATE_BUSY);
 439:Drivers/STM32G4xx_HAL_Driver/Src/stm32g4xx_hal_tim_ex.c ****   TIM_CHANNEL_N_STATE_SET(htim, TIM_CHANNEL_1, HAL_TIM_CHANNEL_STATE_BUSY);
 440:Drivers/STM32G4xx_HAL_Driver/Src/stm32g4xx_hal_tim_ex.c ****   TIM_CHANNEL_N_STATE_SET(htim, TIM_CHANNEL_2, HAL_TIM_CHANNEL_STATE_BUSY);
 441:Drivers/STM32G4xx_HAL_Driver/Src/stm32g4xx_hal_tim_ex.c **** 
 442:Drivers/STM32G4xx_HAL_Driver/Src/stm32g4xx_hal_tim_ex.c ****   /* Enable the capture compare Interrupts 1 event */
 443:Drivers/STM32G4xx_HAL_Driver/Src/stm32g4xx_hal_tim_ex.c ****   __HAL_TIM_ENABLE_IT(htim, TIM_IT_CC1);
 444:Drivers/STM32G4xx_HAL_Driver/Src/stm32g4xx_hal_tim_ex.c **** 
 445:Drivers/STM32G4xx_HAL_Driver/Src/stm32g4xx_hal_tim_ex.c ****   /* Enable the Input Capture channel 1
 446:Drivers/STM32G4xx_HAL_Driver/Src/stm32g4xx_hal_tim_ex.c ****   (in the Hall Sensor Interface the three possible channels that can be used are TIM_CHANNEL_1,
 447:Drivers/STM32G4xx_HAL_Driver/Src/stm32g4xx_hal_tim_ex.c ****   TIM_CHANNEL_2 and TIM_CHANNEL_3) */
 448:Drivers/STM32G4xx_HAL_Driver/Src/stm32g4xx_hal_tim_ex.c ****   TIM_CCxChannelCmd(htim->Instance, TIM_CHANNEL_1, TIM_CCx_ENABLE);
 449:Drivers/STM32G4xx_HAL_Driver/Src/stm32g4xx_hal_tim_ex.c **** 
 450:Drivers/STM32G4xx_HAL_Driver/Src/stm32g4xx_hal_tim_ex.c ****   /* Enable the Peripheral, except in trigger mode where enable is automatically done with trigger 
 451:Drivers/STM32G4xx_HAL_Driver/Src/stm32g4xx_hal_tim_ex.c ****   if (IS_TIM_SLAVE_INSTANCE(htim->Instance))
 452:Drivers/STM32G4xx_HAL_Driver/Src/stm32g4xx_hal_tim_ex.c ****   {
 453:Drivers/STM32G4xx_HAL_Driver/Src/stm32g4xx_hal_tim_ex.c ****     tmpsmcr = htim->Instance->SMCR & TIM_SMCR_SMS;
 454:Drivers/STM32G4xx_HAL_Driver/Src/stm32g4xx_hal_tim_ex.c ****     if (!IS_TIM_SLAVEMODE_TRIGGER_ENABLED(tmpsmcr))
 455:Drivers/STM32G4xx_HAL_Driver/Src/stm32g4xx_hal_tim_ex.c ****     {
 456:Drivers/STM32G4xx_HAL_Driver/Src/stm32g4xx_hal_tim_ex.c ****       __HAL_TIM_ENABLE(htim);
 457:Drivers/STM32G4xx_HAL_Driver/Src/stm32g4xx_hal_tim_ex.c ****     }
 458:Drivers/STM32G4xx_HAL_Driver/Src/stm32g4xx_hal_tim_ex.c ****   }
 459:Drivers/STM32G4xx_HAL_Driver/Src/stm32g4xx_hal_tim_ex.c ****   else
 460:Drivers/STM32G4xx_HAL_Driver/Src/stm32g4xx_hal_tim_ex.c ****   {
 461:Drivers/STM32G4xx_HAL_Driver/Src/stm32g4xx_hal_tim_ex.c ****     __HAL_TIM_ENABLE(htim);
 462:Drivers/STM32G4xx_HAL_Driver/Src/stm32g4xx_hal_tim_ex.c ****   }
 463:Drivers/STM32G4xx_HAL_Driver/Src/stm32g4xx_hal_tim_ex.c **** 
 464:Drivers/STM32G4xx_HAL_Driver/Src/stm32g4xx_hal_tim_ex.c ****   /* Return function status */
 465:Drivers/STM32G4xx_HAL_Driver/Src/stm32g4xx_hal_tim_ex.c ****   return HAL_OK;
 466:Drivers/STM32G4xx_HAL_Driver/Src/stm32g4xx_hal_tim_ex.c **** }
 467:Drivers/STM32G4xx_HAL_Driver/Src/stm32g4xx_hal_tim_ex.c **** 
 468:Drivers/STM32G4xx_HAL_Driver/Src/stm32g4xx_hal_tim_ex.c **** /**
 469:Drivers/STM32G4xx_HAL_Driver/Src/stm32g4xx_hal_tim_ex.c ****   * @brief  Stops the TIM Hall Sensor Interface in interrupt mode.
 470:Drivers/STM32G4xx_HAL_Driver/Src/stm32g4xx_hal_tim_ex.c ****   * @param  htim TIM Hall Sensor Interface handle
 471:Drivers/STM32G4xx_HAL_Driver/Src/stm32g4xx_hal_tim_ex.c ****   * @retval HAL status
 472:Drivers/STM32G4xx_HAL_Driver/Src/stm32g4xx_hal_tim_ex.c ****   */
 473:Drivers/STM32G4xx_HAL_Driver/Src/stm32g4xx_hal_tim_ex.c **** HAL_StatusTypeDef HAL_TIMEx_HallSensor_Stop_IT(TIM_HandleTypeDef *htim)
 474:Drivers/STM32G4xx_HAL_Driver/Src/stm32g4xx_hal_tim_ex.c **** {
 475:Drivers/STM32G4xx_HAL_Driver/Src/stm32g4xx_hal_tim_ex.c ****   /* Check the parameters */
 476:Drivers/STM32G4xx_HAL_Driver/Src/stm32g4xx_hal_tim_ex.c ****   assert_param(IS_TIM_HALL_SENSOR_INTERFACE_INSTANCE(htim->Instance));
 477:Drivers/STM32G4xx_HAL_Driver/Src/stm32g4xx_hal_tim_ex.c **** 
 478:Drivers/STM32G4xx_HAL_Driver/Src/stm32g4xx_hal_tim_ex.c ****   /* Disable the Input Capture channel 1
 479:Drivers/STM32G4xx_HAL_Driver/Src/stm32g4xx_hal_tim_ex.c ****   (in the Hall Sensor Interface the three possible channels that can be used are TIM_CHANNEL_1,
 480:Drivers/STM32G4xx_HAL_Driver/Src/stm32g4xx_hal_tim_ex.c ****   TIM_CHANNEL_2 and TIM_CHANNEL_3) */
 481:Drivers/STM32G4xx_HAL_Driver/Src/stm32g4xx_hal_tim_ex.c ****   TIM_CCxChannelCmd(htim->Instance, TIM_CHANNEL_1, TIM_CCx_DISABLE);
 482:Drivers/STM32G4xx_HAL_Driver/Src/stm32g4xx_hal_tim_ex.c **** 
 483:Drivers/STM32G4xx_HAL_Driver/Src/stm32g4xx_hal_tim_ex.c ****   /* Disable the capture compare Interrupts event */
 484:Drivers/STM32G4xx_HAL_Driver/Src/stm32g4xx_hal_tim_ex.c ****   __HAL_TIM_DISABLE_IT(htim, TIM_IT_CC1);
 485:Drivers/STM32G4xx_HAL_Driver/Src/stm32g4xx_hal_tim_ex.c **** 
 486:Drivers/STM32G4xx_HAL_Driver/Src/stm32g4xx_hal_tim_ex.c ****   /* Disable the Peripheral */
ARM GAS  /tmp/ccAXGFxz.s 			page 10


 487:Drivers/STM32G4xx_HAL_Driver/Src/stm32g4xx_hal_tim_ex.c ****   __HAL_TIM_DISABLE(htim);
 488:Drivers/STM32G4xx_HAL_Driver/Src/stm32g4xx_hal_tim_ex.c **** 
 489:Drivers/STM32G4xx_HAL_Driver/Src/stm32g4xx_hal_tim_ex.c ****   /* Set the TIM channels state */
 490:Drivers/STM32G4xx_HAL_Driver/Src/stm32g4xx_hal_tim_ex.c ****   TIM_CHANNEL_STATE_SET(htim, TIM_CHANNEL_1, HAL_TIM_CHANNEL_STATE_READY);
 491:Drivers/STM32G4xx_HAL_Driver/Src/stm32g4xx_hal_tim_ex.c ****   TIM_CHANNEL_STATE_SET(htim, TIM_CHANNEL_2, HAL_TIM_CHANNEL_STATE_READY);
 492:Drivers/STM32G4xx_HAL_Driver/Src/stm32g4xx_hal_tim_ex.c ****   TIM_CHANNEL_N_STATE_SET(htim, TIM_CHANNEL_1, HAL_TIM_CHANNEL_STATE_READY);
 493:Drivers/STM32G4xx_HAL_Driver/Src/stm32g4xx_hal_tim_ex.c ****   TIM_CHANNEL_N_STATE_SET(htim, TIM_CHANNEL_2, HAL_TIM_CHANNEL_STATE_READY);
 494:Drivers/STM32G4xx_HAL_Driver/Src/stm32g4xx_hal_tim_ex.c **** 
 495:Drivers/STM32G4xx_HAL_Driver/Src/stm32g4xx_hal_tim_ex.c ****   /* Return function status */
 496:Drivers/STM32G4xx_HAL_Driver/Src/stm32g4xx_hal_tim_ex.c ****   return HAL_OK;
 497:Drivers/STM32G4xx_HAL_Driver/Src/stm32g4xx_hal_tim_ex.c **** }
 498:Drivers/STM32G4xx_HAL_Driver/Src/stm32g4xx_hal_tim_ex.c **** 
 499:Drivers/STM32G4xx_HAL_Driver/Src/stm32g4xx_hal_tim_ex.c **** /**
 500:Drivers/STM32G4xx_HAL_Driver/Src/stm32g4xx_hal_tim_ex.c ****   * @brief  Starts the TIM Hall Sensor Interface in DMA mode.
 501:Drivers/STM32G4xx_HAL_Driver/Src/stm32g4xx_hal_tim_ex.c ****   * @param  htim TIM Hall Sensor Interface handle
 502:Drivers/STM32G4xx_HAL_Driver/Src/stm32g4xx_hal_tim_ex.c ****   * @param  pData The destination Buffer address.
 503:Drivers/STM32G4xx_HAL_Driver/Src/stm32g4xx_hal_tim_ex.c ****   * @param  Length The length of data to be transferred from TIM peripheral to memory.
 504:Drivers/STM32G4xx_HAL_Driver/Src/stm32g4xx_hal_tim_ex.c ****   * @retval HAL status
 505:Drivers/STM32G4xx_HAL_Driver/Src/stm32g4xx_hal_tim_ex.c ****   */
 506:Drivers/STM32G4xx_HAL_Driver/Src/stm32g4xx_hal_tim_ex.c **** HAL_StatusTypeDef HAL_TIMEx_HallSensor_Start_DMA(TIM_HandleTypeDef *htim, uint32_t *pData, uint16_t
 507:Drivers/STM32G4xx_HAL_Driver/Src/stm32g4xx_hal_tim_ex.c **** {
 508:Drivers/STM32G4xx_HAL_Driver/Src/stm32g4xx_hal_tim_ex.c ****   uint32_t tmpsmcr;
 509:Drivers/STM32G4xx_HAL_Driver/Src/stm32g4xx_hal_tim_ex.c ****   HAL_TIM_ChannelStateTypeDef channel_1_state = TIM_CHANNEL_STATE_GET(htim, TIM_CHANNEL_1);
 510:Drivers/STM32G4xx_HAL_Driver/Src/stm32g4xx_hal_tim_ex.c ****   HAL_TIM_ChannelStateTypeDef complementary_channel_1_state = TIM_CHANNEL_N_STATE_GET(htim, TIM_CHA
 511:Drivers/STM32G4xx_HAL_Driver/Src/stm32g4xx_hal_tim_ex.c **** 
 512:Drivers/STM32G4xx_HAL_Driver/Src/stm32g4xx_hal_tim_ex.c ****   /* Check the parameters */
 513:Drivers/STM32G4xx_HAL_Driver/Src/stm32g4xx_hal_tim_ex.c ****   assert_param(IS_TIM_HALL_SENSOR_INTERFACE_INSTANCE(htim->Instance));
 514:Drivers/STM32G4xx_HAL_Driver/Src/stm32g4xx_hal_tim_ex.c **** 
 515:Drivers/STM32G4xx_HAL_Driver/Src/stm32g4xx_hal_tim_ex.c ****   /* Set the TIM channel state */
 516:Drivers/STM32G4xx_HAL_Driver/Src/stm32g4xx_hal_tim_ex.c ****   if ((channel_1_state == HAL_TIM_CHANNEL_STATE_BUSY)
 517:Drivers/STM32G4xx_HAL_Driver/Src/stm32g4xx_hal_tim_ex.c ****       || (complementary_channel_1_state == HAL_TIM_CHANNEL_STATE_BUSY))
 518:Drivers/STM32G4xx_HAL_Driver/Src/stm32g4xx_hal_tim_ex.c ****   {
 519:Drivers/STM32G4xx_HAL_Driver/Src/stm32g4xx_hal_tim_ex.c ****     return HAL_BUSY;
 520:Drivers/STM32G4xx_HAL_Driver/Src/stm32g4xx_hal_tim_ex.c ****   }
 521:Drivers/STM32G4xx_HAL_Driver/Src/stm32g4xx_hal_tim_ex.c ****   else if ((channel_1_state == HAL_TIM_CHANNEL_STATE_READY)
 522:Drivers/STM32G4xx_HAL_Driver/Src/stm32g4xx_hal_tim_ex.c ****            && (complementary_channel_1_state == HAL_TIM_CHANNEL_STATE_READY))
 523:Drivers/STM32G4xx_HAL_Driver/Src/stm32g4xx_hal_tim_ex.c ****   {
 524:Drivers/STM32G4xx_HAL_Driver/Src/stm32g4xx_hal_tim_ex.c ****     if ((pData == NULL) || (Length == 0U))
 525:Drivers/STM32G4xx_HAL_Driver/Src/stm32g4xx_hal_tim_ex.c ****     {
 526:Drivers/STM32G4xx_HAL_Driver/Src/stm32g4xx_hal_tim_ex.c ****       return HAL_ERROR;
 527:Drivers/STM32G4xx_HAL_Driver/Src/stm32g4xx_hal_tim_ex.c ****     }
 528:Drivers/STM32G4xx_HAL_Driver/Src/stm32g4xx_hal_tim_ex.c ****     else
 529:Drivers/STM32G4xx_HAL_Driver/Src/stm32g4xx_hal_tim_ex.c ****     {
 530:Drivers/STM32G4xx_HAL_Driver/Src/stm32g4xx_hal_tim_ex.c ****       TIM_CHANNEL_STATE_SET(htim, TIM_CHANNEL_1, HAL_TIM_CHANNEL_STATE_BUSY);
 531:Drivers/STM32G4xx_HAL_Driver/Src/stm32g4xx_hal_tim_ex.c ****       TIM_CHANNEL_N_STATE_SET(htim, TIM_CHANNEL_1, HAL_TIM_CHANNEL_STATE_BUSY);
 532:Drivers/STM32G4xx_HAL_Driver/Src/stm32g4xx_hal_tim_ex.c ****     }
 533:Drivers/STM32G4xx_HAL_Driver/Src/stm32g4xx_hal_tim_ex.c ****   }
 534:Drivers/STM32G4xx_HAL_Driver/Src/stm32g4xx_hal_tim_ex.c ****   else
 535:Drivers/STM32G4xx_HAL_Driver/Src/stm32g4xx_hal_tim_ex.c ****   {
 536:Drivers/STM32G4xx_HAL_Driver/Src/stm32g4xx_hal_tim_ex.c ****     return HAL_ERROR;
 537:Drivers/STM32G4xx_HAL_Driver/Src/stm32g4xx_hal_tim_ex.c ****   }
 538:Drivers/STM32G4xx_HAL_Driver/Src/stm32g4xx_hal_tim_ex.c **** 
 539:Drivers/STM32G4xx_HAL_Driver/Src/stm32g4xx_hal_tim_ex.c ****   /* Enable the Input Capture channel 1
 540:Drivers/STM32G4xx_HAL_Driver/Src/stm32g4xx_hal_tim_ex.c ****   (in the Hall Sensor Interface the three possible channels that can be used are TIM_CHANNEL_1,
 541:Drivers/STM32G4xx_HAL_Driver/Src/stm32g4xx_hal_tim_ex.c ****   TIM_CHANNEL_2 and TIM_CHANNEL_3) */
 542:Drivers/STM32G4xx_HAL_Driver/Src/stm32g4xx_hal_tim_ex.c ****   TIM_CCxChannelCmd(htim->Instance, TIM_CHANNEL_1, TIM_CCx_ENABLE);
 543:Drivers/STM32G4xx_HAL_Driver/Src/stm32g4xx_hal_tim_ex.c **** 
ARM GAS  /tmp/ccAXGFxz.s 			page 11


 544:Drivers/STM32G4xx_HAL_Driver/Src/stm32g4xx_hal_tim_ex.c ****   /* Set the DMA Input Capture 1 Callbacks */
 545:Drivers/STM32G4xx_HAL_Driver/Src/stm32g4xx_hal_tim_ex.c ****   htim->hdma[TIM_DMA_ID_CC1]->XferCpltCallback = TIM_DMACaptureCplt;
 546:Drivers/STM32G4xx_HAL_Driver/Src/stm32g4xx_hal_tim_ex.c ****   htim->hdma[TIM_DMA_ID_CC1]->XferHalfCpltCallback = TIM_DMACaptureHalfCplt;
 547:Drivers/STM32G4xx_HAL_Driver/Src/stm32g4xx_hal_tim_ex.c ****   /* Set the DMA error callback */
 548:Drivers/STM32G4xx_HAL_Driver/Src/stm32g4xx_hal_tim_ex.c ****   htim->hdma[TIM_DMA_ID_CC1]->XferErrorCallback = TIM_DMAError ;
 549:Drivers/STM32G4xx_HAL_Driver/Src/stm32g4xx_hal_tim_ex.c **** 
 550:Drivers/STM32G4xx_HAL_Driver/Src/stm32g4xx_hal_tim_ex.c ****   /* Enable the DMA channel for Capture 1*/
 551:Drivers/STM32G4xx_HAL_Driver/Src/stm32g4xx_hal_tim_ex.c ****   if (HAL_DMA_Start_IT(htim->hdma[TIM_DMA_ID_CC1], (uint32_t)&htim->Instance->CCR1, (uint32_t)pData
 552:Drivers/STM32G4xx_HAL_Driver/Src/stm32g4xx_hal_tim_ex.c ****   {
 553:Drivers/STM32G4xx_HAL_Driver/Src/stm32g4xx_hal_tim_ex.c ****     /* Return error status */
 554:Drivers/STM32G4xx_HAL_Driver/Src/stm32g4xx_hal_tim_ex.c ****     return HAL_ERROR;
 555:Drivers/STM32G4xx_HAL_Driver/Src/stm32g4xx_hal_tim_ex.c ****   }
 556:Drivers/STM32G4xx_HAL_Driver/Src/stm32g4xx_hal_tim_ex.c ****   /* Enable the capture compare 1 Interrupt */
 557:Drivers/STM32G4xx_HAL_Driver/Src/stm32g4xx_hal_tim_ex.c ****   __HAL_TIM_ENABLE_DMA(htim, TIM_DMA_CC1);
 558:Drivers/STM32G4xx_HAL_Driver/Src/stm32g4xx_hal_tim_ex.c **** 
 559:Drivers/STM32G4xx_HAL_Driver/Src/stm32g4xx_hal_tim_ex.c ****   /* Enable the Peripheral, except in trigger mode where enable is automatically done with trigger 
 560:Drivers/STM32G4xx_HAL_Driver/Src/stm32g4xx_hal_tim_ex.c ****   if (IS_TIM_SLAVE_INSTANCE(htim->Instance))
 561:Drivers/STM32G4xx_HAL_Driver/Src/stm32g4xx_hal_tim_ex.c ****   {
 562:Drivers/STM32G4xx_HAL_Driver/Src/stm32g4xx_hal_tim_ex.c ****     tmpsmcr = htim->Instance->SMCR & TIM_SMCR_SMS;
 563:Drivers/STM32G4xx_HAL_Driver/Src/stm32g4xx_hal_tim_ex.c ****     if (!IS_TIM_SLAVEMODE_TRIGGER_ENABLED(tmpsmcr))
 564:Drivers/STM32G4xx_HAL_Driver/Src/stm32g4xx_hal_tim_ex.c ****     {
 565:Drivers/STM32G4xx_HAL_Driver/Src/stm32g4xx_hal_tim_ex.c ****       __HAL_TIM_ENABLE(htim);
 566:Drivers/STM32G4xx_HAL_Driver/Src/stm32g4xx_hal_tim_ex.c ****     }
 567:Drivers/STM32G4xx_HAL_Driver/Src/stm32g4xx_hal_tim_ex.c ****   }
 568:Drivers/STM32G4xx_HAL_Driver/Src/stm32g4xx_hal_tim_ex.c ****   else
 569:Drivers/STM32G4xx_HAL_Driver/Src/stm32g4xx_hal_tim_ex.c ****   {
 570:Drivers/STM32G4xx_HAL_Driver/Src/stm32g4xx_hal_tim_ex.c ****     __HAL_TIM_ENABLE(htim);
 571:Drivers/STM32G4xx_HAL_Driver/Src/stm32g4xx_hal_tim_ex.c ****   }
 572:Drivers/STM32G4xx_HAL_Driver/Src/stm32g4xx_hal_tim_ex.c **** 
 573:Drivers/STM32G4xx_HAL_Driver/Src/stm32g4xx_hal_tim_ex.c ****   /* Return function status */
 574:Drivers/STM32G4xx_HAL_Driver/Src/stm32g4xx_hal_tim_ex.c ****   return HAL_OK;
 575:Drivers/STM32G4xx_HAL_Driver/Src/stm32g4xx_hal_tim_ex.c **** }
 576:Drivers/STM32G4xx_HAL_Driver/Src/stm32g4xx_hal_tim_ex.c **** 
 577:Drivers/STM32G4xx_HAL_Driver/Src/stm32g4xx_hal_tim_ex.c **** /**
 578:Drivers/STM32G4xx_HAL_Driver/Src/stm32g4xx_hal_tim_ex.c ****   * @brief  Stops the TIM Hall Sensor Interface in DMA mode.
 579:Drivers/STM32G4xx_HAL_Driver/Src/stm32g4xx_hal_tim_ex.c ****   * @param  htim TIM Hall Sensor Interface handle
 580:Drivers/STM32G4xx_HAL_Driver/Src/stm32g4xx_hal_tim_ex.c ****   * @retval HAL status
 581:Drivers/STM32G4xx_HAL_Driver/Src/stm32g4xx_hal_tim_ex.c ****   */
 582:Drivers/STM32G4xx_HAL_Driver/Src/stm32g4xx_hal_tim_ex.c **** HAL_StatusTypeDef HAL_TIMEx_HallSensor_Stop_DMA(TIM_HandleTypeDef *htim)
 583:Drivers/STM32G4xx_HAL_Driver/Src/stm32g4xx_hal_tim_ex.c **** {
 584:Drivers/STM32G4xx_HAL_Driver/Src/stm32g4xx_hal_tim_ex.c ****   /* Check the parameters */
 585:Drivers/STM32G4xx_HAL_Driver/Src/stm32g4xx_hal_tim_ex.c ****   assert_param(IS_TIM_HALL_SENSOR_INTERFACE_INSTANCE(htim->Instance));
 586:Drivers/STM32G4xx_HAL_Driver/Src/stm32g4xx_hal_tim_ex.c **** 
 587:Drivers/STM32G4xx_HAL_Driver/Src/stm32g4xx_hal_tim_ex.c ****   /* Disable the Input Capture channel 1
 588:Drivers/STM32G4xx_HAL_Driver/Src/stm32g4xx_hal_tim_ex.c ****   (in the Hall Sensor Interface the three possible channels that can be used are TIM_CHANNEL_1,
 589:Drivers/STM32G4xx_HAL_Driver/Src/stm32g4xx_hal_tim_ex.c ****   TIM_CHANNEL_2 and TIM_CHANNEL_3) */
 590:Drivers/STM32G4xx_HAL_Driver/Src/stm32g4xx_hal_tim_ex.c ****   TIM_CCxChannelCmd(htim->Instance, TIM_CHANNEL_1, TIM_CCx_DISABLE);
 591:Drivers/STM32G4xx_HAL_Driver/Src/stm32g4xx_hal_tim_ex.c **** 
 592:Drivers/STM32G4xx_HAL_Driver/Src/stm32g4xx_hal_tim_ex.c **** 
 593:Drivers/STM32G4xx_HAL_Driver/Src/stm32g4xx_hal_tim_ex.c ****   /* Disable the capture compare Interrupts 1 event */
 594:Drivers/STM32G4xx_HAL_Driver/Src/stm32g4xx_hal_tim_ex.c ****   __HAL_TIM_DISABLE_DMA(htim, TIM_DMA_CC1);
 595:Drivers/STM32G4xx_HAL_Driver/Src/stm32g4xx_hal_tim_ex.c **** 
 596:Drivers/STM32G4xx_HAL_Driver/Src/stm32g4xx_hal_tim_ex.c ****   (void)HAL_DMA_Abort_IT(htim->hdma[TIM_DMA_ID_CC1]);
 597:Drivers/STM32G4xx_HAL_Driver/Src/stm32g4xx_hal_tim_ex.c **** 
 598:Drivers/STM32G4xx_HAL_Driver/Src/stm32g4xx_hal_tim_ex.c ****   /* Disable the Peripheral */
 599:Drivers/STM32G4xx_HAL_Driver/Src/stm32g4xx_hal_tim_ex.c ****   __HAL_TIM_DISABLE(htim);
 600:Drivers/STM32G4xx_HAL_Driver/Src/stm32g4xx_hal_tim_ex.c **** 
ARM GAS  /tmp/ccAXGFxz.s 			page 12


 601:Drivers/STM32G4xx_HAL_Driver/Src/stm32g4xx_hal_tim_ex.c ****   /* Set the TIM channel state */
 602:Drivers/STM32G4xx_HAL_Driver/Src/stm32g4xx_hal_tim_ex.c ****   TIM_CHANNEL_STATE_SET(htim, TIM_CHANNEL_1, HAL_TIM_CHANNEL_STATE_READY);
 603:Drivers/STM32G4xx_HAL_Driver/Src/stm32g4xx_hal_tim_ex.c ****   TIM_CHANNEL_N_STATE_SET(htim, TIM_CHANNEL_1, HAL_TIM_CHANNEL_STATE_READY);
 604:Drivers/STM32G4xx_HAL_Driver/Src/stm32g4xx_hal_tim_ex.c **** 
 605:Drivers/STM32G4xx_HAL_Driver/Src/stm32g4xx_hal_tim_ex.c ****   /* Return function status */
 606:Drivers/STM32G4xx_HAL_Driver/Src/stm32g4xx_hal_tim_ex.c ****   return HAL_OK;
 607:Drivers/STM32G4xx_HAL_Driver/Src/stm32g4xx_hal_tim_ex.c **** }
 608:Drivers/STM32G4xx_HAL_Driver/Src/stm32g4xx_hal_tim_ex.c **** 
 609:Drivers/STM32G4xx_HAL_Driver/Src/stm32g4xx_hal_tim_ex.c **** /**
 610:Drivers/STM32G4xx_HAL_Driver/Src/stm32g4xx_hal_tim_ex.c ****   * @}
 611:Drivers/STM32G4xx_HAL_Driver/Src/stm32g4xx_hal_tim_ex.c ****   */
 612:Drivers/STM32G4xx_HAL_Driver/Src/stm32g4xx_hal_tim_ex.c **** 
 613:Drivers/STM32G4xx_HAL_Driver/Src/stm32g4xx_hal_tim_ex.c **** /** @defgroup TIMEx_Exported_Functions_Group2 Extended Timer Complementary Output Compare functions
 614:Drivers/STM32G4xx_HAL_Driver/Src/stm32g4xx_hal_tim_ex.c ****   *  @brief   Timer Complementary Output Compare functions
 615:Drivers/STM32G4xx_HAL_Driver/Src/stm32g4xx_hal_tim_ex.c ****   *
 616:Drivers/STM32G4xx_HAL_Driver/Src/stm32g4xx_hal_tim_ex.c **** @verbatim
 617:Drivers/STM32G4xx_HAL_Driver/Src/stm32g4xx_hal_tim_ex.c ****   ==============================================================================
 618:Drivers/STM32G4xx_HAL_Driver/Src/stm32g4xx_hal_tim_ex.c ****               ##### Timer Complementary Output Compare functions #####
 619:Drivers/STM32G4xx_HAL_Driver/Src/stm32g4xx_hal_tim_ex.c ****   ==============================================================================
 620:Drivers/STM32G4xx_HAL_Driver/Src/stm32g4xx_hal_tim_ex.c ****   [..]
 621:Drivers/STM32G4xx_HAL_Driver/Src/stm32g4xx_hal_tim_ex.c ****     This section provides functions allowing to:
 622:Drivers/STM32G4xx_HAL_Driver/Src/stm32g4xx_hal_tim_ex.c ****     (+) Start the Complementary Output Compare/PWM.
 623:Drivers/STM32G4xx_HAL_Driver/Src/stm32g4xx_hal_tim_ex.c ****     (+) Stop the Complementary Output Compare/PWM.
 624:Drivers/STM32G4xx_HAL_Driver/Src/stm32g4xx_hal_tim_ex.c ****     (+) Start the Complementary Output Compare/PWM and enable interrupts.
 625:Drivers/STM32G4xx_HAL_Driver/Src/stm32g4xx_hal_tim_ex.c ****     (+) Stop the Complementary Output Compare/PWM and disable interrupts.
 626:Drivers/STM32G4xx_HAL_Driver/Src/stm32g4xx_hal_tim_ex.c ****     (+) Start the Complementary Output Compare/PWM and enable DMA transfers.
 627:Drivers/STM32G4xx_HAL_Driver/Src/stm32g4xx_hal_tim_ex.c ****     (+) Stop the Complementary Output Compare/PWM and disable DMA transfers.
 628:Drivers/STM32G4xx_HAL_Driver/Src/stm32g4xx_hal_tim_ex.c **** 
 629:Drivers/STM32G4xx_HAL_Driver/Src/stm32g4xx_hal_tim_ex.c **** @endverbatim
 630:Drivers/STM32G4xx_HAL_Driver/Src/stm32g4xx_hal_tim_ex.c ****   * @{
 631:Drivers/STM32G4xx_HAL_Driver/Src/stm32g4xx_hal_tim_ex.c ****   */
 632:Drivers/STM32G4xx_HAL_Driver/Src/stm32g4xx_hal_tim_ex.c **** 
 633:Drivers/STM32G4xx_HAL_Driver/Src/stm32g4xx_hal_tim_ex.c **** /**
 634:Drivers/STM32G4xx_HAL_Driver/Src/stm32g4xx_hal_tim_ex.c ****   * @brief  Starts the TIM Output Compare signal generation on the complementary
 635:Drivers/STM32G4xx_HAL_Driver/Src/stm32g4xx_hal_tim_ex.c ****   *         output.
 636:Drivers/STM32G4xx_HAL_Driver/Src/stm32g4xx_hal_tim_ex.c ****   * @param  htim TIM Output Compare handle
 637:Drivers/STM32G4xx_HAL_Driver/Src/stm32g4xx_hal_tim_ex.c ****   * @param  Channel TIM Channel to be enabled
 638:Drivers/STM32G4xx_HAL_Driver/Src/stm32g4xx_hal_tim_ex.c ****   *          This parameter can be one of the following values:
 639:Drivers/STM32G4xx_HAL_Driver/Src/stm32g4xx_hal_tim_ex.c ****   *            @arg TIM_CHANNEL_1: TIM Channel 1 selected
 640:Drivers/STM32G4xx_HAL_Driver/Src/stm32g4xx_hal_tim_ex.c ****   *            @arg TIM_CHANNEL_2: TIM Channel 2 selected
 641:Drivers/STM32G4xx_HAL_Driver/Src/stm32g4xx_hal_tim_ex.c ****   *            @arg TIM_CHANNEL_3: TIM Channel 3 selected
 642:Drivers/STM32G4xx_HAL_Driver/Src/stm32g4xx_hal_tim_ex.c ****   *            @arg TIM_CHANNEL_4: TIM Channel 4 selected
 643:Drivers/STM32G4xx_HAL_Driver/Src/stm32g4xx_hal_tim_ex.c ****   * @retval HAL status
 644:Drivers/STM32G4xx_HAL_Driver/Src/stm32g4xx_hal_tim_ex.c ****   */
 645:Drivers/STM32G4xx_HAL_Driver/Src/stm32g4xx_hal_tim_ex.c **** HAL_StatusTypeDef HAL_TIMEx_OCN_Start(TIM_HandleTypeDef *htim, uint32_t Channel)
 646:Drivers/STM32G4xx_HAL_Driver/Src/stm32g4xx_hal_tim_ex.c **** {
 647:Drivers/STM32G4xx_HAL_Driver/Src/stm32g4xx_hal_tim_ex.c ****   uint32_t tmpsmcr;
 648:Drivers/STM32G4xx_HAL_Driver/Src/stm32g4xx_hal_tim_ex.c **** 
 649:Drivers/STM32G4xx_HAL_Driver/Src/stm32g4xx_hal_tim_ex.c ****   /* Check the parameters */
 650:Drivers/STM32G4xx_HAL_Driver/Src/stm32g4xx_hal_tim_ex.c ****   assert_param(IS_TIM_CCXN_INSTANCE(htim->Instance, Channel));
 651:Drivers/STM32G4xx_HAL_Driver/Src/stm32g4xx_hal_tim_ex.c **** 
 652:Drivers/STM32G4xx_HAL_Driver/Src/stm32g4xx_hal_tim_ex.c ****   /* Check the TIM complementary channel state */
 653:Drivers/STM32G4xx_HAL_Driver/Src/stm32g4xx_hal_tim_ex.c ****   if (TIM_CHANNEL_N_STATE_GET(htim, Channel) != HAL_TIM_CHANNEL_STATE_READY)
 654:Drivers/STM32G4xx_HAL_Driver/Src/stm32g4xx_hal_tim_ex.c ****   {
 655:Drivers/STM32G4xx_HAL_Driver/Src/stm32g4xx_hal_tim_ex.c ****     return HAL_ERROR;
 656:Drivers/STM32G4xx_HAL_Driver/Src/stm32g4xx_hal_tim_ex.c ****   }
 657:Drivers/STM32G4xx_HAL_Driver/Src/stm32g4xx_hal_tim_ex.c **** 
ARM GAS  /tmp/ccAXGFxz.s 			page 13


 658:Drivers/STM32G4xx_HAL_Driver/Src/stm32g4xx_hal_tim_ex.c ****   /* Set the TIM complementary channel state */
 659:Drivers/STM32G4xx_HAL_Driver/Src/stm32g4xx_hal_tim_ex.c ****   TIM_CHANNEL_N_STATE_SET(htim, Channel, HAL_TIM_CHANNEL_STATE_BUSY);
 660:Drivers/STM32G4xx_HAL_Driver/Src/stm32g4xx_hal_tim_ex.c **** 
 661:Drivers/STM32G4xx_HAL_Driver/Src/stm32g4xx_hal_tim_ex.c ****   /* Enable the Capture compare channel N */
 662:Drivers/STM32G4xx_HAL_Driver/Src/stm32g4xx_hal_tim_ex.c ****   TIM_CCxNChannelCmd(htim->Instance, Channel, TIM_CCxN_ENABLE);
 663:Drivers/STM32G4xx_HAL_Driver/Src/stm32g4xx_hal_tim_ex.c **** 
 664:Drivers/STM32G4xx_HAL_Driver/Src/stm32g4xx_hal_tim_ex.c ****   /* Enable the Main Output */
 665:Drivers/STM32G4xx_HAL_Driver/Src/stm32g4xx_hal_tim_ex.c ****   __HAL_TIM_MOE_ENABLE(htim);
 666:Drivers/STM32G4xx_HAL_Driver/Src/stm32g4xx_hal_tim_ex.c **** 
 667:Drivers/STM32G4xx_HAL_Driver/Src/stm32g4xx_hal_tim_ex.c ****   /* Enable the Peripheral, except in trigger mode where enable is automatically done with trigger 
 668:Drivers/STM32G4xx_HAL_Driver/Src/stm32g4xx_hal_tim_ex.c ****   if (IS_TIM_SLAVE_INSTANCE(htim->Instance))
 669:Drivers/STM32G4xx_HAL_Driver/Src/stm32g4xx_hal_tim_ex.c ****   {
 670:Drivers/STM32G4xx_HAL_Driver/Src/stm32g4xx_hal_tim_ex.c ****     tmpsmcr = htim->Instance->SMCR & TIM_SMCR_SMS;
 671:Drivers/STM32G4xx_HAL_Driver/Src/stm32g4xx_hal_tim_ex.c ****     if (!IS_TIM_SLAVEMODE_TRIGGER_ENABLED(tmpsmcr))
 672:Drivers/STM32G4xx_HAL_Driver/Src/stm32g4xx_hal_tim_ex.c ****     {
 673:Drivers/STM32G4xx_HAL_Driver/Src/stm32g4xx_hal_tim_ex.c ****       __HAL_TIM_ENABLE(htim);
 674:Drivers/STM32G4xx_HAL_Driver/Src/stm32g4xx_hal_tim_ex.c ****     }
 675:Drivers/STM32G4xx_HAL_Driver/Src/stm32g4xx_hal_tim_ex.c ****   }
 676:Drivers/STM32G4xx_HAL_Driver/Src/stm32g4xx_hal_tim_ex.c ****   else
 677:Drivers/STM32G4xx_HAL_Driver/Src/stm32g4xx_hal_tim_ex.c ****   {
 678:Drivers/STM32G4xx_HAL_Driver/Src/stm32g4xx_hal_tim_ex.c ****     __HAL_TIM_ENABLE(htim);
 679:Drivers/STM32G4xx_HAL_Driver/Src/stm32g4xx_hal_tim_ex.c ****   }
 680:Drivers/STM32G4xx_HAL_Driver/Src/stm32g4xx_hal_tim_ex.c **** 
 681:Drivers/STM32G4xx_HAL_Driver/Src/stm32g4xx_hal_tim_ex.c ****   /* Return function status */
 682:Drivers/STM32G4xx_HAL_Driver/Src/stm32g4xx_hal_tim_ex.c ****   return HAL_OK;
 683:Drivers/STM32G4xx_HAL_Driver/Src/stm32g4xx_hal_tim_ex.c **** }
 684:Drivers/STM32G4xx_HAL_Driver/Src/stm32g4xx_hal_tim_ex.c **** 
 685:Drivers/STM32G4xx_HAL_Driver/Src/stm32g4xx_hal_tim_ex.c **** /**
 686:Drivers/STM32G4xx_HAL_Driver/Src/stm32g4xx_hal_tim_ex.c ****   * @brief  Stops the TIM Output Compare signal generation on the complementary
 687:Drivers/STM32G4xx_HAL_Driver/Src/stm32g4xx_hal_tim_ex.c ****   *         output.
 688:Drivers/STM32G4xx_HAL_Driver/Src/stm32g4xx_hal_tim_ex.c ****   * @param  htim TIM handle
 689:Drivers/STM32G4xx_HAL_Driver/Src/stm32g4xx_hal_tim_ex.c ****   * @param  Channel TIM Channel to be disabled
 690:Drivers/STM32G4xx_HAL_Driver/Src/stm32g4xx_hal_tim_ex.c ****   *          This parameter can be one of the following values:
 691:Drivers/STM32G4xx_HAL_Driver/Src/stm32g4xx_hal_tim_ex.c ****   *            @arg TIM_CHANNEL_1: TIM Channel 1 selected
 692:Drivers/STM32G4xx_HAL_Driver/Src/stm32g4xx_hal_tim_ex.c ****   *            @arg TIM_CHANNEL_2: TIM Channel 2 selected
 693:Drivers/STM32G4xx_HAL_Driver/Src/stm32g4xx_hal_tim_ex.c ****   *            @arg TIM_CHANNEL_3: TIM Channel 3 selected
 694:Drivers/STM32G4xx_HAL_Driver/Src/stm32g4xx_hal_tim_ex.c ****   *            @arg TIM_CHANNEL_4: TIM Channel 4 selected
 695:Drivers/STM32G4xx_HAL_Driver/Src/stm32g4xx_hal_tim_ex.c ****   * @retval HAL status
 696:Drivers/STM32G4xx_HAL_Driver/Src/stm32g4xx_hal_tim_ex.c ****   */
 697:Drivers/STM32G4xx_HAL_Driver/Src/stm32g4xx_hal_tim_ex.c **** HAL_StatusTypeDef HAL_TIMEx_OCN_Stop(TIM_HandleTypeDef *htim, uint32_t Channel)
 698:Drivers/STM32G4xx_HAL_Driver/Src/stm32g4xx_hal_tim_ex.c **** {
 699:Drivers/STM32G4xx_HAL_Driver/Src/stm32g4xx_hal_tim_ex.c ****   /* Check the parameters */
 700:Drivers/STM32G4xx_HAL_Driver/Src/stm32g4xx_hal_tim_ex.c ****   assert_param(IS_TIM_CCXN_INSTANCE(htim->Instance, Channel));
 701:Drivers/STM32G4xx_HAL_Driver/Src/stm32g4xx_hal_tim_ex.c **** 
 702:Drivers/STM32G4xx_HAL_Driver/Src/stm32g4xx_hal_tim_ex.c ****   /* Disable the Capture compare channel N */
 703:Drivers/STM32G4xx_HAL_Driver/Src/stm32g4xx_hal_tim_ex.c ****   TIM_CCxNChannelCmd(htim->Instance, Channel, TIM_CCxN_DISABLE);
 704:Drivers/STM32G4xx_HAL_Driver/Src/stm32g4xx_hal_tim_ex.c **** 
 705:Drivers/STM32G4xx_HAL_Driver/Src/stm32g4xx_hal_tim_ex.c ****   /* Disable the Main Output */
 706:Drivers/STM32G4xx_HAL_Driver/Src/stm32g4xx_hal_tim_ex.c ****   __HAL_TIM_MOE_DISABLE(htim);
 707:Drivers/STM32G4xx_HAL_Driver/Src/stm32g4xx_hal_tim_ex.c **** 
 708:Drivers/STM32G4xx_HAL_Driver/Src/stm32g4xx_hal_tim_ex.c ****   /* Disable the Peripheral */
 709:Drivers/STM32G4xx_HAL_Driver/Src/stm32g4xx_hal_tim_ex.c ****   __HAL_TIM_DISABLE(htim);
 710:Drivers/STM32G4xx_HAL_Driver/Src/stm32g4xx_hal_tim_ex.c **** 
 711:Drivers/STM32G4xx_HAL_Driver/Src/stm32g4xx_hal_tim_ex.c ****   /* Set the TIM complementary channel state */
 712:Drivers/STM32G4xx_HAL_Driver/Src/stm32g4xx_hal_tim_ex.c ****   TIM_CHANNEL_N_STATE_SET(htim, Channel, HAL_TIM_CHANNEL_STATE_READY);
 713:Drivers/STM32G4xx_HAL_Driver/Src/stm32g4xx_hal_tim_ex.c **** 
 714:Drivers/STM32G4xx_HAL_Driver/Src/stm32g4xx_hal_tim_ex.c ****   /* Return function status */
ARM GAS  /tmp/ccAXGFxz.s 			page 14


 715:Drivers/STM32G4xx_HAL_Driver/Src/stm32g4xx_hal_tim_ex.c ****   return HAL_OK;
 716:Drivers/STM32G4xx_HAL_Driver/Src/stm32g4xx_hal_tim_ex.c **** }
 717:Drivers/STM32G4xx_HAL_Driver/Src/stm32g4xx_hal_tim_ex.c **** 
 718:Drivers/STM32G4xx_HAL_Driver/Src/stm32g4xx_hal_tim_ex.c **** /**
 719:Drivers/STM32G4xx_HAL_Driver/Src/stm32g4xx_hal_tim_ex.c ****   * @brief  Starts the TIM Output Compare signal generation in interrupt mode
 720:Drivers/STM32G4xx_HAL_Driver/Src/stm32g4xx_hal_tim_ex.c ****   *         on the complementary output.
 721:Drivers/STM32G4xx_HAL_Driver/Src/stm32g4xx_hal_tim_ex.c ****   * @param  htim TIM OC handle
 722:Drivers/STM32G4xx_HAL_Driver/Src/stm32g4xx_hal_tim_ex.c ****   * @param  Channel TIM Channel to be enabled
 723:Drivers/STM32G4xx_HAL_Driver/Src/stm32g4xx_hal_tim_ex.c ****   *          This parameter can be one of the following values:
 724:Drivers/STM32G4xx_HAL_Driver/Src/stm32g4xx_hal_tim_ex.c ****   *            @arg TIM_CHANNEL_1: TIM Channel 1 selected
 725:Drivers/STM32G4xx_HAL_Driver/Src/stm32g4xx_hal_tim_ex.c ****   *            @arg TIM_CHANNEL_2: TIM Channel 2 selected
 726:Drivers/STM32G4xx_HAL_Driver/Src/stm32g4xx_hal_tim_ex.c ****   *            @arg TIM_CHANNEL_3: TIM Channel 3 selected
 727:Drivers/STM32G4xx_HAL_Driver/Src/stm32g4xx_hal_tim_ex.c ****   *            @arg TIM_CHANNEL_4: TIM Channel 4 selected
 728:Drivers/STM32G4xx_HAL_Driver/Src/stm32g4xx_hal_tim_ex.c ****   * @retval HAL status
 729:Drivers/STM32G4xx_HAL_Driver/Src/stm32g4xx_hal_tim_ex.c ****   */
 730:Drivers/STM32G4xx_HAL_Driver/Src/stm32g4xx_hal_tim_ex.c **** HAL_StatusTypeDef HAL_TIMEx_OCN_Start_IT(TIM_HandleTypeDef *htim, uint32_t Channel)
 731:Drivers/STM32G4xx_HAL_Driver/Src/stm32g4xx_hal_tim_ex.c **** {
 732:Drivers/STM32G4xx_HAL_Driver/Src/stm32g4xx_hal_tim_ex.c ****   HAL_StatusTypeDef status = HAL_OK;
 733:Drivers/STM32G4xx_HAL_Driver/Src/stm32g4xx_hal_tim_ex.c ****   uint32_t tmpsmcr;
 734:Drivers/STM32G4xx_HAL_Driver/Src/stm32g4xx_hal_tim_ex.c **** 
 735:Drivers/STM32G4xx_HAL_Driver/Src/stm32g4xx_hal_tim_ex.c ****   /* Check the parameters */
 736:Drivers/STM32G4xx_HAL_Driver/Src/stm32g4xx_hal_tim_ex.c ****   assert_param(IS_TIM_CCXN_INSTANCE(htim->Instance, Channel));
 737:Drivers/STM32G4xx_HAL_Driver/Src/stm32g4xx_hal_tim_ex.c **** 
 738:Drivers/STM32G4xx_HAL_Driver/Src/stm32g4xx_hal_tim_ex.c ****   /* Check the TIM complementary channel state */
 739:Drivers/STM32G4xx_HAL_Driver/Src/stm32g4xx_hal_tim_ex.c ****   if (TIM_CHANNEL_N_STATE_GET(htim, Channel) != HAL_TIM_CHANNEL_STATE_READY)
 740:Drivers/STM32G4xx_HAL_Driver/Src/stm32g4xx_hal_tim_ex.c ****   {
 741:Drivers/STM32G4xx_HAL_Driver/Src/stm32g4xx_hal_tim_ex.c ****     return HAL_ERROR;
 742:Drivers/STM32G4xx_HAL_Driver/Src/stm32g4xx_hal_tim_ex.c ****   }
 743:Drivers/STM32G4xx_HAL_Driver/Src/stm32g4xx_hal_tim_ex.c **** 
 744:Drivers/STM32G4xx_HAL_Driver/Src/stm32g4xx_hal_tim_ex.c ****   /* Set the TIM complementary channel state */
 745:Drivers/STM32G4xx_HAL_Driver/Src/stm32g4xx_hal_tim_ex.c ****   TIM_CHANNEL_N_STATE_SET(htim, Channel, HAL_TIM_CHANNEL_STATE_BUSY);
 746:Drivers/STM32G4xx_HAL_Driver/Src/stm32g4xx_hal_tim_ex.c **** 
 747:Drivers/STM32G4xx_HAL_Driver/Src/stm32g4xx_hal_tim_ex.c ****   switch (Channel)
 748:Drivers/STM32G4xx_HAL_Driver/Src/stm32g4xx_hal_tim_ex.c ****   {
 749:Drivers/STM32G4xx_HAL_Driver/Src/stm32g4xx_hal_tim_ex.c ****     case TIM_CHANNEL_1:
 750:Drivers/STM32G4xx_HAL_Driver/Src/stm32g4xx_hal_tim_ex.c ****     {
 751:Drivers/STM32G4xx_HAL_Driver/Src/stm32g4xx_hal_tim_ex.c ****       /* Enable the TIM Output Compare interrupt */
 752:Drivers/STM32G4xx_HAL_Driver/Src/stm32g4xx_hal_tim_ex.c ****       __HAL_TIM_ENABLE_IT(htim, TIM_IT_CC1);
 753:Drivers/STM32G4xx_HAL_Driver/Src/stm32g4xx_hal_tim_ex.c ****       break;
 754:Drivers/STM32G4xx_HAL_Driver/Src/stm32g4xx_hal_tim_ex.c ****     }
 755:Drivers/STM32G4xx_HAL_Driver/Src/stm32g4xx_hal_tim_ex.c **** 
 756:Drivers/STM32G4xx_HAL_Driver/Src/stm32g4xx_hal_tim_ex.c ****     case TIM_CHANNEL_2:
 757:Drivers/STM32G4xx_HAL_Driver/Src/stm32g4xx_hal_tim_ex.c ****     {
 758:Drivers/STM32G4xx_HAL_Driver/Src/stm32g4xx_hal_tim_ex.c ****       /* Enable the TIM Output Compare interrupt */
 759:Drivers/STM32G4xx_HAL_Driver/Src/stm32g4xx_hal_tim_ex.c ****       __HAL_TIM_ENABLE_IT(htim, TIM_IT_CC2);
 760:Drivers/STM32G4xx_HAL_Driver/Src/stm32g4xx_hal_tim_ex.c ****       break;
 761:Drivers/STM32G4xx_HAL_Driver/Src/stm32g4xx_hal_tim_ex.c ****     }
 762:Drivers/STM32G4xx_HAL_Driver/Src/stm32g4xx_hal_tim_ex.c **** 
 763:Drivers/STM32G4xx_HAL_Driver/Src/stm32g4xx_hal_tim_ex.c ****     case TIM_CHANNEL_3:
 764:Drivers/STM32G4xx_HAL_Driver/Src/stm32g4xx_hal_tim_ex.c ****     {
 765:Drivers/STM32G4xx_HAL_Driver/Src/stm32g4xx_hal_tim_ex.c ****       /* Enable the TIM Output Compare interrupt */
 766:Drivers/STM32G4xx_HAL_Driver/Src/stm32g4xx_hal_tim_ex.c ****       __HAL_TIM_ENABLE_IT(htim, TIM_IT_CC3);
 767:Drivers/STM32G4xx_HAL_Driver/Src/stm32g4xx_hal_tim_ex.c ****       break;
 768:Drivers/STM32G4xx_HAL_Driver/Src/stm32g4xx_hal_tim_ex.c ****     }
 769:Drivers/STM32G4xx_HAL_Driver/Src/stm32g4xx_hal_tim_ex.c **** 
 770:Drivers/STM32G4xx_HAL_Driver/Src/stm32g4xx_hal_tim_ex.c **** 
 771:Drivers/STM32G4xx_HAL_Driver/Src/stm32g4xx_hal_tim_ex.c ****     case TIM_CHANNEL_4:
ARM GAS  /tmp/ccAXGFxz.s 			page 15


 772:Drivers/STM32G4xx_HAL_Driver/Src/stm32g4xx_hal_tim_ex.c ****     {
 773:Drivers/STM32G4xx_HAL_Driver/Src/stm32g4xx_hal_tim_ex.c ****       /* Enable the TIM Output Compare interrupt */
 774:Drivers/STM32G4xx_HAL_Driver/Src/stm32g4xx_hal_tim_ex.c ****       __HAL_TIM_ENABLE_IT(htim, TIM_IT_CC4);
 775:Drivers/STM32G4xx_HAL_Driver/Src/stm32g4xx_hal_tim_ex.c ****       break;
 776:Drivers/STM32G4xx_HAL_Driver/Src/stm32g4xx_hal_tim_ex.c ****     }
 777:Drivers/STM32G4xx_HAL_Driver/Src/stm32g4xx_hal_tim_ex.c **** 
 778:Drivers/STM32G4xx_HAL_Driver/Src/stm32g4xx_hal_tim_ex.c ****     default:
 779:Drivers/STM32G4xx_HAL_Driver/Src/stm32g4xx_hal_tim_ex.c ****       status = HAL_ERROR;
 780:Drivers/STM32G4xx_HAL_Driver/Src/stm32g4xx_hal_tim_ex.c ****       break;
 781:Drivers/STM32G4xx_HAL_Driver/Src/stm32g4xx_hal_tim_ex.c ****   }
 782:Drivers/STM32G4xx_HAL_Driver/Src/stm32g4xx_hal_tim_ex.c **** 
 783:Drivers/STM32G4xx_HAL_Driver/Src/stm32g4xx_hal_tim_ex.c ****   if (status == HAL_OK)
 784:Drivers/STM32G4xx_HAL_Driver/Src/stm32g4xx_hal_tim_ex.c ****   {
 785:Drivers/STM32G4xx_HAL_Driver/Src/stm32g4xx_hal_tim_ex.c ****     /* Enable the TIM Break interrupt */
 786:Drivers/STM32G4xx_HAL_Driver/Src/stm32g4xx_hal_tim_ex.c ****     __HAL_TIM_ENABLE_IT(htim, TIM_IT_BREAK);
 787:Drivers/STM32G4xx_HAL_Driver/Src/stm32g4xx_hal_tim_ex.c **** 
 788:Drivers/STM32G4xx_HAL_Driver/Src/stm32g4xx_hal_tim_ex.c ****     /* Enable the Capture compare channel N */
 789:Drivers/STM32G4xx_HAL_Driver/Src/stm32g4xx_hal_tim_ex.c ****     TIM_CCxNChannelCmd(htim->Instance, Channel, TIM_CCxN_ENABLE);
 790:Drivers/STM32G4xx_HAL_Driver/Src/stm32g4xx_hal_tim_ex.c **** 
 791:Drivers/STM32G4xx_HAL_Driver/Src/stm32g4xx_hal_tim_ex.c ****     /* Enable the Main Output */
 792:Drivers/STM32G4xx_HAL_Driver/Src/stm32g4xx_hal_tim_ex.c ****     __HAL_TIM_MOE_ENABLE(htim);
 793:Drivers/STM32G4xx_HAL_Driver/Src/stm32g4xx_hal_tim_ex.c **** 
 794:Drivers/STM32G4xx_HAL_Driver/Src/stm32g4xx_hal_tim_ex.c ****     /* Enable the Peripheral, except in trigger mode where enable is automatically done with trigge
 795:Drivers/STM32G4xx_HAL_Driver/Src/stm32g4xx_hal_tim_ex.c ****     if (IS_TIM_SLAVE_INSTANCE(htim->Instance))
 796:Drivers/STM32G4xx_HAL_Driver/Src/stm32g4xx_hal_tim_ex.c ****     {
 797:Drivers/STM32G4xx_HAL_Driver/Src/stm32g4xx_hal_tim_ex.c ****       tmpsmcr = htim->Instance->SMCR & TIM_SMCR_SMS;
 798:Drivers/STM32G4xx_HAL_Driver/Src/stm32g4xx_hal_tim_ex.c ****       if (!IS_TIM_SLAVEMODE_TRIGGER_ENABLED(tmpsmcr))
 799:Drivers/STM32G4xx_HAL_Driver/Src/stm32g4xx_hal_tim_ex.c ****       {
 800:Drivers/STM32G4xx_HAL_Driver/Src/stm32g4xx_hal_tim_ex.c ****         __HAL_TIM_ENABLE(htim);
 801:Drivers/STM32G4xx_HAL_Driver/Src/stm32g4xx_hal_tim_ex.c ****       }
 802:Drivers/STM32G4xx_HAL_Driver/Src/stm32g4xx_hal_tim_ex.c ****     }
 803:Drivers/STM32G4xx_HAL_Driver/Src/stm32g4xx_hal_tim_ex.c ****     else
 804:Drivers/STM32G4xx_HAL_Driver/Src/stm32g4xx_hal_tim_ex.c ****     {
 805:Drivers/STM32G4xx_HAL_Driver/Src/stm32g4xx_hal_tim_ex.c ****       __HAL_TIM_ENABLE(htim);
 806:Drivers/STM32G4xx_HAL_Driver/Src/stm32g4xx_hal_tim_ex.c ****     }
 807:Drivers/STM32G4xx_HAL_Driver/Src/stm32g4xx_hal_tim_ex.c ****   }
 808:Drivers/STM32G4xx_HAL_Driver/Src/stm32g4xx_hal_tim_ex.c **** 
 809:Drivers/STM32G4xx_HAL_Driver/Src/stm32g4xx_hal_tim_ex.c ****   /* Return function status */
 810:Drivers/STM32G4xx_HAL_Driver/Src/stm32g4xx_hal_tim_ex.c ****   return status;
 811:Drivers/STM32G4xx_HAL_Driver/Src/stm32g4xx_hal_tim_ex.c **** }
 812:Drivers/STM32G4xx_HAL_Driver/Src/stm32g4xx_hal_tim_ex.c **** 
 813:Drivers/STM32G4xx_HAL_Driver/Src/stm32g4xx_hal_tim_ex.c **** /**
 814:Drivers/STM32G4xx_HAL_Driver/Src/stm32g4xx_hal_tim_ex.c ****   * @brief  Stops the TIM Output Compare signal generation in interrupt mode
 815:Drivers/STM32G4xx_HAL_Driver/Src/stm32g4xx_hal_tim_ex.c ****   *         on the complementary output.
 816:Drivers/STM32G4xx_HAL_Driver/Src/stm32g4xx_hal_tim_ex.c ****   * @param  htim TIM Output Compare handle
 817:Drivers/STM32G4xx_HAL_Driver/Src/stm32g4xx_hal_tim_ex.c ****   * @param  Channel TIM Channel to be disabled
 818:Drivers/STM32G4xx_HAL_Driver/Src/stm32g4xx_hal_tim_ex.c ****   *          This parameter can be one of the following values:
 819:Drivers/STM32G4xx_HAL_Driver/Src/stm32g4xx_hal_tim_ex.c ****   *            @arg TIM_CHANNEL_1: TIM Channel 1 selected
 820:Drivers/STM32G4xx_HAL_Driver/Src/stm32g4xx_hal_tim_ex.c ****   *            @arg TIM_CHANNEL_2: TIM Channel 2 selected
 821:Drivers/STM32G4xx_HAL_Driver/Src/stm32g4xx_hal_tim_ex.c ****   *            @arg TIM_CHANNEL_3: TIM Channel 3 selected
 822:Drivers/STM32G4xx_HAL_Driver/Src/stm32g4xx_hal_tim_ex.c ****   *            @arg TIM_CHANNEL_4: TIM Channel 4 selected
 823:Drivers/STM32G4xx_HAL_Driver/Src/stm32g4xx_hal_tim_ex.c ****   * @retval HAL status
 824:Drivers/STM32G4xx_HAL_Driver/Src/stm32g4xx_hal_tim_ex.c ****   */
 825:Drivers/STM32G4xx_HAL_Driver/Src/stm32g4xx_hal_tim_ex.c **** HAL_StatusTypeDef HAL_TIMEx_OCN_Stop_IT(TIM_HandleTypeDef *htim, uint32_t Channel)
 826:Drivers/STM32G4xx_HAL_Driver/Src/stm32g4xx_hal_tim_ex.c **** {
 827:Drivers/STM32G4xx_HAL_Driver/Src/stm32g4xx_hal_tim_ex.c ****   HAL_StatusTypeDef status = HAL_OK;
 828:Drivers/STM32G4xx_HAL_Driver/Src/stm32g4xx_hal_tim_ex.c ****   uint32_t tmpccer;
ARM GAS  /tmp/ccAXGFxz.s 			page 16


 829:Drivers/STM32G4xx_HAL_Driver/Src/stm32g4xx_hal_tim_ex.c **** 
 830:Drivers/STM32G4xx_HAL_Driver/Src/stm32g4xx_hal_tim_ex.c ****   /* Check the parameters */
 831:Drivers/STM32G4xx_HAL_Driver/Src/stm32g4xx_hal_tim_ex.c ****   assert_param(IS_TIM_CCXN_INSTANCE(htim->Instance, Channel));
 832:Drivers/STM32G4xx_HAL_Driver/Src/stm32g4xx_hal_tim_ex.c **** 
 833:Drivers/STM32G4xx_HAL_Driver/Src/stm32g4xx_hal_tim_ex.c ****   switch (Channel)
 834:Drivers/STM32G4xx_HAL_Driver/Src/stm32g4xx_hal_tim_ex.c ****   {
 835:Drivers/STM32G4xx_HAL_Driver/Src/stm32g4xx_hal_tim_ex.c ****     case TIM_CHANNEL_1:
 836:Drivers/STM32G4xx_HAL_Driver/Src/stm32g4xx_hal_tim_ex.c ****     {
 837:Drivers/STM32G4xx_HAL_Driver/Src/stm32g4xx_hal_tim_ex.c ****       /* Disable the TIM Output Compare interrupt */
 838:Drivers/STM32G4xx_HAL_Driver/Src/stm32g4xx_hal_tim_ex.c ****       __HAL_TIM_DISABLE_IT(htim, TIM_IT_CC1);
 839:Drivers/STM32G4xx_HAL_Driver/Src/stm32g4xx_hal_tim_ex.c ****       break;
 840:Drivers/STM32G4xx_HAL_Driver/Src/stm32g4xx_hal_tim_ex.c ****     }
 841:Drivers/STM32G4xx_HAL_Driver/Src/stm32g4xx_hal_tim_ex.c **** 
 842:Drivers/STM32G4xx_HAL_Driver/Src/stm32g4xx_hal_tim_ex.c ****     case TIM_CHANNEL_2:
 843:Drivers/STM32G4xx_HAL_Driver/Src/stm32g4xx_hal_tim_ex.c ****     {
 844:Drivers/STM32G4xx_HAL_Driver/Src/stm32g4xx_hal_tim_ex.c ****       /* Disable the TIM Output Compare interrupt */
 845:Drivers/STM32G4xx_HAL_Driver/Src/stm32g4xx_hal_tim_ex.c ****       __HAL_TIM_DISABLE_IT(htim, TIM_IT_CC2);
 846:Drivers/STM32G4xx_HAL_Driver/Src/stm32g4xx_hal_tim_ex.c ****       break;
 847:Drivers/STM32G4xx_HAL_Driver/Src/stm32g4xx_hal_tim_ex.c ****     }
 848:Drivers/STM32G4xx_HAL_Driver/Src/stm32g4xx_hal_tim_ex.c **** 
 849:Drivers/STM32G4xx_HAL_Driver/Src/stm32g4xx_hal_tim_ex.c ****     case TIM_CHANNEL_3:
 850:Drivers/STM32G4xx_HAL_Driver/Src/stm32g4xx_hal_tim_ex.c ****     {
 851:Drivers/STM32G4xx_HAL_Driver/Src/stm32g4xx_hal_tim_ex.c ****       /* Disable the TIM Output Compare interrupt */
 852:Drivers/STM32G4xx_HAL_Driver/Src/stm32g4xx_hal_tim_ex.c ****       __HAL_TIM_DISABLE_IT(htim, TIM_IT_CC3);
 853:Drivers/STM32G4xx_HAL_Driver/Src/stm32g4xx_hal_tim_ex.c ****       break;
 854:Drivers/STM32G4xx_HAL_Driver/Src/stm32g4xx_hal_tim_ex.c ****     }
 855:Drivers/STM32G4xx_HAL_Driver/Src/stm32g4xx_hal_tim_ex.c **** 
 856:Drivers/STM32G4xx_HAL_Driver/Src/stm32g4xx_hal_tim_ex.c ****     case TIM_CHANNEL_4:
 857:Drivers/STM32G4xx_HAL_Driver/Src/stm32g4xx_hal_tim_ex.c ****     {
 858:Drivers/STM32G4xx_HAL_Driver/Src/stm32g4xx_hal_tim_ex.c ****       /* Disable the TIM Output Compare interrupt */
 859:Drivers/STM32G4xx_HAL_Driver/Src/stm32g4xx_hal_tim_ex.c ****       __HAL_TIM_DISABLE_IT(htim, TIM_IT_CC4);
 860:Drivers/STM32G4xx_HAL_Driver/Src/stm32g4xx_hal_tim_ex.c ****       break;
 861:Drivers/STM32G4xx_HAL_Driver/Src/stm32g4xx_hal_tim_ex.c ****     }
 862:Drivers/STM32G4xx_HAL_Driver/Src/stm32g4xx_hal_tim_ex.c **** 
 863:Drivers/STM32G4xx_HAL_Driver/Src/stm32g4xx_hal_tim_ex.c ****     default:
 864:Drivers/STM32G4xx_HAL_Driver/Src/stm32g4xx_hal_tim_ex.c ****       status = HAL_ERROR;
 865:Drivers/STM32G4xx_HAL_Driver/Src/stm32g4xx_hal_tim_ex.c ****       break;
 866:Drivers/STM32G4xx_HAL_Driver/Src/stm32g4xx_hal_tim_ex.c ****   }
 867:Drivers/STM32G4xx_HAL_Driver/Src/stm32g4xx_hal_tim_ex.c **** 
 868:Drivers/STM32G4xx_HAL_Driver/Src/stm32g4xx_hal_tim_ex.c ****   if (status == HAL_OK)
 869:Drivers/STM32G4xx_HAL_Driver/Src/stm32g4xx_hal_tim_ex.c ****   {
 870:Drivers/STM32G4xx_HAL_Driver/Src/stm32g4xx_hal_tim_ex.c ****     /* Disable the Capture compare channel N */
 871:Drivers/STM32G4xx_HAL_Driver/Src/stm32g4xx_hal_tim_ex.c ****     TIM_CCxNChannelCmd(htim->Instance, Channel, TIM_CCxN_DISABLE);
 872:Drivers/STM32G4xx_HAL_Driver/Src/stm32g4xx_hal_tim_ex.c **** 
 873:Drivers/STM32G4xx_HAL_Driver/Src/stm32g4xx_hal_tim_ex.c ****     /* Disable the TIM Break interrupt (only if no more channel is active) */
 874:Drivers/STM32G4xx_HAL_Driver/Src/stm32g4xx_hal_tim_ex.c ****     tmpccer = htim->Instance->CCER;
 875:Drivers/STM32G4xx_HAL_Driver/Src/stm32g4xx_hal_tim_ex.c ****     if ((tmpccer & TIM_CCER_CCxNE_MASK) == (uint32_t)RESET)
 876:Drivers/STM32G4xx_HAL_Driver/Src/stm32g4xx_hal_tim_ex.c ****     {
 877:Drivers/STM32G4xx_HAL_Driver/Src/stm32g4xx_hal_tim_ex.c ****       __HAL_TIM_DISABLE_IT(htim, TIM_IT_BREAK);
 878:Drivers/STM32G4xx_HAL_Driver/Src/stm32g4xx_hal_tim_ex.c ****     }
 879:Drivers/STM32G4xx_HAL_Driver/Src/stm32g4xx_hal_tim_ex.c **** 
 880:Drivers/STM32G4xx_HAL_Driver/Src/stm32g4xx_hal_tim_ex.c ****     /* Disable the Main Output */
 881:Drivers/STM32G4xx_HAL_Driver/Src/stm32g4xx_hal_tim_ex.c ****     __HAL_TIM_MOE_DISABLE(htim);
 882:Drivers/STM32G4xx_HAL_Driver/Src/stm32g4xx_hal_tim_ex.c **** 
 883:Drivers/STM32G4xx_HAL_Driver/Src/stm32g4xx_hal_tim_ex.c ****     /* Disable the Peripheral */
 884:Drivers/STM32G4xx_HAL_Driver/Src/stm32g4xx_hal_tim_ex.c ****     __HAL_TIM_DISABLE(htim);
 885:Drivers/STM32G4xx_HAL_Driver/Src/stm32g4xx_hal_tim_ex.c **** 
ARM GAS  /tmp/ccAXGFxz.s 			page 17


 886:Drivers/STM32G4xx_HAL_Driver/Src/stm32g4xx_hal_tim_ex.c ****     /* Set the TIM complementary channel state */
 887:Drivers/STM32G4xx_HAL_Driver/Src/stm32g4xx_hal_tim_ex.c ****     TIM_CHANNEL_N_STATE_SET(htim, Channel, HAL_TIM_CHANNEL_STATE_READY);
 888:Drivers/STM32G4xx_HAL_Driver/Src/stm32g4xx_hal_tim_ex.c ****   }
 889:Drivers/STM32G4xx_HAL_Driver/Src/stm32g4xx_hal_tim_ex.c **** 
 890:Drivers/STM32G4xx_HAL_Driver/Src/stm32g4xx_hal_tim_ex.c ****   /* Return function status */
 891:Drivers/STM32G4xx_HAL_Driver/Src/stm32g4xx_hal_tim_ex.c ****   return status;
 892:Drivers/STM32G4xx_HAL_Driver/Src/stm32g4xx_hal_tim_ex.c **** }
 893:Drivers/STM32G4xx_HAL_Driver/Src/stm32g4xx_hal_tim_ex.c **** 
 894:Drivers/STM32G4xx_HAL_Driver/Src/stm32g4xx_hal_tim_ex.c **** /**
 895:Drivers/STM32G4xx_HAL_Driver/Src/stm32g4xx_hal_tim_ex.c ****   * @brief  Starts the TIM Output Compare signal generation in DMA mode
 896:Drivers/STM32G4xx_HAL_Driver/Src/stm32g4xx_hal_tim_ex.c ****   *         on the complementary output.
 897:Drivers/STM32G4xx_HAL_Driver/Src/stm32g4xx_hal_tim_ex.c ****   * @param  htim TIM Output Compare handle
 898:Drivers/STM32G4xx_HAL_Driver/Src/stm32g4xx_hal_tim_ex.c ****   * @param  Channel TIM Channel to be enabled
 899:Drivers/STM32G4xx_HAL_Driver/Src/stm32g4xx_hal_tim_ex.c ****   *          This parameter can be one of the following values:
 900:Drivers/STM32G4xx_HAL_Driver/Src/stm32g4xx_hal_tim_ex.c ****   *            @arg TIM_CHANNEL_1: TIM Channel 1 selected
 901:Drivers/STM32G4xx_HAL_Driver/Src/stm32g4xx_hal_tim_ex.c ****   *            @arg TIM_CHANNEL_2: TIM Channel 2 selected
 902:Drivers/STM32G4xx_HAL_Driver/Src/stm32g4xx_hal_tim_ex.c ****   *            @arg TIM_CHANNEL_3: TIM Channel 3 selected
 903:Drivers/STM32G4xx_HAL_Driver/Src/stm32g4xx_hal_tim_ex.c ****   *            @arg TIM_CHANNEL_4: TIM Channel 4 selected
 904:Drivers/STM32G4xx_HAL_Driver/Src/stm32g4xx_hal_tim_ex.c ****   * @param  pData The source Buffer address.
 905:Drivers/STM32G4xx_HAL_Driver/Src/stm32g4xx_hal_tim_ex.c ****   * @param  Length The length of data to be transferred from memory to TIM peripheral
 906:Drivers/STM32G4xx_HAL_Driver/Src/stm32g4xx_hal_tim_ex.c ****   * @retval HAL status
 907:Drivers/STM32G4xx_HAL_Driver/Src/stm32g4xx_hal_tim_ex.c ****   */
 908:Drivers/STM32G4xx_HAL_Driver/Src/stm32g4xx_hal_tim_ex.c **** HAL_StatusTypeDef HAL_TIMEx_OCN_Start_DMA(TIM_HandleTypeDef *htim, uint32_t Channel, const uint32_t
 909:Drivers/STM32G4xx_HAL_Driver/Src/stm32g4xx_hal_tim_ex.c ****                                           uint16_t Length)
 910:Drivers/STM32G4xx_HAL_Driver/Src/stm32g4xx_hal_tim_ex.c **** {
 911:Drivers/STM32G4xx_HAL_Driver/Src/stm32g4xx_hal_tim_ex.c ****   HAL_StatusTypeDef status = HAL_OK;
 912:Drivers/STM32G4xx_HAL_Driver/Src/stm32g4xx_hal_tim_ex.c ****   uint32_t tmpsmcr;
 913:Drivers/STM32G4xx_HAL_Driver/Src/stm32g4xx_hal_tim_ex.c **** 
 914:Drivers/STM32G4xx_HAL_Driver/Src/stm32g4xx_hal_tim_ex.c ****   /* Check the parameters */
 915:Drivers/STM32G4xx_HAL_Driver/Src/stm32g4xx_hal_tim_ex.c ****   assert_param(IS_TIM_CCXN_INSTANCE(htim->Instance, Channel));
 916:Drivers/STM32G4xx_HAL_Driver/Src/stm32g4xx_hal_tim_ex.c **** 
 917:Drivers/STM32G4xx_HAL_Driver/Src/stm32g4xx_hal_tim_ex.c ****   /* Set the TIM complementary channel state */
 918:Drivers/STM32G4xx_HAL_Driver/Src/stm32g4xx_hal_tim_ex.c ****   if (TIM_CHANNEL_N_STATE_GET(htim, Channel) == HAL_TIM_CHANNEL_STATE_BUSY)
 919:Drivers/STM32G4xx_HAL_Driver/Src/stm32g4xx_hal_tim_ex.c ****   {
 920:Drivers/STM32G4xx_HAL_Driver/Src/stm32g4xx_hal_tim_ex.c ****     return HAL_BUSY;
 921:Drivers/STM32G4xx_HAL_Driver/Src/stm32g4xx_hal_tim_ex.c ****   }
 922:Drivers/STM32G4xx_HAL_Driver/Src/stm32g4xx_hal_tim_ex.c ****   else if (TIM_CHANNEL_N_STATE_GET(htim, Channel) == HAL_TIM_CHANNEL_STATE_READY)
 923:Drivers/STM32G4xx_HAL_Driver/Src/stm32g4xx_hal_tim_ex.c ****   {
 924:Drivers/STM32G4xx_HAL_Driver/Src/stm32g4xx_hal_tim_ex.c ****     if ((pData == NULL) || (Length == 0U))
 925:Drivers/STM32G4xx_HAL_Driver/Src/stm32g4xx_hal_tim_ex.c ****     {
 926:Drivers/STM32G4xx_HAL_Driver/Src/stm32g4xx_hal_tim_ex.c ****       return HAL_ERROR;
 927:Drivers/STM32G4xx_HAL_Driver/Src/stm32g4xx_hal_tim_ex.c ****     }
 928:Drivers/STM32G4xx_HAL_Driver/Src/stm32g4xx_hal_tim_ex.c ****     else
 929:Drivers/STM32G4xx_HAL_Driver/Src/stm32g4xx_hal_tim_ex.c ****     {
 930:Drivers/STM32G4xx_HAL_Driver/Src/stm32g4xx_hal_tim_ex.c ****       TIM_CHANNEL_N_STATE_SET(htim, Channel, HAL_TIM_CHANNEL_STATE_BUSY);
 931:Drivers/STM32G4xx_HAL_Driver/Src/stm32g4xx_hal_tim_ex.c ****     }
 932:Drivers/STM32G4xx_HAL_Driver/Src/stm32g4xx_hal_tim_ex.c ****   }
 933:Drivers/STM32G4xx_HAL_Driver/Src/stm32g4xx_hal_tim_ex.c ****   else
 934:Drivers/STM32G4xx_HAL_Driver/Src/stm32g4xx_hal_tim_ex.c ****   {
 935:Drivers/STM32G4xx_HAL_Driver/Src/stm32g4xx_hal_tim_ex.c ****     return HAL_ERROR;
 936:Drivers/STM32G4xx_HAL_Driver/Src/stm32g4xx_hal_tim_ex.c ****   }
 937:Drivers/STM32G4xx_HAL_Driver/Src/stm32g4xx_hal_tim_ex.c **** 
 938:Drivers/STM32G4xx_HAL_Driver/Src/stm32g4xx_hal_tim_ex.c ****   switch (Channel)
 939:Drivers/STM32G4xx_HAL_Driver/Src/stm32g4xx_hal_tim_ex.c ****   {
 940:Drivers/STM32G4xx_HAL_Driver/Src/stm32g4xx_hal_tim_ex.c ****     case TIM_CHANNEL_1:
 941:Drivers/STM32G4xx_HAL_Driver/Src/stm32g4xx_hal_tim_ex.c ****     {
 942:Drivers/STM32G4xx_HAL_Driver/Src/stm32g4xx_hal_tim_ex.c ****       /* Set the DMA compare callbacks */
ARM GAS  /tmp/ccAXGFxz.s 			page 18


 943:Drivers/STM32G4xx_HAL_Driver/Src/stm32g4xx_hal_tim_ex.c ****       htim->hdma[TIM_DMA_ID_CC1]->XferCpltCallback = TIM_DMADelayPulseNCplt;
 944:Drivers/STM32G4xx_HAL_Driver/Src/stm32g4xx_hal_tim_ex.c ****       htim->hdma[TIM_DMA_ID_CC1]->XferHalfCpltCallback = TIM_DMADelayPulseHalfCplt;
 945:Drivers/STM32G4xx_HAL_Driver/Src/stm32g4xx_hal_tim_ex.c **** 
 946:Drivers/STM32G4xx_HAL_Driver/Src/stm32g4xx_hal_tim_ex.c ****       /* Set the DMA error callback */
 947:Drivers/STM32G4xx_HAL_Driver/Src/stm32g4xx_hal_tim_ex.c ****       htim->hdma[TIM_DMA_ID_CC1]->XferErrorCallback = TIM_DMAErrorCCxN ;
 948:Drivers/STM32G4xx_HAL_Driver/Src/stm32g4xx_hal_tim_ex.c **** 
 949:Drivers/STM32G4xx_HAL_Driver/Src/stm32g4xx_hal_tim_ex.c ****       /* Enable the DMA channel */
 950:Drivers/STM32G4xx_HAL_Driver/Src/stm32g4xx_hal_tim_ex.c ****       if (HAL_DMA_Start_IT(htim->hdma[TIM_DMA_ID_CC1], (uint32_t)pData, (uint32_t)&htim->Instance->
 951:Drivers/STM32G4xx_HAL_Driver/Src/stm32g4xx_hal_tim_ex.c ****                            Length) != HAL_OK)
 952:Drivers/STM32G4xx_HAL_Driver/Src/stm32g4xx_hal_tim_ex.c ****       {
 953:Drivers/STM32G4xx_HAL_Driver/Src/stm32g4xx_hal_tim_ex.c ****         /* Return error status */
 954:Drivers/STM32G4xx_HAL_Driver/Src/stm32g4xx_hal_tim_ex.c ****         return HAL_ERROR;
 955:Drivers/STM32G4xx_HAL_Driver/Src/stm32g4xx_hal_tim_ex.c ****       }
 956:Drivers/STM32G4xx_HAL_Driver/Src/stm32g4xx_hal_tim_ex.c ****       /* Enable the TIM Output Compare DMA request */
 957:Drivers/STM32G4xx_HAL_Driver/Src/stm32g4xx_hal_tim_ex.c ****       __HAL_TIM_ENABLE_DMA(htim, TIM_DMA_CC1);
 958:Drivers/STM32G4xx_HAL_Driver/Src/stm32g4xx_hal_tim_ex.c ****       break;
 959:Drivers/STM32G4xx_HAL_Driver/Src/stm32g4xx_hal_tim_ex.c ****     }
 960:Drivers/STM32G4xx_HAL_Driver/Src/stm32g4xx_hal_tim_ex.c **** 
 961:Drivers/STM32G4xx_HAL_Driver/Src/stm32g4xx_hal_tim_ex.c ****     case TIM_CHANNEL_2:
 962:Drivers/STM32G4xx_HAL_Driver/Src/stm32g4xx_hal_tim_ex.c ****     {
 963:Drivers/STM32G4xx_HAL_Driver/Src/stm32g4xx_hal_tim_ex.c ****       /* Set the DMA compare callbacks */
 964:Drivers/STM32G4xx_HAL_Driver/Src/stm32g4xx_hal_tim_ex.c ****       htim->hdma[TIM_DMA_ID_CC2]->XferCpltCallback = TIM_DMADelayPulseNCplt;
 965:Drivers/STM32G4xx_HAL_Driver/Src/stm32g4xx_hal_tim_ex.c ****       htim->hdma[TIM_DMA_ID_CC2]->XferHalfCpltCallback = TIM_DMADelayPulseHalfCplt;
 966:Drivers/STM32G4xx_HAL_Driver/Src/stm32g4xx_hal_tim_ex.c **** 
 967:Drivers/STM32G4xx_HAL_Driver/Src/stm32g4xx_hal_tim_ex.c ****       /* Set the DMA error callback */
 968:Drivers/STM32G4xx_HAL_Driver/Src/stm32g4xx_hal_tim_ex.c ****       htim->hdma[TIM_DMA_ID_CC2]->XferErrorCallback = TIM_DMAErrorCCxN ;
 969:Drivers/STM32G4xx_HAL_Driver/Src/stm32g4xx_hal_tim_ex.c **** 
 970:Drivers/STM32G4xx_HAL_Driver/Src/stm32g4xx_hal_tim_ex.c ****       /* Enable the DMA channel */
 971:Drivers/STM32G4xx_HAL_Driver/Src/stm32g4xx_hal_tim_ex.c ****       if (HAL_DMA_Start_IT(htim->hdma[TIM_DMA_ID_CC2], (uint32_t)pData, (uint32_t)&htim->Instance->
 972:Drivers/STM32G4xx_HAL_Driver/Src/stm32g4xx_hal_tim_ex.c ****                            Length) != HAL_OK)
 973:Drivers/STM32G4xx_HAL_Driver/Src/stm32g4xx_hal_tim_ex.c ****       {
 974:Drivers/STM32G4xx_HAL_Driver/Src/stm32g4xx_hal_tim_ex.c ****         /* Return error status */
 975:Drivers/STM32G4xx_HAL_Driver/Src/stm32g4xx_hal_tim_ex.c ****         return HAL_ERROR;
 976:Drivers/STM32G4xx_HAL_Driver/Src/stm32g4xx_hal_tim_ex.c ****       }
 977:Drivers/STM32G4xx_HAL_Driver/Src/stm32g4xx_hal_tim_ex.c ****       /* Enable the TIM Output Compare DMA request */
 978:Drivers/STM32G4xx_HAL_Driver/Src/stm32g4xx_hal_tim_ex.c ****       __HAL_TIM_ENABLE_DMA(htim, TIM_DMA_CC2);
 979:Drivers/STM32G4xx_HAL_Driver/Src/stm32g4xx_hal_tim_ex.c ****       break;
 980:Drivers/STM32G4xx_HAL_Driver/Src/stm32g4xx_hal_tim_ex.c ****     }
 981:Drivers/STM32G4xx_HAL_Driver/Src/stm32g4xx_hal_tim_ex.c **** 
 982:Drivers/STM32G4xx_HAL_Driver/Src/stm32g4xx_hal_tim_ex.c ****     case TIM_CHANNEL_3:
 983:Drivers/STM32G4xx_HAL_Driver/Src/stm32g4xx_hal_tim_ex.c ****     {
 984:Drivers/STM32G4xx_HAL_Driver/Src/stm32g4xx_hal_tim_ex.c ****       /* Set the DMA compare callbacks */
 985:Drivers/STM32G4xx_HAL_Driver/Src/stm32g4xx_hal_tim_ex.c ****       htim->hdma[TIM_DMA_ID_CC3]->XferCpltCallback = TIM_DMADelayPulseNCplt;
 986:Drivers/STM32G4xx_HAL_Driver/Src/stm32g4xx_hal_tim_ex.c ****       htim->hdma[TIM_DMA_ID_CC3]->XferHalfCpltCallback = TIM_DMADelayPulseHalfCplt;
 987:Drivers/STM32G4xx_HAL_Driver/Src/stm32g4xx_hal_tim_ex.c **** 
 988:Drivers/STM32G4xx_HAL_Driver/Src/stm32g4xx_hal_tim_ex.c ****       /* Set the DMA error callback */
 989:Drivers/STM32G4xx_HAL_Driver/Src/stm32g4xx_hal_tim_ex.c ****       htim->hdma[TIM_DMA_ID_CC3]->XferErrorCallback = TIM_DMAErrorCCxN ;
 990:Drivers/STM32G4xx_HAL_Driver/Src/stm32g4xx_hal_tim_ex.c **** 
 991:Drivers/STM32G4xx_HAL_Driver/Src/stm32g4xx_hal_tim_ex.c ****       /* Enable the DMA channel */
 992:Drivers/STM32G4xx_HAL_Driver/Src/stm32g4xx_hal_tim_ex.c ****       if (HAL_DMA_Start_IT(htim->hdma[TIM_DMA_ID_CC3], (uint32_t)pData, (uint32_t)&htim->Instance->
 993:Drivers/STM32G4xx_HAL_Driver/Src/stm32g4xx_hal_tim_ex.c ****                            Length) != HAL_OK)
 994:Drivers/STM32G4xx_HAL_Driver/Src/stm32g4xx_hal_tim_ex.c ****       {
 995:Drivers/STM32G4xx_HAL_Driver/Src/stm32g4xx_hal_tim_ex.c ****         /* Return error status */
 996:Drivers/STM32G4xx_HAL_Driver/Src/stm32g4xx_hal_tim_ex.c ****         return HAL_ERROR;
 997:Drivers/STM32G4xx_HAL_Driver/Src/stm32g4xx_hal_tim_ex.c ****       }
 998:Drivers/STM32G4xx_HAL_Driver/Src/stm32g4xx_hal_tim_ex.c ****       /* Enable the TIM Output Compare DMA request */
 999:Drivers/STM32G4xx_HAL_Driver/Src/stm32g4xx_hal_tim_ex.c ****       __HAL_TIM_ENABLE_DMA(htim, TIM_DMA_CC3);
ARM GAS  /tmp/ccAXGFxz.s 			page 19


1000:Drivers/STM32G4xx_HAL_Driver/Src/stm32g4xx_hal_tim_ex.c ****       break;
1001:Drivers/STM32G4xx_HAL_Driver/Src/stm32g4xx_hal_tim_ex.c ****     }
1002:Drivers/STM32G4xx_HAL_Driver/Src/stm32g4xx_hal_tim_ex.c **** 
1003:Drivers/STM32G4xx_HAL_Driver/Src/stm32g4xx_hal_tim_ex.c ****     case TIM_CHANNEL_4:
1004:Drivers/STM32G4xx_HAL_Driver/Src/stm32g4xx_hal_tim_ex.c ****     {
1005:Drivers/STM32G4xx_HAL_Driver/Src/stm32g4xx_hal_tim_ex.c ****       /* Set the DMA compare callbacks */
1006:Drivers/STM32G4xx_HAL_Driver/Src/stm32g4xx_hal_tim_ex.c ****       htim->hdma[TIM_DMA_ID_CC4]->XferCpltCallback = TIM_DMADelayPulseNCplt;
1007:Drivers/STM32G4xx_HAL_Driver/Src/stm32g4xx_hal_tim_ex.c ****       htim->hdma[TIM_DMA_ID_CC4]->XferHalfCpltCallback = TIM_DMADelayPulseHalfCplt;
1008:Drivers/STM32G4xx_HAL_Driver/Src/stm32g4xx_hal_tim_ex.c **** 
1009:Drivers/STM32G4xx_HAL_Driver/Src/stm32g4xx_hal_tim_ex.c ****       /* Set the DMA error callback */
1010:Drivers/STM32G4xx_HAL_Driver/Src/stm32g4xx_hal_tim_ex.c ****       htim->hdma[TIM_DMA_ID_CC4]->XferErrorCallback = TIM_DMAErrorCCxN ;
1011:Drivers/STM32G4xx_HAL_Driver/Src/stm32g4xx_hal_tim_ex.c **** 
1012:Drivers/STM32G4xx_HAL_Driver/Src/stm32g4xx_hal_tim_ex.c ****       /* Enable the DMA channel */
1013:Drivers/STM32G4xx_HAL_Driver/Src/stm32g4xx_hal_tim_ex.c ****       if (HAL_DMA_Start_IT(htim->hdma[TIM_DMA_ID_CC4], (uint32_t)pData, (uint32_t)&htim->Instance->
1014:Drivers/STM32G4xx_HAL_Driver/Src/stm32g4xx_hal_tim_ex.c ****                            Length) != HAL_OK)
1015:Drivers/STM32G4xx_HAL_Driver/Src/stm32g4xx_hal_tim_ex.c ****       {
1016:Drivers/STM32G4xx_HAL_Driver/Src/stm32g4xx_hal_tim_ex.c ****         /* Return error status */
1017:Drivers/STM32G4xx_HAL_Driver/Src/stm32g4xx_hal_tim_ex.c ****         return HAL_ERROR;
1018:Drivers/STM32G4xx_HAL_Driver/Src/stm32g4xx_hal_tim_ex.c ****       }
1019:Drivers/STM32G4xx_HAL_Driver/Src/stm32g4xx_hal_tim_ex.c ****       /* Enable the TIM Output Compare DMA request */
1020:Drivers/STM32G4xx_HAL_Driver/Src/stm32g4xx_hal_tim_ex.c ****       __HAL_TIM_ENABLE_DMA(htim, TIM_DMA_CC4);
1021:Drivers/STM32G4xx_HAL_Driver/Src/stm32g4xx_hal_tim_ex.c ****       break;
1022:Drivers/STM32G4xx_HAL_Driver/Src/stm32g4xx_hal_tim_ex.c ****     }
1023:Drivers/STM32G4xx_HAL_Driver/Src/stm32g4xx_hal_tim_ex.c **** 
1024:Drivers/STM32G4xx_HAL_Driver/Src/stm32g4xx_hal_tim_ex.c ****     default:
1025:Drivers/STM32G4xx_HAL_Driver/Src/stm32g4xx_hal_tim_ex.c ****       status = HAL_ERROR;
1026:Drivers/STM32G4xx_HAL_Driver/Src/stm32g4xx_hal_tim_ex.c ****       break;
1027:Drivers/STM32G4xx_HAL_Driver/Src/stm32g4xx_hal_tim_ex.c ****   }
1028:Drivers/STM32G4xx_HAL_Driver/Src/stm32g4xx_hal_tim_ex.c **** 
1029:Drivers/STM32G4xx_HAL_Driver/Src/stm32g4xx_hal_tim_ex.c ****   if (status == HAL_OK)
1030:Drivers/STM32G4xx_HAL_Driver/Src/stm32g4xx_hal_tim_ex.c ****   {
1031:Drivers/STM32G4xx_HAL_Driver/Src/stm32g4xx_hal_tim_ex.c ****     /* Enable the Capture compare channel N */
1032:Drivers/STM32G4xx_HAL_Driver/Src/stm32g4xx_hal_tim_ex.c ****     TIM_CCxNChannelCmd(htim->Instance, Channel, TIM_CCxN_ENABLE);
1033:Drivers/STM32G4xx_HAL_Driver/Src/stm32g4xx_hal_tim_ex.c **** 
1034:Drivers/STM32G4xx_HAL_Driver/Src/stm32g4xx_hal_tim_ex.c ****     /* Enable the Main Output */
1035:Drivers/STM32G4xx_HAL_Driver/Src/stm32g4xx_hal_tim_ex.c ****     __HAL_TIM_MOE_ENABLE(htim);
1036:Drivers/STM32G4xx_HAL_Driver/Src/stm32g4xx_hal_tim_ex.c **** 
1037:Drivers/STM32G4xx_HAL_Driver/Src/stm32g4xx_hal_tim_ex.c ****     /* Enable the Peripheral, except in trigger mode where enable is automatically done with trigge
1038:Drivers/STM32G4xx_HAL_Driver/Src/stm32g4xx_hal_tim_ex.c ****     if (IS_TIM_SLAVE_INSTANCE(htim->Instance))
1039:Drivers/STM32G4xx_HAL_Driver/Src/stm32g4xx_hal_tim_ex.c ****     {
1040:Drivers/STM32G4xx_HAL_Driver/Src/stm32g4xx_hal_tim_ex.c ****       tmpsmcr = htim->Instance->SMCR & TIM_SMCR_SMS;
1041:Drivers/STM32G4xx_HAL_Driver/Src/stm32g4xx_hal_tim_ex.c ****       if (!IS_TIM_SLAVEMODE_TRIGGER_ENABLED(tmpsmcr))
1042:Drivers/STM32G4xx_HAL_Driver/Src/stm32g4xx_hal_tim_ex.c ****       {
1043:Drivers/STM32G4xx_HAL_Driver/Src/stm32g4xx_hal_tim_ex.c ****         __HAL_TIM_ENABLE(htim);
1044:Drivers/STM32G4xx_HAL_Driver/Src/stm32g4xx_hal_tim_ex.c ****       }
1045:Drivers/STM32G4xx_HAL_Driver/Src/stm32g4xx_hal_tim_ex.c ****     }
1046:Drivers/STM32G4xx_HAL_Driver/Src/stm32g4xx_hal_tim_ex.c ****     else
1047:Drivers/STM32G4xx_HAL_Driver/Src/stm32g4xx_hal_tim_ex.c ****     {
1048:Drivers/STM32G4xx_HAL_Driver/Src/stm32g4xx_hal_tim_ex.c ****       __HAL_TIM_ENABLE(htim);
1049:Drivers/STM32G4xx_HAL_Driver/Src/stm32g4xx_hal_tim_ex.c ****     }
1050:Drivers/STM32G4xx_HAL_Driver/Src/stm32g4xx_hal_tim_ex.c ****   }
1051:Drivers/STM32G4xx_HAL_Driver/Src/stm32g4xx_hal_tim_ex.c **** 
1052:Drivers/STM32G4xx_HAL_Driver/Src/stm32g4xx_hal_tim_ex.c ****   /* Return function status */
1053:Drivers/STM32G4xx_HAL_Driver/Src/stm32g4xx_hal_tim_ex.c ****   return status;
1054:Drivers/STM32G4xx_HAL_Driver/Src/stm32g4xx_hal_tim_ex.c **** }
1055:Drivers/STM32G4xx_HAL_Driver/Src/stm32g4xx_hal_tim_ex.c **** 
1056:Drivers/STM32G4xx_HAL_Driver/Src/stm32g4xx_hal_tim_ex.c **** /**
ARM GAS  /tmp/ccAXGFxz.s 			page 20


1057:Drivers/STM32G4xx_HAL_Driver/Src/stm32g4xx_hal_tim_ex.c ****   * @brief  Stops the TIM Output Compare signal generation in DMA mode
1058:Drivers/STM32G4xx_HAL_Driver/Src/stm32g4xx_hal_tim_ex.c ****   *         on the complementary output.
1059:Drivers/STM32G4xx_HAL_Driver/Src/stm32g4xx_hal_tim_ex.c ****   * @param  htim TIM Output Compare handle
1060:Drivers/STM32G4xx_HAL_Driver/Src/stm32g4xx_hal_tim_ex.c ****   * @param  Channel TIM Channel to be disabled
1061:Drivers/STM32G4xx_HAL_Driver/Src/stm32g4xx_hal_tim_ex.c ****   *          This parameter can be one of the following values:
1062:Drivers/STM32G4xx_HAL_Driver/Src/stm32g4xx_hal_tim_ex.c ****   *            @arg TIM_CHANNEL_1: TIM Channel 1 selected
1063:Drivers/STM32G4xx_HAL_Driver/Src/stm32g4xx_hal_tim_ex.c ****   *            @arg TIM_CHANNEL_2: TIM Channel 2 selected
1064:Drivers/STM32G4xx_HAL_Driver/Src/stm32g4xx_hal_tim_ex.c ****   *            @arg TIM_CHANNEL_3: TIM Channel 3 selected
1065:Drivers/STM32G4xx_HAL_Driver/Src/stm32g4xx_hal_tim_ex.c ****   *            @arg TIM_CHANNEL_4: TIM Channel 4 selected
1066:Drivers/STM32G4xx_HAL_Driver/Src/stm32g4xx_hal_tim_ex.c ****   * @retval HAL status
1067:Drivers/STM32G4xx_HAL_Driver/Src/stm32g4xx_hal_tim_ex.c ****   */
1068:Drivers/STM32G4xx_HAL_Driver/Src/stm32g4xx_hal_tim_ex.c **** HAL_StatusTypeDef HAL_TIMEx_OCN_Stop_DMA(TIM_HandleTypeDef *htim, uint32_t Channel)
1069:Drivers/STM32G4xx_HAL_Driver/Src/stm32g4xx_hal_tim_ex.c **** {
1070:Drivers/STM32G4xx_HAL_Driver/Src/stm32g4xx_hal_tim_ex.c ****   HAL_StatusTypeDef status = HAL_OK;
1071:Drivers/STM32G4xx_HAL_Driver/Src/stm32g4xx_hal_tim_ex.c **** 
1072:Drivers/STM32G4xx_HAL_Driver/Src/stm32g4xx_hal_tim_ex.c ****   /* Check the parameters */
1073:Drivers/STM32G4xx_HAL_Driver/Src/stm32g4xx_hal_tim_ex.c ****   assert_param(IS_TIM_CCXN_INSTANCE(htim->Instance, Channel));
1074:Drivers/STM32G4xx_HAL_Driver/Src/stm32g4xx_hal_tim_ex.c **** 
1075:Drivers/STM32G4xx_HAL_Driver/Src/stm32g4xx_hal_tim_ex.c ****   switch (Channel)
1076:Drivers/STM32G4xx_HAL_Driver/Src/stm32g4xx_hal_tim_ex.c ****   {
1077:Drivers/STM32G4xx_HAL_Driver/Src/stm32g4xx_hal_tim_ex.c ****     case TIM_CHANNEL_1:
1078:Drivers/STM32G4xx_HAL_Driver/Src/stm32g4xx_hal_tim_ex.c ****     {
1079:Drivers/STM32G4xx_HAL_Driver/Src/stm32g4xx_hal_tim_ex.c ****       /* Disable the TIM Output Compare DMA request */
1080:Drivers/STM32G4xx_HAL_Driver/Src/stm32g4xx_hal_tim_ex.c ****       __HAL_TIM_DISABLE_DMA(htim, TIM_DMA_CC1);
1081:Drivers/STM32G4xx_HAL_Driver/Src/stm32g4xx_hal_tim_ex.c ****       (void)HAL_DMA_Abort_IT(htim->hdma[TIM_DMA_ID_CC1]);
1082:Drivers/STM32G4xx_HAL_Driver/Src/stm32g4xx_hal_tim_ex.c ****       break;
1083:Drivers/STM32G4xx_HAL_Driver/Src/stm32g4xx_hal_tim_ex.c ****     }
1084:Drivers/STM32G4xx_HAL_Driver/Src/stm32g4xx_hal_tim_ex.c **** 
1085:Drivers/STM32G4xx_HAL_Driver/Src/stm32g4xx_hal_tim_ex.c ****     case TIM_CHANNEL_2:
1086:Drivers/STM32G4xx_HAL_Driver/Src/stm32g4xx_hal_tim_ex.c ****     {
1087:Drivers/STM32G4xx_HAL_Driver/Src/stm32g4xx_hal_tim_ex.c ****       /* Disable the TIM Output Compare DMA request */
1088:Drivers/STM32G4xx_HAL_Driver/Src/stm32g4xx_hal_tim_ex.c ****       __HAL_TIM_DISABLE_DMA(htim, TIM_DMA_CC2);
1089:Drivers/STM32G4xx_HAL_Driver/Src/stm32g4xx_hal_tim_ex.c ****       (void)HAL_DMA_Abort_IT(htim->hdma[TIM_DMA_ID_CC2]);
1090:Drivers/STM32G4xx_HAL_Driver/Src/stm32g4xx_hal_tim_ex.c ****       break;
1091:Drivers/STM32G4xx_HAL_Driver/Src/stm32g4xx_hal_tim_ex.c ****     }
1092:Drivers/STM32G4xx_HAL_Driver/Src/stm32g4xx_hal_tim_ex.c **** 
1093:Drivers/STM32G4xx_HAL_Driver/Src/stm32g4xx_hal_tim_ex.c ****     case TIM_CHANNEL_3:
1094:Drivers/STM32G4xx_HAL_Driver/Src/stm32g4xx_hal_tim_ex.c ****     {
1095:Drivers/STM32G4xx_HAL_Driver/Src/stm32g4xx_hal_tim_ex.c ****       /* Disable the TIM Output Compare DMA request */
1096:Drivers/STM32G4xx_HAL_Driver/Src/stm32g4xx_hal_tim_ex.c ****       __HAL_TIM_DISABLE_DMA(htim, TIM_DMA_CC3);
1097:Drivers/STM32G4xx_HAL_Driver/Src/stm32g4xx_hal_tim_ex.c ****       (void)HAL_DMA_Abort_IT(htim->hdma[TIM_DMA_ID_CC3]);
1098:Drivers/STM32G4xx_HAL_Driver/Src/stm32g4xx_hal_tim_ex.c ****       break;
1099:Drivers/STM32G4xx_HAL_Driver/Src/stm32g4xx_hal_tim_ex.c ****     }
1100:Drivers/STM32G4xx_HAL_Driver/Src/stm32g4xx_hal_tim_ex.c **** 
1101:Drivers/STM32G4xx_HAL_Driver/Src/stm32g4xx_hal_tim_ex.c ****     case TIM_CHANNEL_4:
1102:Drivers/STM32G4xx_HAL_Driver/Src/stm32g4xx_hal_tim_ex.c ****     {
1103:Drivers/STM32G4xx_HAL_Driver/Src/stm32g4xx_hal_tim_ex.c ****       /* Disable the TIM Output Compare interrupt */
1104:Drivers/STM32G4xx_HAL_Driver/Src/stm32g4xx_hal_tim_ex.c ****       __HAL_TIM_DISABLE_DMA(htim, TIM_DMA_CC4);
1105:Drivers/STM32G4xx_HAL_Driver/Src/stm32g4xx_hal_tim_ex.c ****       (void)HAL_DMA_Abort_IT(htim->hdma[TIM_DMA_ID_CC4]);
1106:Drivers/STM32G4xx_HAL_Driver/Src/stm32g4xx_hal_tim_ex.c ****       break;
1107:Drivers/STM32G4xx_HAL_Driver/Src/stm32g4xx_hal_tim_ex.c ****     }
1108:Drivers/STM32G4xx_HAL_Driver/Src/stm32g4xx_hal_tim_ex.c **** 
1109:Drivers/STM32G4xx_HAL_Driver/Src/stm32g4xx_hal_tim_ex.c ****     default:
1110:Drivers/STM32G4xx_HAL_Driver/Src/stm32g4xx_hal_tim_ex.c ****       status = HAL_ERROR;
1111:Drivers/STM32G4xx_HAL_Driver/Src/stm32g4xx_hal_tim_ex.c ****       break;
1112:Drivers/STM32G4xx_HAL_Driver/Src/stm32g4xx_hal_tim_ex.c ****   }
1113:Drivers/STM32G4xx_HAL_Driver/Src/stm32g4xx_hal_tim_ex.c **** 
ARM GAS  /tmp/ccAXGFxz.s 			page 21


1114:Drivers/STM32G4xx_HAL_Driver/Src/stm32g4xx_hal_tim_ex.c ****   if (status == HAL_OK)
1115:Drivers/STM32G4xx_HAL_Driver/Src/stm32g4xx_hal_tim_ex.c ****   {
1116:Drivers/STM32G4xx_HAL_Driver/Src/stm32g4xx_hal_tim_ex.c ****     /* Disable the Capture compare channel N */
1117:Drivers/STM32G4xx_HAL_Driver/Src/stm32g4xx_hal_tim_ex.c ****     TIM_CCxNChannelCmd(htim->Instance, Channel, TIM_CCxN_DISABLE);
1118:Drivers/STM32G4xx_HAL_Driver/Src/stm32g4xx_hal_tim_ex.c **** 
1119:Drivers/STM32G4xx_HAL_Driver/Src/stm32g4xx_hal_tim_ex.c ****     /* Disable the Main Output */
1120:Drivers/STM32G4xx_HAL_Driver/Src/stm32g4xx_hal_tim_ex.c ****     __HAL_TIM_MOE_DISABLE(htim);
1121:Drivers/STM32G4xx_HAL_Driver/Src/stm32g4xx_hal_tim_ex.c **** 
1122:Drivers/STM32G4xx_HAL_Driver/Src/stm32g4xx_hal_tim_ex.c ****     /* Disable the Peripheral */
1123:Drivers/STM32G4xx_HAL_Driver/Src/stm32g4xx_hal_tim_ex.c ****     __HAL_TIM_DISABLE(htim);
1124:Drivers/STM32G4xx_HAL_Driver/Src/stm32g4xx_hal_tim_ex.c **** 
1125:Drivers/STM32G4xx_HAL_Driver/Src/stm32g4xx_hal_tim_ex.c ****     /* Set the TIM complementary channel state */
1126:Drivers/STM32G4xx_HAL_Driver/Src/stm32g4xx_hal_tim_ex.c ****     TIM_CHANNEL_N_STATE_SET(htim, Channel, HAL_TIM_CHANNEL_STATE_READY);
1127:Drivers/STM32G4xx_HAL_Driver/Src/stm32g4xx_hal_tim_ex.c ****   }
1128:Drivers/STM32G4xx_HAL_Driver/Src/stm32g4xx_hal_tim_ex.c **** 
1129:Drivers/STM32G4xx_HAL_Driver/Src/stm32g4xx_hal_tim_ex.c ****   /* Return function status */
1130:Drivers/STM32G4xx_HAL_Driver/Src/stm32g4xx_hal_tim_ex.c ****   return status;
1131:Drivers/STM32G4xx_HAL_Driver/Src/stm32g4xx_hal_tim_ex.c **** }
1132:Drivers/STM32G4xx_HAL_Driver/Src/stm32g4xx_hal_tim_ex.c **** 
1133:Drivers/STM32G4xx_HAL_Driver/Src/stm32g4xx_hal_tim_ex.c **** /**
1134:Drivers/STM32G4xx_HAL_Driver/Src/stm32g4xx_hal_tim_ex.c ****   * @}
1135:Drivers/STM32G4xx_HAL_Driver/Src/stm32g4xx_hal_tim_ex.c ****   */
1136:Drivers/STM32G4xx_HAL_Driver/Src/stm32g4xx_hal_tim_ex.c **** 
1137:Drivers/STM32G4xx_HAL_Driver/Src/stm32g4xx_hal_tim_ex.c **** /** @defgroup TIMEx_Exported_Functions_Group3 Extended Timer Complementary PWM functions
1138:Drivers/STM32G4xx_HAL_Driver/Src/stm32g4xx_hal_tim_ex.c ****   * @brief    Timer Complementary PWM functions
1139:Drivers/STM32G4xx_HAL_Driver/Src/stm32g4xx_hal_tim_ex.c ****   *
1140:Drivers/STM32G4xx_HAL_Driver/Src/stm32g4xx_hal_tim_ex.c **** @verbatim
1141:Drivers/STM32G4xx_HAL_Driver/Src/stm32g4xx_hal_tim_ex.c ****   ==============================================================================
1142:Drivers/STM32G4xx_HAL_Driver/Src/stm32g4xx_hal_tim_ex.c ****                  ##### Timer Complementary PWM functions #####
1143:Drivers/STM32G4xx_HAL_Driver/Src/stm32g4xx_hal_tim_ex.c ****   ==============================================================================
1144:Drivers/STM32G4xx_HAL_Driver/Src/stm32g4xx_hal_tim_ex.c ****   [..]
1145:Drivers/STM32G4xx_HAL_Driver/Src/stm32g4xx_hal_tim_ex.c ****     This section provides functions allowing to:
1146:Drivers/STM32G4xx_HAL_Driver/Src/stm32g4xx_hal_tim_ex.c ****     (+) Start the Complementary PWM.
1147:Drivers/STM32G4xx_HAL_Driver/Src/stm32g4xx_hal_tim_ex.c ****     (+) Stop the Complementary PWM.
1148:Drivers/STM32G4xx_HAL_Driver/Src/stm32g4xx_hal_tim_ex.c ****     (+) Start the Complementary PWM and enable interrupts.
1149:Drivers/STM32G4xx_HAL_Driver/Src/stm32g4xx_hal_tim_ex.c ****     (+) Stop the Complementary PWM and disable interrupts.
1150:Drivers/STM32G4xx_HAL_Driver/Src/stm32g4xx_hal_tim_ex.c ****     (+) Start the Complementary PWM and enable DMA transfers.
1151:Drivers/STM32G4xx_HAL_Driver/Src/stm32g4xx_hal_tim_ex.c ****     (+) Stop the Complementary PWM and disable DMA transfers.
1152:Drivers/STM32G4xx_HAL_Driver/Src/stm32g4xx_hal_tim_ex.c **** @endverbatim
1153:Drivers/STM32G4xx_HAL_Driver/Src/stm32g4xx_hal_tim_ex.c ****   * @{
1154:Drivers/STM32G4xx_HAL_Driver/Src/stm32g4xx_hal_tim_ex.c ****   */
1155:Drivers/STM32G4xx_HAL_Driver/Src/stm32g4xx_hal_tim_ex.c **** 
1156:Drivers/STM32G4xx_HAL_Driver/Src/stm32g4xx_hal_tim_ex.c **** /**
1157:Drivers/STM32G4xx_HAL_Driver/Src/stm32g4xx_hal_tim_ex.c ****   * @brief  Starts the PWM signal generation on the complementary output.
1158:Drivers/STM32G4xx_HAL_Driver/Src/stm32g4xx_hal_tim_ex.c ****   * @param  htim TIM handle
1159:Drivers/STM32G4xx_HAL_Driver/Src/stm32g4xx_hal_tim_ex.c ****   * @param  Channel TIM Channel to be enabled
1160:Drivers/STM32G4xx_HAL_Driver/Src/stm32g4xx_hal_tim_ex.c ****   *          This parameter can be one of the following values:
1161:Drivers/STM32G4xx_HAL_Driver/Src/stm32g4xx_hal_tim_ex.c ****   *            @arg TIM_CHANNEL_1: TIM Channel 1 selected
1162:Drivers/STM32G4xx_HAL_Driver/Src/stm32g4xx_hal_tim_ex.c ****   *            @arg TIM_CHANNEL_2: TIM Channel 2 selected
1163:Drivers/STM32G4xx_HAL_Driver/Src/stm32g4xx_hal_tim_ex.c ****   *            @arg TIM_CHANNEL_3: TIM Channel 3 selected
1164:Drivers/STM32G4xx_HAL_Driver/Src/stm32g4xx_hal_tim_ex.c ****   *            @arg TIM_CHANNEL_4: TIM Channel 4 selected
1165:Drivers/STM32G4xx_HAL_Driver/Src/stm32g4xx_hal_tim_ex.c ****   * @retval HAL status
1166:Drivers/STM32G4xx_HAL_Driver/Src/stm32g4xx_hal_tim_ex.c ****   */
1167:Drivers/STM32G4xx_HAL_Driver/Src/stm32g4xx_hal_tim_ex.c **** HAL_StatusTypeDef HAL_TIMEx_PWMN_Start(TIM_HandleTypeDef *htim, uint32_t Channel)
1168:Drivers/STM32G4xx_HAL_Driver/Src/stm32g4xx_hal_tim_ex.c **** {
1169:Drivers/STM32G4xx_HAL_Driver/Src/stm32g4xx_hal_tim_ex.c ****   uint32_t tmpsmcr;
1170:Drivers/STM32G4xx_HAL_Driver/Src/stm32g4xx_hal_tim_ex.c **** 
ARM GAS  /tmp/ccAXGFxz.s 			page 22


1171:Drivers/STM32G4xx_HAL_Driver/Src/stm32g4xx_hal_tim_ex.c ****   /* Check the parameters */
1172:Drivers/STM32G4xx_HAL_Driver/Src/stm32g4xx_hal_tim_ex.c ****   assert_param(IS_TIM_CCXN_INSTANCE(htim->Instance, Channel));
1173:Drivers/STM32G4xx_HAL_Driver/Src/stm32g4xx_hal_tim_ex.c **** 
1174:Drivers/STM32G4xx_HAL_Driver/Src/stm32g4xx_hal_tim_ex.c ****   /* Check the TIM complementary channel state */
1175:Drivers/STM32G4xx_HAL_Driver/Src/stm32g4xx_hal_tim_ex.c ****   if (TIM_CHANNEL_N_STATE_GET(htim, Channel) != HAL_TIM_CHANNEL_STATE_READY)
1176:Drivers/STM32G4xx_HAL_Driver/Src/stm32g4xx_hal_tim_ex.c ****   {
1177:Drivers/STM32G4xx_HAL_Driver/Src/stm32g4xx_hal_tim_ex.c ****     return HAL_ERROR;
1178:Drivers/STM32G4xx_HAL_Driver/Src/stm32g4xx_hal_tim_ex.c ****   }
1179:Drivers/STM32G4xx_HAL_Driver/Src/stm32g4xx_hal_tim_ex.c **** 
1180:Drivers/STM32G4xx_HAL_Driver/Src/stm32g4xx_hal_tim_ex.c ****   /* Set the TIM complementary channel state */
1181:Drivers/STM32G4xx_HAL_Driver/Src/stm32g4xx_hal_tim_ex.c ****   TIM_CHANNEL_N_STATE_SET(htim, Channel, HAL_TIM_CHANNEL_STATE_BUSY);
1182:Drivers/STM32G4xx_HAL_Driver/Src/stm32g4xx_hal_tim_ex.c **** 
1183:Drivers/STM32G4xx_HAL_Driver/Src/stm32g4xx_hal_tim_ex.c ****   /* Enable the complementary PWM output  */
1184:Drivers/STM32G4xx_HAL_Driver/Src/stm32g4xx_hal_tim_ex.c ****   TIM_CCxNChannelCmd(htim->Instance, Channel, TIM_CCxN_ENABLE);
1185:Drivers/STM32G4xx_HAL_Driver/Src/stm32g4xx_hal_tim_ex.c **** 
1186:Drivers/STM32G4xx_HAL_Driver/Src/stm32g4xx_hal_tim_ex.c ****   /* Enable the Main Output */
1187:Drivers/STM32G4xx_HAL_Driver/Src/stm32g4xx_hal_tim_ex.c ****   __HAL_TIM_MOE_ENABLE(htim);
1188:Drivers/STM32G4xx_HAL_Driver/Src/stm32g4xx_hal_tim_ex.c **** 
1189:Drivers/STM32G4xx_HAL_Driver/Src/stm32g4xx_hal_tim_ex.c ****   /* Enable the Peripheral, except in trigger mode where enable is automatically done with trigger 
1190:Drivers/STM32G4xx_HAL_Driver/Src/stm32g4xx_hal_tim_ex.c ****   if (IS_TIM_SLAVE_INSTANCE(htim->Instance))
1191:Drivers/STM32G4xx_HAL_Driver/Src/stm32g4xx_hal_tim_ex.c ****   {
1192:Drivers/STM32G4xx_HAL_Driver/Src/stm32g4xx_hal_tim_ex.c ****     tmpsmcr = htim->Instance->SMCR & TIM_SMCR_SMS;
1193:Drivers/STM32G4xx_HAL_Driver/Src/stm32g4xx_hal_tim_ex.c ****     if (!IS_TIM_SLAVEMODE_TRIGGER_ENABLED(tmpsmcr))
1194:Drivers/STM32G4xx_HAL_Driver/Src/stm32g4xx_hal_tim_ex.c ****     {
1195:Drivers/STM32G4xx_HAL_Driver/Src/stm32g4xx_hal_tim_ex.c ****       __HAL_TIM_ENABLE(htim);
1196:Drivers/STM32G4xx_HAL_Driver/Src/stm32g4xx_hal_tim_ex.c ****     }
1197:Drivers/STM32G4xx_HAL_Driver/Src/stm32g4xx_hal_tim_ex.c ****   }
1198:Drivers/STM32G4xx_HAL_Driver/Src/stm32g4xx_hal_tim_ex.c ****   else
1199:Drivers/STM32G4xx_HAL_Driver/Src/stm32g4xx_hal_tim_ex.c ****   {
1200:Drivers/STM32G4xx_HAL_Driver/Src/stm32g4xx_hal_tim_ex.c ****     __HAL_TIM_ENABLE(htim);
1201:Drivers/STM32G4xx_HAL_Driver/Src/stm32g4xx_hal_tim_ex.c ****   }
1202:Drivers/STM32G4xx_HAL_Driver/Src/stm32g4xx_hal_tim_ex.c **** 
1203:Drivers/STM32G4xx_HAL_Driver/Src/stm32g4xx_hal_tim_ex.c ****   /* Return function status */
1204:Drivers/STM32G4xx_HAL_Driver/Src/stm32g4xx_hal_tim_ex.c ****   return HAL_OK;
1205:Drivers/STM32G4xx_HAL_Driver/Src/stm32g4xx_hal_tim_ex.c **** }
1206:Drivers/STM32G4xx_HAL_Driver/Src/stm32g4xx_hal_tim_ex.c **** 
1207:Drivers/STM32G4xx_HAL_Driver/Src/stm32g4xx_hal_tim_ex.c **** /**
1208:Drivers/STM32G4xx_HAL_Driver/Src/stm32g4xx_hal_tim_ex.c ****   * @brief  Stops the PWM signal generation on the complementary output.
1209:Drivers/STM32G4xx_HAL_Driver/Src/stm32g4xx_hal_tim_ex.c ****   * @param  htim TIM handle
1210:Drivers/STM32G4xx_HAL_Driver/Src/stm32g4xx_hal_tim_ex.c ****   * @param  Channel TIM Channel to be disabled
1211:Drivers/STM32G4xx_HAL_Driver/Src/stm32g4xx_hal_tim_ex.c ****   *          This parameter can be one of the following values:
1212:Drivers/STM32G4xx_HAL_Driver/Src/stm32g4xx_hal_tim_ex.c ****   *            @arg TIM_CHANNEL_1: TIM Channel 1 selected
1213:Drivers/STM32G4xx_HAL_Driver/Src/stm32g4xx_hal_tim_ex.c ****   *            @arg TIM_CHANNEL_2: TIM Channel 2 selected
1214:Drivers/STM32G4xx_HAL_Driver/Src/stm32g4xx_hal_tim_ex.c ****   *            @arg TIM_CHANNEL_3: TIM Channel 3 selected
1215:Drivers/STM32G4xx_HAL_Driver/Src/stm32g4xx_hal_tim_ex.c ****   *            @arg TIM_CHANNEL_4: TIM Channel 4 selected
1216:Drivers/STM32G4xx_HAL_Driver/Src/stm32g4xx_hal_tim_ex.c ****   * @retval HAL status
1217:Drivers/STM32G4xx_HAL_Driver/Src/stm32g4xx_hal_tim_ex.c ****   */
1218:Drivers/STM32G4xx_HAL_Driver/Src/stm32g4xx_hal_tim_ex.c **** HAL_StatusTypeDef HAL_TIMEx_PWMN_Stop(TIM_HandleTypeDef *htim, uint32_t Channel)
1219:Drivers/STM32G4xx_HAL_Driver/Src/stm32g4xx_hal_tim_ex.c **** {
1220:Drivers/STM32G4xx_HAL_Driver/Src/stm32g4xx_hal_tim_ex.c ****   /* Check the parameters */
1221:Drivers/STM32G4xx_HAL_Driver/Src/stm32g4xx_hal_tim_ex.c ****   assert_param(IS_TIM_CCXN_INSTANCE(htim->Instance, Channel));
1222:Drivers/STM32G4xx_HAL_Driver/Src/stm32g4xx_hal_tim_ex.c **** 
1223:Drivers/STM32G4xx_HAL_Driver/Src/stm32g4xx_hal_tim_ex.c ****   /* Disable the complementary PWM output  */
1224:Drivers/STM32G4xx_HAL_Driver/Src/stm32g4xx_hal_tim_ex.c ****   TIM_CCxNChannelCmd(htim->Instance, Channel, TIM_CCxN_DISABLE);
1225:Drivers/STM32G4xx_HAL_Driver/Src/stm32g4xx_hal_tim_ex.c **** 
1226:Drivers/STM32G4xx_HAL_Driver/Src/stm32g4xx_hal_tim_ex.c ****   /* Disable the Main Output */
1227:Drivers/STM32G4xx_HAL_Driver/Src/stm32g4xx_hal_tim_ex.c ****   __HAL_TIM_MOE_DISABLE(htim);
ARM GAS  /tmp/ccAXGFxz.s 			page 23


1228:Drivers/STM32G4xx_HAL_Driver/Src/stm32g4xx_hal_tim_ex.c **** 
1229:Drivers/STM32G4xx_HAL_Driver/Src/stm32g4xx_hal_tim_ex.c ****   /* Disable the Peripheral */
1230:Drivers/STM32G4xx_HAL_Driver/Src/stm32g4xx_hal_tim_ex.c ****   __HAL_TIM_DISABLE(htim);
1231:Drivers/STM32G4xx_HAL_Driver/Src/stm32g4xx_hal_tim_ex.c **** 
1232:Drivers/STM32G4xx_HAL_Driver/Src/stm32g4xx_hal_tim_ex.c ****   /* Set the TIM complementary channel state */
1233:Drivers/STM32G4xx_HAL_Driver/Src/stm32g4xx_hal_tim_ex.c ****   TIM_CHANNEL_N_STATE_SET(htim, Channel, HAL_TIM_CHANNEL_STATE_READY);
1234:Drivers/STM32G4xx_HAL_Driver/Src/stm32g4xx_hal_tim_ex.c **** 
1235:Drivers/STM32G4xx_HAL_Driver/Src/stm32g4xx_hal_tim_ex.c ****   /* Return function status */
1236:Drivers/STM32G4xx_HAL_Driver/Src/stm32g4xx_hal_tim_ex.c ****   return HAL_OK;
1237:Drivers/STM32G4xx_HAL_Driver/Src/stm32g4xx_hal_tim_ex.c **** }
1238:Drivers/STM32G4xx_HAL_Driver/Src/stm32g4xx_hal_tim_ex.c **** 
1239:Drivers/STM32G4xx_HAL_Driver/Src/stm32g4xx_hal_tim_ex.c **** /**
1240:Drivers/STM32G4xx_HAL_Driver/Src/stm32g4xx_hal_tim_ex.c ****   * @brief  Starts the PWM signal generation in interrupt mode on the
1241:Drivers/STM32G4xx_HAL_Driver/Src/stm32g4xx_hal_tim_ex.c ****   *         complementary output.
1242:Drivers/STM32G4xx_HAL_Driver/Src/stm32g4xx_hal_tim_ex.c ****   * @param  htim TIM handle
1243:Drivers/STM32G4xx_HAL_Driver/Src/stm32g4xx_hal_tim_ex.c ****   * @param  Channel TIM Channel to be disabled
1244:Drivers/STM32G4xx_HAL_Driver/Src/stm32g4xx_hal_tim_ex.c ****   *          This parameter can be one of the following values:
1245:Drivers/STM32G4xx_HAL_Driver/Src/stm32g4xx_hal_tim_ex.c ****   *            @arg TIM_CHANNEL_1: TIM Channel 1 selected
1246:Drivers/STM32G4xx_HAL_Driver/Src/stm32g4xx_hal_tim_ex.c ****   *            @arg TIM_CHANNEL_2: TIM Channel 2 selected
1247:Drivers/STM32G4xx_HAL_Driver/Src/stm32g4xx_hal_tim_ex.c ****   *            @arg TIM_CHANNEL_3: TIM Channel 3 selected
1248:Drivers/STM32G4xx_HAL_Driver/Src/stm32g4xx_hal_tim_ex.c ****   *            @arg TIM_CHANNEL_4: TIM Channel 4 selected
1249:Drivers/STM32G4xx_HAL_Driver/Src/stm32g4xx_hal_tim_ex.c ****   * @retval HAL status
1250:Drivers/STM32G4xx_HAL_Driver/Src/stm32g4xx_hal_tim_ex.c ****   */
1251:Drivers/STM32G4xx_HAL_Driver/Src/stm32g4xx_hal_tim_ex.c **** HAL_StatusTypeDef HAL_TIMEx_PWMN_Start_IT(TIM_HandleTypeDef *htim, uint32_t Channel)
1252:Drivers/STM32G4xx_HAL_Driver/Src/stm32g4xx_hal_tim_ex.c **** {
1253:Drivers/STM32G4xx_HAL_Driver/Src/stm32g4xx_hal_tim_ex.c ****   HAL_StatusTypeDef status = HAL_OK;
1254:Drivers/STM32G4xx_HAL_Driver/Src/stm32g4xx_hal_tim_ex.c ****   uint32_t tmpsmcr;
1255:Drivers/STM32G4xx_HAL_Driver/Src/stm32g4xx_hal_tim_ex.c **** 
1256:Drivers/STM32G4xx_HAL_Driver/Src/stm32g4xx_hal_tim_ex.c ****   /* Check the parameters */
1257:Drivers/STM32G4xx_HAL_Driver/Src/stm32g4xx_hal_tim_ex.c ****   assert_param(IS_TIM_CCXN_INSTANCE(htim->Instance, Channel));
1258:Drivers/STM32G4xx_HAL_Driver/Src/stm32g4xx_hal_tim_ex.c **** 
1259:Drivers/STM32G4xx_HAL_Driver/Src/stm32g4xx_hal_tim_ex.c ****   /* Check the TIM complementary channel state */
1260:Drivers/STM32G4xx_HAL_Driver/Src/stm32g4xx_hal_tim_ex.c ****   if (TIM_CHANNEL_N_STATE_GET(htim, Channel) != HAL_TIM_CHANNEL_STATE_READY)
1261:Drivers/STM32G4xx_HAL_Driver/Src/stm32g4xx_hal_tim_ex.c ****   {
1262:Drivers/STM32G4xx_HAL_Driver/Src/stm32g4xx_hal_tim_ex.c ****     return HAL_ERROR;
1263:Drivers/STM32G4xx_HAL_Driver/Src/stm32g4xx_hal_tim_ex.c ****   }
1264:Drivers/STM32G4xx_HAL_Driver/Src/stm32g4xx_hal_tim_ex.c **** 
1265:Drivers/STM32G4xx_HAL_Driver/Src/stm32g4xx_hal_tim_ex.c ****   /* Set the TIM complementary channel state */
1266:Drivers/STM32G4xx_HAL_Driver/Src/stm32g4xx_hal_tim_ex.c ****   TIM_CHANNEL_N_STATE_SET(htim, Channel, HAL_TIM_CHANNEL_STATE_BUSY);
1267:Drivers/STM32G4xx_HAL_Driver/Src/stm32g4xx_hal_tim_ex.c **** 
1268:Drivers/STM32G4xx_HAL_Driver/Src/stm32g4xx_hal_tim_ex.c ****   switch (Channel)
1269:Drivers/STM32G4xx_HAL_Driver/Src/stm32g4xx_hal_tim_ex.c ****   {
1270:Drivers/STM32G4xx_HAL_Driver/Src/stm32g4xx_hal_tim_ex.c ****     case TIM_CHANNEL_1:
1271:Drivers/STM32G4xx_HAL_Driver/Src/stm32g4xx_hal_tim_ex.c ****     {
1272:Drivers/STM32G4xx_HAL_Driver/Src/stm32g4xx_hal_tim_ex.c ****       /* Enable the TIM Capture/Compare 1 interrupt */
1273:Drivers/STM32G4xx_HAL_Driver/Src/stm32g4xx_hal_tim_ex.c ****       __HAL_TIM_ENABLE_IT(htim, TIM_IT_CC1);
1274:Drivers/STM32G4xx_HAL_Driver/Src/stm32g4xx_hal_tim_ex.c ****       break;
1275:Drivers/STM32G4xx_HAL_Driver/Src/stm32g4xx_hal_tim_ex.c ****     }
1276:Drivers/STM32G4xx_HAL_Driver/Src/stm32g4xx_hal_tim_ex.c **** 
1277:Drivers/STM32G4xx_HAL_Driver/Src/stm32g4xx_hal_tim_ex.c ****     case TIM_CHANNEL_2:
1278:Drivers/STM32G4xx_HAL_Driver/Src/stm32g4xx_hal_tim_ex.c ****     {
1279:Drivers/STM32G4xx_HAL_Driver/Src/stm32g4xx_hal_tim_ex.c ****       /* Enable the TIM Capture/Compare 2 interrupt */
1280:Drivers/STM32G4xx_HAL_Driver/Src/stm32g4xx_hal_tim_ex.c ****       __HAL_TIM_ENABLE_IT(htim, TIM_IT_CC2);
1281:Drivers/STM32G4xx_HAL_Driver/Src/stm32g4xx_hal_tim_ex.c ****       break;
1282:Drivers/STM32G4xx_HAL_Driver/Src/stm32g4xx_hal_tim_ex.c ****     }
1283:Drivers/STM32G4xx_HAL_Driver/Src/stm32g4xx_hal_tim_ex.c **** 
1284:Drivers/STM32G4xx_HAL_Driver/Src/stm32g4xx_hal_tim_ex.c ****     case TIM_CHANNEL_3:
ARM GAS  /tmp/ccAXGFxz.s 			page 24


1285:Drivers/STM32G4xx_HAL_Driver/Src/stm32g4xx_hal_tim_ex.c ****     {
1286:Drivers/STM32G4xx_HAL_Driver/Src/stm32g4xx_hal_tim_ex.c ****       /* Enable the TIM Capture/Compare 3 interrupt */
1287:Drivers/STM32G4xx_HAL_Driver/Src/stm32g4xx_hal_tim_ex.c ****       __HAL_TIM_ENABLE_IT(htim, TIM_IT_CC3);
1288:Drivers/STM32G4xx_HAL_Driver/Src/stm32g4xx_hal_tim_ex.c ****       break;
1289:Drivers/STM32G4xx_HAL_Driver/Src/stm32g4xx_hal_tim_ex.c ****     }
1290:Drivers/STM32G4xx_HAL_Driver/Src/stm32g4xx_hal_tim_ex.c **** 
1291:Drivers/STM32G4xx_HAL_Driver/Src/stm32g4xx_hal_tim_ex.c ****     case TIM_CHANNEL_4:
1292:Drivers/STM32G4xx_HAL_Driver/Src/stm32g4xx_hal_tim_ex.c ****     {
1293:Drivers/STM32G4xx_HAL_Driver/Src/stm32g4xx_hal_tim_ex.c ****       /* Enable the TIM Capture/Compare 4 interrupt */
1294:Drivers/STM32G4xx_HAL_Driver/Src/stm32g4xx_hal_tim_ex.c ****       __HAL_TIM_ENABLE_IT(htim, TIM_IT_CC4);
1295:Drivers/STM32G4xx_HAL_Driver/Src/stm32g4xx_hal_tim_ex.c ****       break;
1296:Drivers/STM32G4xx_HAL_Driver/Src/stm32g4xx_hal_tim_ex.c ****     }
1297:Drivers/STM32G4xx_HAL_Driver/Src/stm32g4xx_hal_tim_ex.c **** 
1298:Drivers/STM32G4xx_HAL_Driver/Src/stm32g4xx_hal_tim_ex.c ****     default:
1299:Drivers/STM32G4xx_HAL_Driver/Src/stm32g4xx_hal_tim_ex.c ****       status = HAL_ERROR;
1300:Drivers/STM32G4xx_HAL_Driver/Src/stm32g4xx_hal_tim_ex.c ****       break;
1301:Drivers/STM32G4xx_HAL_Driver/Src/stm32g4xx_hal_tim_ex.c ****   }
1302:Drivers/STM32G4xx_HAL_Driver/Src/stm32g4xx_hal_tim_ex.c **** 
1303:Drivers/STM32G4xx_HAL_Driver/Src/stm32g4xx_hal_tim_ex.c ****   if (status == HAL_OK)
1304:Drivers/STM32G4xx_HAL_Driver/Src/stm32g4xx_hal_tim_ex.c ****   {
1305:Drivers/STM32G4xx_HAL_Driver/Src/stm32g4xx_hal_tim_ex.c ****     /* Enable the TIM Break interrupt */
1306:Drivers/STM32G4xx_HAL_Driver/Src/stm32g4xx_hal_tim_ex.c ****     __HAL_TIM_ENABLE_IT(htim, TIM_IT_BREAK);
1307:Drivers/STM32G4xx_HAL_Driver/Src/stm32g4xx_hal_tim_ex.c **** 
1308:Drivers/STM32G4xx_HAL_Driver/Src/stm32g4xx_hal_tim_ex.c ****     /* Enable the complementary PWM output  */
1309:Drivers/STM32G4xx_HAL_Driver/Src/stm32g4xx_hal_tim_ex.c ****     TIM_CCxNChannelCmd(htim->Instance, Channel, TIM_CCxN_ENABLE);
1310:Drivers/STM32G4xx_HAL_Driver/Src/stm32g4xx_hal_tim_ex.c **** 
1311:Drivers/STM32G4xx_HAL_Driver/Src/stm32g4xx_hal_tim_ex.c ****     /* Enable the Main Output */
1312:Drivers/STM32G4xx_HAL_Driver/Src/stm32g4xx_hal_tim_ex.c ****     __HAL_TIM_MOE_ENABLE(htim);
1313:Drivers/STM32G4xx_HAL_Driver/Src/stm32g4xx_hal_tim_ex.c **** 
1314:Drivers/STM32G4xx_HAL_Driver/Src/stm32g4xx_hal_tim_ex.c ****     /* Enable the Peripheral, except in trigger mode where enable is automatically done with trigge
1315:Drivers/STM32G4xx_HAL_Driver/Src/stm32g4xx_hal_tim_ex.c ****     if (IS_TIM_SLAVE_INSTANCE(htim->Instance))
1316:Drivers/STM32G4xx_HAL_Driver/Src/stm32g4xx_hal_tim_ex.c ****     {
1317:Drivers/STM32G4xx_HAL_Driver/Src/stm32g4xx_hal_tim_ex.c ****       tmpsmcr = htim->Instance->SMCR & TIM_SMCR_SMS;
1318:Drivers/STM32G4xx_HAL_Driver/Src/stm32g4xx_hal_tim_ex.c ****       if (!IS_TIM_SLAVEMODE_TRIGGER_ENABLED(tmpsmcr))
1319:Drivers/STM32G4xx_HAL_Driver/Src/stm32g4xx_hal_tim_ex.c ****       {
1320:Drivers/STM32G4xx_HAL_Driver/Src/stm32g4xx_hal_tim_ex.c ****         __HAL_TIM_ENABLE(htim);
1321:Drivers/STM32G4xx_HAL_Driver/Src/stm32g4xx_hal_tim_ex.c ****       }
1322:Drivers/STM32G4xx_HAL_Driver/Src/stm32g4xx_hal_tim_ex.c ****     }
1323:Drivers/STM32G4xx_HAL_Driver/Src/stm32g4xx_hal_tim_ex.c ****     else
1324:Drivers/STM32G4xx_HAL_Driver/Src/stm32g4xx_hal_tim_ex.c ****     {
1325:Drivers/STM32G4xx_HAL_Driver/Src/stm32g4xx_hal_tim_ex.c ****       __HAL_TIM_ENABLE(htim);
1326:Drivers/STM32G4xx_HAL_Driver/Src/stm32g4xx_hal_tim_ex.c ****     }
1327:Drivers/STM32G4xx_HAL_Driver/Src/stm32g4xx_hal_tim_ex.c ****   }
1328:Drivers/STM32G4xx_HAL_Driver/Src/stm32g4xx_hal_tim_ex.c **** 
1329:Drivers/STM32G4xx_HAL_Driver/Src/stm32g4xx_hal_tim_ex.c ****   /* Return function status */
1330:Drivers/STM32G4xx_HAL_Driver/Src/stm32g4xx_hal_tim_ex.c ****   return status;
1331:Drivers/STM32G4xx_HAL_Driver/Src/stm32g4xx_hal_tim_ex.c **** }
1332:Drivers/STM32G4xx_HAL_Driver/Src/stm32g4xx_hal_tim_ex.c **** 
1333:Drivers/STM32G4xx_HAL_Driver/Src/stm32g4xx_hal_tim_ex.c **** /**
1334:Drivers/STM32G4xx_HAL_Driver/Src/stm32g4xx_hal_tim_ex.c ****   * @brief  Stops the PWM signal generation in interrupt mode on the
1335:Drivers/STM32G4xx_HAL_Driver/Src/stm32g4xx_hal_tim_ex.c ****   *         complementary output.
1336:Drivers/STM32G4xx_HAL_Driver/Src/stm32g4xx_hal_tim_ex.c ****   * @param  htim TIM handle
1337:Drivers/STM32G4xx_HAL_Driver/Src/stm32g4xx_hal_tim_ex.c ****   * @param  Channel TIM Channel to be disabled
1338:Drivers/STM32G4xx_HAL_Driver/Src/stm32g4xx_hal_tim_ex.c ****   *          This parameter can be one of the following values:
1339:Drivers/STM32G4xx_HAL_Driver/Src/stm32g4xx_hal_tim_ex.c ****   *            @arg TIM_CHANNEL_1: TIM Channel 1 selected
1340:Drivers/STM32G4xx_HAL_Driver/Src/stm32g4xx_hal_tim_ex.c ****   *            @arg TIM_CHANNEL_2: TIM Channel 2 selected
1341:Drivers/STM32G4xx_HAL_Driver/Src/stm32g4xx_hal_tim_ex.c ****   *            @arg TIM_CHANNEL_3: TIM Channel 3 selected
ARM GAS  /tmp/ccAXGFxz.s 			page 25


1342:Drivers/STM32G4xx_HAL_Driver/Src/stm32g4xx_hal_tim_ex.c ****   *            @arg TIM_CHANNEL_4: TIM Channel 4 selected
1343:Drivers/STM32G4xx_HAL_Driver/Src/stm32g4xx_hal_tim_ex.c ****   * @retval HAL status
1344:Drivers/STM32G4xx_HAL_Driver/Src/stm32g4xx_hal_tim_ex.c ****   */
1345:Drivers/STM32G4xx_HAL_Driver/Src/stm32g4xx_hal_tim_ex.c **** HAL_StatusTypeDef HAL_TIMEx_PWMN_Stop_IT(TIM_HandleTypeDef *htim, uint32_t Channel)
1346:Drivers/STM32G4xx_HAL_Driver/Src/stm32g4xx_hal_tim_ex.c **** {
1347:Drivers/STM32G4xx_HAL_Driver/Src/stm32g4xx_hal_tim_ex.c ****   HAL_StatusTypeDef status = HAL_OK;
1348:Drivers/STM32G4xx_HAL_Driver/Src/stm32g4xx_hal_tim_ex.c ****   uint32_t tmpccer;
1349:Drivers/STM32G4xx_HAL_Driver/Src/stm32g4xx_hal_tim_ex.c **** 
1350:Drivers/STM32G4xx_HAL_Driver/Src/stm32g4xx_hal_tim_ex.c ****   /* Check the parameters */
1351:Drivers/STM32G4xx_HAL_Driver/Src/stm32g4xx_hal_tim_ex.c ****   assert_param(IS_TIM_CCXN_INSTANCE(htim->Instance, Channel));
1352:Drivers/STM32G4xx_HAL_Driver/Src/stm32g4xx_hal_tim_ex.c **** 
1353:Drivers/STM32G4xx_HAL_Driver/Src/stm32g4xx_hal_tim_ex.c ****   switch (Channel)
1354:Drivers/STM32G4xx_HAL_Driver/Src/stm32g4xx_hal_tim_ex.c ****   {
1355:Drivers/STM32G4xx_HAL_Driver/Src/stm32g4xx_hal_tim_ex.c ****     case TIM_CHANNEL_1:
1356:Drivers/STM32G4xx_HAL_Driver/Src/stm32g4xx_hal_tim_ex.c ****     {
1357:Drivers/STM32G4xx_HAL_Driver/Src/stm32g4xx_hal_tim_ex.c ****       /* Disable the TIM Capture/Compare 1 interrupt */
1358:Drivers/STM32G4xx_HAL_Driver/Src/stm32g4xx_hal_tim_ex.c ****       __HAL_TIM_DISABLE_IT(htim, TIM_IT_CC1);
1359:Drivers/STM32G4xx_HAL_Driver/Src/stm32g4xx_hal_tim_ex.c ****       break;
1360:Drivers/STM32G4xx_HAL_Driver/Src/stm32g4xx_hal_tim_ex.c ****     }
1361:Drivers/STM32G4xx_HAL_Driver/Src/stm32g4xx_hal_tim_ex.c **** 
1362:Drivers/STM32G4xx_HAL_Driver/Src/stm32g4xx_hal_tim_ex.c ****     case TIM_CHANNEL_2:
1363:Drivers/STM32G4xx_HAL_Driver/Src/stm32g4xx_hal_tim_ex.c ****     {
1364:Drivers/STM32G4xx_HAL_Driver/Src/stm32g4xx_hal_tim_ex.c ****       /* Disable the TIM Capture/Compare 2 interrupt */
1365:Drivers/STM32G4xx_HAL_Driver/Src/stm32g4xx_hal_tim_ex.c ****       __HAL_TIM_DISABLE_IT(htim, TIM_IT_CC2);
1366:Drivers/STM32G4xx_HAL_Driver/Src/stm32g4xx_hal_tim_ex.c ****       break;
1367:Drivers/STM32G4xx_HAL_Driver/Src/stm32g4xx_hal_tim_ex.c ****     }
1368:Drivers/STM32G4xx_HAL_Driver/Src/stm32g4xx_hal_tim_ex.c **** 
1369:Drivers/STM32G4xx_HAL_Driver/Src/stm32g4xx_hal_tim_ex.c ****     case TIM_CHANNEL_3:
1370:Drivers/STM32G4xx_HAL_Driver/Src/stm32g4xx_hal_tim_ex.c ****     {
1371:Drivers/STM32G4xx_HAL_Driver/Src/stm32g4xx_hal_tim_ex.c ****       /* Disable the TIM Capture/Compare 3 interrupt */
1372:Drivers/STM32G4xx_HAL_Driver/Src/stm32g4xx_hal_tim_ex.c ****       __HAL_TIM_DISABLE_IT(htim, TIM_IT_CC3);
1373:Drivers/STM32G4xx_HAL_Driver/Src/stm32g4xx_hal_tim_ex.c ****       break;
1374:Drivers/STM32G4xx_HAL_Driver/Src/stm32g4xx_hal_tim_ex.c ****     }
1375:Drivers/STM32G4xx_HAL_Driver/Src/stm32g4xx_hal_tim_ex.c **** 
1376:Drivers/STM32G4xx_HAL_Driver/Src/stm32g4xx_hal_tim_ex.c ****     case TIM_CHANNEL_4:
1377:Drivers/STM32G4xx_HAL_Driver/Src/stm32g4xx_hal_tim_ex.c ****     {
1378:Drivers/STM32G4xx_HAL_Driver/Src/stm32g4xx_hal_tim_ex.c ****       /* Disable the TIM Capture/Compare 4 interrupt */
1379:Drivers/STM32G4xx_HAL_Driver/Src/stm32g4xx_hal_tim_ex.c ****       __HAL_TIM_DISABLE_IT(htim, TIM_IT_CC4);
1380:Drivers/STM32G4xx_HAL_Driver/Src/stm32g4xx_hal_tim_ex.c ****       break;
1381:Drivers/STM32G4xx_HAL_Driver/Src/stm32g4xx_hal_tim_ex.c ****     }
1382:Drivers/STM32G4xx_HAL_Driver/Src/stm32g4xx_hal_tim_ex.c **** 
1383:Drivers/STM32G4xx_HAL_Driver/Src/stm32g4xx_hal_tim_ex.c ****     default:
1384:Drivers/STM32G4xx_HAL_Driver/Src/stm32g4xx_hal_tim_ex.c ****       status = HAL_ERROR;
1385:Drivers/STM32G4xx_HAL_Driver/Src/stm32g4xx_hal_tim_ex.c ****       break;
1386:Drivers/STM32G4xx_HAL_Driver/Src/stm32g4xx_hal_tim_ex.c ****   }
1387:Drivers/STM32G4xx_HAL_Driver/Src/stm32g4xx_hal_tim_ex.c **** 
1388:Drivers/STM32G4xx_HAL_Driver/Src/stm32g4xx_hal_tim_ex.c ****   if (status == HAL_OK)
1389:Drivers/STM32G4xx_HAL_Driver/Src/stm32g4xx_hal_tim_ex.c ****   {
1390:Drivers/STM32G4xx_HAL_Driver/Src/stm32g4xx_hal_tim_ex.c ****     /* Disable the complementary PWM output  */
1391:Drivers/STM32G4xx_HAL_Driver/Src/stm32g4xx_hal_tim_ex.c ****     TIM_CCxNChannelCmd(htim->Instance, Channel, TIM_CCxN_DISABLE);
1392:Drivers/STM32G4xx_HAL_Driver/Src/stm32g4xx_hal_tim_ex.c **** 
1393:Drivers/STM32G4xx_HAL_Driver/Src/stm32g4xx_hal_tim_ex.c ****     /* Disable the TIM Break interrupt (only if no more channel is active) */
1394:Drivers/STM32G4xx_HAL_Driver/Src/stm32g4xx_hal_tim_ex.c ****     tmpccer = htim->Instance->CCER;
1395:Drivers/STM32G4xx_HAL_Driver/Src/stm32g4xx_hal_tim_ex.c ****     if ((tmpccer & TIM_CCER_CCxNE_MASK) == (uint32_t)RESET)
1396:Drivers/STM32G4xx_HAL_Driver/Src/stm32g4xx_hal_tim_ex.c ****     {
1397:Drivers/STM32G4xx_HAL_Driver/Src/stm32g4xx_hal_tim_ex.c ****       __HAL_TIM_DISABLE_IT(htim, TIM_IT_BREAK);
1398:Drivers/STM32G4xx_HAL_Driver/Src/stm32g4xx_hal_tim_ex.c ****     }
ARM GAS  /tmp/ccAXGFxz.s 			page 26


1399:Drivers/STM32G4xx_HAL_Driver/Src/stm32g4xx_hal_tim_ex.c **** 
1400:Drivers/STM32G4xx_HAL_Driver/Src/stm32g4xx_hal_tim_ex.c ****     /* Disable the Main Output */
1401:Drivers/STM32G4xx_HAL_Driver/Src/stm32g4xx_hal_tim_ex.c ****     __HAL_TIM_MOE_DISABLE(htim);
1402:Drivers/STM32G4xx_HAL_Driver/Src/stm32g4xx_hal_tim_ex.c **** 
1403:Drivers/STM32G4xx_HAL_Driver/Src/stm32g4xx_hal_tim_ex.c ****     /* Disable the Peripheral */
1404:Drivers/STM32G4xx_HAL_Driver/Src/stm32g4xx_hal_tim_ex.c ****     __HAL_TIM_DISABLE(htim);
1405:Drivers/STM32G4xx_HAL_Driver/Src/stm32g4xx_hal_tim_ex.c **** 
1406:Drivers/STM32G4xx_HAL_Driver/Src/stm32g4xx_hal_tim_ex.c ****     /* Set the TIM complementary channel state */
1407:Drivers/STM32G4xx_HAL_Driver/Src/stm32g4xx_hal_tim_ex.c ****     TIM_CHANNEL_N_STATE_SET(htim, Channel, HAL_TIM_CHANNEL_STATE_READY);
1408:Drivers/STM32G4xx_HAL_Driver/Src/stm32g4xx_hal_tim_ex.c ****   }
1409:Drivers/STM32G4xx_HAL_Driver/Src/stm32g4xx_hal_tim_ex.c **** 
1410:Drivers/STM32G4xx_HAL_Driver/Src/stm32g4xx_hal_tim_ex.c ****   /* Return function status */
1411:Drivers/STM32G4xx_HAL_Driver/Src/stm32g4xx_hal_tim_ex.c ****   return status;
1412:Drivers/STM32G4xx_HAL_Driver/Src/stm32g4xx_hal_tim_ex.c **** }
1413:Drivers/STM32G4xx_HAL_Driver/Src/stm32g4xx_hal_tim_ex.c **** 
1414:Drivers/STM32G4xx_HAL_Driver/Src/stm32g4xx_hal_tim_ex.c **** /**
1415:Drivers/STM32G4xx_HAL_Driver/Src/stm32g4xx_hal_tim_ex.c ****   * @brief  Starts the TIM PWM signal generation in DMA mode on the
1416:Drivers/STM32G4xx_HAL_Driver/Src/stm32g4xx_hal_tim_ex.c ****   *         complementary output
1417:Drivers/STM32G4xx_HAL_Driver/Src/stm32g4xx_hal_tim_ex.c ****   * @param  htim TIM handle
1418:Drivers/STM32G4xx_HAL_Driver/Src/stm32g4xx_hal_tim_ex.c ****   * @param  Channel TIM Channel to be enabled
1419:Drivers/STM32G4xx_HAL_Driver/Src/stm32g4xx_hal_tim_ex.c ****   *          This parameter can be one of the following values:
1420:Drivers/STM32G4xx_HAL_Driver/Src/stm32g4xx_hal_tim_ex.c ****   *            @arg TIM_CHANNEL_1: TIM Channel 1 selected
1421:Drivers/STM32G4xx_HAL_Driver/Src/stm32g4xx_hal_tim_ex.c ****   *            @arg TIM_CHANNEL_2: TIM Channel 2 selected
1422:Drivers/STM32G4xx_HAL_Driver/Src/stm32g4xx_hal_tim_ex.c ****   *            @arg TIM_CHANNEL_3: TIM Channel 3 selected
1423:Drivers/STM32G4xx_HAL_Driver/Src/stm32g4xx_hal_tim_ex.c ****   *            @arg TIM_CHANNEL_4: TIM Channel 4 selected
1424:Drivers/STM32G4xx_HAL_Driver/Src/stm32g4xx_hal_tim_ex.c ****   * @param  pData The source Buffer address.
1425:Drivers/STM32G4xx_HAL_Driver/Src/stm32g4xx_hal_tim_ex.c ****   * @param  Length The length of data to be transferred from memory to TIM peripheral
1426:Drivers/STM32G4xx_HAL_Driver/Src/stm32g4xx_hal_tim_ex.c ****   * @retval HAL status
1427:Drivers/STM32G4xx_HAL_Driver/Src/stm32g4xx_hal_tim_ex.c ****   */
1428:Drivers/STM32G4xx_HAL_Driver/Src/stm32g4xx_hal_tim_ex.c **** HAL_StatusTypeDef HAL_TIMEx_PWMN_Start_DMA(TIM_HandleTypeDef *htim, uint32_t Channel, const uint32_
1429:Drivers/STM32G4xx_HAL_Driver/Src/stm32g4xx_hal_tim_ex.c ****                                            uint16_t Length)
1430:Drivers/STM32G4xx_HAL_Driver/Src/stm32g4xx_hal_tim_ex.c **** {
1431:Drivers/STM32G4xx_HAL_Driver/Src/stm32g4xx_hal_tim_ex.c ****   HAL_StatusTypeDef status = HAL_OK;
1432:Drivers/STM32G4xx_HAL_Driver/Src/stm32g4xx_hal_tim_ex.c ****   uint32_t tmpsmcr;
1433:Drivers/STM32G4xx_HAL_Driver/Src/stm32g4xx_hal_tim_ex.c **** 
1434:Drivers/STM32G4xx_HAL_Driver/Src/stm32g4xx_hal_tim_ex.c ****   /* Check the parameters */
1435:Drivers/STM32G4xx_HAL_Driver/Src/stm32g4xx_hal_tim_ex.c ****   assert_param(IS_TIM_CCXN_INSTANCE(htim->Instance, Channel));
1436:Drivers/STM32G4xx_HAL_Driver/Src/stm32g4xx_hal_tim_ex.c **** 
1437:Drivers/STM32G4xx_HAL_Driver/Src/stm32g4xx_hal_tim_ex.c ****   /* Set the TIM complementary channel state */
1438:Drivers/STM32G4xx_HAL_Driver/Src/stm32g4xx_hal_tim_ex.c ****   if (TIM_CHANNEL_N_STATE_GET(htim, Channel) == HAL_TIM_CHANNEL_STATE_BUSY)
1439:Drivers/STM32G4xx_HAL_Driver/Src/stm32g4xx_hal_tim_ex.c ****   {
1440:Drivers/STM32G4xx_HAL_Driver/Src/stm32g4xx_hal_tim_ex.c ****     return HAL_BUSY;
1441:Drivers/STM32G4xx_HAL_Driver/Src/stm32g4xx_hal_tim_ex.c ****   }
1442:Drivers/STM32G4xx_HAL_Driver/Src/stm32g4xx_hal_tim_ex.c ****   else if (TIM_CHANNEL_N_STATE_GET(htim, Channel) == HAL_TIM_CHANNEL_STATE_READY)
1443:Drivers/STM32G4xx_HAL_Driver/Src/stm32g4xx_hal_tim_ex.c ****   {
1444:Drivers/STM32G4xx_HAL_Driver/Src/stm32g4xx_hal_tim_ex.c ****     if ((pData == NULL) || (Length == 0U))
1445:Drivers/STM32G4xx_HAL_Driver/Src/stm32g4xx_hal_tim_ex.c ****     {
1446:Drivers/STM32G4xx_HAL_Driver/Src/stm32g4xx_hal_tim_ex.c ****       return HAL_ERROR;
1447:Drivers/STM32G4xx_HAL_Driver/Src/stm32g4xx_hal_tim_ex.c ****     }
1448:Drivers/STM32G4xx_HAL_Driver/Src/stm32g4xx_hal_tim_ex.c ****     else
1449:Drivers/STM32G4xx_HAL_Driver/Src/stm32g4xx_hal_tim_ex.c ****     {
1450:Drivers/STM32G4xx_HAL_Driver/Src/stm32g4xx_hal_tim_ex.c ****       TIM_CHANNEL_N_STATE_SET(htim, Channel, HAL_TIM_CHANNEL_STATE_BUSY);
1451:Drivers/STM32G4xx_HAL_Driver/Src/stm32g4xx_hal_tim_ex.c ****     }
1452:Drivers/STM32G4xx_HAL_Driver/Src/stm32g4xx_hal_tim_ex.c ****   }
1453:Drivers/STM32G4xx_HAL_Driver/Src/stm32g4xx_hal_tim_ex.c ****   else
1454:Drivers/STM32G4xx_HAL_Driver/Src/stm32g4xx_hal_tim_ex.c ****   {
1455:Drivers/STM32G4xx_HAL_Driver/Src/stm32g4xx_hal_tim_ex.c ****     return HAL_ERROR;
ARM GAS  /tmp/ccAXGFxz.s 			page 27


1456:Drivers/STM32G4xx_HAL_Driver/Src/stm32g4xx_hal_tim_ex.c ****   }
1457:Drivers/STM32G4xx_HAL_Driver/Src/stm32g4xx_hal_tim_ex.c **** 
1458:Drivers/STM32G4xx_HAL_Driver/Src/stm32g4xx_hal_tim_ex.c ****   switch (Channel)
1459:Drivers/STM32G4xx_HAL_Driver/Src/stm32g4xx_hal_tim_ex.c ****   {
1460:Drivers/STM32G4xx_HAL_Driver/Src/stm32g4xx_hal_tim_ex.c ****     case TIM_CHANNEL_1:
1461:Drivers/STM32G4xx_HAL_Driver/Src/stm32g4xx_hal_tim_ex.c ****     {
1462:Drivers/STM32G4xx_HAL_Driver/Src/stm32g4xx_hal_tim_ex.c ****       /* Set the DMA compare callbacks */
1463:Drivers/STM32G4xx_HAL_Driver/Src/stm32g4xx_hal_tim_ex.c ****       htim->hdma[TIM_DMA_ID_CC1]->XferCpltCallback = TIM_DMADelayPulseNCplt;
1464:Drivers/STM32G4xx_HAL_Driver/Src/stm32g4xx_hal_tim_ex.c ****       htim->hdma[TIM_DMA_ID_CC1]->XferHalfCpltCallback = TIM_DMADelayPulseHalfCplt;
1465:Drivers/STM32G4xx_HAL_Driver/Src/stm32g4xx_hal_tim_ex.c **** 
1466:Drivers/STM32G4xx_HAL_Driver/Src/stm32g4xx_hal_tim_ex.c ****       /* Set the DMA error callback */
1467:Drivers/STM32G4xx_HAL_Driver/Src/stm32g4xx_hal_tim_ex.c ****       htim->hdma[TIM_DMA_ID_CC1]->XferErrorCallback = TIM_DMAErrorCCxN ;
1468:Drivers/STM32G4xx_HAL_Driver/Src/stm32g4xx_hal_tim_ex.c **** 
1469:Drivers/STM32G4xx_HAL_Driver/Src/stm32g4xx_hal_tim_ex.c ****       /* Enable the DMA channel */
1470:Drivers/STM32G4xx_HAL_Driver/Src/stm32g4xx_hal_tim_ex.c ****       if (HAL_DMA_Start_IT(htim->hdma[TIM_DMA_ID_CC1], (uint32_t)pData, (uint32_t)&htim->Instance->
1471:Drivers/STM32G4xx_HAL_Driver/Src/stm32g4xx_hal_tim_ex.c ****                            Length) != HAL_OK)
1472:Drivers/STM32G4xx_HAL_Driver/Src/stm32g4xx_hal_tim_ex.c ****       {
1473:Drivers/STM32G4xx_HAL_Driver/Src/stm32g4xx_hal_tim_ex.c ****         /* Return error status */
1474:Drivers/STM32G4xx_HAL_Driver/Src/stm32g4xx_hal_tim_ex.c ****         return HAL_ERROR;
1475:Drivers/STM32G4xx_HAL_Driver/Src/stm32g4xx_hal_tim_ex.c ****       }
1476:Drivers/STM32G4xx_HAL_Driver/Src/stm32g4xx_hal_tim_ex.c ****       /* Enable the TIM Capture/Compare 1 DMA request */
1477:Drivers/STM32G4xx_HAL_Driver/Src/stm32g4xx_hal_tim_ex.c ****       __HAL_TIM_ENABLE_DMA(htim, TIM_DMA_CC1);
1478:Drivers/STM32G4xx_HAL_Driver/Src/stm32g4xx_hal_tim_ex.c ****       break;
1479:Drivers/STM32G4xx_HAL_Driver/Src/stm32g4xx_hal_tim_ex.c ****     }
1480:Drivers/STM32G4xx_HAL_Driver/Src/stm32g4xx_hal_tim_ex.c **** 
1481:Drivers/STM32G4xx_HAL_Driver/Src/stm32g4xx_hal_tim_ex.c ****     case TIM_CHANNEL_2:
1482:Drivers/STM32G4xx_HAL_Driver/Src/stm32g4xx_hal_tim_ex.c ****     {
1483:Drivers/STM32G4xx_HAL_Driver/Src/stm32g4xx_hal_tim_ex.c ****       /* Set the DMA compare callbacks */
1484:Drivers/STM32G4xx_HAL_Driver/Src/stm32g4xx_hal_tim_ex.c ****       htim->hdma[TIM_DMA_ID_CC2]->XferCpltCallback = TIM_DMADelayPulseNCplt;
1485:Drivers/STM32G4xx_HAL_Driver/Src/stm32g4xx_hal_tim_ex.c ****       htim->hdma[TIM_DMA_ID_CC2]->XferHalfCpltCallback = TIM_DMADelayPulseHalfCplt;
1486:Drivers/STM32G4xx_HAL_Driver/Src/stm32g4xx_hal_tim_ex.c **** 
1487:Drivers/STM32G4xx_HAL_Driver/Src/stm32g4xx_hal_tim_ex.c ****       /* Set the DMA error callback */
1488:Drivers/STM32G4xx_HAL_Driver/Src/stm32g4xx_hal_tim_ex.c ****       htim->hdma[TIM_DMA_ID_CC2]->XferErrorCallback = TIM_DMAErrorCCxN ;
1489:Drivers/STM32G4xx_HAL_Driver/Src/stm32g4xx_hal_tim_ex.c **** 
1490:Drivers/STM32G4xx_HAL_Driver/Src/stm32g4xx_hal_tim_ex.c ****       /* Enable the DMA channel */
1491:Drivers/STM32G4xx_HAL_Driver/Src/stm32g4xx_hal_tim_ex.c ****       if (HAL_DMA_Start_IT(htim->hdma[TIM_DMA_ID_CC2], (uint32_t)pData, (uint32_t)&htim->Instance->
1492:Drivers/STM32G4xx_HAL_Driver/Src/stm32g4xx_hal_tim_ex.c ****                            Length) != HAL_OK)
1493:Drivers/STM32G4xx_HAL_Driver/Src/stm32g4xx_hal_tim_ex.c ****       {
1494:Drivers/STM32G4xx_HAL_Driver/Src/stm32g4xx_hal_tim_ex.c ****         /* Return error status */
1495:Drivers/STM32G4xx_HAL_Driver/Src/stm32g4xx_hal_tim_ex.c ****         return HAL_ERROR;
1496:Drivers/STM32G4xx_HAL_Driver/Src/stm32g4xx_hal_tim_ex.c ****       }
1497:Drivers/STM32G4xx_HAL_Driver/Src/stm32g4xx_hal_tim_ex.c ****       /* Enable the TIM Capture/Compare 2 DMA request */
1498:Drivers/STM32G4xx_HAL_Driver/Src/stm32g4xx_hal_tim_ex.c ****       __HAL_TIM_ENABLE_DMA(htim, TIM_DMA_CC2);
1499:Drivers/STM32G4xx_HAL_Driver/Src/stm32g4xx_hal_tim_ex.c ****       break;
1500:Drivers/STM32G4xx_HAL_Driver/Src/stm32g4xx_hal_tim_ex.c ****     }
1501:Drivers/STM32G4xx_HAL_Driver/Src/stm32g4xx_hal_tim_ex.c **** 
1502:Drivers/STM32G4xx_HAL_Driver/Src/stm32g4xx_hal_tim_ex.c ****     case TIM_CHANNEL_3:
1503:Drivers/STM32G4xx_HAL_Driver/Src/stm32g4xx_hal_tim_ex.c ****     {
1504:Drivers/STM32G4xx_HAL_Driver/Src/stm32g4xx_hal_tim_ex.c ****       /* Set the DMA compare callbacks */
1505:Drivers/STM32G4xx_HAL_Driver/Src/stm32g4xx_hal_tim_ex.c ****       htim->hdma[TIM_DMA_ID_CC3]->XferCpltCallback = TIM_DMADelayPulseNCplt;
1506:Drivers/STM32G4xx_HAL_Driver/Src/stm32g4xx_hal_tim_ex.c ****       htim->hdma[TIM_DMA_ID_CC3]->XferHalfCpltCallback = TIM_DMADelayPulseHalfCplt;
1507:Drivers/STM32G4xx_HAL_Driver/Src/stm32g4xx_hal_tim_ex.c **** 
1508:Drivers/STM32G4xx_HAL_Driver/Src/stm32g4xx_hal_tim_ex.c ****       /* Set the DMA error callback */
1509:Drivers/STM32G4xx_HAL_Driver/Src/stm32g4xx_hal_tim_ex.c ****       htim->hdma[TIM_DMA_ID_CC3]->XferErrorCallback = TIM_DMAErrorCCxN ;
1510:Drivers/STM32G4xx_HAL_Driver/Src/stm32g4xx_hal_tim_ex.c **** 
1511:Drivers/STM32G4xx_HAL_Driver/Src/stm32g4xx_hal_tim_ex.c ****       /* Enable the DMA channel */
1512:Drivers/STM32G4xx_HAL_Driver/Src/stm32g4xx_hal_tim_ex.c ****       if (HAL_DMA_Start_IT(htim->hdma[TIM_DMA_ID_CC3], (uint32_t)pData, (uint32_t)&htim->Instance->
ARM GAS  /tmp/ccAXGFxz.s 			page 28


1513:Drivers/STM32G4xx_HAL_Driver/Src/stm32g4xx_hal_tim_ex.c ****                            Length) != HAL_OK)
1514:Drivers/STM32G4xx_HAL_Driver/Src/stm32g4xx_hal_tim_ex.c ****       {
1515:Drivers/STM32G4xx_HAL_Driver/Src/stm32g4xx_hal_tim_ex.c ****         /* Return error status */
1516:Drivers/STM32G4xx_HAL_Driver/Src/stm32g4xx_hal_tim_ex.c ****         return HAL_ERROR;
1517:Drivers/STM32G4xx_HAL_Driver/Src/stm32g4xx_hal_tim_ex.c ****       }
1518:Drivers/STM32G4xx_HAL_Driver/Src/stm32g4xx_hal_tim_ex.c ****       /* Enable the TIM Capture/Compare 3 DMA request */
1519:Drivers/STM32G4xx_HAL_Driver/Src/stm32g4xx_hal_tim_ex.c ****       __HAL_TIM_ENABLE_DMA(htim, TIM_DMA_CC3);
1520:Drivers/STM32G4xx_HAL_Driver/Src/stm32g4xx_hal_tim_ex.c ****       break;
1521:Drivers/STM32G4xx_HAL_Driver/Src/stm32g4xx_hal_tim_ex.c ****     }
1522:Drivers/STM32G4xx_HAL_Driver/Src/stm32g4xx_hal_tim_ex.c **** 
1523:Drivers/STM32G4xx_HAL_Driver/Src/stm32g4xx_hal_tim_ex.c ****     case TIM_CHANNEL_4:
1524:Drivers/STM32G4xx_HAL_Driver/Src/stm32g4xx_hal_tim_ex.c ****     {
1525:Drivers/STM32G4xx_HAL_Driver/Src/stm32g4xx_hal_tim_ex.c ****       /* Set the DMA compare callbacks */
1526:Drivers/STM32G4xx_HAL_Driver/Src/stm32g4xx_hal_tim_ex.c ****       htim->hdma[TIM_DMA_ID_CC4]->XferCpltCallback = TIM_DMADelayPulseNCplt;
1527:Drivers/STM32G4xx_HAL_Driver/Src/stm32g4xx_hal_tim_ex.c ****       htim->hdma[TIM_DMA_ID_CC4]->XferHalfCpltCallback = TIM_DMADelayPulseHalfCplt;
1528:Drivers/STM32G4xx_HAL_Driver/Src/stm32g4xx_hal_tim_ex.c **** 
1529:Drivers/STM32G4xx_HAL_Driver/Src/stm32g4xx_hal_tim_ex.c ****       /* Set the DMA error callback */
1530:Drivers/STM32G4xx_HAL_Driver/Src/stm32g4xx_hal_tim_ex.c ****       htim->hdma[TIM_DMA_ID_CC4]->XferErrorCallback = TIM_DMAErrorCCxN ;
1531:Drivers/STM32G4xx_HAL_Driver/Src/stm32g4xx_hal_tim_ex.c **** 
1532:Drivers/STM32G4xx_HAL_Driver/Src/stm32g4xx_hal_tim_ex.c ****       /* Enable the DMA channel */
1533:Drivers/STM32G4xx_HAL_Driver/Src/stm32g4xx_hal_tim_ex.c ****       if (HAL_DMA_Start_IT(htim->hdma[TIM_DMA_ID_CC4], (uint32_t)pData, (uint32_t)&htim->Instance->
1534:Drivers/STM32G4xx_HAL_Driver/Src/stm32g4xx_hal_tim_ex.c ****                            Length) != HAL_OK)
1535:Drivers/STM32G4xx_HAL_Driver/Src/stm32g4xx_hal_tim_ex.c ****       {
1536:Drivers/STM32G4xx_HAL_Driver/Src/stm32g4xx_hal_tim_ex.c ****         /* Return error status */
1537:Drivers/STM32G4xx_HAL_Driver/Src/stm32g4xx_hal_tim_ex.c ****         return HAL_ERROR;
1538:Drivers/STM32G4xx_HAL_Driver/Src/stm32g4xx_hal_tim_ex.c ****       }
1539:Drivers/STM32G4xx_HAL_Driver/Src/stm32g4xx_hal_tim_ex.c ****       /* Enable the TIM Capture/Compare 4 DMA request */
1540:Drivers/STM32G4xx_HAL_Driver/Src/stm32g4xx_hal_tim_ex.c ****       __HAL_TIM_ENABLE_DMA(htim, TIM_DMA_CC4);
1541:Drivers/STM32G4xx_HAL_Driver/Src/stm32g4xx_hal_tim_ex.c ****       break;
1542:Drivers/STM32G4xx_HAL_Driver/Src/stm32g4xx_hal_tim_ex.c ****     }
1543:Drivers/STM32G4xx_HAL_Driver/Src/stm32g4xx_hal_tim_ex.c **** 
1544:Drivers/STM32G4xx_HAL_Driver/Src/stm32g4xx_hal_tim_ex.c ****     default:
1545:Drivers/STM32G4xx_HAL_Driver/Src/stm32g4xx_hal_tim_ex.c ****       status = HAL_ERROR;
1546:Drivers/STM32G4xx_HAL_Driver/Src/stm32g4xx_hal_tim_ex.c ****       break;
1547:Drivers/STM32G4xx_HAL_Driver/Src/stm32g4xx_hal_tim_ex.c ****   }
1548:Drivers/STM32G4xx_HAL_Driver/Src/stm32g4xx_hal_tim_ex.c **** 
1549:Drivers/STM32G4xx_HAL_Driver/Src/stm32g4xx_hal_tim_ex.c ****   if (status == HAL_OK)
1550:Drivers/STM32G4xx_HAL_Driver/Src/stm32g4xx_hal_tim_ex.c ****   {
1551:Drivers/STM32G4xx_HAL_Driver/Src/stm32g4xx_hal_tim_ex.c ****     /* Enable the complementary PWM output  */
1552:Drivers/STM32G4xx_HAL_Driver/Src/stm32g4xx_hal_tim_ex.c ****     TIM_CCxNChannelCmd(htim->Instance, Channel, TIM_CCxN_ENABLE);
1553:Drivers/STM32G4xx_HAL_Driver/Src/stm32g4xx_hal_tim_ex.c **** 
1554:Drivers/STM32G4xx_HAL_Driver/Src/stm32g4xx_hal_tim_ex.c ****     /* Enable the Main Output */
1555:Drivers/STM32G4xx_HAL_Driver/Src/stm32g4xx_hal_tim_ex.c ****     __HAL_TIM_MOE_ENABLE(htim);
1556:Drivers/STM32G4xx_HAL_Driver/Src/stm32g4xx_hal_tim_ex.c **** 
1557:Drivers/STM32G4xx_HAL_Driver/Src/stm32g4xx_hal_tim_ex.c ****     /* Enable the Peripheral, except in trigger mode where enable is automatically done with trigge
1558:Drivers/STM32G4xx_HAL_Driver/Src/stm32g4xx_hal_tim_ex.c ****     if (IS_TIM_SLAVE_INSTANCE(htim->Instance))
1559:Drivers/STM32G4xx_HAL_Driver/Src/stm32g4xx_hal_tim_ex.c ****     {
1560:Drivers/STM32G4xx_HAL_Driver/Src/stm32g4xx_hal_tim_ex.c ****       tmpsmcr = htim->Instance->SMCR & TIM_SMCR_SMS;
1561:Drivers/STM32G4xx_HAL_Driver/Src/stm32g4xx_hal_tim_ex.c ****       if (!IS_TIM_SLAVEMODE_TRIGGER_ENABLED(tmpsmcr))
1562:Drivers/STM32G4xx_HAL_Driver/Src/stm32g4xx_hal_tim_ex.c ****       {
1563:Drivers/STM32G4xx_HAL_Driver/Src/stm32g4xx_hal_tim_ex.c ****         __HAL_TIM_ENABLE(htim);
1564:Drivers/STM32G4xx_HAL_Driver/Src/stm32g4xx_hal_tim_ex.c ****       }
1565:Drivers/STM32G4xx_HAL_Driver/Src/stm32g4xx_hal_tim_ex.c ****     }
1566:Drivers/STM32G4xx_HAL_Driver/Src/stm32g4xx_hal_tim_ex.c ****     else
1567:Drivers/STM32G4xx_HAL_Driver/Src/stm32g4xx_hal_tim_ex.c ****     {
1568:Drivers/STM32G4xx_HAL_Driver/Src/stm32g4xx_hal_tim_ex.c ****       __HAL_TIM_ENABLE(htim);
1569:Drivers/STM32G4xx_HAL_Driver/Src/stm32g4xx_hal_tim_ex.c ****     }
ARM GAS  /tmp/ccAXGFxz.s 			page 29


1570:Drivers/STM32G4xx_HAL_Driver/Src/stm32g4xx_hal_tim_ex.c ****   }
1571:Drivers/STM32G4xx_HAL_Driver/Src/stm32g4xx_hal_tim_ex.c **** 
1572:Drivers/STM32G4xx_HAL_Driver/Src/stm32g4xx_hal_tim_ex.c ****   /* Return function status */
1573:Drivers/STM32G4xx_HAL_Driver/Src/stm32g4xx_hal_tim_ex.c ****   return status;
1574:Drivers/STM32G4xx_HAL_Driver/Src/stm32g4xx_hal_tim_ex.c **** }
1575:Drivers/STM32G4xx_HAL_Driver/Src/stm32g4xx_hal_tim_ex.c **** 
1576:Drivers/STM32G4xx_HAL_Driver/Src/stm32g4xx_hal_tim_ex.c **** /**
1577:Drivers/STM32G4xx_HAL_Driver/Src/stm32g4xx_hal_tim_ex.c ****   * @brief  Stops the TIM PWM signal generation in DMA mode on the complementary
1578:Drivers/STM32G4xx_HAL_Driver/Src/stm32g4xx_hal_tim_ex.c ****   *         output
1579:Drivers/STM32G4xx_HAL_Driver/Src/stm32g4xx_hal_tim_ex.c ****   * @param  htim TIM handle
1580:Drivers/STM32G4xx_HAL_Driver/Src/stm32g4xx_hal_tim_ex.c ****   * @param  Channel TIM Channel to be disabled
1581:Drivers/STM32G4xx_HAL_Driver/Src/stm32g4xx_hal_tim_ex.c ****   *          This parameter can be one of the following values:
1582:Drivers/STM32G4xx_HAL_Driver/Src/stm32g4xx_hal_tim_ex.c ****   *            @arg TIM_CHANNEL_1: TIM Channel 1 selected
1583:Drivers/STM32G4xx_HAL_Driver/Src/stm32g4xx_hal_tim_ex.c ****   *            @arg TIM_CHANNEL_2: TIM Channel 2 selected
1584:Drivers/STM32G4xx_HAL_Driver/Src/stm32g4xx_hal_tim_ex.c ****   *            @arg TIM_CHANNEL_3: TIM Channel 3 selected
1585:Drivers/STM32G4xx_HAL_Driver/Src/stm32g4xx_hal_tim_ex.c ****   *            @arg TIM_CHANNEL_4: TIM Channel 4 selected
1586:Drivers/STM32G4xx_HAL_Driver/Src/stm32g4xx_hal_tim_ex.c ****   * @retval HAL status
1587:Drivers/STM32G4xx_HAL_Driver/Src/stm32g4xx_hal_tim_ex.c ****   */
1588:Drivers/STM32G4xx_HAL_Driver/Src/stm32g4xx_hal_tim_ex.c **** HAL_StatusTypeDef HAL_TIMEx_PWMN_Stop_DMA(TIM_HandleTypeDef *htim, uint32_t Channel)
1589:Drivers/STM32G4xx_HAL_Driver/Src/stm32g4xx_hal_tim_ex.c **** {
1590:Drivers/STM32G4xx_HAL_Driver/Src/stm32g4xx_hal_tim_ex.c ****   HAL_StatusTypeDef status = HAL_OK;
1591:Drivers/STM32G4xx_HAL_Driver/Src/stm32g4xx_hal_tim_ex.c **** 
1592:Drivers/STM32G4xx_HAL_Driver/Src/stm32g4xx_hal_tim_ex.c ****   /* Check the parameters */
1593:Drivers/STM32G4xx_HAL_Driver/Src/stm32g4xx_hal_tim_ex.c ****   assert_param(IS_TIM_CCXN_INSTANCE(htim->Instance, Channel));
1594:Drivers/STM32G4xx_HAL_Driver/Src/stm32g4xx_hal_tim_ex.c **** 
1595:Drivers/STM32G4xx_HAL_Driver/Src/stm32g4xx_hal_tim_ex.c ****   switch (Channel)
1596:Drivers/STM32G4xx_HAL_Driver/Src/stm32g4xx_hal_tim_ex.c ****   {
1597:Drivers/STM32G4xx_HAL_Driver/Src/stm32g4xx_hal_tim_ex.c ****     case TIM_CHANNEL_1:
1598:Drivers/STM32G4xx_HAL_Driver/Src/stm32g4xx_hal_tim_ex.c ****     {
1599:Drivers/STM32G4xx_HAL_Driver/Src/stm32g4xx_hal_tim_ex.c ****       /* Disable the TIM Capture/Compare 1 DMA request */
1600:Drivers/STM32G4xx_HAL_Driver/Src/stm32g4xx_hal_tim_ex.c ****       __HAL_TIM_DISABLE_DMA(htim, TIM_DMA_CC1);
1601:Drivers/STM32G4xx_HAL_Driver/Src/stm32g4xx_hal_tim_ex.c ****       (void)HAL_DMA_Abort_IT(htim->hdma[TIM_DMA_ID_CC1]);
1602:Drivers/STM32G4xx_HAL_Driver/Src/stm32g4xx_hal_tim_ex.c ****       break;
1603:Drivers/STM32G4xx_HAL_Driver/Src/stm32g4xx_hal_tim_ex.c ****     }
1604:Drivers/STM32G4xx_HAL_Driver/Src/stm32g4xx_hal_tim_ex.c **** 
1605:Drivers/STM32G4xx_HAL_Driver/Src/stm32g4xx_hal_tim_ex.c ****     case TIM_CHANNEL_2:
1606:Drivers/STM32G4xx_HAL_Driver/Src/stm32g4xx_hal_tim_ex.c ****     {
1607:Drivers/STM32G4xx_HAL_Driver/Src/stm32g4xx_hal_tim_ex.c ****       /* Disable the TIM Capture/Compare 2 DMA request */
1608:Drivers/STM32G4xx_HAL_Driver/Src/stm32g4xx_hal_tim_ex.c ****       __HAL_TIM_DISABLE_DMA(htim, TIM_DMA_CC2);
1609:Drivers/STM32G4xx_HAL_Driver/Src/stm32g4xx_hal_tim_ex.c ****       (void)HAL_DMA_Abort_IT(htim->hdma[TIM_DMA_ID_CC2]);
1610:Drivers/STM32G4xx_HAL_Driver/Src/stm32g4xx_hal_tim_ex.c ****       break;
1611:Drivers/STM32G4xx_HAL_Driver/Src/stm32g4xx_hal_tim_ex.c ****     }
1612:Drivers/STM32G4xx_HAL_Driver/Src/stm32g4xx_hal_tim_ex.c **** 
1613:Drivers/STM32G4xx_HAL_Driver/Src/stm32g4xx_hal_tim_ex.c ****     case TIM_CHANNEL_3:
1614:Drivers/STM32G4xx_HAL_Driver/Src/stm32g4xx_hal_tim_ex.c ****     {
1615:Drivers/STM32G4xx_HAL_Driver/Src/stm32g4xx_hal_tim_ex.c ****       /* Disable the TIM Capture/Compare 3 DMA request */
1616:Drivers/STM32G4xx_HAL_Driver/Src/stm32g4xx_hal_tim_ex.c ****       __HAL_TIM_DISABLE_DMA(htim, TIM_DMA_CC3);
1617:Drivers/STM32G4xx_HAL_Driver/Src/stm32g4xx_hal_tim_ex.c ****       (void)HAL_DMA_Abort_IT(htim->hdma[TIM_DMA_ID_CC3]);
1618:Drivers/STM32G4xx_HAL_Driver/Src/stm32g4xx_hal_tim_ex.c ****       break;
1619:Drivers/STM32G4xx_HAL_Driver/Src/stm32g4xx_hal_tim_ex.c ****     }
1620:Drivers/STM32G4xx_HAL_Driver/Src/stm32g4xx_hal_tim_ex.c **** 
1621:Drivers/STM32G4xx_HAL_Driver/Src/stm32g4xx_hal_tim_ex.c ****     case TIM_CHANNEL_4:
1622:Drivers/STM32G4xx_HAL_Driver/Src/stm32g4xx_hal_tim_ex.c ****     {
1623:Drivers/STM32G4xx_HAL_Driver/Src/stm32g4xx_hal_tim_ex.c ****       /* Disable the TIM Capture/Compare 4 DMA request */
1624:Drivers/STM32G4xx_HAL_Driver/Src/stm32g4xx_hal_tim_ex.c ****       __HAL_TIM_DISABLE_DMA(htim, TIM_DMA_CC4);
1625:Drivers/STM32G4xx_HAL_Driver/Src/stm32g4xx_hal_tim_ex.c ****       (void)HAL_DMA_Abort_IT(htim->hdma[TIM_DMA_ID_CC4]);
1626:Drivers/STM32G4xx_HAL_Driver/Src/stm32g4xx_hal_tim_ex.c ****       break;
ARM GAS  /tmp/ccAXGFxz.s 			page 30


1627:Drivers/STM32G4xx_HAL_Driver/Src/stm32g4xx_hal_tim_ex.c ****     }
1628:Drivers/STM32G4xx_HAL_Driver/Src/stm32g4xx_hal_tim_ex.c **** 
1629:Drivers/STM32G4xx_HAL_Driver/Src/stm32g4xx_hal_tim_ex.c ****     default:
1630:Drivers/STM32G4xx_HAL_Driver/Src/stm32g4xx_hal_tim_ex.c ****       status = HAL_ERROR;
1631:Drivers/STM32G4xx_HAL_Driver/Src/stm32g4xx_hal_tim_ex.c ****       break;
1632:Drivers/STM32G4xx_HAL_Driver/Src/stm32g4xx_hal_tim_ex.c ****   }
1633:Drivers/STM32G4xx_HAL_Driver/Src/stm32g4xx_hal_tim_ex.c **** 
1634:Drivers/STM32G4xx_HAL_Driver/Src/stm32g4xx_hal_tim_ex.c ****   if (status == HAL_OK)
1635:Drivers/STM32G4xx_HAL_Driver/Src/stm32g4xx_hal_tim_ex.c ****   {
1636:Drivers/STM32G4xx_HAL_Driver/Src/stm32g4xx_hal_tim_ex.c ****     /* Disable the complementary PWM output */
1637:Drivers/STM32G4xx_HAL_Driver/Src/stm32g4xx_hal_tim_ex.c ****     TIM_CCxNChannelCmd(htim->Instance, Channel, TIM_CCxN_DISABLE);
1638:Drivers/STM32G4xx_HAL_Driver/Src/stm32g4xx_hal_tim_ex.c **** 
1639:Drivers/STM32G4xx_HAL_Driver/Src/stm32g4xx_hal_tim_ex.c ****     /* Disable the Main Output */
1640:Drivers/STM32G4xx_HAL_Driver/Src/stm32g4xx_hal_tim_ex.c ****     __HAL_TIM_MOE_DISABLE(htim);
1641:Drivers/STM32G4xx_HAL_Driver/Src/stm32g4xx_hal_tim_ex.c **** 
1642:Drivers/STM32G4xx_HAL_Driver/Src/stm32g4xx_hal_tim_ex.c ****     /* Disable the Peripheral */
1643:Drivers/STM32G4xx_HAL_Driver/Src/stm32g4xx_hal_tim_ex.c ****     __HAL_TIM_DISABLE(htim);
1644:Drivers/STM32G4xx_HAL_Driver/Src/stm32g4xx_hal_tim_ex.c **** 
1645:Drivers/STM32G4xx_HAL_Driver/Src/stm32g4xx_hal_tim_ex.c ****     /* Set the TIM complementary channel state */
1646:Drivers/STM32G4xx_HAL_Driver/Src/stm32g4xx_hal_tim_ex.c ****     TIM_CHANNEL_N_STATE_SET(htim, Channel, HAL_TIM_CHANNEL_STATE_READY);
1647:Drivers/STM32G4xx_HAL_Driver/Src/stm32g4xx_hal_tim_ex.c ****   }
1648:Drivers/STM32G4xx_HAL_Driver/Src/stm32g4xx_hal_tim_ex.c **** 
1649:Drivers/STM32G4xx_HAL_Driver/Src/stm32g4xx_hal_tim_ex.c ****   /* Return function status */
1650:Drivers/STM32G4xx_HAL_Driver/Src/stm32g4xx_hal_tim_ex.c ****   return status;
1651:Drivers/STM32G4xx_HAL_Driver/Src/stm32g4xx_hal_tim_ex.c **** }
1652:Drivers/STM32G4xx_HAL_Driver/Src/stm32g4xx_hal_tim_ex.c **** 
1653:Drivers/STM32G4xx_HAL_Driver/Src/stm32g4xx_hal_tim_ex.c **** /**
1654:Drivers/STM32G4xx_HAL_Driver/Src/stm32g4xx_hal_tim_ex.c ****   * @}
1655:Drivers/STM32G4xx_HAL_Driver/Src/stm32g4xx_hal_tim_ex.c ****   */
1656:Drivers/STM32G4xx_HAL_Driver/Src/stm32g4xx_hal_tim_ex.c **** 
1657:Drivers/STM32G4xx_HAL_Driver/Src/stm32g4xx_hal_tim_ex.c **** /** @defgroup TIMEx_Exported_Functions_Group4 Extended Timer Complementary One Pulse functions
1658:Drivers/STM32G4xx_HAL_Driver/Src/stm32g4xx_hal_tim_ex.c ****   * @brief    Timer Complementary One Pulse functions
1659:Drivers/STM32G4xx_HAL_Driver/Src/stm32g4xx_hal_tim_ex.c ****   *
1660:Drivers/STM32G4xx_HAL_Driver/Src/stm32g4xx_hal_tim_ex.c **** @verbatim
1661:Drivers/STM32G4xx_HAL_Driver/Src/stm32g4xx_hal_tim_ex.c ****   ==============================================================================
1662:Drivers/STM32G4xx_HAL_Driver/Src/stm32g4xx_hal_tim_ex.c ****                 ##### Timer Complementary One Pulse functions #####
1663:Drivers/STM32G4xx_HAL_Driver/Src/stm32g4xx_hal_tim_ex.c ****   ==============================================================================
1664:Drivers/STM32G4xx_HAL_Driver/Src/stm32g4xx_hal_tim_ex.c ****   [..]
1665:Drivers/STM32G4xx_HAL_Driver/Src/stm32g4xx_hal_tim_ex.c ****     This section provides functions allowing to:
1666:Drivers/STM32G4xx_HAL_Driver/Src/stm32g4xx_hal_tim_ex.c ****     (+) Start the Complementary One Pulse generation.
1667:Drivers/STM32G4xx_HAL_Driver/Src/stm32g4xx_hal_tim_ex.c ****     (+) Stop the Complementary One Pulse.
1668:Drivers/STM32G4xx_HAL_Driver/Src/stm32g4xx_hal_tim_ex.c ****     (+) Start the Complementary One Pulse and enable interrupts.
1669:Drivers/STM32G4xx_HAL_Driver/Src/stm32g4xx_hal_tim_ex.c ****     (+) Stop the Complementary One Pulse and disable interrupts.
1670:Drivers/STM32G4xx_HAL_Driver/Src/stm32g4xx_hal_tim_ex.c **** 
1671:Drivers/STM32G4xx_HAL_Driver/Src/stm32g4xx_hal_tim_ex.c **** @endverbatim
1672:Drivers/STM32G4xx_HAL_Driver/Src/stm32g4xx_hal_tim_ex.c ****   * @{
1673:Drivers/STM32G4xx_HAL_Driver/Src/stm32g4xx_hal_tim_ex.c ****   */
1674:Drivers/STM32G4xx_HAL_Driver/Src/stm32g4xx_hal_tim_ex.c **** 
1675:Drivers/STM32G4xx_HAL_Driver/Src/stm32g4xx_hal_tim_ex.c **** /**
1676:Drivers/STM32G4xx_HAL_Driver/Src/stm32g4xx_hal_tim_ex.c ****   * @brief  Starts the TIM One Pulse signal generation on the complementary
1677:Drivers/STM32G4xx_HAL_Driver/Src/stm32g4xx_hal_tim_ex.c ****   *         output.
1678:Drivers/STM32G4xx_HAL_Driver/Src/stm32g4xx_hal_tim_ex.c ****   * @note OutputChannel must match the pulse output channel chosen when calling
1679:Drivers/STM32G4xx_HAL_Driver/Src/stm32g4xx_hal_tim_ex.c ****   *       @ref HAL_TIM_OnePulse_ConfigChannel().
1680:Drivers/STM32G4xx_HAL_Driver/Src/stm32g4xx_hal_tim_ex.c ****   * @param  htim TIM One Pulse handle
1681:Drivers/STM32G4xx_HAL_Driver/Src/stm32g4xx_hal_tim_ex.c ****   * @param  OutputChannel pulse output channel to enable
1682:Drivers/STM32G4xx_HAL_Driver/Src/stm32g4xx_hal_tim_ex.c ****   *          This parameter can be one of the following values:
1683:Drivers/STM32G4xx_HAL_Driver/Src/stm32g4xx_hal_tim_ex.c ****   *            @arg TIM_CHANNEL_1: TIM Channel 1 selected
ARM GAS  /tmp/ccAXGFxz.s 			page 31


1684:Drivers/STM32G4xx_HAL_Driver/Src/stm32g4xx_hal_tim_ex.c ****   *            @arg TIM_CHANNEL_2: TIM Channel 2 selected
1685:Drivers/STM32G4xx_HAL_Driver/Src/stm32g4xx_hal_tim_ex.c ****   * @retval HAL status
1686:Drivers/STM32G4xx_HAL_Driver/Src/stm32g4xx_hal_tim_ex.c ****   */
1687:Drivers/STM32G4xx_HAL_Driver/Src/stm32g4xx_hal_tim_ex.c **** HAL_StatusTypeDef HAL_TIMEx_OnePulseN_Start(TIM_HandleTypeDef *htim, uint32_t OutputChannel)
1688:Drivers/STM32G4xx_HAL_Driver/Src/stm32g4xx_hal_tim_ex.c **** {
1689:Drivers/STM32G4xx_HAL_Driver/Src/stm32g4xx_hal_tim_ex.c ****   uint32_t input_channel = (OutputChannel == TIM_CHANNEL_1) ? TIM_CHANNEL_2 : TIM_CHANNEL_1;
1690:Drivers/STM32G4xx_HAL_Driver/Src/stm32g4xx_hal_tim_ex.c ****   HAL_TIM_ChannelStateTypeDef channel_1_state = TIM_CHANNEL_STATE_GET(htim, TIM_CHANNEL_1);
1691:Drivers/STM32G4xx_HAL_Driver/Src/stm32g4xx_hal_tim_ex.c ****   HAL_TIM_ChannelStateTypeDef channel_2_state = TIM_CHANNEL_STATE_GET(htim, TIM_CHANNEL_2);
1692:Drivers/STM32G4xx_HAL_Driver/Src/stm32g4xx_hal_tim_ex.c ****   HAL_TIM_ChannelStateTypeDef complementary_channel_1_state = TIM_CHANNEL_N_STATE_GET(htim, TIM_CHA
1693:Drivers/STM32G4xx_HAL_Driver/Src/stm32g4xx_hal_tim_ex.c ****   HAL_TIM_ChannelStateTypeDef complementary_channel_2_state = TIM_CHANNEL_N_STATE_GET(htim, TIM_CHA
1694:Drivers/STM32G4xx_HAL_Driver/Src/stm32g4xx_hal_tim_ex.c **** 
1695:Drivers/STM32G4xx_HAL_Driver/Src/stm32g4xx_hal_tim_ex.c ****   /* Check the parameters */
1696:Drivers/STM32G4xx_HAL_Driver/Src/stm32g4xx_hal_tim_ex.c ****   assert_param(IS_TIM_CCXN_INSTANCE(htim->Instance, OutputChannel));
1697:Drivers/STM32G4xx_HAL_Driver/Src/stm32g4xx_hal_tim_ex.c **** 
1698:Drivers/STM32G4xx_HAL_Driver/Src/stm32g4xx_hal_tim_ex.c ****   /* Check the TIM channels state */
1699:Drivers/STM32G4xx_HAL_Driver/Src/stm32g4xx_hal_tim_ex.c ****   if ((channel_1_state != HAL_TIM_CHANNEL_STATE_READY)
1700:Drivers/STM32G4xx_HAL_Driver/Src/stm32g4xx_hal_tim_ex.c ****       || (channel_2_state != HAL_TIM_CHANNEL_STATE_READY)
1701:Drivers/STM32G4xx_HAL_Driver/Src/stm32g4xx_hal_tim_ex.c ****       || (complementary_channel_1_state != HAL_TIM_CHANNEL_STATE_READY)
1702:Drivers/STM32G4xx_HAL_Driver/Src/stm32g4xx_hal_tim_ex.c ****       || (complementary_channel_2_state != HAL_TIM_CHANNEL_STATE_READY))
1703:Drivers/STM32G4xx_HAL_Driver/Src/stm32g4xx_hal_tim_ex.c ****   {
1704:Drivers/STM32G4xx_HAL_Driver/Src/stm32g4xx_hal_tim_ex.c ****     return HAL_ERROR;
1705:Drivers/STM32G4xx_HAL_Driver/Src/stm32g4xx_hal_tim_ex.c ****   }
1706:Drivers/STM32G4xx_HAL_Driver/Src/stm32g4xx_hal_tim_ex.c **** 
1707:Drivers/STM32G4xx_HAL_Driver/Src/stm32g4xx_hal_tim_ex.c ****   /* Set the TIM channels state */
1708:Drivers/STM32G4xx_HAL_Driver/Src/stm32g4xx_hal_tim_ex.c ****   TIM_CHANNEL_STATE_SET(htim, TIM_CHANNEL_1, HAL_TIM_CHANNEL_STATE_BUSY);
1709:Drivers/STM32G4xx_HAL_Driver/Src/stm32g4xx_hal_tim_ex.c ****   TIM_CHANNEL_STATE_SET(htim, TIM_CHANNEL_2, HAL_TIM_CHANNEL_STATE_BUSY);
1710:Drivers/STM32G4xx_HAL_Driver/Src/stm32g4xx_hal_tim_ex.c ****   TIM_CHANNEL_N_STATE_SET(htim, TIM_CHANNEL_1, HAL_TIM_CHANNEL_STATE_BUSY);
1711:Drivers/STM32G4xx_HAL_Driver/Src/stm32g4xx_hal_tim_ex.c ****   TIM_CHANNEL_N_STATE_SET(htim, TIM_CHANNEL_2, HAL_TIM_CHANNEL_STATE_BUSY);
1712:Drivers/STM32G4xx_HAL_Driver/Src/stm32g4xx_hal_tim_ex.c **** 
1713:Drivers/STM32G4xx_HAL_Driver/Src/stm32g4xx_hal_tim_ex.c ****   /* Enable the complementary One Pulse output channel and the Input Capture channel */
1714:Drivers/STM32G4xx_HAL_Driver/Src/stm32g4xx_hal_tim_ex.c ****   TIM_CCxNChannelCmd(htim->Instance, OutputChannel, TIM_CCxN_ENABLE);
1715:Drivers/STM32G4xx_HAL_Driver/Src/stm32g4xx_hal_tim_ex.c ****   TIM_CCxChannelCmd(htim->Instance, input_channel, TIM_CCx_ENABLE);
1716:Drivers/STM32G4xx_HAL_Driver/Src/stm32g4xx_hal_tim_ex.c **** 
1717:Drivers/STM32G4xx_HAL_Driver/Src/stm32g4xx_hal_tim_ex.c ****   /* Enable the Main Output */
1718:Drivers/STM32G4xx_HAL_Driver/Src/stm32g4xx_hal_tim_ex.c ****   __HAL_TIM_MOE_ENABLE(htim);
1719:Drivers/STM32G4xx_HAL_Driver/Src/stm32g4xx_hal_tim_ex.c **** 
1720:Drivers/STM32G4xx_HAL_Driver/Src/stm32g4xx_hal_tim_ex.c ****   /* Return function status */
1721:Drivers/STM32G4xx_HAL_Driver/Src/stm32g4xx_hal_tim_ex.c ****   return HAL_OK;
1722:Drivers/STM32G4xx_HAL_Driver/Src/stm32g4xx_hal_tim_ex.c **** }
1723:Drivers/STM32G4xx_HAL_Driver/Src/stm32g4xx_hal_tim_ex.c **** 
1724:Drivers/STM32G4xx_HAL_Driver/Src/stm32g4xx_hal_tim_ex.c **** /**
1725:Drivers/STM32G4xx_HAL_Driver/Src/stm32g4xx_hal_tim_ex.c ****   * @brief  Stops the TIM One Pulse signal generation on the complementary
1726:Drivers/STM32G4xx_HAL_Driver/Src/stm32g4xx_hal_tim_ex.c ****   *         output.
1727:Drivers/STM32G4xx_HAL_Driver/Src/stm32g4xx_hal_tim_ex.c ****   * @note OutputChannel must match the pulse output channel chosen when calling
1728:Drivers/STM32G4xx_HAL_Driver/Src/stm32g4xx_hal_tim_ex.c ****   *       @ref HAL_TIM_OnePulse_ConfigChannel().
1729:Drivers/STM32G4xx_HAL_Driver/Src/stm32g4xx_hal_tim_ex.c ****   * @param  htim TIM One Pulse handle
1730:Drivers/STM32G4xx_HAL_Driver/Src/stm32g4xx_hal_tim_ex.c ****   * @param  OutputChannel pulse output channel to disable
1731:Drivers/STM32G4xx_HAL_Driver/Src/stm32g4xx_hal_tim_ex.c ****   *          This parameter can be one of the following values:
1732:Drivers/STM32G4xx_HAL_Driver/Src/stm32g4xx_hal_tim_ex.c ****   *            @arg TIM_CHANNEL_1: TIM Channel 1 selected
1733:Drivers/STM32G4xx_HAL_Driver/Src/stm32g4xx_hal_tim_ex.c ****   *            @arg TIM_CHANNEL_2: TIM Channel 2 selected
1734:Drivers/STM32G4xx_HAL_Driver/Src/stm32g4xx_hal_tim_ex.c ****   * @retval HAL status
1735:Drivers/STM32G4xx_HAL_Driver/Src/stm32g4xx_hal_tim_ex.c ****   */
1736:Drivers/STM32G4xx_HAL_Driver/Src/stm32g4xx_hal_tim_ex.c **** HAL_StatusTypeDef HAL_TIMEx_OnePulseN_Stop(TIM_HandleTypeDef *htim, uint32_t OutputChannel)
1737:Drivers/STM32G4xx_HAL_Driver/Src/stm32g4xx_hal_tim_ex.c **** {
1738:Drivers/STM32G4xx_HAL_Driver/Src/stm32g4xx_hal_tim_ex.c ****   uint32_t input_channel = (OutputChannel == TIM_CHANNEL_1) ? TIM_CHANNEL_2 : TIM_CHANNEL_1;
1739:Drivers/STM32G4xx_HAL_Driver/Src/stm32g4xx_hal_tim_ex.c **** 
1740:Drivers/STM32G4xx_HAL_Driver/Src/stm32g4xx_hal_tim_ex.c ****   /* Check the parameters */
ARM GAS  /tmp/ccAXGFxz.s 			page 32


1741:Drivers/STM32G4xx_HAL_Driver/Src/stm32g4xx_hal_tim_ex.c ****   assert_param(IS_TIM_CCXN_INSTANCE(htim->Instance, OutputChannel));
1742:Drivers/STM32G4xx_HAL_Driver/Src/stm32g4xx_hal_tim_ex.c **** 
1743:Drivers/STM32G4xx_HAL_Driver/Src/stm32g4xx_hal_tim_ex.c ****   /* Disable the complementary One Pulse output channel and the Input Capture channel */
1744:Drivers/STM32G4xx_HAL_Driver/Src/stm32g4xx_hal_tim_ex.c ****   TIM_CCxNChannelCmd(htim->Instance, OutputChannel, TIM_CCxN_DISABLE);
1745:Drivers/STM32G4xx_HAL_Driver/Src/stm32g4xx_hal_tim_ex.c ****   TIM_CCxChannelCmd(htim->Instance, input_channel, TIM_CCx_DISABLE);
1746:Drivers/STM32G4xx_HAL_Driver/Src/stm32g4xx_hal_tim_ex.c **** 
1747:Drivers/STM32G4xx_HAL_Driver/Src/stm32g4xx_hal_tim_ex.c ****   /* Disable the Main Output */
1748:Drivers/STM32G4xx_HAL_Driver/Src/stm32g4xx_hal_tim_ex.c ****   __HAL_TIM_MOE_DISABLE(htim);
1749:Drivers/STM32G4xx_HAL_Driver/Src/stm32g4xx_hal_tim_ex.c **** 
1750:Drivers/STM32G4xx_HAL_Driver/Src/stm32g4xx_hal_tim_ex.c ****   /* Disable the Peripheral */
1751:Drivers/STM32G4xx_HAL_Driver/Src/stm32g4xx_hal_tim_ex.c ****   __HAL_TIM_DISABLE(htim);
1752:Drivers/STM32G4xx_HAL_Driver/Src/stm32g4xx_hal_tim_ex.c **** 
1753:Drivers/STM32G4xx_HAL_Driver/Src/stm32g4xx_hal_tim_ex.c ****   /* Set the TIM  channels state */
1754:Drivers/STM32G4xx_HAL_Driver/Src/stm32g4xx_hal_tim_ex.c ****   TIM_CHANNEL_STATE_SET(htim, TIM_CHANNEL_1, HAL_TIM_CHANNEL_STATE_READY);
1755:Drivers/STM32G4xx_HAL_Driver/Src/stm32g4xx_hal_tim_ex.c ****   TIM_CHANNEL_STATE_SET(htim, TIM_CHANNEL_2, HAL_TIM_CHANNEL_STATE_READY);
1756:Drivers/STM32G4xx_HAL_Driver/Src/stm32g4xx_hal_tim_ex.c ****   TIM_CHANNEL_N_STATE_SET(htim, TIM_CHANNEL_1, HAL_TIM_CHANNEL_STATE_READY);
1757:Drivers/STM32G4xx_HAL_Driver/Src/stm32g4xx_hal_tim_ex.c ****   TIM_CHANNEL_N_STATE_SET(htim, TIM_CHANNEL_2, HAL_TIM_CHANNEL_STATE_READY);
1758:Drivers/STM32G4xx_HAL_Driver/Src/stm32g4xx_hal_tim_ex.c **** 
1759:Drivers/STM32G4xx_HAL_Driver/Src/stm32g4xx_hal_tim_ex.c ****   /* Return function status */
1760:Drivers/STM32G4xx_HAL_Driver/Src/stm32g4xx_hal_tim_ex.c ****   return HAL_OK;
1761:Drivers/STM32G4xx_HAL_Driver/Src/stm32g4xx_hal_tim_ex.c **** }
1762:Drivers/STM32G4xx_HAL_Driver/Src/stm32g4xx_hal_tim_ex.c **** 
1763:Drivers/STM32G4xx_HAL_Driver/Src/stm32g4xx_hal_tim_ex.c **** /**
1764:Drivers/STM32G4xx_HAL_Driver/Src/stm32g4xx_hal_tim_ex.c ****   * @brief  Starts the TIM One Pulse signal generation in interrupt mode on the
1765:Drivers/STM32G4xx_HAL_Driver/Src/stm32g4xx_hal_tim_ex.c ****   *         complementary channel.
1766:Drivers/STM32G4xx_HAL_Driver/Src/stm32g4xx_hal_tim_ex.c ****   * @note OutputChannel must match the pulse output channel chosen when calling
1767:Drivers/STM32G4xx_HAL_Driver/Src/stm32g4xx_hal_tim_ex.c ****   *       @ref HAL_TIM_OnePulse_ConfigChannel().
1768:Drivers/STM32G4xx_HAL_Driver/Src/stm32g4xx_hal_tim_ex.c ****   * @param  htim TIM One Pulse handle
1769:Drivers/STM32G4xx_HAL_Driver/Src/stm32g4xx_hal_tim_ex.c ****   * @param  OutputChannel pulse output channel to enable
1770:Drivers/STM32G4xx_HAL_Driver/Src/stm32g4xx_hal_tim_ex.c ****   *          This parameter can be one of the following values:
1771:Drivers/STM32G4xx_HAL_Driver/Src/stm32g4xx_hal_tim_ex.c ****   *            @arg TIM_CHANNEL_1: TIM Channel 1 selected
1772:Drivers/STM32G4xx_HAL_Driver/Src/stm32g4xx_hal_tim_ex.c ****   *            @arg TIM_CHANNEL_2: TIM Channel 2 selected
1773:Drivers/STM32G4xx_HAL_Driver/Src/stm32g4xx_hal_tim_ex.c ****   * @retval HAL status
1774:Drivers/STM32G4xx_HAL_Driver/Src/stm32g4xx_hal_tim_ex.c ****   */
1775:Drivers/STM32G4xx_HAL_Driver/Src/stm32g4xx_hal_tim_ex.c **** HAL_StatusTypeDef HAL_TIMEx_OnePulseN_Start_IT(TIM_HandleTypeDef *htim, uint32_t OutputChannel)
1776:Drivers/STM32G4xx_HAL_Driver/Src/stm32g4xx_hal_tim_ex.c **** {
1777:Drivers/STM32G4xx_HAL_Driver/Src/stm32g4xx_hal_tim_ex.c ****   uint32_t input_channel = (OutputChannel == TIM_CHANNEL_1) ? TIM_CHANNEL_2 : TIM_CHANNEL_1;
1778:Drivers/STM32G4xx_HAL_Driver/Src/stm32g4xx_hal_tim_ex.c ****   HAL_TIM_ChannelStateTypeDef channel_1_state = TIM_CHANNEL_STATE_GET(htim, TIM_CHANNEL_1);
1779:Drivers/STM32G4xx_HAL_Driver/Src/stm32g4xx_hal_tim_ex.c ****   HAL_TIM_ChannelStateTypeDef channel_2_state = TIM_CHANNEL_STATE_GET(htim, TIM_CHANNEL_2);
1780:Drivers/STM32G4xx_HAL_Driver/Src/stm32g4xx_hal_tim_ex.c ****   HAL_TIM_ChannelStateTypeDef complementary_channel_1_state = TIM_CHANNEL_N_STATE_GET(htim, TIM_CHA
1781:Drivers/STM32G4xx_HAL_Driver/Src/stm32g4xx_hal_tim_ex.c ****   HAL_TIM_ChannelStateTypeDef complementary_channel_2_state = TIM_CHANNEL_N_STATE_GET(htim, TIM_CHA
1782:Drivers/STM32G4xx_HAL_Driver/Src/stm32g4xx_hal_tim_ex.c **** 
1783:Drivers/STM32G4xx_HAL_Driver/Src/stm32g4xx_hal_tim_ex.c ****   /* Check the parameters */
1784:Drivers/STM32G4xx_HAL_Driver/Src/stm32g4xx_hal_tim_ex.c ****   assert_param(IS_TIM_CCXN_INSTANCE(htim->Instance, OutputChannel));
1785:Drivers/STM32G4xx_HAL_Driver/Src/stm32g4xx_hal_tim_ex.c **** 
1786:Drivers/STM32G4xx_HAL_Driver/Src/stm32g4xx_hal_tim_ex.c ****   /* Check the TIM channels state */
1787:Drivers/STM32G4xx_HAL_Driver/Src/stm32g4xx_hal_tim_ex.c ****   if ((channel_1_state != HAL_TIM_CHANNEL_STATE_READY)
1788:Drivers/STM32G4xx_HAL_Driver/Src/stm32g4xx_hal_tim_ex.c ****       || (channel_2_state != HAL_TIM_CHANNEL_STATE_READY)
1789:Drivers/STM32G4xx_HAL_Driver/Src/stm32g4xx_hal_tim_ex.c ****       || (complementary_channel_1_state != HAL_TIM_CHANNEL_STATE_READY)
1790:Drivers/STM32G4xx_HAL_Driver/Src/stm32g4xx_hal_tim_ex.c ****       || (complementary_channel_2_state != HAL_TIM_CHANNEL_STATE_READY))
1791:Drivers/STM32G4xx_HAL_Driver/Src/stm32g4xx_hal_tim_ex.c ****   {
1792:Drivers/STM32G4xx_HAL_Driver/Src/stm32g4xx_hal_tim_ex.c ****     return HAL_ERROR;
1793:Drivers/STM32G4xx_HAL_Driver/Src/stm32g4xx_hal_tim_ex.c ****   }
1794:Drivers/STM32G4xx_HAL_Driver/Src/stm32g4xx_hal_tim_ex.c **** 
1795:Drivers/STM32G4xx_HAL_Driver/Src/stm32g4xx_hal_tim_ex.c ****   /* Set the TIM channels state */
1796:Drivers/STM32G4xx_HAL_Driver/Src/stm32g4xx_hal_tim_ex.c ****   TIM_CHANNEL_STATE_SET(htim, TIM_CHANNEL_1, HAL_TIM_CHANNEL_STATE_BUSY);
1797:Drivers/STM32G4xx_HAL_Driver/Src/stm32g4xx_hal_tim_ex.c ****   TIM_CHANNEL_STATE_SET(htim, TIM_CHANNEL_2, HAL_TIM_CHANNEL_STATE_BUSY);
ARM GAS  /tmp/ccAXGFxz.s 			page 33


1798:Drivers/STM32G4xx_HAL_Driver/Src/stm32g4xx_hal_tim_ex.c ****   TIM_CHANNEL_N_STATE_SET(htim, TIM_CHANNEL_1, HAL_TIM_CHANNEL_STATE_BUSY);
1799:Drivers/STM32G4xx_HAL_Driver/Src/stm32g4xx_hal_tim_ex.c ****   TIM_CHANNEL_N_STATE_SET(htim, TIM_CHANNEL_2, HAL_TIM_CHANNEL_STATE_BUSY);
1800:Drivers/STM32G4xx_HAL_Driver/Src/stm32g4xx_hal_tim_ex.c **** 
1801:Drivers/STM32G4xx_HAL_Driver/Src/stm32g4xx_hal_tim_ex.c ****   /* Enable the TIM Capture/Compare 1 interrupt */
1802:Drivers/STM32G4xx_HAL_Driver/Src/stm32g4xx_hal_tim_ex.c ****   __HAL_TIM_ENABLE_IT(htim, TIM_IT_CC1);
1803:Drivers/STM32G4xx_HAL_Driver/Src/stm32g4xx_hal_tim_ex.c **** 
1804:Drivers/STM32G4xx_HAL_Driver/Src/stm32g4xx_hal_tim_ex.c ****   /* Enable the TIM Capture/Compare 2 interrupt */
1805:Drivers/STM32G4xx_HAL_Driver/Src/stm32g4xx_hal_tim_ex.c ****   __HAL_TIM_ENABLE_IT(htim, TIM_IT_CC2);
1806:Drivers/STM32G4xx_HAL_Driver/Src/stm32g4xx_hal_tim_ex.c **** 
1807:Drivers/STM32G4xx_HAL_Driver/Src/stm32g4xx_hal_tim_ex.c ****   /* Enable the complementary One Pulse output channel and the Input Capture channel */
1808:Drivers/STM32G4xx_HAL_Driver/Src/stm32g4xx_hal_tim_ex.c ****   TIM_CCxNChannelCmd(htim->Instance, OutputChannel, TIM_CCxN_ENABLE);
1809:Drivers/STM32G4xx_HAL_Driver/Src/stm32g4xx_hal_tim_ex.c ****   TIM_CCxChannelCmd(htim->Instance, input_channel, TIM_CCx_ENABLE);
1810:Drivers/STM32G4xx_HAL_Driver/Src/stm32g4xx_hal_tim_ex.c **** 
1811:Drivers/STM32G4xx_HAL_Driver/Src/stm32g4xx_hal_tim_ex.c ****   /* Enable the Main Output */
1812:Drivers/STM32G4xx_HAL_Driver/Src/stm32g4xx_hal_tim_ex.c ****   __HAL_TIM_MOE_ENABLE(htim);
1813:Drivers/STM32G4xx_HAL_Driver/Src/stm32g4xx_hal_tim_ex.c **** 
1814:Drivers/STM32G4xx_HAL_Driver/Src/stm32g4xx_hal_tim_ex.c ****   /* Return function status */
1815:Drivers/STM32G4xx_HAL_Driver/Src/stm32g4xx_hal_tim_ex.c ****   return HAL_OK;
1816:Drivers/STM32G4xx_HAL_Driver/Src/stm32g4xx_hal_tim_ex.c **** }
1817:Drivers/STM32G4xx_HAL_Driver/Src/stm32g4xx_hal_tim_ex.c **** 
1818:Drivers/STM32G4xx_HAL_Driver/Src/stm32g4xx_hal_tim_ex.c **** /**
1819:Drivers/STM32G4xx_HAL_Driver/Src/stm32g4xx_hal_tim_ex.c ****   * @brief  Stops the TIM One Pulse signal generation in interrupt mode on the
1820:Drivers/STM32G4xx_HAL_Driver/Src/stm32g4xx_hal_tim_ex.c ****   *         complementary channel.
1821:Drivers/STM32G4xx_HAL_Driver/Src/stm32g4xx_hal_tim_ex.c ****   * @note OutputChannel must match the pulse output channel chosen when calling
1822:Drivers/STM32G4xx_HAL_Driver/Src/stm32g4xx_hal_tim_ex.c ****   *       @ref HAL_TIM_OnePulse_ConfigChannel().
1823:Drivers/STM32G4xx_HAL_Driver/Src/stm32g4xx_hal_tim_ex.c ****   * @param  htim TIM One Pulse handle
1824:Drivers/STM32G4xx_HAL_Driver/Src/stm32g4xx_hal_tim_ex.c ****   * @param  OutputChannel pulse output channel to disable
1825:Drivers/STM32G4xx_HAL_Driver/Src/stm32g4xx_hal_tim_ex.c ****   *          This parameter can be one of the following values:
1826:Drivers/STM32G4xx_HAL_Driver/Src/stm32g4xx_hal_tim_ex.c ****   *            @arg TIM_CHANNEL_1: TIM Channel 1 selected
1827:Drivers/STM32G4xx_HAL_Driver/Src/stm32g4xx_hal_tim_ex.c ****   *            @arg TIM_CHANNEL_2: TIM Channel 2 selected
1828:Drivers/STM32G4xx_HAL_Driver/Src/stm32g4xx_hal_tim_ex.c ****   * @retval HAL status
1829:Drivers/STM32G4xx_HAL_Driver/Src/stm32g4xx_hal_tim_ex.c ****   */
1830:Drivers/STM32G4xx_HAL_Driver/Src/stm32g4xx_hal_tim_ex.c **** HAL_StatusTypeDef HAL_TIMEx_OnePulseN_Stop_IT(TIM_HandleTypeDef *htim, uint32_t OutputChannel)
1831:Drivers/STM32G4xx_HAL_Driver/Src/stm32g4xx_hal_tim_ex.c **** {
1832:Drivers/STM32G4xx_HAL_Driver/Src/stm32g4xx_hal_tim_ex.c ****   uint32_t input_channel = (OutputChannel == TIM_CHANNEL_1) ? TIM_CHANNEL_2 : TIM_CHANNEL_1;
1833:Drivers/STM32G4xx_HAL_Driver/Src/stm32g4xx_hal_tim_ex.c **** 
1834:Drivers/STM32G4xx_HAL_Driver/Src/stm32g4xx_hal_tim_ex.c ****   /* Check the parameters */
1835:Drivers/STM32G4xx_HAL_Driver/Src/stm32g4xx_hal_tim_ex.c ****   assert_param(IS_TIM_CCXN_INSTANCE(htim->Instance, OutputChannel));
1836:Drivers/STM32G4xx_HAL_Driver/Src/stm32g4xx_hal_tim_ex.c **** 
1837:Drivers/STM32G4xx_HAL_Driver/Src/stm32g4xx_hal_tim_ex.c ****   /* Disable the TIM Capture/Compare 1 interrupt */
1838:Drivers/STM32G4xx_HAL_Driver/Src/stm32g4xx_hal_tim_ex.c ****   __HAL_TIM_DISABLE_IT(htim, TIM_IT_CC1);
1839:Drivers/STM32G4xx_HAL_Driver/Src/stm32g4xx_hal_tim_ex.c **** 
1840:Drivers/STM32G4xx_HAL_Driver/Src/stm32g4xx_hal_tim_ex.c ****   /* Disable the TIM Capture/Compare 2 interrupt */
1841:Drivers/STM32G4xx_HAL_Driver/Src/stm32g4xx_hal_tim_ex.c ****   __HAL_TIM_DISABLE_IT(htim, TIM_IT_CC2);
1842:Drivers/STM32G4xx_HAL_Driver/Src/stm32g4xx_hal_tim_ex.c **** 
1843:Drivers/STM32G4xx_HAL_Driver/Src/stm32g4xx_hal_tim_ex.c ****   /* Disable the complementary One Pulse output channel and the Input Capture channel */
1844:Drivers/STM32G4xx_HAL_Driver/Src/stm32g4xx_hal_tim_ex.c ****   TIM_CCxNChannelCmd(htim->Instance, OutputChannel, TIM_CCxN_DISABLE);
1845:Drivers/STM32G4xx_HAL_Driver/Src/stm32g4xx_hal_tim_ex.c ****   TIM_CCxChannelCmd(htim->Instance, input_channel, TIM_CCx_DISABLE);
1846:Drivers/STM32G4xx_HAL_Driver/Src/stm32g4xx_hal_tim_ex.c **** 
1847:Drivers/STM32G4xx_HAL_Driver/Src/stm32g4xx_hal_tim_ex.c ****   /* Disable the Main Output */
1848:Drivers/STM32G4xx_HAL_Driver/Src/stm32g4xx_hal_tim_ex.c ****   __HAL_TIM_MOE_DISABLE(htim);
1849:Drivers/STM32G4xx_HAL_Driver/Src/stm32g4xx_hal_tim_ex.c **** 
1850:Drivers/STM32G4xx_HAL_Driver/Src/stm32g4xx_hal_tim_ex.c ****   /* Disable the Peripheral */
1851:Drivers/STM32G4xx_HAL_Driver/Src/stm32g4xx_hal_tim_ex.c ****   __HAL_TIM_DISABLE(htim);
1852:Drivers/STM32G4xx_HAL_Driver/Src/stm32g4xx_hal_tim_ex.c **** 
1853:Drivers/STM32G4xx_HAL_Driver/Src/stm32g4xx_hal_tim_ex.c ****   /* Set the TIM  channels state */
1854:Drivers/STM32G4xx_HAL_Driver/Src/stm32g4xx_hal_tim_ex.c ****   TIM_CHANNEL_STATE_SET(htim, TIM_CHANNEL_1, HAL_TIM_CHANNEL_STATE_READY);
ARM GAS  /tmp/ccAXGFxz.s 			page 34


1855:Drivers/STM32G4xx_HAL_Driver/Src/stm32g4xx_hal_tim_ex.c ****   TIM_CHANNEL_STATE_SET(htim, TIM_CHANNEL_2, HAL_TIM_CHANNEL_STATE_READY);
1856:Drivers/STM32G4xx_HAL_Driver/Src/stm32g4xx_hal_tim_ex.c ****   TIM_CHANNEL_N_STATE_SET(htim, TIM_CHANNEL_1, HAL_TIM_CHANNEL_STATE_READY);
1857:Drivers/STM32G4xx_HAL_Driver/Src/stm32g4xx_hal_tim_ex.c ****   TIM_CHANNEL_N_STATE_SET(htim, TIM_CHANNEL_2, HAL_TIM_CHANNEL_STATE_READY);
1858:Drivers/STM32G4xx_HAL_Driver/Src/stm32g4xx_hal_tim_ex.c **** 
1859:Drivers/STM32G4xx_HAL_Driver/Src/stm32g4xx_hal_tim_ex.c ****   /* Return function status */
1860:Drivers/STM32G4xx_HAL_Driver/Src/stm32g4xx_hal_tim_ex.c ****   return HAL_OK;
1861:Drivers/STM32G4xx_HAL_Driver/Src/stm32g4xx_hal_tim_ex.c **** }
1862:Drivers/STM32G4xx_HAL_Driver/Src/stm32g4xx_hal_tim_ex.c **** 
1863:Drivers/STM32G4xx_HAL_Driver/Src/stm32g4xx_hal_tim_ex.c **** /**
1864:Drivers/STM32G4xx_HAL_Driver/Src/stm32g4xx_hal_tim_ex.c ****   * @}
1865:Drivers/STM32G4xx_HAL_Driver/Src/stm32g4xx_hal_tim_ex.c ****   */
1866:Drivers/STM32G4xx_HAL_Driver/Src/stm32g4xx_hal_tim_ex.c **** 
1867:Drivers/STM32G4xx_HAL_Driver/Src/stm32g4xx_hal_tim_ex.c **** /** @defgroup TIMEx_Exported_Functions_Group5 Extended Peripheral Control functions
1868:Drivers/STM32G4xx_HAL_Driver/Src/stm32g4xx_hal_tim_ex.c ****   * @brief    Peripheral Control functions
1869:Drivers/STM32G4xx_HAL_Driver/Src/stm32g4xx_hal_tim_ex.c ****   *
1870:Drivers/STM32G4xx_HAL_Driver/Src/stm32g4xx_hal_tim_ex.c **** @verbatim
1871:Drivers/STM32G4xx_HAL_Driver/Src/stm32g4xx_hal_tim_ex.c ****   ==============================================================================
1872:Drivers/STM32G4xx_HAL_Driver/Src/stm32g4xx_hal_tim_ex.c ****                     ##### Peripheral Control functions #####
1873:Drivers/STM32G4xx_HAL_Driver/Src/stm32g4xx_hal_tim_ex.c ****   ==============================================================================
1874:Drivers/STM32G4xx_HAL_Driver/Src/stm32g4xx_hal_tim_ex.c ****   [..]
1875:Drivers/STM32G4xx_HAL_Driver/Src/stm32g4xx_hal_tim_ex.c ****     This section provides functions allowing to:
1876:Drivers/STM32G4xx_HAL_Driver/Src/stm32g4xx_hal_tim_ex.c ****       (+) Configure the commutation event in case of use of the Hall sensor interface.
1877:Drivers/STM32G4xx_HAL_Driver/Src/stm32g4xx_hal_tim_ex.c ****       (+) Configure Output channels for OC and PWM mode.
1878:Drivers/STM32G4xx_HAL_Driver/Src/stm32g4xx_hal_tim_ex.c **** 
1879:Drivers/STM32G4xx_HAL_Driver/Src/stm32g4xx_hal_tim_ex.c ****       (+) Configure Complementary channels, break features and dead time.
1880:Drivers/STM32G4xx_HAL_Driver/Src/stm32g4xx_hal_tim_ex.c ****       (+) Configure Master synchronization.
1881:Drivers/STM32G4xx_HAL_Driver/Src/stm32g4xx_hal_tim_ex.c ****       (+) Configure timer remapping capabilities.
1882:Drivers/STM32G4xx_HAL_Driver/Src/stm32g4xx_hal_tim_ex.c ****       (+) Select timer input source.
1883:Drivers/STM32G4xx_HAL_Driver/Src/stm32g4xx_hal_tim_ex.c ****       (+) Enable or disable channel grouping.
1884:Drivers/STM32G4xx_HAL_Driver/Src/stm32g4xx_hal_tim_ex.c ****       (+) Configure Pulse on compare.
1885:Drivers/STM32G4xx_HAL_Driver/Src/stm32g4xx_hal_tim_ex.c ****       (+) Configure Encoder index.
1886:Drivers/STM32G4xx_HAL_Driver/Src/stm32g4xx_hal_tim_ex.c **** 
1887:Drivers/STM32G4xx_HAL_Driver/Src/stm32g4xx_hal_tim_ex.c **** @endverbatim
1888:Drivers/STM32G4xx_HAL_Driver/Src/stm32g4xx_hal_tim_ex.c ****   * @{
1889:Drivers/STM32G4xx_HAL_Driver/Src/stm32g4xx_hal_tim_ex.c ****   */
1890:Drivers/STM32G4xx_HAL_Driver/Src/stm32g4xx_hal_tim_ex.c **** 
1891:Drivers/STM32G4xx_HAL_Driver/Src/stm32g4xx_hal_tim_ex.c **** /**
1892:Drivers/STM32G4xx_HAL_Driver/Src/stm32g4xx_hal_tim_ex.c ****   * @brief  Configure the TIM commutation event sequence.
1893:Drivers/STM32G4xx_HAL_Driver/Src/stm32g4xx_hal_tim_ex.c ****   * @note  This function is mandatory to use the commutation event in order to
1894:Drivers/STM32G4xx_HAL_Driver/Src/stm32g4xx_hal_tim_ex.c ****   *        update the configuration at each commutation detection on the TRGI input of the Timer,
1895:Drivers/STM32G4xx_HAL_Driver/Src/stm32g4xx_hal_tim_ex.c ****   *        the typical use of this feature is with the use of another Timer(interface Timer)
1896:Drivers/STM32G4xx_HAL_Driver/Src/stm32g4xx_hal_tim_ex.c ****   *        configured in Hall sensor interface, this interface Timer will generate the
1897:Drivers/STM32G4xx_HAL_Driver/Src/stm32g4xx_hal_tim_ex.c ****   *        commutation at its TRGO output (connected to Timer used in this function) each time
1898:Drivers/STM32G4xx_HAL_Driver/Src/stm32g4xx_hal_tim_ex.c ****   *        the TI1 of the Interface Timer detect a commutation at its input TI1.
1899:Drivers/STM32G4xx_HAL_Driver/Src/stm32g4xx_hal_tim_ex.c ****   * @param  htim TIM handle
1900:Drivers/STM32G4xx_HAL_Driver/Src/stm32g4xx_hal_tim_ex.c ****   * @param  InputTrigger the Internal trigger corresponding to the Timer Interfacing with the Hall 
1901:Drivers/STM32G4xx_HAL_Driver/Src/stm32g4xx_hal_tim_ex.c ****   *          This parameter can be one of the following values:
1902:Drivers/STM32G4xx_HAL_Driver/Src/stm32g4xx_hal_tim_ex.c ****   *            @arg TIM_TS_ITR0: Internal trigger 0 selected
1903:Drivers/STM32G4xx_HAL_Driver/Src/stm32g4xx_hal_tim_ex.c ****   *            @arg TIM_TS_ITR1: Internal trigger 1 selected
1904:Drivers/STM32G4xx_HAL_Driver/Src/stm32g4xx_hal_tim_ex.c ****   *            @arg TIM_TS_ITR2: Internal trigger 2 selected
1905:Drivers/STM32G4xx_HAL_Driver/Src/stm32g4xx_hal_tim_ex.c ****   *            @arg TIM_TS_ITR3: Internal trigger 3 selected
1906:Drivers/STM32G4xx_HAL_Driver/Src/stm32g4xx_hal_tim_ex.c ****   *            @arg TIM_TS_ITR4: Internal trigger 4 selected   (*)
1907:Drivers/STM32G4xx_HAL_Driver/Src/stm32g4xx_hal_tim_ex.c ****   *            @arg TIM_TS_ITR5: Internal trigger 5 selected
1908:Drivers/STM32G4xx_HAL_Driver/Src/stm32g4xx_hal_tim_ex.c ****   *            @arg TIM_TS_ITR6: Internal trigger 6 selected
1909:Drivers/STM32G4xx_HAL_Driver/Src/stm32g4xx_hal_tim_ex.c ****   *            @arg TIM_TS_ITR7: Internal trigger 7 selected
1910:Drivers/STM32G4xx_HAL_Driver/Src/stm32g4xx_hal_tim_ex.c ****   *            @arg TIM_TS_ITR8: Internal trigger 8 selected
1911:Drivers/STM32G4xx_HAL_Driver/Src/stm32g4xx_hal_tim_ex.c ****   *            @arg TIM_TS_ITR9: Internal trigger 9 selected   (*)
ARM GAS  /tmp/ccAXGFxz.s 			page 35


1912:Drivers/STM32G4xx_HAL_Driver/Src/stm32g4xx_hal_tim_ex.c ****   *            @arg TIM_TS_ITR10: Internal trigger 10 selected
1913:Drivers/STM32G4xx_HAL_Driver/Src/stm32g4xx_hal_tim_ex.c ****   *            @arg TIM_TS_ITR11: Internal trigger 11 selected
1914:Drivers/STM32G4xx_HAL_Driver/Src/stm32g4xx_hal_tim_ex.c ****   *            @arg TIM_TS_NONE: No trigger is needed
1915:Drivers/STM32G4xx_HAL_Driver/Src/stm32g4xx_hal_tim_ex.c ****   *
1916:Drivers/STM32G4xx_HAL_Driver/Src/stm32g4xx_hal_tim_ex.c ****   *         (*)  Value not defined in all devices.
1917:Drivers/STM32G4xx_HAL_Driver/Src/stm32g4xx_hal_tim_ex.c ****   *
1918:Drivers/STM32G4xx_HAL_Driver/Src/stm32g4xx_hal_tim_ex.c ****   * @param  CommutationSource the Commutation Event source
1919:Drivers/STM32G4xx_HAL_Driver/Src/stm32g4xx_hal_tim_ex.c ****   *          This parameter can be one of the following values:
1920:Drivers/STM32G4xx_HAL_Driver/Src/stm32g4xx_hal_tim_ex.c ****   *            @arg TIM_COMMUTATION_TRGI: Commutation source is the TRGI of the Interface Timer
1921:Drivers/STM32G4xx_HAL_Driver/Src/stm32g4xx_hal_tim_ex.c ****   *            @arg TIM_COMMUTATION_SOFTWARE:  Commutation source is set by software using the COMG
1922:Drivers/STM32G4xx_HAL_Driver/Src/stm32g4xx_hal_tim_ex.c ****   * @retval HAL status
1923:Drivers/STM32G4xx_HAL_Driver/Src/stm32g4xx_hal_tim_ex.c ****   */
1924:Drivers/STM32G4xx_HAL_Driver/Src/stm32g4xx_hal_tim_ex.c **** HAL_StatusTypeDef HAL_TIMEx_ConfigCommutEvent(TIM_HandleTypeDef *htim, uint32_t  InputTrigger,
1925:Drivers/STM32G4xx_HAL_Driver/Src/stm32g4xx_hal_tim_ex.c ****                                               uint32_t  CommutationSource)
1926:Drivers/STM32G4xx_HAL_Driver/Src/stm32g4xx_hal_tim_ex.c **** {
1927:Drivers/STM32G4xx_HAL_Driver/Src/stm32g4xx_hal_tim_ex.c ****   /* Check the parameters */
1928:Drivers/STM32G4xx_HAL_Driver/Src/stm32g4xx_hal_tim_ex.c ****   assert_param(IS_TIM_COMMUTATION_EVENT_INSTANCE(htim->Instance));
1929:Drivers/STM32G4xx_HAL_Driver/Src/stm32g4xx_hal_tim_ex.c ****   assert_param(IS_TIM_INTERNAL_TRIGGEREVENT_INSTANCE(htim->Instance, InputTrigger));
1930:Drivers/STM32G4xx_HAL_Driver/Src/stm32g4xx_hal_tim_ex.c **** 
1931:Drivers/STM32G4xx_HAL_Driver/Src/stm32g4xx_hal_tim_ex.c ****   __HAL_LOCK(htim);
1932:Drivers/STM32G4xx_HAL_Driver/Src/stm32g4xx_hal_tim_ex.c **** 
1933:Drivers/STM32G4xx_HAL_Driver/Src/stm32g4xx_hal_tim_ex.c **** #if defined(TIM5) && defined(TIM20)
1934:Drivers/STM32G4xx_HAL_Driver/Src/stm32g4xx_hal_tim_ex.c ****   if ((InputTrigger == TIM_TS_ITR0)  || (InputTrigger == TIM_TS_ITR1) ||
1935:Drivers/STM32G4xx_HAL_Driver/Src/stm32g4xx_hal_tim_ex.c ****       (InputTrigger == TIM_TS_ITR2)  || (InputTrigger == TIM_TS_ITR3) ||
1936:Drivers/STM32G4xx_HAL_Driver/Src/stm32g4xx_hal_tim_ex.c ****       (InputTrigger == TIM_TS_ITR4)  || (InputTrigger == TIM_TS_ITR5) ||
1937:Drivers/STM32G4xx_HAL_Driver/Src/stm32g4xx_hal_tim_ex.c ****       (InputTrigger == TIM_TS_ITR6)  || (InputTrigger == TIM_TS_ITR7) ||
1938:Drivers/STM32G4xx_HAL_Driver/Src/stm32g4xx_hal_tim_ex.c ****       (InputTrigger == TIM_TS_ITR8)  || (InputTrigger == TIM_TS_ITR9) ||
1939:Drivers/STM32G4xx_HAL_Driver/Src/stm32g4xx_hal_tim_ex.c ****       (InputTrigger == TIM_TS_ITR10) || (InputTrigger == TIM_TS_ITR11))
1940:Drivers/STM32G4xx_HAL_Driver/Src/stm32g4xx_hal_tim_ex.c **** #elif defined(TIM5)
1941:Drivers/STM32G4xx_HAL_Driver/Src/stm32g4xx_hal_tim_ex.c ****   if ((InputTrigger == TIM_TS_ITR0)  || (InputTrigger == TIM_TS_ITR1) ||
1942:Drivers/STM32G4xx_HAL_Driver/Src/stm32g4xx_hal_tim_ex.c ****       (InputTrigger == TIM_TS_ITR2)  || (InputTrigger == TIM_TS_ITR3) ||
1943:Drivers/STM32G4xx_HAL_Driver/Src/stm32g4xx_hal_tim_ex.c ****       (InputTrigger == TIM_TS_ITR4)  || (InputTrigger == TIM_TS_ITR5) ||
1944:Drivers/STM32G4xx_HAL_Driver/Src/stm32g4xx_hal_tim_ex.c ****       (InputTrigger == TIM_TS_ITR6)  || (InputTrigger == TIM_TS_ITR7) ||
1945:Drivers/STM32G4xx_HAL_Driver/Src/stm32g4xx_hal_tim_ex.c ****       (InputTrigger == TIM_TS_ITR8)  || (InputTrigger == TIM_TS_ITR11))
1946:Drivers/STM32G4xx_HAL_Driver/Src/stm32g4xx_hal_tim_ex.c **** #elif defined(TIM20)
1947:Drivers/STM32G4xx_HAL_Driver/Src/stm32g4xx_hal_tim_ex.c ****   if ((InputTrigger == TIM_TS_ITR0)  || (InputTrigger == TIM_TS_ITR1) ||
1948:Drivers/STM32G4xx_HAL_Driver/Src/stm32g4xx_hal_tim_ex.c ****       (InputTrigger == TIM_TS_ITR2)  || (InputTrigger == TIM_TS_ITR3) ||
1949:Drivers/STM32G4xx_HAL_Driver/Src/stm32g4xx_hal_tim_ex.c ****       (InputTrigger == TIM_TS_ITR5)  || (InputTrigger == TIM_TS_ITR6) ||
1950:Drivers/STM32G4xx_HAL_Driver/Src/stm32g4xx_hal_tim_ex.c ****       (InputTrigger == TIM_TS_ITR7)  || (InputTrigger == TIM_TS_ITR8) ||
1951:Drivers/STM32G4xx_HAL_Driver/Src/stm32g4xx_hal_tim_ex.c ****       (InputTrigger == TIM_TS_ITR9)  || (InputTrigger == TIM_TS_ITR11))
1952:Drivers/STM32G4xx_HAL_Driver/Src/stm32g4xx_hal_tim_ex.c **** #else
1953:Drivers/STM32G4xx_HAL_Driver/Src/stm32g4xx_hal_tim_ex.c ****   if ((InputTrigger == TIM_TS_ITR0)  || (InputTrigger == TIM_TS_ITR1) ||
1954:Drivers/STM32G4xx_HAL_Driver/Src/stm32g4xx_hal_tim_ex.c ****       (InputTrigger == TIM_TS_ITR2)  || (InputTrigger == TIM_TS_ITR3) ||
1955:Drivers/STM32G4xx_HAL_Driver/Src/stm32g4xx_hal_tim_ex.c ****       (InputTrigger == TIM_TS_ITR5)  || (InputTrigger == TIM_TS_ITR6) ||
1956:Drivers/STM32G4xx_HAL_Driver/Src/stm32g4xx_hal_tim_ex.c ****       (InputTrigger == TIM_TS_ITR7)  || (InputTrigger == TIM_TS_ITR8) ||
1957:Drivers/STM32G4xx_HAL_Driver/Src/stm32g4xx_hal_tim_ex.c ****       (InputTrigger == TIM_TS_ITR11))
1958:Drivers/STM32G4xx_HAL_Driver/Src/stm32g4xx_hal_tim_ex.c **** #endif /* TIM5 && TIM20 */
1959:Drivers/STM32G4xx_HAL_Driver/Src/stm32g4xx_hal_tim_ex.c ****   {
1960:Drivers/STM32G4xx_HAL_Driver/Src/stm32g4xx_hal_tim_ex.c ****     /* Select the Input trigger */
1961:Drivers/STM32G4xx_HAL_Driver/Src/stm32g4xx_hal_tim_ex.c ****     htim->Instance->SMCR &= ~TIM_SMCR_TS;
1962:Drivers/STM32G4xx_HAL_Driver/Src/stm32g4xx_hal_tim_ex.c ****     htim->Instance->SMCR |= InputTrigger;
1963:Drivers/STM32G4xx_HAL_Driver/Src/stm32g4xx_hal_tim_ex.c ****   }
1964:Drivers/STM32G4xx_HAL_Driver/Src/stm32g4xx_hal_tim_ex.c **** 
1965:Drivers/STM32G4xx_HAL_Driver/Src/stm32g4xx_hal_tim_ex.c ****   /* Select the Capture Compare preload feature */
1966:Drivers/STM32G4xx_HAL_Driver/Src/stm32g4xx_hal_tim_ex.c ****   htim->Instance->CR2 |= TIM_CR2_CCPC;
1967:Drivers/STM32G4xx_HAL_Driver/Src/stm32g4xx_hal_tim_ex.c ****   /* Select the Commutation event source */
1968:Drivers/STM32G4xx_HAL_Driver/Src/stm32g4xx_hal_tim_ex.c ****   htim->Instance->CR2 &= ~TIM_CR2_CCUS;
ARM GAS  /tmp/ccAXGFxz.s 			page 36


1969:Drivers/STM32G4xx_HAL_Driver/Src/stm32g4xx_hal_tim_ex.c ****   htim->Instance->CR2 |= CommutationSource;
1970:Drivers/STM32G4xx_HAL_Driver/Src/stm32g4xx_hal_tim_ex.c **** 
1971:Drivers/STM32G4xx_HAL_Driver/Src/stm32g4xx_hal_tim_ex.c ****   /* Disable Commutation Interrupt */
1972:Drivers/STM32G4xx_HAL_Driver/Src/stm32g4xx_hal_tim_ex.c ****   __HAL_TIM_DISABLE_IT(htim, TIM_IT_COM);
1973:Drivers/STM32G4xx_HAL_Driver/Src/stm32g4xx_hal_tim_ex.c **** 
1974:Drivers/STM32G4xx_HAL_Driver/Src/stm32g4xx_hal_tim_ex.c ****   /* Disable Commutation DMA request */
1975:Drivers/STM32G4xx_HAL_Driver/Src/stm32g4xx_hal_tim_ex.c ****   __HAL_TIM_DISABLE_DMA(htim, TIM_DMA_COM);
1976:Drivers/STM32G4xx_HAL_Driver/Src/stm32g4xx_hal_tim_ex.c **** 
1977:Drivers/STM32G4xx_HAL_Driver/Src/stm32g4xx_hal_tim_ex.c ****   __HAL_UNLOCK(htim);
1978:Drivers/STM32G4xx_HAL_Driver/Src/stm32g4xx_hal_tim_ex.c **** 
1979:Drivers/STM32G4xx_HAL_Driver/Src/stm32g4xx_hal_tim_ex.c ****   return HAL_OK;
1980:Drivers/STM32G4xx_HAL_Driver/Src/stm32g4xx_hal_tim_ex.c **** }
1981:Drivers/STM32G4xx_HAL_Driver/Src/stm32g4xx_hal_tim_ex.c **** 
1982:Drivers/STM32G4xx_HAL_Driver/Src/stm32g4xx_hal_tim_ex.c **** /**
1983:Drivers/STM32G4xx_HAL_Driver/Src/stm32g4xx_hal_tim_ex.c ****   * @brief  Configure the TIM commutation event sequence with interrupt.
1984:Drivers/STM32G4xx_HAL_Driver/Src/stm32g4xx_hal_tim_ex.c ****   * @note  This function is mandatory to use the commutation event in order to
1985:Drivers/STM32G4xx_HAL_Driver/Src/stm32g4xx_hal_tim_ex.c ****   *        update the configuration at each commutation detection on the TRGI input of the Timer,
1986:Drivers/STM32G4xx_HAL_Driver/Src/stm32g4xx_hal_tim_ex.c ****   *        the typical use of this feature is with the use of another Timer(interface Timer)
1987:Drivers/STM32G4xx_HAL_Driver/Src/stm32g4xx_hal_tim_ex.c ****   *        configured in Hall sensor interface, this interface Timer will generate the
1988:Drivers/STM32G4xx_HAL_Driver/Src/stm32g4xx_hal_tim_ex.c ****   *        commutation at its TRGO output (connected to Timer used in this function) each time
1989:Drivers/STM32G4xx_HAL_Driver/Src/stm32g4xx_hal_tim_ex.c ****   *        the TI1 of the Interface Timer detect a commutation at its input TI1.
1990:Drivers/STM32G4xx_HAL_Driver/Src/stm32g4xx_hal_tim_ex.c ****   * @param  htim TIM handle
1991:Drivers/STM32G4xx_HAL_Driver/Src/stm32g4xx_hal_tim_ex.c ****   * @param  InputTrigger the Internal trigger corresponding to the Timer Interfacing with the Hall 
1992:Drivers/STM32G4xx_HAL_Driver/Src/stm32g4xx_hal_tim_ex.c ****   *          This parameter can be one of the following values:
1993:Drivers/STM32G4xx_HAL_Driver/Src/stm32g4xx_hal_tim_ex.c ****   *            @arg TIM_TS_ITR0: Internal trigger 0 selected
1994:Drivers/STM32G4xx_HAL_Driver/Src/stm32g4xx_hal_tim_ex.c ****   *            @arg TIM_TS_ITR1: Internal trigger 1 selected
1995:Drivers/STM32G4xx_HAL_Driver/Src/stm32g4xx_hal_tim_ex.c ****   *            @arg TIM_TS_ITR2: Internal trigger 2 selected
1996:Drivers/STM32G4xx_HAL_Driver/Src/stm32g4xx_hal_tim_ex.c ****   *            @arg TIM_TS_ITR3: Internal trigger 3 selected
1997:Drivers/STM32G4xx_HAL_Driver/Src/stm32g4xx_hal_tim_ex.c ****   *            @arg TIM_TS_ITR4: Internal trigger 4 selected   (*)
1998:Drivers/STM32G4xx_HAL_Driver/Src/stm32g4xx_hal_tim_ex.c ****   *            @arg TIM_TS_ITR5: Internal trigger 5 selected
1999:Drivers/STM32G4xx_HAL_Driver/Src/stm32g4xx_hal_tim_ex.c ****   *            @arg TIM_TS_ITR6: Internal trigger 6 selected
2000:Drivers/STM32G4xx_HAL_Driver/Src/stm32g4xx_hal_tim_ex.c ****   *            @arg TIM_TS_ITR7: Internal trigger 7 selected
2001:Drivers/STM32G4xx_HAL_Driver/Src/stm32g4xx_hal_tim_ex.c ****   *            @arg TIM_TS_ITR8: Internal trigger 8 selected
2002:Drivers/STM32G4xx_HAL_Driver/Src/stm32g4xx_hal_tim_ex.c ****   *            @arg TIM_TS_ITR9: Internal trigger 9 selected   (*)
2003:Drivers/STM32G4xx_HAL_Driver/Src/stm32g4xx_hal_tim_ex.c ****   *            @arg TIM_TS_ITR10: Internal trigger 10 selected
2004:Drivers/STM32G4xx_HAL_Driver/Src/stm32g4xx_hal_tim_ex.c ****   *            @arg TIM_TS_ITR11: Internal trigger 11 selected
2005:Drivers/STM32G4xx_HAL_Driver/Src/stm32g4xx_hal_tim_ex.c ****   *            @arg TIM_TS_NONE: No trigger is needed
2006:Drivers/STM32G4xx_HAL_Driver/Src/stm32g4xx_hal_tim_ex.c ****   *
2007:Drivers/STM32G4xx_HAL_Driver/Src/stm32g4xx_hal_tim_ex.c ****   *         (*)  Value not defined in all devices.
2008:Drivers/STM32G4xx_HAL_Driver/Src/stm32g4xx_hal_tim_ex.c ****   *
2009:Drivers/STM32G4xx_HAL_Driver/Src/stm32g4xx_hal_tim_ex.c ****   * @param  CommutationSource the Commutation Event source
2010:Drivers/STM32G4xx_HAL_Driver/Src/stm32g4xx_hal_tim_ex.c ****   *          This parameter can be one of the following values:
2011:Drivers/STM32G4xx_HAL_Driver/Src/stm32g4xx_hal_tim_ex.c ****   *            @arg TIM_COMMUTATION_TRGI: Commutation source is the TRGI of the Interface Timer
2012:Drivers/STM32G4xx_HAL_Driver/Src/stm32g4xx_hal_tim_ex.c ****   *            @arg TIM_COMMUTATION_SOFTWARE:  Commutation source is set by software using the COMG
2013:Drivers/STM32G4xx_HAL_Driver/Src/stm32g4xx_hal_tim_ex.c ****   * @retval HAL status
2014:Drivers/STM32G4xx_HAL_Driver/Src/stm32g4xx_hal_tim_ex.c ****   */
2015:Drivers/STM32G4xx_HAL_Driver/Src/stm32g4xx_hal_tim_ex.c **** HAL_StatusTypeDef HAL_TIMEx_ConfigCommutEvent_IT(TIM_HandleTypeDef *htim, uint32_t  InputTrigger,
2016:Drivers/STM32G4xx_HAL_Driver/Src/stm32g4xx_hal_tim_ex.c ****                                                  uint32_t  CommutationSource)
2017:Drivers/STM32G4xx_HAL_Driver/Src/stm32g4xx_hal_tim_ex.c **** {
2018:Drivers/STM32G4xx_HAL_Driver/Src/stm32g4xx_hal_tim_ex.c ****   /* Check the parameters */
2019:Drivers/STM32G4xx_HAL_Driver/Src/stm32g4xx_hal_tim_ex.c ****   assert_param(IS_TIM_COMMUTATION_EVENT_INSTANCE(htim->Instance));
2020:Drivers/STM32G4xx_HAL_Driver/Src/stm32g4xx_hal_tim_ex.c ****   assert_param(IS_TIM_INTERNAL_TRIGGEREVENT_INSTANCE(htim->Instance, InputTrigger));
2021:Drivers/STM32G4xx_HAL_Driver/Src/stm32g4xx_hal_tim_ex.c **** 
2022:Drivers/STM32G4xx_HAL_Driver/Src/stm32g4xx_hal_tim_ex.c ****   __HAL_LOCK(htim);
2023:Drivers/STM32G4xx_HAL_Driver/Src/stm32g4xx_hal_tim_ex.c **** 
2024:Drivers/STM32G4xx_HAL_Driver/Src/stm32g4xx_hal_tim_ex.c **** #if defined(TIM5) && defined(TIM20)
2025:Drivers/STM32G4xx_HAL_Driver/Src/stm32g4xx_hal_tim_ex.c ****   if ((InputTrigger == TIM_TS_ITR0)  || (InputTrigger == TIM_TS_ITR1) ||
ARM GAS  /tmp/ccAXGFxz.s 			page 37


2026:Drivers/STM32G4xx_HAL_Driver/Src/stm32g4xx_hal_tim_ex.c ****       (InputTrigger == TIM_TS_ITR2)  || (InputTrigger == TIM_TS_ITR3) ||
2027:Drivers/STM32G4xx_HAL_Driver/Src/stm32g4xx_hal_tim_ex.c ****       (InputTrigger == TIM_TS_ITR4)  || (InputTrigger == TIM_TS_ITR5) ||
2028:Drivers/STM32G4xx_HAL_Driver/Src/stm32g4xx_hal_tim_ex.c ****       (InputTrigger == TIM_TS_ITR6)  || (InputTrigger == TIM_TS_ITR7) ||
2029:Drivers/STM32G4xx_HAL_Driver/Src/stm32g4xx_hal_tim_ex.c ****       (InputTrigger == TIM_TS_ITR8)  || (InputTrigger == TIM_TS_ITR9) ||
2030:Drivers/STM32G4xx_HAL_Driver/Src/stm32g4xx_hal_tim_ex.c ****       (InputTrigger == TIM_TS_ITR10) || (InputTrigger == TIM_TS_ITR11))
2031:Drivers/STM32G4xx_HAL_Driver/Src/stm32g4xx_hal_tim_ex.c **** #elif defined(TIM5)
2032:Drivers/STM32G4xx_HAL_Driver/Src/stm32g4xx_hal_tim_ex.c ****   if ((InputTrigger == TIM_TS_ITR0)  || (InputTrigger == TIM_TS_ITR1) ||
2033:Drivers/STM32G4xx_HAL_Driver/Src/stm32g4xx_hal_tim_ex.c ****       (InputTrigger == TIM_TS_ITR2)  || (InputTrigger == TIM_TS_ITR3) ||
2034:Drivers/STM32G4xx_HAL_Driver/Src/stm32g4xx_hal_tim_ex.c ****       (InputTrigger == TIM_TS_ITR4)  || (InputTrigger == TIM_TS_ITR5) ||
2035:Drivers/STM32G4xx_HAL_Driver/Src/stm32g4xx_hal_tim_ex.c ****       (InputTrigger == TIM_TS_ITR6)  || (InputTrigger == TIM_TS_ITR7) ||
2036:Drivers/STM32G4xx_HAL_Driver/Src/stm32g4xx_hal_tim_ex.c ****       (InputTrigger == TIM_TS_ITR8)  || (InputTrigger == TIM_TS_ITR11))
2037:Drivers/STM32G4xx_HAL_Driver/Src/stm32g4xx_hal_tim_ex.c **** #elif defined(TIM20)
2038:Drivers/STM32G4xx_HAL_Driver/Src/stm32g4xx_hal_tim_ex.c ****   if ((InputTrigger == TIM_TS_ITR0)  || (InputTrigger == TIM_TS_ITR1) ||
2039:Drivers/STM32G4xx_HAL_Driver/Src/stm32g4xx_hal_tim_ex.c ****       (InputTrigger == TIM_TS_ITR2)  || (InputTrigger == TIM_TS_ITR3) ||
2040:Drivers/STM32G4xx_HAL_Driver/Src/stm32g4xx_hal_tim_ex.c ****       (InputTrigger == TIM_TS_ITR5)  || (InputTrigger == TIM_TS_ITR6) ||
2041:Drivers/STM32G4xx_HAL_Driver/Src/stm32g4xx_hal_tim_ex.c ****       (InputTrigger == TIM_TS_ITR7)  || (InputTrigger == TIM_TS_ITR8) ||
2042:Drivers/STM32G4xx_HAL_Driver/Src/stm32g4xx_hal_tim_ex.c ****       (InputTrigger == TIM_TS_ITR9)  || (InputTrigger == TIM_TS_ITR11))
2043:Drivers/STM32G4xx_HAL_Driver/Src/stm32g4xx_hal_tim_ex.c **** #else
2044:Drivers/STM32G4xx_HAL_Driver/Src/stm32g4xx_hal_tim_ex.c ****   if ((InputTrigger == TIM_TS_ITR0)  || (InputTrigger == TIM_TS_ITR1) ||
2045:Drivers/STM32G4xx_HAL_Driver/Src/stm32g4xx_hal_tim_ex.c ****       (InputTrigger == TIM_TS_ITR2)  || (InputTrigger == TIM_TS_ITR3) ||
2046:Drivers/STM32G4xx_HAL_Driver/Src/stm32g4xx_hal_tim_ex.c ****       (InputTrigger == TIM_TS_ITR5)  || (InputTrigger == TIM_TS_ITR6) ||
2047:Drivers/STM32G4xx_HAL_Driver/Src/stm32g4xx_hal_tim_ex.c ****       (InputTrigger == TIM_TS_ITR7)  || (InputTrigger == TIM_TS_ITR8) ||
2048:Drivers/STM32G4xx_HAL_Driver/Src/stm32g4xx_hal_tim_ex.c ****       (InputTrigger == TIM_TS_ITR11))
2049:Drivers/STM32G4xx_HAL_Driver/Src/stm32g4xx_hal_tim_ex.c **** #endif /* TIM5 && TIM20 */
2050:Drivers/STM32G4xx_HAL_Driver/Src/stm32g4xx_hal_tim_ex.c ****   {
2051:Drivers/STM32G4xx_HAL_Driver/Src/stm32g4xx_hal_tim_ex.c ****     /* Select the Input trigger */
2052:Drivers/STM32G4xx_HAL_Driver/Src/stm32g4xx_hal_tim_ex.c ****     htim->Instance->SMCR &= ~TIM_SMCR_TS;
2053:Drivers/STM32G4xx_HAL_Driver/Src/stm32g4xx_hal_tim_ex.c ****     htim->Instance->SMCR |= InputTrigger;
2054:Drivers/STM32G4xx_HAL_Driver/Src/stm32g4xx_hal_tim_ex.c ****   }
2055:Drivers/STM32G4xx_HAL_Driver/Src/stm32g4xx_hal_tim_ex.c **** 
2056:Drivers/STM32G4xx_HAL_Driver/Src/stm32g4xx_hal_tim_ex.c ****   /* Select the Capture Compare preload feature */
2057:Drivers/STM32G4xx_HAL_Driver/Src/stm32g4xx_hal_tim_ex.c ****   htim->Instance->CR2 |= TIM_CR2_CCPC;
2058:Drivers/STM32G4xx_HAL_Driver/Src/stm32g4xx_hal_tim_ex.c ****   /* Select the Commutation event source */
2059:Drivers/STM32G4xx_HAL_Driver/Src/stm32g4xx_hal_tim_ex.c ****   htim->Instance->CR2 &= ~TIM_CR2_CCUS;
2060:Drivers/STM32G4xx_HAL_Driver/Src/stm32g4xx_hal_tim_ex.c ****   htim->Instance->CR2 |= CommutationSource;
2061:Drivers/STM32G4xx_HAL_Driver/Src/stm32g4xx_hal_tim_ex.c **** 
2062:Drivers/STM32G4xx_HAL_Driver/Src/stm32g4xx_hal_tim_ex.c ****   /* Disable Commutation DMA request */
2063:Drivers/STM32G4xx_HAL_Driver/Src/stm32g4xx_hal_tim_ex.c ****   __HAL_TIM_DISABLE_DMA(htim, TIM_DMA_COM);
2064:Drivers/STM32G4xx_HAL_Driver/Src/stm32g4xx_hal_tim_ex.c **** 
2065:Drivers/STM32G4xx_HAL_Driver/Src/stm32g4xx_hal_tim_ex.c ****   /* Enable the Commutation Interrupt */
2066:Drivers/STM32G4xx_HAL_Driver/Src/stm32g4xx_hal_tim_ex.c ****   __HAL_TIM_ENABLE_IT(htim, TIM_IT_COM);
2067:Drivers/STM32G4xx_HAL_Driver/Src/stm32g4xx_hal_tim_ex.c **** 
2068:Drivers/STM32G4xx_HAL_Driver/Src/stm32g4xx_hal_tim_ex.c ****   __HAL_UNLOCK(htim);
2069:Drivers/STM32G4xx_HAL_Driver/Src/stm32g4xx_hal_tim_ex.c **** 
2070:Drivers/STM32G4xx_HAL_Driver/Src/stm32g4xx_hal_tim_ex.c ****   return HAL_OK;
2071:Drivers/STM32G4xx_HAL_Driver/Src/stm32g4xx_hal_tim_ex.c **** }
2072:Drivers/STM32G4xx_HAL_Driver/Src/stm32g4xx_hal_tim_ex.c **** 
2073:Drivers/STM32G4xx_HAL_Driver/Src/stm32g4xx_hal_tim_ex.c **** /**
2074:Drivers/STM32G4xx_HAL_Driver/Src/stm32g4xx_hal_tim_ex.c ****   * @brief  Configure the TIM commutation event sequence with DMA.
2075:Drivers/STM32G4xx_HAL_Driver/Src/stm32g4xx_hal_tim_ex.c ****   * @note  This function is mandatory to use the commutation event in order to
2076:Drivers/STM32G4xx_HAL_Driver/Src/stm32g4xx_hal_tim_ex.c ****   *        update the configuration at each commutation detection on the TRGI input of the Timer,
2077:Drivers/STM32G4xx_HAL_Driver/Src/stm32g4xx_hal_tim_ex.c ****   *        the typical use of this feature is with the use of another Timer(interface Timer)
2078:Drivers/STM32G4xx_HAL_Driver/Src/stm32g4xx_hal_tim_ex.c ****   *        configured in Hall sensor interface, this interface Timer will generate the
2079:Drivers/STM32G4xx_HAL_Driver/Src/stm32g4xx_hal_tim_ex.c ****   *        commutation at its TRGO output (connected to Timer used in this function) each time
2080:Drivers/STM32G4xx_HAL_Driver/Src/stm32g4xx_hal_tim_ex.c ****   *        the TI1 of the Interface Timer detect a commutation at its input TI1.
2081:Drivers/STM32G4xx_HAL_Driver/Src/stm32g4xx_hal_tim_ex.c ****   * @note  The user should configure the DMA in his own software, in This function only the COMDE b
2082:Drivers/STM32G4xx_HAL_Driver/Src/stm32g4xx_hal_tim_ex.c ****   * @param  htim TIM handle
ARM GAS  /tmp/ccAXGFxz.s 			page 38


2083:Drivers/STM32G4xx_HAL_Driver/Src/stm32g4xx_hal_tim_ex.c ****   * @param  InputTrigger the Internal trigger corresponding to the Timer Interfacing with the Hall 
2084:Drivers/STM32G4xx_HAL_Driver/Src/stm32g4xx_hal_tim_ex.c ****   *          This parameter can be one of the following values:
2085:Drivers/STM32G4xx_HAL_Driver/Src/stm32g4xx_hal_tim_ex.c ****   *            @arg TIM_TS_ITR0: Internal trigger 0 selected
2086:Drivers/STM32G4xx_HAL_Driver/Src/stm32g4xx_hal_tim_ex.c ****   *            @arg TIM_TS_ITR1: Internal trigger 1 selected
2087:Drivers/STM32G4xx_HAL_Driver/Src/stm32g4xx_hal_tim_ex.c ****   *            @arg TIM_TS_ITR2: Internal trigger 2 selected
2088:Drivers/STM32G4xx_HAL_Driver/Src/stm32g4xx_hal_tim_ex.c ****   *            @arg TIM_TS_ITR3: Internal trigger 3 selected
2089:Drivers/STM32G4xx_HAL_Driver/Src/stm32g4xx_hal_tim_ex.c ****   *            @arg TIM_TS_ITR4: Internal trigger 4 selected   (*)
2090:Drivers/STM32G4xx_HAL_Driver/Src/stm32g4xx_hal_tim_ex.c ****   *            @arg TIM_TS_ITR5: Internal trigger 5 selected
2091:Drivers/STM32G4xx_HAL_Driver/Src/stm32g4xx_hal_tim_ex.c ****   *            @arg TIM_TS_ITR6: Internal trigger 6 selected
2092:Drivers/STM32G4xx_HAL_Driver/Src/stm32g4xx_hal_tim_ex.c ****   *            @arg TIM_TS_ITR7: Internal trigger 7 selected
2093:Drivers/STM32G4xx_HAL_Driver/Src/stm32g4xx_hal_tim_ex.c ****   *            @arg TIM_TS_ITR8: Internal trigger 8 selected
2094:Drivers/STM32G4xx_HAL_Driver/Src/stm32g4xx_hal_tim_ex.c ****   *            @arg TIM_TS_ITR9: Internal trigger 9 selected   (*)
2095:Drivers/STM32G4xx_HAL_Driver/Src/stm32g4xx_hal_tim_ex.c ****   *            @arg TIM_TS_ITR10: Internal trigger 10 selected
2096:Drivers/STM32G4xx_HAL_Driver/Src/stm32g4xx_hal_tim_ex.c ****   *            @arg TIM_TS_ITR11: Internal trigger 11 selected
2097:Drivers/STM32G4xx_HAL_Driver/Src/stm32g4xx_hal_tim_ex.c ****   *            @arg TIM_TS_NONE: No trigger is needed
2098:Drivers/STM32G4xx_HAL_Driver/Src/stm32g4xx_hal_tim_ex.c ****   *
2099:Drivers/STM32G4xx_HAL_Driver/Src/stm32g4xx_hal_tim_ex.c ****   *         (*)  Value not defined in all devices.
2100:Drivers/STM32G4xx_HAL_Driver/Src/stm32g4xx_hal_tim_ex.c ****   *
2101:Drivers/STM32G4xx_HAL_Driver/Src/stm32g4xx_hal_tim_ex.c ****   * @param  CommutationSource the Commutation Event source
2102:Drivers/STM32G4xx_HAL_Driver/Src/stm32g4xx_hal_tim_ex.c ****   *          This parameter can be one of the following values:
2103:Drivers/STM32G4xx_HAL_Driver/Src/stm32g4xx_hal_tim_ex.c ****   *            @arg TIM_COMMUTATION_TRGI: Commutation source is the TRGI of the Interface Timer
2104:Drivers/STM32G4xx_HAL_Driver/Src/stm32g4xx_hal_tim_ex.c ****   *            @arg TIM_COMMUTATION_SOFTWARE:  Commutation source is set by software using the COMG
2105:Drivers/STM32G4xx_HAL_Driver/Src/stm32g4xx_hal_tim_ex.c ****   * @retval HAL status
2106:Drivers/STM32G4xx_HAL_Driver/Src/stm32g4xx_hal_tim_ex.c ****   */
2107:Drivers/STM32G4xx_HAL_Driver/Src/stm32g4xx_hal_tim_ex.c **** HAL_StatusTypeDef HAL_TIMEx_ConfigCommutEvent_DMA(TIM_HandleTypeDef *htim, uint32_t  InputTrigger,
2108:Drivers/STM32G4xx_HAL_Driver/Src/stm32g4xx_hal_tim_ex.c ****                                                   uint32_t  CommutationSource)
2109:Drivers/STM32G4xx_HAL_Driver/Src/stm32g4xx_hal_tim_ex.c **** {
2110:Drivers/STM32G4xx_HAL_Driver/Src/stm32g4xx_hal_tim_ex.c ****   /* Check the parameters */
2111:Drivers/STM32G4xx_HAL_Driver/Src/stm32g4xx_hal_tim_ex.c ****   assert_param(IS_TIM_COMMUTATION_EVENT_INSTANCE(htim->Instance));
2112:Drivers/STM32G4xx_HAL_Driver/Src/stm32g4xx_hal_tim_ex.c ****   assert_param(IS_TIM_INTERNAL_TRIGGEREVENT_INSTANCE(htim->Instance, InputTrigger));
2113:Drivers/STM32G4xx_HAL_Driver/Src/stm32g4xx_hal_tim_ex.c **** 
2114:Drivers/STM32G4xx_HAL_Driver/Src/stm32g4xx_hal_tim_ex.c ****   __HAL_LOCK(htim);
2115:Drivers/STM32G4xx_HAL_Driver/Src/stm32g4xx_hal_tim_ex.c **** 
2116:Drivers/STM32G4xx_HAL_Driver/Src/stm32g4xx_hal_tim_ex.c **** #if defined(TIM5) && defined(TIM20)
2117:Drivers/STM32G4xx_HAL_Driver/Src/stm32g4xx_hal_tim_ex.c ****   if ((InputTrigger == TIM_TS_ITR0)  || (InputTrigger == TIM_TS_ITR1) ||
2118:Drivers/STM32G4xx_HAL_Driver/Src/stm32g4xx_hal_tim_ex.c ****       (InputTrigger == TIM_TS_ITR2)  || (InputTrigger == TIM_TS_ITR3) ||
2119:Drivers/STM32G4xx_HAL_Driver/Src/stm32g4xx_hal_tim_ex.c ****       (InputTrigger == TIM_TS_ITR4)  || (InputTrigger == TIM_TS_ITR5) ||
2120:Drivers/STM32G4xx_HAL_Driver/Src/stm32g4xx_hal_tim_ex.c ****       (InputTrigger == TIM_TS_ITR6)  || (InputTrigger == TIM_TS_ITR7) ||
2121:Drivers/STM32G4xx_HAL_Driver/Src/stm32g4xx_hal_tim_ex.c ****       (InputTrigger == TIM_TS_ITR8)  || (InputTrigger == TIM_TS_ITR9) ||
2122:Drivers/STM32G4xx_HAL_Driver/Src/stm32g4xx_hal_tim_ex.c ****       (InputTrigger == TIM_TS_ITR10) || (InputTrigger == TIM_TS_ITR11))
2123:Drivers/STM32G4xx_HAL_Driver/Src/stm32g4xx_hal_tim_ex.c **** #elif defined(TIM5)
2124:Drivers/STM32G4xx_HAL_Driver/Src/stm32g4xx_hal_tim_ex.c ****   if ((InputTrigger == TIM_TS_ITR0)  || (InputTrigger == TIM_TS_ITR1) ||
2125:Drivers/STM32G4xx_HAL_Driver/Src/stm32g4xx_hal_tim_ex.c ****       (InputTrigger == TIM_TS_ITR2)  || (InputTrigger == TIM_TS_ITR3) ||
2126:Drivers/STM32G4xx_HAL_Driver/Src/stm32g4xx_hal_tim_ex.c ****       (InputTrigger == TIM_TS_ITR4)  || (InputTrigger == TIM_TS_ITR5) ||
2127:Drivers/STM32G4xx_HAL_Driver/Src/stm32g4xx_hal_tim_ex.c ****       (InputTrigger == TIM_TS_ITR6)  || (InputTrigger == TIM_TS_ITR7) ||
2128:Drivers/STM32G4xx_HAL_Driver/Src/stm32g4xx_hal_tim_ex.c ****       (InputTrigger == TIM_TS_ITR8)  || (InputTrigger == TIM_TS_ITR11))
2129:Drivers/STM32G4xx_HAL_Driver/Src/stm32g4xx_hal_tim_ex.c **** #elif defined(TIM20)
2130:Drivers/STM32G4xx_HAL_Driver/Src/stm32g4xx_hal_tim_ex.c ****   if ((InputTrigger == TIM_TS_ITR0)  || (InputTrigger == TIM_TS_ITR1) ||
2131:Drivers/STM32G4xx_HAL_Driver/Src/stm32g4xx_hal_tim_ex.c ****       (InputTrigger == TIM_TS_ITR2)  || (InputTrigger == TIM_TS_ITR3) ||
2132:Drivers/STM32G4xx_HAL_Driver/Src/stm32g4xx_hal_tim_ex.c ****       (InputTrigger == TIM_TS_ITR5)  || (InputTrigger == TIM_TS_ITR6) ||
2133:Drivers/STM32G4xx_HAL_Driver/Src/stm32g4xx_hal_tim_ex.c ****       (InputTrigger == TIM_TS_ITR7)  || (InputTrigger == TIM_TS_ITR8) ||
2134:Drivers/STM32G4xx_HAL_Driver/Src/stm32g4xx_hal_tim_ex.c ****       (InputTrigger == TIM_TS_ITR9)  || (InputTrigger == TIM_TS_ITR11))
2135:Drivers/STM32G4xx_HAL_Driver/Src/stm32g4xx_hal_tim_ex.c **** #else
2136:Drivers/STM32G4xx_HAL_Driver/Src/stm32g4xx_hal_tim_ex.c ****   if ((InputTrigger == TIM_TS_ITR0)  || (InputTrigger == TIM_TS_ITR1) ||
2137:Drivers/STM32G4xx_HAL_Driver/Src/stm32g4xx_hal_tim_ex.c ****       (InputTrigger == TIM_TS_ITR2)  || (InputTrigger == TIM_TS_ITR3) ||
2138:Drivers/STM32G4xx_HAL_Driver/Src/stm32g4xx_hal_tim_ex.c ****       (InputTrigger == TIM_TS_ITR5)  || (InputTrigger == TIM_TS_ITR6) ||
2139:Drivers/STM32G4xx_HAL_Driver/Src/stm32g4xx_hal_tim_ex.c ****       (InputTrigger == TIM_TS_ITR7)  || (InputTrigger == TIM_TS_ITR8) ||
ARM GAS  /tmp/ccAXGFxz.s 			page 39


2140:Drivers/STM32G4xx_HAL_Driver/Src/stm32g4xx_hal_tim_ex.c ****       (InputTrigger == TIM_TS_ITR11))
2141:Drivers/STM32G4xx_HAL_Driver/Src/stm32g4xx_hal_tim_ex.c **** #endif /* TIM5 && TIM20 */
2142:Drivers/STM32G4xx_HAL_Driver/Src/stm32g4xx_hal_tim_ex.c ****   {
2143:Drivers/STM32G4xx_HAL_Driver/Src/stm32g4xx_hal_tim_ex.c ****     /* Select the Input trigger */
2144:Drivers/STM32G4xx_HAL_Driver/Src/stm32g4xx_hal_tim_ex.c ****     htim->Instance->SMCR &= ~TIM_SMCR_TS;
2145:Drivers/STM32G4xx_HAL_Driver/Src/stm32g4xx_hal_tim_ex.c ****     htim->Instance->SMCR |= InputTrigger;
2146:Drivers/STM32G4xx_HAL_Driver/Src/stm32g4xx_hal_tim_ex.c ****   }
2147:Drivers/STM32G4xx_HAL_Driver/Src/stm32g4xx_hal_tim_ex.c **** 
2148:Drivers/STM32G4xx_HAL_Driver/Src/stm32g4xx_hal_tim_ex.c ****   /* Select the Capture Compare preload feature */
2149:Drivers/STM32G4xx_HAL_Driver/Src/stm32g4xx_hal_tim_ex.c ****   htim->Instance->CR2 |= TIM_CR2_CCPC;
2150:Drivers/STM32G4xx_HAL_Driver/Src/stm32g4xx_hal_tim_ex.c ****   /* Select the Commutation event source */
2151:Drivers/STM32G4xx_HAL_Driver/Src/stm32g4xx_hal_tim_ex.c ****   htim->Instance->CR2 &= ~TIM_CR2_CCUS;
2152:Drivers/STM32G4xx_HAL_Driver/Src/stm32g4xx_hal_tim_ex.c ****   htim->Instance->CR2 |= CommutationSource;
2153:Drivers/STM32G4xx_HAL_Driver/Src/stm32g4xx_hal_tim_ex.c **** 
2154:Drivers/STM32G4xx_HAL_Driver/Src/stm32g4xx_hal_tim_ex.c ****   /* Enable the Commutation DMA Request */
2155:Drivers/STM32G4xx_HAL_Driver/Src/stm32g4xx_hal_tim_ex.c ****   /* Set the DMA Commutation Callback */
2156:Drivers/STM32G4xx_HAL_Driver/Src/stm32g4xx_hal_tim_ex.c ****   htim->hdma[TIM_DMA_ID_COMMUTATION]->XferCpltCallback = TIMEx_DMACommutationCplt;
2157:Drivers/STM32G4xx_HAL_Driver/Src/stm32g4xx_hal_tim_ex.c ****   htim->hdma[TIM_DMA_ID_COMMUTATION]->XferHalfCpltCallback = TIMEx_DMACommutationHalfCplt;
2158:Drivers/STM32G4xx_HAL_Driver/Src/stm32g4xx_hal_tim_ex.c ****   /* Set the DMA error callback */
2159:Drivers/STM32G4xx_HAL_Driver/Src/stm32g4xx_hal_tim_ex.c ****   htim->hdma[TIM_DMA_ID_COMMUTATION]->XferErrorCallback = TIM_DMAError;
2160:Drivers/STM32G4xx_HAL_Driver/Src/stm32g4xx_hal_tim_ex.c **** 
2161:Drivers/STM32G4xx_HAL_Driver/Src/stm32g4xx_hal_tim_ex.c ****   /* Disable Commutation Interrupt */
2162:Drivers/STM32G4xx_HAL_Driver/Src/stm32g4xx_hal_tim_ex.c ****   __HAL_TIM_DISABLE_IT(htim, TIM_IT_COM);
2163:Drivers/STM32G4xx_HAL_Driver/Src/stm32g4xx_hal_tim_ex.c **** 
2164:Drivers/STM32G4xx_HAL_Driver/Src/stm32g4xx_hal_tim_ex.c ****   /* Enable the Commutation DMA Request */
2165:Drivers/STM32G4xx_HAL_Driver/Src/stm32g4xx_hal_tim_ex.c ****   __HAL_TIM_ENABLE_DMA(htim, TIM_DMA_COM);
2166:Drivers/STM32G4xx_HAL_Driver/Src/stm32g4xx_hal_tim_ex.c **** 
2167:Drivers/STM32G4xx_HAL_Driver/Src/stm32g4xx_hal_tim_ex.c ****   __HAL_UNLOCK(htim);
2168:Drivers/STM32G4xx_HAL_Driver/Src/stm32g4xx_hal_tim_ex.c **** 
2169:Drivers/STM32G4xx_HAL_Driver/Src/stm32g4xx_hal_tim_ex.c ****   return HAL_OK;
2170:Drivers/STM32G4xx_HAL_Driver/Src/stm32g4xx_hal_tim_ex.c **** }
2171:Drivers/STM32G4xx_HAL_Driver/Src/stm32g4xx_hal_tim_ex.c **** 
2172:Drivers/STM32G4xx_HAL_Driver/Src/stm32g4xx_hal_tim_ex.c **** /**
2173:Drivers/STM32G4xx_HAL_Driver/Src/stm32g4xx_hal_tim_ex.c ****   * @brief  Configures the TIM in master mode.
2174:Drivers/STM32G4xx_HAL_Driver/Src/stm32g4xx_hal_tim_ex.c ****   * @param  htim TIM handle.
2175:Drivers/STM32G4xx_HAL_Driver/Src/stm32g4xx_hal_tim_ex.c ****   * @param  sMasterConfig pointer to a TIM_MasterConfigTypeDef structure that
2176:Drivers/STM32G4xx_HAL_Driver/Src/stm32g4xx_hal_tim_ex.c ****   *         contains the selected trigger output (TRGO) and the Master/Slave
2177:Drivers/STM32G4xx_HAL_Driver/Src/stm32g4xx_hal_tim_ex.c ****   *         mode.
2178:Drivers/STM32G4xx_HAL_Driver/Src/stm32g4xx_hal_tim_ex.c ****   * @retval HAL status
2179:Drivers/STM32G4xx_HAL_Driver/Src/stm32g4xx_hal_tim_ex.c ****   */
2180:Drivers/STM32G4xx_HAL_Driver/Src/stm32g4xx_hal_tim_ex.c **** HAL_StatusTypeDef HAL_TIMEx_MasterConfigSynchronization(TIM_HandleTypeDef *htim,
2181:Drivers/STM32G4xx_HAL_Driver/Src/stm32g4xx_hal_tim_ex.c ****                                                         const TIM_MasterConfigTypeDef *sMasterConfi
2182:Drivers/STM32G4xx_HAL_Driver/Src/stm32g4xx_hal_tim_ex.c **** {
2183:Drivers/STM32G4xx_HAL_Driver/Src/stm32g4xx_hal_tim_ex.c ****   uint32_t tmpcr2;
2184:Drivers/STM32G4xx_HAL_Driver/Src/stm32g4xx_hal_tim_ex.c ****   uint32_t tmpsmcr;
2185:Drivers/STM32G4xx_HAL_Driver/Src/stm32g4xx_hal_tim_ex.c **** 
2186:Drivers/STM32G4xx_HAL_Driver/Src/stm32g4xx_hal_tim_ex.c ****   /* Check the parameters */
2187:Drivers/STM32G4xx_HAL_Driver/Src/stm32g4xx_hal_tim_ex.c ****   assert_param(IS_TIM_MASTER_INSTANCE(htim->Instance));
2188:Drivers/STM32G4xx_HAL_Driver/Src/stm32g4xx_hal_tim_ex.c ****   assert_param(IS_TIM_TRGO_SOURCE(sMasterConfig->MasterOutputTrigger));
2189:Drivers/STM32G4xx_HAL_Driver/Src/stm32g4xx_hal_tim_ex.c ****   assert_param(IS_TIM_MSM_STATE(sMasterConfig->MasterSlaveMode));
2190:Drivers/STM32G4xx_HAL_Driver/Src/stm32g4xx_hal_tim_ex.c **** 
2191:Drivers/STM32G4xx_HAL_Driver/Src/stm32g4xx_hal_tim_ex.c ****   /* Check input state */
2192:Drivers/STM32G4xx_HAL_Driver/Src/stm32g4xx_hal_tim_ex.c ****   __HAL_LOCK(htim);
2193:Drivers/STM32G4xx_HAL_Driver/Src/stm32g4xx_hal_tim_ex.c **** 
2194:Drivers/STM32G4xx_HAL_Driver/Src/stm32g4xx_hal_tim_ex.c ****   /* Change the handler state */
2195:Drivers/STM32G4xx_HAL_Driver/Src/stm32g4xx_hal_tim_ex.c ****   htim->State = HAL_TIM_STATE_BUSY;
2196:Drivers/STM32G4xx_HAL_Driver/Src/stm32g4xx_hal_tim_ex.c **** 
ARM GAS  /tmp/ccAXGFxz.s 			page 40


2197:Drivers/STM32G4xx_HAL_Driver/Src/stm32g4xx_hal_tim_ex.c ****   /* Get the TIMx CR2 register value */
2198:Drivers/STM32G4xx_HAL_Driver/Src/stm32g4xx_hal_tim_ex.c ****   tmpcr2 = htim->Instance->CR2;
2199:Drivers/STM32G4xx_HAL_Driver/Src/stm32g4xx_hal_tim_ex.c **** 
2200:Drivers/STM32G4xx_HAL_Driver/Src/stm32g4xx_hal_tim_ex.c ****   /* Get the TIMx SMCR register value */
2201:Drivers/STM32G4xx_HAL_Driver/Src/stm32g4xx_hal_tim_ex.c ****   tmpsmcr = htim->Instance->SMCR;
2202:Drivers/STM32G4xx_HAL_Driver/Src/stm32g4xx_hal_tim_ex.c **** 
2203:Drivers/STM32G4xx_HAL_Driver/Src/stm32g4xx_hal_tim_ex.c ****   /* If the timer supports ADC synchronization through TRGO2, set the master mode selection 2 */
2204:Drivers/STM32G4xx_HAL_Driver/Src/stm32g4xx_hal_tim_ex.c ****   if (IS_TIM_TRGO2_INSTANCE(htim->Instance))
2205:Drivers/STM32G4xx_HAL_Driver/Src/stm32g4xx_hal_tim_ex.c ****   {
2206:Drivers/STM32G4xx_HAL_Driver/Src/stm32g4xx_hal_tim_ex.c ****     /* Check the parameters */
2207:Drivers/STM32G4xx_HAL_Driver/Src/stm32g4xx_hal_tim_ex.c ****     assert_param(IS_TIM_TRGO2_SOURCE(sMasterConfig->MasterOutputTrigger2));
2208:Drivers/STM32G4xx_HAL_Driver/Src/stm32g4xx_hal_tim_ex.c **** 
2209:Drivers/STM32G4xx_HAL_Driver/Src/stm32g4xx_hal_tim_ex.c ****     /* Clear the MMS2 bits */
2210:Drivers/STM32G4xx_HAL_Driver/Src/stm32g4xx_hal_tim_ex.c ****     tmpcr2 &= ~TIM_CR2_MMS2;
2211:Drivers/STM32G4xx_HAL_Driver/Src/stm32g4xx_hal_tim_ex.c ****     /* Select the TRGO2 source*/
2212:Drivers/STM32G4xx_HAL_Driver/Src/stm32g4xx_hal_tim_ex.c ****     tmpcr2 |= sMasterConfig->MasterOutputTrigger2;
2213:Drivers/STM32G4xx_HAL_Driver/Src/stm32g4xx_hal_tim_ex.c ****   }
2214:Drivers/STM32G4xx_HAL_Driver/Src/stm32g4xx_hal_tim_ex.c **** 
2215:Drivers/STM32G4xx_HAL_Driver/Src/stm32g4xx_hal_tim_ex.c ****   /* Reset the MMS Bits */
2216:Drivers/STM32G4xx_HAL_Driver/Src/stm32g4xx_hal_tim_ex.c ****   tmpcr2 &= ~TIM_CR2_MMS;
2217:Drivers/STM32G4xx_HAL_Driver/Src/stm32g4xx_hal_tim_ex.c ****   /* Select the TRGO source */
2218:Drivers/STM32G4xx_HAL_Driver/Src/stm32g4xx_hal_tim_ex.c ****   tmpcr2 |=  sMasterConfig->MasterOutputTrigger;
2219:Drivers/STM32G4xx_HAL_Driver/Src/stm32g4xx_hal_tim_ex.c **** 
2220:Drivers/STM32G4xx_HAL_Driver/Src/stm32g4xx_hal_tim_ex.c ****   /* Update TIMx CR2 */
2221:Drivers/STM32G4xx_HAL_Driver/Src/stm32g4xx_hal_tim_ex.c ****   htim->Instance->CR2 = tmpcr2;
2222:Drivers/STM32G4xx_HAL_Driver/Src/stm32g4xx_hal_tim_ex.c **** 
2223:Drivers/STM32G4xx_HAL_Driver/Src/stm32g4xx_hal_tim_ex.c ****   if (IS_TIM_SLAVE_INSTANCE(htim->Instance))
2224:Drivers/STM32G4xx_HAL_Driver/Src/stm32g4xx_hal_tim_ex.c ****   {
2225:Drivers/STM32G4xx_HAL_Driver/Src/stm32g4xx_hal_tim_ex.c ****     /* Reset the MSM Bit */
2226:Drivers/STM32G4xx_HAL_Driver/Src/stm32g4xx_hal_tim_ex.c ****     tmpsmcr &= ~TIM_SMCR_MSM;
2227:Drivers/STM32G4xx_HAL_Driver/Src/stm32g4xx_hal_tim_ex.c ****     /* Set master mode */
2228:Drivers/STM32G4xx_HAL_Driver/Src/stm32g4xx_hal_tim_ex.c ****     tmpsmcr |= sMasterConfig->MasterSlaveMode;
2229:Drivers/STM32G4xx_HAL_Driver/Src/stm32g4xx_hal_tim_ex.c **** 
2230:Drivers/STM32G4xx_HAL_Driver/Src/stm32g4xx_hal_tim_ex.c ****     /* Update TIMx SMCR */
2231:Drivers/STM32G4xx_HAL_Driver/Src/stm32g4xx_hal_tim_ex.c ****     htim->Instance->SMCR = tmpsmcr;
2232:Drivers/STM32G4xx_HAL_Driver/Src/stm32g4xx_hal_tim_ex.c ****   }
2233:Drivers/STM32G4xx_HAL_Driver/Src/stm32g4xx_hal_tim_ex.c **** 
2234:Drivers/STM32G4xx_HAL_Driver/Src/stm32g4xx_hal_tim_ex.c ****   /* Change the htim state */
2235:Drivers/STM32G4xx_HAL_Driver/Src/stm32g4xx_hal_tim_ex.c ****   htim->State = HAL_TIM_STATE_READY;
2236:Drivers/STM32G4xx_HAL_Driver/Src/stm32g4xx_hal_tim_ex.c **** 
2237:Drivers/STM32G4xx_HAL_Driver/Src/stm32g4xx_hal_tim_ex.c ****   __HAL_UNLOCK(htim);
2238:Drivers/STM32G4xx_HAL_Driver/Src/stm32g4xx_hal_tim_ex.c **** 
2239:Drivers/STM32G4xx_HAL_Driver/Src/stm32g4xx_hal_tim_ex.c ****   return HAL_OK;
2240:Drivers/STM32G4xx_HAL_Driver/Src/stm32g4xx_hal_tim_ex.c **** }
2241:Drivers/STM32G4xx_HAL_Driver/Src/stm32g4xx_hal_tim_ex.c **** 
2242:Drivers/STM32G4xx_HAL_Driver/Src/stm32g4xx_hal_tim_ex.c **** /**
2243:Drivers/STM32G4xx_HAL_Driver/Src/stm32g4xx_hal_tim_ex.c ****   * @brief  Configures the Break feature, dead time, Lock level, OSSI/OSSR State
2244:Drivers/STM32G4xx_HAL_Driver/Src/stm32g4xx_hal_tim_ex.c ****   *         and the AOE(automatic output enable).
2245:Drivers/STM32G4xx_HAL_Driver/Src/stm32g4xx_hal_tim_ex.c ****   * @param  htim TIM handle
2246:Drivers/STM32G4xx_HAL_Driver/Src/stm32g4xx_hal_tim_ex.c ****   * @param  sBreakDeadTimeConfig pointer to a TIM_ConfigBreakDeadConfigTypeDef structure that
2247:Drivers/STM32G4xx_HAL_Driver/Src/stm32g4xx_hal_tim_ex.c ****   *         contains the BDTR Register configuration  information for the TIM peripheral.
2248:Drivers/STM32G4xx_HAL_Driver/Src/stm32g4xx_hal_tim_ex.c ****   * @note   Interrupts can be generated when an active level is detected on the
2249:Drivers/STM32G4xx_HAL_Driver/Src/stm32g4xx_hal_tim_ex.c ****   *         break input, the break 2 input or the system break input. Break
2250:Drivers/STM32G4xx_HAL_Driver/Src/stm32g4xx_hal_tim_ex.c ****   *         interrupt can be enabled by calling the @ref __HAL_TIM_ENABLE_IT macro.
2251:Drivers/STM32G4xx_HAL_Driver/Src/stm32g4xx_hal_tim_ex.c ****   * @retval HAL status
2252:Drivers/STM32G4xx_HAL_Driver/Src/stm32g4xx_hal_tim_ex.c ****   */
2253:Drivers/STM32G4xx_HAL_Driver/Src/stm32g4xx_hal_tim_ex.c **** HAL_StatusTypeDef HAL_TIMEx_ConfigBreakDeadTime(TIM_HandleTypeDef *htim,
ARM GAS  /tmp/ccAXGFxz.s 			page 41


2254:Drivers/STM32G4xx_HAL_Driver/Src/stm32g4xx_hal_tim_ex.c ****                                                 const TIM_BreakDeadTimeConfigTypeDef *sBreakDeadTim
2255:Drivers/STM32G4xx_HAL_Driver/Src/stm32g4xx_hal_tim_ex.c **** {
2256:Drivers/STM32G4xx_HAL_Driver/Src/stm32g4xx_hal_tim_ex.c ****   /* Keep this variable initialized to 0 as it is used to configure BDTR register */
2257:Drivers/STM32G4xx_HAL_Driver/Src/stm32g4xx_hal_tim_ex.c ****   uint32_t tmpbdtr = 0U;
2258:Drivers/STM32G4xx_HAL_Driver/Src/stm32g4xx_hal_tim_ex.c **** 
2259:Drivers/STM32G4xx_HAL_Driver/Src/stm32g4xx_hal_tim_ex.c ****   /* Check the parameters */
2260:Drivers/STM32G4xx_HAL_Driver/Src/stm32g4xx_hal_tim_ex.c ****   assert_param(IS_TIM_BREAK_INSTANCE(htim->Instance));
2261:Drivers/STM32G4xx_HAL_Driver/Src/stm32g4xx_hal_tim_ex.c ****   assert_param(IS_TIM_OSSR_STATE(sBreakDeadTimeConfig->OffStateRunMode));
2262:Drivers/STM32G4xx_HAL_Driver/Src/stm32g4xx_hal_tim_ex.c ****   assert_param(IS_TIM_OSSI_STATE(sBreakDeadTimeConfig->OffStateIDLEMode));
2263:Drivers/STM32G4xx_HAL_Driver/Src/stm32g4xx_hal_tim_ex.c ****   assert_param(IS_TIM_LOCK_LEVEL(sBreakDeadTimeConfig->LockLevel));
2264:Drivers/STM32G4xx_HAL_Driver/Src/stm32g4xx_hal_tim_ex.c ****   assert_param(IS_TIM_DEADTIME(sBreakDeadTimeConfig->DeadTime));
2265:Drivers/STM32G4xx_HAL_Driver/Src/stm32g4xx_hal_tim_ex.c ****   assert_param(IS_TIM_BREAK_STATE(sBreakDeadTimeConfig->BreakState));
2266:Drivers/STM32G4xx_HAL_Driver/Src/stm32g4xx_hal_tim_ex.c ****   assert_param(IS_TIM_BREAK_POLARITY(sBreakDeadTimeConfig->BreakPolarity));
2267:Drivers/STM32G4xx_HAL_Driver/Src/stm32g4xx_hal_tim_ex.c ****   assert_param(IS_TIM_BREAK_FILTER(sBreakDeadTimeConfig->BreakFilter));
2268:Drivers/STM32G4xx_HAL_Driver/Src/stm32g4xx_hal_tim_ex.c ****   assert_param(IS_TIM_AUTOMATIC_OUTPUT_STATE(sBreakDeadTimeConfig->AutomaticOutput));
2269:Drivers/STM32G4xx_HAL_Driver/Src/stm32g4xx_hal_tim_ex.c ****   assert_param(IS_TIM_BREAK_AFMODE(sBreakDeadTimeConfig->BreakAFMode));
2270:Drivers/STM32G4xx_HAL_Driver/Src/stm32g4xx_hal_tim_ex.c **** 
2271:Drivers/STM32G4xx_HAL_Driver/Src/stm32g4xx_hal_tim_ex.c ****   /* Check input state */
2272:Drivers/STM32G4xx_HAL_Driver/Src/stm32g4xx_hal_tim_ex.c ****   __HAL_LOCK(htim);
2273:Drivers/STM32G4xx_HAL_Driver/Src/stm32g4xx_hal_tim_ex.c **** 
2274:Drivers/STM32G4xx_HAL_Driver/Src/stm32g4xx_hal_tim_ex.c ****   /* Set the Lock level, the Break enable Bit and the Polarity, the OSSR State,
2275:Drivers/STM32G4xx_HAL_Driver/Src/stm32g4xx_hal_tim_ex.c ****      the OSSI State, the dead time value and the Automatic Output Enable Bit */
2276:Drivers/STM32G4xx_HAL_Driver/Src/stm32g4xx_hal_tim_ex.c **** 
2277:Drivers/STM32G4xx_HAL_Driver/Src/stm32g4xx_hal_tim_ex.c ****   /* Set the BDTR bits */
2278:Drivers/STM32G4xx_HAL_Driver/Src/stm32g4xx_hal_tim_ex.c ****   MODIFY_REG(tmpbdtr, TIM_BDTR_DTG, sBreakDeadTimeConfig->DeadTime);
2279:Drivers/STM32G4xx_HAL_Driver/Src/stm32g4xx_hal_tim_ex.c ****   MODIFY_REG(tmpbdtr, TIM_BDTR_LOCK, sBreakDeadTimeConfig->LockLevel);
2280:Drivers/STM32G4xx_HAL_Driver/Src/stm32g4xx_hal_tim_ex.c ****   MODIFY_REG(tmpbdtr, TIM_BDTR_OSSI, sBreakDeadTimeConfig->OffStateIDLEMode);
2281:Drivers/STM32G4xx_HAL_Driver/Src/stm32g4xx_hal_tim_ex.c ****   MODIFY_REG(tmpbdtr, TIM_BDTR_OSSR, sBreakDeadTimeConfig->OffStateRunMode);
2282:Drivers/STM32G4xx_HAL_Driver/Src/stm32g4xx_hal_tim_ex.c ****   MODIFY_REG(tmpbdtr, TIM_BDTR_BKE, sBreakDeadTimeConfig->BreakState);
2283:Drivers/STM32G4xx_HAL_Driver/Src/stm32g4xx_hal_tim_ex.c ****   MODIFY_REG(tmpbdtr, TIM_BDTR_BKP, sBreakDeadTimeConfig->BreakPolarity);
2284:Drivers/STM32G4xx_HAL_Driver/Src/stm32g4xx_hal_tim_ex.c ****   MODIFY_REG(tmpbdtr, TIM_BDTR_AOE, sBreakDeadTimeConfig->AutomaticOutput);
2285:Drivers/STM32G4xx_HAL_Driver/Src/stm32g4xx_hal_tim_ex.c ****   MODIFY_REG(tmpbdtr, TIM_BDTR_BKF, (sBreakDeadTimeConfig->BreakFilter << TIM_BDTR_BKF_Pos));
2286:Drivers/STM32G4xx_HAL_Driver/Src/stm32g4xx_hal_tim_ex.c ****   MODIFY_REG(tmpbdtr, TIM_BDTR_BKBID, sBreakDeadTimeConfig->BreakAFMode);
2287:Drivers/STM32G4xx_HAL_Driver/Src/stm32g4xx_hal_tim_ex.c **** 
2288:Drivers/STM32G4xx_HAL_Driver/Src/stm32g4xx_hal_tim_ex.c ****   if (IS_TIM_BKIN2_INSTANCE(htim->Instance))
2289:Drivers/STM32G4xx_HAL_Driver/Src/stm32g4xx_hal_tim_ex.c ****   {
2290:Drivers/STM32G4xx_HAL_Driver/Src/stm32g4xx_hal_tim_ex.c ****     /* Check the parameters */
2291:Drivers/STM32G4xx_HAL_Driver/Src/stm32g4xx_hal_tim_ex.c ****     assert_param(IS_TIM_BREAK2_STATE(sBreakDeadTimeConfig->Break2State));
2292:Drivers/STM32G4xx_HAL_Driver/Src/stm32g4xx_hal_tim_ex.c ****     assert_param(IS_TIM_BREAK2_POLARITY(sBreakDeadTimeConfig->Break2Polarity));
2293:Drivers/STM32G4xx_HAL_Driver/Src/stm32g4xx_hal_tim_ex.c ****     assert_param(IS_TIM_BREAK_FILTER(sBreakDeadTimeConfig->Break2Filter));
2294:Drivers/STM32G4xx_HAL_Driver/Src/stm32g4xx_hal_tim_ex.c ****     assert_param(IS_TIM_BREAK2_AFMODE(sBreakDeadTimeConfig->Break2AFMode));
2295:Drivers/STM32G4xx_HAL_Driver/Src/stm32g4xx_hal_tim_ex.c **** 
2296:Drivers/STM32G4xx_HAL_Driver/Src/stm32g4xx_hal_tim_ex.c ****     /* Set the BREAK2 input related BDTR bits */
2297:Drivers/STM32G4xx_HAL_Driver/Src/stm32g4xx_hal_tim_ex.c ****     MODIFY_REG(tmpbdtr, TIM_BDTR_BK2F, (sBreakDeadTimeConfig->Break2Filter << TIM_BDTR_BK2F_Pos));
2298:Drivers/STM32G4xx_HAL_Driver/Src/stm32g4xx_hal_tim_ex.c ****     MODIFY_REG(tmpbdtr, TIM_BDTR_BK2E, sBreakDeadTimeConfig->Break2State);
2299:Drivers/STM32G4xx_HAL_Driver/Src/stm32g4xx_hal_tim_ex.c ****     MODIFY_REG(tmpbdtr, TIM_BDTR_BK2P, sBreakDeadTimeConfig->Break2Polarity);
2300:Drivers/STM32G4xx_HAL_Driver/Src/stm32g4xx_hal_tim_ex.c ****     MODIFY_REG(tmpbdtr, TIM_BDTR_BK2BID, sBreakDeadTimeConfig->Break2AFMode);
2301:Drivers/STM32G4xx_HAL_Driver/Src/stm32g4xx_hal_tim_ex.c ****   }
2302:Drivers/STM32G4xx_HAL_Driver/Src/stm32g4xx_hal_tim_ex.c **** 
2303:Drivers/STM32G4xx_HAL_Driver/Src/stm32g4xx_hal_tim_ex.c ****   /* Set TIMx_BDTR */
2304:Drivers/STM32G4xx_HAL_Driver/Src/stm32g4xx_hal_tim_ex.c ****   htim->Instance->BDTR = tmpbdtr;
2305:Drivers/STM32G4xx_HAL_Driver/Src/stm32g4xx_hal_tim_ex.c **** 
2306:Drivers/STM32G4xx_HAL_Driver/Src/stm32g4xx_hal_tim_ex.c ****   __HAL_UNLOCK(htim);
2307:Drivers/STM32G4xx_HAL_Driver/Src/stm32g4xx_hal_tim_ex.c **** 
2308:Drivers/STM32G4xx_HAL_Driver/Src/stm32g4xx_hal_tim_ex.c ****   return HAL_OK;
2309:Drivers/STM32G4xx_HAL_Driver/Src/stm32g4xx_hal_tim_ex.c **** }
2310:Drivers/STM32G4xx_HAL_Driver/Src/stm32g4xx_hal_tim_ex.c **** 
ARM GAS  /tmp/ccAXGFxz.s 			page 42


2311:Drivers/STM32G4xx_HAL_Driver/Src/stm32g4xx_hal_tim_ex.c **** /**
2312:Drivers/STM32G4xx_HAL_Driver/Src/stm32g4xx_hal_tim_ex.c ****   * @brief  Configures the break input source.
2313:Drivers/STM32G4xx_HAL_Driver/Src/stm32g4xx_hal_tim_ex.c ****   * @param  htim TIM handle.
2314:Drivers/STM32G4xx_HAL_Driver/Src/stm32g4xx_hal_tim_ex.c ****   * @param  BreakInput Break input to configure
2315:Drivers/STM32G4xx_HAL_Driver/Src/stm32g4xx_hal_tim_ex.c ****   *          This parameter can be one of the following values:
2316:Drivers/STM32G4xx_HAL_Driver/Src/stm32g4xx_hal_tim_ex.c ****   *            @arg TIM_BREAKINPUT_BRK: Timer break input
2317:Drivers/STM32G4xx_HAL_Driver/Src/stm32g4xx_hal_tim_ex.c ****   *            @arg TIM_BREAKINPUT_BRK2: Timer break 2 input
2318:Drivers/STM32G4xx_HAL_Driver/Src/stm32g4xx_hal_tim_ex.c ****   * @param  sBreakInputConfig Break input source configuration
2319:Drivers/STM32G4xx_HAL_Driver/Src/stm32g4xx_hal_tim_ex.c ****   * @retval HAL status
2320:Drivers/STM32G4xx_HAL_Driver/Src/stm32g4xx_hal_tim_ex.c ****   */
2321:Drivers/STM32G4xx_HAL_Driver/Src/stm32g4xx_hal_tim_ex.c **** HAL_StatusTypeDef HAL_TIMEx_ConfigBreakInput(TIM_HandleTypeDef *htim,
2322:Drivers/STM32G4xx_HAL_Driver/Src/stm32g4xx_hal_tim_ex.c ****                                              uint32_t BreakInput,
2323:Drivers/STM32G4xx_HAL_Driver/Src/stm32g4xx_hal_tim_ex.c ****                                              const TIMEx_BreakInputConfigTypeDef *sBreakInputConfig
2324:Drivers/STM32G4xx_HAL_Driver/Src/stm32g4xx_hal_tim_ex.c **** {
2325:Drivers/STM32G4xx_HAL_Driver/Src/stm32g4xx_hal_tim_ex.c ****   HAL_StatusTypeDef status = HAL_OK;
2326:Drivers/STM32G4xx_HAL_Driver/Src/stm32g4xx_hal_tim_ex.c ****   uint32_t tmporx;
2327:Drivers/STM32G4xx_HAL_Driver/Src/stm32g4xx_hal_tim_ex.c ****   uint32_t bkin_enable_mask;
2328:Drivers/STM32G4xx_HAL_Driver/Src/stm32g4xx_hal_tim_ex.c ****   uint32_t bkin_polarity_mask;
2329:Drivers/STM32G4xx_HAL_Driver/Src/stm32g4xx_hal_tim_ex.c ****   uint32_t bkin_enable_bitpos;
2330:Drivers/STM32G4xx_HAL_Driver/Src/stm32g4xx_hal_tim_ex.c ****   uint32_t bkin_polarity_bitpos;
2331:Drivers/STM32G4xx_HAL_Driver/Src/stm32g4xx_hal_tim_ex.c **** 
2332:Drivers/STM32G4xx_HAL_Driver/Src/stm32g4xx_hal_tim_ex.c ****   /* Check the parameters */
2333:Drivers/STM32G4xx_HAL_Driver/Src/stm32g4xx_hal_tim_ex.c ****   assert_param(IS_TIM_BREAK_INSTANCE(htim->Instance));
2334:Drivers/STM32G4xx_HAL_Driver/Src/stm32g4xx_hal_tim_ex.c ****   assert_param(IS_TIM_BREAKINPUT(BreakInput));
2335:Drivers/STM32G4xx_HAL_Driver/Src/stm32g4xx_hal_tim_ex.c ****   assert_param(IS_TIM_BREAKINPUTSOURCE(sBreakInputConfig->Source));
2336:Drivers/STM32G4xx_HAL_Driver/Src/stm32g4xx_hal_tim_ex.c ****   assert_param(IS_TIM_BREAKINPUTSOURCE_STATE(sBreakInputConfig->Enable));
2337:Drivers/STM32G4xx_HAL_Driver/Src/stm32g4xx_hal_tim_ex.c ****   assert_param(IS_TIM_BREAKINPUTSOURCE_POLARITY(sBreakInputConfig->Polarity));
2338:Drivers/STM32G4xx_HAL_Driver/Src/stm32g4xx_hal_tim_ex.c **** 
2339:Drivers/STM32G4xx_HAL_Driver/Src/stm32g4xx_hal_tim_ex.c ****   /* Check input state */
2340:Drivers/STM32G4xx_HAL_Driver/Src/stm32g4xx_hal_tim_ex.c ****   __HAL_LOCK(htim);
2341:Drivers/STM32G4xx_HAL_Driver/Src/stm32g4xx_hal_tim_ex.c **** 
2342:Drivers/STM32G4xx_HAL_Driver/Src/stm32g4xx_hal_tim_ex.c ****   switch (sBreakInputConfig->Source)
2343:Drivers/STM32G4xx_HAL_Driver/Src/stm32g4xx_hal_tim_ex.c ****   {
2344:Drivers/STM32G4xx_HAL_Driver/Src/stm32g4xx_hal_tim_ex.c ****     case TIM_BREAKINPUTSOURCE_BKIN:
2345:Drivers/STM32G4xx_HAL_Driver/Src/stm32g4xx_hal_tim_ex.c ****     {
2346:Drivers/STM32G4xx_HAL_Driver/Src/stm32g4xx_hal_tim_ex.c ****       bkin_enable_mask = TIM1_AF1_BKINE;
2347:Drivers/STM32G4xx_HAL_Driver/Src/stm32g4xx_hal_tim_ex.c ****       bkin_enable_bitpos = TIM1_AF1_BKINE_Pos;
2348:Drivers/STM32G4xx_HAL_Driver/Src/stm32g4xx_hal_tim_ex.c ****       bkin_polarity_mask = TIM1_AF1_BKINP;
2349:Drivers/STM32G4xx_HAL_Driver/Src/stm32g4xx_hal_tim_ex.c ****       bkin_polarity_bitpos = TIM1_AF1_BKINP_Pos;
2350:Drivers/STM32G4xx_HAL_Driver/Src/stm32g4xx_hal_tim_ex.c ****       break;
2351:Drivers/STM32G4xx_HAL_Driver/Src/stm32g4xx_hal_tim_ex.c ****     }
2352:Drivers/STM32G4xx_HAL_Driver/Src/stm32g4xx_hal_tim_ex.c ****     case TIM_BREAKINPUTSOURCE_COMP1:
2353:Drivers/STM32G4xx_HAL_Driver/Src/stm32g4xx_hal_tim_ex.c ****     {
2354:Drivers/STM32G4xx_HAL_Driver/Src/stm32g4xx_hal_tim_ex.c ****       bkin_enable_mask = TIM1_AF1_BKCMP1E;
2355:Drivers/STM32G4xx_HAL_Driver/Src/stm32g4xx_hal_tim_ex.c ****       bkin_enable_bitpos = TIM1_AF1_BKCMP1E_Pos;
2356:Drivers/STM32G4xx_HAL_Driver/Src/stm32g4xx_hal_tim_ex.c ****       bkin_polarity_mask = TIM1_AF1_BKCMP1P;
2357:Drivers/STM32G4xx_HAL_Driver/Src/stm32g4xx_hal_tim_ex.c ****       bkin_polarity_bitpos = TIM1_AF1_BKCMP1P_Pos;
2358:Drivers/STM32G4xx_HAL_Driver/Src/stm32g4xx_hal_tim_ex.c ****       break;
2359:Drivers/STM32G4xx_HAL_Driver/Src/stm32g4xx_hal_tim_ex.c ****     }
2360:Drivers/STM32G4xx_HAL_Driver/Src/stm32g4xx_hal_tim_ex.c **** #if defined (COMP2)
2361:Drivers/STM32G4xx_HAL_Driver/Src/stm32g4xx_hal_tim_ex.c ****     case TIM_BREAKINPUTSOURCE_COMP2:
2362:Drivers/STM32G4xx_HAL_Driver/Src/stm32g4xx_hal_tim_ex.c ****     {
2363:Drivers/STM32G4xx_HAL_Driver/Src/stm32g4xx_hal_tim_ex.c ****       bkin_enable_mask = TIM1_AF1_BKCMP2E;
2364:Drivers/STM32G4xx_HAL_Driver/Src/stm32g4xx_hal_tim_ex.c ****       bkin_enable_bitpos = TIM1_AF1_BKCMP2E_Pos;
2365:Drivers/STM32G4xx_HAL_Driver/Src/stm32g4xx_hal_tim_ex.c ****       bkin_polarity_mask = TIM1_AF1_BKCMP2P;
2366:Drivers/STM32G4xx_HAL_Driver/Src/stm32g4xx_hal_tim_ex.c ****       bkin_polarity_bitpos = TIM1_AF1_BKCMP2P_Pos;
2367:Drivers/STM32G4xx_HAL_Driver/Src/stm32g4xx_hal_tim_ex.c ****       break;
ARM GAS  /tmp/ccAXGFxz.s 			page 43


2368:Drivers/STM32G4xx_HAL_Driver/Src/stm32g4xx_hal_tim_ex.c ****     }
2369:Drivers/STM32G4xx_HAL_Driver/Src/stm32g4xx_hal_tim_ex.c **** #endif /* COMP2 */
2370:Drivers/STM32G4xx_HAL_Driver/Src/stm32g4xx_hal_tim_ex.c ****     case TIM_BREAKINPUTSOURCE_COMP3:
2371:Drivers/STM32G4xx_HAL_Driver/Src/stm32g4xx_hal_tim_ex.c ****     {
2372:Drivers/STM32G4xx_HAL_Driver/Src/stm32g4xx_hal_tim_ex.c ****       bkin_enable_mask = TIM1_AF1_BKCMP3E;
2373:Drivers/STM32G4xx_HAL_Driver/Src/stm32g4xx_hal_tim_ex.c ****       bkin_enable_bitpos = TIM1_AF1_BKCMP3E_Pos;
2374:Drivers/STM32G4xx_HAL_Driver/Src/stm32g4xx_hal_tim_ex.c ****       bkin_polarity_mask = TIM1_AF1_BKCMP3P;
2375:Drivers/STM32G4xx_HAL_Driver/Src/stm32g4xx_hal_tim_ex.c ****       bkin_polarity_bitpos = TIM1_AF1_BKCMP3P_Pos;
2376:Drivers/STM32G4xx_HAL_Driver/Src/stm32g4xx_hal_tim_ex.c ****       break;
2377:Drivers/STM32G4xx_HAL_Driver/Src/stm32g4xx_hal_tim_ex.c ****     }
2378:Drivers/STM32G4xx_HAL_Driver/Src/stm32g4xx_hal_tim_ex.c **** #if defined (COMP4)
2379:Drivers/STM32G4xx_HAL_Driver/Src/stm32g4xx_hal_tim_ex.c ****     case TIM_BREAKINPUTSOURCE_COMP4:
2380:Drivers/STM32G4xx_HAL_Driver/Src/stm32g4xx_hal_tim_ex.c ****     {
2381:Drivers/STM32G4xx_HAL_Driver/Src/stm32g4xx_hal_tim_ex.c ****       bkin_enable_mask = TIM1_AF1_BKCMP4E;
2382:Drivers/STM32G4xx_HAL_Driver/Src/stm32g4xx_hal_tim_ex.c ****       bkin_enable_bitpos = TIM1_AF1_BKCMP4E_Pos;
2383:Drivers/STM32G4xx_HAL_Driver/Src/stm32g4xx_hal_tim_ex.c ****       bkin_polarity_mask = TIM1_AF1_BKCMP4P;
2384:Drivers/STM32G4xx_HAL_Driver/Src/stm32g4xx_hal_tim_ex.c ****       bkin_polarity_bitpos = TIM1_AF1_BKCMP4P_Pos;
2385:Drivers/STM32G4xx_HAL_Driver/Src/stm32g4xx_hal_tim_ex.c ****       break;
2386:Drivers/STM32G4xx_HAL_Driver/Src/stm32g4xx_hal_tim_ex.c ****     }
2387:Drivers/STM32G4xx_HAL_Driver/Src/stm32g4xx_hal_tim_ex.c **** #endif /* COMP4 */
2388:Drivers/STM32G4xx_HAL_Driver/Src/stm32g4xx_hal_tim_ex.c **** #if defined (COMP5)
2389:Drivers/STM32G4xx_HAL_Driver/Src/stm32g4xx_hal_tim_ex.c ****     case TIM_BREAKINPUTSOURCE_COMP5:
2390:Drivers/STM32G4xx_HAL_Driver/Src/stm32g4xx_hal_tim_ex.c ****     {
2391:Drivers/STM32G4xx_HAL_Driver/Src/stm32g4xx_hal_tim_ex.c ****       bkin_enable_mask = TIM1_AF1_BKCMP5E;
2392:Drivers/STM32G4xx_HAL_Driver/Src/stm32g4xx_hal_tim_ex.c ****       bkin_enable_bitpos = TIM1_AF1_BKCMP5E_Pos;
2393:Drivers/STM32G4xx_HAL_Driver/Src/stm32g4xx_hal_tim_ex.c ****       /* No palarity bit for this COMP. Variable bkin_polarity_mask keeps its default value 0 */
2394:Drivers/STM32G4xx_HAL_Driver/Src/stm32g4xx_hal_tim_ex.c ****       bkin_polarity_mask = 0U;
2395:Drivers/STM32G4xx_HAL_Driver/Src/stm32g4xx_hal_tim_ex.c ****       bkin_polarity_bitpos = 0U;
2396:Drivers/STM32G4xx_HAL_Driver/Src/stm32g4xx_hal_tim_ex.c ****       break;
2397:Drivers/STM32G4xx_HAL_Driver/Src/stm32g4xx_hal_tim_ex.c ****     }
2398:Drivers/STM32G4xx_HAL_Driver/Src/stm32g4xx_hal_tim_ex.c **** #endif /* COMP5 */
2399:Drivers/STM32G4xx_HAL_Driver/Src/stm32g4xx_hal_tim_ex.c **** #if defined (COMP6)
2400:Drivers/STM32G4xx_HAL_Driver/Src/stm32g4xx_hal_tim_ex.c ****     case TIM_BREAKINPUTSOURCE_COMP6:
2401:Drivers/STM32G4xx_HAL_Driver/Src/stm32g4xx_hal_tim_ex.c ****     {
2402:Drivers/STM32G4xx_HAL_Driver/Src/stm32g4xx_hal_tim_ex.c ****       bkin_enable_mask = TIM1_AF1_BKCMP6E;
2403:Drivers/STM32G4xx_HAL_Driver/Src/stm32g4xx_hal_tim_ex.c ****       bkin_enable_bitpos = TIM1_AF1_BKCMP6E_Pos;
2404:Drivers/STM32G4xx_HAL_Driver/Src/stm32g4xx_hal_tim_ex.c ****       /* No palarity bit for this COMP. Variable bkin_polarity_mask keeps its default value 0 */
2405:Drivers/STM32G4xx_HAL_Driver/Src/stm32g4xx_hal_tim_ex.c ****       bkin_polarity_mask = 0U;
2406:Drivers/STM32G4xx_HAL_Driver/Src/stm32g4xx_hal_tim_ex.c ****       bkin_polarity_bitpos = 0U;
2407:Drivers/STM32G4xx_HAL_Driver/Src/stm32g4xx_hal_tim_ex.c ****       break;
2408:Drivers/STM32G4xx_HAL_Driver/Src/stm32g4xx_hal_tim_ex.c ****     }
2409:Drivers/STM32G4xx_HAL_Driver/Src/stm32g4xx_hal_tim_ex.c **** #endif /* COMP7 */
2410:Drivers/STM32G4xx_HAL_Driver/Src/stm32g4xx_hal_tim_ex.c **** #if defined (COMP7)
2411:Drivers/STM32G4xx_HAL_Driver/Src/stm32g4xx_hal_tim_ex.c ****     case TIM_BREAKINPUTSOURCE_COMP7:
2412:Drivers/STM32G4xx_HAL_Driver/Src/stm32g4xx_hal_tim_ex.c ****     {
2413:Drivers/STM32G4xx_HAL_Driver/Src/stm32g4xx_hal_tim_ex.c ****       bkin_enable_mask = TIM1_AF1_BKCMP7E;
2414:Drivers/STM32G4xx_HAL_Driver/Src/stm32g4xx_hal_tim_ex.c ****       bkin_enable_bitpos = TIM1_AF1_BKCMP7E_Pos;
2415:Drivers/STM32G4xx_HAL_Driver/Src/stm32g4xx_hal_tim_ex.c ****       /* No palarity bit for this COMP. Variable bkin_polarity_mask keeps its default value 0 */
2416:Drivers/STM32G4xx_HAL_Driver/Src/stm32g4xx_hal_tim_ex.c ****       bkin_polarity_mask = 0U;
2417:Drivers/STM32G4xx_HAL_Driver/Src/stm32g4xx_hal_tim_ex.c ****       bkin_polarity_bitpos = 0U;
2418:Drivers/STM32G4xx_HAL_Driver/Src/stm32g4xx_hal_tim_ex.c ****       break;
2419:Drivers/STM32G4xx_HAL_Driver/Src/stm32g4xx_hal_tim_ex.c ****     }
2420:Drivers/STM32G4xx_HAL_Driver/Src/stm32g4xx_hal_tim_ex.c **** #endif /* COMP7 */
2421:Drivers/STM32G4xx_HAL_Driver/Src/stm32g4xx_hal_tim_ex.c **** 
2422:Drivers/STM32G4xx_HAL_Driver/Src/stm32g4xx_hal_tim_ex.c ****     default:
2423:Drivers/STM32G4xx_HAL_Driver/Src/stm32g4xx_hal_tim_ex.c ****     {
2424:Drivers/STM32G4xx_HAL_Driver/Src/stm32g4xx_hal_tim_ex.c ****       bkin_enable_mask = 0U;
ARM GAS  /tmp/ccAXGFxz.s 			page 44


2425:Drivers/STM32G4xx_HAL_Driver/Src/stm32g4xx_hal_tim_ex.c ****       bkin_polarity_mask = 0U;
2426:Drivers/STM32G4xx_HAL_Driver/Src/stm32g4xx_hal_tim_ex.c ****       bkin_enable_bitpos = 0U;
2427:Drivers/STM32G4xx_HAL_Driver/Src/stm32g4xx_hal_tim_ex.c ****       bkin_polarity_bitpos = 0U;
2428:Drivers/STM32G4xx_HAL_Driver/Src/stm32g4xx_hal_tim_ex.c ****       break;
2429:Drivers/STM32G4xx_HAL_Driver/Src/stm32g4xx_hal_tim_ex.c ****     }
2430:Drivers/STM32G4xx_HAL_Driver/Src/stm32g4xx_hal_tim_ex.c ****   }
2431:Drivers/STM32G4xx_HAL_Driver/Src/stm32g4xx_hal_tim_ex.c **** 
2432:Drivers/STM32G4xx_HAL_Driver/Src/stm32g4xx_hal_tim_ex.c ****   switch (BreakInput)
2433:Drivers/STM32G4xx_HAL_Driver/Src/stm32g4xx_hal_tim_ex.c ****   {
2434:Drivers/STM32G4xx_HAL_Driver/Src/stm32g4xx_hal_tim_ex.c ****     case TIM_BREAKINPUT_BRK:
2435:Drivers/STM32G4xx_HAL_Driver/Src/stm32g4xx_hal_tim_ex.c ****     {
2436:Drivers/STM32G4xx_HAL_Driver/Src/stm32g4xx_hal_tim_ex.c ****       /* Get the TIMx_AF1 register value */
2437:Drivers/STM32G4xx_HAL_Driver/Src/stm32g4xx_hal_tim_ex.c ****       tmporx = htim->Instance->AF1;
2438:Drivers/STM32G4xx_HAL_Driver/Src/stm32g4xx_hal_tim_ex.c **** 
2439:Drivers/STM32G4xx_HAL_Driver/Src/stm32g4xx_hal_tim_ex.c ****       /* Enable the break input */
2440:Drivers/STM32G4xx_HAL_Driver/Src/stm32g4xx_hal_tim_ex.c ****       tmporx &= ~bkin_enable_mask;
2441:Drivers/STM32G4xx_HAL_Driver/Src/stm32g4xx_hal_tim_ex.c ****       tmporx |= (sBreakInputConfig->Enable << bkin_enable_bitpos) & bkin_enable_mask;
2442:Drivers/STM32G4xx_HAL_Driver/Src/stm32g4xx_hal_tim_ex.c **** 
2443:Drivers/STM32G4xx_HAL_Driver/Src/stm32g4xx_hal_tim_ex.c ****       /* Set the break input polarity */
2444:Drivers/STM32G4xx_HAL_Driver/Src/stm32g4xx_hal_tim_ex.c ****       tmporx &= ~bkin_polarity_mask;
2445:Drivers/STM32G4xx_HAL_Driver/Src/stm32g4xx_hal_tim_ex.c ****       tmporx |= (sBreakInputConfig->Polarity << bkin_polarity_bitpos) & bkin_polarity_mask;
2446:Drivers/STM32G4xx_HAL_Driver/Src/stm32g4xx_hal_tim_ex.c **** 
2447:Drivers/STM32G4xx_HAL_Driver/Src/stm32g4xx_hal_tim_ex.c ****       /* Set TIMx_AF1 */
2448:Drivers/STM32G4xx_HAL_Driver/Src/stm32g4xx_hal_tim_ex.c ****       htim->Instance->AF1 = tmporx;
2449:Drivers/STM32G4xx_HAL_Driver/Src/stm32g4xx_hal_tim_ex.c ****       break;
2450:Drivers/STM32G4xx_HAL_Driver/Src/stm32g4xx_hal_tim_ex.c ****     }
2451:Drivers/STM32G4xx_HAL_Driver/Src/stm32g4xx_hal_tim_ex.c ****     case TIM_BREAKINPUT_BRK2:
2452:Drivers/STM32G4xx_HAL_Driver/Src/stm32g4xx_hal_tim_ex.c ****     {
2453:Drivers/STM32G4xx_HAL_Driver/Src/stm32g4xx_hal_tim_ex.c ****       /* Get the TIMx_AF2 register value */
2454:Drivers/STM32G4xx_HAL_Driver/Src/stm32g4xx_hal_tim_ex.c ****       tmporx = htim->Instance->AF2;
2455:Drivers/STM32G4xx_HAL_Driver/Src/stm32g4xx_hal_tim_ex.c **** 
2456:Drivers/STM32G4xx_HAL_Driver/Src/stm32g4xx_hal_tim_ex.c ****       /* Enable the break input */
2457:Drivers/STM32G4xx_HAL_Driver/Src/stm32g4xx_hal_tim_ex.c ****       tmporx &= ~bkin_enable_mask;
2458:Drivers/STM32G4xx_HAL_Driver/Src/stm32g4xx_hal_tim_ex.c ****       tmporx |= (sBreakInputConfig->Enable << bkin_enable_bitpos) & bkin_enable_mask;
2459:Drivers/STM32G4xx_HAL_Driver/Src/stm32g4xx_hal_tim_ex.c **** 
2460:Drivers/STM32G4xx_HAL_Driver/Src/stm32g4xx_hal_tim_ex.c ****       /* Set the break input polarity */
2461:Drivers/STM32G4xx_HAL_Driver/Src/stm32g4xx_hal_tim_ex.c ****       tmporx &= ~bkin_polarity_mask;
2462:Drivers/STM32G4xx_HAL_Driver/Src/stm32g4xx_hal_tim_ex.c ****       tmporx |= (sBreakInputConfig->Polarity << bkin_polarity_bitpos) & bkin_polarity_mask;
2463:Drivers/STM32G4xx_HAL_Driver/Src/stm32g4xx_hal_tim_ex.c **** 
2464:Drivers/STM32G4xx_HAL_Driver/Src/stm32g4xx_hal_tim_ex.c ****       /* Set TIMx_AF2 */
2465:Drivers/STM32G4xx_HAL_Driver/Src/stm32g4xx_hal_tim_ex.c ****       htim->Instance->AF2 = tmporx;
2466:Drivers/STM32G4xx_HAL_Driver/Src/stm32g4xx_hal_tim_ex.c ****       break;
2467:Drivers/STM32G4xx_HAL_Driver/Src/stm32g4xx_hal_tim_ex.c ****     }
2468:Drivers/STM32G4xx_HAL_Driver/Src/stm32g4xx_hal_tim_ex.c ****     default:
2469:Drivers/STM32G4xx_HAL_Driver/Src/stm32g4xx_hal_tim_ex.c ****       status = HAL_ERROR;
2470:Drivers/STM32G4xx_HAL_Driver/Src/stm32g4xx_hal_tim_ex.c ****       break;
2471:Drivers/STM32G4xx_HAL_Driver/Src/stm32g4xx_hal_tim_ex.c ****   }
2472:Drivers/STM32G4xx_HAL_Driver/Src/stm32g4xx_hal_tim_ex.c **** 
2473:Drivers/STM32G4xx_HAL_Driver/Src/stm32g4xx_hal_tim_ex.c ****   __HAL_UNLOCK(htim);
2474:Drivers/STM32G4xx_HAL_Driver/Src/stm32g4xx_hal_tim_ex.c **** 
2475:Drivers/STM32G4xx_HAL_Driver/Src/stm32g4xx_hal_tim_ex.c ****   return status;
2476:Drivers/STM32G4xx_HAL_Driver/Src/stm32g4xx_hal_tim_ex.c **** }
2477:Drivers/STM32G4xx_HAL_Driver/Src/stm32g4xx_hal_tim_ex.c **** 
2478:Drivers/STM32G4xx_HAL_Driver/Src/stm32g4xx_hal_tim_ex.c **** /**
2479:Drivers/STM32G4xx_HAL_Driver/Src/stm32g4xx_hal_tim_ex.c ****   * @brief  Configures the TIMx Remapping input capabilities.
2480:Drivers/STM32G4xx_HAL_Driver/Src/stm32g4xx_hal_tim_ex.c ****   * @param  htim TIM handle.
2481:Drivers/STM32G4xx_HAL_Driver/Src/stm32g4xx_hal_tim_ex.c ****   * @param  Remap specifies the TIM remapping source.
ARM GAS  /tmp/ccAXGFxz.s 			page 45


2482:Drivers/STM32G4xx_HAL_Driver/Src/stm32g4xx_hal_tim_ex.c ****   *         For TIM1, the parameter can take one of the following values:
2483:Drivers/STM32G4xx_HAL_Driver/Src/stm32g4xx_hal_tim_ex.c ****   *            @arg TIM_TIM1_ETR_GPIO           TIM1 ETR is connected to GPIO
2484:Drivers/STM32G4xx_HAL_Driver/Src/stm32g4xx_hal_tim_ex.c ****   *            @arg TIM_TIM1_ETR_COMP1          TIM1 ETR is connected to COMP1 output
2485:Drivers/STM32G4xx_HAL_Driver/Src/stm32g4xx_hal_tim_ex.c ****   *            @arg TIM_TIM1_ETR_COMP2          TIM1 ETR is connected to COMP2 output
2486:Drivers/STM32G4xx_HAL_Driver/Src/stm32g4xx_hal_tim_ex.c ****   *            @arg TIM_TIM1_ETR_COMP3          TIM1 ETR is connected to COMP3 output
2487:Drivers/STM32G4xx_HAL_Driver/Src/stm32g4xx_hal_tim_ex.c ****   *            @arg TIM_TIM1_ETR_COMP4          TIM1 ETR is connected to COMP4 output
2488:Drivers/STM32G4xx_HAL_Driver/Src/stm32g4xx_hal_tim_ex.c ****   *            @arg TIM_TIM1_ETR_COMP5          TIM1 ETR is connected to COMP5 output    (*)
2489:Drivers/STM32G4xx_HAL_Driver/Src/stm32g4xx_hal_tim_ex.c ****   *            @arg TIM_TIM1_ETR_COMP6          TIM1 ETR is connected to COMP6 output    (*)
2490:Drivers/STM32G4xx_HAL_Driver/Src/stm32g4xx_hal_tim_ex.c ****   *            @arg TIM_TIM1_ETR_COMP7          TIM1 ETR is connected to COMP7 output    (*)
2491:Drivers/STM32G4xx_HAL_Driver/Src/stm32g4xx_hal_tim_ex.c ****   *            @arg TIM_TIM1_ETR_ADC1_AWD1      TIM1 ETR is connected to ADC1 AWD1
2492:Drivers/STM32G4xx_HAL_Driver/Src/stm32g4xx_hal_tim_ex.c ****   *            @arg TIM_TIM1_ETR_ADC1_AWD2      TIM1 ETR is connected to ADC1 AWD2
2493:Drivers/STM32G4xx_HAL_Driver/Src/stm32g4xx_hal_tim_ex.c ****   *            @arg TIM_TIM1_ETR_ADC1_AWD3      TIM1 ETR is connected to ADC1 AWD3
2494:Drivers/STM32G4xx_HAL_Driver/Src/stm32g4xx_hal_tim_ex.c ****   *            @arg TIM_TIM1_ETR_ADC4_AWD1      TIM1 ETR is connected to ADC4 AWD1       (*)
2495:Drivers/STM32G4xx_HAL_Driver/Src/stm32g4xx_hal_tim_ex.c ****   *            @arg TIM_TIM1_ETR_ADC4_AWD2      TIM1 ETR is connected to ADC4 AWD2       (*)
2496:Drivers/STM32G4xx_HAL_Driver/Src/stm32g4xx_hal_tim_ex.c ****   *            @arg TIM_TIM1_ETR_ADC4_AWD3      TIM1 ETR is connected to ADC4 AWD3       (*)
2497:Drivers/STM32G4xx_HAL_Driver/Src/stm32g4xx_hal_tim_ex.c ****   *
2498:Drivers/STM32G4xx_HAL_Driver/Src/stm32g4xx_hal_tim_ex.c ****   *         For TIM2, the parameter can take one of the following values:
2499:Drivers/STM32G4xx_HAL_Driver/Src/stm32g4xx_hal_tim_ex.c ****   *            @arg TIM_TIM2_ETR_GPIO           TIM2 ETR is connected to GPIO
2500:Drivers/STM32G4xx_HAL_Driver/Src/stm32g4xx_hal_tim_ex.c ****   *            @arg TIM_TIM2_ETR_COMP1          TIM2 ETR is connected to COMP1 output
2501:Drivers/STM32G4xx_HAL_Driver/Src/stm32g4xx_hal_tim_ex.c ****   *            @arg TIM_TIM2_ETR_COMP2          TIM2 ETR is connected to COMP2 output
2502:Drivers/STM32G4xx_HAL_Driver/Src/stm32g4xx_hal_tim_ex.c ****   *            @arg TIM_TIM2_ETR_COMP3          TIM2 ETR is connected to COMP3 output
2503:Drivers/STM32G4xx_HAL_Driver/Src/stm32g4xx_hal_tim_ex.c ****   *            @arg TIM_TIM2_ETR_COMP4          TIM2 ETR is connected to COMP4 output
2504:Drivers/STM32G4xx_HAL_Driver/Src/stm32g4xx_hal_tim_ex.c ****   *            @arg TIM_TIM2_ETR_COMP5          TIM2 ETR is connected to COMP5 output    (*)
2505:Drivers/STM32G4xx_HAL_Driver/Src/stm32g4xx_hal_tim_ex.c ****   *            @arg TIM_TIM2_ETR_COMP6          TIM2 ETR is connected to COMP6 output    (*)
2506:Drivers/STM32G4xx_HAL_Driver/Src/stm32g4xx_hal_tim_ex.c ****   *            @arg TIM_TIM2_ETR_COMP7          TIM2 ETR is connected to COMP7 output    (*)
2507:Drivers/STM32G4xx_HAL_Driver/Src/stm32g4xx_hal_tim_ex.c ****   *            @arg TIM_TIM2_ETR_TIM3_ETR       TIM2 ETR is connected to TIM3 ETR pin
2508:Drivers/STM32G4xx_HAL_Driver/Src/stm32g4xx_hal_tim_ex.c ****   *            @arg TIM_TIM2_ETR_TIM4_ETR       TIM2 ETR is connected to TIM4 ETR pin
2509:Drivers/STM32G4xx_HAL_Driver/Src/stm32g4xx_hal_tim_ex.c ****   *            @arg TIM_TIM2_ETR_TIM5_ETR       TIM2 ETR is connected to TIM5 ETR pin    (*)
2510:Drivers/STM32G4xx_HAL_Driver/Src/stm32g4xx_hal_tim_ex.c ****   *            @arg TIM_TIM2_ETR_LSE
2511:Drivers/STM32G4xx_HAL_Driver/Src/stm32g4xx_hal_tim_ex.c ****   *
2512:Drivers/STM32G4xx_HAL_Driver/Src/stm32g4xx_hal_tim_ex.c ****   *         For TIM3, the parameter can take one of the following values:
2513:Drivers/STM32G4xx_HAL_Driver/Src/stm32g4xx_hal_tim_ex.c ****   *            @arg TIM_TIM3_ETR_GPIO           TIM3 ETR is connected to GPIO
2514:Drivers/STM32G4xx_HAL_Driver/Src/stm32g4xx_hal_tim_ex.c ****   *            @arg TIM_TIM3_ETR_COMP1          TIM3 ETR is connected to COMP1 output
2515:Drivers/STM32G4xx_HAL_Driver/Src/stm32g4xx_hal_tim_ex.c ****   *            @arg TIM_TIM3_ETR_COMP2          TIM3 ETR is connected to COMP2 output
2516:Drivers/STM32G4xx_HAL_Driver/Src/stm32g4xx_hal_tim_ex.c ****   *            @arg TIM_TIM3_ETR_COMP3          TIM3 ETR is connected to COMP3 output
2517:Drivers/STM32G4xx_HAL_Driver/Src/stm32g4xx_hal_tim_ex.c ****   *            @arg TIM_TIM3_ETR_COMP4          TIM3 ETR is connected to COMP4 output
2518:Drivers/STM32G4xx_HAL_Driver/Src/stm32g4xx_hal_tim_ex.c ****   *            @arg TIM_TIM3_ETR_COMP5          TIM3 ETR is connected to COMP5 output    (*)
2519:Drivers/STM32G4xx_HAL_Driver/Src/stm32g4xx_hal_tim_ex.c ****   *            @arg TIM_TIM3_ETR_COMP6          TIM3 ETR is connected to COMP6 output    (*)
2520:Drivers/STM32G4xx_HAL_Driver/Src/stm32g4xx_hal_tim_ex.c ****   *            @arg TIM_TIM3_ETR_COMP7          TIM3 ETR is connected to COMP7 output    (*)
2521:Drivers/STM32G4xx_HAL_Driver/Src/stm32g4xx_hal_tim_ex.c ****   *            @arg TIM_TIM3_ETR_TIM2_ETR       TIM3 ETR is connected to TIM2 ETR pin
2522:Drivers/STM32G4xx_HAL_Driver/Src/stm32g4xx_hal_tim_ex.c ****   *            @arg TIM_TIM3_ETR_TIM4_ETR       TIM3 ETR is connected to TIM4 ETR pin
2523:Drivers/STM32G4xx_HAL_Driver/Src/stm32g4xx_hal_tim_ex.c ****   *            @arg TIM_TIM3_ETR_ADC2_AWD1      TIM3 ETR is connected to ADC2 AWD1
2524:Drivers/STM32G4xx_HAL_Driver/Src/stm32g4xx_hal_tim_ex.c ****   *            @arg TIM_TIM3_ETR_ADC2_AWD2      TIM3 ETR is connected to ADC2 AWD2
2525:Drivers/STM32G4xx_HAL_Driver/Src/stm32g4xx_hal_tim_ex.c ****   *            @arg TIM_TIM3_ETR_ADC2_AWD3      TIM3 ETR is connected to ADC2 AWD3
2526:Drivers/STM32G4xx_HAL_Driver/Src/stm32g4xx_hal_tim_ex.c ****   *
2527:Drivers/STM32G4xx_HAL_Driver/Src/stm32g4xx_hal_tim_ex.c ****   *         For TIM4, the parameter can take one of the following values:
2528:Drivers/STM32G4xx_HAL_Driver/Src/stm32g4xx_hal_tim_ex.c ****   *            @arg TIM_TIM4_ETR_GPIO           TIM4 ETR is connected to GPIO
2529:Drivers/STM32G4xx_HAL_Driver/Src/stm32g4xx_hal_tim_ex.c ****   *            @arg TIM_TIM4_ETR_COMP1          TIM4 ETR is connected to COMP1 output
2530:Drivers/STM32G4xx_HAL_Driver/Src/stm32g4xx_hal_tim_ex.c ****   *            @arg TIM_TIM4_ETR_COMP2          TIM4 ETR is connected to COMP2 output
2531:Drivers/STM32G4xx_HAL_Driver/Src/stm32g4xx_hal_tim_ex.c ****   *            @arg TIM_TIM4_ETR_COMP3          TIM4 ETR is connected to COMP3 output
2532:Drivers/STM32G4xx_HAL_Driver/Src/stm32g4xx_hal_tim_ex.c ****   *            @arg TIM_TIM4_ETR_COMP4          TIM4 ETR is connected to COMP4 output
2533:Drivers/STM32G4xx_HAL_Driver/Src/stm32g4xx_hal_tim_ex.c ****   *            @arg TIM_TIM4_ETR_COMP5          TIM4 ETR is connected to COMP5 output    (*)
2534:Drivers/STM32G4xx_HAL_Driver/Src/stm32g4xx_hal_tim_ex.c ****   *            @arg TIM_TIM4_ETR_COMP6          TIM4 ETR is connected to COMP6 output    (*)
2535:Drivers/STM32G4xx_HAL_Driver/Src/stm32g4xx_hal_tim_ex.c ****   *            @arg TIM_TIM4_ETR_COMP7          TIM4 ETR is connected to COMP7 output    (*)
2536:Drivers/STM32G4xx_HAL_Driver/Src/stm32g4xx_hal_tim_ex.c ****   *            @arg TIM_TIM4_ETR_TIM3_ETR       TIM4 ETR is connected to TIM3 ETR pin
2537:Drivers/STM32G4xx_HAL_Driver/Src/stm32g4xx_hal_tim_ex.c ****   *            @arg TIM_TIM4_ETR_TIM5_ETR       TIM4 ETR is connected to TIM5 ETR pin    (*)
2538:Drivers/STM32G4xx_HAL_Driver/Src/stm32g4xx_hal_tim_ex.c ****   *
ARM GAS  /tmp/ccAXGFxz.s 			page 46


2539:Drivers/STM32G4xx_HAL_Driver/Src/stm32g4xx_hal_tim_ex.c ****   *         For TIM5, the parameter can take one of the following values:       (**)
2540:Drivers/STM32G4xx_HAL_Driver/Src/stm32g4xx_hal_tim_ex.c ****   *            @arg TIM_TIM5_ETR_GPIO           TIM5 ETR is connected to GPIO            (*)
2541:Drivers/STM32G4xx_HAL_Driver/Src/stm32g4xx_hal_tim_ex.c ****   *            @arg TIM_TIM5_ETR_COMP1          TIM5 ETR is connected to COMP1 output    (*)
2542:Drivers/STM32G4xx_HAL_Driver/Src/stm32g4xx_hal_tim_ex.c ****   *            @arg TIM_TIM5_ETR_COMP2          TIM5 ETR is connected to COMP2 output    (*)
2543:Drivers/STM32G4xx_HAL_Driver/Src/stm32g4xx_hal_tim_ex.c ****   *            @arg TIM_TIM5_ETR_COMP3          TIM5 ETR is connected to COMP3 output    (*)
2544:Drivers/STM32G4xx_HAL_Driver/Src/stm32g4xx_hal_tim_ex.c ****   *            @arg TIM_TIM5_ETR_COMP4          TIM5 ETR is connected to COMP4 output    (*)
2545:Drivers/STM32G4xx_HAL_Driver/Src/stm32g4xx_hal_tim_ex.c ****   *            @arg TIM_TIM5_ETR_COMP5          TIM5 ETR is connected to COMP5 output    (*)
2546:Drivers/STM32G4xx_HAL_Driver/Src/stm32g4xx_hal_tim_ex.c ****   *            @arg TIM_TIM5_ETR_COMP6          TIM5 ETR is connected to COMP6 output    (*)
2547:Drivers/STM32G4xx_HAL_Driver/Src/stm32g4xx_hal_tim_ex.c ****   *            @arg TIM_TIM5_ETR_COMP7          TIM5 ETR is connected to COMP7 output    (*)
2548:Drivers/STM32G4xx_HAL_Driver/Src/stm32g4xx_hal_tim_ex.c ****   *            @arg TIM_TIM5_ETR_TIM2_ETR       TIM5 ETR is connected to TIM2 ETR pin    (*)
2549:Drivers/STM32G4xx_HAL_Driver/Src/stm32g4xx_hal_tim_ex.c ****   *            @arg TIM_TIM5_ETR_TIM3_ETR       TIM5 ETR is connected to TIM3 ETR pin    (*)
2550:Drivers/STM32G4xx_HAL_Driver/Src/stm32g4xx_hal_tim_ex.c ****   *
2551:Drivers/STM32G4xx_HAL_Driver/Src/stm32g4xx_hal_tim_ex.c ****   *         For TIM8, the parameter can take one of the following values:
2552:Drivers/STM32G4xx_HAL_Driver/Src/stm32g4xx_hal_tim_ex.c ****   *            @arg TIM_TIM8_ETR_GPIO            TIM8 ETR is connected to GPIO
2553:Drivers/STM32G4xx_HAL_Driver/Src/stm32g4xx_hal_tim_ex.c ****   *            @arg TIM_TIM8_ETR_COMP1           TIM8 ETR is connected to COMP1 output
2554:Drivers/STM32G4xx_HAL_Driver/Src/stm32g4xx_hal_tim_ex.c ****   *            @arg TIM_TIM8_ETR_COMP2           TIM8 ETR is connected to COMP2 output
2555:Drivers/STM32G4xx_HAL_Driver/Src/stm32g4xx_hal_tim_ex.c ****   *            @arg TIM_TIM8_ETR_COMP3           TIM8 ETR is connected to COMP3 output
2556:Drivers/STM32G4xx_HAL_Driver/Src/stm32g4xx_hal_tim_ex.c ****   *            @arg TIM_TIM8_ETR_COMP4           TIM8 ETR is connected to COMP4 output
2557:Drivers/STM32G4xx_HAL_Driver/Src/stm32g4xx_hal_tim_ex.c ****   *            @arg TIM_TIM8_ETR_COMP5           TIM8 ETR is connected to COMP5 output    (*)
2558:Drivers/STM32G4xx_HAL_Driver/Src/stm32g4xx_hal_tim_ex.c ****   *            @arg TIM_TIM8_ETR_COMP6           TIM8 ETR is connected to COMP6 output    (*)
2559:Drivers/STM32G4xx_HAL_Driver/Src/stm32g4xx_hal_tim_ex.c ****   *            @arg TIM_TIM8_ETR_COMP7           TIM8 ETR is connected to COMP7 output    (*)
2560:Drivers/STM32G4xx_HAL_Driver/Src/stm32g4xx_hal_tim_ex.c ****   *            @arg TIM_TIM8_ETR_ADC2_AWD1       TIM8 ETR is connected to ADC2 AWD1
2561:Drivers/STM32G4xx_HAL_Driver/Src/stm32g4xx_hal_tim_ex.c ****   *            @arg TIM_TIM8_ETR_ADC2_AWD2       TIM8 ETR is connected to ADC2 AWD2
2562:Drivers/STM32G4xx_HAL_Driver/Src/stm32g4xx_hal_tim_ex.c ****   *            @arg TIM_TIM8_ETR_ADC2_AWD3       TIM8 ETR is connected to ADC2 AWD3
2563:Drivers/STM32G4xx_HAL_Driver/Src/stm32g4xx_hal_tim_ex.c ****   *            @arg TIM_TIM8_ETR_ADC3_AWD1       TIM8 ETR is connected to ADC3 AWD1       (*)
2564:Drivers/STM32G4xx_HAL_Driver/Src/stm32g4xx_hal_tim_ex.c ****   *            @arg TIM_TIM8_ETR_ADC3_AWD2       TIM8 ETR is connected to ADC3 AWD2       (*)
2565:Drivers/STM32G4xx_HAL_Driver/Src/stm32g4xx_hal_tim_ex.c ****   *            @arg TIM_TIM8_ETR_ADC3_AWD3       TIM8 ETR is connected to ADC3 AWD3       (*)
2566:Drivers/STM32G4xx_HAL_Driver/Src/stm32g4xx_hal_tim_ex.c ****   *
2567:Drivers/STM32G4xx_HAL_Driver/Src/stm32g4xx_hal_tim_ex.c ****   *         For TIM20, the parameter can take one of the following values:       (**)
2568:Drivers/STM32G4xx_HAL_Driver/Src/stm32g4xx_hal_tim_ex.c ****   *            @arg TIM_TIM20_ETR_GPIO            TIM20 ETR is connected to GPIO
2569:Drivers/STM32G4xx_HAL_Driver/Src/stm32g4xx_hal_tim_ex.c ****   *            @arg TIM_TIM20_ETR_COMP1           TIM20 ETR is connected to COMP1 output  (*)
2570:Drivers/STM32G4xx_HAL_Driver/Src/stm32g4xx_hal_tim_ex.c ****   *            @arg TIM_TIM20_ETR_COMP2           TIM20 ETR is connected to COMP2 output  (*)
2571:Drivers/STM32G4xx_HAL_Driver/Src/stm32g4xx_hal_tim_ex.c ****   *            @arg TIM_TIM20_ETR_COMP3           TIM20 ETR is connected to COMP3 output  (*)
2572:Drivers/STM32G4xx_HAL_Driver/Src/stm32g4xx_hal_tim_ex.c ****   *            @arg TIM_TIM20_ETR_COMP4           TIM20 ETR is connected to COMP4 output  (*)
2573:Drivers/STM32G4xx_HAL_Driver/Src/stm32g4xx_hal_tim_ex.c ****   *            @arg TIM_TIM20_ETR_COMP5           TIM20 ETR is connected to COMP5 output  (*)
2574:Drivers/STM32G4xx_HAL_Driver/Src/stm32g4xx_hal_tim_ex.c ****   *            @arg TIM_TIM20_ETR_COMP6           TIM20 ETR is connected to COMP6 output  (*)
2575:Drivers/STM32G4xx_HAL_Driver/Src/stm32g4xx_hal_tim_ex.c ****   *            @arg TIM_TIM20_ETR_COMP7           TIM20 ETR is connected to COMP7 output  (*)
2576:Drivers/STM32G4xx_HAL_Driver/Src/stm32g4xx_hal_tim_ex.c ****   *            @arg TIM_TIM20_ETR_ADC3_AWD1       TIM20 ETR is connected to ADC3 AWD1     (*)
2577:Drivers/STM32G4xx_HAL_Driver/Src/stm32g4xx_hal_tim_ex.c ****   *            @arg TIM_TIM20_ETR_ADC3_AWD2       TIM20 ETR is connected to ADC3 AWD2     (*)
2578:Drivers/STM32G4xx_HAL_Driver/Src/stm32g4xx_hal_tim_ex.c ****   *            @arg TIM_TIM20_ETR_ADC3_AWD3       TIM20 ETR is connected to ADC3 AWD3     (*)
2579:Drivers/STM32G4xx_HAL_Driver/Src/stm32g4xx_hal_tim_ex.c ****   *            @arg TIM_TIM20_ETR_ADC5_AWD1       TIM20 ETR is connected to ADC5 AWD1     (*)
2580:Drivers/STM32G4xx_HAL_Driver/Src/stm32g4xx_hal_tim_ex.c ****   *            @arg TIM_TIM20_ETR_ADC5_AWD2       TIM20 ETR is connected to ADC5 AWD2     (*)
2581:Drivers/STM32G4xx_HAL_Driver/Src/stm32g4xx_hal_tim_ex.c ****   *            @arg TIM_TIM20_ETR_ADC5_AWD3       TIM20 ETR is connected to ADC5 AWD3     (*)
2582:Drivers/STM32G4xx_HAL_Driver/Src/stm32g4xx_hal_tim_ex.c ****   *
2583:Drivers/STM32G4xx_HAL_Driver/Src/stm32g4xx_hal_tim_ex.c ****   *         (*)  Value not defined in all devices. \n
2584:Drivers/STM32G4xx_HAL_Driver/Src/stm32g4xx_hal_tim_ex.c ****   *         (**) Register not available in all devices.
2585:Drivers/STM32G4xx_HAL_Driver/Src/stm32g4xx_hal_tim_ex.c ****   *
2586:Drivers/STM32G4xx_HAL_Driver/Src/stm32g4xx_hal_tim_ex.c ****   * @retval HAL status
2587:Drivers/STM32G4xx_HAL_Driver/Src/stm32g4xx_hal_tim_ex.c ****   */
2588:Drivers/STM32G4xx_HAL_Driver/Src/stm32g4xx_hal_tim_ex.c **** HAL_StatusTypeDef HAL_TIMEx_RemapConfig(TIM_HandleTypeDef *htim, uint32_t Remap)
2589:Drivers/STM32G4xx_HAL_Driver/Src/stm32g4xx_hal_tim_ex.c **** {
2590:Drivers/STM32G4xx_HAL_Driver/Src/stm32g4xx_hal_tim_ex.c ****   /* Check parameters */
2591:Drivers/STM32G4xx_HAL_Driver/Src/stm32g4xx_hal_tim_ex.c ****   assert_param(IS_TIM_REMAP_INSTANCE(htim->Instance));
2592:Drivers/STM32G4xx_HAL_Driver/Src/stm32g4xx_hal_tim_ex.c ****   assert_param(IS_TIM_REMAP(Remap));
2593:Drivers/STM32G4xx_HAL_Driver/Src/stm32g4xx_hal_tim_ex.c **** 
2594:Drivers/STM32G4xx_HAL_Driver/Src/stm32g4xx_hal_tim_ex.c ****   __HAL_LOCK(htim);
2595:Drivers/STM32G4xx_HAL_Driver/Src/stm32g4xx_hal_tim_ex.c **** 
ARM GAS  /tmp/ccAXGFxz.s 			page 47


2596:Drivers/STM32G4xx_HAL_Driver/Src/stm32g4xx_hal_tim_ex.c ****   MODIFY_REG(htim->Instance->AF1, TIM1_AF1_ETRSEL_Msk, Remap);
2597:Drivers/STM32G4xx_HAL_Driver/Src/stm32g4xx_hal_tim_ex.c **** 
2598:Drivers/STM32G4xx_HAL_Driver/Src/stm32g4xx_hal_tim_ex.c ****   __HAL_UNLOCK(htim);
2599:Drivers/STM32G4xx_HAL_Driver/Src/stm32g4xx_hal_tim_ex.c **** 
2600:Drivers/STM32G4xx_HAL_Driver/Src/stm32g4xx_hal_tim_ex.c ****   return HAL_OK;
2601:Drivers/STM32G4xx_HAL_Driver/Src/stm32g4xx_hal_tim_ex.c **** }
2602:Drivers/STM32G4xx_HAL_Driver/Src/stm32g4xx_hal_tim_ex.c **** 
2603:Drivers/STM32G4xx_HAL_Driver/Src/stm32g4xx_hal_tim_ex.c **** /**
2604:Drivers/STM32G4xx_HAL_Driver/Src/stm32g4xx_hal_tim_ex.c ****   * @brief  Select the timer input source
2605:Drivers/STM32G4xx_HAL_Driver/Src/stm32g4xx_hal_tim_ex.c ****   * @param  htim TIM handle.
2606:Drivers/STM32G4xx_HAL_Driver/Src/stm32g4xx_hal_tim_ex.c ****   * @param  Channel specifies the TIM Channel
2607:Drivers/STM32G4xx_HAL_Driver/Src/stm32g4xx_hal_tim_ex.c ****   *          This parameter can be one of the following values:
2608:Drivers/STM32G4xx_HAL_Driver/Src/stm32g4xx_hal_tim_ex.c ****   *            @arg TIM_CHANNEL_1: TI1 input channel
2609:Drivers/STM32G4xx_HAL_Driver/Src/stm32g4xx_hal_tim_ex.c ****   *            @arg TIM_CHANNEL_2: TI2 input channel
2610:Drivers/STM32G4xx_HAL_Driver/Src/stm32g4xx_hal_tim_ex.c ****   *            @arg TIM_CHANNEL_3: TI3 input channel
2611:Drivers/STM32G4xx_HAL_Driver/Src/stm32g4xx_hal_tim_ex.c ****   *            @arg TIM_CHANNEL_4: TI4 input channel
2612:Drivers/STM32G4xx_HAL_Driver/Src/stm32g4xx_hal_tim_ex.c ****   * @param  TISelection specifies the timer input source
2613:Drivers/STM32G4xx_HAL_Driver/Src/stm32g4xx_hal_tim_ex.c ****   *         For TIM1 this parameter can be one of the following values:
2614:Drivers/STM32G4xx_HAL_Driver/Src/stm32g4xx_hal_tim_ex.c ****   *            @arg TIM_TIM1_TI1_GPIO:                TIM1 TI1 is connected to GPIO
2615:Drivers/STM32G4xx_HAL_Driver/Src/stm32g4xx_hal_tim_ex.c ****   *            @arg TIM_TIM1_TI1_COMP1:               TIM1 TI1 is connected to COMP1 output
2616:Drivers/STM32G4xx_HAL_Driver/Src/stm32g4xx_hal_tim_ex.c ****   *            @arg TIM_TIM1_TI1_COMP2:               TIM1 TI1 is connected to COMP2 output
2617:Drivers/STM32G4xx_HAL_Driver/Src/stm32g4xx_hal_tim_ex.c ****   *            @arg TIM_TIM1_TI1_COMP3:               TIM1 TI1 is connected to COMP3 output
2618:Drivers/STM32G4xx_HAL_Driver/Src/stm32g4xx_hal_tim_ex.c ****   *            @arg TIM_TIM1_TI1_COMP4:               TIM1 TI1 is connected to COMP4 output
2619:Drivers/STM32G4xx_HAL_Driver/Src/stm32g4xx_hal_tim_ex.c ****   *
2620:Drivers/STM32G4xx_HAL_Driver/Src/stm32g4xx_hal_tim_ex.c ****   *         For TIM2 this parameter can be one of the following values:
2621:Drivers/STM32G4xx_HAL_Driver/Src/stm32g4xx_hal_tim_ex.c ****   *            @arg TIM_TIM2_TI1_GPIO:                TIM2 TI1 is connected to GPIO
2622:Drivers/STM32G4xx_HAL_Driver/Src/stm32g4xx_hal_tim_ex.c ****   *            @arg TIM_TIM2_TI1_COMP1:               TIM2 TI1 is connected to COMP1 output
2623:Drivers/STM32G4xx_HAL_Driver/Src/stm32g4xx_hal_tim_ex.c ****   *            @arg TIM_TIM2_TI1_COMP2:               TIM2 TI1 is connected to COMP2 output
2624:Drivers/STM32G4xx_HAL_Driver/Src/stm32g4xx_hal_tim_ex.c ****   *            @arg TIM_TIM2_TI1_COMP3:               TIM2 TI1 is connected to COMP3 output
2625:Drivers/STM32G4xx_HAL_Driver/Src/stm32g4xx_hal_tim_ex.c ****   *            @arg TIM_TIM2_TI1_COMP4:               TIM2 TI1 is connected to COMP4 output
2626:Drivers/STM32G4xx_HAL_Driver/Src/stm32g4xx_hal_tim_ex.c ****   *            @arg TIM_TIM2_TI1_COMP5:               TIM2 TI1 is connected to COMP5 output     (*)
2627:Drivers/STM32G4xx_HAL_Driver/Src/stm32g4xx_hal_tim_ex.c ****   *
2628:Drivers/STM32G4xx_HAL_Driver/Src/stm32g4xx_hal_tim_ex.c ****   *            @arg TIM_TIM2_TI2_GPIO:                TIM1 TI2 is connected to GPIO
2629:Drivers/STM32G4xx_HAL_Driver/Src/stm32g4xx_hal_tim_ex.c ****   *            @arg TIM_TIM2_TI2_COMP1:               TIM2 TI2 is connected to COMP1 output
2630:Drivers/STM32G4xx_HAL_Driver/Src/stm32g4xx_hal_tim_ex.c ****   *            @arg TIM_TIM2_TI2_COMP2:               TIM2 TI2 is connected to COMP2 output
2631:Drivers/STM32G4xx_HAL_Driver/Src/stm32g4xx_hal_tim_ex.c ****   *            @arg TIM_TIM2_TI2_COMP3:               TIM2 TI2 is connected to COMP3 output
2632:Drivers/STM32G4xx_HAL_Driver/Src/stm32g4xx_hal_tim_ex.c ****   *            @arg TIM_TIM2_TI2_COMP4:               TIM2 TI2 is connected to COMP4 output
2633:Drivers/STM32G4xx_HAL_Driver/Src/stm32g4xx_hal_tim_ex.c ****   *            @arg TIM_TIM2_TI2_COMP6:               TIM2 TI2 is connected to COMP6 output     (*)
2634:Drivers/STM32G4xx_HAL_Driver/Src/stm32g4xx_hal_tim_ex.c ****   *
2635:Drivers/STM32G4xx_HAL_Driver/Src/stm32g4xx_hal_tim_ex.c ****   *            @arg TIM_TIM2_TI3_GPIO:                TIM2 TI3 is connected to GPIO
2636:Drivers/STM32G4xx_HAL_Driver/Src/stm32g4xx_hal_tim_ex.c ****   *            @arg TIM_TIM2_TI3_COMP4:               TIM2 TI3 is connected to COMP4 output
2637:Drivers/STM32G4xx_HAL_Driver/Src/stm32g4xx_hal_tim_ex.c ****   *
2638:Drivers/STM32G4xx_HAL_Driver/Src/stm32g4xx_hal_tim_ex.c ****   *            @arg TIM_TIM2_TI4_GPIO:                TIM2 TI4 is connected to GPIO
2639:Drivers/STM32G4xx_HAL_Driver/Src/stm32g4xx_hal_tim_ex.c ****   *            @arg TIM_TIM2_TI4_COMP1:               TIM2 TI4 is connected to COMP1 output
2640:Drivers/STM32G4xx_HAL_Driver/Src/stm32g4xx_hal_tim_ex.c ****   *            @arg TIM_TIM2_TI4_COMP2:               TIM2 TI4 is connected to COMP2 output
2641:Drivers/STM32G4xx_HAL_Driver/Src/stm32g4xx_hal_tim_ex.c ****   *
2642:Drivers/STM32G4xx_HAL_Driver/Src/stm32g4xx_hal_tim_ex.c ****   *         For TIM3 this parameter can be one of the following values:
2643:Drivers/STM32G4xx_HAL_Driver/Src/stm32g4xx_hal_tim_ex.c ****   *            @arg TIM_TIM3_TI1_GPIO:                TIM3 TI1 is connected to GPIO
2644:Drivers/STM32G4xx_HAL_Driver/Src/stm32g4xx_hal_tim_ex.c ****   *            @arg TIM_TIM3_TI1_COMP1:               TIM3 TI1 is connected to COMP1 output
2645:Drivers/STM32G4xx_HAL_Driver/Src/stm32g4xx_hal_tim_ex.c ****   *            @arg TIM_TIM3_TI1_COMP2:               TIM3 TI1 is connected to COMP2 output
2646:Drivers/STM32G4xx_HAL_Driver/Src/stm32g4xx_hal_tim_ex.c ****   *            @arg TIM_TIM3_TI1_COMP3:               TIM3 TI1 is connected to COMP3 output
2647:Drivers/STM32G4xx_HAL_Driver/Src/stm32g4xx_hal_tim_ex.c ****   *            @arg TIM_TIM3_TI1_COMP4:               TIM3 TI1 is connected to COMP4 output
2648:Drivers/STM32G4xx_HAL_Driver/Src/stm32g4xx_hal_tim_ex.c ****   *            @arg TIM_TIM3_TI1_COMP5:               TIM3 TI1 is connected to COMP5 output     (*)
2649:Drivers/STM32G4xx_HAL_Driver/Src/stm32g4xx_hal_tim_ex.c ****   *            @arg TIM_TIM3_TI1_COMP6:               TIM3 TI1 is connected to COMP6 output     (*)
2650:Drivers/STM32G4xx_HAL_Driver/Src/stm32g4xx_hal_tim_ex.c ****   *            @arg TIM_TIM3_TI1_COMP7:               TIM3 TI1 is connected to COMP7 output     (*)
2651:Drivers/STM32G4xx_HAL_Driver/Src/stm32g4xx_hal_tim_ex.c ****   *
2652:Drivers/STM32G4xx_HAL_Driver/Src/stm32g4xx_hal_tim_ex.c ****   *            @arg TIM_TIM3_TI2_GPIO:                TIM3 TI2 is connected to GPIO
ARM GAS  /tmp/ccAXGFxz.s 			page 48


2653:Drivers/STM32G4xx_HAL_Driver/Src/stm32g4xx_hal_tim_ex.c ****   *            @arg TIM_TIM3_TI2_COMP1:               TIM3 TI2 is connected to COMP1 output
2654:Drivers/STM32G4xx_HAL_Driver/Src/stm32g4xx_hal_tim_ex.c ****   *            @arg TIM_TIM3_TI2_COMP2:               TIM3 TI2 is connected to COMP2 output
2655:Drivers/STM32G4xx_HAL_Driver/Src/stm32g4xx_hal_tim_ex.c ****   *            @arg TIM_TIM3_TI2_COMP3:               TIM3 TI2 is connected to COMP3 output
2656:Drivers/STM32G4xx_HAL_Driver/Src/stm32g4xx_hal_tim_ex.c ****   *            @arg TIM_TIM3_TI2_COMP4:               TIM3 TI2 is connected to COMP4 output
2657:Drivers/STM32G4xx_HAL_Driver/Src/stm32g4xx_hal_tim_ex.c ****   *            @arg TIM_TIM3_TI2_COMP5:               TIM3 TI2 is connected to COMP5 output     (*)
2658:Drivers/STM32G4xx_HAL_Driver/Src/stm32g4xx_hal_tim_ex.c ****   *            @arg TIM_TIM3_TI2_COMP6:               TIM3 TI2 is connected to COMP6 output     (*)
2659:Drivers/STM32G4xx_HAL_Driver/Src/stm32g4xx_hal_tim_ex.c ****   *            @arg TIM_TIM3_TI2_COMP7:               TIM3 TI2 is connected to COMP7 output     (*)
2660:Drivers/STM32G4xx_HAL_Driver/Src/stm32g4xx_hal_tim_ex.c ****   *
2661:Drivers/STM32G4xx_HAL_Driver/Src/stm32g4xx_hal_tim_ex.c ****   *            @arg TIM_TIM3_TI3_GPIO:                TIM3 TI3 is connected to GPIO
2662:Drivers/STM32G4xx_HAL_Driver/Src/stm32g4xx_hal_tim_ex.c ****   *            @arg TIM_TIM3_TI3_COMP3:               TIM3 TI3 is connected to COMP3 output
2663:Drivers/STM32G4xx_HAL_Driver/Src/stm32g4xx_hal_tim_ex.c ****   *
2664:Drivers/STM32G4xx_HAL_Driver/Src/stm32g4xx_hal_tim_ex.c ****   *         For TIM4 this parameter can be one of the following values:
2665:Drivers/STM32G4xx_HAL_Driver/Src/stm32g4xx_hal_tim_ex.c ****   *            @arg TIM_TIM4_TI1_GPIO:                TIM4 TI1 is connected to GPIO
2666:Drivers/STM32G4xx_HAL_Driver/Src/stm32g4xx_hal_tim_ex.c ****   *            @arg TIM_TIM4_TI1_COMP1:               TIM4 TI1 is connected to COMP1 output
2667:Drivers/STM32G4xx_HAL_Driver/Src/stm32g4xx_hal_tim_ex.c ****   *            @arg TIM_TIM4_TI1_COMP2:               TIM4 TI1 is connected to COMP2 output
2668:Drivers/STM32G4xx_HAL_Driver/Src/stm32g4xx_hal_tim_ex.c ****   *            @arg TIM_TIM4_TI1_COMP3:               TIM4 TI1 is connected to COMP3 output
2669:Drivers/STM32G4xx_HAL_Driver/Src/stm32g4xx_hal_tim_ex.c ****   *            @arg TIM_TIM4_TI1_COMP4:               TIM4 TI1 is connected to COMP4 output
2670:Drivers/STM32G4xx_HAL_Driver/Src/stm32g4xx_hal_tim_ex.c ****   *            @arg TIM_TIM4_TI1_COMP5:               TIM4 TI1 is connected to COMP5 output     (*)
2671:Drivers/STM32G4xx_HAL_Driver/Src/stm32g4xx_hal_tim_ex.c ****   *            @arg TIM_TIM4_TI1_COMP6:               TIM4 TI1 is connected to COMP6 output     (*)
2672:Drivers/STM32G4xx_HAL_Driver/Src/stm32g4xx_hal_tim_ex.c ****   *            @arg TIM_TIM4_TI1_COMP7:               TIM4 TI1 is connected to COMP7 output     (*)
2673:Drivers/STM32G4xx_HAL_Driver/Src/stm32g4xx_hal_tim_ex.c ****   *
2674:Drivers/STM32G4xx_HAL_Driver/Src/stm32g4xx_hal_tim_ex.c ****   *            @arg TIM_TIM4_TI2_GPIO:                TIM4 TI2 is connected to GPIO
2675:Drivers/STM32G4xx_HAL_Driver/Src/stm32g4xx_hal_tim_ex.c ****   *            @arg TIM_TIM4_TI2_COMP1:               TIM4 TI2 is connected to COMP1 output
2676:Drivers/STM32G4xx_HAL_Driver/Src/stm32g4xx_hal_tim_ex.c ****   *            @arg TIM_TIM4_TI2_COMP2:               TIM4 TI2 is connected to COMP2 output
2677:Drivers/STM32G4xx_HAL_Driver/Src/stm32g4xx_hal_tim_ex.c ****   *            @arg TIM_TIM4_TI2_COMP3:               TIM4 TI2 is connected to COMP3 output
2678:Drivers/STM32G4xx_HAL_Driver/Src/stm32g4xx_hal_tim_ex.c ****   *            @arg TIM_TIM4_TI2_COMP4:               TIM4 TI2 is connected to COMP4 output
2679:Drivers/STM32G4xx_HAL_Driver/Src/stm32g4xx_hal_tim_ex.c ****   *            @arg TIM_TIM4_TI2_COMP5:               TIM4 TI2 is connected to COMP5 output     (*)
2680:Drivers/STM32G4xx_HAL_Driver/Src/stm32g4xx_hal_tim_ex.c ****   *            @arg TIM_TIM4_TI2_COMP6:               TIM4 TI2 is connected to COMP6 output     (*)
2681:Drivers/STM32G4xx_HAL_Driver/Src/stm32g4xx_hal_tim_ex.c ****   *            @arg TIM_TIM4_TI2_COMP7:               TIM4 TI2 is connected to COMP7 output     (*)
2682:Drivers/STM32G4xx_HAL_Driver/Src/stm32g4xx_hal_tim_ex.c ****   *
2683:Drivers/STM32G4xx_HAL_Driver/Src/stm32g4xx_hal_tim_ex.c ****   *            @arg TIM_TIM4_TI3_GPIO:                TIM4 TI3 is connected to GPIO
2684:Drivers/STM32G4xx_HAL_Driver/Src/stm32g4xx_hal_tim_ex.c ****   *            @arg TIM_TIM4_TI3_COMP5:               TIM4 TI3 is connected to COMP5 output     (*)
2685:Drivers/STM32G4xx_HAL_Driver/Src/stm32g4xx_hal_tim_ex.c ****   *
2686:Drivers/STM32G4xx_HAL_Driver/Src/stm32g4xx_hal_tim_ex.c ****   *            @arg TIM_TIM4_TI4_GPIO:                TIM4 TI4 is connected to GPIO
2687:Drivers/STM32G4xx_HAL_Driver/Src/stm32g4xx_hal_tim_ex.c ****   *            @arg TIM_TIM4_TI4_COMP6:               TIM4 TI4 is connected to COMP6 output     (*)
2688:Drivers/STM32G4xx_HAL_Driver/Src/stm32g4xx_hal_tim_ex.c ****   *
2689:Drivers/STM32G4xx_HAL_Driver/Src/stm32g4xx_hal_tim_ex.c ****   *         For TIM5 this parameter can be one of the following values:    (**)
2690:Drivers/STM32G4xx_HAL_Driver/Src/stm32g4xx_hal_tim_ex.c ****   *            @arg TIM_TIM5_TI1_GPIO:                TIM5 TI1 is connected to GPIO
2691:Drivers/STM32G4xx_HAL_Driver/Src/stm32g4xx_hal_tim_ex.c ****   *            @arg TIM_TIM5_TI1_LSI:                 TIM5 TI1 is connected to LSI clock        (*)
2692:Drivers/STM32G4xx_HAL_Driver/Src/stm32g4xx_hal_tim_ex.c ****   *            @arg TIM_TIM5_TI1_LSE:                 TIM5 TI1 is connected to LSE clock        (*)
2693:Drivers/STM32G4xx_HAL_Driver/Src/stm32g4xx_hal_tim_ex.c ****   *            @arg TIM_TIM5_TI1_RTC_WK:              TIM5 TI1 is connected to RTC Wakeup       (*)
2694:Drivers/STM32G4xx_HAL_Driver/Src/stm32g4xx_hal_tim_ex.c ****   *            @arg TIM_TIM5_TI1_COMP1:               TIM5 TI1 is connected to COMP1 output     (*)
2695:Drivers/STM32G4xx_HAL_Driver/Src/stm32g4xx_hal_tim_ex.c ****   *            @arg TIM_TIM5_TI1_COMP2:               TIM5 TI1 is connected to COMP2 output     (*)
2696:Drivers/STM32G4xx_HAL_Driver/Src/stm32g4xx_hal_tim_ex.c ****   *            @arg TIM_TIM5_TI1_COMP3:               TIM5 TI1 is connected to COMP3 output     (*)
2697:Drivers/STM32G4xx_HAL_Driver/Src/stm32g4xx_hal_tim_ex.c ****   *            @arg TIM_TIM5_TI1_COMP4:               TIM5 TI1 is connected to COMP4 output     (*)
2698:Drivers/STM32G4xx_HAL_Driver/Src/stm32g4xx_hal_tim_ex.c ****   *            @arg TIM_TIM5_TI1_COMP5:               TIM5 TI1 is connected to COMP5 output     (*)
2699:Drivers/STM32G4xx_HAL_Driver/Src/stm32g4xx_hal_tim_ex.c ****   *            @arg TIM_TIM5_TI1_COMP6:               TIM5 TI1 is connected to COMP6 output     (*)
2700:Drivers/STM32G4xx_HAL_Driver/Src/stm32g4xx_hal_tim_ex.c ****   *            @arg TIM_TIM5_TI1_COMP7:               TIM5 TI1 is connected to COMP7 output     (*)
2701:Drivers/STM32G4xx_HAL_Driver/Src/stm32g4xx_hal_tim_ex.c ****   *
2702:Drivers/STM32G4xx_HAL_Driver/Src/stm32g4xx_hal_tim_ex.c ****   *            @arg TIM_TIM5_TI2_GPIO:                TIM5 TI2 is connected to GPIO
2703:Drivers/STM32G4xx_HAL_Driver/Src/stm32g4xx_hal_tim_ex.c ****   *            @arg TIM_TIM5_TI2_COMP1:               TIM5 TI2 is connected to COMP1 output
2704:Drivers/STM32G4xx_HAL_Driver/Src/stm32g4xx_hal_tim_ex.c ****   *            @arg TIM_TIM5_TI2_COMP2:               TIM5 TI2 is connected to COMP2 output
2705:Drivers/STM32G4xx_HAL_Driver/Src/stm32g4xx_hal_tim_ex.c ****   *            @arg TIM_TIM5_TI2_COMP3:               TIM5 TI2 is connected to COMP3 output
2706:Drivers/STM32G4xx_HAL_Driver/Src/stm32g4xx_hal_tim_ex.c ****   *            @arg TIM_TIM5_TI2_COMP4:               TIM5 TI2 is connected to COMP4 output
2707:Drivers/STM32G4xx_HAL_Driver/Src/stm32g4xx_hal_tim_ex.c ****   *            @arg TIM_TIM5_TI2_COMP5:               TIM5 TI2 is connected to COMP5 output     (*)
2708:Drivers/STM32G4xx_HAL_Driver/Src/stm32g4xx_hal_tim_ex.c ****   *            @arg TIM_TIM5_TI2_COMP6:               TIM5 TI2 is connected to COMP6 output     (*)
2709:Drivers/STM32G4xx_HAL_Driver/Src/stm32g4xx_hal_tim_ex.c ****   *            @arg TIM_TIM5_TI2_COMP7:               TIM5 TI2 is connected to COMP7 output     (*)
ARM GAS  /tmp/ccAXGFxz.s 			page 49


2710:Drivers/STM32G4xx_HAL_Driver/Src/stm32g4xx_hal_tim_ex.c ****   *
2711:Drivers/STM32G4xx_HAL_Driver/Src/stm32g4xx_hal_tim_ex.c ****   *         For TIM8 this parameter can be one of the following values:
2712:Drivers/STM32G4xx_HAL_Driver/Src/stm32g4xx_hal_tim_ex.c ****   *            @arg TIM_TIM8_TI1_GPIO:                TIM8 TI1 is connected to GPIO
2713:Drivers/STM32G4xx_HAL_Driver/Src/stm32g4xx_hal_tim_ex.c ****   *            @arg TIM_TIM8_TI1_COMP1:               TIM8 TI1 is connected to COMP1 output
2714:Drivers/STM32G4xx_HAL_Driver/Src/stm32g4xx_hal_tim_ex.c ****   *            @arg TIM_TIM8_TI1_COMP2:               TIM8 TI1 is connected to COMP2 output
2715:Drivers/STM32G4xx_HAL_Driver/Src/stm32g4xx_hal_tim_ex.c ****   *            @arg TIM_TIM8_TI1_COMP3:               TIM8 TI1 is connected to COMP3 output
2716:Drivers/STM32G4xx_HAL_Driver/Src/stm32g4xx_hal_tim_ex.c ****   *            @arg TIM_TIM8_TI1_COMP4:               TIM8 TI1 is connected to COMP4 output
2717:Drivers/STM32G4xx_HAL_Driver/Src/stm32g4xx_hal_tim_ex.c ****   *
2718:Drivers/STM32G4xx_HAL_Driver/Src/stm32g4xx_hal_tim_ex.c ****   *         For TIM15 this parameter can be one of the following values:
2719:Drivers/STM32G4xx_HAL_Driver/Src/stm32g4xx_hal_tim_ex.c ****   *            @arg TIM_TIM15_TI1_GPIO:                TIM15 TI1 is connected to GPIO
2720:Drivers/STM32G4xx_HAL_Driver/Src/stm32g4xx_hal_tim_ex.c ****   *            @arg TIM_TIM15_TI1_LSE:                 TIM15 TI1 is connected to LSE clock
2721:Drivers/STM32G4xx_HAL_Driver/Src/stm32g4xx_hal_tim_ex.c ****   *            @arg TIM_TIM15_TI1_COMP1:               TIM15 TI1 is connected to COMP1 output
2722:Drivers/STM32G4xx_HAL_Driver/Src/stm32g4xx_hal_tim_ex.c ****   *            @arg TIM_TIM15_TI1_COMP2:               TIM15 TI1 is connected to COMP2 output
2723:Drivers/STM32G4xx_HAL_Driver/Src/stm32g4xx_hal_tim_ex.c ****   *            @arg TIM_TIM15_TI1_COMP5:               TIM15 TI1 is connected to COMP5 output     (
2724:Drivers/STM32G4xx_HAL_Driver/Src/stm32g4xx_hal_tim_ex.c ****   *            @arg TIM_TIM15_TI1_COMP7:               TIM15 TI1 is connected to COMP7 output     (
2725:Drivers/STM32G4xx_HAL_Driver/Src/stm32g4xx_hal_tim_ex.c ****   *
2726:Drivers/STM32G4xx_HAL_Driver/Src/stm32g4xx_hal_tim_ex.c ****   *            @arg TIM_TIM15_TI2_GPIO:                TIM15 TI2 is connected to GPIO
2727:Drivers/STM32G4xx_HAL_Driver/Src/stm32g4xx_hal_tim_ex.c ****   *            @arg TIM_TIM15_TI2_COMP2:               TIM15 TI2 is connected to COMP2 output
2728:Drivers/STM32G4xx_HAL_Driver/Src/stm32g4xx_hal_tim_ex.c ****   *            @arg TIM_TIM15_TI2_COMP3:               TIM15 TI2 is connected to COMP3 output
2729:Drivers/STM32G4xx_HAL_Driver/Src/stm32g4xx_hal_tim_ex.c ****   *            @arg TIM_TIM15_TI2_COMP6:               TIM15 TI2 is connected to COMP6 output     (
2730:Drivers/STM32G4xx_HAL_Driver/Src/stm32g4xx_hal_tim_ex.c ****   *            @arg TIM_TIM15_TI2_COMP7:               TIM15 TI2 is connected to COMP7 output     (
2731:Drivers/STM32G4xx_HAL_Driver/Src/stm32g4xx_hal_tim_ex.c ****   *
2732:Drivers/STM32G4xx_HAL_Driver/Src/stm32g4xx_hal_tim_ex.c ****   *         For TIM16 this parameter can be one of the following values:
2733:Drivers/STM32G4xx_HAL_Driver/Src/stm32g4xx_hal_tim_ex.c ****   *            @arg TIM_TIM16_TI1_GPIO:                TIM16 TI1 is connected to GPIO
2734:Drivers/STM32G4xx_HAL_Driver/Src/stm32g4xx_hal_tim_ex.c ****   *            @arg TIM_TIM16_TI1_COMP6:               TIM16 TI1 is connected to COMP6 output     (
2735:Drivers/STM32G4xx_HAL_Driver/Src/stm32g4xx_hal_tim_ex.c ****   *            @arg TIM_TIM16_TI1_MCO:                 TIM15 TI1 is connected to MCO output
2736:Drivers/STM32G4xx_HAL_Driver/Src/stm32g4xx_hal_tim_ex.c ****   *            @arg TIM_TIM16_TI1_HSE_32:              TIM15 TI1 is connected to HSE div 32
2737:Drivers/STM32G4xx_HAL_Driver/Src/stm32g4xx_hal_tim_ex.c ****   *            @arg TIM_TIM16_TI1_RTC_WK:              TIM15 TI1 is connected to RTC wakeup
2738:Drivers/STM32G4xx_HAL_Driver/Src/stm32g4xx_hal_tim_ex.c ****   *            @arg TIM_TIM16_TI1_LSE:                 TIM15 TI1 is connected to LSE clock
2739:Drivers/STM32G4xx_HAL_Driver/Src/stm32g4xx_hal_tim_ex.c ****   *            @arg TIM_TIM16_TI1_LSI:                 TIM15 TI1 is connected to LSI clock
2740:Drivers/STM32G4xx_HAL_Driver/Src/stm32g4xx_hal_tim_ex.c ****   *
2741:Drivers/STM32G4xx_HAL_Driver/Src/stm32g4xx_hal_tim_ex.c ****   *         For TIM17 this parameter can be one of the following values:
2742:Drivers/STM32G4xx_HAL_Driver/Src/stm32g4xx_hal_tim_ex.c ****   *            @arg TIM_TIM17_TI1_GPIO:                TIM17 TI1 is connected to GPIO
2743:Drivers/STM32G4xx_HAL_Driver/Src/stm32g4xx_hal_tim_ex.c ****   *            @arg TIM_TIM17_TI1_COMP5:               TIM17 TI1 is connected to COMP5 output     (
2744:Drivers/STM32G4xx_HAL_Driver/Src/stm32g4xx_hal_tim_ex.c ****   *            @arg TIM_TIM17_TI1_MCO:                 TIM17 TI1 is connected to MCO output
2745:Drivers/STM32G4xx_HAL_Driver/Src/stm32g4xx_hal_tim_ex.c ****   *            @arg TIM_TIM17_TI1_HSE_32:              TIM17 TI1 is connected to HSE div 32
2746:Drivers/STM32G4xx_HAL_Driver/Src/stm32g4xx_hal_tim_ex.c ****   *            @arg TIM_TIM17_TI1_RTC_WK:              TIM17 TI1 is connected to RTC wakeup
2747:Drivers/STM32G4xx_HAL_Driver/Src/stm32g4xx_hal_tim_ex.c ****   *            @arg TIM_TIM17_TI1_LSE:                 TIM17 TI1 is connected to LSE clock
2748:Drivers/STM32G4xx_HAL_Driver/Src/stm32g4xx_hal_tim_ex.c ****   *            @arg TIM_TIM17_TI1_LSI:                 TIM17 TI1 is connected to LSI clock
2749:Drivers/STM32G4xx_HAL_Driver/Src/stm32g4xx_hal_tim_ex.c **** 
2750:Drivers/STM32G4xx_HAL_Driver/Src/stm32g4xx_hal_tim_ex.c ****   *         For TIM20 this parameter can be one of the following values:    (**)
2751:Drivers/STM32G4xx_HAL_Driver/Src/stm32g4xx_hal_tim_ex.c ****   *            @arg TIM_TIM20_TI1_GPIO:                TIM20 TI1 is connected to GPIO
2752:Drivers/STM32G4xx_HAL_Driver/Src/stm32g4xx_hal_tim_ex.c ****   *            @arg TIM_TIM20_TI1_COMP1:               TIM20 TI1 is connected to COMP1 output     (
2753:Drivers/STM32G4xx_HAL_Driver/Src/stm32g4xx_hal_tim_ex.c ****   *            @arg TIM_TIM20_TI1_COMP2:               TIM20 TI1 is connected to COMP2 output     (
2754:Drivers/STM32G4xx_HAL_Driver/Src/stm32g4xx_hal_tim_ex.c ****   *            @arg TIM_TIM20_TI1_COMP3:               TIM20 TI1 is connected to COMP3 output     (
2755:Drivers/STM32G4xx_HAL_Driver/Src/stm32g4xx_hal_tim_ex.c ****   *            @arg TIM_TIM20_TI1_COMP4:               TIM20 TI1 is connected to COMP4 output     (
2756:Drivers/STM32G4xx_HAL_Driver/Src/stm32g4xx_hal_tim_ex.c ****   *
2757:Drivers/STM32G4xx_HAL_Driver/Src/stm32g4xx_hal_tim_ex.c ****   *         (*)  Value not defined in all devices. \n
2758:Drivers/STM32G4xx_HAL_Driver/Src/stm32g4xx_hal_tim_ex.c ****   *         (**) Register not available in all devices.
2759:Drivers/STM32G4xx_HAL_Driver/Src/stm32g4xx_hal_tim_ex.c ****   *
2760:Drivers/STM32G4xx_HAL_Driver/Src/stm32g4xx_hal_tim_ex.c ****   * @retval HAL status
2761:Drivers/STM32G4xx_HAL_Driver/Src/stm32g4xx_hal_tim_ex.c ****   */
2762:Drivers/STM32G4xx_HAL_Driver/Src/stm32g4xx_hal_tim_ex.c **** HAL_StatusTypeDef  HAL_TIMEx_TISelection(TIM_HandleTypeDef *htim, uint32_t TISelection, uint32_t Ch
2763:Drivers/STM32G4xx_HAL_Driver/Src/stm32g4xx_hal_tim_ex.c **** {
2764:Drivers/STM32G4xx_HAL_Driver/Src/stm32g4xx_hal_tim_ex.c ****   HAL_StatusTypeDef status = HAL_OK;
2765:Drivers/STM32G4xx_HAL_Driver/Src/stm32g4xx_hal_tim_ex.c **** 
2766:Drivers/STM32G4xx_HAL_Driver/Src/stm32g4xx_hal_tim_ex.c ****   /* Check parameters */
ARM GAS  /tmp/ccAXGFxz.s 			page 50


2767:Drivers/STM32G4xx_HAL_Driver/Src/stm32g4xx_hal_tim_ex.c ****   assert_param(IS_TIM_TISEL_TIX_INSTANCE(htim->Instance, Channel));
2768:Drivers/STM32G4xx_HAL_Driver/Src/stm32g4xx_hal_tim_ex.c ****   assert_param(IS_TIM_TISEL(TISelection));
2769:Drivers/STM32G4xx_HAL_Driver/Src/stm32g4xx_hal_tim_ex.c **** 
2770:Drivers/STM32G4xx_HAL_Driver/Src/stm32g4xx_hal_tim_ex.c ****   __HAL_LOCK(htim);
2771:Drivers/STM32G4xx_HAL_Driver/Src/stm32g4xx_hal_tim_ex.c **** 
2772:Drivers/STM32G4xx_HAL_Driver/Src/stm32g4xx_hal_tim_ex.c ****   switch (Channel)
2773:Drivers/STM32G4xx_HAL_Driver/Src/stm32g4xx_hal_tim_ex.c ****   {
2774:Drivers/STM32G4xx_HAL_Driver/Src/stm32g4xx_hal_tim_ex.c ****     case TIM_CHANNEL_1:
2775:Drivers/STM32G4xx_HAL_Driver/Src/stm32g4xx_hal_tim_ex.c ****       MODIFY_REG(htim->Instance->TISEL, TIM_TISEL_TI1SEL, TISelection);
2776:Drivers/STM32G4xx_HAL_Driver/Src/stm32g4xx_hal_tim_ex.c **** 
2777:Drivers/STM32G4xx_HAL_Driver/Src/stm32g4xx_hal_tim_ex.c ****       /* If required, set OR bit to request HSE/32 clock */
2778:Drivers/STM32G4xx_HAL_Driver/Src/stm32g4xx_hal_tim_ex.c ****       if (IS_TIM_HSE32_INSTANCE(htim->Instance))
2779:Drivers/STM32G4xx_HAL_Driver/Src/stm32g4xx_hal_tim_ex.c ****       {
2780:Drivers/STM32G4xx_HAL_Driver/Src/stm32g4xx_hal_tim_ex.c ****         SET_BIT(htim->Instance->OR, TIM_OR_HSE32EN);
2781:Drivers/STM32G4xx_HAL_Driver/Src/stm32g4xx_hal_tim_ex.c ****       }
2782:Drivers/STM32G4xx_HAL_Driver/Src/stm32g4xx_hal_tim_ex.c ****       else
2783:Drivers/STM32G4xx_HAL_Driver/Src/stm32g4xx_hal_tim_ex.c ****       {
2784:Drivers/STM32G4xx_HAL_Driver/Src/stm32g4xx_hal_tim_ex.c ****         CLEAR_BIT(htim->Instance->OR, TIM_OR_HSE32EN);
2785:Drivers/STM32G4xx_HAL_Driver/Src/stm32g4xx_hal_tim_ex.c ****       }
2786:Drivers/STM32G4xx_HAL_Driver/Src/stm32g4xx_hal_tim_ex.c ****       break;
2787:Drivers/STM32G4xx_HAL_Driver/Src/stm32g4xx_hal_tim_ex.c ****     case TIM_CHANNEL_2:
2788:Drivers/STM32G4xx_HAL_Driver/Src/stm32g4xx_hal_tim_ex.c ****       MODIFY_REG(htim->Instance->TISEL, TIM_TISEL_TI2SEL, TISelection);
2789:Drivers/STM32G4xx_HAL_Driver/Src/stm32g4xx_hal_tim_ex.c ****       break;
2790:Drivers/STM32G4xx_HAL_Driver/Src/stm32g4xx_hal_tim_ex.c ****     case TIM_CHANNEL_3:
2791:Drivers/STM32G4xx_HAL_Driver/Src/stm32g4xx_hal_tim_ex.c ****       MODIFY_REG(htim->Instance->TISEL, TIM_TISEL_TI3SEL, TISelection);
2792:Drivers/STM32G4xx_HAL_Driver/Src/stm32g4xx_hal_tim_ex.c ****       break;
2793:Drivers/STM32G4xx_HAL_Driver/Src/stm32g4xx_hal_tim_ex.c ****     case TIM_CHANNEL_4:
2794:Drivers/STM32G4xx_HAL_Driver/Src/stm32g4xx_hal_tim_ex.c ****       MODIFY_REG(htim->Instance->TISEL, TIM_TISEL_TI4SEL, TISelection);
2795:Drivers/STM32G4xx_HAL_Driver/Src/stm32g4xx_hal_tim_ex.c ****       break;
2796:Drivers/STM32G4xx_HAL_Driver/Src/stm32g4xx_hal_tim_ex.c ****     default:
2797:Drivers/STM32G4xx_HAL_Driver/Src/stm32g4xx_hal_tim_ex.c ****       status = HAL_ERROR;
2798:Drivers/STM32G4xx_HAL_Driver/Src/stm32g4xx_hal_tim_ex.c ****       break;
2799:Drivers/STM32G4xx_HAL_Driver/Src/stm32g4xx_hal_tim_ex.c ****   }
2800:Drivers/STM32G4xx_HAL_Driver/Src/stm32g4xx_hal_tim_ex.c **** 
2801:Drivers/STM32G4xx_HAL_Driver/Src/stm32g4xx_hal_tim_ex.c ****   __HAL_UNLOCK(htim);
2802:Drivers/STM32G4xx_HAL_Driver/Src/stm32g4xx_hal_tim_ex.c **** 
2803:Drivers/STM32G4xx_HAL_Driver/Src/stm32g4xx_hal_tim_ex.c ****   return status;
2804:Drivers/STM32G4xx_HAL_Driver/Src/stm32g4xx_hal_tim_ex.c **** }
2805:Drivers/STM32G4xx_HAL_Driver/Src/stm32g4xx_hal_tim_ex.c **** 
2806:Drivers/STM32G4xx_HAL_Driver/Src/stm32g4xx_hal_tim_ex.c **** /**
2807:Drivers/STM32G4xx_HAL_Driver/Src/stm32g4xx_hal_tim_ex.c ****   * @brief  Group channel 5 and channel 1, 2 or 3
2808:Drivers/STM32G4xx_HAL_Driver/Src/stm32g4xx_hal_tim_ex.c ****   * @param  htim TIM handle.
2809:Drivers/STM32G4xx_HAL_Driver/Src/stm32g4xx_hal_tim_ex.c ****   * @param  Channels specifies the reference signal(s) the OC5REF is combined with.
2810:Drivers/STM32G4xx_HAL_Driver/Src/stm32g4xx_hal_tim_ex.c ****   *         This parameter can be any combination of the following values:
2811:Drivers/STM32G4xx_HAL_Driver/Src/stm32g4xx_hal_tim_ex.c ****   *         TIM_GROUPCH5_NONE: No effect of OC5REF on OC1REFC, OC2REFC and OC3REFC
2812:Drivers/STM32G4xx_HAL_Driver/Src/stm32g4xx_hal_tim_ex.c ****   *         TIM_GROUPCH5_OC1REFC: OC1REFC is the logical AND of OC1REFC and OC5REF
2813:Drivers/STM32G4xx_HAL_Driver/Src/stm32g4xx_hal_tim_ex.c ****   *         TIM_GROUPCH5_OC2REFC: OC2REFC is the logical AND of OC2REFC and OC5REF
2814:Drivers/STM32G4xx_HAL_Driver/Src/stm32g4xx_hal_tim_ex.c ****   *         TIM_GROUPCH5_OC3REFC: OC3REFC is the logical AND of OC3REFC and OC5REF
2815:Drivers/STM32G4xx_HAL_Driver/Src/stm32g4xx_hal_tim_ex.c ****   * @retval HAL status
2816:Drivers/STM32G4xx_HAL_Driver/Src/stm32g4xx_hal_tim_ex.c ****   */
2817:Drivers/STM32G4xx_HAL_Driver/Src/stm32g4xx_hal_tim_ex.c **** HAL_StatusTypeDef HAL_TIMEx_GroupChannel5(TIM_HandleTypeDef *htim, uint32_t Channels)
2818:Drivers/STM32G4xx_HAL_Driver/Src/stm32g4xx_hal_tim_ex.c **** {
2819:Drivers/STM32G4xx_HAL_Driver/Src/stm32g4xx_hal_tim_ex.c ****   /* Check parameters */
2820:Drivers/STM32G4xx_HAL_Driver/Src/stm32g4xx_hal_tim_ex.c ****   assert_param(IS_TIM_COMBINED3PHASEPWM_INSTANCE(htim->Instance));
2821:Drivers/STM32G4xx_HAL_Driver/Src/stm32g4xx_hal_tim_ex.c ****   assert_param(IS_TIM_GROUPCH5(Channels));
2822:Drivers/STM32G4xx_HAL_Driver/Src/stm32g4xx_hal_tim_ex.c **** 
2823:Drivers/STM32G4xx_HAL_Driver/Src/stm32g4xx_hal_tim_ex.c ****   /* Process Locked */
ARM GAS  /tmp/ccAXGFxz.s 			page 51


2824:Drivers/STM32G4xx_HAL_Driver/Src/stm32g4xx_hal_tim_ex.c ****   __HAL_LOCK(htim);
2825:Drivers/STM32G4xx_HAL_Driver/Src/stm32g4xx_hal_tim_ex.c **** 
2826:Drivers/STM32G4xx_HAL_Driver/Src/stm32g4xx_hal_tim_ex.c ****   htim->State = HAL_TIM_STATE_BUSY;
2827:Drivers/STM32G4xx_HAL_Driver/Src/stm32g4xx_hal_tim_ex.c **** 
2828:Drivers/STM32G4xx_HAL_Driver/Src/stm32g4xx_hal_tim_ex.c ****   /* Clear GC5Cx bit fields */
2829:Drivers/STM32G4xx_HAL_Driver/Src/stm32g4xx_hal_tim_ex.c ****   htim->Instance->CCR5 &= ~(TIM_CCR5_GC5C3 | TIM_CCR5_GC5C2 | TIM_CCR5_GC5C1);
2830:Drivers/STM32G4xx_HAL_Driver/Src/stm32g4xx_hal_tim_ex.c **** 
2831:Drivers/STM32G4xx_HAL_Driver/Src/stm32g4xx_hal_tim_ex.c ****   /* Set GC5Cx bit fields */
2832:Drivers/STM32G4xx_HAL_Driver/Src/stm32g4xx_hal_tim_ex.c ****   htim->Instance->CCR5 |= Channels;
2833:Drivers/STM32G4xx_HAL_Driver/Src/stm32g4xx_hal_tim_ex.c **** 
2834:Drivers/STM32G4xx_HAL_Driver/Src/stm32g4xx_hal_tim_ex.c ****   /* Change the htim state */
2835:Drivers/STM32G4xx_HAL_Driver/Src/stm32g4xx_hal_tim_ex.c ****   htim->State = HAL_TIM_STATE_READY;
2836:Drivers/STM32G4xx_HAL_Driver/Src/stm32g4xx_hal_tim_ex.c **** 
2837:Drivers/STM32G4xx_HAL_Driver/Src/stm32g4xx_hal_tim_ex.c ****   __HAL_UNLOCK(htim);
2838:Drivers/STM32G4xx_HAL_Driver/Src/stm32g4xx_hal_tim_ex.c **** 
2839:Drivers/STM32G4xx_HAL_Driver/Src/stm32g4xx_hal_tim_ex.c ****   return HAL_OK;
2840:Drivers/STM32G4xx_HAL_Driver/Src/stm32g4xx_hal_tim_ex.c **** }
2841:Drivers/STM32G4xx_HAL_Driver/Src/stm32g4xx_hal_tim_ex.c **** 
2842:Drivers/STM32G4xx_HAL_Driver/Src/stm32g4xx_hal_tim_ex.c **** /**
2843:Drivers/STM32G4xx_HAL_Driver/Src/stm32g4xx_hal_tim_ex.c ****   * @brief  Disarm the designated break input (when it operates in bidirectional mode).
2844:Drivers/STM32G4xx_HAL_Driver/Src/stm32g4xx_hal_tim_ex.c ****   * @param  htim TIM handle.
2845:Drivers/STM32G4xx_HAL_Driver/Src/stm32g4xx_hal_tim_ex.c ****   * @param  BreakInput Break input to disarm
2846:Drivers/STM32G4xx_HAL_Driver/Src/stm32g4xx_hal_tim_ex.c ****   *          This parameter can be one of the following values:
2847:Drivers/STM32G4xx_HAL_Driver/Src/stm32g4xx_hal_tim_ex.c ****   *            @arg TIM_BREAKINPUT_BRK: Timer break input
2848:Drivers/STM32G4xx_HAL_Driver/Src/stm32g4xx_hal_tim_ex.c ****   *            @arg TIM_BREAKINPUT_BRK2: Timer break 2 input
2849:Drivers/STM32G4xx_HAL_Driver/Src/stm32g4xx_hal_tim_ex.c ****   * @note  The break input can be disarmed only when it is configured in
2850:Drivers/STM32G4xx_HAL_Driver/Src/stm32g4xx_hal_tim_ex.c ****   *        bidirectional mode and when when MOE is reset.
2851:Drivers/STM32G4xx_HAL_Driver/Src/stm32g4xx_hal_tim_ex.c ****   * @note  Purpose is to be able to have the input voltage back to high-state,
2852:Drivers/STM32G4xx_HAL_Driver/Src/stm32g4xx_hal_tim_ex.c ****   *        whatever the time constant on the output .
2853:Drivers/STM32G4xx_HAL_Driver/Src/stm32g4xx_hal_tim_ex.c ****   * @retval HAL status
2854:Drivers/STM32G4xx_HAL_Driver/Src/stm32g4xx_hal_tim_ex.c ****   */
2855:Drivers/STM32G4xx_HAL_Driver/Src/stm32g4xx_hal_tim_ex.c **** HAL_StatusTypeDef HAL_TIMEx_DisarmBreakInput(TIM_HandleTypeDef *htim, uint32_t BreakInput)
2856:Drivers/STM32G4xx_HAL_Driver/Src/stm32g4xx_hal_tim_ex.c **** {
2857:Drivers/STM32G4xx_HAL_Driver/Src/stm32g4xx_hal_tim_ex.c ****   HAL_StatusTypeDef status = HAL_OK;
2858:Drivers/STM32G4xx_HAL_Driver/Src/stm32g4xx_hal_tim_ex.c ****   uint32_t tmpbdtr;
2859:Drivers/STM32G4xx_HAL_Driver/Src/stm32g4xx_hal_tim_ex.c **** 
2860:Drivers/STM32G4xx_HAL_Driver/Src/stm32g4xx_hal_tim_ex.c ****   /* Check the parameters */
2861:Drivers/STM32G4xx_HAL_Driver/Src/stm32g4xx_hal_tim_ex.c ****   assert_param(IS_TIM_BREAK_INSTANCE(htim->Instance));
2862:Drivers/STM32G4xx_HAL_Driver/Src/stm32g4xx_hal_tim_ex.c ****   assert_param(IS_TIM_BREAKINPUT(BreakInput));
2863:Drivers/STM32G4xx_HAL_Driver/Src/stm32g4xx_hal_tim_ex.c **** 
2864:Drivers/STM32G4xx_HAL_Driver/Src/stm32g4xx_hal_tim_ex.c ****   switch (BreakInput)
2865:Drivers/STM32G4xx_HAL_Driver/Src/stm32g4xx_hal_tim_ex.c ****   {
2866:Drivers/STM32G4xx_HAL_Driver/Src/stm32g4xx_hal_tim_ex.c ****     case TIM_BREAKINPUT_BRK:
2867:Drivers/STM32G4xx_HAL_Driver/Src/stm32g4xx_hal_tim_ex.c ****     {
2868:Drivers/STM32G4xx_HAL_Driver/Src/stm32g4xx_hal_tim_ex.c ****       /* Check initial conditions */
2869:Drivers/STM32G4xx_HAL_Driver/Src/stm32g4xx_hal_tim_ex.c ****       tmpbdtr = READ_REG(htim->Instance->BDTR);
2870:Drivers/STM32G4xx_HAL_Driver/Src/stm32g4xx_hal_tim_ex.c ****       if ((READ_BIT(tmpbdtr, TIM_BDTR_BKBID) == TIM_BDTR_BKBID) &&
2871:Drivers/STM32G4xx_HAL_Driver/Src/stm32g4xx_hal_tim_ex.c ****           (READ_BIT(tmpbdtr, TIM_BDTR_MOE) == 0U))
2872:Drivers/STM32G4xx_HAL_Driver/Src/stm32g4xx_hal_tim_ex.c ****       {
2873:Drivers/STM32G4xx_HAL_Driver/Src/stm32g4xx_hal_tim_ex.c ****         /* Break input BRK is disarmed */
2874:Drivers/STM32G4xx_HAL_Driver/Src/stm32g4xx_hal_tim_ex.c ****         SET_BIT(htim->Instance->BDTR, TIM_BDTR_BKDSRM);
2875:Drivers/STM32G4xx_HAL_Driver/Src/stm32g4xx_hal_tim_ex.c ****       }
2876:Drivers/STM32G4xx_HAL_Driver/Src/stm32g4xx_hal_tim_ex.c ****       break;
2877:Drivers/STM32G4xx_HAL_Driver/Src/stm32g4xx_hal_tim_ex.c ****     }
2878:Drivers/STM32G4xx_HAL_Driver/Src/stm32g4xx_hal_tim_ex.c ****     case TIM_BREAKINPUT_BRK2:
2879:Drivers/STM32G4xx_HAL_Driver/Src/stm32g4xx_hal_tim_ex.c ****     {
2880:Drivers/STM32G4xx_HAL_Driver/Src/stm32g4xx_hal_tim_ex.c ****       /* Check initial conditions */
ARM GAS  /tmp/ccAXGFxz.s 			page 52


2881:Drivers/STM32G4xx_HAL_Driver/Src/stm32g4xx_hal_tim_ex.c ****       tmpbdtr = READ_REG(htim->Instance->BDTR);
2882:Drivers/STM32G4xx_HAL_Driver/Src/stm32g4xx_hal_tim_ex.c ****       if ((READ_BIT(tmpbdtr, TIM_BDTR_BK2BID) == TIM_BDTR_BK2BID) &&
2883:Drivers/STM32G4xx_HAL_Driver/Src/stm32g4xx_hal_tim_ex.c ****           (READ_BIT(tmpbdtr, TIM_BDTR_MOE) == 0U))
2884:Drivers/STM32G4xx_HAL_Driver/Src/stm32g4xx_hal_tim_ex.c ****       {
2885:Drivers/STM32G4xx_HAL_Driver/Src/stm32g4xx_hal_tim_ex.c ****         /* Break input BRK is disarmed */
2886:Drivers/STM32G4xx_HAL_Driver/Src/stm32g4xx_hal_tim_ex.c ****         SET_BIT(htim->Instance->BDTR, TIM_BDTR_BK2DSRM);
2887:Drivers/STM32G4xx_HAL_Driver/Src/stm32g4xx_hal_tim_ex.c ****       }
2888:Drivers/STM32G4xx_HAL_Driver/Src/stm32g4xx_hal_tim_ex.c ****       break;
2889:Drivers/STM32G4xx_HAL_Driver/Src/stm32g4xx_hal_tim_ex.c ****     }
2890:Drivers/STM32G4xx_HAL_Driver/Src/stm32g4xx_hal_tim_ex.c ****     default:
2891:Drivers/STM32G4xx_HAL_Driver/Src/stm32g4xx_hal_tim_ex.c ****       status = HAL_ERROR;
2892:Drivers/STM32G4xx_HAL_Driver/Src/stm32g4xx_hal_tim_ex.c ****       break;
2893:Drivers/STM32G4xx_HAL_Driver/Src/stm32g4xx_hal_tim_ex.c ****   }
2894:Drivers/STM32G4xx_HAL_Driver/Src/stm32g4xx_hal_tim_ex.c **** 
2895:Drivers/STM32G4xx_HAL_Driver/Src/stm32g4xx_hal_tim_ex.c ****   return status;
2896:Drivers/STM32G4xx_HAL_Driver/Src/stm32g4xx_hal_tim_ex.c **** }
2897:Drivers/STM32G4xx_HAL_Driver/Src/stm32g4xx_hal_tim_ex.c **** 
2898:Drivers/STM32G4xx_HAL_Driver/Src/stm32g4xx_hal_tim_ex.c **** /**
2899:Drivers/STM32G4xx_HAL_Driver/Src/stm32g4xx_hal_tim_ex.c ****   * @brief  Arm the designated break input (when it operates in bidirectional mode).
2900:Drivers/STM32G4xx_HAL_Driver/Src/stm32g4xx_hal_tim_ex.c ****   * @param  htim TIM handle.
2901:Drivers/STM32G4xx_HAL_Driver/Src/stm32g4xx_hal_tim_ex.c ****   * @param  BreakInput Break input to arm
2902:Drivers/STM32G4xx_HAL_Driver/Src/stm32g4xx_hal_tim_ex.c ****   *          This parameter can be one of the following values:
2903:Drivers/STM32G4xx_HAL_Driver/Src/stm32g4xx_hal_tim_ex.c ****   *            @arg TIM_BREAKINPUT_BRK: Timer break input
2904:Drivers/STM32G4xx_HAL_Driver/Src/stm32g4xx_hal_tim_ex.c ****   *            @arg TIM_BREAKINPUT_BRK2: Timer break 2 input
2905:Drivers/STM32G4xx_HAL_Driver/Src/stm32g4xx_hal_tim_ex.c ****   * @note  Arming is possible at anytime, even if fault is present.
2906:Drivers/STM32G4xx_HAL_Driver/Src/stm32g4xx_hal_tim_ex.c ****   * @note  Break input is automatically armed as soon as MOE bit is set.
2907:Drivers/STM32G4xx_HAL_Driver/Src/stm32g4xx_hal_tim_ex.c ****   * @retval HAL status
2908:Drivers/STM32G4xx_HAL_Driver/Src/stm32g4xx_hal_tim_ex.c ****   */
2909:Drivers/STM32G4xx_HAL_Driver/Src/stm32g4xx_hal_tim_ex.c **** HAL_StatusTypeDef HAL_TIMEx_ReArmBreakInput(const TIM_HandleTypeDef *htim, uint32_t BreakInput)
2910:Drivers/STM32G4xx_HAL_Driver/Src/stm32g4xx_hal_tim_ex.c **** {
2911:Drivers/STM32G4xx_HAL_Driver/Src/stm32g4xx_hal_tim_ex.c ****   HAL_StatusTypeDef status = HAL_OK;
2912:Drivers/STM32G4xx_HAL_Driver/Src/stm32g4xx_hal_tim_ex.c ****   uint32_t tickstart;
2913:Drivers/STM32G4xx_HAL_Driver/Src/stm32g4xx_hal_tim_ex.c **** 
2914:Drivers/STM32G4xx_HAL_Driver/Src/stm32g4xx_hal_tim_ex.c ****   /* Check the parameters */
2915:Drivers/STM32G4xx_HAL_Driver/Src/stm32g4xx_hal_tim_ex.c ****   assert_param(IS_TIM_BREAK_INSTANCE(htim->Instance));
2916:Drivers/STM32G4xx_HAL_Driver/Src/stm32g4xx_hal_tim_ex.c ****   assert_param(IS_TIM_BREAKINPUT(BreakInput));
2917:Drivers/STM32G4xx_HAL_Driver/Src/stm32g4xx_hal_tim_ex.c **** 
2918:Drivers/STM32G4xx_HAL_Driver/Src/stm32g4xx_hal_tim_ex.c ****   switch (BreakInput)
2919:Drivers/STM32G4xx_HAL_Driver/Src/stm32g4xx_hal_tim_ex.c ****   {
2920:Drivers/STM32G4xx_HAL_Driver/Src/stm32g4xx_hal_tim_ex.c ****     case TIM_BREAKINPUT_BRK:
2921:Drivers/STM32G4xx_HAL_Driver/Src/stm32g4xx_hal_tim_ex.c ****     {
2922:Drivers/STM32G4xx_HAL_Driver/Src/stm32g4xx_hal_tim_ex.c ****       /* Check initial conditions */
2923:Drivers/STM32G4xx_HAL_Driver/Src/stm32g4xx_hal_tim_ex.c ****       if (READ_BIT(htim->Instance->BDTR, TIM_BDTR_BKBID) == TIM_BDTR_BKBID)
2924:Drivers/STM32G4xx_HAL_Driver/Src/stm32g4xx_hal_tim_ex.c ****       {
2925:Drivers/STM32G4xx_HAL_Driver/Src/stm32g4xx_hal_tim_ex.c ****         /* Break input BRK is re-armed automatically by hardware. Poll to check whether fault condi
2926:Drivers/STM32G4xx_HAL_Driver/Src/stm32g4xx_hal_tim_ex.c ****         /* Init tickstart for timeout management */
2927:Drivers/STM32G4xx_HAL_Driver/Src/stm32g4xx_hal_tim_ex.c ****         tickstart = HAL_GetTick();
2928:Drivers/STM32G4xx_HAL_Driver/Src/stm32g4xx_hal_tim_ex.c ****         while (READ_BIT(htim->Instance->BDTR, TIM_BDTR_BKDSRM) != 0UL)
2929:Drivers/STM32G4xx_HAL_Driver/Src/stm32g4xx_hal_tim_ex.c ****         {
2930:Drivers/STM32G4xx_HAL_Driver/Src/stm32g4xx_hal_tim_ex.c ****           if ((HAL_GetTick() - tickstart) > TIM_BREAKINPUT_REARM_TIMEOUT)
2931:Drivers/STM32G4xx_HAL_Driver/Src/stm32g4xx_hal_tim_ex.c ****           {
2932:Drivers/STM32G4xx_HAL_Driver/Src/stm32g4xx_hal_tim_ex.c ****             /* New check to avoid false timeout detection in case of preemption */
2933:Drivers/STM32G4xx_HAL_Driver/Src/stm32g4xx_hal_tim_ex.c ****             if (READ_BIT(htim->Instance->BDTR, TIM_BDTR_BKDSRM) != 0UL)
2934:Drivers/STM32G4xx_HAL_Driver/Src/stm32g4xx_hal_tim_ex.c ****             {
2935:Drivers/STM32G4xx_HAL_Driver/Src/stm32g4xx_hal_tim_ex.c ****               return HAL_TIMEOUT;
2936:Drivers/STM32G4xx_HAL_Driver/Src/stm32g4xx_hal_tim_ex.c ****             }
2937:Drivers/STM32G4xx_HAL_Driver/Src/stm32g4xx_hal_tim_ex.c ****           }
ARM GAS  /tmp/ccAXGFxz.s 			page 53


2938:Drivers/STM32G4xx_HAL_Driver/Src/stm32g4xx_hal_tim_ex.c ****         }
2939:Drivers/STM32G4xx_HAL_Driver/Src/stm32g4xx_hal_tim_ex.c ****       }
2940:Drivers/STM32G4xx_HAL_Driver/Src/stm32g4xx_hal_tim_ex.c ****       break;
2941:Drivers/STM32G4xx_HAL_Driver/Src/stm32g4xx_hal_tim_ex.c ****     }
2942:Drivers/STM32G4xx_HAL_Driver/Src/stm32g4xx_hal_tim_ex.c **** 
2943:Drivers/STM32G4xx_HAL_Driver/Src/stm32g4xx_hal_tim_ex.c ****     case TIM_BREAKINPUT_BRK2:
2944:Drivers/STM32G4xx_HAL_Driver/Src/stm32g4xx_hal_tim_ex.c ****     {
2945:Drivers/STM32G4xx_HAL_Driver/Src/stm32g4xx_hal_tim_ex.c ****       /* Check initial conditions */
2946:Drivers/STM32G4xx_HAL_Driver/Src/stm32g4xx_hal_tim_ex.c ****       if (READ_BIT(htim->Instance->BDTR, TIM_BDTR_BK2BID) == TIM_BDTR_BK2BID)
2947:Drivers/STM32G4xx_HAL_Driver/Src/stm32g4xx_hal_tim_ex.c ****       {
2948:Drivers/STM32G4xx_HAL_Driver/Src/stm32g4xx_hal_tim_ex.c ****         /* Break input BRK2 is re-armed automatically by hardware. Poll to check whether fault cond
2949:Drivers/STM32G4xx_HAL_Driver/Src/stm32g4xx_hal_tim_ex.c ****         /* Init tickstart for timeout management */
2950:Drivers/STM32G4xx_HAL_Driver/Src/stm32g4xx_hal_tim_ex.c ****         tickstart = HAL_GetTick();
2951:Drivers/STM32G4xx_HAL_Driver/Src/stm32g4xx_hal_tim_ex.c ****         while (READ_BIT(htim->Instance->BDTR, TIM_BDTR_BK2DSRM) != 0UL)
2952:Drivers/STM32G4xx_HAL_Driver/Src/stm32g4xx_hal_tim_ex.c ****         {
2953:Drivers/STM32G4xx_HAL_Driver/Src/stm32g4xx_hal_tim_ex.c ****           if ((HAL_GetTick() - tickstart) > TIM_BREAKINPUT_REARM_TIMEOUT)
2954:Drivers/STM32G4xx_HAL_Driver/Src/stm32g4xx_hal_tim_ex.c ****           {
2955:Drivers/STM32G4xx_HAL_Driver/Src/stm32g4xx_hal_tim_ex.c ****             /* New check to avoid false timeout detection in case of preemption */
2956:Drivers/STM32G4xx_HAL_Driver/Src/stm32g4xx_hal_tim_ex.c ****             if (READ_BIT(htim->Instance->BDTR, TIM_BDTR_BK2DSRM) != 0UL)
2957:Drivers/STM32G4xx_HAL_Driver/Src/stm32g4xx_hal_tim_ex.c ****             {
2958:Drivers/STM32G4xx_HAL_Driver/Src/stm32g4xx_hal_tim_ex.c ****               return HAL_TIMEOUT;
2959:Drivers/STM32G4xx_HAL_Driver/Src/stm32g4xx_hal_tim_ex.c ****             }
2960:Drivers/STM32G4xx_HAL_Driver/Src/stm32g4xx_hal_tim_ex.c ****           }
2961:Drivers/STM32G4xx_HAL_Driver/Src/stm32g4xx_hal_tim_ex.c ****         }
2962:Drivers/STM32G4xx_HAL_Driver/Src/stm32g4xx_hal_tim_ex.c ****       }
2963:Drivers/STM32G4xx_HAL_Driver/Src/stm32g4xx_hal_tim_ex.c ****       break;
2964:Drivers/STM32G4xx_HAL_Driver/Src/stm32g4xx_hal_tim_ex.c ****     }
2965:Drivers/STM32G4xx_HAL_Driver/Src/stm32g4xx_hal_tim_ex.c ****     default:
2966:Drivers/STM32G4xx_HAL_Driver/Src/stm32g4xx_hal_tim_ex.c ****       status = HAL_ERROR;
2967:Drivers/STM32G4xx_HAL_Driver/Src/stm32g4xx_hal_tim_ex.c ****       break;
2968:Drivers/STM32G4xx_HAL_Driver/Src/stm32g4xx_hal_tim_ex.c ****   }
2969:Drivers/STM32G4xx_HAL_Driver/Src/stm32g4xx_hal_tim_ex.c **** 
2970:Drivers/STM32G4xx_HAL_Driver/Src/stm32g4xx_hal_tim_ex.c ****   return status;
2971:Drivers/STM32G4xx_HAL_Driver/Src/stm32g4xx_hal_tim_ex.c **** }
2972:Drivers/STM32G4xx_HAL_Driver/Src/stm32g4xx_hal_tim_ex.c **** 
2973:Drivers/STM32G4xx_HAL_Driver/Src/stm32g4xx_hal_tim_ex.c **** /**
2974:Drivers/STM32G4xx_HAL_Driver/Src/stm32g4xx_hal_tim_ex.c ****   * @brief  Enable dithering
2975:Drivers/STM32G4xx_HAL_Driver/Src/stm32g4xx_hal_tim_ex.c ****   * @param  htim TIM handle
2976:Drivers/STM32G4xx_HAL_Driver/Src/stm32g4xx_hal_tim_ex.c ****   * @note   Main usage is PWM mode
2977:Drivers/STM32G4xx_HAL_Driver/Src/stm32g4xx_hal_tim_ex.c ****   * @note   This function must be called when timer is stopped or disabled (CEN =0)
2978:Drivers/STM32G4xx_HAL_Driver/Src/stm32g4xx_hal_tim_ex.c ****   * @note   If dithering is activated, pay attention to ARR, CCRx, CNT interpretation:
2979:Drivers/STM32G4xx_HAL_Driver/Src/stm32g4xx_hal_tim_ex.c ****   *           - CNT: only CNT[11:0] holds the non-dithered part for 16b timers (or CNT[26:0] for 32
2980:Drivers/STM32G4xx_HAL_Driver/Src/stm32g4xx_hal_tim_ex.c ****   *           - ARR: ARR[15:4] holds the non-dithered part, and ARR[3:0] the dither part for 16b ti
2981:Drivers/STM32G4xx_HAL_Driver/Src/stm32g4xx_hal_tim_ex.c ****   *           - CCRx: CCRx[15:4] holds the non-dithered part, and CCRx[3:0] the dither part for 16b
2982:Drivers/STM32G4xx_HAL_Driver/Src/stm32g4xx_hal_tim_ex.c ****   *           - ARR and CCRx values are limited to 0xFFEF in dithering mode for 16b timers
2983:Drivers/STM32G4xx_HAL_Driver/Src/stm32g4xx_hal_tim_ex.c ****   *             (corresponds to 4094 for the integer part and 15 for the dithered part).
2984:Drivers/STM32G4xx_HAL_Driver/Src/stm32g4xx_hal_tim_ex.c ****   * @note   Macros @ref __HAL_TIM_CALC_PERIOD_DITHER() __HAL_TIM_CALC_DELAY_DITHER()  __HAL_TIM_CAL
2985:Drivers/STM32G4xx_HAL_Driver/Src/stm32g4xx_hal_tim_ex.c ****   *         can be used to calculate period (ARR) and delay (CCRx) value.
2986:Drivers/STM32G4xx_HAL_Driver/Src/stm32g4xx_hal_tim_ex.c ****   * @note   Enabling dithering, modifies automatically values of registers ARR/CCRx to keep the sam
2987:Drivers/STM32G4xx_HAL_Driver/Src/stm32g4xx_hal_tim_ex.c ****   * @note   Enabling dithering, modifies automatically values of registers ARR/CCRx to keep the sam
2988:Drivers/STM32G4xx_HAL_Driver/Src/stm32g4xx_hal_tim_ex.c ****   *         So it may be necessary to read ARR value or CCRx value with macros @ref __HAL_TIM_GET_A
2989:Drivers/STM32G4xx_HAL_Driver/Src/stm32g4xx_hal_tim_ex.c ****   *         __HAL_TIM_GET_COMPARE() and if necessary update Init structure field htim->Init.Period 
2990:Drivers/STM32G4xx_HAL_Driver/Src/stm32g4xx_hal_tim_ex.c ****   * @retval HAL status
2991:Drivers/STM32G4xx_HAL_Driver/Src/stm32g4xx_hal_tim_ex.c ****   */
2992:Drivers/STM32G4xx_HAL_Driver/Src/stm32g4xx_hal_tim_ex.c **** HAL_StatusTypeDef HAL_TIMEx_DitheringEnable(TIM_HandleTypeDef *htim)
2993:Drivers/STM32G4xx_HAL_Driver/Src/stm32g4xx_hal_tim_ex.c **** {
2994:Drivers/STM32G4xx_HAL_Driver/Src/stm32g4xx_hal_tim_ex.c ****   /* Check the parameters */
ARM GAS  /tmp/ccAXGFxz.s 			page 54


2995:Drivers/STM32G4xx_HAL_Driver/Src/stm32g4xx_hal_tim_ex.c ****   assert_param(IS_TIM_INSTANCE(htim->Instance));
2996:Drivers/STM32G4xx_HAL_Driver/Src/stm32g4xx_hal_tim_ex.c **** 
2997:Drivers/STM32G4xx_HAL_Driver/Src/stm32g4xx_hal_tim_ex.c ****   SET_BIT(htim->Instance->CR1, TIM_CR1_DITHEN);
2998:Drivers/STM32G4xx_HAL_Driver/Src/stm32g4xx_hal_tim_ex.c ****   return HAL_OK;
2999:Drivers/STM32G4xx_HAL_Driver/Src/stm32g4xx_hal_tim_ex.c **** }
3000:Drivers/STM32G4xx_HAL_Driver/Src/stm32g4xx_hal_tim_ex.c **** 
3001:Drivers/STM32G4xx_HAL_Driver/Src/stm32g4xx_hal_tim_ex.c **** /**
3002:Drivers/STM32G4xx_HAL_Driver/Src/stm32g4xx_hal_tim_ex.c ****   * @brief  Disable dithering
3003:Drivers/STM32G4xx_HAL_Driver/Src/stm32g4xx_hal_tim_ex.c ****   * @param  htim TIM handle
3004:Drivers/STM32G4xx_HAL_Driver/Src/stm32g4xx_hal_tim_ex.c ****   * @note   This function must be called when timer is stopped or disabled (CEN =0)
3005:Drivers/STM32G4xx_HAL_Driver/Src/stm32g4xx_hal_tim_ex.c ****   * @note   If dithering is activated, pay attention to ARR, CCRx, CNT interpretation:
3006:Drivers/STM32G4xx_HAL_Driver/Src/stm32g4xx_hal_tim_ex.c ****   *           - CNT: only CNT[11:0] holds the non-dithered part for 16b timers (or CNT[26:0] for 32
3007:Drivers/STM32G4xx_HAL_Driver/Src/stm32g4xx_hal_tim_ex.c ****   *           - ARR: ARR[15:4] holds the non-dithered part, and ARR[3:0] the dither part for 16b ti
3008:Drivers/STM32G4xx_HAL_Driver/Src/stm32g4xx_hal_tim_ex.c ****   *           - CCRx: CCRx[15:4] holds the non-dithered part, and CCRx[3:0] the dither part for 16b
3009:Drivers/STM32G4xx_HAL_Driver/Src/stm32g4xx_hal_tim_ex.c ****   *           - ARR and CCRx values are limited to 0xFFEF in dithering mode
3010:Drivers/STM32G4xx_HAL_Driver/Src/stm32g4xx_hal_tim_ex.c ****   *             (corresponds to 4094 for the integer part and 15 for the dithered part).
3011:Drivers/STM32G4xx_HAL_Driver/Src/stm32g4xx_hal_tim_ex.c ****   * @note   Disabling dithering, modifies automatically values of registers ARR/CCRx to keep the sa
3012:Drivers/STM32G4xx_HAL_Driver/Src/stm32g4xx_hal_tim_ex.c ****   *         So it may be necessary to read ARR value or CCRx value with macros @ref __HAL_TIM_GET_A
3013:Drivers/STM32G4xx_HAL_Driver/Src/stm32g4xx_hal_tim_ex.c ****   *         __HAL_TIM_GET_COMPARE() and if necessary update Init structure field htim->Init.Period 
3014:Drivers/STM32G4xx_HAL_Driver/Src/stm32g4xx_hal_tim_ex.c ****   * @retval HAL status
3015:Drivers/STM32G4xx_HAL_Driver/Src/stm32g4xx_hal_tim_ex.c ****   */
3016:Drivers/STM32G4xx_HAL_Driver/Src/stm32g4xx_hal_tim_ex.c **** HAL_StatusTypeDef HAL_TIMEx_DitheringDisable(TIM_HandleTypeDef *htim)
3017:Drivers/STM32G4xx_HAL_Driver/Src/stm32g4xx_hal_tim_ex.c **** {
3018:Drivers/STM32G4xx_HAL_Driver/Src/stm32g4xx_hal_tim_ex.c ****   /* Check the parameters */
3019:Drivers/STM32G4xx_HAL_Driver/Src/stm32g4xx_hal_tim_ex.c ****   assert_param(IS_TIM_INSTANCE(htim->Instance));
3020:Drivers/STM32G4xx_HAL_Driver/Src/stm32g4xx_hal_tim_ex.c **** 
3021:Drivers/STM32G4xx_HAL_Driver/Src/stm32g4xx_hal_tim_ex.c ****   CLEAR_BIT(htim->Instance->CR1, TIM_CR1_DITHEN);
3022:Drivers/STM32G4xx_HAL_Driver/Src/stm32g4xx_hal_tim_ex.c ****   return HAL_OK;
3023:Drivers/STM32G4xx_HAL_Driver/Src/stm32g4xx_hal_tim_ex.c **** }
3024:Drivers/STM32G4xx_HAL_Driver/Src/stm32g4xx_hal_tim_ex.c **** 
3025:Drivers/STM32G4xx_HAL_Driver/Src/stm32g4xx_hal_tim_ex.c **** /**
3026:Drivers/STM32G4xx_HAL_Driver/Src/stm32g4xx_hal_tim_ex.c ****   * @brief  Initializes the pulse on compare pulse width and pulse prescaler
3027:Drivers/STM32G4xx_HAL_Driver/Src/stm32g4xx_hal_tim_ex.c ****   * @param  htim TIM Output Compare handle
3028:Drivers/STM32G4xx_HAL_Driver/Src/stm32g4xx_hal_tim_ex.c ****   * @param  PulseWidthPrescaler  Pulse width prescaler
3029:Drivers/STM32G4xx_HAL_Driver/Src/stm32g4xx_hal_tim_ex.c ****   *         This parameter can be a number between Min_Data = 0x0 and Max_Data = 0x7
3030:Drivers/STM32G4xx_HAL_Driver/Src/stm32g4xx_hal_tim_ex.c ****   * @param  PulseWidth  Pulse width
3031:Drivers/STM32G4xx_HAL_Driver/Src/stm32g4xx_hal_tim_ex.c ****   *         This parameter can be a number between Min_Data = 0x00 and Max_Data = 0xFF
3032:Drivers/STM32G4xx_HAL_Driver/Src/stm32g4xx_hal_tim_ex.c ****   * @retval HAL status
3033:Drivers/STM32G4xx_HAL_Driver/Src/stm32g4xx_hal_tim_ex.c ****   */
3034:Drivers/STM32G4xx_HAL_Driver/Src/stm32g4xx_hal_tim_ex.c **** HAL_StatusTypeDef HAL_TIMEx_OC_ConfigPulseOnCompare(TIM_HandleTypeDef *htim,
3035:Drivers/STM32G4xx_HAL_Driver/Src/stm32g4xx_hal_tim_ex.c ****                                                     uint32_t PulseWidthPrescaler,
3036:Drivers/STM32G4xx_HAL_Driver/Src/stm32g4xx_hal_tim_ex.c ****                                                     uint32_t PulseWidth)
3037:Drivers/STM32G4xx_HAL_Driver/Src/stm32g4xx_hal_tim_ex.c **** {
3038:Drivers/STM32G4xx_HAL_Driver/Src/stm32g4xx_hal_tim_ex.c ****   uint32_t tmpecr;
3039:Drivers/STM32G4xx_HAL_Driver/Src/stm32g4xx_hal_tim_ex.c **** 
3040:Drivers/STM32G4xx_HAL_Driver/Src/stm32g4xx_hal_tim_ex.c ****   /* Check the parameters */
3041:Drivers/STM32G4xx_HAL_Driver/Src/stm32g4xx_hal_tim_ex.c ****   assert_param(IS_TIM_PULSEONCOMPARE_INSTANCE(htim->Instance));
3042:Drivers/STM32G4xx_HAL_Driver/Src/stm32g4xx_hal_tim_ex.c ****   assert_param(IS_TIM_PULSEONCOMPARE_WIDTH(PulseWidth));
3043:Drivers/STM32G4xx_HAL_Driver/Src/stm32g4xx_hal_tim_ex.c ****   assert_param(IS_TIM_PULSEONCOMPARE_WIDTHPRESCALER(PulseWidthPrescaler));
3044:Drivers/STM32G4xx_HAL_Driver/Src/stm32g4xx_hal_tim_ex.c **** 
3045:Drivers/STM32G4xx_HAL_Driver/Src/stm32g4xx_hal_tim_ex.c ****   /* Process Locked */
3046:Drivers/STM32G4xx_HAL_Driver/Src/stm32g4xx_hal_tim_ex.c ****   __HAL_LOCK(htim);
3047:Drivers/STM32G4xx_HAL_Driver/Src/stm32g4xx_hal_tim_ex.c **** 
3048:Drivers/STM32G4xx_HAL_Driver/Src/stm32g4xx_hal_tim_ex.c ****   /* Set the TIM state */
3049:Drivers/STM32G4xx_HAL_Driver/Src/stm32g4xx_hal_tim_ex.c ****   htim->State = HAL_TIM_STATE_BUSY;
3050:Drivers/STM32G4xx_HAL_Driver/Src/stm32g4xx_hal_tim_ex.c **** 
3051:Drivers/STM32G4xx_HAL_Driver/Src/stm32g4xx_hal_tim_ex.c ****   /* Get the TIMx ECR register value */
ARM GAS  /tmp/ccAXGFxz.s 			page 55


3052:Drivers/STM32G4xx_HAL_Driver/Src/stm32g4xx_hal_tim_ex.c ****   tmpecr = htim->Instance->ECR;
3053:Drivers/STM32G4xx_HAL_Driver/Src/stm32g4xx_hal_tim_ex.c ****   /* Reset the Pulse width prescaler and the Pulse width */
3054:Drivers/STM32G4xx_HAL_Driver/Src/stm32g4xx_hal_tim_ex.c ****   tmpecr &= ~(TIM_ECR_PWPRSC | TIM_ECR_PW);
3055:Drivers/STM32G4xx_HAL_Driver/Src/stm32g4xx_hal_tim_ex.c ****   /* Set the Pulse width prescaler and Pulse width*/
3056:Drivers/STM32G4xx_HAL_Driver/Src/stm32g4xx_hal_tim_ex.c ****   tmpecr |= PulseWidthPrescaler << TIM_ECR_PWPRSC_Pos;
3057:Drivers/STM32G4xx_HAL_Driver/Src/stm32g4xx_hal_tim_ex.c ****   tmpecr |= PulseWidth << TIM_ECR_PW_Pos;
3058:Drivers/STM32G4xx_HAL_Driver/Src/stm32g4xx_hal_tim_ex.c ****   /* Write to TIMx ECR */
3059:Drivers/STM32G4xx_HAL_Driver/Src/stm32g4xx_hal_tim_ex.c ****   htim->Instance->ECR = tmpecr;
3060:Drivers/STM32G4xx_HAL_Driver/Src/stm32g4xx_hal_tim_ex.c **** 
3061:Drivers/STM32G4xx_HAL_Driver/Src/stm32g4xx_hal_tim_ex.c ****   /* Change the TIM state */
3062:Drivers/STM32G4xx_HAL_Driver/Src/stm32g4xx_hal_tim_ex.c ****   htim->State = HAL_TIM_STATE_READY;
3063:Drivers/STM32G4xx_HAL_Driver/Src/stm32g4xx_hal_tim_ex.c **** 
3064:Drivers/STM32G4xx_HAL_Driver/Src/stm32g4xx_hal_tim_ex.c ****   /* Release Lock */
3065:Drivers/STM32G4xx_HAL_Driver/Src/stm32g4xx_hal_tim_ex.c ****   __HAL_UNLOCK(htim);
3066:Drivers/STM32G4xx_HAL_Driver/Src/stm32g4xx_hal_tim_ex.c **** 
3067:Drivers/STM32G4xx_HAL_Driver/Src/stm32g4xx_hal_tim_ex.c ****   return HAL_OK;
3068:Drivers/STM32G4xx_HAL_Driver/Src/stm32g4xx_hal_tim_ex.c **** }
3069:Drivers/STM32G4xx_HAL_Driver/Src/stm32g4xx_hal_tim_ex.c **** 
3070:Drivers/STM32G4xx_HAL_Driver/Src/stm32g4xx_hal_tim_ex.c **** /**
3071:Drivers/STM32G4xx_HAL_Driver/Src/stm32g4xx_hal_tim_ex.c ****   * @brief  Configure preload source of Slave Mode Selection bitfield (SMS in SMCR register)
3072:Drivers/STM32G4xx_HAL_Driver/Src/stm32g4xx_hal_tim_ex.c ****   * @param  htim TIM handle
3073:Drivers/STM32G4xx_HAL_Driver/Src/stm32g4xx_hal_tim_ex.c ****   * @param  Source Source of slave mode selection preload
3074:Drivers/STM32G4xx_HAL_Driver/Src/stm32g4xx_hal_tim_ex.c ****   *         This parameter can be one of the following values:
3075:Drivers/STM32G4xx_HAL_Driver/Src/stm32g4xx_hal_tim_ex.c ****   *            @arg TIM_SMS_PRELOAD_SOURCE_UPDATE: Timer update event is used as source of Slave Mo
3076:Drivers/STM32G4xx_HAL_Driver/Src/stm32g4xx_hal_tim_ex.c ****   *            @arg TIM_SMS_PRELOAD_SOURCE_INDEX: Timer index event is used as source of Slave Mode
3077:Drivers/STM32G4xx_HAL_Driver/Src/stm32g4xx_hal_tim_ex.c ****   * @retval HAL status
3078:Drivers/STM32G4xx_HAL_Driver/Src/stm32g4xx_hal_tim_ex.c ****   */
3079:Drivers/STM32G4xx_HAL_Driver/Src/stm32g4xx_hal_tim_ex.c **** HAL_StatusTypeDef HAL_TIMEx_ConfigSlaveModePreload(TIM_HandleTypeDef *htim, uint32_t Source)
3080:Drivers/STM32G4xx_HAL_Driver/Src/stm32g4xx_hal_tim_ex.c **** {
3081:Drivers/STM32G4xx_HAL_Driver/Src/stm32g4xx_hal_tim_ex.c ****   /* Check the parameters */
3082:Drivers/STM32G4xx_HAL_Driver/Src/stm32g4xx_hal_tim_ex.c ****   assert_param(IS_TIM_SLAVE_INSTANCE(htim->Instance));
3083:Drivers/STM32G4xx_HAL_Driver/Src/stm32g4xx_hal_tim_ex.c ****   assert_param(IS_TIM_SLAVE_PRELOAD_SOURCE(Source));
3084:Drivers/STM32G4xx_HAL_Driver/Src/stm32g4xx_hal_tim_ex.c **** 
3085:Drivers/STM32G4xx_HAL_Driver/Src/stm32g4xx_hal_tim_ex.c ****   MODIFY_REG(htim->Instance->SMCR, TIM_SMCR_SMSPS, Source);
3086:Drivers/STM32G4xx_HAL_Driver/Src/stm32g4xx_hal_tim_ex.c ****   return HAL_OK;
3087:Drivers/STM32G4xx_HAL_Driver/Src/stm32g4xx_hal_tim_ex.c **** }
3088:Drivers/STM32G4xx_HAL_Driver/Src/stm32g4xx_hal_tim_ex.c **** 
3089:Drivers/STM32G4xx_HAL_Driver/Src/stm32g4xx_hal_tim_ex.c **** /**
3090:Drivers/STM32G4xx_HAL_Driver/Src/stm32g4xx_hal_tim_ex.c ****   * @brief  Enable preload of Slave Mode Selection bitfield (SMS in SMCR register)
3091:Drivers/STM32G4xx_HAL_Driver/Src/stm32g4xx_hal_tim_ex.c ****   * @param  htim TIM handle
3092:Drivers/STM32G4xx_HAL_Driver/Src/stm32g4xx_hal_tim_ex.c ****   * @retval HAL status
3093:Drivers/STM32G4xx_HAL_Driver/Src/stm32g4xx_hal_tim_ex.c ****   */
3094:Drivers/STM32G4xx_HAL_Driver/Src/stm32g4xx_hal_tim_ex.c **** HAL_StatusTypeDef HAL_TIMEx_EnableSlaveModePreload(TIM_HandleTypeDef *htim)
3095:Drivers/STM32G4xx_HAL_Driver/Src/stm32g4xx_hal_tim_ex.c **** {
3096:Drivers/STM32G4xx_HAL_Driver/Src/stm32g4xx_hal_tim_ex.c ****   /* Check the parameters */
3097:Drivers/STM32G4xx_HAL_Driver/Src/stm32g4xx_hal_tim_ex.c ****   assert_param(IS_TIM_SLAVE_INSTANCE(htim->Instance));
3098:Drivers/STM32G4xx_HAL_Driver/Src/stm32g4xx_hal_tim_ex.c **** 
3099:Drivers/STM32G4xx_HAL_Driver/Src/stm32g4xx_hal_tim_ex.c ****   SET_BIT(htim->Instance->SMCR, TIM_SMCR_SMSPE);
3100:Drivers/STM32G4xx_HAL_Driver/Src/stm32g4xx_hal_tim_ex.c ****   return HAL_OK;
3101:Drivers/STM32G4xx_HAL_Driver/Src/stm32g4xx_hal_tim_ex.c **** }
3102:Drivers/STM32G4xx_HAL_Driver/Src/stm32g4xx_hal_tim_ex.c **** 
3103:Drivers/STM32G4xx_HAL_Driver/Src/stm32g4xx_hal_tim_ex.c **** /**
3104:Drivers/STM32G4xx_HAL_Driver/Src/stm32g4xx_hal_tim_ex.c ****   * @brief  Disable preload of Slave Mode Selection bitfield (SMS in SMCR register)
3105:Drivers/STM32G4xx_HAL_Driver/Src/stm32g4xx_hal_tim_ex.c ****   * @param  htim TIM handle
3106:Drivers/STM32G4xx_HAL_Driver/Src/stm32g4xx_hal_tim_ex.c ****   * @retval HAL status
3107:Drivers/STM32G4xx_HAL_Driver/Src/stm32g4xx_hal_tim_ex.c ****   */
3108:Drivers/STM32G4xx_HAL_Driver/Src/stm32g4xx_hal_tim_ex.c **** HAL_StatusTypeDef HAL_TIMEx_DisableSlaveModePreload(TIM_HandleTypeDef *htim)
ARM GAS  /tmp/ccAXGFxz.s 			page 56


3109:Drivers/STM32G4xx_HAL_Driver/Src/stm32g4xx_hal_tim_ex.c **** {
3110:Drivers/STM32G4xx_HAL_Driver/Src/stm32g4xx_hal_tim_ex.c ****   /* Check the parameters */
3111:Drivers/STM32G4xx_HAL_Driver/Src/stm32g4xx_hal_tim_ex.c ****   assert_param(IS_TIM_SLAVE_INSTANCE(htim->Instance));
3112:Drivers/STM32G4xx_HAL_Driver/Src/stm32g4xx_hal_tim_ex.c **** 
3113:Drivers/STM32G4xx_HAL_Driver/Src/stm32g4xx_hal_tim_ex.c ****   CLEAR_BIT(htim->Instance->SMCR, TIM_SMCR_SMSPE);
3114:Drivers/STM32G4xx_HAL_Driver/Src/stm32g4xx_hal_tim_ex.c ****   return HAL_OK;
3115:Drivers/STM32G4xx_HAL_Driver/Src/stm32g4xx_hal_tim_ex.c **** }
3116:Drivers/STM32G4xx_HAL_Driver/Src/stm32g4xx_hal_tim_ex.c **** 
3117:Drivers/STM32G4xx_HAL_Driver/Src/stm32g4xx_hal_tim_ex.c **** /**
3118:Drivers/STM32G4xx_HAL_Driver/Src/stm32g4xx_hal_tim_ex.c ****   * @brief  Enable deadtime preload
3119:Drivers/STM32G4xx_HAL_Driver/Src/stm32g4xx_hal_tim_ex.c ****   * @param  htim TIM handle
3120:Drivers/STM32G4xx_HAL_Driver/Src/stm32g4xx_hal_tim_ex.c ****   * @retval HAL status
3121:Drivers/STM32G4xx_HAL_Driver/Src/stm32g4xx_hal_tim_ex.c ****   */
3122:Drivers/STM32G4xx_HAL_Driver/Src/stm32g4xx_hal_tim_ex.c **** HAL_StatusTypeDef HAL_TIMEx_EnableDeadTimePreload(TIM_HandleTypeDef *htim)
3123:Drivers/STM32G4xx_HAL_Driver/Src/stm32g4xx_hal_tim_ex.c **** {
3124:Drivers/STM32G4xx_HAL_Driver/Src/stm32g4xx_hal_tim_ex.c ****   /* Check the parameters */
3125:Drivers/STM32G4xx_HAL_Driver/Src/stm32g4xx_hal_tim_ex.c ****   assert_param(IS_TIM_BREAK_INSTANCE(htim->Instance));
3126:Drivers/STM32G4xx_HAL_Driver/Src/stm32g4xx_hal_tim_ex.c **** 
3127:Drivers/STM32G4xx_HAL_Driver/Src/stm32g4xx_hal_tim_ex.c ****   SET_BIT(htim->Instance->DTR2, TIM_DTR2_DTPE);
3128:Drivers/STM32G4xx_HAL_Driver/Src/stm32g4xx_hal_tim_ex.c ****   return HAL_OK;
3129:Drivers/STM32G4xx_HAL_Driver/Src/stm32g4xx_hal_tim_ex.c **** }
3130:Drivers/STM32G4xx_HAL_Driver/Src/stm32g4xx_hal_tim_ex.c **** 
3131:Drivers/STM32G4xx_HAL_Driver/Src/stm32g4xx_hal_tim_ex.c **** /**
3132:Drivers/STM32G4xx_HAL_Driver/Src/stm32g4xx_hal_tim_ex.c ****   * @brief  Disable deadtime preload
3133:Drivers/STM32G4xx_HAL_Driver/Src/stm32g4xx_hal_tim_ex.c ****   * @param  htim TIM handle
3134:Drivers/STM32G4xx_HAL_Driver/Src/stm32g4xx_hal_tim_ex.c ****   * @retval HAL status
3135:Drivers/STM32G4xx_HAL_Driver/Src/stm32g4xx_hal_tim_ex.c ****   */
3136:Drivers/STM32G4xx_HAL_Driver/Src/stm32g4xx_hal_tim_ex.c **** HAL_StatusTypeDef HAL_TIMEx_DisableDeadTimePreload(TIM_HandleTypeDef *htim)
3137:Drivers/STM32G4xx_HAL_Driver/Src/stm32g4xx_hal_tim_ex.c **** {
3138:Drivers/STM32G4xx_HAL_Driver/Src/stm32g4xx_hal_tim_ex.c ****   /* Check the parameters */
3139:Drivers/STM32G4xx_HAL_Driver/Src/stm32g4xx_hal_tim_ex.c ****   assert_param(IS_TIM_BREAK_INSTANCE(htim->Instance));
3140:Drivers/STM32G4xx_HAL_Driver/Src/stm32g4xx_hal_tim_ex.c **** 
3141:Drivers/STM32G4xx_HAL_Driver/Src/stm32g4xx_hal_tim_ex.c ****   CLEAR_BIT(htim->Instance->DTR2, TIM_DTR2_DTPE);
3142:Drivers/STM32G4xx_HAL_Driver/Src/stm32g4xx_hal_tim_ex.c ****   return HAL_OK;
3143:Drivers/STM32G4xx_HAL_Driver/Src/stm32g4xx_hal_tim_ex.c **** }
3144:Drivers/STM32G4xx_HAL_Driver/Src/stm32g4xx_hal_tim_ex.c **** 
3145:Drivers/STM32G4xx_HAL_Driver/Src/stm32g4xx_hal_tim_ex.c **** /**
3146:Drivers/STM32G4xx_HAL_Driver/Src/stm32g4xx_hal_tim_ex.c ****   * @brief  Configure deadtime
3147:Drivers/STM32G4xx_HAL_Driver/Src/stm32g4xx_hal_tim_ex.c ****   * @param  htim TIM handle
3148:Drivers/STM32G4xx_HAL_Driver/Src/stm32g4xx_hal_tim_ex.c ****   * @param  Deadtime Deadtime value
3149:Drivers/STM32G4xx_HAL_Driver/Src/stm32g4xx_hal_tim_ex.c ****   * @note   This parameter can be a number between Min_Data = 0x00 and Max_Data = 0xFF
3150:Drivers/STM32G4xx_HAL_Driver/Src/stm32g4xx_hal_tim_ex.c ****   * @retval HAL status
3151:Drivers/STM32G4xx_HAL_Driver/Src/stm32g4xx_hal_tim_ex.c ****   */
3152:Drivers/STM32G4xx_HAL_Driver/Src/stm32g4xx_hal_tim_ex.c **** HAL_StatusTypeDef HAL_TIMEx_ConfigDeadTime(TIM_HandleTypeDef *htim, uint32_t Deadtime)
3153:Drivers/STM32G4xx_HAL_Driver/Src/stm32g4xx_hal_tim_ex.c **** {
3154:Drivers/STM32G4xx_HAL_Driver/Src/stm32g4xx_hal_tim_ex.c ****   /* Check the parameters */
3155:Drivers/STM32G4xx_HAL_Driver/Src/stm32g4xx_hal_tim_ex.c ****   assert_param(IS_TIM_BREAK_INSTANCE(htim->Instance));
3156:Drivers/STM32G4xx_HAL_Driver/Src/stm32g4xx_hal_tim_ex.c ****   assert_param(IS_TIM_DEADTIME(Deadtime));
3157:Drivers/STM32G4xx_HAL_Driver/Src/stm32g4xx_hal_tim_ex.c **** 
3158:Drivers/STM32G4xx_HAL_Driver/Src/stm32g4xx_hal_tim_ex.c ****   MODIFY_REG(htim->Instance->BDTR, TIM_BDTR_DTG, Deadtime);
3159:Drivers/STM32G4xx_HAL_Driver/Src/stm32g4xx_hal_tim_ex.c ****   return HAL_OK;
3160:Drivers/STM32G4xx_HAL_Driver/Src/stm32g4xx_hal_tim_ex.c **** }
3161:Drivers/STM32G4xx_HAL_Driver/Src/stm32g4xx_hal_tim_ex.c **** 
3162:Drivers/STM32G4xx_HAL_Driver/Src/stm32g4xx_hal_tim_ex.c **** /**
3163:Drivers/STM32G4xx_HAL_Driver/Src/stm32g4xx_hal_tim_ex.c ****   * @brief  Configure asymmetrical deadtime
3164:Drivers/STM32G4xx_HAL_Driver/Src/stm32g4xx_hal_tim_ex.c ****   * @param  htim TIM handle
3165:Drivers/STM32G4xx_HAL_Driver/Src/stm32g4xx_hal_tim_ex.c ****   * @param  FallingDeadtime Falling edge deadtime value
ARM GAS  /tmp/ccAXGFxz.s 			page 57


3166:Drivers/STM32G4xx_HAL_Driver/Src/stm32g4xx_hal_tim_ex.c ****   * @note   This parameter can be a number between Min_Data = 0x00 and Max_Data = 0xFF
3167:Drivers/STM32G4xx_HAL_Driver/Src/stm32g4xx_hal_tim_ex.c ****   * @retval HAL status
3168:Drivers/STM32G4xx_HAL_Driver/Src/stm32g4xx_hal_tim_ex.c ****   */
3169:Drivers/STM32G4xx_HAL_Driver/Src/stm32g4xx_hal_tim_ex.c **** HAL_StatusTypeDef HAL_TIMEx_ConfigAsymmetricalDeadTime(TIM_HandleTypeDef *htim, uint32_t FallingDea
3170:Drivers/STM32G4xx_HAL_Driver/Src/stm32g4xx_hal_tim_ex.c **** {
3171:Drivers/STM32G4xx_HAL_Driver/Src/stm32g4xx_hal_tim_ex.c ****   /* Check the parameters */
3172:Drivers/STM32G4xx_HAL_Driver/Src/stm32g4xx_hal_tim_ex.c ****   assert_param(IS_TIM_BREAK_INSTANCE(htim->Instance));
3173:Drivers/STM32G4xx_HAL_Driver/Src/stm32g4xx_hal_tim_ex.c ****   assert_param(IS_TIM_DEADTIME(FallingDeadtime));
3174:Drivers/STM32G4xx_HAL_Driver/Src/stm32g4xx_hal_tim_ex.c **** 
3175:Drivers/STM32G4xx_HAL_Driver/Src/stm32g4xx_hal_tim_ex.c ****   MODIFY_REG(htim->Instance->DTR2, TIM_DTR2_DTGF, FallingDeadtime);
3176:Drivers/STM32G4xx_HAL_Driver/Src/stm32g4xx_hal_tim_ex.c ****   return HAL_OK;
3177:Drivers/STM32G4xx_HAL_Driver/Src/stm32g4xx_hal_tim_ex.c **** }
3178:Drivers/STM32G4xx_HAL_Driver/Src/stm32g4xx_hal_tim_ex.c **** 
3179:Drivers/STM32G4xx_HAL_Driver/Src/stm32g4xx_hal_tim_ex.c **** /**
3180:Drivers/STM32G4xx_HAL_Driver/Src/stm32g4xx_hal_tim_ex.c ****   * @brief  Enable asymmetrical deadtime
3181:Drivers/STM32G4xx_HAL_Driver/Src/stm32g4xx_hal_tim_ex.c ****   * @param  htim TIM handle
3182:Drivers/STM32G4xx_HAL_Driver/Src/stm32g4xx_hal_tim_ex.c ****   * @retval HAL status
3183:Drivers/STM32G4xx_HAL_Driver/Src/stm32g4xx_hal_tim_ex.c ****   */
3184:Drivers/STM32G4xx_HAL_Driver/Src/stm32g4xx_hal_tim_ex.c **** HAL_StatusTypeDef HAL_TIMEx_EnableAsymmetricalDeadTime(TIM_HandleTypeDef *htim)
3185:Drivers/STM32G4xx_HAL_Driver/Src/stm32g4xx_hal_tim_ex.c **** {
3186:Drivers/STM32G4xx_HAL_Driver/Src/stm32g4xx_hal_tim_ex.c ****   /* Check the parameters */
3187:Drivers/STM32G4xx_HAL_Driver/Src/stm32g4xx_hal_tim_ex.c ****   assert_param(IS_TIM_BREAK_INSTANCE(htim->Instance));
3188:Drivers/STM32G4xx_HAL_Driver/Src/stm32g4xx_hal_tim_ex.c **** 
3189:Drivers/STM32G4xx_HAL_Driver/Src/stm32g4xx_hal_tim_ex.c ****   SET_BIT(htim->Instance->DTR2, TIM_DTR2_DTAE);
3190:Drivers/STM32G4xx_HAL_Driver/Src/stm32g4xx_hal_tim_ex.c ****   return HAL_OK;
3191:Drivers/STM32G4xx_HAL_Driver/Src/stm32g4xx_hal_tim_ex.c **** }
3192:Drivers/STM32G4xx_HAL_Driver/Src/stm32g4xx_hal_tim_ex.c **** 
3193:Drivers/STM32G4xx_HAL_Driver/Src/stm32g4xx_hal_tim_ex.c **** /**
3194:Drivers/STM32G4xx_HAL_Driver/Src/stm32g4xx_hal_tim_ex.c ****   * @brief  Disable asymmetrical deadtime
3195:Drivers/STM32G4xx_HAL_Driver/Src/stm32g4xx_hal_tim_ex.c ****   * @param  htim TIM handle
3196:Drivers/STM32G4xx_HAL_Driver/Src/stm32g4xx_hal_tim_ex.c ****   * @retval HAL status
3197:Drivers/STM32G4xx_HAL_Driver/Src/stm32g4xx_hal_tim_ex.c ****   */
3198:Drivers/STM32G4xx_HAL_Driver/Src/stm32g4xx_hal_tim_ex.c **** HAL_StatusTypeDef HAL_TIMEx_DisableAsymmetricalDeadTime(TIM_HandleTypeDef *htim)
3199:Drivers/STM32G4xx_HAL_Driver/Src/stm32g4xx_hal_tim_ex.c **** {
3200:Drivers/STM32G4xx_HAL_Driver/Src/stm32g4xx_hal_tim_ex.c ****   /* Check the parameters */
3201:Drivers/STM32G4xx_HAL_Driver/Src/stm32g4xx_hal_tim_ex.c ****   assert_param(IS_TIM_BREAK_INSTANCE(htim->Instance));
3202:Drivers/STM32G4xx_HAL_Driver/Src/stm32g4xx_hal_tim_ex.c **** 
3203:Drivers/STM32G4xx_HAL_Driver/Src/stm32g4xx_hal_tim_ex.c ****   CLEAR_BIT(htim->Instance->DTR2, TIM_DTR2_DTAE);
3204:Drivers/STM32G4xx_HAL_Driver/Src/stm32g4xx_hal_tim_ex.c ****   return HAL_OK;
3205:Drivers/STM32G4xx_HAL_Driver/Src/stm32g4xx_hal_tim_ex.c **** }
3206:Drivers/STM32G4xx_HAL_Driver/Src/stm32g4xx_hal_tim_ex.c **** 
3207:Drivers/STM32G4xx_HAL_Driver/Src/stm32g4xx_hal_tim_ex.c **** /**
3208:Drivers/STM32G4xx_HAL_Driver/Src/stm32g4xx_hal_tim_ex.c ****   * @brief  Configures the encoder index.
3209:Drivers/STM32G4xx_HAL_Driver/Src/stm32g4xx_hal_tim_ex.c ****   * @note   warning in case of encoder mode clock plus direction
3210:Drivers/STM32G4xx_HAL_Driver/Src/stm32g4xx_hal_tim_ex.c ****   *                    @ref TIM_ENCODERMODE_CLOCKPLUSDIRECTION_X1 or @ref TIM_ENCODERMODE_CLOCKPLUS
3211:Drivers/STM32G4xx_HAL_Driver/Src/stm32g4xx_hal_tim_ex.c ****   *         Direction must be set to @ref TIM_ENCODERINDEX_DIRECTION_UP_DOWN
3212:Drivers/STM32G4xx_HAL_Driver/Src/stm32g4xx_hal_tim_ex.c ****   * @param  htim TIM handle.
3213:Drivers/STM32G4xx_HAL_Driver/Src/stm32g4xx_hal_tim_ex.c ****   * @param  sEncoderIndexConfig Encoder index configuration
3214:Drivers/STM32G4xx_HAL_Driver/Src/stm32g4xx_hal_tim_ex.c ****   * @retval HAL status
3215:Drivers/STM32G4xx_HAL_Driver/Src/stm32g4xx_hal_tim_ex.c ****   */
3216:Drivers/STM32G4xx_HAL_Driver/Src/stm32g4xx_hal_tim_ex.c **** HAL_StatusTypeDef HAL_TIMEx_ConfigEncoderIndex(TIM_HandleTypeDef *htim,
3217:Drivers/STM32G4xx_HAL_Driver/Src/stm32g4xx_hal_tim_ex.c ****                                                TIMEx_EncoderIndexConfigTypeDef *sEncoderIndexConfig
3218:Drivers/STM32G4xx_HAL_Driver/Src/stm32g4xx_hal_tim_ex.c **** {
3219:Drivers/STM32G4xx_HAL_Driver/Src/stm32g4xx_hal_tim_ex.c ****   /* Check the parameters */
3220:Drivers/STM32G4xx_HAL_Driver/Src/stm32g4xx_hal_tim_ex.c ****   assert_param(IS_TIM_ENCODER_INTERFACE_INSTANCE(htim->Instance));
3221:Drivers/STM32G4xx_HAL_Driver/Src/stm32g4xx_hal_tim_ex.c ****   assert_param(IS_TIM_ENCODERINDEX_POLARITY(sEncoderIndexConfig->Polarity));
3222:Drivers/STM32G4xx_HAL_Driver/Src/stm32g4xx_hal_tim_ex.c ****   assert_param(IS_TIM_ENCODERINDEX_PRESCALER(sEncoderIndexConfig->Prescaler));
ARM GAS  /tmp/ccAXGFxz.s 			page 58


3223:Drivers/STM32G4xx_HAL_Driver/Src/stm32g4xx_hal_tim_ex.c ****   assert_param(IS_TIM_ENCODERINDEX_FILTER(sEncoderIndexConfig->Filter));
3224:Drivers/STM32G4xx_HAL_Driver/Src/stm32g4xx_hal_tim_ex.c ****   assert_param(IS_FUNCTIONAL_STATE(sEncoderIndexConfig->FirstIndexEnable));
3225:Drivers/STM32G4xx_HAL_Driver/Src/stm32g4xx_hal_tim_ex.c ****   assert_param(IS_TIM_ENCODERINDEX_POSITION(sEncoderIndexConfig->Position));
3226:Drivers/STM32G4xx_HAL_Driver/Src/stm32g4xx_hal_tim_ex.c ****   assert_param(IS_TIM_ENCODERINDEX_DIRECTION(sEncoderIndexConfig->Direction));
3227:Drivers/STM32G4xx_HAL_Driver/Src/stm32g4xx_hal_tim_ex.c **** 
3228:Drivers/STM32G4xx_HAL_Driver/Src/stm32g4xx_hal_tim_ex.c ****   /* Process Locked */
3229:Drivers/STM32G4xx_HAL_Driver/Src/stm32g4xx_hal_tim_ex.c ****   __HAL_LOCK(htim);
3230:Drivers/STM32G4xx_HAL_Driver/Src/stm32g4xx_hal_tim_ex.c **** 
3231:Drivers/STM32G4xx_HAL_Driver/Src/stm32g4xx_hal_tim_ex.c ****   /* Configures the TIMx External Trigger (ETR) which is used as Index input */
3232:Drivers/STM32G4xx_HAL_Driver/Src/stm32g4xx_hal_tim_ex.c ****   TIM_ETR_SetConfig(htim->Instance,
3233:Drivers/STM32G4xx_HAL_Driver/Src/stm32g4xx_hal_tim_ex.c ****                     sEncoderIndexConfig->Prescaler,
3234:Drivers/STM32G4xx_HAL_Driver/Src/stm32g4xx_hal_tim_ex.c ****                     sEncoderIndexConfig->Polarity,
3235:Drivers/STM32G4xx_HAL_Driver/Src/stm32g4xx_hal_tim_ex.c ****                     sEncoderIndexConfig->Filter);
3236:Drivers/STM32G4xx_HAL_Driver/Src/stm32g4xx_hal_tim_ex.c **** 
3237:Drivers/STM32G4xx_HAL_Driver/Src/stm32g4xx_hal_tim_ex.c ****   /* Configures the encoder index */
3238:Drivers/STM32G4xx_HAL_Driver/Src/stm32g4xx_hal_tim_ex.c ****   MODIFY_REG(htim->Instance->ECR,
3239:Drivers/STM32G4xx_HAL_Driver/Src/stm32g4xx_hal_tim_ex.c ****              TIM_ECR_IDIR_Msk | TIM_ECR_FIDX_Msk | TIM_ECR_IPOS_Msk,
3240:Drivers/STM32G4xx_HAL_Driver/Src/stm32g4xx_hal_tim_ex.c ****              (sEncoderIndexConfig->Direction |
3241:Drivers/STM32G4xx_HAL_Driver/Src/stm32g4xx_hal_tim_ex.c ****               ((sEncoderIndexConfig->FirstIndexEnable == ENABLE) ? (0x1U << TIM_ECR_FIDX_Pos) : 0U)
3242:Drivers/STM32G4xx_HAL_Driver/Src/stm32g4xx_hal_tim_ex.c ****               sEncoderIndexConfig->Position |
3243:Drivers/STM32G4xx_HAL_Driver/Src/stm32g4xx_hal_tim_ex.c ****               TIM_ECR_IE));
3244:Drivers/STM32G4xx_HAL_Driver/Src/stm32g4xx_hal_tim_ex.c **** 
3245:Drivers/STM32G4xx_HAL_Driver/Src/stm32g4xx_hal_tim_ex.c ****   __HAL_UNLOCK(htim);
3246:Drivers/STM32G4xx_HAL_Driver/Src/stm32g4xx_hal_tim_ex.c **** 
3247:Drivers/STM32G4xx_HAL_Driver/Src/stm32g4xx_hal_tim_ex.c ****   return HAL_OK;
3248:Drivers/STM32G4xx_HAL_Driver/Src/stm32g4xx_hal_tim_ex.c **** }
3249:Drivers/STM32G4xx_HAL_Driver/Src/stm32g4xx_hal_tim_ex.c **** 
3250:Drivers/STM32G4xx_HAL_Driver/Src/stm32g4xx_hal_tim_ex.c **** /**
3251:Drivers/STM32G4xx_HAL_Driver/Src/stm32g4xx_hal_tim_ex.c ****   * @brief  Enable encoder index
3252:Drivers/STM32G4xx_HAL_Driver/Src/stm32g4xx_hal_tim_ex.c ****   * @param  htim TIM handle
3253:Drivers/STM32G4xx_HAL_Driver/Src/stm32g4xx_hal_tim_ex.c ****   * @retval HAL status
3254:Drivers/STM32G4xx_HAL_Driver/Src/stm32g4xx_hal_tim_ex.c ****   */
3255:Drivers/STM32G4xx_HAL_Driver/Src/stm32g4xx_hal_tim_ex.c **** HAL_StatusTypeDef HAL_TIMEx_EnableEncoderIndex(TIM_HandleTypeDef *htim)
3256:Drivers/STM32G4xx_HAL_Driver/Src/stm32g4xx_hal_tim_ex.c **** {
3257:Drivers/STM32G4xx_HAL_Driver/Src/stm32g4xx_hal_tim_ex.c ****   /* Check the parameters */
3258:Drivers/STM32G4xx_HAL_Driver/Src/stm32g4xx_hal_tim_ex.c ****   assert_param(IS_TIM_ENCODER_INTERFACE_INSTANCE(htim->Instance));
3259:Drivers/STM32G4xx_HAL_Driver/Src/stm32g4xx_hal_tim_ex.c **** 
3260:Drivers/STM32G4xx_HAL_Driver/Src/stm32g4xx_hal_tim_ex.c ****   SET_BIT(htim->Instance->ECR, TIM_ECR_IE);
3261:Drivers/STM32G4xx_HAL_Driver/Src/stm32g4xx_hal_tim_ex.c ****   return HAL_OK;
3262:Drivers/STM32G4xx_HAL_Driver/Src/stm32g4xx_hal_tim_ex.c **** }
3263:Drivers/STM32G4xx_HAL_Driver/Src/stm32g4xx_hal_tim_ex.c **** 
3264:Drivers/STM32G4xx_HAL_Driver/Src/stm32g4xx_hal_tim_ex.c **** /**
3265:Drivers/STM32G4xx_HAL_Driver/Src/stm32g4xx_hal_tim_ex.c ****   * @brief  Disable encoder index
3266:Drivers/STM32G4xx_HAL_Driver/Src/stm32g4xx_hal_tim_ex.c ****   * @param  htim TIM handle
3267:Drivers/STM32G4xx_HAL_Driver/Src/stm32g4xx_hal_tim_ex.c ****   * @retval HAL status
3268:Drivers/STM32G4xx_HAL_Driver/Src/stm32g4xx_hal_tim_ex.c ****   */
3269:Drivers/STM32G4xx_HAL_Driver/Src/stm32g4xx_hal_tim_ex.c **** HAL_StatusTypeDef HAL_TIMEx_DisableEncoderIndex(TIM_HandleTypeDef *htim)
3270:Drivers/STM32G4xx_HAL_Driver/Src/stm32g4xx_hal_tim_ex.c **** {
3271:Drivers/STM32G4xx_HAL_Driver/Src/stm32g4xx_hal_tim_ex.c ****   /* Check the parameters */
3272:Drivers/STM32G4xx_HAL_Driver/Src/stm32g4xx_hal_tim_ex.c ****   assert_param(IS_TIM_ENCODER_INTERFACE_INSTANCE(htim->Instance));
3273:Drivers/STM32G4xx_HAL_Driver/Src/stm32g4xx_hal_tim_ex.c **** 
3274:Drivers/STM32G4xx_HAL_Driver/Src/stm32g4xx_hal_tim_ex.c ****   CLEAR_BIT(htim->Instance->ECR, TIM_ECR_IE);
3275:Drivers/STM32G4xx_HAL_Driver/Src/stm32g4xx_hal_tim_ex.c ****   return HAL_OK;
3276:Drivers/STM32G4xx_HAL_Driver/Src/stm32g4xx_hal_tim_ex.c **** }
3277:Drivers/STM32G4xx_HAL_Driver/Src/stm32g4xx_hal_tim_ex.c **** 
3278:Drivers/STM32G4xx_HAL_Driver/Src/stm32g4xx_hal_tim_ex.c **** /**
3279:Drivers/STM32G4xx_HAL_Driver/Src/stm32g4xx_hal_tim_ex.c ****   * @brief  Enable encoder first index
ARM GAS  /tmp/ccAXGFxz.s 			page 59


3280:Drivers/STM32G4xx_HAL_Driver/Src/stm32g4xx_hal_tim_ex.c ****   * @param  htim TIM handle
3281:Drivers/STM32G4xx_HAL_Driver/Src/stm32g4xx_hal_tim_ex.c ****   * @retval HAL status
3282:Drivers/STM32G4xx_HAL_Driver/Src/stm32g4xx_hal_tim_ex.c ****   */
3283:Drivers/STM32G4xx_HAL_Driver/Src/stm32g4xx_hal_tim_ex.c **** HAL_StatusTypeDef HAL_TIMEx_EnableEncoderFirstIndex(TIM_HandleTypeDef *htim)
3284:Drivers/STM32G4xx_HAL_Driver/Src/stm32g4xx_hal_tim_ex.c **** {
3285:Drivers/STM32G4xx_HAL_Driver/Src/stm32g4xx_hal_tim_ex.c ****   /* Check the parameters */
3286:Drivers/STM32G4xx_HAL_Driver/Src/stm32g4xx_hal_tim_ex.c ****   assert_param(IS_TIM_ENCODER_INTERFACE_INSTANCE(htim->Instance));
3287:Drivers/STM32G4xx_HAL_Driver/Src/stm32g4xx_hal_tim_ex.c **** 
3288:Drivers/STM32G4xx_HAL_Driver/Src/stm32g4xx_hal_tim_ex.c ****   SET_BIT(htim->Instance->ECR, TIM_ECR_FIDX);
3289:Drivers/STM32G4xx_HAL_Driver/Src/stm32g4xx_hal_tim_ex.c ****   return HAL_OK;
3290:Drivers/STM32G4xx_HAL_Driver/Src/stm32g4xx_hal_tim_ex.c **** }
3291:Drivers/STM32G4xx_HAL_Driver/Src/stm32g4xx_hal_tim_ex.c **** 
3292:Drivers/STM32G4xx_HAL_Driver/Src/stm32g4xx_hal_tim_ex.c **** /**
3293:Drivers/STM32G4xx_HAL_Driver/Src/stm32g4xx_hal_tim_ex.c ****   * @brief  Disable encoder first index
3294:Drivers/STM32G4xx_HAL_Driver/Src/stm32g4xx_hal_tim_ex.c ****   * @param  htim TIM handle
3295:Drivers/STM32G4xx_HAL_Driver/Src/stm32g4xx_hal_tim_ex.c ****   * @retval HAL status
3296:Drivers/STM32G4xx_HAL_Driver/Src/stm32g4xx_hal_tim_ex.c ****   */
3297:Drivers/STM32G4xx_HAL_Driver/Src/stm32g4xx_hal_tim_ex.c **** HAL_StatusTypeDef HAL_TIMEx_DisableEncoderFirstIndex(TIM_HandleTypeDef *htim)
3298:Drivers/STM32G4xx_HAL_Driver/Src/stm32g4xx_hal_tim_ex.c **** {
3299:Drivers/STM32G4xx_HAL_Driver/Src/stm32g4xx_hal_tim_ex.c ****   /* Check the parameters */
3300:Drivers/STM32G4xx_HAL_Driver/Src/stm32g4xx_hal_tim_ex.c ****   assert_param(IS_TIM_ENCODER_INTERFACE_INSTANCE(htim->Instance));
3301:Drivers/STM32G4xx_HAL_Driver/Src/stm32g4xx_hal_tim_ex.c **** 
3302:Drivers/STM32G4xx_HAL_Driver/Src/stm32g4xx_hal_tim_ex.c ****   CLEAR_BIT(htim->Instance->ECR, TIM_ECR_FIDX);
3303:Drivers/STM32G4xx_HAL_Driver/Src/stm32g4xx_hal_tim_ex.c ****   return HAL_OK;
3304:Drivers/STM32G4xx_HAL_Driver/Src/stm32g4xx_hal_tim_ex.c **** }
3305:Drivers/STM32G4xx_HAL_Driver/Src/stm32g4xx_hal_tim_ex.c **** 
3306:Drivers/STM32G4xx_HAL_Driver/Src/stm32g4xx_hal_tim_ex.c **** /**
3307:Drivers/STM32G4xx_HAL_Driver/Src/stm32g4xx_hal_tim_ex.c ****   * @}
3308:Drivers/STM32G4xx_HAL_Driver/Src/stm32g4xx_hal_tim_ex.c ****   */
3309:Drivers/STM32G4xx_HAL_Driver/Src/stm32g4xx_hal_tim_ex.c **** 
3310:Drivers/STM32G4xx_HAL_Driver/Src/stm32g4xx_hal_tim_ex.c **** /** @defgroup TIMEx_Exported_Functions_Group6 Extended Callbacks functions
3311:Drivers/STM32G4xx_HAL_Driver/Src/stm32g4xx_hal_tim_ex.c ****   * @brief    Extended Callbacks functions
3312:Drivers/STM32G4xx_HAL_Driver/Src/stm32g4xx_hal_tim_ex.c ****   *
3313:Drivers/STM32G4xx_HAL_Driver/Src/stm32g4xx_hal_tim_ex.c **** @verbatim
3314:Drivers/STM32G4xx_HAL_Driver/Src/stm32g4xx_hal_tim_ex.c ****   ==============================================================================
3315:Drivers/STM32G4xx_HAL_Driver/Src/stm32g4xx_hal_tim_ex.c ****                     ##### Extended Callbacks functions #####
3316:Drivers/STM32G4xx_HAL_Driver/Src/stm32g4xx_hal_tim_ex.c ****   ==============================================================================
3317:Drivers/STM32G4xx_HAL_Driver/Src/stm32g4xx_hal_tim_ex.c ****   [..]
3318:Drivers/STM32G4xx_HAL_Driver/Src/stm32g4xx_hal_tim_ex.c ****     This section provides Extended TIM callback functions:
3319:Drivers/STM32G4xx_HAL_Driver/Src/stm32g4xx_hal_tim_ex.c ****     (+) Timer Commutation callback
3320:Drivers/STM32G4xx_HAL_Driver/Src/stm32g4xx_hal_tim_ex.c ****     (+) Timer Break callback
3321:Drivers/STM32G4xx_HAL_Driver/Src/stm32g4xx_hal_tim_ex.c **** 
3322:Drivers/STM32G4xx_HAL_Driver/Src/stm32g4xx_hal_tim_ex.c **** @endverbatim
3323:Drivers/STM32G4xx_HAL_Driver/Src/stm32g4xx_hal_tim_ex.c ****   * @{
3324:Drivers/STM32G4xx_HAL_Driver/Src/stm32g4xx_hal_tim_ex.c ****   */
3325:Drivers/STM32G4xx_HAL_Driver/Src/stm32g4xx_hal_tim_ex.c **** 
3326:Drivers/STM32G4xx_HAL_Driver/Src/stm32g4xx_hal_tim_ex.c **** /**
3327:Drivers/STM32G4xx_HAL_Driver/Src/stm32g4xx_hal_tim_ex.c ****   * @brief  Commutation callback in non-blocking mode
3328:Drivers/STM32G4xx_HAL_Driver/Src/stm32g4xx_hal_tim_ex.c ****   * @param  htim TIM handle
3329:Drivers/STM32G4xx_HAL_Driver/Src/stm32g4xx_hal_tim_ex.c ****   * @retval None
3330:Drivers/STM32G4xx_HAL_Driver/Src/stm32g4xx_hal_tim_ex.c ****   */
3331:Drivers/STM32G4xx_HAL_Driver/Src/stm32g4xx_hal_tim_ex.c **** __weak void HAL_TIMEx_CommutCallback(TIM_HandleTypeDef *htim)
3332:Drivers/STM32G4xx_HAL_Driver/Src/stm32g4xx_hal_tim_ex.c **** {
3333:Drivers/STM32G4xx_HAL_Driver/Src/stm32g4xx_hal_tim_ex.c ****   /* Prevent unused argument(s) compilation warning */
3334:Drivers/STM32G4xx_HAL_Driver/Src/stm32g4xx_hal_tim_ex.c ****   UNUSED(htim);
3335:Drivers/STM32G4xx_HAL_Driver/Src/stm32g4xx_hal_tim_ex.c **** 
3336:Drivers/STM32G4xx_HAL_Driver/Src/stm32g4xx_hal_tim_ex.c ****   /* NOTE : This function should not be modified, when the callback is needed,
ARM GAS  /tmp/ccAXGFxz.s 			page 60


3337:Drivers/STM32G4xx_HAL_Driver/Src/stm32g4xx_hal_tim_ex.c ****             the HAL_TIMEx_CommutCallback could be implemented in the user file
3338:Drivers/STM32G4xx_HAL_Driver/Src/stm32g4xx_hal_tim_ex.c ****    */
3339:Drivers/STM32G4xx_HAL_Driver/Src/stm32g4xx_hal_tim_ex.c **** }
3340:Drivers/STM32G4xx_HAL_Driver/Src/stm32g4xx_hal_tim_ex.c **** /**
3341:Drivers/STM32G4xx_HAL_Driver/Src/stm32g4xx_hal_tim_ex.c ****   * @brief  Commutation half complete callback in non-blocking mode
3342:Drivers/STM32G4xx_HAL_Driver/Src/stm32g4xx_hal_tim_ex.c ****   * @param  htim TIM handle
3343:Drivers/STM32G4xx_HAL_Driver/Src/stm32g4xx_hal_tim_ex.c ****   * @retval None
3344:Drivers/STM32G4xx_HAL_Driver/Src/stm32g4xx_hal_tim_ex.c ****   */
3345:Drivers/STM32G4xx_HAL_Driver/Src/stm32g4xx_hal_tim_ex.c **** __weak void HAL_TIMEx_CommutHalfCpltCallback(TIM_HandleTypeDef *htim)
3346:Drivers/STM32G4xx_HAL_Driver/Src/stm32g4xx_hal_tim_ex.c **** {
3347:Drivers/STM32G4xx_HAL_Driver/Src/stm32g4xx_hal_tim_ex.c ****   /* Prevent unused argument(s) compilation warning */
3348:Drivers/STM32G4xx_HAL_Driver/Src/stm32g4xx_hal_tim_ex.c ****   UNUSED(htim);
3349:Drivers/STM32G4xx_HAL_Driver/Src/stm32g4xx_hal_tim_ex.c **** 
3350:Drivers/STM32G4xx_HAL_Driver/Src/stm32g4xx_hal_tim_ex.c ****   /* NOTE : This function should not be modified, when the callback is needed,
3351:Drivers/STM32G4xx_HAL_Driver/Src/stm32g4xx_hal_tim_ex.c ****             the HAL_TIMEx_CommutHalfCpltCallback could be implemented in the user file
3352:Drivers/STM32G4xx_HAL_Driver/Src/stm32g4xx_hal_tim_ex.c ****    */
3353:Drivers/STM32G4xx_HAL_Driver/Src/stm32g4xx_hal_tim_ex.c **** }
3354:Drivers/STM32G4xx_HAL_Driver/Src/stm32g4xx_hal_tim_ex.c **** 
3355:Drivers/STM32G4xx_HAL_Driver/Src/stm32g4xx_hal_tim_ex.c **** /**
3356:Drivers/STM32G4xx_HAL_Driver/Src/stm32g4xx_hal_tim_ex.c ****   * @brief  Break detection callback in non-blocking mode
3357:Drivers/STM32G4xx_HAL_Driver/Src/stm32g4xx_hal_tim_ex.c ****   * @param  htim TIM handle
3358:Drivers/STM32G4xx_HAL_Driver/Src/stm32g4xx_hal_tim_ex.c ****   * @retval None
3359:Drivers/STM32G4xx_HAL_Driver/Src/stm32g4xx_hal_tim_ex.c ****   */
3360:Drivers/STM32G4xx_HAL_Driver/Src/stm32g4xx_hal_tim_ex.c **** __weak void HAL_TIMEx_BreakCallback(TIM_HandleTypeDef *htim)
3361:Drivers/STM32G4xx_HAL_Driver/Src/stm32g4xx_hal_tim_ex.c **** {
3362:Drivers/STM32G4xx_HAL_Driver/Src/stm32g4xx_hal_tim_ex.c ****   /* Prevent unused argument(s) compilation warning */
3363:Drivers/STM32G4xx_HAL_Driver/Src/stm32g4xx_hal_tim_ex.c ****   UNUSED(htim);
3364:Drivers/STM32G4xx_HAL_Driver/Src/stm32g4xx_hal_tim_ex.c **** 
3365:Drivers/STM32G4xx_HAL_Driver/Src/stm32g4xx_hal_tim_ex.c ****   /* NOTE : This function should not be modified, when the callback is needed,
3366:Drivers/STM32G4xx_HAL_Driver/Src/stm32g4xx_hal_tim_ex.c ****             the HAL_TIMEx_BreakCallback could be implemented in the user file
3367:Drivers/STM32G4xx_HAL_Driver/Src/stm32g4xx_hal_tim_ex.c ****    */
3368:Drivers/STM32G4xx_HAL_Driver/Src/stm32g4xx_hal_tim_ex.c **** }
3369:Drivers/STM32G4xx_HAL_Driver/Src/stm32g4xx_hal_tim_ex.c **** 
3370:Drivers/STM32G4xx_HAL_Driver/Src/stm32g4xx_hal_tim_ex.c **** /**
3371:Drivers/STM32G4xx_HAL_Driver/Src/stm32g4xx_hal_tim_ex.c ****   * @brief  Break2 detection callback in non blocking mode
3372:Drivers/STM32G4xx_HAL_Driver/Src/stm32g4xx_hal_tim_ex.c ****   * @param  htim: TIM handle
3373:Drivers/STM32G4xx_HAL_Driver/Src/stm32g4xx_hal_tim_ex.c ****   * @retval None
3374:Drivers/STM32G4xx_HAL_Driver/Src/stm32g4xx_hal_tim_ex.c ****   */
3375:Drivers/STM32G4xx_HAL_Driver/Src/stm32g4xx_hal_tim_ex.c **** __weak void HAL_TIMEx_Break2Callback(TIM_HandleTypeDef *htim)
3376:Drivers/STM32G4xx_HAL_Driver/Src/stm32g4xx_hal_tim_ex.c **** {
3377:Drivers/STM32G4xx_HAL_Driver/Src/stm32g4xx_hal_tim_ex.c ****   /* Prevent unused argument(s) compilation warning */
3378:Drivers/STM32G4xx_HAL_Driver/Src/stm32g4xx_hal_tim_ex.c ****   UNUSED(htim);
3379:Drivers/STM32G4xx_HAL_Driver/Src/stm32g4xx_hal_tim_ex.c **** 
3380:Drivers/STM32G4xx_HAL_Driver/Src/stm32g4xx_hal_tim_ex.c ****   /* NOTE : This function Should not be modified, when the callback is needed,
3381:Drivers/STM32G4xx_HAL_Driver/Src/stm32g4xx_hal_tim_ex.c ****             the HAL_TIMEx_Break2Callback could be implemented in the user file
3382:Drivers/STM32G4xx_HAL_Driver/Src/stm32g4xx_hal_tim_ex.c ****    */
3383:Drivers/STM32G4xx_HAL_Driver/Src/stm32g4xx_hal_tim_ex.c **** }
3384:Drivers/STM32G4xx_HAL_Driver/Src/stm32g4xx_hal_tim_ex.c **** 
3385:Drivers/STM32G4xx_HAL_Driver/Src/stm32g4xx_hal_tim_ex.c **** /**
3386:Drivers/STM32G4xx_HAL_Driver/Src/stm32g4xx_hal_tim_ex.c ****   * @brief  Encoder index callback in non-blocking mode
3387:Drivers/STM32G4xx_HAL_Driver/Src/stm32g4xx_hal_tim_ex.c ****   * @param  htim TIM handle
3388:Drivers/STM32G4xx_HAL_Driver/Src/stm32g4xx_hal_tim_ex.c ****   * @retval None
3389:Drivers/STM32G4xx_HAL_Driver/Src/stm32g4xx_hal_tim_ex.c ****   */
3390:Drivers/STM32G4xx_HAL_Driver/Src/stm32g4xx_hal_tim_ex.c **** __weak void HAL_TIMEx_EncoderIndexCallback(TIM_HandleTypeDef *htim)
3391:Drivers/STM32G4xx_HAL_Driver/Src/stm32g4xx_hal_tim_ex.c **** {
3392:Drivers/STM32G4xx_HAL_Driver/Src/stm32g4xx_hal_tim_ex.c ****   /* Prevent unused argument(s) compilation warning */
3393:Drivers/STM32G4xx_HAL_Driver/Src/stm32g4xx_hal_tim_ex.c ****   UNUSED(htim);
ARM GAS  /tmp/ccAXGFxz.s 			page 61


3394:Drivers/STM32G4xx_HAL_Driver/Src/stm32g4xx_hal_tim_ex.c **** 
3395:Drivers/STM32G4xx_HAL_Driver/Src/stm32g4xx_hal_tim_ex.c ****   /* NOTE : This function should not be modified, when the callback is needed,
3396:Drivers/STM32G4xx_HAL_Driver/Src/stm32g4xx_hal_tim_ex.c ****             the HAL_TIMEx_EncoderIndexCallback could be implemented in the user file
3397:Drivers/STM32G4xx_HAL_Driver/Src/stm32g4xx_hal_tim_ex.c ****    */
3398:Drivers/STM32G4xx_HAL_Driver/Src/stm32g4xx_hal_tim_ex.c **** }
3399:Drivers/STM32G4xx_HAL_Driver/Src/stm32g4xx_hal_tim_ex.c **** 
3400:Drivers/STM32G4xx_HAL_Driver/Src/stm32g4xx_hal_tim_ex.c **** /**
3401:Drivers/STM32G4xx_HAL_Driver/Src/stm32g4xx_hal_tim_ex.c ****   * @brief  Direction change callback in non-blocking mode
3402:Drivers/STM32G4xx_HAL_Driver/Src/stm32g4xx_hal_tim_ex.c ****   * @param  htim TIM handle
3403:Drivers/STM32G4xx_HAL_Driver/Src/stm32g4xx_hal_tim_ex.c ****   * @retval None
3404:Drivers/STM32G4xx_HAL_Driver/Src/stm32g4xx_hal_tim_ex.c ****   */
3405:Drivers/STM32G4xx_HAL_Driver/Src/stm32g4xx_hal_tim_ex.c **** __weak void HAL_TIMEx_DirectionChangeCallback(TIM_HandleTypeDef *htim)
3406:Drivers/STM32G4xx_HAL_Driver/Src/stm32g4xx_hal_tim_ex.c **** {
3407:Drivers/STM32G4xx_HAL_Driver/Src/stm32g4xx_hal_tim_ex.c ****   /* Prevent unused argument(s) compilation warning */
3408:Drivers/STM32G4xx_HAL_Driver/Src/stm32g4xx_hal_tim_ex.c ****   UNUSED(htim);
3409:Drivers/STM32G4xx_HAL_Driver/Src/stm32g4xx_hal_tim_ex.c **** 
3410:Drivers/STM32G4xx_HAL_Driver/Src/stm32g4xx_hal_tim_ex.c ****   /* NOTE : This function should not be modified, when the callback is needed,
3411:Drivers/STM32G4xx_HAL_Driver/Src/stm32g4xx_hal_tim_ex.c ****             the HAL_TIMEx_DirectionChangeCallback could be implemented in the user file
3412:Drivers/STM32G4xx_HAL_Driver/Src/stm32g4xx_hal_tim_ex.c ****    */
3413:Drivers/STM32G4xx_HAL_Driver/Src/stm32g4xx_hal_tim_ex.c **** }
3414:Drivers/STM32G4xx_HAL_Driver/Src/stm32g4xx_hal_tim_ex.c **** 
3415:Drivers/STM32G4xx_HAL_Driver/Src/stm32g4xx_hal_tim_ex.c **** /**
3416:Drivers/STM32G4xx_HAL_Driver/Src/stm32g4xx_hal_tim_ex.c ****   * @brief  Index error callback in non-blocking mode
3417:Drivers/STM32G4xx_HAL_Driver/Src/stm32g4xx_hal_tim_ex.c ****   * @param  htim TIM handle
3418:Drivers/STM32G4xx_HAL_Driver/Src/stm32g4xx_hal_tim_ex.c ****   * @retval None
3419:Drivers/STM32G4xx_HAL_Driver/Src/stm32g4xx_hal_tim_ex.c ****   */
3420:Drivers/STM32G4xx_HAL_Driver/Src/stm32g4xx_hal_tim_ex.c **** __weak void HAL_TIMEx_IndexErrorCallback(TIM_HandleTypeDef *htim)
3421:Drivers/STM32G4xx_HAL_Driver/Src/stm32g4xx_hal_tim_ex.c **** {
3422:Drivers/STM32G4xx_HAL_Driver/Src/stm32g4xx_hal_tim_ex.c ****   /* Prevent unused argument(s) compilation warning */
3423:Drivers/STM32G4xx_HAL_Driver/Src/stm32g4xx_hal_tim_ex.c ****   UNUSED(htim);
3424:Drivers/STM32G4xx_HAL_Driver/Src/stm32g4xx_hal_tim_ex.c **** 
3425:Drivers/STM32G4xx_HAL_Driver/Src/stm32g4xx_hal_tim_ex.c ****   /* NOTE : This function should not be modified, when the callback is needed,
3426:Drivers/STM32G4xx_HAL_Driver/Src/stm32g4xx_hal_tim_ex.c ****             the HAL_TIMEx_IndexErrorCallback could be implemented in the user file
3427:Drivers/STM32G4xx_HAL_Driver/Src/stm32g4xx_hal_tim_ex.c ****    */
3428:Drivers/STM32G4xx_HAL_Driver/Src/stm32g4xx_hal_tim_ex.c **** }
3429:Drivers/STM32G4xx_HAL_Driver/Src/stm32g4xx_hal_tim_ex.c **** 
3430:Drivers/STM32G4xx_HAL_Driver/Src/stm32g4xx_hal_tim_ex.c **** /**
3431:Drivers/STM32G4xx_HAL_Driver/Src/stm32g4xx_hal_tim_ex.c ****   * @brief  Transition error callback in non-blocking mode
3432:Drivers/STM32G4xx_HAL_Driver/Src/stm32g4xx_hal_tim_ex.c ****   * @param  htim TIM handle
3433:Drivers/STM32G4xx_HAL_Driver/Src/stm32g4xx_hal_tim_ex.c ****   * @retval None
3434:Drivers/STM32G4xx_HAL_Driver/Src/stm32g4xx_hal_tim_ex.c ****   */
3435:Drivers/STM32G4xx_HAL_Driver/Src/stm32g4xx_hal_tim_ex.c **** __weak void HAL_TIMEx_TransitionErrorCallback(TIM_HandleTypeDef *htim)
3436:Drivers/STM32G4xx_HAL_Driver/Src/stm32g4xx_hal_tim_ex.c **** {
3437:Drivers/STM32G4xx_HAL_Driver/Src/stm32g4xx_hal_tim_ex.c ****   /* Prevent unused argument(s) compilation warning */
3438:Drivers/STM32G4xx_HAL_Driver/Src/stm32g4xx_hal_tim_ex.c ****   UNUSED(htim);
3439:Drivers/STM32G4xx_HAL_Driver/Src/stm32g4xx_hal_tim_ex.c **** 
3440:Drivers/STM32G4xx_HAL_Driver/Src/stm32g4xx_hal_tim_ex.c ****   /* NOTE : This function should not be modified, when the callback is needed,
3441:Drivers/STM32G4xx_HAL_Driver/Src/stm32g4xx_hal_tim_ex.c ****             the HAL_TIMEx_TransitionErrorCallback could be implemented in the user file
3442:Drivers/STM32G4xx_HAL_Driver/Src/stm32g4xx_hal_tim_ex.c ****    */
3443:Drivers/STM32G4xx_HAL_Driver/Src/stm32g4xx_hal_tim_ex.c **** }
3444:Drivers/STM32G4xx_HAL_Driver/Src/stm32g4xx_hal_tim_ex.c **** 
3445:Drivers/STM32G4xx_HAL_Driver/Src/stm32g4xx_hal_tim_ex.c **** /**
3446:Drivers/STM32G4xx_HAL_Driver/Src/stm32g4xx_hal_tim_ex.c ****   * @}
3447:Drivers/STM32G4xx_HAL_Driver/Src/stm32g4xx_hal_tim_ex.c ****   */
3448:Drivers/STM32G4xx_HAL_Driver/Src/stm32g4xx_hal_tim_ex.c **** 
3449:Drivers/STM32G4xx_HAL_Driver/Src/stm32g4xx_hal_tim_ex.c **** /** @defgroup TIMEx_Exported_Functions_Group7 Extended Peripheral State functions
3450:Drivers/STM32G4xx_HAL_Driver/Src/stm32g4xx_hal_tim_ex.c ****   * @brief    Extended Peripheral State functions
ARM GAS  /tmp/ccAXGFxz.s 			page 62


3451:Drivers/STM32G4xx_HAL_Driver/Src/stm32g4xx_hal_tim_ex.c ****   *
3452:Drivers/STM32G4xx_HAL_Driver/Src/stm32g4xx_hal_tim_ex.c **** @verbatim
3453:Drivers/STM32G4xx_HAL_Driver/Src/stm32g4xx_hal_tim_ex.c ****   ==============================================================================
3454:Drivers/STM32G4xx_HAL_Driver/Src/stm32g4xx_hal_tim_ex.c ****                 ##### Extended Peripheral State functions #####
3455:Drivers/STM32G4xx_HAL_Driver/Src/stm32g4xx_hal_tim_ex.c ****   ==============================================================================
3456:Drivers/STM32G4xx_HAL_Driver/Src/stm32g4xx_hal_tim_ex.c ****   [..]
3457:Drivers/STM32G4xx_HAL_Driver/Src/stm32g4xx_hal_tim_ex.c ****     This subsection permits to get in run-time the status of the peripheral
3458:Drivers/STM32G4xx_HAL_Driver/Src/stm32g4xx_hal_tim_ex.c ****     and the data flow.
3459:Drivers/STM32G4xx_HAL_Driver/Src/stm32g4xx_hal_tim_ex.c **** 
3460:Drivers/STM32G4xx_HAL_Driver/Src/stm32g4xx_hal_tim_ex.c **** @endverbatim
3461:Drivers/STM32G4xx_HAL_Driver/Src/stm32g4xx_hal_tim_ex.c ****   * @{
3462:Drivers/STM32G4xx_HAL_Driver/Src/stm32g4xx_hal_tim_ex.c ****   */
3463:Drivers/STM32G4xx_HAL_Driver/Src/stm32g4xx_hal_tim_ex.c **** 
3464:Drivers/STM32G4xx_HAL_Driver/Src/stm32g4xx_hal_tim_ex.c **** /**
3465:Drivers/STM32G4xx_HAL_Driver/Src/stm32g4xx_hal_tim_ex.c ****   * @brief  Return the TIM Hall Sensor interface handle state.
3466:Drivers/STM32G4xx_HAL_Driver/Src/stm32g4xx_hal_tim_ex.c ****   * @param  htim TIM Hall Sensor handle
3467:Drivers/STM32G4xx_HAL_Driver/Src/stm32g4xx_hal_tim_ex.c ****   * @retval HAL state
3468:Drivers/STM32G4xx_HAL_Driver/Src/stm32g4xx_hal_tim_ex.c ****   */
3469:Drivers/STM32G4xx_HAL_Driver/Src/stm32g4xx_hal_tim_ex.c **** HAL_TIM_StateTypeDef HAL_TIMEx_HallSensor_GetState(const TIM_HandleTypeDef *htim)
3470:Drivers/STM32G4xx_HAL_Driver/Src/stm32g4xx_hal_tim_ex.c **** {
3471:Drivers/STM32G4xx_HAL_Driver/Src/stm32g4xx_hal_tim_ex.c ****   return htim->State;
3472:Drivers/STM32G4xx_HAL_Driver/Src/stm32g4xx_hal_tim_ex.c **** }
3473:Drivers/STM32G4xx_HAL_Driver/Src/stm32g4xx_hal_tim_ex.c **** 
3474:Drivers/STM32G4xx_HAL_Driver/Src/stm32g4xx_hal_tim_ex.c **** /**
3475:Drivers/STM32G4xx_HAL_Driver/Src/stm32g4xx_hal_tim_ex.c ****   * @brief  Return actual state of the TIM complementary channel.
3476:Drivers/STM32G4xx_HAL_Driver/Src/stm32g4xx_hal_tim_ex.c ****   * @param  htim TIM handle
3477:Drivers/STM32G4xx_HAL_Driver/Src/stm32g4xx_hal_tim_ex.c ****   * @param  ChannelN TIM Complementary channel
3478:Drivers/STM32G4xx_HAL_Driver/Src/stm32g4xx_hal_tim_ex.c ****   *          This parameter can be one of the following values:
3479:Drivers/STM32G4xx_HAL_Driver/Src/stm32g4xx_hal_tim_ex.c ****   *            @arg TIM_CHANNEL_1: TIM Channel 1 selected
3480:Drivers/STM32G4xx_HAL_Driver/Src/stm32g4xx_hal_tim_ex.c ****   *            @arg TIM_CHANNEL_2: TIM Channel 2 selected
3481:Drivers/STM32G4xx_HAL_Driver/Src/stm32g4xx_hal_tim_ex.c ****   *            @arg TIM_CHANNEL_3: TIM Channel 3 selected
3482:Drivers/STM32G4xx_HAL_Driver/Src/stm32g4xx_hal_tim_ex.c ****   *            @arg TIM_CHANNEL_4: TIM Channel 4 selected
3483:Drivers/STM32G4xx_HAL_Driver/Src/stm32g4xx_hal_tim_ex.c ****   * @retval TIM Complementary channel state
3484:Drivers/STM32G4xx_HAL_Driver/Src/stm32g4xx_hal_tim_ex.c ****   */
3485:Drivers/STM32G4xx_HAL_Driver/Src/stm32g4xx_hal_tim_ex.c **** HAL_TIM_ChannelStateTypeDef HAL_TIMEx_GetChannelNState(const TIM_HandleTypeDef *htim,  uint32_t Cha
3486:Drivers/STM32G4xx_HAL_Driver/Src/stm32g4xx_hal_tim_ex.c **** {
3487:Drivers/STM32G4xx_HAL_Driver/Src/stm32g4xx_hal_tim_ex.c ****   HAL_TIM_ChannelStateTypeDef channel_state;
3488:Drivers/STM32G4xx_HAL_Driver/Src/stm32g4xx_hal_tim_ex.c **** 
3489:Drivers/STM32G4xx_HAL_Driver/Src/stm32g4xx_hal_tim_ex.c ****   /* Check the parameters */
3490:Drivers/STM32G4xx_HAL_Driver/Src/stm32g4xx_hal_tim_ex.c ****   assert_param(IS_TIM_CCXN_INSTANCE(htim->Instance, ChannelN));
3491:Drivers/STM32G4xx_HAL_Driver/Src/stm32g4xx_hal_tim_ex.c **** 
3492:Drivers/STM32G4xx_HAL_Driver/Src/stm32g4xx_hal_tim_ex.c ****   channel_state = TIM_CHANNEL_N_STATE_GET(htim, ChannelN);
3493:Drivers/STM32G4xx_HAL_Driver/Src/stm32g4xx_hal_tim_ex.c **** 
3494:Drivers/STM32G4xx_HAL_Driver/Src/stm32g4xx_hal_tim_ex.c ****   return channel_state;
3495:Drivers/STM32G4xx_HAL_Driver/Src/stm32g4xx_hal_tim_ex.c **** }
3496:Drivers/STM32G4xx_HAL_Driver/Src/stm32g4xx_hal_tim_ex.c **** /**
3497:Drivers/STM32G4xx_HAL_Driver/Src/stm32g4xx_hal_tim_ex.c ****   * @}
3498:Drivers/STM32G4xx_HAL_Driver/Src/stm32g4xx_hal_tim_ex.c ****   */
3499:Drivers/STM32G4xx_HAL_Driver/Src/stm32g4xx_hal_tim_ex.c **** 
3500:Drivers/STM32G4xx_HAL_Driver/Src/stm32g4xx_hal_tim_ex.c **** /**
3501:Drivers/STM32G4xx_HAL_Driver/Src/stm32g4xx_hal_tim_ex.c ****   * @}
3502:Drivers/STM32G4xx_HAL_Driver/Src/stm32g4xx_hal_tim_ex.c ****   */
3503:Drivers/STM32G4xx_HAL_Driver/Src/stm32g4xx_hal_tim_ex.c **** 
3504:Drivers/STM32G4xx_HAL_Driver/Src/stm32g4xx_hal_tim_ex.c **** /* Private functions ---------------------------------------------------------*/
3505:Drivers/STM32G4xx_HAL_Driver/Src/stm32g4xx_hal_tim_ex.c **** /** @defgroup TIMEx_Private_Functions TIM Extended Private Functions
3506:Drivers/STM32G4xx_HAL_Driver/Src/stm32g4xx_hal_tim_ex.c ****   * @{
3507:Drivers/STM32G4xx_HAL_Driver/Src/stm32g4xx_hal_tim_ex.c ****   */
ARM GAS  /tmp/ccAXGFxz.s 			page 63


3508:Drivers/STM32G4xx_HAL_Driver/Src/stm32g4xx_hal_tim_ex.c **** 
3509:Drivers/STM32G4xx_HAL_Driver/Src/stm32g4xx_hal_tim_ex.c **** /**
3510:Drivers/STM32G4xx_HAL_Driver/Src/stm32g4xx_hal_tim_ex.c ****   * @brief  TIM DMA Commutation callback.
3511:Drivers/STM32G4xx_HAL_Driver/Src/stm32g4xx_hal_tim_ex.c ****   * @param  hdma pointer to DMA handle.
3512:Drivers/STM32G4xx_HAL_Driver/Src/stm32g4xx_hal_tim_ex.c ****   * @retval None
3513:Drivers/STM32G4xx_HAL_Driver/Src/stm32g4xx_hal_tim_ex.c ****   */
3514:Drivers/STM32G4xx_HAL_Driver/Src/stm32g4xx_hal_tim_ex.c **** void TIMEx_DMACommutationCplt(DMA_HandleTypeDef *hdma)
3515:Drivers/STM32G4xx_HAL_Driver/Src/stm32g4xx_hal_tim_ex.c **** {
3516:Drivers/STM32G4xx_HAL_Driver/Src/stm32g4xx_hal_tim_ex.c ****   TIM_HandleTypeDef *htim = (TIM_HandleTypeDef *)((DMA_HandleTypeDef *)hdma)->Parent;
3517:Drivers/STM32G4xx_HAL_Driver/Src/stm32g4xx_hal_tim_ex.c **** 
3518:Drivers/STM32G4xx_HAL_Driver/Src/stm32g4xx_hal_tim_ex.c ****   /* Change the htim state */
3519:Drivers/STM32G4xx_HAL_Driver/Src/stm32g4xx_hal_tim_ex.c ****   htim->State = HAL_TIM_STATE_READY;
3520:Drivers/STM32G4xx_HAL_Driver/Src/stm32g4xx_hal_tim_ex.c **** 
3521:Drivers/STM32G4xx_HAL_Driver/Src/stm32g4xx_hal_tim_ex.c **** #if (USE_HAL_TIM_REGISTER_CALLBACKS == 1)
3522:Drivers/STM32G4xx_HAL_Driver/Src/stm32g4xx_hal_tim_ex.c ****   htim->CommutationCallback(htim);
3523:Drivers/STM32G4xx_HAL_Driver/Src/stm32g4xx_hal_tim_ex.c **** #else
3524:Drivers/STM32G4xx_HAL_Driver/Src/stm32g4xx_hal_tim_ex.c ****   HAL_TIMEx_CommutCallback(htim);
3525:Drivers/STM32G4xx_HAL_Driver/Src/stm32g4xx_hal_tim_ex.c **** #endif /* USE_HAL_TIM_REGISTER_CALLBACKS */
3526:Drivers/STM32G4xx_HAL_Driver/Src/stm32g4xx_hal_tim_ex.c **** }
3527:Drivers/STM32G4xx_HAL_Driver/Src/stm32g4xx_hal_tim_ex.c **** 
3528:Drivers/STM32G4xx_HAL_Driver/Src/stm32g4xx_hal_tim_ex.c **** /**
3529:Drivers/STM32G4xx_HAL_Driver/Src/stm32g4xx_hal_tim_ex.c ****   * @brief  TIM DMA Commutation half complete callback.
3530:Drivers/STM32G4xx_HAL_Driver/Src/stm32g4xx_hal_tim_ex.c ****   * @param  hdma pointer to DMA handle.
3531:Drivers/STM32G4xx_HAL_Driver/Src/stm32g4xx_hal_tim_ex.c ****   * @retval None
3532:Drivers/STM32G4xx_HAL_Driver/Src/stm32g4xx_hal_tim_ex.c ****   */
3533:Drivers/STM32G4xx_HAL_Driver/Src/stm32g4xx_hal_tim_ex.c **** void TIMEx_DMACommutationHalfCplt(DMA_HandleTypeDef *hdma)
3534:Drivers/STM32G4xx_HAL_Driver/Src/stm32g4xx_hal_tim_ex.c **** {
3535:Drivers/STM32G4xx_HAL_Driver/Src/stm32g4xx_hal_tim_ex.c ****   TIM_HandleTypeDef *htim = (TIM_HandleTypeDef *)((DMA_HandleTypeDef *)hdma)->Parent;
3536:Drivers/STM32G4xx_HAL_Driver/Src/stm32g4xx_hal_tim_ex.c **** 
3537:Drivers/STM32G4xx_HAL_Driver/Src/stm32g4xx_hal_tim_ex.c ****   /* Change the htim state */
3538:Drivers/STM32G4xx_HAL_Driver/Src/stm32g4xx_hal_tim_ex.c ****   htim->State = HAL_TIM_STATE_READY;
3539:Drivers/STM32G4xx_HAL_Driver/Src/stm32g4xx_hal_tim_ex.c **** 
3540:Drivers/STM32G4xx_HAL_Driver/Src/stm32g4xx_hal_tim_ex.c **** #if (USE_HAL_TIM_REGISTER_CALLBACKS == 1)
3541:Drivers/STM32G4xx_HAL_Driver/Src/stm32g4xx_hal_tim_ex.c ****   htim->CommutationHalfCpltCallback(htim);
3542:Drivers/STM32G4xx_HAL_Driver/Src/stm32g4xx_hal_tim_ex.c **** #else
3543:Drivers/STM32G4xx_HAL_Driver/Src/stm32g4xx_hal_tim_ex.c ****   HAL_TIMEx_CommutHalfCpltCallback(htim);
3544:Drivers/STM32G4xx_HAL_Driver/Src/stm32g4xx_hal_tim_ex.c **** #endif /* USE_HAL_TIM_REGISTER_CALLBACKS */
3545:Drivers/STM32G4xx_HAL_Driver/Src/stm32g4xx_hal_tim_ex.c **** }
3546:Drivers/STM32G4xx_HAL_Driver/Src/stm32g4xx_hal_tim_ex.c **** 
3547:Drivers/STM32G4xx_HAL_Driver/Src/stm32g4xx_hal_tim_ex.c **** 
3548:Drivers/STM32G4xx_HAL_Driver/Src/stm32g4xx_hal_tim_ex.c **** /**
3549:Drivers/STM32G4xx_HAL_Driver/Src/stm32g4xx_hal_tim_ex.c ****   * @brief  TIM DMA Delay Pulse complete callback (complementary channel).
3550:Drivers/STM32G4xx_HAL_Driver/Src/stm32g4xx_hal_tim_ex.c ****   * @param  hdma pointer to DMA handle.
3551:Drivers/STM32G4xx_HAL_Driver/Src/stm32g4xx_hal_tim_ex.c ****   * @retval None
3552:Drivers/STM32G4xx_HAL_Driver/Src/stm32g4xx_hal_tim_ex.c ****   */
3553:Drivers/STM32G4xx_HAL_Driver/Src/stm32g4xx_hal_tim_ex.c **** static void TIM_DMADelayPulseNCplt(DMA_HandleTypeDef *hdma)
3554:Drivers/STM32G4xx_HAL_Driver/Src/stm32g4xx_hal_tim_ex.c **** {
3555:Drivers/STM32G4xx_HAL_Driver/Src/stm32g4xx_hal_tim_ex.c ****   TIM_HandleTypeDef *htim = (TIM_HandleTypeDef *)((DMA_HandleTypeDef *)hdma)->Parent;
3556:Drivers/STM32G4xx_HAL_Driver/Src/stm32g4xx_hal_tim_ex.c **** 
3557:Drivers/STM32G4xx_HAL_Driver/Src/stm32g4xx_hal_tim_ex.c ****   if (hdma == htim->hdma[TIM_DMA_ID_CC1])
3558:Drivers/STM32G4xx_HAL_Driver/Src/stm32g4xx_hal_tim_ex.c ****   {
3559:Drivers/STM32G4xx_HAL_Driver/Src/stm32g4xx_hal_tim_ex.c ****     htim->Channel = HAL_TIM_ACTIVE_CHANNEL_1;
3560:Drivers/STM32G4xx_HAL_Driver/Src/stm32g4xx_hal_tim_ex.c **** 
3561:Drivers/STM32G4xx_HAL_Driver/Src/stm32g4xx_hal_tim_ex.c ****     if (hdma->Init.Mode == DMA_NORMAL)
3562:Drivers/STM32G4xx_HAL_Driver/Src/stm32g4xx_hal_tim_ex.c ****     {
3563:Drivers/STM32G4xx_HAL_Driver/Src/stm32g4xx_hal_tim_ex.c ****       TIM_CHANNEL_N_STATE_SET(htim, TIM_CHANNEL_1, HAL_TIM_CHANNEL_STATE_READY);
3564:Drivers/STM32G4xx_HAL_Driver/Src/stm32g4xx_hal_tim_ex.c ****     }
ARM GAS  /tmp/ccAXGFxz.s 			page 64


3565:Drivers/STM32G4xx_HAL_Driver/Src/stm32g4xx_hal_tim_ex.c ****   }
3566:Drivers/STM32G4xx_HAL_Driver/Src/stm32g4xx_hal_tim_ex.c ****   else if (hdma == htim->hdma[TIM_DMA_ID_CC2])
3567:Drivers/STM32G4xx_HAL_Driver/Src/stm32g4xx_hal_tim_ex.c ****   {
3568:Drivers/STM32G4xx_HAL_Driver/Src/stm32g4xx_hal_tim_ex.c ****     htim->Channel = HAL_TIM_ACTIVE_CHANNEL_2;
3569:Drivers/STM32G4xx_HAL_Driver/Src/stm32g4xx_hal_tim_ex.c **** 
3570:Drivers/STM32G4xx_HAL_Driver/Src/stm32g4xx_hal_tim_ex.c ****     if (hdma->Init.Mode == DMA_NORMAL)
3571:Drivers/STM32G4xx_HAL_Driver/Src/stm32g4xx_hal_tim_ex.c ****     {
3572:Drivers/STM32G4xx_HAL_Driver/Src/stm32g4xx_hal_tim_ex.c ****       TIM_CHANNEL_N_STATE_SET(htim, TIM_CHANNEL_2, HAL_TIM_CHANNEL_STATE_READY);
3573:Drivers/STM32G4xx_HAL_Driver/Src/stm32g4xx_hal_tim_ex.c ****     }
3574:Drivers/STM32G4xx_HAL_Driver/Src/stm32g4xx_hal_tim_ex.c ****   }
3575:Drivers/STM32G4xx_HAL_Driver/Src/stm32g4xx_hal_tim_ex.c ****   else if (hdma == htim->hdma[TIM_DMA_ID_CC3])
3576:Drivers/STM32G4xx_HAL_Driver/Src/stm32g4xx_hal_tim_ex.c ****   {
3577:Drivers/STM32G4xx_HAL_Driver/Src/stm32g4xx_hal_tim_ex.c ****     htim->Channel = HAL_TIM_ACTIVE_CHANNEL_3;
3578:Drivers/STM32G4xx_HAL_Driver/Src/stm32g4xx_hal_tim_ex.c **** 
3579:Drivers/STM32G4xx_HAL_Driver/Src/stm32g4xx_hal_tim_ex.c ****     if (hdma->Init.Mode == DMA_NORMAL)
3580:Drivers/STM32G4xx_HAL_Driver/Src/stm32g4xx_hal_tim_ex.c ****     {
3581:Drivers/STM32G4xx_HAL_Driver/Src/stm32g4xx_hal_tim_ex.c ****       TIM_CHANNEL_N_STATE_SET(htim, TIM_CHANNEL_3, HAL_TIM_CHANNEL_STATE_READY);
3582:Drivers/STM32G4xx_HAL_Driver/Src/stm32g4xx_hal_tim_ex.c ****     }
3583:Drivers/STM32G4xx_HAL_Driver/Src/stm32g4xx_hal_tim_ex.c ****   }
3584:Drivers/STM32G4xx_HAL_Driver/Src/stm32g4xx_hal_tim_ex.c ****   else if (hdma == htim->hdma[TIM_DMA_ID_CC4])
3585:Drivers/STM32G4xx_HAL_Driver/Src/stm32g4xx_hal_tim_ex.c ****   {
3586:Drivers/STM32G4xx_HAL_Driver/Src/stm32g4xx_hal_tim_ex.c ****     htim->Channel = HAL_TIM_ACTIVE_CHANNEL_4;
3587:Drivers/STM32G4xx_HAL_Driver/Src/stm32g4xx_hal_tim_ex.c **** 
3588:Drivers/STM32G4xx_HAL_Driver/Src/stm32g4xx_hal_tim_ex.c ****     if (hdma->Init.Mode == DMA_NORMAL)
3589:Drivers/STM32G4xx_HAL_Driver/Src/stm32g4xx_hal_tim_ex.c ****     {
3590:Drivers/STM32G4xx_HAL_Driver/Src/stm32g4xx_hal_tim_ex.c ****       TIM_CHANNEL_N_STATE_SET(htim, TIM_CHANNEL_4, HAL_TIM_CHANNEL_STATE_READY);
3591:Drivers/STM32G4xx_HAL_Driver/Src/stm32g4xx_hal_tim_ex.c ****     }
3592:Drivers/STM32G4xx_HAL_Driver/Src/stm32g4xx_hal_tim_ex.c ****   }
3593:Drivers/STM32G4xx_HAL_Driver/Src/stm32g4xx_hal_tim_ex.c ****   else
3594:Drivers/STM32G4xx_HAL_Driver/Src/stm32g4xx_hal_tim_ex.c ****   {
3595:Drivers/STM32G4xx_HAL_Driver/Src/stm32g4xx_hal_tim_ex.c ****     /* nothing to do */
3596:Drivers/STM32G4xx_HAL_Driver/Src/stm32g4xx_hal_tim_ex.c ****   }
3597:Drivers/STM32G4xx_HAL_Driver/Src/stm32g4xx_hal_tim_ex.c **** 
3598:Drivers/STM32G4xx_HAL_Driver/Src/stm32g4xx_hal_tim_ex.c **** #if (USE_HAL_TIM_REGISTER_CALLBACKS == 1)
3599:Drivers/STM32G4xx_HAL_Driver/Src/stm32g4xx_hal_tim_ex.c ****   htim->PWM_PulseFinishedCallback(htim);
3600:Drivers/STM32G4xx_HAL_Driver/Src/stm32g4xx_hal_tim_ex.c **** #else
3601:Drivers/STM32G4xx_HAL_Driver/Src/stm32g4xx_hal_tim_ex.c ****   HAL_TIM_PWM_PulseFinishedCallback(htim);
3602:Drivers/STM32G4xx_HAL_Driver/Src/stm32g4xx_hal_tim_ex.c **** #endif /* USE_HAL_TIM_REGISTER_CALLBACKS */
3603:Drivers/STM32G4xx_HAL_Driver/Src/stm32g4xx_hal_tim_ex.c **** 
3604:Drivers/STM32G4xx_HAL_Driver/Src/stm32g4xx_hal_tim_ex.c ****   htim->Channel = HAL_TIM_ACTIVE_CHANNEL_CLEARED;
3605:Drivers/STM32G4xx_HAL_Driver/Src/stm32g4xx_hal_tim_ex.c **** }
3606:Drivers/STM32G4xx_HAL_Driver/Src/stm32g4xx_hal_tim_ex.c **** 
3607:Drivers/STM32G4xx_HAL_Driver/Src/stm32g4xx_hal_tim_ex.c **** /**
3608:Drivers/STM32G4xx_HAL_Driver/Src/stm32g4xx_hal_tim_ex.c ****   * @brief  TIM DMA error callback (complementary channel)
3609:Drivers/STM32G4xx_HAL_Driver/Src/stm32g4xx_hal_tim_ex.c ****   * @param  hdma pointer to DMA handle.
3610:Drivers/STM32G4xx_HAL_Driver/Src/stm32g4xx_hal_tim_ex.c ****   * @retval None
3611:Drivers/STM32G4xx_HAL_Driver/Src/stm32g4xx_hal_tim_ex.c ****   */
3612:Drivers/STM32G4xx_HAL_Driver/Src/stm32g4xx_hal_tim_ex.c **** static void TIM_DMAErrorCCxN(DMA_HandleTypeDef *hdma)
3613:Drivers/STM32G4xx_HAL_Driver/Src/stm32g4xx_hal_tim_ex.c **** {
3614:Drivers/STM32G4xx_HAL_Driver/Src/stm32g4xx_hal_tim_ex.c ****   TIM_HandleTypeDef *htim = (TIM_HandleTypeDef *)((DMA_HandleTypeDef *)hdma)->Parent;
3615:Drivers/STM32G4xx_HAL_Driver/Src/stm32g4xx_hal_tim_ex.c **** 
3616:Drivers/STM32G4xx_HAL_Driver/Src/stm32g4xx_hal_tim_ex.c ****   if (hdma == htim->hdma[TIM_DMA_ID_CC1])
3617:Drivers/STM32G4xx_HAL_Driver/Src/stm32g4xx_hal_tim_ex.c ****   {
3618:Drivers/STM32G4xx_HAL_Driver/Src/stm32g4xx_hal_tim_ex.c ****     htim->Channel = HAL_TIM_ACTIVE_CHANNEL_1;
3619:Drivers/STM32G4xx_HAL_Driver/Src/stm32g4xx_hal_tim_ex.c ****     TIM_CHANNEL_N_STATE_SET(htim, TIM_CHANNEL_1, HAL_TIM_CHANNEL_STATE_READY);
3620:Drivers/STM32G4xx_HAL_Driver/Src/stm32g4xx_hal_tim_ex.c ****   }
3621:Drivers/STM32G4xx_HAL_Driver/Src/stm32g4xx_hal_tim_ex.c ****   else if (hdma == htim->hdma[TIM_DMA_ID_CC2])
ARM GAS  /tmp/ccAXGFxz.s 			page 65


3622:Drivers/STM32G4xx_HAL_Driver/Src/stm32g4xx_hal_tim_ex.c ****   {
3623:Drivers/STM32G4xx_HAL_Driver/Src/stm32g4xx_hal_tim_ex.c ****     htim->Channel = HAL_TIM_ACTIVE_CHANNEL_2;
3624:Drivers/STM32G4xx_HAL_Driver/Src/stm32g4xx_hal_tim_ex.c ****     TIM_CHANNEL_N_STATE_SET(htim, TIM_CHANNEL_2, HAL_TIM_CHANNEL_STATE_READY);
3625:Drivers/STM32G4xx_HAL_Driver/Src/stm32g4xx_hal_tim_ex.c ****   }
3626:Drivers/STM32G4xx_HAL_Driver/Src/stm32g4xx_hal_tim_ex.c ****   else if (hdma == htim->hdma[TIM_DMA_ID_CC3])
3627:Drivers/STM32G4xx_HAL_Driver/Src/stm32g4xx_hal_tim_ex.c ****   {
3628:Drivers/STM32G4xx_HAL_Driver/Src/stm32g4xx_hal_tim_ex.c ****     htim->Channel = HAL_TIM_ACTIVE_CHANNEL_3;
3629:Drivers/STM32G4xx_HAL_Driver/Src/stm32g4xx_hal_tim_ex.c ****     TIM_CHANNEL_N_STATE_SET(htim, TIM_CHANNEL_3, HAL_TIM_CHANNEL_STATE_READY);
3630:Drivers/STM32G4xx_HAL_Driver/Src/stm32g4xx_hal_tim_ex.c ****   }
3631:Drivers/STM32G4xx_HAL_Driver/Src/stm32g4xx_hal_tim_ex.c ****   else if (hdma == htim->hdma[TIM_DMA_ID_CC4])
3632:Drivers/STM32G4xx_HAL_Driver/Src/stm32g4xx_hal_tim_ex.c ****   {
3633:Drivers/STM32G4xx_HAL_Driver/Src/stm32g4xx_hal_tim_ex.c ****     htim->Channel = HAL_TIM_ACTIVE_CHANNEL_4;
3634:Drivers/STM32G4xx_HAL_Driver/Src/stm32g4xx_hal_tim_ex.c ****     TIM_CHANNEL_N_STATE_SET(htim, TIM_CHANNEL_4, HAL_TIM_CHANNEL_STATE_READY);
3635:Drivers/STM32G4xx_HAL_Driver/Src/stm32g4xx_hal_tim_ex.c ****   }
3636:Drivers/STM32G4xx_HAL_Driver/Src/stm32g4xx_hal_tim_ex.c ****   else
3637:Drivers/STM32G4xx_HAL_Driver/Src/stm32g4xx_hal_tim_ex.c ****   {
3638:Drivers/STM32G4xx_HAL_Driver/Src/stm32g4xx_hal_tim_ex.c ****     /* nothing to do */
3639:Drivers/STM32G4xx_HAL_Driver/Src/stm32g4xx_hal_tim_ex.c ****   }
3640:Drivers/STM32G4xx_HAL_Driver/Src/stm32g4xx_hal_tim_ex.c **** 
3641:Drivers/STM32G4xx_HAL_Driver/Src/stm32g4xx_hal_tim_ex.c **** #if (USE_HAL_TIM_REGISTER_CALLBACKS == 1)
3642:Drivers/STM32G4xx_HAL_Driver/Src/stm32g4xx_hal_tim_ex.c ****   htim->ErrorCallback(htim);
3643:Drivers/STM32G4xx_HAL_Driver/Src/stm32g4xx_hal_tim_ex.c **** #else
3644:Drivers/STM32G4xx_HAL_Driver/Src/stm32g4xx_hal_tim_ex.c ****   HAL_TIM_ErrorCallback(htim);
3645:Drivers/STM32G4xx_HAL_Driver/Src/stm32g4xx_hal_tim_ex.c **** #endif /* USE_HAL_TIM_REGISTER_CALLBACKS */
3646:Drivers/STM32G4xx_HAL_Driver/Src/stm32g4xx_hal_tim_ex.c **** 
3647:Drivers/STM32G4xx_HAL_Driver/Src/stm32g4xx_hal_tim_ex.c ****   htim->Channel = HAL_TIM_ACTIVE_CHANNEL_CLEARED;
3648:Drivers/STM32G4xx_HAL_Driver/Src/stm32g4xx_hal_tim_ex.c **** }
3649:Drivers/STM32G4xx_HAL_Driver/Src/stm32g4xx_hal_tim_ex.c **** 
3650:Drivers/STM32G4xx_HAL_Driver/Src/stm32g4xx_hal_tim_ex.c **** /**
3651:Drivers/STM32G4xx_HAL_Driver/Src/stm32g4xx_hal_tim_ex.c ****   * @brief  Enables or disables the TIM Capture Compare Channel xN.
3652:Drivers/STM32G4xx_HAL_Driver/Src/stm32g4xx_hal_tim_ex.c ****   * @param  TIMx to select the TIM peripheral
3653:Drivers/STM32G4xx_HAL_Driver/Src/stm32g4xx_hal_tim_ex.c ****   * @param  Channel specifies the TIM Channel
3654:Drivers/STM32G4xx_HAL_Driver/Src/stm32g4xx_hal_tim_ex.c ****   *          This parameter can be one of the following values:
3655:Drivers/STM32G4xx_HAL_Driver/Src/stm32g4xx_hal_tim_ex.c ****   *            @arg TIM_CHANNEL_1: TIM Channel 1 selected
3656:Drivers/STM32G4xx_HAL_Driver/Src/stm32g4xx_hal_tim_ex.c ****   *            @arg TIM_CHANNEL_2: TIM Channel 2 selected
3657:Drivers/STM32G4xx_HAL_Driver/Src/stm32g4xx_hal_tim_ex.c ****   *            @arg TIM_CHANNEL_3: TIM Channel 3 selected
3658:Drivers/STM32G4xx_HAL_Driver/Src/stm32g4xx_hal_tim_ex.c ****   *            @arg TIM_CHANNEL_4: TIM Channel 4 selected
3659:Drivers/STM32G4xx_HAL_Driver/Src/stm32g4xx_hal_tim_ex.c ****   * @param  ChannelNState specifies the TIM Channel CCxNE bit new state.
3660:Drivers/STM32G4xx_HAL_Driver/Src/stm32g4xx_hal_tim_ex.c ****   *          This parameter can be: TIM_CCxN_ENABLE or TIM_CCxN_Disable.
3661:Drivers/STM32G4xx_HAL_Driver/Src/stm32g4xx_hal_tim_ex.c ****   * @retval None
3662:Drivers/STM32G4xx_HAL_Driver/Src/stm32g4xx_hal_tim_ex.c ****   */
3663:Drivers/STM32G4xx_HAL_Driver/Src/stm32g4xx_hal_tim_ex.c **** static void TIM_CCxNChannelCmd(TIM_TypeDef *TIMx, uint32_t Channel, uint32_t ChannelNState)
3664:Drivers/STM32G4xx_HAL_Driver/Src/stm32g4xx_hal_tim_ex.c **** {
  29              		.loc 1 3664 1 view -0
  30              		.cfi_startproc
  31              		@ args = 0, pretend = 0, frame = 0
  32              		@ frame_needed = 0, uses_anonymous_args = 0
  33              		@ link register save eliminated.
3665:Drivers/STM32G4xx_HAL_Driver/Src/stm32g4xx_hal_tim_ex.c ****   uint32_t tmp;
  34              		.loc 1 3665 3 view .LVU1
3666:Drivers/STM32G4xx_HAL_Driver/Src/stm32g4xx_hal_tim_ex.c **** 
3667:Drivers/STM32G4xx_HAL_Driver/Src/stm32g4xx_hal_tim_ex.c ****   tmp = TIM_CCER_CC1NE << (Channel & 0xFU); /* 0xFU = 15 bits max shift */
  35              		.loc 1 3667 3 view .LVU2
  36              		.loc 1 3667 36 is_stmt 0 view .LVU3
  37 0000 01F00F01 		and	r1, r1, #15
  38              	.LVL1:
  39              		.loc 1 3667 7 view .LVU4
ARM GAS  /tmp/ccAXGFxz.s 			page 66


  40 0004 4FF0040C 		mov	ip, #4
  41 0008 0CFA01FC 		lsl	ip, ip, r1
  42              	.LVL2:
3668:Drivers/STM32G4xx_HAL_Driver/Src/stm32g4xx_hal_tim_ex.c **** 
3669:Drivers/STM32G4xx_HAL_Driver/Src/stm32g4xx_hal_tim_ex.c ****   /* Reset the CCxNE Bit */
3670:Drivers/STM32G4xx_HAL_Driver/Src/stm32g4xx_hal_tim_ex.c ****   TIMx->CCER &=  ~tmp;
  43              		.loc 1 3670 3 is_stmt 1 view .LVU5
  44              		.loc 1 3670 7 is_stmt 0 view .LVU6
  45 000c 036A     		ldr	r3, [r0, #32]
  46              		.loc 1 3670 14 view .LVU7
  47 000e 23EA0C03 		bic	r3, r3, ip
  48 0012 0362     		str	r3, [r0, #32]
3671:Drivers/STM32G4xx_HAL_Driver/Src/stm32g4xx_hal_tim_ex.c **** 
3672:Drivers/STM32G4xx_HAL_Driver/Src/stm32g4xx_hal_tim_ex.c ****   /* Set or reset the CCxNE Bit */
3673:Drivers/STM32G4xx_HAL_Driver/Src/stm32g4xx_hal_tim_ex.c ****   TIMx->CCER |= (uint32_t)(ChannelNState << (Channel & 0xFU)); /* 0xFU = 15 bits max shift */
  49              		.loc 1 3673 3 is_stmt 1 view .LVU8
  50              		.loc 1 3673 7 is_stmt 0 view .LVU9
  51 0014 036A     		ldr	r3, [r0, #32]
  52              		.loc 1 3673 42 view .LVU10
  53 0016 8A40     		lsls	r2, r2, r1
  54              	.LVL3:
  55              		.loc 1 3673 14 view .LVU11
  56 0018 1343     		orrs	r3, r3, r2
  57 001a 0362     		str	r3, [r0, #32]
3674:Drivers/STM32G4xx_HAL_Driver/Src/stm32g4xx_hal_tim_ex.c **** }
  58              		.loc 1 3674 1 view .LVU12
  59 001c 7047     		bx	lr
  60              		.cfi_endproc
  61              	.LFE397:
  63              		.section	.text.TIM_DMAErrorCCxN,"ax",%progbits
  64              		.align	1
  65              		.syntax unified
  66              		.thumb
  67              		.thumb_func
  69              	TIM_DMAErrorCCxN:
  70              	.LVL4:
  71              	.LFB396:
3613:Drivers/STM32G4xx_HAL_Driver/Src/stm32g4xx_hal_tim_ex.c ****   TIM_HandleTypeDef *htim = (TIM_HandleTypeDef *)((DMA_HandleTypeDef *)hdma)->Parent;
  72              		.loc 1 3613 1 is_stmt 1 view -0
  73              		.cfi_startproc
  74              		@ args = 0, pretend = 0, frame = 0
  75              		@ frame_needed = 0, uses_anonymous_args = 0
3613:Drivers/STM32G4xx_HAL_Driver/Src/stm32g4xx_hal_tim_ex.c ****   TIM_HandleTypeDef *htim = (TIM_HandleTypeDef *)((DMA_HandleTypeDef *)hdma)->Parent;
  76              		.loc 1 3613 1 is_stmt 0 view .LVU14
  77 0000 10B5     		push	{r4, lr}
  78              	.LCFI0:
  79              		.cfi_def_cfa_offset 8
  80              		.cfi_offset 4, -8
  81              		.cfi_offset 14, -4
3614:Drivers/STM32G4xx_HAL_Driver/Src/stm32g4xx_hal_tim_ex.c **** 
  82              		.loc 1 3614 3 is_stmt 1 view .LVU15
3614:Drivers/STM32G4xx_HAL_Driver/Src/stm32g4xx_hal_tim_ex.c **** 
  83              		.loc 1 3614 22 is_stmt 0 view .LVU16
  84 0002 846A     		ldr	r4, [r0, #40]
  85              	.LVL5:
3616:Drivers/STM32G4xx_HAL_Driver/Src/stm32g4xx_hal_tim_ex.c ****   {
  86              		.loc 1 3616 3 is_stmt 1 view .LVU17
ARM GAS  /tmp/ccAXGFxz.s 			page 67


3616:Drivers/STM32G4xx_HAL_Driver/Src/stm32g4xx_hal_tim_ex.c ****   {
  87              		.loc 1 3616 25 is_stmt 0 view .LVU18
  88 0004 636A     		ldr	r3, [r4, #36]
3616:Drivers/STM32G4xx_HAL_Driver/Src/stm32g4xx_hal_tim_ex.c ****   {
  89              		.loc 1 3616 6 view .LVU19
  90 0006 8342     		cmp	r3, r0
  91 0008 0ED0     		beq	.L8
3621:Drivers/STM32G4xx_HAL_Driver/Src/stm32g4xx_hal_tim_ex.c ****   {
  92              		.loc 1 3621 8 is_stmt 1 view .LVU20
3621:Drivers/STM32G4xx_HAL_Driver/Src/stm32g4xx_hal_tim_ex.c ****   {
  93              		.loc 1 3621 30 is_stmt 0 view .LVU21
  94 000a A36A     		ldr	r3, [r4, #40]
3621:Drivers/STM32G4xx_HAL_Driver/Src/stm32g4xx_hal_tim_ex.c ****   {
  95              		.loc 1 3621 11 view .LVU22
  96 000c 8342     		cmp	r3, r0
  97 000e 15D0     		beq	.L9
3626:Drivers/STM32G4xx_HAL_Driver/Src/stm32g4xx_hal_tim_ex.c ****   {
  98              		.loc 1 3626 8 is_stmt 1 view .LVU23
3626:Drivers/STM32G4xx_HAL_Driver/Src/stm32g4xx_hal_tim_ex.c ****   {
  99              		.loc 1 3626 30 is_stmt 0 view .LVU24
 100 0010 E36A     		ldr	r3, [r4, #44]
3626:Drivers/STM32G4xx_HAL_Driver/Src/stm32g4xx_hal_tim_ex.c ****   {
 101              		.loc 1 3626 11 view .LVU25
 102 0012 8342     		cmp	r3, r0
 103 0014 18D0     		beq	.L10
3631:Drivers/STM32G4xx_HAL_Driver/Src/stm32g4xx_hal_tim_ex.c ****   {
 104              		.loc 1 3631 8 is_stmt 1 view .LVU26
3631:Drivers/STM32G4xx_HAL_Driver/Src/stm32g4xx_hal_tim_ex.c ****   {
 105              		.loc 1 3631 30 is_stmt 0 view .LVU27
 106 0016 236B     		ldr	r3, [r4, #48]
3631:Drivers/STM32G4xx_HAL_Driver/Src/stm32g4xx_hal_tim_ex.c ****   {
 107              		.loc 1 3631 11 view .LVU28
 108 0018 8342     		cmp	r3, r0
 109 001a 09D1     		bne	.L4
3633:Drivers/STM32G4xx_HAL_Driver/Src/stm32g4xx_hal_tim_ex.c ****     TIM_CHANNEL_N_STATE_SET(htim, TIM_CHANNEL_4, HAL_TIM_CHANNEL_STATE_READY);
 110              		.loc 1 3633 5 is_stmt 1 view .LVU29
3633:Drivers/STM32G4xx_HAL_Driver/Src/stm32g4xx_hal_tim_ex.c ****     TIM_CHANNEL_N_STATE_SET(htim, TIM_CHANNEL_4, HAL_TIM_CHANNEL_STATE_READY);
 111              		.loc 1 3633 19 is_stmt 0 view .LVU30
 112 001c 0823     		movs	r3, #8
 113 001e 2377     		strb	r3, [r4, #28]
3634:Drivers/STM32G4xx_HAL_Driver/Src/stm32g4xx_hal_tim_ex.c ****   }
 114              		.loc 1 3634 5 is_stmt 1 view .LVU31
 115 0020 0123     		movs	r3, #1
 116 0022 84F84730 		strb	r3, [r4, #71]
 117 0026 03E0     		b	.L4
 118              	.L8:
3618:Drivers/STM32G4xx_HAL_Driver/Src/stm32g4xx_hal_tim_ex.c ****     TIM_CHANNEL_N_STATE_SET(htim, TIM_CHANNEL_1, HAL_TIM_CHANNEL_STATE_READY);
 119              		.loc 1 3618 5 view .LVU32
3618:Drivers/STM32G4xx_HAL_Driver/Src/stm32g4xx_hal_tim_ex.c ****     TIM_CHANNEL_N_STATE_SET(htim, TIM_CHANNEL_1, HAL_TIM_CHANNEL_STATE_READY);
 120              		.loc 1 3618 19 is_stmt 0 view .LVU33
 121 0028 0123     		movs	r3, #1
 122 002a 2377     		strb	r3, [r4, #28]
3619:Drivers/STM32G4xx_HAL_Driver/Src/stm32g4xx_hal_tim_ex.c ****   }
 123              		.loc 1 3619 5 is_stmt 1 view .LVU34
 124 002c 84F84430 		strb	r3, [r4, #68]
 125              	.L4:
3639:Drivers/STM32G4xx_HAL_Driver/Src/stm32g4xx_hal_tim_ex.c **** 
ARM GAS  /tmp/ccAXGFxz.s 			page 68


 126              		.loc 1 3639 3 view .LVU35
3644:Drivers/STM32G4xx_HAL_Driver/Src/stm32g4xx_hal_tim_ex.c **** #endif /* USE_HAL_TIM_REGISTER_CALLBACKS */
 127              		.loc 1 3644 3 view .LVU36
 128 0030 2046     		mov	r0, r4
 129              	.LVL6:
3644:Drivers/STM32G4xx_HAL_Driver/Src/stm32g4xx_hal_tim_ex.c **** #endif /* USE_HAL_TIM_REGISTER_CALLBACKS */
 130              		.loc 1 3644 3 is_stmt 0 view .LVU37
 131 0032 FFF7FEFF 		bl	HAL_TIM_ErrorCallback
 132              	.LVL7:
3647:Drivers/STM32G4xx_HAL_Driver/Src/stm32g4xx_hal_tim_ex.c **** }
 133              		.loc 1 3647 3 is_stmt 1 view .LVU38
3647:Drivers/STM32G4xx_HAL_Driver/Src/stm32g4xx_hal_tim_ex.c **** }
 134              		.loc 1 3647 17 is_stmt 0 view .LVU39
 135 0036 0023     		movs	r3, #0
 136 0038 2377     		strb	r3, [r4, #28]
3648:Drivers/STM32G4xx_HAL_Driver/Src/stm32g4xx_hal_tim_ex.c **** 
 137              		.loc 1 3648 1 view .LVU40
 138 003a 10BD     		pop	{r4, pc}
 139              	.LVL8:
 140              	.L9:
3623:Drivers/STM32G4xx_HAL_Driver/Src/stm32g4xx_hal_tim_ex.c ****     TIM_CHANNEL_N_STATE_SET(htim, TIM_CHANNEL_2, HAL_TIM_CHANNEL_STATE_READY);
 141              		.loc 1 3623 5 is_stmt 1 view .LVU41
3623:Drivers/STM32G4xx_HAL_Driver/Src/stm32g4xx_hal_tim_ex.c ****     TIM_CHANNEL_N_STATE_SET(htim, TIM_CHANNEL_2, HAL_TIM_CHANNEL_STATE_READY);
 142              		.loc 1 3623 19 is_stmt 0 view .LVU42
 143 003c 0223     		movs	r3, #2
 144 003e 2377     		strb	r3, [r4, #28]
3624:Drivers/STM32G4xx_HAL_Driver/Src/stm32g4xx_hal_tim_ex.c ****   }
 145              		.loc 1 3624 5 is_stmt 1 view .LVU43
 146 0040 0123     		movs	r3, #1
 147 0042 84F84530 		strb	r3, [r4, #69]
 148 0046 F3E7     		b	.L4
 149              	.L10:
3628:Drivers/STM32G4xx_HAL_Driver/Src/stm32g4xx_hal_tim_ex.c ****     TIM_CHANNEL_N_STATE_SET(htim, TIM_CHANNEL_3, HAL_TIM_CHANNEL_STATE_READY);
 150              		.loc 1 3628 5 view .LVU44
3628:Drivers/STM32G4xx_HAL_Driver/Src/stm32g4xx_hal_tim_ex.c ****     TIM_CHANNEL_N_STATE_SET(htim, TIM_CHANNEL_3, HAL_TIM_CHANNEL_STATE_READY);
 151              		.loc 1 3628 19 is_stmt 0 view .LVU45
 152 0048 0423     		movs	r3, #4
 153 004a 2377     		strb	r3, [r4, #28]
3629:Drivers/STM32G4xx_HAL_Driver/Src/stm32g4xx_hal_tim_ex.c ****   }
 154              		.loc 1 3629 5 is_stmt 1 view .LVU46
 155 004c 0123     		movs	r3, #1
 156 004e 84F84630 		strb	r3, [r4, #70]
 157 0052 EDE7     		b	.L4
 158              		.cfi_endproc
 159              	.LFE396:
 161              		.section	.text.TIM_DMADelayPulseNCplt,"ax",%progbits
 162              		.align	1
 163              		.syntax unified
 164              		.thumb
 165              		.thumb_func
 167              	TIM_DMADelayPulseNCplt:
 168              	.LVL9:
 169              	.LFB395:
3554:Drivers/STM32G4xx_HAL_Driver/Src/stm32g4xx_hal_tim_ex.c ****   TIM_HandleTypeDef *htim = (TIM_HandleTypeDef *)((DMA_HandleTypeDef *)hdma)->Parent;
 170              		.loc 1 3554 1 view -0
 171              		.cfi_startproc
 172              		@ args = 0, pretend = 0, frame = 0
ARM GAS  /tmp/ccAXGFxz.s 			page 69


 173              		@ frame_needed = 0, uses_anonymous_args = 0
3554:Drivers/STM32G4xx_HAL_Driver/Src/stm32g4xx_hal_tim_ex.c ****   TIM_HandleTypeDef *htim = (TIM_HandleTypeDef *)((DMA_HandleTypeDef *)hdma)->Parent;
 174              		.loc 1 3554 1 is_stmt 0 view .LVU48
 175 0000 10B5     		push	{r4, lr}
 176              	.LCFI1:
 177              		.cfi_def_cfa_offset 8
 178              		.cfi_offset 4, -8
 179              		.cfi_offset 14, -4
3555:Drivers/STM32G4xx_HAL_Driver/Src/stm32g4xx_hal_tim_ex.c **** 
 180              		.loc 1 3555 3 is_stmt 1 view .LVU49
3555:Drivers/STM32G4xx_HAL_Driver/Src/stm32g4xx_hal_tim_ex.c **** 
 181              		.loc 1 3555 22 is_stmt 0 view .LVU50
 182 0002 846A     		ldr	r4, [r0, #40]
 183              	.LVL10:
3557:Drivers/STM32G4xx_HAL_Driver/Src/stm32g4xx_hal_tim_ex.c ****   {
 184              		.loc 1 3557 3 is_stmt 1 view .LVU51
3557:Drivers/STM32G4xx_HAL_Driver/Src/stm32g4xx_hal_tim_ex.c ****   {
 185              		.loc 1 3557 25 is_stmt 0 view .LVU52
 186 0004 636A     		ldr	r3, [r4, #36]
3557:Drivers/STM32G4xx_HAL_Driver/Src/stm32g4xx_hal_tim_ex.c ****   {
 187              		.loc 1 3557 6 view .LVU53
 188 0006 8342     		cmp	r3, r0
 189 0008 0ED0     		beq	.L17
3566:Drivers/STM32G4xx_HAL_Driver/Src/stm32g4xx_hal_tim_ex.c ****   {
 190              		.loc 1 3566 8 is_stmt 1 view .LVU54
3566:Drivers/STM32G4xx_HAL_Driver/Src/stm32g4xx_hal_tim_ex.c ****   {
 191              		.loc 1 3566 30 is_stmt 0 view .LVU55
 192 000a A36A     		ldr	r3, [r4, #40]
3566:Drivers/STM32G4xx_HAL_Driver/Src/stm32g4xx_hal_tim_ex.c ****   {
 193              		.loc 1 3566 11 view .LVU56
 194 000c 8342     		cmp	r3, r0
 195 000e 14D0     		beq	.L18
3575:Drivers/STM32G4xx_HAL_Driver/Src/stm32g4xx_hal_tim_ex.c ****   {
 196              		.loc 1 3575 8 is_stmt 1 view .LVU57
3575:Drivers/STM32G4xx_HAL_Driver/Src/stm32g4xx_hal_tim_ex.c ****   {
 197              		.loc 1 3575 30 is_stmt 0 view .LVU58
 198 0010 E36A     		ldr	r3, [r4, #44]
3575:Drivers/STM32G4xx_HAL_Driver/Src/stm32g4xx_hal_tim_ex.c ****   {
 199              		.loc 1 3575 11 view .LVU59
 200 0012 8342     		cmp	r3, r0
 201 0014 1AD0     		beq	.L19
3584:Drivers/STM32G4xx_HAL_Driver/Src/stm32g4xx_hal_tim_ex.c ****   {
 202              		.loc 1 3584 8 is_stmt 1 view .LVU60
3584:Drivers/STM32G4xx_HAL_Driver/Src/stm32g4xx_hal_tim_ex.c ****   {
 203              		.loc 1 3584 30 is_stmt 0 view .LVU61
 204 0016 236B     		ldr	r3, [r4, #48]
3584:Drivers/STM32G4xx_HAL_Driver/Src/stm32g4xx_hal_tim_ex.c ****   {
 205              		.loc 1 3584 11 view .LVU62
 206 0018 8342     		cmp	r3, r0
 207 001a 20D0     		beq	.L20
 208              	.L13:
3596:Drivers/STM32G4xx_HAL_Driver/Src/stm32g4xx_hal_tim_ex.c **** 
 209              		.loc 1 3596 3 is_stmt 1 view .LVU63
3601:Drivers/STM32G4xx_HAL_Driver/Src/stm32g4xx_hal_tim_ex.c **** #endif /* USE_HAL_TIM_REGISTER_CALLBACKS */
 210              		.loc 1 3601 3 view .LVU64
 211 001c 2046     		mov	r0, r4
 212              	.LVL11:
ARM GAS  /tmp/ccAXGFxz.s 			page 70


3601:Drivers/STM32G4xx_HAL_Driver/Src/stm32g4xx_hal_tim_ex.c **** #endif /* USE_HAL_TIM_REGISTER_CALLBACKS */
 213              		.loc 1 3601 3 is_stmt 0 view .LVU65
 214 001e FFF7FEFF 		bl	HAL_TIM_PWM_PulseFinishedCallback
 215              	.LVL12:
3604:Drivers/STM32G4xx_HAL_Driver/Src/stm32g4xx_hal_tim_ex.c **** }
 216              		.loc 1 3604 3 is_stmt 1 view .LVU66
3604:Drivers/STM32G4xx_HAL_Driver/Src/stm32g4xx_hal_tim_ex.c **** }
 217              		.loc 1 3604 17 is_stmt 0 view .LVU67
 218 0022 0023     		movs	r3, #0
 219 0024 2377     		strb	r3, [r4, #28]
3605:Drivers/STM32G4xx_HAL_Driver/Src/stm32g4xx_hal_tim_ex.c **** 
 220              		.loc 1 3605 1 view .LVU68
 221 0026 10BD     		pop	{r4, pc}
 222              	.LVL13:
 223              	.L17:
3559:Drivers/STM32G4xx_HAL_Driver/Src/stm32g4xx_hal_tim_ex.c **** 
 224              		.loc 1 3559 5 is_stmt 1 view .LVU69
3559:Drivers/STM32G4xx_HAL_Driver/Src/stm32g4xx_hal_tim_ex.c **** 
 225              		.loc 1 3559 19 is_stmt 0 view .LVU70
 226 0028 0123     		movs	r3, #1
 227 002a 2377     		strb	r3, [r4, #28]
3561:Drivers/STM32G4xx_HAL_Driver/Src/stm32g4xx_hal_tim_ex.c ****     {
 228              		.loc 1 3561 5 is_stmt 1 view .LVU71
3561:Drivers/STM32G4xx_HAL_Driver/Src/stm32g4xx_hal_tim_ex.c ****     {
 229              		.loc 1 3561 19 is_stmt 0 view .LVU72
 230 002c C369     		ldr	r3, [r0, #28]
3561:Drivers/STM32G4xx_HAL_Driver/Src/stm32g4xx_hal_tim_ex.c ****     {
 231              		.loc 1 3561 8 view .LVU73
 232 002e 002B     		cmp	r3, #0
 233 0030 F4D1     		bne	.L13
3563:Drivers/STM32G4xx_HAL_Driver/Src/stm32g4xx_hal_tim_ex.c ****     }
 234              		.loc 1 3563 7 is_stmt 1 view .LVU74
 235 0032 0123     		movs	r3, #1
 236 0034 84F84430 		strb	r3, [r4, #68]
 237 0038 F0E7     		b	.L13
 238              	.L18:
3568:Drivers/STM32G4xx_HAL_Driver/Src/stm32g4xx_hal_tim_ex.c **** 
 239              		.loc 1 3568 5 view .LVU75
3568:Drivers/STM32G4xx_HAL_Driver/Src/stm32g4xx_hal_tim_ex.c **** 
 240              		.loc 1 3568 19 is_stmt 0 view .LVU76
 241 003a 0223     		movs	r3, #2
 242 003c 2377     		strb	r3, [r4, #28]
3570:Drivers/STM32G4xx_HAL_Driver/Src/stm32g4xx_hal_tim_ex.c ****     {
 243              		.loc 1 3570 5 is_stmt 1 view .LVU77
3570:Drivers/STM32G4xx_HAL_Driver/Src/stm32g4xx_hal_tim_ex.c ****     {
 244              		.loc 1 3570 19 is_stmt 0 view .LVU78
 245 003e C369     		ldr	r3, [r0, #28]
3570:Drivers/STM32G4xx_HAL_Driver/Src/stm32g4xx_hal_tim_ex.c ****     {
 246              		.loc 1 3570 8 view .LVU79
 247 0040 002B     		cmp	r3, #0
 248 0042 EBD1     		bne	.L13
3572:Drivers/STM32G4xx_HAL_Driver/Src/stm32g4xx_hal_tim_ex.c ****     }
 249              		.loc 1 3572 7 is_stmt 1 view .LVU80
 250 0044 0123     		movs	r3, #1
 251 0046 84F84530 		strb	r3, [r4, #69]
 252 004a E7E7     		b	.L13
 253              	.L19:
ARM GAS  /tmp/ccAXGFxz.s 			page 71


3577:Drivers/STM32G4xx_HAL_Driver/Src/stm32g4xx_hal_tim_ex.c **** 
 254              		.loc 1 3577 5 view .LVU81
3577:Drivers/STM32G4xx_HAL_Driver/Src/stm32g4xx_hal_tim_ex.c **** 
 255              		.loc 1 3577 19 is_stmt 0 view .LVU82
 256 004c 0423     		movs	r3, #4
 257 004e 2377     		strb	r3, [r4, #28]
3579:Drivers/STM32G4xx_HAL_Driver/Src/stm32g4xx_hal_tim_ex.c ****     {
 258              		.loc 1 3579 5 is_stmt 1 view .LVU83
3579:Drivers/STM32G4xx_HAL_Driver/Src/stm32g4xx_hal_tim_ex.c ****     {
 259              		.loc 1 3579 19 is_stmt 0 view .LVU84
 260 0050 C369     		ldr	r3, [r0, #28]
3579:Drivers/STM32G4xx_HAL_Driver/Src/stm32g4xx_hal_tim_ex.c ****     {
 261              		.loc 1 3579 8 view .LVU85
 262 0052 002B     		cmp	r3, #0
 263 0054 E2D1     		bne	.L13
3581:Drivers/STM32G4xx_HAL_Driver/Src/stm32g4xx_hal_tim_ex.c ****     }
 264              		.loc 1 3581 7 is_stmt 1 view .LVU86
 265 0056 0123     		movs	r3, #1
 266 0058 84F84630 		strb	r3, [r4, #70]
 267 005c DEE7     		b	.L13
 268              	.L20:
3586:Drivers/STM32G4xx_HAL_Driver/Src/stm32g4xx_hal_tim_ex.c **** 
 269              		.loc 1 3586 5 view .LVU87
3586:Drivers/STM32G4xx_HAL_Driver/Src/stm32g4xx_hal_tim_ex.c **** 
 270              		.loc 1 3586 19 is_stmt 0 view .LVU88
 271 005e 0823     		movs	r3, #8
 272 0060 2377     		strb	r3, [r4, #28]
3588:Drivers/STM32G4xx_HAL_Driver/Src/stm32g4xx_hal_tim_ex.c ****     {
 273              		.loc 1 3588 5 is_stmt 1 view .LVU89
3588:Drivers/STM32G4xx_HAL_Driver/Src/stm32g4xx_hal_tim_ex.c ****     {
 274              		.loc 1 3588 19 is_stmt 0 view .LVU90
 275 0062 C369     		ldr	r3, [r0, #28]
3588:Drivers/STM32G4xx_HAL_Driver/Src/stm32g4xx_hal_tim_ex.c ****     {
 276              		.loc 1 3588 8 view .LVU91
 277 0064 002B     		cmp	r3, #0
 278 0066 D9D1     		bne	.L13
3590:Drivers/STM32G4xx_HAL_Driver/Src/stm32g4xx_hal_tim_ex.c ****     }
 279              		.loc 1 3590 7 is_stmt 1 view .LVU92
 280 0068 0123     		movs	r3, #1
 281 006a 84F84730 		strb	r3, [r4, #71]
 282 006e D5E7     		b	.L13
 283              		.cfi_endproc
 284              	.LFE395:
 286              		.section	.text.HAL_TIMEx_HallSensor_MspInit,"ax",%progbits
 287              		.align	1
 288              		.weak	HAL_TIMEx_HallSensor_MspInit
 289              		.syntax unified
 290              		.thumb
 291              		.thumb_func
 293              	HAL_TIMEx_HallSensor_MspInit:
 294              	.LVL14:
 295              	.LFB331:
 305:Drivers/STM32G4xx_HAL_Driver/Src/stm32g4xx_hal_tim_ex.c ****   /* Prevent unused argument(s) compilation warning */
 296              		.loc 1 305 1 view -0
 297              		.cfi_startproc
 298              		@ args = 0, pretend = 0, frame = 0
 299              		@ frame_needed = 0, uses_anonymous_args = 0
ARM GAS  /tmp/ccAXGFxz.s 			page 72


 300              		@ link register save eliminated.
 307:Drivers/STM32G4xx_HAL_Driver/Src/stm32g4xx_hal_tim_ex.c **** 
 301              		.loc 1 307 3 view .LVU94
 312:Drivers/STM32G4xx_HAL_Driver/Src/stm32g4xx_hal_tim_ex.c **** 
 302              		.loc 1 312 1 is_stmt 0 view .LVU95
 303 0000 7047     		bx	lr
 304              		.cfi_endproc
 305              	.LFE331:
 307              		.section	.text.HAL_TIMEx_HallSensor_Init,"ax",%progbits
 308              		.align	1
 309              		.global	HAL_TIMEx_HallSensor_Init
 310              		.syntax unified
 311              		.thumb
 312              		.thumb_func
 314              	HAL_TIMEx_HallSensor_Init:
 315              	.LVL15:
 316              	.LFB329:
 158:Drivers/STM32G4xx_HAL_Driver/Src/stm32g4xx_hal_tim_ex.c ****   TIM_OC_InitTypeDef OC_Config;
 317              		.loc 1 158 1 is_stmt 1 view -0
 318              		.cfi_startproc
 319              		@ args = 0, pretend = 0, frame = 32
 320              		@ frame_needed = 0, uses_anonymous_args = 0
 159:Drivers/STM32G4xx_HAL_Driver/Src/stm32g4xx_hal_tim_ex.c **** 
 321              		.loc 1 159 3 view .LVU97
 162:Drivers/STM32G4xx_HAL_Driver/Src/stm32g4xx_hal_tim_ex.c ****   {
 322              		.loc 1 162 3 view .LVU98
 162:Drivers/STM32G4xx_HAL_Driver/Src/stm32g4xx_hal_tim_ex.c ****   {
 323              		.loc 1 162 6 is_stmt 0 view .LVU99
 324 0000 0028     		cmp	r0, #0
 325 0002 6BD0     		beq	.L25
 158:Drivers/STM32G4xx_HAL_Driver/Src/stm32g4xx_hal_tim_ex.c ****   TIM_OC_InitTypeDef OC_Config;
 326              		.loc 1 158 1 view .LVU100
 327 0004 70B5     		push	{r4, r5, r6, lr}
 328              	.LCFI2:
 329              		.cfi_def_cfa_offset 16
 330              		.cfi_offset 4, -16
 331              		.cfi_offset 5, -12
 332              		.cfi_offset 6, -8
 333              		.cfi_offset 14, -4
 334 0006 88B0     		sub	sp, sp, #32
 335              	.LCFI3:
 336              		.cfi_def_cfa_offset 48
 337 0008 0E46     		mov	r6, r1
 338 000a 0446     		mov	r4, r0
 168:Drivers/STM32G4xx_HAL_Driver/Src/stm32g4xx_hal_tim_ex.c ****   assert_param(IS_TIM_COUNTER_MODE(htim->Init.CounterMode));
 339              		.loc 1 168 3 is_stmt 1 view .LVU101
 169:Drivers/STM32G4xx_HAL_Driver/Src/stm32g4xx_hal_tim_ex.c ****   assert_param(IS_TIM_CLOCKDIVISION_DIV(htim->Init.ClockDivision));
 340              		.loc 1 169 3 view .LVU102
 170:Drivers/STM32G4xx_HAL_Driver/Src/stm32g4xx_hal_tim_ex.c ****   assert_param(IS_TIM_AUTORELOAD_PRELOAD(htim->Init.AutoReloadPreload));
 341              		.loc 1 170 3 view .LVU103
 171:Drivers/STM32G4xx_HAL_Driver/Src/stm32g4xx_hal_tim_ex.c ****   assert_param(IS_TIM_IC_POLARITY(sConfig->IC1Polarity));
 342              		.loc 1 171 3 view .LVU104
 172:Drivers/STM32G4xx_HAL_Driver/Src/stm32g4xx_hal_tim_ex.c ****   assert_param(IS_TIM_PERIOD(htim, htim->Init.Period));
 343              		.loc 1 172 3 view .LVU105
 173:Drivers/STM32G4xx_HAL_Driver/Src/stm32g4xx_hal_tim_ex.c ****   assert_param(IS_TIM_IC_PRESCALER(sConfig->IC1Prescaler));
 344              		.loc 1 173 3 view .LVU106
 174:Drivers/STM32G4xx_HAL_Driver/Src/stm32g4xx_hal_tim_ex.c ****   assert_param(IS_TIM_IC_FILTER(sConfig->IC1Filter));
ARM GAS  /tmp/ccAXGFxz.s 			page 73


 345              		.loc 1 174 3 view .LVU107
 175:Drivers/STM32G4xx_HAL_Driver/Src/stm32g4xx_hal_tim_ex.c **** 
 346              		.loc 1 175 3 view .LVU108
 177:Drivers/STM32G4xx_HAL_Driver/Src/stm32g4xx_hal_tim_ex.c ****   {
 347              		.loc 1 177 3 view .LVU109
 177:Drivers/STM32G4xx_HAL_Driver/Src/stm32g4xx_hal_tim_ex.c ****   {
 348              		.loc 1 177 11 is_stmt 0 view .LVU110
 349 000c 90F83D30 		ldrb	r3, [r0, #61]	@ zero_extendqisi2
 177:Drivers/STM32G4xx_HAL_Driver/Src/stm32g4xx_hal_tim_ex.c ****   {
 350              		.loc 1 177 6 view .LVU111
 351 0010 002B     		cmp	r3, #0
 352 0012 5ED0     		beq	.L30
 353              	.LVL16:
 354              	.L24:
 199:Drivers/STM32G4xx_HAL_Driver/Src/stm32g4xx_hal_tim_ex.c **** 
 355              		.loc 1 199 3 is_stmt 1 view .LVU112
 199:Drivers/STM32G4xx_HAL_Driver/Src/stm32g4xx_hal_tim_ex.c **** 
 356              		.loc 1 199 15 is_stmt 0 view .LVU113
 357 0014 0223     		movs	r3, #2
 358 0016 84F83D30 		strb	r3, [r4, #61]
 202:Drivers/STM32G4xx_HAL_Driver/Src/stm32g4xx_hal_tim_ex.c **** 
 359              		.loc 1 202 3 is_stmt 1 view .LVU114
 202:Drivers/STM32G4xx_HAL_Driver/Src/stm32g4xx_hal_tim_ex.c **** 
 360              		.loc 1 202 38 is_stmt 0 view .LVU115
 361 001a 2146     		mov	r1, r4
 202:Drivers/STM32G4xx_HAL_Driver/Src/stm32g4xx_hal_tim_ex.c **** 
 362              		.loc 1 202 3 view .LVU116
 363 001c 51F8040B 		ldr	r0, [r1], #4
 364 0020 FFF7FEFF 		bl	TIM_Base_SetConfig
 365              	.LVL17:
 205:Drivers/STM32G4xx_HAL_Driver/Src/stm32g4xx_hal_tim_ex.c **** 
 366              		.loc 1 205 3 is_stmt 1 view .LVU117
 367 0024 B368     		ldr	r3, [r6, #8]
 368 0026 0322     		movs	r2, #3
 369 0028 3168     		ldr	r1, [r6]
 370 002a 2068     		ldr	r0, [r4]
 371 002c FFF7FEFF 		bl	TIM_TI1_SetConfig
 372              	.LVL18:
 208:Drivers/STM32G4xx_HAL_Driver/Src/stm32g4xx_hal_tim_ex.c ****   /* Set the IC1PSC value */
 373              		.loc 1 208 3 view .LVU118
 208:Drivers/STM32G4xx_HAL_Driver/Src/stm32g4xx_hal_tim_ex.c ****   /* Set the IC1PSC value */
 374              		.loc 1 208 7 is_stmt 0 view .LVU119
 375 0030 2268     		ldr	r2, [r4]
 208:Drivers/STM32G4xx_HAL_Driver/Src/stm32g4xx_hal_tim_ex.c ****   /* Set the IC1PSC value */
 376              		.loc 1 208 17 view .LVU120
 377 0032 9369     		ldr	r3, [r2, #24]
 208:Drivers/STM32G4xx_HAL_Driver/Src/stm32g4xx_hal_tim_ex.c ****   /* Set the IC1PSC value */
 378              		.loc 1 208 25 view .LVU121
 379 0034 23F00C03 		bic	r3, r3, #12
 380 0038 9361     		str	r3, [r2, #24]
 210:Drivers/STM32G4xx_HAL_Driver/Src/stm32g4xx_hal_tim_ex.c **** 
 381              		.loc 1 210 3 is_stmt 1 view .LVU122
 210:Drivers/STM32G4xx_HAL_Driver/Src/stm32g4xx_hal_tim_ex.c **** 
 382              		.loc 1 210 7 is_stmt 0 view .LVU123
 383 003a 2268     		ldr	r2, [r4]
 210:Drivers/STM32G4xx_HAL_Driver/Src/stm32g4xx_hal_tim_ex.c **** 
 384              		.loc 1 210 17 view .LVU124
ARM GAS  /tmp/ccAXGFxz.s 			page 74


 385 003c 9369     		ldr	r3, [r2, #24]
 210:Drivers/STM32G4xx_HAL_Driver/Src/stm32g4xx_hal_tim_ex.c **** 
 386              		.loc 1 210 35 view .LVU125
 387 003e 7168     		ldr	r1, [r6, #4]
 210:Drivers/STM32G4xx_HAL_Driver/Src/stm32g4xx_hal_tim_ex.c **** 
 388              		.loc 1 210 25 view .LVU126
 389 0040 0B43     		orrs	r3, r3, r1
 390 0042 9361     		str	r3, [r2, #24]
 213:Drivers/STM32G4xx_HAL_Driver/Src/stm32g4xx_hal_tim_ex.c **** 
 391              		.loc 1 213 3 is_stmt 1 view .LVU127
 213:Drivers/STM32G4xx_HAL_Driver/Src/stm32g4xx_hal_tim_ex.c **** 
 392              		.loc 1 213 7 is_stmt 0 view .LVU128
 393 0044 2268     		ldr	r2, [r4]
 213:Drivers/STM32G4xx_HAL_Driver/Src/stm32g4xx_hal_tim_ex.c **** 
 394              		.loc 1 213 17 view .LVU129
 395 0046 5368     		ldr	r3, [r2, #4]
 213:Drivers/STM32G4xx_HAL_Driver/Src/stm32g4xx_hal_tim_ex.c **** 
 396              		.loc 1 213 23 view .LVU130
 397 0048 43F08003 		orr	r3, r3, #128
 398 004c 5360     		str	r3, [r2, #4]
 216:Drivers/STM32G4xx_HAL_Driver/Src/stm32g4xx_hal_tim_ex.c ****   htim->Instance->SMCR |= TIM_TS_TI1F_ED;
 399              		.loc 1 216 3 is_stmt 1 view .LVU131
 216:Drivers/STM32G4xx_HAL_Driver/Src/stm32g4xx_hal_tim_ex.c ****   htim->Instance->SMCR |= TIM_TS_TI1F_ED;
 400              		.loc 1 216 7 is_stmt 0 view .LVU132
 401 004e 2268     		ldr	r2, [r4]
 216:Drivers/STM32G4xx_HAL_Driver/Src/stm32g4xx_hal_tim_ex.c ****   htim->Instance->SMCR |= TIM_TS_TI1F_ED;
 402              		.loc 1 216 17 view .LVU133
 403 0050 9368     		ldr	r3, [r2, #8]
 216:Drivers/STM32G4xx_HAL_Driver/Src/stm32g4xx_hal_tim_ex.c ****   htim->Instance->SMCR |= TIM_TS_TI1F_ED;
 404              		.loc 1 216 24 view .LVU134
 405 0052 23F44013 		bic	r3, r3, #3145728
 406 0056 23F07003 		bic	r3, r3, #112
 407 005a 9360     		str	r3, [r2, #8]
 217:Drivers/STM32G4xx_HAL_Driver/Src/stm32g4xx_hal_tim_ex.c **** 
 408              		.loc 1 217 3 is_stmt 1 view .LVU135
 217:Drivers/STM32G4xx_HAL_Driver/Src/stm32g4xx_hal_tim_ex.c **** 
 409              		.loc 1 217 7 is_stmt 0 view .LVU136
 410 005c 2268     		ldr	r2, [r4]
 217:Drivers/STM32G4xx_HAL_Driver/Src/stm32g4xx_hal_tim_ex.c **** 
 411              		.loc 1 217 17 view .LVU137
 412 005e 9368     		ldr	r3, [r2, #8]
 217:Drivers/STM32G4xx_HAL_Driver/Src/stm32g4xx_hal_tim_ex.c **** 
 413              		.loc 1 217 24 view .LVU138
 414 0060 43F04003 		orr	r3, r3, #64
 415 0064 9360     		str	r3, [r2, #8]
 220:Drivers/STM32G4xx_HAL_Driver/Src/stm32g4xx_hal_tim_ex.c ****   htim->Instance->SMCR |= TIM_SLAVEMODE_RESET;
 416              		.loc 1 220 3 is_stmt 1 view .LVU139
 220:Drivers/STM32G4xx_HAL_Driver/Src/stm32g4xx_hal_tim_ex.c ****   htim->Instance->SMCR |= TIM_SLAVEMODE_RESET;
 417              		.loc 1 220 7 is_stmt 0 view .LVU140
 418 0066 2268     		ldr	r2, [r4]
 220:Drivers/STM32G4xx_HAL_Driver/Src/stm32g4xx_hal_tim_ex.c ****   htim->Instance->SMCR |= TIM_SLAVEMODE_RESET;
 419              		.loc 1 220 17 view .LVU141
 420 0068 9368     		ldr	r3, [r2, #8]
 220:Drivers/STM32G4xx_HAL_Driver/Src/stm32g4xx_hal_tim_ex.c ****   htim->Instance->SMCR |= TIM_SLAVEMODE_RESET;
 421              		.loc 1 220 24 view .LVU142
 422 006a 23F48033 		bic	r3, r3, #65536
 423 006e 23F00703 		bic	r3, r3, #7
ARM GAS  /tmp/ccAXGFxz.s 			page 75


 424 0072 9360     		str	r3, [r2, #8]
 221:Drivers/STM32G4xx_HAL_Driver/Src/stm32g4xx_hal_tim_ex.c **** 
 425              		.loc 1 221 3 is_stmt 1 view .LVU143
 221:Drivers/STM32G4xx_HAL_Driver/Src/stm32g4xx_hal_tim_ex.c **** 
 426              		.loc 1 221 7 is_stmt 0 view .LVU144
 427 0074 2268     		ldr	r2, [r4]
 221:Drivers/STM32G4xx_HAL_Driver/Src/stm32g4xx_hal_tim_ex.c **** 
 428              		.loc 1 221 17 view .LVU145
 429 0076 9368     		ldr	r3, [r2, #8]
 221:Drivers/STM32G4xx_HAL_Driver/Src/stm32g4xx_hal_tim_ex.c **** 
 430              		.loc 1 221 24 view .LVU146
 431 0078 43F00403 		orr	r3, r3, #4
 432 007c 9360     		str	r3, [r2, #8]
 224:Drivers/STM32G4xx_HAL_Driver/Src/stm32g4xx_hal_tim_ex.c ****   OC_Config.OCIdleState = TIM_OCIDLESTATE_RESET;
 433              		.loc 1 224 3 is_stmt 1 view .LVU147
 224:Drivers/STM32G4xx_HAL_Driver/Src/stm32g4xx_hal_tim_ex.c ****   OC_Config.OCIdleState = TIM_OCIDLESTATE_RESET;
 434              		.loc 1 224 24 is_stmt 0 view .LVU148
 435 007e 0025     		movs	r5, #0
 436 0080 0595     		str	r5, [sp, #20]
 225:Drivers/STM32G4xx_HAL_Driver/Src/stm32g4xx_hal_tim_ex.c ****   OC_Config.OCMode = TIM_OCMODE_PWM2;
 437              		.loc 1 225 3 is_stmt 1 view .LVU149
 225:Drivers/STM32G4xx_HAL_Driver/Src/stm32g4xx_hal_tim_ex.c ****   OC_Config.OCMode = TIM_OCMODE_PWM2;
 438              		.loc 1 225 25 is_stmt 0 view .LVU150
 439 0082 0695     		str	r5, [sp, #24]
 226:Drivers/STM32G4xx_HAL_Driver/Src/stm32g4xx_hal_tim_ex.c ****   OC_Config.OCNIdleState = TIM_OCNIDLESTATE_RESET;
 440              		.loc 1 226 3 is_stmt 1 view .LVU151
 226:Drivers/STM32G4xx_HAL_Driver/Src/stm32g4xx_hal_tim_ex.c ****   OC_Config.OCNIdleState = TIM_OCNIDLESTATE_RESET;
 441              		.loc 1 226 20 is_stmt 0 view .LVU152
 442 0084 7023     		movs	r3, #112
 443 0086 0193     		str	r3, [sp, #4]
 227:Drivers/STM32G4xx_HAL_Driver/Src/stm32g4xx_hal_tim_ex.c ****   OC_Config.OCNPolarity = TIM_OCNPOLARITY_HIGH;
 444              		.loc 1 227 3 is_stmt 1 view .LVU153
 227:Drivers/STM32G4xx_HAL_Driver/Src/stm32g4xx_hal_tim_ex.c ****   OC_Config.OCNPolarity = TIM_OCNPOLARITY_HIGH;
 445              		.loc 1 227 26 is_stmt 0 view .LVU154
 446 0088 0795     		str	r5, [sp, #28]
 228:Drivers/STM32G4xx_HAL_Driver/Src/stm32g4xx_hal_tim_ex.c ****   OC_Config.OCPolarity = TIM_OCPOLARITY_HIGH;
 447              		.loc 1 228 3 is_stmt 1 view .LVU155
 228:Drivers/STM32G4xx_HAL_Driver/Src/stm32g4xx_hal_tim_ex.c ****   OC_Config.OCPolarity = TIM_OCPOLARITY_HIGH;
 448              		.loc 1 228 25 is_stmt 0 view .LVU156
 449 008a 0495     		str	r5, [sp, #16]
 229:Drivers/STM32G4xx_HAL_Driver/Src/stm32g4xx_hal_tim_ex.c ****   OC_Config.Pulse = sConfig->Commutation_Delay;
 450              		.loc 1 229 3 is_stmt 1 view .LVU157
 229:Drivers/STM32G4xx_HAL_Driver/Src/stm32g4xx_hal_tim_ex.c ****   OC_Config.Pulse = sConfig->Commutation_Delay;
 451              		.loc 1 229 24 is_stmt 0 view .LVU158
 452 008c 0395     		str	r5, [sp, #12]
 230:Drivers/STM32G4xx_HAL_Driver/Src/stm32g4xx_hal_tim_ex.c **** 
 453              		.loc 1 230 3 is_stmt 1 view .LVU159
 230:Drivers/STM32G4xx_HAL_Driver/Src/stm32g4xx_hal_tim_ex.c **** 
 454              		.loc 1 230 28 is_stmt 0 view .LVU160
 455 008e F368     		ldr	r3, [r6, #12]
 230:Drivers/STM32G4xx_HAL_Driver/Src/stm32g4xx_hal_tim_ex.c **** 
 456              		.loc 1 230 19 view .LVU161
 457 0090 0293     		str	r3, [sp, #8]
 232:Drivers/STM32G4xx_HAL_Driver/Src/stm32g4xx_hal_tim_ex.c **** 
 458              		.loc 1 232 3 is_stmt 1 view .LVU162
 459 0092 01A9     		add	r1, sp, #4
 460 0094 2068     		ldr	r0, [r4]
ARM GAS  /tmp/ccAXGFxz.s 			page 76


 461 0096 FFF7FEFF 		bl	TIM_OC2_SetConfig
 462              	.LVL19:
 236:Drivers/STM32G4xx_HAL_Driver/Src/stm32g4xx_hal_tim_ex.c ****   htim->Instance->CR2 |= TIM_TRGO_OC2REF;
 463              		.loc 1 236 3 view .LVU163
 236:Drivers/STM32G4xx_HAL_Driver/Src/stm32g4xx_hal_tim_ex.c ****   htim->Instance->CR2 |= TIM_TRGO_OC2REF;
 464              		.loc 1 236 7 is_stmt 0 view .LVU164
 465 009a 2268     		ldr	r2, [r4]
 236:Drivers/STM32G4xx_HAL_Driver/Src/stm32g4xx_hal_tim_ex.c ****   htim->Instance->CR2 |= TIM_TRGO_OC2REF;
 466              		.loc 1 236 17 view .LVU165
 467 009c 5368     		ldr	r3, [r2, #4]
 236:Drivers/STM32G4xx_HAL_Driver/Src/stm32g4xx_hal_tim_ex.c ****   htim->Instance->CR2 |= TIM_TRGO_OC2REF;
 468              		.loc 1 236 23 view .LVU166
 469 009e 23F00073 		bic	r3, r3, #33554432
 470 00a2 23F07003 		bic	r3, r3, #112
 471 00a6 5360     		str	r3, [r2, #4]
 237:Drivers/STM32G4xx_HAL_Driver/Src/stm32g4xx_hal_tim_ex.c **** 
 472              		.loc 1 237 3 is_stmt 1 view .LVU167
 237:Drivers/STM32G4xx_HAL_Driver/Src/stm32g4xx_hal_tim_ex.c **** 
 473              		.loc 1 237 7 is_stmt 0 view .LVU168
 474 00a8 2268     		ldr	r2, [r4]
 237:Drivers/STM32G4xx_HAL_Driver/Src/stm32g4xx_hal_tim_ex.c **** 
 475              		.loc 1 237 17 view .LVU169
 476 00aa 5368     		ldr	r3, [r2, #4]
 237:Drivers/STM32G4xx_HAL_Driver/Src/stm32g4xx_hal_tim_ex.c **** 
 477              		.loc 1 237 23 view .LVU170
 478 00ac 43F05003 		orr	r3, r3, #80
 479 00b0 5360     		str	r3, [r2, #4]
 240:Drivers/STM32G4xx_HAL_Driver/Src/stm32g4xx_hal_tim_ex.c **** 
 480              		.loc 1 240 3 is_stmt 1 view .LVU171
 240:Drivers/STM32G4xx_HAL_Driver/Src/stm32g4xx_hal_tim_ex.c **** 
 481              		.loc 1 240 23 is_stmt 0 view .LVU172
 482 00b2 0123     		movs	r3, #1
 483 00b4 84F84830 		strb	r3, [r4, #72]
 243:Drivers/STM32G4xx_HAL_Driver/Src/stm32g4xx_hal_tim_ex.c ****   TIM_CHANNEL_STATE_SET(htim, TIM_CHANNEL_2, HAL_TIM_CHANNEL_STATE_READY);
 484              		.loc 1 243 3 is_stmt 1 view .LVU173
 485 00b8 84F83E30 		strb	r3, [r4, #62]
 244:Drivers/STM32G4xx_HAL_Driver/Src/stm32g4xx_hal_tim_ex.c ****   TIM_CHANNEL_N_STATE_SET(htim, TIM_CHANNEL_1, HAL_TIM_CHANNEL_STATE_READY);
 486              		.loc 1 244 3 view .LVU174
 487 00bc 84F83F30 		strb	r3, [r4, #63]
 245:Drivers/STM32G4xx_HAL_Driver/Src/stm32g4xx_hal_tim_ex.c ****   TIM_CHANNEL_N_STATE_SET(htim, TIM_CHANNEL_2, HAL_TIM_CHANNEL_STATE_READY);
 488              		.loc 1 245 3 view .LVU175
 489 00c0 84F84430 		strb	r3, [r4, #68]
 246:Drivers/STM32G4xx_HAL_Driver/Src/stm32g4xx_hal_tim_ex.c **** 
 490              		.loc 1 246 3 view .LVU176
 491 00c4 84F84530 		strb	r3, [r4, #69]
 249:Drivers/STM32G4xx_HAL_Driver/Src/stm32g4xx_hal_tim_ex.c **** 
 492              		.loc 1 249 3 view .LVU177
 249:Drivers/STM32G4xx_HAL_Driver/Src/stm32g4xx_hal_tim_ex.c **** 
 493              		.loc 1 249 15 is_stmt 0 view .LVU178
 494 00c8 84F83D30 		strb	r3, [r4, #61]
 251:Drivers/STM32G4xx_HAL_Driver/Src/stm32g4xx_hal_tim_ex.c **** }
 495              		.loc 1 251 3 is_stmt 1 view .LVU179
 251:Drivers/STM32G4xx_HAL_Driver/Src/stm32g4xx_hal_tim_ex.c **** }
 496              		.loc 1 251 10 is_stmt 0 view .LVU180
 497 00cc 2846     		mov	r0, r5
 252:Drivers/STM32G4xx_HAL_Driver/Src/stm32g4xx_hal_tim_ex.c **** 
 498              		.loc 1 252 1 view .LVU181
ARM GAS  /tmp/ccAXGFxz.s 			page 77


 499 00ce 08B0     		add	sp, sp, #32
 500              	.LCFI4:
 501              		.cfi_remember_state
 502              		.cfi_def_cfa_offset 16
 503              		@ sp needed
 504 00d0 70BD     		pop	{r4, r5, r6, pc}
 505              	.LVL20:
 506              	.L30:
 507              	.LCFI5:
 508              		.cfi_restore_state
 180:Drivers/STM32G4xx_HAL_Driver/Src/stm32g4xx_hal_tim_ex.c **** 
 509              		.loc 1 180 5 is_stmt 1 view .LVU182
 180:Drivers/STM32G4xx_HAL_Driver/Src/stm32g4xx_hal_tim_ex.c **** 
 510              		.loc 1 180 16 is_stmt 0 view .LVU183
 511 00d2 80F83C30 		strb	r3, [r0, #60]
 194:Drivers/STM32G4xx_HAL_Driver/Src/stm32g4xx_hal_tim_ex.c **** #endif /* USE_HAL_TIM_REGISTER_CALLBACKS */
 512              		.loc 1 194 5 is_stmt 1 view .LVU184
 513 00d6 FFF7FEFF 		bl	HAL_TIMEx_HallSensor_MspInit
 514              	.LVL21:
 194:Drivers/STM32G4xx_HAL_Driver/Src/stm32g4xx_hal_tim_ex.c **** #endif /* USE_HAL_TIM_REGISTER_CALLBACKS */
 515              		.loc 1 194 5 is_stmt 0 view .LVU185
 516 00da 9BE7     		b	.L24
 517              	.LVL22:
 518              	.L25:
 519              	.LCFI6:
 520              		.cfi_def_cfa_offset 0
 521              		.cfi_restore 4
 522              		.cfi_restore 5
 523              		.cfi_restore 6
 524              		.cfi_restore 14
 164:Drivers/STM32G4xx_HAL_Driver/Src/stm32g4xx_hal_tim_ex.c ****   }
 525              		.loc 1 164 12 view .LVU186
 526 00dc 0120     		movs	r0, #1
 527              	.LVL23:
 252:Drivers/STM32G4xx_HAL_Driver/Src/stm32g4xx_hal_tim_ex.c **** 
 528              		.loc 1 252 1 view .LVU187
 529 00de 7047     		bx	lr
 530              		.cfi_endproc
 531              	.LFE329:
 533              		.section	.text.HAL_TIMEx_HallSensor_MspDeInit,"ax",%progbits
 534              		.align	1
 535              		.weak	HAL_TIMEx_HallSensor_MspDeInit
 536              		.syntax unified
 537              		.thumb
 538              		.thumb_func
 540              	HAL_TIMEx_HallSensor_MspDeInit:
 541              	.LVL24:
 542              	.LFB332:
 320:Drivers/STM32G4xx_HAL_Driver/Src/stm32g4xx_hal_tim_ex.c ****   /* Prevent unused argument(s) compilation warning */
 543              		.loc 1 320 1 is_stmt 1 view -0
 544              		.cfi_startproc
 545              		@ args = 0, pretend = 0, frame = 0
 546              		@ frame_needed = 0, uses_anonymous_args = 0
 547              		@ link register save eliminated.
 322:Drivers/STM32G4xx_HAL_Driver/Src/stm32g4xx_hal_tim_ex.c **** 
 548              		.loc 1 322 3 view .LVU189
 327:Drivers/STM32G4xx_HAL_Driver/Src/stm32g4xx_hal_tim_ex.c **** 
ARM GAS  /tmp/ccAXGFxz.s 			page 78


 549              		.loc 1 327 1 is_stmt 0 view .LVU190
 550 0000 7047     		bx	lr
 551              		.cfi_endproc
 552              	.LFE332:
 554              		.section	.text.HAL_TIMEx_HallSensor_DeInit,"ax",%progbits
 555              		.align	1
 556              		.global	HAL_TIMEx_HallSensor_DeInit
 557              		.syntax unified
 558              		.thumb
 559              		.thumb_func
 561              	HAL_TIMEx_HallSensor_DeInit:
 562              	.LVL25:
 563              	.LFB330:
 260:Drivers/STM32G4xx_HAL_Driver/Src/stm32g4xx_hal_tim_ex.c ****   /* Check the parameters */
 564              		.loc 1 260 1 is_stmt 1 view -0
 565              		.cfi_startproc
 566              		@ args = 0, pretend = 0, frame = 0
 567              		@ frame_needed = 0, uses_anonymous_args = 0
 260:Drivers/STM32G4xx_HAL_Driver/Src/stm32g4xx_hal_tim_ex.c ****   /* Check the parameters */
 568              		.loc 1 260 1 is_stmt 0 view .LVU192
 569 0000 10B5     		push	{r4, lr}
 570              	.LCFI7:
 571              		.cfi_def_cfa_offset 8
 572              		.cfi_offset 4, -8
 573              		.cfi_offset 14, -4
 574 0002 0446     		mov	r4, r0
 262:Drivers/STM32G4xx_HAL_Driver/Src/stm32g4xx_hal_tim_ex.c **** 
 575              		.loc 1 262 3 is_stmt 1 view .LVU193
 264:Drivers/STM32G4xx_HAL_Driver/Src/stm32g4xx_hal_tim_ex.c **** 
 576              		.loc 1 264 3 view .LVU194
 264:Drivers/STM32G4xx_HAL_Driver/Src/stm32g4xx_hal_tim_ex.c **** 
 577              		.loc 1 264 15 is_stmt 0 view .LVU195
 578 0004 0223     		movs	r3, #2
 579 0006 80F83D30 		strb	r3, [r0, #61]
 267:Drivers/STM32G4xx_HAL_Driver/Src/stm32g4xx_hal_tim_ex.c **** 
 580              		.loc 1 267 3 is_stmt 1 view .LVU196
 267:Drivers/STM32G4xx_HAL_Driver/Src/stm32g4xx_hal_tim_ex.c **** 
 581              		.loc 1 267 3 view .LVU197
 582 000a 0268     		ldr	r2, [r0]
 583 000c 136A     		ldr	r3, [r2, #32]
 584 000e 03F01133 		and	r3, r3, #286331153
 585 0012 23F08853 		bic	r3, r3, #285212672
 586 0016 43B9     		cbnz	r3, .L33
 267:Drivers/STM32G4xx_HAL_Driver/Src/stm32g4xx_hal_tim_ex.c **** 
 587              		.loc 1 267 3 discriminator 1 view .LVU198
 588 0018 116A     		ldr	r1, [r2, #32]
 589 001a 44F24443 		movw	r3, #17476
 590 001e 1942     		tst	r1, r3
 591 0020 03D1     		bne	.L33
 267:Drivers/STM32G4xx_HAL_Driver/Src/stm32g4xx_hal_tim_ex.c **** 
 592              		.loc 1 267 3 discriminator 2 view .LVU199
 593 0022 1368     		ldr	r3, [r2]
 594 0024 23F00103 		bic	r3, r3, #1
 595 0028 1360     		str	r3, [r2]
 596              	.L33:
 267:Drivers/STM32G4xx_HAL_Driver/Src/stm32g4xx_hal_tim_ex.c **** 
 597              		.loc 1 267 3 discriminator 3 view .LVU200
ARM GAS  /tmp/ccAXGFxz.s 			page 79


 278:Drivers/STM32G4xx_HAL_Driver/Src/stm32g4xx_hal_tim_ex.c **** #endif /* USE_HAL_TIM_REGISTER_CALLBACKS */
 598              		.loc 1 278 3 view .LVU201
 599 002a 2046     		mov	r0, r4
 600              	.LVL26:
 278:Drivers/STM32G4xx_HAL_Driver/Src/stm32g4xx_hal_tim_ex.c **** #endif /* USE_HAL_TIM_REGISTER_CALLBACKS */
 601              		.loc 1 278 3 is_stmt 0 view .LVU202
 602 002c FFF7FEFF 		bl	HAL_TIMEx_HallSensor_MspDeInit
 603              	.LVL27:
 282:Drivers/STM32G4xx_HAL_Driver/Src/stm32g4xx_hal_tim_ex.c **** 
 604              		.loc 1 282 3 is_stmt 1 view .LVU203
 282:Drivers/STM32G4xx_HAL_Driver/Src/stm32g4xx_hal_tim_ex.c **** 
 605              		.loc 1 282 23 is_stmt 0 view .LVU204
 606 0030 0020     		movs	r0, #0
 607 0032 84F84800 		strb	r0, [r4, #72]
 285:Drivers/STM32G4xx_HAL_Driver/Src/stm32g4xx_hal_tim_ex.c ****   TIM_CHANNEL_STATE_SET(htim, TIM_CHANNEL_2, HAL_TIM_CHANNEL_STATE_RESET);
 608              		.loc 1 285 3 is_stmt 1 view .LVU205
 609 0036 84F83E00 		strb	r0, [r4, #62]
 286:Drivers/STM32G4xx_HAL_Driver/Src/stm32g4xx_hal_tim_ex.c ****   TIM_CHANNEL_N_STATE_SET(htim, TIM_CHANNEL_1, HAL_TIM_CHANNEL_STATE_RESET);
 610              		.loc 1 286 3 view .LVU206
 611 003a 84F83F00 		strb	r0, [r4, #63]
 287:Drivers/STM32G4xx_HAL_Driver/Src/stm32g4xx_hal_tim_ex.c ****   TIM_CHANNEL_N_STATE_SET(htim, TIM_CHANNEL_2, HAL_TIM_CHANNEL_STATE_RESET);
 612              		.loc 1 287 3 view .LVU207
 613 003e 84F84400 		strb	r0, [r4, #68]
 288:Drivers/STM32G4xx_HAL_Driver/Src/stm32g4xx_hal_tim_ex.c **** 
 614              		.loc 1 288 3 view .LVU208
 615 0042 84F84500 		strb	r0, [r4, #69]
 291:Drivers/STM32G4xx_HAL_Driver/Src/stm32g4xx_hal_tim_ex.c **** 
 616              		.loc 1 291 3 view .LVU209
 291:Drivers/STM32G4xx_HAL_Driver/Src/stm32g4xx_hal_tim_ex.c **** 
 617              		.loc 1 291 15 is_stmt 0 view .LVU210
 618 0046 84F83D00 		strb	r0, [r4, #61]
 294:Drivers/STM32G4xx_HAL_Driver/Src/stm32g4xx_hal_tim_ex.c **** 
 619              		.loc 1 294 3 is_stmt 1 view .LVU211
 294:Drivers/STM32G4xx_HAL_Driver/Src/stm32g4xx_hal_tim_ex.c **** 
 620              		.loc 1 294 3 view .LVU212
 621 004a 84F83C00 		strb	r0, [r4, #60]
 294:Drivers/STM32G4xx_HAL_Driver/Src/stm32g4xx_hal_tim_ex.c **** 
 622              		.loc 1 294 3 view .LVU213
 296:Drivers/STM32G4xx_HAL_Driver/Src/stm32g4xx_hal_tim_ex.c **** }
 623              		.loc 1 296 3 view .LVU214
 297:Drivers/STM32G4xx_HAL_Driver/Src/stm32g4xx_hal_tim_ex.c **** 
 624              		.loc 1 297 1 is_stmt 0 view .LVU215
 625 004e 10BD     		pop	{r4, pc}
 297:Drivers/STM32G4xx_HAL_Driver/Src/stm32g4xx_hal_tim_ex.c **** 
 626              		.loc 1 297 1 view .LVU216
 627              		.cfi_endproc
 628              	.LFE330:
 630              		.section	.text.HAL_TIMEx_HallSensor_Start,"ax",%progbits
 631              		.align	1
 632              		.global	HAL_TIMEx_HallSensor_Start
 633              		.syntax unified
 634              		.thumb
 635              		.thumb_func
 637              	HAL_TIMEx_HallSensor_Start:
 638              	.LVL28:
 639              	.LFB333:
 335:Drivers/STM32G4xx_HAL_Driver/Src/stm32g4xx_hal_tim_ex.c ****   uint32_t tmpsmcr;
ARM GAS  /tmp/ccAXGFxz.s 			page 80


 640              		.loc 1 335 1 is_stmt 1 view -0
 641              		.cfi_startproc
 642              		@ args = 0, pretend = 0, frame = 0
 643              		@ frame_needed = 0, uses_anonymous_args = 0
 335:Drivers/STM32G4xx_HAL_Driver/Src/stm32g4xx_hal_tim_ex.c ****   uint32_t tmpsmcr;
 644              		.loc 1 335 1 is_stmt 0 view .LVU218
 645 0000 10B5     		push	{r4, lr}
 646              	.LCFI8:
 647              		.cfi_def_cfa_offset 8
 648              		.cfi_offset 4, -8
 649              		.cfi_offset 14, -4
 650 0002 0446     		mov	r4, r0
 336:Drivers/STM32G4xx_HAL_Driver/Src/stm32g4xx_hal_tim_ex.c ****   HAL_TIM_ChannelStateTypeDef channel_1_state = TIM_CHANNEL_STATE_GET(htim, TIM_CHANNEL_1);
 651              		.loc 1 336 3 is_stmt 1 view .LVU219
 337:Drivers/STM32G4xx_HAL_Driver/Src/stm32g4xx_hal_tim_ex.c ****   HAL_TIM_ChannelStateTypeDef channel_2_state = TIM_CHANNEL_STATE_GET(htim, TIM_CHANNEL_2);
 652              		.loc 1 337 3 view .LVU220
 337:Drivers/STM32G4xx_HAL_Driver/Src/stm32g4xx_hal_tim_ex.c ****   HAL_TIM_ChannelStateTypeDef channel_2_state = TIM_CHANNEL_STATE_GET(htim, TIM_CHANNEL_2);
 653              		.loc 1 337 31 is_stmt 0 view .LVU221
 654 0004 90F83E00 		ldrb	r0, [r0, #62]	@ zero_extendqisi2
 655              	.LVL29:
 338:Drivers/STM32G4xx_HAL_Driver/Src/stm32g4xx_hal_tim_ex.c ****   HAL_TIM_ChannelStateTypeDef complementary_channel_1_state = TIM_CHANNEL_N_STATE_GET(htim, TIM_CHA
 656              		.loc 1 338 3 is_stmt 1 view .LVU222
 338:Drivers/STM32G4xx_HAL_Driver/Src/stm32g4xx_hal_tim_ex.c ****   HAL_TIM_ChannelStateTypeDef complementary_channel_1_state = TIM_CHANNEL_N_STATE_GET(htim, TIM_CHA
 657              		.loc 1 338 31 is_stmt 0 view .LVU223
 658 0008 94F83F30 		ldrb	r3, [r4, #63]	@ zero_extendqisi2
 659              	.LVL30:
 339:Drivers/STM32G4xx_HAL_Driver/Src/stm32g4xx_hal_tim_ex.c ****   HAL_TIM_ChannelStateTypeDef complementary_channel_2_state = TIM_CHANNEL_N_STATE_GET(htim, TIM_CHA
 660              		.loc 1 339 3 is_stmt 1 view .LVU224
 339:Drivers/STM32G4xx_HAL_Driver/Src/stm32g4xx_hal_tim_ex.c ****   HAL_TIM_ChannelStateTypeDef complementary_channel_2_state = TIM_CHANNEL_N_STATE_GET(htim, TIM_CHA
 661              		.loc 1 339 31 is_stmt 0 view .LVU225
 662 000c 94F84420 		ldrb	r2, [r4, #68]	@ zero_extendqisi2
 663              	.LVL31:
 340:Drivers/STM32G4xx_HAL_Driver/Src/stm32g4xx_hal_tim_ex.c **** 
 664              		.loc 1 340 3 is_stmt 1 view .LVU226
 340:Drivers/STM32G4xx_HAL_Driver/Src/stm32g4xx_hal_tim_ex.c **** 
 665              		.loc 1 340 31 is_stmt 0 view .LVU227
 666 0010 94F84510 		ldrb	r1, [r4, #69]	@ zero_extendqisi2
 667              	.LVL32:
 343:Drivers/STM32G4xx_HAL_Driver/Src/stm32g4xx_hal_tim_ex.c **** 
 668              		.loc 1 343 3 is_stmt 1 view .LVU228
 346:Drivers/STM32G4xx_HAL_Driver/Src/stm32g4xx_hal_tim_ex.c ****       || (channel_2_state != HAL_TIM_CHANNEL_STATE_READY)
 669              		.loc 1 346 3 view .LVU229
 346:Drivers/STM32G4xx_HAL_Driver/Src/stm32g4xx_hal_tim_ex.c ****       || (channel_2_state != HAL_TIM_CHANNEL_STATE_READY)
 670              		.loc 1 346 6 is_stmt 0 view .LVU230
 671 0014 0128     		cmp	r0, #1
 672 0016 46D1     		bne	.L40
 347:Drivers/STM32G4xx_HAL_Driver/Src/stm32g4xx_hal_tim_ex.c ****       || (complementary_channel_1_state != HAL_TIM_CHANNEL_STATE_READY)
 673              		.loc 1 347 7 view .LVU231
 674 0018 012B     		cmp	r3, #1
 675 001a 45D1     		bne	.L36
 348:Drivers/STM32G4xx_HAL_Driver/Src/stm32g4xx_hal_tim_ex.c ****       || (complementary_channel_2_state != HAL_TIM_CHANNEL_STATE_READY))
 676              		.loc 1 348 7 view .LVU232
 677 001c 012A     		cmp	r2, #1
 678 001e 44D1     		bne	.L41
 349:Drivers/STM32G4xx_HAL_Driver/Src/stm32g4xx_hal_tim_ex.c ****   {
 679              		.loc 1 349 7 view .LVU233
 680 0020 0129     		cmp	r1, #1
ARM GAS  /tmp/ccAXGFxz.s 			page 81


 681 0022 01D0     		beq	.L44
 351:Drivers/STM32G4xx_HAL_Driver/Src/stm32g4xx_hal_tim_ex.c ****   }
 682              		.loc 1 351 12 view .LVU234
 683 0024 1046     		mov	r0, r2
 684              	.LVL33:
 351:Drivers/STM32G4xx_HAL_Driver/Src/stm32g4xx_hal_tim_ex.c ****   }
 685              		.loc 1 351 12 view .LVU235
 686 0026 3FE0     		b	.L36
 687              	.LVL34:
 688              	.L44:
 355:Drivers/STM32G4xx_HAL_Driver/Src/stm32g4xx_hal_tim_ex.c ****   TIM_CHANNEL_STATE_SET(htim, TIM_CHANNEL_2, HAL_TIM_CHANNEL_STATE_BUSY);
 689              		.loc 1 355 3 is_stmt 1 view .LVU236
 690 0028 0223     		movs	r3, #2
 691              	.LVL35:
 355:Drivers/STM32G4xx_HAL_Driver/Src/stm32g4xx_hal_tim_ex.c ****   TIM_CHANNEL_STATE_SET(htim, TIM_CHANNEL_2, HAL_TIM_CHANNEL_STATE_BUSY);
 692              		.loc 1 355 3 is_stmt 0 view .LVU237
 693 002a 84F83E30 		strb	r3, [r4, #62]
 356:Drivers/STM32G4xx_HAL_Driver/Src/stm32g4xx_hal_tim_ex.c ****   TIM_CHANNEL_N_STATE_SET(htim, TIM_CHANNEL_1, HAL_TIM_CHANNEL_STATE_BUSY);
 694              		.loc 1 356 3 is_stmt 1 view .LVU238
 695 002e 84F83F30 		strb	r3, [r4, #63]
 357:Drivers/STM32G4xx_HAL_Driver/Src/stm32g4xx_hal_tim_ex.c ****   TIM_CHANNEL_N_STATE_SET(htim, TIM_CHANNEL_2, HAL_TIM_CHANNEL_STATE_BUSY);
 696              		.loc 1 357 3 view .LVU239
 697 0032 84F84430 		strb	r3, [r4, #68]
 358:Drivers/STM32G4xx_HAL_Driver/Src/stm32g4xx_hal_tim_ex.c **** 
 698              		.loc 1 358 3 view .LVU240
 699 0036 84F84530 		strb	r3, [r4, #69]
 363:Drivers/STM32G4xx_HAL_Driver/Src/stm32g4xx_hal_tim_ex.c **** 
 700              		.loc 1 363 3 view .LVU241
 701 003a 0021     		movs	r1, #0
 702              	.LVL36:
 363:Drivers/STM32G4xx_HAL_Driver/Src/stm32g4xx_hal_tim_ex.c **** 
 703              		.loc 1 363 3 is_stmt 0 view .LVU242
 704 003c 2068     		ldr	r0, [r4]
 705              	.LVL37:
 363:Drivers/STM32G4xx_HAL_Driver/Src/stm32g4xx_hal_tim_ex.c **** 
 706              		.loc 1 363 3 view .LVU243
 707 003e FFF7FEFF 		bl	TIM_CCxChannelCmd
 708              	.LVL38:
 366:Drivers/STM32G4xx_HAL_Driver/Src/stm32g4xx_hal_tim_ex.c ****   {
 709              		.loc 1 366 3 is_stmt 1 view .LVU244
 366:Drivers/STM32G4xx_HAL_Driver/Src/stm32g4xx_hal_tim_ex.c ****   {
 710              		.loc 1 366 7 is_stmt 0 view .LVU245
 711 0042 2368     		ldr	r3, [r4]
 366:Drivers/STM32G4xx_HAL_Driver/Src/stm32g4xx_hal_tim_ex.c ****   {
 712              		.loc 1 366 6 view .LVU246
 713 0044 1A4A     		ldr	r2, .L45
 714 0046 9342     		cmp	r3, r2
 715 0048 1FD0     		beq	.L37
 366:Drivers/STM32G4xx_HAL_Driver/Src/stm32g4xx_hal_tim_ex.c ****   {
 716              		.loc 1 366 7 discriminator 1 view .LVU247
 717 004a B3F1804F 		cmp	r3, #1073741824
 718 004e 1CD0     		beq	.L37
 366:Drivers/STM32G4xx_HAL_Driver/Src/stm32g4xx_hal_tim_ex.c ****   {
 719              		.loc 1 366 7 discriminator 2 view .LVU248
 720 0050 A2F59432 		sub	r2, r2, #75776
 721 0054 9342     		cmp	r3, r2
 722 0056 18D0     		beq	.L37
ARM GAS  /tmp/ccAXGFxz.s 			page 82


 366:Drivers/STM32G4xx_HAL_Driver/Src/stm32g4xx_hal_tim_ex.c ****   {
 723              		.loc 1 366 7 discriminator 3 view .LVU249
 724 0058 02F58062 		add	r2, r2, #1024
 725 005c 9342     		cmp	r3, r2
 726 005e 14D0     		beq	.L37
 366:Drivers/STM32G4xx_HAL_Driver/Src/stm32g4xx_hal_tim_ex.c ****   {
 727              		.loc 1 366 7 discriminator 4 view .LVU250
 728 0060 02F58062 		add	r2, r2, #1024
 729 0064 9342     		cmp	r3, r2
 730 0066 10D0     		beq	.L37
 366:Drivers/STM32G4xx_HAL_Driver/Src/stm32g4xx_hal_tim_ex.c ****   {
 731              		.loc 1 366 7 discriminator 5 view .LVU251
 732 0068 02F59432 		add	r2, r2, #75776
 733 006c 9342     		cmp	r3, r2
 734 006e 0CD0     		beq	.L37
 366:Drivers/STM32G4xx_HAL_Driver/Src/stm32g4xx_hal_tim_ex.c ****   {
 735              		.loc 1 366 7 discriminator 6 view .LVU252
 736 0070 02F54062 		add	r2, r2, #3072
 737 0074 9342     		cmp	r3, r2
 738 0076 08D0     		beq	.L37
 366:Drivers/STM32G4xx_HAL_Driver/Src/stm32g4xx_hal_tim_ex.c ****   {
 739              		.loc 1 366 7 discriminator 7 view .LVU253
 740 0078 02F58052 		add	r2, r2, #4096
 741 007c 9342     		cmp	r3, r2
 742 007e 04D0     		beq	.L37
 376:Drivers/STM32G4xx_HAL_Driver/Src/stm32g4xx_hal_tim_ex.c ****   }
 743              		.loc 1 376 5 is_stmt 1 view .LVU254
 744 0080 1A68     		ldr	r2, [r3]
 745 0082 42F00102 		orr	r2, r2, #1
 746 0086 1A60     		str	r2, [r3]
 747 0088 0BE0     		b	.L39
 748              	.L37:
 368:Drivers/STM32G4xx_HAL_Driver/Src/stm32g4xx_hal_tim_ex.c ****     if (!IS_TIM_SLAVEMODE_TRIGGER_ENABLED(tmpsmcr))
 749              		.loc 1 368 5 view .LVU255
 368:Drivers/STM32G4xx_HAL_Driver/Src/stm32g4xx_hal_tim_ex.c ****     if (!IS_TIM_SLAVEMODE_TRIGGER_ENABLED(tmpsmcr))
 750              		.loc 1 368 29 is_stmt 0 view .LVU256
 751 008a 9968     		ldr	r1, [r3, #8]
 368:Drivers/STM32G4xx_HAL_Driver/Src/stm32g4xx_hal_tim_ex.c ****     if (!IS_TIM_SLAVEMODE_TRIGGER_ENABLED(tmpsmcr))
 752              		.loc 1 368 13 view .LVU257
 753 008c 094A     		ldr	r2, .L45+4
 754 008e 0A40     		ands	r2, r2, r1
 755              	.LVL39:
 369:Drivers/STM32G4xx_HAL_Driver/Src/stm32g4xx_hal_tim_ex.c ****     {
 756              		.loc 1 369 5 is_stmt 1 view .LVU258
 369:Drivers/STM32G4xx_HAL_Driver/Src/stm32g4xx_hal_tim_ex.c ****     {
 757              		.loc 1 369 8 is_stmt 0 view .LVU259
 758 0090 062A     		cmp	r2, #6
 759 0092 06D0     		beq	.L39
 369:Drivers/STM32G4xx_HAL_Driver/Src/stm32g4xx_hal_tim_ex.c ****     {
 760              		.loc 1 369 9 discriminator 1 view .LVU260
 761 0094 B2F5803F 		cmp	r2, #65536
 762 0098 03D0     		beq	.L39
 371:Drivers/STM32G4xx_HAL_Driver/Src/stm32g4xx_hal_tim_ex.c ****     }
 763              		.loc 1 371 7 is_stmt 1 view .LVU261
 764 009a 1A68     		ldr	r2, [r3]
 765              	.LVL40:
 371:Drivers/STM32G4xx_HAL_Driver/Src/stm32g4xx_hal_tim_ex.c ****     }
ARM GAS  /tmp/ccAXGFxz.s 			page 83


 766              		.loc 1 371 7 is_stmt 0 view .LVU262
 767 009c 42F00102 		orr	r2, r2, #1
 768 00a0 1A60     		str	r2, [r3]
 769              	.LVL41:
 770              	.L39:
 380:Drivers/STM32G4xx_HAL_Driver/Src/stm32g4xx_hal_tim_ex.c **** }
 771              		.loc 1 380 10 view .LVU263
 772 00a2 0020     		movs	r0, #0
 773 00a4 00E0     		b	.L36
 774              	.LVL42:
 775              	.L40:
 351:Drivers/STM32G4xx_HAL_Driver/Src/stm32g4xx_hal_tim_ex.c ****   }
 776              		.loc 1 351 12 view .LVU264
 777 00a6 0120     		movs	r0, #1
 778              	.LVL43:
 779              	.L36:
 381:Drivers/STM32G4xx_HAL_Driver/Src/stm32g4xx_hal_tim_ex.c **** 
 780              		.loc 1 381 1 view .LVU265
 781 00a8 10BD     		pop	{r4, pc}
 782              	.LVL44:
 783              	.L41:
 351:Drivers/STM32G4xx_HAL_Driver/Src/stm32g4xx_hal_tim_ex.c ****   }
 784              		.loc 1 351 12 view .LVU266
 785 00aa 1846     		mov	r0, r3
 786              	.LVL45:
 351:Drivers/STM32G4xx_HAL_Driver/Src/stm32g4xx_hal_tim_ex.c ****   }
 787              		.loc 1 351 12 view .LVU267
 788 00ac FCE7     		b	.L36
 789              	.L46:
 790 00ae 00BF     		.align	2
 791              	.L45:
 792 00b0 002C0140 		.word	1073818624
 793 00b4 07000100 		.word	65543
 794              		.cfi_endproc
 795              	.LFE333:
 797              		.section	.text.HAL_TIMEx_HallSensor_Stop,"ax",%progbits
 798              		.align	1
 799              		.global	HAL_TIMEx_HallSensor_Stop
 800              		.syntax unified
 801              		.thumb
 802              		.thumb_func
 804              	HAL_TIMEx_HallSensor_Stop:
 805              	.LVL46:
 806              	.LFB334:
 389:Drivers/STM32G4xx_HAL_Driver/Src/stm32g4xx_hal_tim_ex.c ****   /* Check the parameters */
 807              		.loc 1 389 1 is_stmt 1 view -0
 808              		.cfi_startproc
 809              		@ args = 0, pretend = 0, frame = 0
 810              		@ frame_needed = 0, uses_anonymous_args = 0
 389:Drivers/STM32G4xx_HAL_Driver/Src/stm32g4xx_hal_tim_ex.c ****   /* Check the parameters */
 811              		.loc 1 389 1 is_stmt 0 view .LVU269
 812 0000 10B5     		push	{r4, lr}
 813              	.LCFI9:
 814              		.cfi_def_cfa_offset 8
 815              		.cfi_offset 4, -8
 816              		.cfi_offset 14, -4
 817 0002 0446     		mov	r4, r0
ARM GAS  /tmp/ccAXGFxz.s 			page 84


 391:Drivers/STM32G4xx_HAL_Driver/Src/stm32g4xx_hal_tim_ex.c **** 
 818              		.loc 1 391 3 is_stmt 1 view .LVU270
 396:Drivers/STM32G4xx_HAL_Driver/Src/stm32g4xx_hal_tim_ex.c **** 
 819              		.loc 1 396 3 view .LVU271
 820 0004 0022     		movs	r2, #0
 821 0006 1146     		mov	r1, r2
 822 0008 0068     		ldr	r0, [r0]
 823              	.LVL47:
 396:Drivers/STM32G4xx_HAL_Driver/Src/stm32g4xx_hal_tim_ex.c **** 
 824              		.loc 1 396 3 is_stmt 0 view .LVU272
 825 000a FFF7FEFF 		bl	TIM_CCxChannelCmd
 826              	.LVL48:
 399:Drivers/STM32G4xx_HAL_Driver/Src/stm32g4xx_hal_tim_ex.c **** 
 827              		.loc 1 399 3 is_stmt 1 view .LVU273
 399:Drivers/STM32G4xx_HAL_Driver/Src/stm32g4xx_hal_tim_ex.c **** 
 828              		.loc 1 399 3 view .LVU274
 829 000e 2268     		ldr	r2, [r4]
 830 0010 136A     		ldr	r3, [r2, #32]
 831 0012 03F01133 		and	r3, r3, #286331153
 832 0016 23F08853 		bic	r3, r3, #285212672
 833 001a 43B9     		cbnz	r3, .L48
 399:Drivers/STM32G4xx_HAL_Driver/Src/stm32g4xx_hal_tim_ex.c **** 
 834              		.loc 1 399 3 discriminator 1 view .LVU275
 835 001c 116A     		ldr	r1, [r2, #32]
 836 001e 44F24443 		movw	r3, #17476
 837 0022 1942     		tst	r1, r3
 838 0024 03D1     		bne	.L48
 399:Drivers/STM32G4xx_HAL_Driver/Src/stm32g4xx_hal_tim_ex.c **** 
 839              		.loc 1 399 3 discriminator 2 view .LVU276
 840 0026 1368     		ldr	r3, [r2]
 841 0028 23F00103 		bic	r3, r3, #1
 842 002c 1360     		str	r3, [r2]
 843              	.L48:
 399:Drivers/STM32G4xx_HAL_Driver/Src/stm32g4xx_hal_tim_ex.c **** 
 844              		.loc 1 399 3 discriminator 3 view .LVU277
 402:Drivers/STM32G4xx_HAL_Driver/Src/stm32g4xx_hal_tim_ex.c ****   TIM_CHANNEL_STATE_SET(htim, TIM_CHANNEL_2, HAL_TIM_CHANNEL_STATE_READY);
 845              		.loc 1 402 3 view .LVU278
 846 002e 0123     		movs	r3, #1
 847 0030 84F83E30 		strb	r3, [r4, #62]
 403:Drivers/STM32G4xx_HAL_Driver/Src/stm32g4xx_hal_tim_ex.c ****   TIM_CHANNEL_N_STATE_SET(htim, TIM_CHANNEL_1, HAL_TIM_CHANNEL_STATE_READY);
 848              		.loc 1 403 3 view .LVU279
 849 0034 84F83F30 		strb	r3, [r4, #63]
 404:Drivers/STM32G4xx_HAL_Driver/Src/stm32g4xx_hal_tim_ex.c ****   TIM_CHANNEL_N_STATE_SET(htim, TIM_CHANNEL_2, HAL_TIM_CHANNEL_STATE_READY);
 850              		.loc 1 404 3 view .LVU280
 851 0038 84F84430 		strb	r3, [r4, #68]
 405:Drivers/STM32G4xx_HAL_Driver/Src/stm32g4xx_hal_tim_ex.c **** 
 852              		.loc 1 405 3 view .LVU281
 853 003c 84F84530 		strb	r3, [r4, #69]
 408:Drivers/STM32G4xx_HAL_Driver/Src/stm32g4xx_hal_tim_ex.c **** }
 854              		.loc 1 408 3 view .LVU282
 409:Drivers/STM32G4xx_HAL_Driver/Src/stm32g4xx_hal_tim_ex.c **** 
 855              		.loc 1 409 1 is_stmt 0 view .LVU283
 856 0040 0020     		movs	r0, #0
 857 0042 10BD     		pop	{r4, pc}
 409:Drivers/STM32G4xx_HAL_Driver/Src/stm32g4xx_hal_tim_ex.c **** 
 858              		.loc 1 409 1 view .LVU284
 859              		.cfi_endproc
ARM GAS  /tmp/ccAXGFxz.s 			page 85


 860              	.LFE334:
 862              		.section	.text.HAL_TIMEx_HallSensor_Start_IT,"ax",%progbits
 863              		.align	1
 864              		.global	HAL_TIMEx_HallSensor_Start_IT
 865              		.syntax unified
 866              		.thumb
 867              		.thumb_func
 869              	HAL_TIMEx_HallSensor_Start_IT:
 870              	.LVL49:
 871              	.LFB335:
 417:Drivers/STM32G4xx_HAL_Driver/Src/stm32g4xx_hal_tim_ex.c ****   uint32_t tmpsmcr;
 872              		.loc 1 417 1 is_stmt 1 view -0
 873              		.cfi_startproc
 874              		@ args = 0, pretend = 0, frame = 0
 875              		@ frame_needed = 0, uses_anonymous_args = 0
 417:Drivers/STM32G4xx_HAL_Driver/Src/stm32g4xx_hal_tim_ex.c ****   uint32_t tmpsmcr;
 876              		.loc 1 417 1 is_stmt 0 view .LVU286
 877 0000 10B5     		push	{r4, lr}
 878              	.LCFI10:
 879              		.cfi_def_cfa_offset 8
 880              		.cfi_offset 4, -8
 881              		.cfi_offset 14, -4
 882 0002 0446     		mov	r4, r0
 418:Drivers/STM32G4xx_HAL_Driver/Src/stm32g4xx_hal_tim_ex.c ****   HAL_TIM_ChannelStateTypeDef channel_1_state = TIM_CHANNEL_STATE_GET(htim, TIM_CHANNEL_1);
 883              		.loc 1 418 3 is_stmt 1 view .LVU287
 419:Drivers/STM32G4xx_HAL_Driver/Src/stm32g4xx_hal_tim_ex.c ****   HAL_TIM_ChannelStateTypeDef channel_2_state = TIM_CHANNEL_STATE_GET(htim, TIM_CHANNEL_2);
 884              		.loc 1 419 3 view .LVU288
 419:Drivers/STM32G4xx_HAL_Driver/Src/stm32g4xx_hal_tim_ex.c ****   HAL_TIM_ChannelStateTypeDef channel_2_state = TIM_CHANNEL_STATE_GET(htim, TIM_CHANNEL_2);
 885              		.loc 1 419 31 is_stmt 0 view .LVU289
 886 0004 90F83E00 		ldrb	r0, [r0, #62]	@ zero_extendqisi2
 887              	.LVL50:
 420:Drivers/STM32G4xx_HAL_Driver/Src/stm32g4xx_hal_tim_ex.c ****   HAL_TIM_ChannelStateTypeDef complementary_channel_1_state = TIM_CHANNEL_N_STATE_GET(htim, TIM_CHA
 888              		.loc 1 420 3 is_stmt 1 view .LVU290
 420:Drivers/STM32G4xx_HAL_Driver/Src/stm32g4xx_hal_tim_ex.c ****   HAL_TIM_ChannelStateTypeDef complementary_channel_1_state = TIM_CHANNEL_N_STATE_GET(htim, TIM_CHA
 889              		.loc 1 420 31 is_stmt 0 view .LVU291
 890 0008 94F83F30 		ldrb	r3, [r4, #63]	@ zero_extendqisi2
 891              	.LVL51:
 421:Drivers/STM32G4xx_HAL_Driver/Src/stm32g4xx_hal_tim_ex.c ****   HAL_TIM_ChannelStateTypeDef complementary_channel_2_state = TIM_CHANNEL_N_STATE_GET(htim, TIM_CHA
 892              		.loc 1 421 3 is_stmt 1 view .LVU292
 421:Drivers/STM32G4xx_HAL_Driver/Src/stm32g4xx_hal_tim_ex.c ****   HAL_TIM_ChannelStateTypeDef complementary_channel_2_state = TIM_CHANNEL_N_STATE_GET(htim, TIM_CHA
 893              		.loc 1 421 31 is_stmt 0 view .LVU293
 894 000c 94F84420 		ldrb	r2, [r4, #68]	@ zero_extendqisi2
 895              	.LVL52:
 422:Drivers/STM32G4xx_HAL_Driver/Src/stm32g4xx_hal_tim_ex.c **** 
 896              		.loc 1 422 3 is_stmt 1 view .LVU294
 422:Drivers/STM32G4xx_HAL_Driver/Src/stm32g4xx_hal_tim_ex.c **** 
 897              		.loc 1 422 31 is_stmt 0 view .LVU295
 898 0010 94F84510 		ldrb	r1, [r4, #69]	@ zero_extendqisi2
 899              	.LVL53:
 425:Drivers/STM32G4xx_HAL_Driver/Src/stm32g4xx_hal_tim_ex.c **** 
 900              		.loc 1 425 3 is_stmt 1 view .LVU296
 428:Drivers/STM32G4xx_HAL_Driver/Src/stm32g4xx_hal_tim_ex.c ****       || (channel_2_state != HAL_TIM_CHANNEL_STATE_READY)
 901              		.loc 1 428 3 view .LVU297
 428:Drivers/STM32G4xx_HAL_Driver/Src/stm32g4xx_hal_tim_ex.c ****       || (channel_2_state != HAL_TIM_CHANNEL_STATE_READY)
 902              		.loc 1 428 6 is_stmt 0 view .LVU298
 903 0014 0128     		cmp	r0, #1
 904 0016 4CD1     		bne	.L55
ARM GAS  /tmp/ccAXGFxz.s 			page 86


 429:Drivers/STM32G4xx_HAL_Driver/Src/stm32g4xx_hal_tim_ex.c ****       || (complementary_channel_1_state != HAL_TIM_CHANNEL_STATE_READY)
 905              		.loc 1 429 7 view .LVU299
 906 0018 012B     		cmp	r3, #1
 907 001a 4BD1     		bne	.L51
 430:Drivers/STM32G4xx_HAL_Driver/Src/stm32g4xx_hal_tim_ex.c ****       || (complementary_channel_2_state != HAL_TIM_CHANNEL_STATE_READY))
 908              		.loc 1 430 7 view .LVU300
 909 001c 012A     		cmp	r2, #1
 910 001e 4AD1     		bne	.L56
 431:Drivers/STM32G4xx_HAL_Driver/Src/stm32g4xx_hal_tim_ex.c ****   {
 911              		.loc 1 431 7 view .LVU301
 912 0020 0129     		cmp	r1, #1
 913 0022 01D0     		beq	.L59
 433:Drivers/STM32G4xx_HAL_Driver/Src/stm32g4xx_hal_tim_ex.c ****   }
 914              		.loc 1 433 12 view .LVU302
 915 0024 1046     		mov	r0, r2
 916              	.LVL54:
 433:Drivers/STM32G4xx_HAL_Driver/Src/stm32g4xx_hal_tim_ex.c ****   }
 917              		.loc 1 433 12 view .LVU303
 918 0026 45E0     		b	.L51
 919              	.LVL55:
 920              	.L59:
 437:Drivers/STM32G4xx_HAL_Driver/Src/stm32g4xx_hal_tim_ex.c ****   TIM_CHANNEL_STATE_SET(htim, TIM_CHANNEL_2, HAL_TIM_CHANNEL_STATE_BUSY);
 921              		.loc 1 437 3 is_stmt 1 view .LVU304
 922 0028 0223     		movs	r3, #2
 923              	.LVL56:
 437:Drivers/STM32G4xx_HAL_Driver/Src/stm32g4xx_hal_tim_ex.c ****   TIM_CHANNEL_STATE_SET(htim, TIM_CHANNEL_2, HAL_TIM_CHANNEL_STATE_BUSY);
 924              		.loc 1 437 3 is_stmt 0 view .LVU305
 925 002a 84F83E30 		strb	r3, [r4, #62]
 438:Drivers/STM32G4xx_HAL_Driver/Src/stm32g4xx_hal_tim_ex.c ****   TIM_CHANNEL_N_STATE_SET(htim, TIM_CHANNEL_1, HAL_TIM_CHANNEL_STATE_BUSY);
 926              		.loc 1 438 3 is_stmt 1 view .LVU306
 927 002e 84F83F30 		strb	r3, [r4, #63]
 439:Drivers/STM32G4xx_HAL_Driver/Src/stm32g4xx_hal_tim_ex.c ****   TIM_CHANNEL_N_STATE_SET(htim, TIM_CHANNEL_2, HAL_TIM_CHANNEL_STATE_BUSY);
 928              		.loc 1 439 3 view .LVU307
 929 0032 84F84430 		strb	r3, [r4, #68]
 440:Drivers/STM32G4xx_HAL_Driver/Src/stm32g4xx_hal_tim_ex.c **** 
 930              		.loc 1 440 3 view .LVU308
 931 0036 84F84530 		strb	r3, [r4, #69]
 443:Drivers/STM32G4xx_HAL_Driver/Src/stm32g4xx_hal_tim_ex.c **** 
 932              		.loc 1 443 3 view .LVU309
 933 003a 2268     		ldr	r2, [r4]
 934              	.LVL57:
 443:Drivers/STM32G4xx_HAL_Driver/Src/stm32g4xx_hal_tim_ex.c **** 
 935              		.loc 1 443 3 is_stmt 0 view .LVU310
 936 003c D368     		ldr	r3, [r2, #12]
 937 003e 43F00203 		orr	r3, r3, #2
 938 0042 D360     		str	r3, [r2, #12]
 448:Drivers/STM32G4xx_HAL_Driver/Src/stm32g4xx_hal_tim_ex.c **** 
 939              		.loc 1 448 3 is_stmt 1 view .LVU311
 940 0044 0122     		movs	r2, #1
 941 0046 0021     		movs	r1, #0
 942              	.LVL58:
 448:Drivers/STM32G4xx_HAL_Driver/Src/stm32g4xx_hal_tim_ex.c **** 
 943              		.loc 1 448 3 is_stmt 0 view .LVU312
 944 0048 2068     		ldr	r0, [r4]
 945              	.LVL59:
 448:Drivers/STM32G4xx_HAL_Driver/Src/stm32g4xx_hal_tim_ex.c **** 
 946              		.loc 1 448 3 view .LVU313
ARM GAS  /tmp/ccAXGFxz.s 			page 87


 947 004a FFF7FEFF 		bl	TIM_CCxChannelCmd
 948              	.LVL60:
 451:Drivers/STM32G4xx_HAL_Driver/Src/stm32g4xx_hal_tim_ex.c ****   {
 949              		.loc 1 451 3 is_stmt 1 view .LVU314
 451:Drivers/STM32G4xx_HAL_Driver/Src/stm32g4xx_hal_tim_ex.c ****   {
 950              		.loc 1 451 7 is_stmt 0 view .LVU315
 951 004e 2368     		ldr	r3, [r4]
 451:Drivers/STM32G4xx_HAL_Driver/Src/stm32g4xx_hal_tim_ex.c ****   {
 952              		.loc 1 451 6 view .LVU316
 953 0050 1A4A     		ldr	r2, .L60
 954 0052 9342     		cmp	r3, r2
 955 0054 1FD0     		beq	.L52
 451:Drivers/STM32G4xx_HAL_Driver/Src/stm32g4xx_hal_tim_ex.c ****   {
 956              		.loc 1 451 7 discriminator 1 view .LVU317
 957 0056 B3F1804F 		cmp	r3, #1073741824
 958 005a 1CD0     		beq	.L52
 451:Drivers/STM32G4xx_HAL_Driver/Src/stm32g4xx_hal_tim_ex.c ****   {
 959              		.loc 1 451 7 discriminator 2 view .LVU318
 960 005c A2F59432 		sub	r2, r2, #75776
 961 0060 9342     		cmp	r3, r2
 962 0062 18D0     		beq	.L52
 451:Drivers/STM32G4xx_HAL_Driver/Src/stm32g4xx_hal_tim_ex.c ****   {
 963              		.loc 1 451 7 discriminator 3 view .LVU319
 964 0064 02F58062 		add	r2, r2, #1024
 965 0068 9342     		cmp	r3, r2
 966 006a 14D0     		beq	.L52
 451:Drivers/STM32G4xx_HAL_Driver/Src/stm32g4xx_hal_tim_ex.c ****   {
 967              		.loc 1 451 7 discriminator 4 view .LVU320
 968 006c 02F58062 		add	r2, r2, #1024
 969 0070 9342     		cmp	r3, r2
 970 0072 10D0     		beq	.L52
 451:Drivers/STM32G4xx_HAL_Driver/Src/stm32g4xx_hal_tim_ex.c ****   {
 971              		.loc 1 451 7 discriminator 5 view .LVU321
 972 0074 02F59432 		add	r2, r2, #75776
 973 0078 9342     		cmp	r3, r2
 974 007a 0CD0     		beq	.L52
 451:Drivers/STM32G4xx_HAL_Driver/Src/stm32g4xx_hal_tim_ex.c ****   {
 975              		.loc 1 451 7 discriminator 6 view .LVU322
 976 007c 02F54062 		add	r2, r2, #3072
 977 0080 9342     		cmp	r3, r2
 978 0082 08D0     		beq	.L52
 451:Drivers/STM32G4xx_HAL_Driver/Src/stm32g4xx_hal_tim_ex.c ****   {
 979              		.loc 1 451 7 discriminator 7 view .LVU323
 980 0084 02F58052 		add	r2, r2, #4096
 981 0088 9342     		cmp	r3, r2
 982 008a 04D0     		beq	.L52
 461:Drivers/STM32G4xx_HAL_Driver/Src/stm32g4xx_hal_tim_ex.c ****   }
 983              		.loc 1 461 5 is_stmt 1 view .LVU324
 984 008c 1A68     		ldr	r2, [r3]
 985 008e 42F00102 		orr	r2, r2, #1
 986 0092 1A60     		str	r2, [r3]
 987 0094 0BE0     		b	.L54
 988              	.L52:
 453:Drivers/STM32G4xx_HAL_Driver/Src/stm32g4xx_hal_tim_ex.c ****     if (!IS_TIM_SLAVEMODE_TRIGGER_ENABLED(tmpsmcr))
 989              		.loc 1 453 5 view .LVU325
 453:Drivers/STM32G4xx_HAL_Driver/Src/stm32g4xx_hal_tim_ex.c ****     if (!IS_TIM_SLAVEMODE_TRIGGER_ENABLED(tmpsmcr))
 990              		.loc 1 453 29 is_stmt 0 view .LVU326
ARM GAS  /tmp/ccAXGFxz.s 			page 88


 991 0096 9968     		ldr	r1, [r3, #8]
 453:Drivers/STM32G4xx_HAL_Driver/Src/stm32g4xx_hal_tim_ex.c ****     if (!IS_TIM_SLAVEMODE_TRIGGER_ENABLED(tmpsmcr))
 992              		.loc 1 453 13 view .LVU327
 993 0098 094A     		ldr	r2, .L60+4
 994 009a 0A40     		ands	r2, r2, r1
 995              	.LVL61:
 454:Drivers/STM32G4xx_HAL_Driver/Src/stm32g4xx_hal_tim_ex.c ****     {
 996              		.loc 1 454 5 is_stmt 1 view .LVU328
 454:Drivers/STM32G4xx_HAL_Driver/Src/stm32g4xx_hal_tim_ex.c ****     {
 997              		.loc 1 454 8 is_stmt 0 view .LVU329
 998 009c 062A     		cmp	r2, #6
 999 009e 06D0     		beq	.L54
 454:Drivers/STM32G4xx_HAL_Driver/Src/stm32g4xx_hal_tim_ex.c ****     {
 1000              		.loc 1 454 9 discriminator 1 view .LVU330
 1001 00a0 B2F5803F 		cmp	r2, #65536
 1002 00a4 03D0     		beq	.L54
 456:Drivers/STM32G4xx_HAL_Driver/Src/stm32g4xx_hal_tim_ex.c ****     }
 1003              		.loc 1 456 7 is_stmt 1 view .LVU331
 1004 00a6 1A68     		ldr	r2, [r3]
 1005              	.LVL62:
 456:Drivers/STM32G4xx_HAL_Driver/Src/stm32g4xx_hal_tim_ex.c ****     }
 1006              		.loc 1 456 7 is_stmt 0 view .LVU332
 1007 00a8 42F00102 		orr	r2, r2, #1
 1008 00ac 1A60     		str	r2, [r3]
 1009              	.LVL63:
 1010              	.L54:
 465:Drivers/STM32G4xx_HAL_Driver/Src/stm32g4xx_hal_tim_ex.c **** }
 1011              		.loc 1 465 10 view .LVU333
 1012 00ae 0020     		movs	r0, #0
 1013 00b0 00E0     		b	.L51
 1014              	.LVL64:
 1015              	.L55:
 433:Drivers/STM32G4xx_HAL_Driver/Src/stm32g4xx_hal_tim_ex.c ****   }
 1016              		.loc 1 433 12 view .LVU334
 1017 00b2 0120     		movs	r0, #1
 1018              	.LVL65:
 1019              	.L51:
 466:Drivers/STM32G4xx_HAL_Driver/Src/stm32g4xx_hal_tim_ex.c **** 
 1020              		.loc 1 466 1 view .LVU335
 1021 00b4 10BD     		pop	{r4, pc}
 1022              	.LVL66:
 1023              	.L56:
 433:Drivers/STM32G4xx_HAL_Driver/Src/stm32g4xx_hal_tim_ex.c ****   }
 1024              		.loc 1 433 12 view .LVU336
 1025 00b6 1846     		mov	r0, r3
 1026              	.LVL67:
 433:Drivers/STM32G4xx_HAL_Driver/Src/stm32g4xx_hal_tim_ex.c ****   }
 1027              		.loc 1 433 12 view .LVU337
 1028 00b8 FCE7     		b	.L51
 1029              	.L61:
 1030 00ba 00BF     		.align	2
 1031              	.L60:
 1032 00bc 002C0140 		.word	1073818624
 1033 00c0 07000100 		.word	65543
 1034              		.cfi_endproc
 1035              	.LFE335:
 1037              		.section	.text.HAL_TIMEx_HallSensor_Stop_IT,"ax",%progbits
ARM GAS  /tmp/ccAXGFxz.s 			page 89


 1038              		.align	1
 1039              		.global	HAL_TIMEx_HallSensor_Stop_IT
 1040              		.syntax unified
 1041              		.thumb
 1042              		.thumb_func
 1044              	HAL_TIMEx_HallSensor_Stop_IT:
 1045              	.LVL68:
 1046              	.LFB336:
 474:Drivers/STM32G4xx_HAL_Driver/Src/stm32g4xx_hal_tim_ex.c ****   /* Check the parameters */
 1047              		.loc 1 474 1 is_stmt 1 view -0
 1048              		.cfi_startproc
 1049              		@ args = 0, pretend = 0, frame = 0
 1050              		@ frame_needed = 0, uses_anonymous_args = 0
 474:Drivers/STM32G4xx_HAL_Driver/Src/stm32g4xx_hal_tim_ex.c ****   /* Check the parameters */
 1051              		.loc 1 474 1 is_stmt 0 view .LVU339
 1052 0000 10B5     		push	{r4, lr}
 1053              	.LCFI11:
 1054              		.cfi_def_cfa_offset 8
 1055              		.cfi_offset 4, -8
 1056              		.cfi_offset 14, -4
 1057 0002 0446     		mov	r4, r0
 476:Drivers/STM32G4xx_HAL_Driver/Src/stm32g4xx_hal_tim_ex.c **** 
 1058              		.loc 1 476 3 is_stmt 1 view .LVU340
 481:Drivers/STM32G4xx_HAL_Driver/Src/stm32g4xx_hal_tim_ex.c **** 
 1059              		.loc 1 481 3 view .LVU341
 1060 0004 0022     		movs	r2, #0
 1061 0006 1146     		mov	r1, r2
 1062 0008 0068     		ldr	r0, [r0]
 1063              	.LVL69:
 481:Drivers/STM32G4xx_HAL_Driver/Src/stm32g4xx_hal_tim_ex.c **** 
 1064              		.loc 1 481 3 is_stmt 0 view .LVU342
 1065 000a FFF7FEFF 		bl	TIM_CCxChannelCmd
 1066              	.LVL70:
 484:Drivers/STM32G4xx_HAL_Driver/Src/stm32g4xx_hal_tim_ex.c **** 
 1067              		.loc 1 484 3 is_stmt 1 view .LVU343
 1068 000e 2268     		ldr	r2, [r4]
 1069 0010 D368     		ldr	r3, [r2, #12]
 1070 0012 23F00203 		bic	r3, r3, #2
 1071 0016 D360     		str	r3, [r2, #12]
 487:Drivers/STM32G4xx_HAL_Driver/Src/stm32g4xx_hal_tim_ex.c **** 
 1072              		.loc 1 487 3 view .LVU344
 487:Drivers/STM32G4xx_HAL_Driver/Src/stm32g4xx_hal_tim_ex.c **** 
 1073              		.loc 1 487 3 view .LVU345
 1074 0018 2268     		ldr	r2, [r4]
 1075 001a 136A     		ldr	r3, [r2, #32]
 1076 001c 03F01133 		and	r3, r3, #286331153
 1077 0020 23F08853 		bic	r3, r3, #285212672
 1078 0024 43B9     		cbnz	r3, .L63
 487:Drivers/STM32G4xx_HAL_Driver/Src/stm32g4xx_hal_tim_ex.c **** 
 1079              		.loc 1 487 3 discriminator 1 view .LVU346
 1080 0026 116A     		ldr	r1, [r2, #32]
 1081 0028 44F24443 		movw	r3, #17476
 1082 002c 1942     		tst	r1, r3
 1083 002e 03D1     		bne	.L63
 487:Drivers/STM32G4xx_HAL_Driver/Src/stm32g4xx_hal_tim_ex.c **** 
 1084              		.loc 1 487 3 discriminator 2 view .LVU347
 1085 0030 1368     		ldr	r3, [r2]
ARM GAS  /tmp/ccAXGFxz.s 			page 90


 1086 0032 23F00103 		bic	r3, r3, #1
 1087 0036 1360     		str	r3, [r2]
 1088              	.L63:
 487:Drivers/STM32G4xx_HAL_Driver/Src/stm32g4xx_hal_tim_ex.c **** 
 1089              		.loc 1 487 3 discriminator 3 view .LVU348
 490:Drivers/STM32G4xx_HAL_Driver/Src/stm32g4xx_hal_tim_ex.c ****   TIM_CHANNEL_STATE_SET(htim, TIM_CHANNEL_2, HAL_TIM_CHANNEL_STATE_READY);
 1090              		.loc 1 490 3 view .LVU349
 1091 0038 0123     		movs	r3, #1
 1092 003a 84F83E30 		strb	r3, [r4, #62]
 491:Drivers/STM32G4xx_HAL_Driver/Src/stm32g4xx_hal_tim_ex.c ****   TIM_CHANNEL_N_STATE_SET(htim, TIM_CHANNEL_1, HAL_TIM_CHANNEL_STATE_READY);
 1093              		.loc 1 491 3 view .LVU350
 1094 003e 84F83F30 		strb	r3, [r4, #63]
 492:Drivers/STM32G4xx_HAL_Driver/Src/stm32g4xx_hal_tim_ex.c ****   TIM_CHANNEL_N_STATE_SET(htim, TIM_CHANNEL_2, HAL_TIM_CHANNEL_STATE_READY);
 1095              		.loc 1 492 3 view .LVU351
 1096 0042 84F84430 		strb	r3, [r4, #68]
 493:Drivers/STM32G4xx_HAL_Driver/Src/stm32g4xx_hal_tim_ex.c **** 
 1097              		.loc 1 493 3 view .LVU352
 1098 0046 84F84530 		strb	r3, [r4, #69]
 496:Drivers/STM32G4xx_HAL_Driver/Src/stm32g4xx_hal_tim_ex.c **** }
 1099              		.loc 1 496 3 view .LVU353
 497:Drivers/STM32G4xx_HAL_Driver/Src/stm32g4xx_hal_tim_ex.c **** 
 1100              		.loc 1 497 1 is_stmt 0 view .LVU354
 1101 004a 0020     		movs	r0, #0
 1102 004c 10BD     		pop	{r4, pc}
 497:Drivers/STM32G4xx_HAL_Driver/Src/stm32g4xx_hal_tim_ex.c **** 
 1103              		.loc 1 497 1 view .LVU355
 1104              		.cfi_endproc
 1105              	.LFE336:
 1107              		.section	.text.HAL_TIMEx_HallSensor_Start_DMA,"ax",%progbits
 1108              		.align	1
 1109              		.global	HAL_TIMEx_HallSensor_Start_DMA
 1110              		.syntax unified
 1111              		.thumb
 1112              		.thumb_func
 1114              	HAL_TIMEx_HallSensor_Start_DMA:
 1115              	.LVL71:
 1116              	.LFB337:
 507:Drivers/STM32G4xx_HAL_Driver/Src/stm32g4xx_hal_tim_ex.c ****   uint32_t tmpsmcr;
 1117              		.loc 1 507 1 is_stmt 1 view -0
 1118              		.cfi_startproc
 1119              		@ args = 0, pretend = 0, frame = 0
 1120              		@ frame_needed = 0, uses_anonymous_args = 0
 507:Drivers/STM32G4xx_HAL_Driver/Src/stm32g4xx_hal_tim_ex.c ****   uint32_t tmpsmcr;
 1121              		.loc 1 507 1 is_stmt 0 view .LVU357
 1122 0000 F8B5     		push	{r3, r4, r5, r6, r7, lr}
 1123              	.LCFI12:
 1124              		.cfi_def_cfa_offset 24
 1125              		.cfi_offset 3, -24
 1126              		.cfi_offset 4, -20
 1127              		.cfi_offset 5, -16
 1128              		.cfi_offset 6, -12
 1129              		.cfi_offset 7, -8
 1130              		.cfi_offset 14, -4
 1131 0002 0446     		mov	r4, r0
 508:Drivers/STM32G4xx_HAL_Driver/Src/stm32g4xx_hal_tim_ex.c ****   HAL_TIM_ChannelStateTypeDef channel_1_state = TIM_CHANNEL_STATE_GET(htim, TIM_CHANNEL_1);
 1132              		.loc 1 508 3 is_stmt 1 view .LVU358
 509:Drivers/STM32G4xx_HAL_Driver/Src/stm32g4xx_hal_tim_ex.c ****   HAL_TIM_ChannelStateTypeDef complementary_channel_1_state = TIM_CHANNEL_N_STATE_GET(htim, TIM_CHA
ARM GAS  /tmp/ccAXGFxz.s 			page 91


 1133              		.loc 1 509 3 view .LVU359
 509:Drivers/STM32G4xx_HAL_Driver/Src/stm32g4xx_hal_tim_ex.c ****   HAL_TIM_ChannelStateTypeDef complementary_channel_1_state = TIM_CHANNEL_N_STATE_GET(htim, TIM_CHA
 1134              		.loc 1 509 31 is_stmt 0 view .LVU360
 1135 0004 90F83E00 		ldrb	r0, [r0, #62]	@ zero_extendqisi2
 1136              	.LVL72:
 510:Drivers/STM32G4xx_HAL_Driver/Src/stm32g4xx_hal_tim_ex.c **** 
 1137              		.loc 1 510 3 is_stmt 1 view .LVU361
 510:Drivers/STM32G4xx_HAL_Driver/Src/stm32g4xx_hal_tim_ex.c **** 
 1138              		.loc 1 510 31 is_stmt 0 view .LVU362
 1139 0008 94F84450 		ldrb	r5, [r4, #68]	@ zero_extendqisi2
 1140              	.LVL73:
 513:Drivers/STM32G4xx_HAL_Driver/Src/stm32g4xx_hal_tim_ex.c **** 
 1141              		.loc 1 513 3 is_stmt 1 view .LVU363
 516:Drivers/STM32G4xx_HAL_Driver/Src/stm32g4xx_hal_tim_ex.c ****       || (complementary_channel_1_state == HAL_TIM_CHANNEL_STATE_BUSY))
 1142              		.loc 1 516 3 view .LVU364
 516:Drivers/STM32G4xx_HAL_Driver/Src/stm32g4xx_hal_tim_ex.c ****       || (complementary_channel_1_state == HAL_TIM_CHANNEL_STATE_BUSY))
 1143              		.loc 1 516 6 is_stmt 0 view .LVU365
 1144 000c 0228     		cmp	r0, #2
 1145 000e 5ED0     		beq	.L68
 517:Drivers/STM32G4xx_HAL_Driver/Src/stm32g4xx_hal_tim_ex.c ****   {
 1146              		.loc 1 517 7 view .LVU366
 1147 0010 022D     		cmp	r5, #2
 1148 0012 07D0     		beq	.L70
 521:Drivers/STM32G4xx_HAL_Driver/Src/stm32g4xx_hal_tim_ex.c ****            && (complementary_channel_1_state == HAL_TIM_CHANNEL_STATE_READY))
 1149              		.loc 1 521 8 is_stmt 1 view .LVU367
 521:Drivers/STM32G4xx_HAL_Driver/Src/stm32g4xx_hal_tim_ex.c ****            && (complementary_channel_1_state == HAL_TIM_CHANNEL_STATE_READY))
 1150              		.loc 1 521 11 is_stmt 0 view .LVU368
 1151 0014 0128     		cmp	r0, #1
 1152 0016 59D1     		bne	.L74
 522:Drivers/STM32G4xx_HAL_Driver/Src/stm32g4xx_hal_tim_ex.c ****   {
 1153              		.loc 1 522 12 view .LVU369
 1154 0018 012D     		cmp	r5, #1
 1155 001a 58D1     		bne	.L68
 524:Drivers/STM32G4xx_HAL_Driver/Src/stm32g4xx_hal_tim_ex.c ****     {
 1156              		.loc 1 524 5 is_stmt 1 view .LVU370
 524:Drivers/STM32G4xx_HAL_Driver/Src/stm32g4xx_hal_tim_ex.c ****     {
 1157              		.loc 1 524 8 is_stmt 0 view .LVU371
 1158 001c 0E46     		mov	r6, r1
 1159 001e 09B1     		cbz	r1, .L70
 524:Drivers/STM32G4xx_HAL_Driver/Src/stm32g4xx_hal_tim_ex.c ****     {
 1160              		.loc 1 524 25 discriminator 1 view .LVU372
 1161 0020 1746     		mov	r7, r2
 1162 0022 0AB9     		cbnz	r2, .L76
 1163              	.LVL74:
 1164              	.L70:
 519:Drivers/STM32G4xx_HAL_Driver/Src/stm32g4xx_hal_tim_ex.c ****   }
 1165              		.loc 1 519 12 view .LVU373
 1166 0024 2846     		mov	r0, r5
 1167 0026 52E0     		b	.L68
 1168              	.LVL75:
 1169              	.L76:
 530:Drivers/STM32G4xx_HAL_Driver/Src/stm32g4xx_hal_tim_ex.c ****       TIM_CHANNEL_N_STATE_SET(htim, TIM_CHANNEL_1, HAL_TIM_CHANNEL_STATE_BUSY);
 1170              		.loc 1 530 7 is_stmt 1 view .LVU374
 1171 0028 0223     		movs	r3, #2
 1172 002a 84F83E30 		strb	r3, [r4, #62]
 531:Drivers/STM32G4xx_HAL_Driver/Src/stm32g4xx_hal_tim_ex.c ****     }
 1173              		.loc 1 531 7 view .LVU375
ARM GAS  /tmp/ccAXGFxz.s 			page 92


 1174 002e 84F84430 		strb	r3, [r4, #68]
 542:Drivers/STM32G4xx_HAL_Driver/Src/stm32g4xx_hal_tim_ex.c **** 
 1175              		.loc 1 542 3 view .LVU376
 1176 0032 0122     		movs	r2, #1
 1177              	.LVL76:
 542:Drivers/STM32G4xx_HAL_Driver/Src/stm32g4xx_hal_tim_ex.c **** 
 1178              		.loc 1 542 3 is_stmt 0 view .LVU377
 1179 0034 0021     		movs	r1, #0
 1180              	.LVL77:
 542:Drivers/STM32G4xx_HAL_Driver/Src/stm32g4xx_hal_tim_ex.c **** 
 1181              		.loc 1 542 3 view .LVU378
 1182 0036 2068     		ldr	r0, [r4]
 1183              	.LVL78:
 542:Drivers/STM32G4xx_HAL_Driver/Src/stm32g4xx_hal_tim_ex.c **** 
 1184              		.loc 1 542 3 view .LVU379
 1185 0038 FFF7FEFF 		bl	TIM_CCxChannelCmd
 1186              	.LVL79:
 545:Drivers/STM32G4xx_HAL_Driver/Src/stm32g4xx_hal_tim_ex.c ****   htim->hdma[TIM_DMA_ID_CC1]->XferHalfCpltCallback = TIM_DMACaptureHalfCplt;
 1187              		.loc 1 545 3 is_stmt 1 view .LVU380
 545:Drivers/STM32G4xx_HAL_Driver/Src/stm32g4xx_hal_tim_ex.c ****   htim->hdma[TIM_DMA_ID_CC1]->XferHalfCpltCallback = TIM_DMACaptureHalfCplt;
 1188              		.loc 1 545 13 is_stmt 0 view .LVU381
 1189 003c 636A     		ldr	r3, [r4, #36]
 545:Drivers/STM32G4xx_HAL_Driver/Src/stm32g4xx_hal_tim_ex.c ****   htim->hdma[TIM_DMA_ID_CC1]->XferHalfCpltCallback = TIM_DMACaptureHalfCplt;
 1190              		.loc 1 545 48 view .LVU382
 1191 003e 244A     		ldr	r2, .L77
 1192 0040 DA62     		str	r2, [r3, #44]
 546:Drivers/STM32G4xx_HAL_Driver/Src/stm32g4xx_hal_tim_ex.c ****   /* Set the DMA error callback */
 1193              		.loc 1 546 3 is_stmt 1 view .LVU383
 546:Drivers/STM32G4xx_HAL_Driver/Src/stm32g4xx_hal_tim_ex.c ****   /* Set the DMA error callback */
 1194              		.loc 1 546 13 is_stmt 0 view .LVU384
 1195 0042 636A     		ldr	r3, [r4, #36]
 546:Drivers/STM32G4xx_HAL_Driver/Src/stm32g4xx_hal_tim_ex.c ****   /* Set the DMA error callback */
 1196              		.loc 1 546 52 view .LVU385
 1197 0044 234A     		ldr	r2, .L77+4
 1198 0046 1A63     		str	r2, [r3, #48]
 548:Drivers/STM32G4xx_HAL_Driver/Src/stm32g4xx_hal_tim_ex.c **** 
 1199              		.loc 1 548 3 is_stmt 1 view .LVU386
 548:Drivers/STM32G4xx_HAL_Driver/Src/stm32g4xx_hal_tim_ex.c **** 
 1200              		.loc 1 548 13 is_stmt 0 view .LVU387
 1201 0048 636A     		ldr	r3, [r4, #36]
 548:Drivers/STM32G4xx_HAL_Driver/Src/stm32g4xx_hal_tim_ex.c **** 
 1202              		.loc 1 548 49 view .LVU388
 1203 004a 234A     		ldr	r2, .L77+8
 1204 004c 5A63     		str	r2, [r3, #52]
 551:Drivers/STM32G4xx_HAL_Driver/Src/stm32g4xx_hal_tim_ex.c ****   {
 1205              		.loc 1 551 3 is_stmt 1 view .LVU389
 551:Drivers/STM32G4xx_HAL_Driver/Src/stm32g4xx_hal_tim_ex.c ****   {
 1206              		.loc 1 551 67 is_stmt 0 view .LVU390
 1207 004e 2168     		ldr	r1, [r4]
 551:Drivers/STM32G4xx_HAL_Driver/Src/stm32g4xx_hal_tim_ex.c ****   {
 1208              		.loc 1 551 7 view .LVU391
 1209 0050 3B46     		mov	r3, r7
 1210 0052 3246     		mov	r2, r6
 1211 0054 3431     		adds	r1, r1, #52
 1212 0056 606A     		ldr	r0, [r4, #36]
 1213 0058 FFF7FEFF 		bl	HAL_DMA_Start_IT
 1214              	.LVL80:
ARM GAS  /tmp/ccAXGFxz.s 			page 93


 551:Drivers/STM32G4xx_HAL_Driver/Src/stm32g4xx_hal_tim_ex.c ****   {
 1215              		.loc 1 551 6 discriminator 1 view .LVU392
 1216 005c 0028     		cmp	r0, #0
 1217 005e E1D1     		bne	.L70
 557:Drivers/STM32G4xx_HAL_Driver/Src/stm32g4xx_hal_tim_ex.c **** 
 1218              		.loc 1 557 3 is_stmt 1 view .LVU393
 1219 0060 2268     		ldr	r2, [r4]
 1220 0062 D368     		ldr	r3, [r2, #12]
 1221 0064 43F40073 		orr	r3, r3, #512
 1222 0068 D360     		str	r3, [r2, #12]
 560:Drivers/STM32G4xx_HAL_Driver/Src/stm32g4xx_hal_tim_ex.c ****   {
 1223              		.loc 1 560 3 view .LVU394
 560:Drivers/STM32G4xx_HAL_Driver/Src/stm32g4xx_hal_tim_ex.c ****   {
 1224              		.loc 1 560 7 is_stmt 0 view .LVU395
 1225 006a 2368     		ldr	r3, [r4]
 560:Drivers/STM32G4xx_HAL_Driver/Src/stm32g4xx_hal_tim_ex.c ****   {
 1226              		.loc 1 560 6 view .LVU396
 1227 006c 1B4A     		ldr	r2, .L77+12
 1228 006e 9342     		cmp	r3, r2
 1229 0070 1FD0     		beq	.L71
 560:Drivers/STM32G4xx_HAL_Driver/Src/stm32g4xx_hal_tim_ex.c ****   {
 1230              		.loc 1 560 7 discriminator 1 view .LVU397
 1231 0072 B3F1804F 		cmp	r3, #1073741824
 1232 0076 1CD0     		beq	.L71
 560:Drivers/STM32G4xx_HAL_Driver/Src/stm32g4xx_hal_tim_ex.c ****   {
 1233              		.loc 1 560 7 discriminator 2 view .LVU398
 1234 0078 A2F59432 		sub	r2, r2, #75776
 1235 007c 9342     		cmp	r3, r2
 1236 007e 18D0     		beq	.L71
 560:Drivers/STM32G4xx_HAL_Driver/Src/stm32g4xx_hal_tim_ex.c ****   {
 1237              		.loc 1 560 7 discriminator 3 view .LVU399
 1238 0080 02F58062 		add	r2, r2, #1024
 1239 0084 9342     		cmp	r3, r2
 1240 0086 14D0     		beq	.L71
 560:Drivers/STM32G4xx_HAL_Driver/Src/stm32g4xx_hal_tim_ex.c ****   {
 1241              		.loc 1 560 7 discriminator 4 view .LVU400
 1242 0088 02F58062 		add	r2, r2, #1024
 1243 008c 9342     		cmp	r3, r2
 1244 008e 10D0     		beq	.L71
 560:Drivers/STM32G4xx_HAL_Driver/Src/stm32g4xx_hal_tim_ex.c ****   {
 1245              		.loc 1 560 7 discriminator 5 view .LVU401
 1246 0090 02F59432 		add	r2, r2, #75776
 1247 0094 9342     		cmp	r3, r2
 1248 0096 0CD0     		beq	.L71
 560:Drivers/STM32G4xx_HAL_Driver/Src/stm32g4xx_hal_tim_ex.c ****   {
 1249              		.loc 1 560 7 discriminator 6 view .LVU402
 1250 0098 02F54062 		add	r2, r2, #3072
 1251 009c 9342     		cmp	r3, r2
 1252 009e 08D0     		beq	.L71
 560:Drivers/STM32G4xx_HAL_Driver/Src/stm32g4xx_hal_tim_ex.c ****   {
 1253              		.loc 1 560 7 discriminator 7 view .LVU403
 1254 00a0 02F58052 		add	r2, r2, #4096
 1255 00a4 9342     		cmp	r3, r2
 1256 00a6 04D0     		beq	.L71
 570:Drivers/STM32G4xx_HAL_Driver/Src/stm32g4xx_hal_tim_ex.c ****   }
 1257              		.loc 1 570 5 is_stmt 1 view .LVU404
 1258 00a8 1A68     		ldr	r2, [r3]
ARM GAS  /tmp/ccAXGFxz.s 			page 94


 1259 00aa 42F00102 		orr	r2, r2, #1
 1260 00ae 1A60     		str	r2, [r3]
 1261 00b0 0DE0     		b	.L68
 1262              	.L71:
 562:Drivers/STM32G4xx_HAL_Driver/Src/stm32g4xx_hal_tim_ex.c ****     if (!IS_TIM_SLAVEMODE_TRIGGER_ENABLED(tmpsmcr))
 1263              		.loc 1 562 5 view .LVU405
 562:Drivers/STM32G4xx_HAL_Driver/Src/stm32g4xx_hal_tim_ex.c ****     if (!IS_TIM_SLAVEMODE_TRIGGER_ENABLED(tmpsmcr))
 1264              		.loc 1 562 29 is_stmt 0 view .LVU406
 1265 00b2 9968     		ldr	r1, [r3, #8]
 562:Drivers/STM32G4xx_HAL_Driver/Src/stm32g4xx_hal_tim_ex.c ****     if (!IS_TIM_SLAVEMODE_TRIGGER_ENABLED(tmpsmcr))
 1266              		.loc 1 562 13 view .LVU407
 1267 00b4 0A4A     		ldr	r2, .L77+16
 1268 00b6 0A40     		ands	r2, r2, r1
 1269              	.LVL81:
 563:Drivers/STM32G4xx_HAL_Driver/Src/stm32g4xx_hal_tim_ex.c ****     {
 1270              		.loc 1 563 5 is_stmt 1 view .LVU408
 563:Drivers/STM32G4xx_HAL_Driver/Src/stm32g4xx_hal_tim_ex.c ****     {
 1271              		.loc 1 563 8 is_stmt 0 view .LVU409
 1272 00b8 062A     		cmp	r2, #6
 1273 00ba 08D0     		beq	.L68
 563:Drivers/STM32G4xx_HAL_Driver/Src/stm32g4xx_hal_tim_ex.c ****     {
 1274              		.loc 1 563 9 discriminator 1 view .LVU410
 1275 00bc B2F5803F 		cmp	r2, #65536
 1276 00c0 05D0     		beq	.L68
 565:Drivers/STM32G4xx_HAL_Driver/Src/stm32g4xx_hal_tim_ex.c ****     }
 1277              		.loc 1 565 7 is_stmt 1 view .LVU411
 1278 00c2 1A68     		ldr	r2, [r3]
 1279              	.LVL82:
 565:Drivers/STM32G4xx_HAL_Driver/Src/stm32g4xx_hal_tim_ex.c ****     }
 1280              		.loc 1 565 7 is_stmt 0 view .LVU412
 1281 00c4 42F00102 		orr	r2, r2, #1
 1282 00c8 1A60     		str	r2, [r3]
 1283 00ca 00E0     		b	.L68
 1284              	.LVL83:
 1285              	.L74:
 536:Drivers/STM32G4xx_HAL_Driver/Src/stm32g4xx_hal_tim_ex.c ****   }
 1286              		.loc 1 536 12 view .LVU413
 1287 00cc 0120     		movs	r0, #1
 1288              	.LVL84:
 1289              	.L68:
 575:Drivers/STM32G4xx_HAL_Driver/Src/stm32g4xx_hal_tim_ex.c **** 
 1290              		.loc 1 575 1 view .LVU414
 1291 00ce F8BD     		pop	{r3, r4, r5, r6, r7, pc}
 1292              	.LVL85:
 1293              	.L78:
 575:Drivers/STM32G4xx_HAL_Driver/Src/stm32g4xx_hal_tim_ex.c **** 
 1294              		.loc 1 575 1 view .LVU415
 1295              		.align	2
 1296              	.L77:
 1297 00d0 00000000 		.word	TIM_DMACaptureCplt
 1298 00d4 00000000 		.word	TIM_DMACaptureHalfCplt
 1299 00d8 00000000 		.word	TIM_DMAError
 1300 00dc 002C0140 		.word	1073818624
 1301 00e0 07000100 		.word	65543
 1302              		.cfi_endproc
 1303              	.LFE337:
 1305              		.section	.text.HAL_TIMEx_HallSensor_Stop_DMA,"ax",%progbits
ARM GAS  /tmp/ccAXGFxz.s 			page 95


 1306              		.align	1
 1307              		.global	HAL_TIMEx_HallSensor_Stop_DMA
 1308              		.syntax unified
 1309              		.thumb
 1310              		.thumb_func
 1312              	HAL_TIMEx_HallSensor_Stop_DMA:
 1313              	.LVL86:
 1314              	.LFB338:
 583:Drivers/STM32G4xx_HAL_Driver/Src/stm32g4xx_hal_tim_ex.c ****   /* Check the parameters */
 1315              		.loc 1 583 1 is_stmt 1 view -0
 1316              		.cfi_startproc
 1317              		@ args = 0, pretend = 0, frame = 0
 1318              		@ frame_needed = 0, uses_anonymous_args = 0
 583:Drivers/STM32G4xx_HAL_Driver/Src/stm32g4xx_hal_tim_ex.c ****   /* Check the parameters */
 1319              		.loc 1 583 1 is_stmt 0 view .LVU417
 1320 0000 10B5     		push	{r4, lr}
 1321              	.LCFI13:
 1322              		.cfi_def_cfa_offset 8
 1323              		.cfi_offset 4, -8
 1324              		.cfi_offset 14, -4
 1325 0002 0446     		mov	r4, r0
 585:Drivers/STM32G4xx_HAL_Driver/Src/stm32g4xx_hal_tim_ex.c **** 
 1326              		.loc 1 585 3 is_stmt 1 view .LVU418
 590:Drivers/STM32G4xx_HAL_Driver/Src/stm32g4xx_hal_tim_ex.c **** 
 1327              		.loc 1 590 3 view .LVU419
 1328 0004 0022     		movs	r2, #0
 1329 0006 1146     		mov	r1, r2
 1330 0008 0068     		ldr	r0, [r0]
 1331              	.LVL87:
 590:Drivers/STM32G4xx_HAL_Driver/Src/stm32g4xx_hal_tim_ex.c **** 
 1332              		.loc 1 590 3 is_stmt 0 view .LVU420
 1333 000a FFF7FEFF 		bl	TIM_CCxChannelCmd
 1334              	.LVL88:
 594:Drivers/STM32G4xx_HAL_Driver/Src/stm32g4xx_hal_tim_ex.c **** 
 1335              		.loc 1 594 3 is_stmt 1 view .LVU421
 1336 000e 2268     		ldr	r2, [r4]
 1337 0010 D368     		ldr	r3, [r2, #12]
 1338 0012 23F40073 		bic	r3, r3, #512
 1339 0016 D360     		str	r3, [r2, #12]
 596:Drivers/STM32G4xx_HAL_Driver/Src/stm32g4xx_hal_tim_ex.c **** 
 1340              		.loc 1 596 3 view .LVU422
 596:Drivers/STM32G4xx_HAL_Driver/Src/stm32g4xx_hal_tim_ex.c **** 
 1341              		.loc 1 596 9 is_stmt 0 view .LVU423
 1342 0018 606A     		ldr	r0, [r4, #36]
 1343 001a FFF7FEFF 		bl	HAL_DMA_Abort_IT
 1344              	.LVL89:
 599:Drivers/STM32G4xx_HAL_Driver/Src/stm32g4xx_hal_tim_ex.c **** 
 1345              		.loc 1 599 3 is_stmt 1 view .LVU424
 599:Drivers/STM32G4xx_HAL_Driver/Src/stm32g4xx_hal_tim_ex.c **** 
 1346              		.loc 1 599 3 view .LVU425
 1347 001e 2268     		ldr	r2, [r4]
 1348 0020 136A     		ldr	r3, [r2, #32]
 1349 0022 03F01133 		and	r3, r3, #286331153
 1350 0026 23F08853 		bic	r3, r3, #285212672
 1351 002a 43B9     		cbnz	r3, .L80
 599:Drivers/STM32G4xx_HAL_Driver/Src/stm32g4xx_hal_tim_ex.c **** 
 1352              		.loc 1 599 3 discriminator 1 view .LVU426
ARM GAS  /tmp/ccAXGFxz.s 			page 96


 1353 002c 116A     		ldr	r1, [r2, #32]
 1354 002e 44F24443 		movw	r3, #17476
 1355 0032 1942     		tst	r1, r3
 1356 0034 03D1     		bne	.L80
 599:Drivers/STM32G4xx_HAL_Driver/Src/stm32g4xx_hal_tim_ex.c **** 
 1357              		.loc 1 599 3 discriminator 2 view .LVU427
 1358 0036 1368     		ldr	r3, [r2]
 1359 0038 23F00103 		bic	r3, r3, #1
 1360 003c 1360     		str	r3, [r2]
 1361              	.L80:
 599:Drivers/STM32G4xx_HAL_Driver/Src/stm32g4xx_hal_tim_ex.c **** 
 1362              		.loc 1 599 3 discriminator 3 view .LVU428
 602:Drivers/STM32G4xx_HAL_Driver/Src/stm32g4xx_hal_tim_ex.c ****   TIM_CHANNEL_N_STATE_SET(htim, TIM_CHANNEL_1, HAL_TIM_CHANNEL_STATE_READY);
 1363              		.loc 1 602 3 view .LVU429
 1364 003e 0123     		movs	r3, #1
 1365 0040 84F83E30 		strb	r3, [r4, #62]
 603:Drivers/STM32G4xx_HAL_Driver/Src/stm32g4xx_hal_tim_ex.c **** 
 1366              		.loc 1 603 3 view .LVU430
 1367 0044 84F84430 		strb	r3, [r4, #68]
 606:Drivers/STM32G4xx_HAL_Driver/Src/stm32g4xx_hal_tim_ex.c **** }
 1368              		.loc 1 606 3 view .LVU431
 607:Drivers/STM32G4xx_HAL_Driver/Src/stm32g4xx_hal_tim_ex.c **** 
 1369              		.loc 1 607 1 is_stmt 0 view .LVU432
 1370 0048 0020     		movs	r0, #0
 1371 004a 10BD     		pop	{r4, pc}
 607:Drivers/STM32G4xx_HAL_Driver/Src/stm32g4xx_hal_tim_ex.c **** 
 1372              		.loc 1 607 1 view .LVU433
 1373              		.cfi_endproc
 1374              	.LFE338:
 1376              		.section	.text.HAL_TIMEx_OCN_Start,"ax",%progbits
 1377              		.align	1
 1378              		.global	HAL_TIMEx_OCN_Start
 1379              		.syntax unified
 1380              		.thumb
 1381              		.thumb_func
 1383              	HAL_TIMEx_OCN_Start:
 1384              	.LVL90:
 1385              	.LFB339:
 646:Drivers/STM32G4xx_HAL_Driver/Src/stm32g4xx_hal_tim_ex.c ****   uint32_t tmpsmcr;
 1386              		.loc 1 646 1 is_stmt 1 view -0
 1387              		.cfi_startproc
 1388              		@ args = 0, pretend = 0, frame = 0
 1389              		@ frame_needed = 0, uses_anonymous_args = 0
 646:Drivers/STM32G4xx_HAL_Driver/Src/stm32g4xx_hal_tim_ex.c ****   uint32_t tmpsmcr;
 1390              		.loc 1 646 1 is_stmt 0 view .LVU435
 1391 0000 10B5     		push	{r4, lr}
 1392              	.LCFI14:
 1393              		.cfi_def_cfa_offset 8
 1394              		.cfi_offset 4, -8
 1395              		.cfi_offset 14, -4
 1396 0002 0446     		mov	r4, r0
 647:Drivers/STM32G4xx_HAL_Driver/Src/stm32g4xx_hal_tim_ex.c **** 
 1397              		.loc 1 647 3 is_stmt 1 view .LVU436
 650:Drivers/STM32G4xx_HAL_Driver/Src/stm32g4xx_hal_tim_ex.c **** 
 1398              		.loc 1 650 3 view .LVU437
 653:Drivers/STM32G4xx_HAL_Driver/Src/stm32g4xx_hal_tim_ex.c ****   {
 1399              		.loc 1 653 3 view .LVU438
ARM GAS  /tmp/ccAXGFxz.s 			page 97


 653:Drivers/STM32G4xx_HAL_Driver/Src/stm32g4xx_hal_tim_ex.c ****   {
 1400              		.loc 1 653 46 is_stmt 0 view .LVU439
 1401 0004 0846     		mov	r0, r1
 1402              	.LVL91:
 653:Drivers/STM32G4xx_HAL_Driver/Src/stm32g4xx_hal_tim_ex.c ****   {
 1403              		.loc 1 653 46 view .LVU440
 1404 0006 0029     		cmp	r1, #0
 1405 0008 39D1     		bne	.L83
 653:Drivers/STM32G4xx_HAL_Driver/Src/stm32g4xx_hal_tim_ex.c ****   {
 1406              		.loc 1 653 7 discriminator 1 view .LVU441
 1407 000a 94F84430 		ldrb	r3, [r4, #68]	@ zero_extendqisi2
 653:Drivers/STM32G4xx_HAL_Driver/Src/stm32g4xx_hal_tim_ex.c ****   {
 1408              		.loc 1 653 46 discriminator 1 view .LVU442
 1409 000e 013B     		subs	r3, r3, #1
 1410 0010 18BF     		it	ne
 1411 0012 0123     		movne	r3, #1
 1412              	.L84:
 653:Drivers/STM32G4xx_HAL_Driver/Src/stm32g4xx_hal_tim_ex.c ****   {
 1413              		.loc 1 653 6 discriminator 7 view .LVU443
 1414 0014 002B     		cmp	r3, #0
 1415 0016 66D1     		bne	.L95
 659:Drivers/STM32G4xx_HAL_Driver/Src/stm32g4xx_hal_tim_ex.c **** 
 1416              		.loc 1 659 3 is_stmt 1 view .LVU444
 1417 0018 0028     		cmp	r0, #0
 1418 001a 46D1     		bne	.L88
 659:Drivers/STM32G4xx_HAL_Driver/Src/stm32g4xx_hal_tim_ex.c **** 
 1419              		.loc 1 659 3 is_stmt 0 discriminator 1 view .LVU445
 1420 001c 0223     		movs	r3, #2
 1421 001e 84F84430 		strb	r3, [r4, #68]
 1422              	.L89:
 662:Drivers/STM32G4xx_HAL_Driver/Src/stm32g4xx_hal_tim_ex.c **** 
 1423              		.loc 1 662 3 is_stmt 1 view .LVU446
 1424 0022 0422     		movs	r2, #4
 1425 0024 0146     		mov	r1, r0
 1426              	.LVL92:
 662:Drivers/STM32G4xx_HAL_Driver/Src/stm32g4xx_hal_tim_ex.c **** 
 1427              		.loc 1 662 3 is_stmt 0 view .LVU447
 1428 0026 2068     		ldr	r0, [r4]
 1429              	.LVL93:
 662:Drivers/STM32G4xx_HAL_Driver/Src/stm32g4xx_hal_tim_ex.c **** 
 1430              		.loc 1 662 3 view .LVU448
 1431 0028 FFF7FEFF 		bl	TIM_CCxNChannelCmd
 1432              	.LVL94:
 665:Drivers/STM32G4xx_HAL_Driver/Src/stm32g4xx_hal_tim_ex.c **** 
 1433              		.loc 1 665 3 is_stmt 1 view .LVU449
 1434 002c 2268     		ldr	r2, [r4]
 1435 002e 536C     		ldr	r3, [r2, #68]
 1436 0030 43F40043 		orr	r3, r3, #32768
 1437 0034 5364     		str	r3, [r2, #68]
 668:Drivers/STM32G4xx_HAL_Driver/Src/stm32g4xx_hal_tim_ex.c ****   {
 1438              		.loc 1 668 3 view .LVU450
 668:Drivers/STM32G4xx_HAL_Driver/Src/stm32g4xx_hal_tim_ex.c ****   {
 1439              		.loc 1 668 7 is_stmt 0 view .LVU451
 1440 0036 2368     		ldr	r3, [r4]
 668:Drivers/STM32G4xx_HAL_Driver/Src/stm32g4xx_hal_tim_ex.c ****   {
 1441              		.loc 1 668 6 view .LVU452
 1442 0038 2C4A     		ldr	r2, .L101
ARM GAS  /tmp/ccAXGFxz.s 			page 98


 1443 003a 9342     		cmp	r3, r2
 1444 003c 45D0     		beq	.L92
 668:Drivers/STM32G4xx_HAL_Driver/Src/stm32g4xx_hal_tim_ex.c ****   {
 1445              		.loc 1 668 7 discriminator 1 view .LVU453
 1446 003e B3F1804F 		cmp	r3, #1073741824
 1447 0042 42D0     		beq	.L92
 668:Drivers/STM32G4xx_HAL_Driver/Src/stm32g4xx_hal_tim_ex.c ****   {
 1448              		.loc 1 668 7 discriminator 2 view .LVU454
 1449 0044 A2F59432 		sub	r2, r2, #75776
 1450 0048 9342     		cmp	r3, r2
 1451 004a 3ED0     		beq	.L92
 668:Drivers/STM32G4xx_HAL_Driver/Src/stm32g4xx_hal_tim_ex.c ****   {
 1452              		.loc 1 668 7 discriminator 3 view .LVU455
 1453 004c 02F58062 		add	r2, r2, #1024
 1454 0050 9342     		cmp	r3, r2
 1455 0052 3AD0     		beq	.L92
 668:Drivers/STM32G4xx_HAL_Driver/Src/stm32g4xx_hal_tim_ex.c ****   {
 1456              		.loc 1 668 7 discriminator 4 view .LVU456
 1457 0054 02F58062 		add	r2, r2, #1024
 1458 0058 9342     		cmp	r3, r2
 1459 005a 36D0     		beq	.L92
 668:Drivers/STM32G4xx_HAL_Driver/Src/stm32g4xx_hal_tim_ex.c ****   {
 1460              		.loc 1 668 7 discriminator 5 view .LVU457
 1461 005c 02F59432 		add	r2, r2, #75776
 1462 0060 9342     		cmp	r3, r2
 1463 0062 32D0     		beq	.L92
 668:Drivers/STM32G4xx_HAL_Driver/Src/stm32g4xx_hal_tim_ex.c ****   {
 1464              		.loc 1 668 7 discriminator 6 view .LVU458
 1465 0064 02F54062 		add	r2, r2, #3072
 1466 0068 9342     		cmp	r3, r2
 1467 006a 2ED0     		beq	.L92
 668:Drivers/STM32G4xx_HAL_Driver/Src/stm32g4xx_hal_tim_ex.c ****   {
 1468              		.loc 1 668 7 discriminator 7 view .LVU459
 1469 006c 02F58052 		add	r2, r2, #4096
 1470 0070 9342     		cmp	r3, r2
 1471 0072 2AD0     		beq	.L92
 678:Drivers/STM32G4xx_HAL_Driver/Src/stm32g4xx_hal_tim_ex.c ****   }
 1472              		.loc 1 678 5 is_stmt 1 view .LVU460
 1473 0074 1A68     		ldr	r2, [r3]
 1474 0076 42F00102 		orr	r2, r2, #1
 1475 007a 1A60     		str	r2, [r3]
 1476 007c 31E0     		b	.L94
 1477              	.LVL95:
 1478              	.L83:
 653:Drivers/STM32G4xx_HAL_Driver/Src/stm32g4xx_hal_tim_ex.c ****   {
 1479              		.loc 1 653 46 is_stmt 0 discriminator 2 view .LVU461
 1480 007e 0429     		cmp	r1, #4
 1481 0080 07D0     		beq	.L97
 653:Drivers/STM32G4xx_HAL_Driver/Src/stm32g4xx_hal_tim_ex.c ****   {
 1482              		.loc 1 653 46 discriminator 4 view .LVU462
 1483 0082 0829     		cmp	r1, #8
 1484 0084 0BD0     		beq	.L98
 653:Drivers/STM32G4xx_HAL_Driver/Src/stm32g4xx_hal_tim_ex.c ****   {
 1485              		.loc 1 653 7 discriminator 6 view .LVU463
 1486 0086 94F84730 		ldrb	r3, [r4, #71]	@ zero_extendqisi2
 653:Drivers/STM32G4xx_HAL_Driver/Src/stm32g4xx_hal_tim_ex.c ****   {
 1487              		.loc 1 653 46 discriminator 6 view .LVU464
ARM GAS  /tmp/ccAXGFxz.s 			page 99


 1488 008a 013B     		subs	r3, r3, #1
 1489 008c 18BF     		it	ne
 1490 008e 0123     		movne	r3, #1
 1491 0090 C0E7     		b	.L84
 1492              	.L97:
 653:Drivers/STM32G4xx_HAL_Driver/Src/stm32g4xx_hal_tim_ex.c ****   {
 1493              		.loc 1 653 7 discriminator 3 view .LVU465
 1494 0092 94F84530 		ldrb	r3, [r4, #69]	@ zero_extendqisi2
 653:Drivers/STM32G4xx_HAL_Driver/Src/stm32g4xx_hal_tim_ex.c ****   {
 1495              		.loc 1 653 46 discriminator 3 view .LVU466
 1496 0096 013B     		subs	r3, r3, #1
 1497 0098 18BF     		it	ne
 1498 009a 0123     		movne	r3, #1
 1499 009c BAE7     		b	.L84
 1500              	.L98:
 653:Drivers/STM32G4xx_HAL_Driver/Src/stm32g4xx_hal_tim_ex.c ****   {
 1501              		.loc 1 653 7 discriminator 5 view .LVU467
 1502 009e 94F84630 		ldrb	r3, [r4, #70]	@ zero_extendqisi2
 653:Drivers/STM32G4xx_HAL_Driver/Src/stm32g4xx_hal_tim_ex.c ****   {
 1503              		.loc 1 653 46 discriminator 5 view .LVU468
 1504 00a2 013B     		subs	r3, r3, #1
 1505 00a4 18BF     		it	ne
 1506 00a6 0123     		movne	r3, #1
 1507 00a8 B4E7     		b	.L84
 1508              	.L88:
 659:Drivers/STM32G4xx_HAL_Driver/Src/stm32g4xx_hal_tim_ex.c **** 
 1509              		.loc 1 659 3 discriminator 2 view .LVU469
 1510 00aa 0428     		cmp	r0, #4
 1511 00ac 05D0     		beq	.L99
 659:Drivers/STM32G4xx_HAL_Driver/Src/stm32g4xx_hal_tim_ex.c **** 
 1512              		.loc 1 659 3 discriminator 4 view .LVU470
 1513 00ae 0828     		cmp	r0, #8
 1514 00b0 07D0     		beq	.L100
 659:Drivers/STM32G4xx_HAL_Driver/Src/stm32g4xx_hal_tim_ex.c **** 
 1515              		.loc 1 659 3 discriminator 6 view .LVU471
 1516 00b2 0223     		movs	r3, #2
 1517 00b4 84F84730 		strb	r3, [r4, #71]
 1518 00b8 B3E7     		b	.L89
 1519              	.L99:
 659:Drivers/STM32G4xx_HAL_Driver/Src/stm32g4xx_hal_tim_ex.c **** 
 1520              		.loc 1 659 3 discriminator 3 view .LVU472
 1521 00ba 0223     		movs	r3, #2
 1522 00bc 84F84530 		strb	r3, [r4, #69]
 1523 00c0 AFE7     		b	.L89
 1524              	.L100:
 659:Drivers/STM32G4xx_HAL_Driver/Src/stm32g4xx_hal_tim_ex.c **** 
 1525              		.loc 1 659 3 discriminator 5 view .LVU473
 1526 00c2 0223     		movs	r3, #2
 1527 00c4 84F84630 		strb	r3, [r4, #70]
 1528 00c8 ABE7     		b	.L89
 1529              	.LVL96:
 1530              	.L92:
 670:Drivers/STM32G4xx_HAL_Driver/Src/stm32g4xx_hal_tim_ex.c ****     if (!IS_TIM_SLAVEMODE_TRIGGER_ENABLED(tmpsmcr))
 1531              		.loc 1 670 5 is_stmt 1 view .LVU474
 670:Drivers/STM32G4xx_HAL_Driver/Src/stm32g4xx_hal_tim_ex.c ****     if (!IS_TIM_SLAVEMODE_TRIGGER_ENABLED(tmpsmcr))
 1532              		.loc 1 670 29 is_stmt 0 view .LVU475
 1533 00ca 9968     		ldr	r1, [r3, #8]
ARM GAS  /tmp/ccAXGFxz.s 			page 100


 670:Drivers/STM32G4xx_HAL_Driver/Src/stm32g4xx_hal_tim_ex.c ****     if (!IS_TIM_SLAVEMODE_TRIGGER_ENABLED(tmpsmcr))
 1534              		.loc 1 670 13 view .LVU476
 1535 00cc 084A     		ldr	r2, .L101+4
 1536 00ce 0A40     		ands	r2, r2, r1
 1537              	.LVL97:
 671:Drivers/STM32G4xx_HAL_Driver/Src/stm32g4xx_hal_tim_ex.c ****     {
 1538              		.loc 1 671 5 is_stmt 1 view .LVU477
 671:Drivers/STM32G4xx_HAL_Driver/Src/stm32g4xx_hal_tim_ex.c ****     {
 1539              		.loc 1 671 8 is_stmt 0 view .LVU478
 1540 00d0 062A     		cmp	r2, #6
 1541 00d2 06D0     		beq	.L94
 671:Drivers/STM32G4xx_HAL_Driver/Src/stm32g4xx_hal_tim_ex.c ****     {
 1542              		.loc 1 671 9 discriminator 1 view .LVU479
 1543 00d4 B2F5803F 		cmp	r2, #65536
 1544 00d8 03D0     		beq	.L94
 673:Drivers/STM32G4xx_HAL_Driver/Src/stm32g4xx_hal_tim_ex.c ****     }
 1545              		.loc 1 673 7 is_stmt 1 view .LVU480
 1546 00da 1A68     		ldr	r2, [r3]
 1547              	.LVL98:
 673:Drivers/STM32G4xx_HAL_Driver/Src/stm32g4xx_hal_tim_ex.c ****     }
 1548              		.loc 1 673 7 is_stmt 0 view .LVU481
 1549 00dc 42F00102 		orr	r2, r2, #1
 1550 00e0 1A60     		str	r2, [r3]
 1551              	.LVL99:
 1552              	.L94:
 682:Drivers/STM32G4xx_HAL_Driver/Src/stm32g4xx_hal_tim_ex.c **** }
 1553              		.loc 1 682 10 view .LVU482
 1554 00e2 0020     		movs	r0, #0
 1555              	.L87:
 683:Drivers/STM32G4xx_HAL_Driver/Src/stm32g4xx_hal_tim_ex.c **** 
 1556              		.loc 1 683 1 view .LVU483
 1557 00e4 10BD     		pop	{r4, pc}
 1558              	.LVL100:
 1559              	.L95:
 655:Drivers/STM32G4xx_HAL_Driver/Src/stm32g4xx_hal_tim_ex.c ****   }
 1560              		.loc 1 655 12 view .LVU484
 1561 00e6 0120     		movs	r0, #1
 1562              	.LVL101:
 655:Drivers/STM32G4xx_HAL_Driver/Src/stm32g4xx_hal_tim_ex.c ****   }
 1563              		.loc 1 655 12 view .LVU485
 1564 00e8 FCE7     		b	.L87
 1565              	.L102:
 1566 00ea 00BF     		.align	2
 1567              	.L101:
 1568 00ec 002C0140 		.word	1073818624
 1569 00f0 07000100 		.word	65543
 1570              		.cfi_endproc
 1571              	.LFE339:
 1573              		.section	.text.HAL_TIMEx_OCN_Stop,"ax",%progbits
 1574              		.align	1
 1575              		.global	HAL_TIMEx_OCN_Stop
 1576              		.syntax unified
 1577              		.thumb
 1578              		.thumb_func
 1580              	HAL_TIMEx_OCN_Stop:
 1581              	.LVL102:
 1582              	.LFB340:
ARM GAS  /tmp/ccAXGFxz.s 			page 101


 698:Drivers/STM32G4xx_HAL_Driver/Src/stm32g4xx_hal_tim_ex.c ****   /* Check the parameters */
 1583              		.loc 1 698 1 is_stmt 1 view -0
 1584              		.cfi_startproc
 1585              		@ args = 0, pretend = 0, frame = 0
 1586              		@ frame_needed = 0, uses_anonymous_args = 0
 698:Drivers/STM32G4xx_HAL_Driver/Src/stm32g4xx_hal_tim_ex.c ****   /* Check the parameters */
 1587              		.loc 1 698 1 is_stmt 0 view .LVU487
 1588 0000 38B5     		push	{r3, r4, r5, lr}
 1589              	.LCFI15:
 1590              		.cfi_def_cfa_offset 16
 1591              		.cfi_offset 3, -16
 1592              		.cfi_offset 4, -12
 1593              		.cfi_offset 5, -8
 1594              		.cfi_offset 14, -4
 1595 0002 0446     		mov	r4, r0
 1596 0004 0D46     		mov	r5, r1
 700:Drivers/STM32G4xx_HAL_Driver/Src/stm32g4xx_hal_tim_ex.c **** 
 1597              		.loc 1 700 3 is_stmt 1 view .LVU488
 703:Drivers/STM32G4xx_HAL_Driver/Src/stm32g4xx_hal_tim_ex.c **** 
 1598              		.loc 1 703 3 view .LVU489
 1599 0006 0022     		movs	r2, #0
 1600 0008 0068     		ldr	r0, [r0]
 1601              	.LVL103:
 703:Drivers/STM32G4xx_HAL_Driver/Src/stm32g4xx_hal_tim_ex.c **** 
 1602              		.loc 1 703 3 is_stmt 0 view .LVU490
 1603 000a FFF7FEFF 		bl	TIM_CCxNChannelCmd
 1604              	.LVL104:
 706:Drivers/STM32G4xx_HAL_Driver/Src/stm32g4xx_hal_tim_ex.c **** 
 1605              		.loc 1 706 3 is_stmt 1 view .LVU491
 706:Drivers/STM32G4xx_HAL_Driver/Src/stm32g4xx_hal_tim_ex.c **** 
 1606              		.loc 1 706 3 view .LVU492
 1607 000e 2268     		ldr	r2, [r4]
 1608 0010 136A     		ldr	r3, [r2, #32]
 1609 0012 03F01133 		and	r3, r3, #286331153
 1610 0016 23F08853 		bic	r3, r3, #285212672
 1611 001a 43B9     		cbnz	r3, .L104
 706:Drivers/STM32G4xx_HAL_Driver/Src/stm32g4xx_hal_tim_ex.c **** 
 1612              		.loc 1 706 3 discriminator 1 view .LVU493
 1613 001c 116A     		ldr	r1, [r2, #32]
 1614 001e 44F24443 		movw	r3, #17476
 1615 0022 1942     		tst	r1, r3
 1616 0024 03D1     		bne	.L104
 706:Drivers/STM32G4xx_HAL_Driver/Src/stm32g4xx_hal_tim_ex.c **** 
 1617              		.loc 1 706 3 discriminator 2 view .LVU494
 1618 0026 536C     		ldr	r3, [r2, #68]
 1619 0028 23F40043 		bic	r3, r3, #32768
 1620 002c 5364     		str	r3, [r2, #68]
 1621              	.L104:
 706:Drivers/STM32G4xx_HAL_Driver/Src/stm32g4xx_hal_tim_ex.c **** 
 1622              		.loc 1 706 3 discriminator 3 view .LVU495
 709:Drivers/STM32G4xx_HAL_Driver/Src/stm32g4xx_hal_tim_ex.c **** 
 1623              		.loc 1 709 3 view .LVU496
 709:Drivers/STM32G4xx_HAL_Driver/Src/stm32g4xx_hal_tim_ex.c **** 
 1624              		.loc 1 709 3 view .LVU497
 1625 002e 2268     		ldr	r2, [r4]
 1626 0030 136A     		ldr	r3, [r2, #32]
 1627 0032 03F01133 		and	r3, r3, #286331153
ARM GAS  /tmp/ccAXGFxz.s 			page 102


 1628 0036 23F08853 		bic	r3, r3, #285212672
 1629 003a 43B9     		cbnz	r3, .L105
 709:Drivers/STM32G4xx_HAL_Driver/Src/stm32g4xx_hal_tim_ex.c **** 
 1630              		.loc 1 709 3 discriminator 1 view .LVU498
 1631 003c 116A     		ldr	r1, [r2, #32]
 1632 003e 44F24443 		movw	r3, #17476
 1633 0042 1942     		tst	r1, r3
 1634 0044 03D1     		bne	.L105
 709:Drivers/STM32G4xx_HAL_Driver/Src/stm32g4xx_hal_tim_ex.c **** 
 1635              		.loc 1 709 3 discriminator 2 view .LVU499
 1636 0046 1368     		ldr	r3, [r2]
 1637 0048 23F00103 		bic	r3, r3, #1
 1638 004c 1360     		str	r3, [r2]
 1639              	.L105:
 709:Drivers/STM32G4xx_HAL_Driver/Src/stm32g4xx_hal_tim_ex.c **** 
 1640              		.loc 1 709 3 discriminator 3 view .LVU500
 712:Drivers/STM32G4xx_HAL_Driver/Src/stm32g4xx_hal_tim_ex.c **** 
 1641              		.loc 1 712 3 view .LVU501
 1642 004e 25B9     		cbnz	r5, .L106
 712:Drivers/STM32G4xx_HAL_Driver/Src/stm32g4xx_hal_tim_ex.c **** 
 1643              		.loc 1 712 3 is_stmt 0 discriminator 1 view .LVU502
 1644 0050 0123     		movs	r3, #1
 1645 0052 84F84430 		strb	r3, [r4, #68]
 1646              	.L107:
 715:Drivers/STM32G4xx_HAL_Driver/Src/stm32g4xx_hal_tim_ex.c **** }
 1647              		.loc 1 715 3 is_stmt 1 view .LVU503
 716:Drivers/STM32G4xx_HAL_Driver/Src/stm32g4xx_hal_tim_ex.c **** 
 1648              		.loc 1 716 1 is_stmt 0 view .LVU504
 1649 0056 0020     		movs	r0, #0
 1650 0058 38BD     		pop	{r3, r4, r5, pc}
 1651              	.LVL105:
 1652              	.L106:
 712:Drivers/STM32G4xx_HAL_Driver/Src/stm32g4xx_hal_tim_ex.c **** 
 1653              		.loc 1 712 3 discriminator 2 view .LVU505
 1654 005a 042D     		cmp	r5, #4
 1655 005c 05D0     		beq	.L111
 712:Drivers/STM32G4xx_HAL_Driver/Src/stm32g4xx_hal_tim_ex.c **** 
 1656              		.loc 1 712 3 discriminator 4 view .LVU506
 1657 005e 082D     		cmp	r5, #8
 1658 0060 07D0     		beq	.L112
 712:Drivers/STM32G4xx_HAL_Driver/Src/stm32g4xx_hal_tim_ex.c **** 
 1659              		.loc 1 712 3 discriminator 6 view .LVU507
 1660 0062 0123     		movs	r3, #1
 1661 0064 84F84730 		strb	r3, [r4, #71]
 1662 0068 F5E7     		b	.L107
 1663              	.L111:
 712:Drivers/STM32G4xx_HAL_Driver/Src/stm32g4xx_hal_tim_ex.c **** 
 1664              		.loc 1 712 3 discriminator 3 view .LVU508
 1665 006a 0123     		movs	r3, #1
 1666 006c 84F84530 		strb	r3, [r4, #69]
 1667 0070 F1E7     		b	.L107
 1668              	.L112:
 712:Drivers/STM32G4xx_HAL_Driver/Src/stm32g4xx_hal_tim_ex.c **** 
 1669              		.loc 1 712 3 discriminator 5 view .LVU509
 1670 0072 0123     		movs	r3, #1
 1671 0074 84F84630 		strb	r3, [r4, #70]
 1672 0078 EDE7     		b	.L107
ARM GAS  /tmp/ccAXGFxz.s 			page 103


 1673              		.cfi_endproc
 1674              	.LFE340:
 1676              		.section	.text.HAL_TIMEx_OCN_Start_IT,"ax",%progbits
 1677              		.align	1
 1678              		.global	HAL_TIMEx_OCN_Start_IT
 1679              		.syntax unified
 1680              		.thumb
 1681              		.thumb_func
 1683              	HAL_TIMEx_OCN_Start_IT:
 1684              	.LVL106:
 1685              	.LFB341:
 731:Drivers/STM32G4xx_HAL_Driver/Src/stm32g4xx_hal_tim_ex.c ****   HAL_StatusTypeDef status = HAL_OK;
 1686              		.loc 1 731 1 is_stmt 1 view -0
 1687              		.cfi_startproc
 1688              		@ args = 0, pretend = 0, frame = 0
 1689              		@ frame_needed = 0, uses_anonymous_args = 0
 731:Drivers/STM32G4xx_HAL_Driver/Src/stm32g4xx_hal_tim_ex.c ****   HAL_StatusTypeDef status = HAL_OK;
 1690              		.loc 1 731 1 is_stmt 0 view .LVU511
 1691 0000 10B5     		push	{r4, lr}
 1692              	.LCFI16:
 1693              		.cfi_def_cfa_offset 8
 1694              		.cfi_offset 4, -8
 1695              		.cfi_offset 14, -4
 1696 0002 0446     		mov	r4, r0
 732:Drivers/STM32G4xx_HAL_Driver/Src/stm32g4xx_hal_tim_ex.c ****   uint32_t tmpsmcr;
 1697              		.loc 1 732 3 is_stmt 1 view .LVU512
 1698              	.LVL107:
 733:Drivers/STM32G4xx_HAL_Driver/Src/stm32g4xx_hal_tim_ex.c **** 
 1699              		.loc 1 733 3 view .LVU513
 736:Drivers/STM32G4xx_HAL_Driver/Src/stm32g4xx_hal_tim_ex.c **** 
 1700              		.loc 1 736 3 view .LVU514
 739:Drivers/STM32G4xx_HAL_Driver/Src/stm32g4xx_hal_tim_ex.c ****   {
 1701              		.loc 1 739 3 view .LVU515
 739:Drivers/STM32G4xx_HAL_Driver/Src/stm32g4xx_hal_tim_ex.c ****   {
 1702              		.loc 1 739 46 is_stmt 0 view .LVU516
 1703 0004 0846     		mov	r0, r1
 1704              	.LVL108:
 739:Drivers/STM32G4xx_HAL_Driver/Src/stm32g4xx_hal_tim_ex.c ****   {
 1705              		.loc 1 739 46 view .LVU517
 1706 0006 0029     		cmp	r1, #0
 1707 0008 44D1     		bne	.L114
 739:Drivers/STM32G4xx_HAL_Driver/Src/stm32g4xx_hal_tim_ex.c ****   {
 1708              		.loc 1 739 7 discriminator 1 view .LVU518
 1709 000a 94F84430 		ldrb	r3, [r4, #68]	@ zero_extendqisi2
 739:Drivers/STM32G4xx_HAL_Driver/Src/stm32g4xx_hal_tim_ex.c ****   {
 1710              		.loc 1 739 46 discriminator 1 view .LVU519
 1711 000e 013B     		subs	r3, r3, #1
 1712 0010 18BF     		it	ne
 1713 0012 0123     		movne	r3, #1
 1714              	.L115:
 739:Drivers/STM32G4xx_HAL_Driver/Src/stm32g4xx_hal_tim_ex.c ****   {
 1715              		.loc 1 739 6 discriminator 7 view .LVU520
 1716 0014 002B     		cmp	r3, #0
 1717 0016 40F09F80 		bne	.L118
 745:Drivers/STM32G4xx_HAL_Driver/Src/stm32g4xx_hal_tim_ex.c **** 
 1718              		.loc 1 745 3 is_stmt 1 view .LVU521
 1719 001a 0028     		cmp	r0, #0
ARM GAS  /tmp/ccAXGFxz.s 			page 104


 1720 001c 50D1     		bne	.L119
 745:Drivers/STM32G4xx_HAL_Driver/Src/stm32g4xx_hal_tim_ex.c **** 
 1721              		.loc 1 745 3 is_stmt 0 discriminator 1 view .LVU522
 1722 001e 0223     		movs	r3, #2
 1723 0020 84F84430 		strb	r3, [r4, #68]
 747:Drivers/STM32G4xx_HAL_Driver/Src/stm32g4xx_hal_tim_ex.c ****   {
 1724              		.loc 1 747 3 is_stmt 1 view .LVU523
 1725              	.L120:
 752:Drivers/STM32G4xx_HAL_Driver/Src/stm32g4xx_hal_tim_ex.c ****       break;
 1726              		.loc 1 752 7 view .LVU524
 1727 0024 2268     		ldr	r2, [r4]
 1728 0026 D368     		ldr	r3, [r2, #12]
 1729 0028 43F00203 		orr	r3, r3, #2
 1730 002c D360     		str	r3, [r2, #12]
 753:Drivers/STM32G4xx_HAL_Driver/Src/stm32g4xx_hal_tim_ex.c ****     }
 1731              		.loc 1 753 7 view .LVU525
 783:Drivers/STM32G4xx_HAL_Driver/Src/stm32g4xx_hal_tim_ex.c ****   {
 1732              		.loc 1 783 3 view .LVU526
 1733              	.L127:
 786:Drivers/STM32G4xx_HAL_Driver/Src/stm32g4xx_hal_tim_ex.c **** 
 1734              		.loc 1 786 5 view .LVU527
 1735 002e 2268     		ldr	r2, [r4]
 1736 0030 D368     		ldr	r3, [r2, #12]
 1737 0032 43F08003 		orr	r3, r3, #128
 1738 0036 D360     		str	r3, [r2, #12]
 789:Drivers/STM32G4xx_HAL_Driver/Src/stm32g4xx_hal_tim_ex.c **** 
 1739              		.loc 1 789 5 view .LVU528
 1740 0038 0422     		movs	r2, #4
 1741 003a 0146     		mov	r1, r0
 1742              	.LVL109:
 789:Drivers/STM32G4xx_HAL_Driver/Src/stm32g4xx_hal_tim_ex.c **** 
 1743              		.loc 1 789 5 is_stmt 0 view .LVU529
 1744 003c 2068     		ldr	r0, [r4]
 1745              	.LVL110:
 789:Drivers/STM32G4xx_HAL_Driver/Src/stm32g4xx_hal_tim_ex.c **** 
 1746              		.loc 1 789 5 view .LVU530
 1747 003e FFF7FEFF 		bl	TIM_CCxNChannelCmd
 1748              	.LVL111:
 792:Drivers/STM32G4xx_HAL_Driver/Src/stm32g4xx_hal_tim_ex.c **** 
 1749              		.loc 1 792 5 is_stmt 1 view .LVU531
 1750 0042 2268     		ldr	r2, [r4]
 1751 0044 536C     		ldr	r3, [r2, #68]
 1752 0046 43F40043 		orr	r3, r3, #32768
 1753 004a 5364     		str	r3, [r2, #68]
 795:Drivers/STM32G4xx_HAL_Driver/Src/stm32g4xx_hal_tim_ex.c ****     {
 1754              		.loc 1 795 5 view .LVU532
 795:Drivers/STM32G4xx_HAL_Driver/Src/stm32g4xx_hal_tim_ex.c ****     {
 1755              		.loc 1 795 9 is_stmt 0 view .LVU533
 1756 004c 2368     		ldr	r3, [r4]
 795:Drivers/STM32G4xx_HAL_Driver/Src/stm32g4xx_hal_tim_ex.c ****     {
 1757              		.loc 1 795 8 view .LVU534
 1758 004e 434A     		ldr	r2, .L142
 1759 0050 9342     		cmp	r3, r2
 1760 0052 73D0     		beq	.L128
 795:Drivers/STM32G4xx_HAL_Driver/Src/stm32g4xx_hal_tim_ex.c ****     {
 1761              		.loc 1 795 9 discriminator 1 view .LVU535
 1762 0054 B3F1804F 		cmp	r3, #1073741824
ARM GAS  /tmp/ccAXGFxz.s 			page 105


 1763 0058 70D0     		beq	.L128
 795:Drivers/STM32G4xx_HAL_Driver/Src/stm32g4xx_hal_tim_ex.c ****     {
 1764              		.loc 1 795 9 discriminator 2 view .LVU536
 1765 005a A2F59432 		sub	r2, r2, #75776
 1766 005e 9342     		cmp	r3, r2
 1767 0060 6CD0     		beq	.L128
 795:Drivers/STM32G4xx_HAL_Driver/Src/stm32g4xx_hal_tim_ex.c ****     {
 1768              		.loc 1 795 9 discriminator 3 view .LVU537
 1769 0062 02F58062 		add	r2, r2, #1024
 1770 0066 9342     		cmp	r3, r2
 1771 0068 68D0     		beq	.L128
 795:Drivers/STM32G4xx_HAL_Driver/Src/stm32g4xx_hal_tim_ex.c ****     {
 1772              		.loc 1 795 9 discriminator 4 view .LVU538
 1773 006a 02F58062 		add	r2, r2, #1024
 1774 006e 9342     		cmp	r3, r2
 1775 0070 64D0     		beq	.L128
 795:Drivers/STM32G4xx_HAL_Driver/Src/stm32g4xx_hal_tim_ex.c ****     {
 1776              		.loc 1 795 9 discriminator 5 view .LVU539
 1777 0072 02F59432 		add	r2, r2, #75776
 1778 0076 9342     		cmp	r3, r2
 1779 0078 60D0     		beq	.L128
 795:Drivers/STM32G4xx_HAL_Driver/Src/stm32g4xx_hal_tim_ex.c ****     {
 1780              		.loc 1 795 9 discriminator 6 view .LVU540
 1781 007a 02F54062 		add	r2, r2, #3072
 1782 007e 9342     		cmp	r3, r2
 1783 0080 5CD0     		beq	.L128
 795:Drivers/STM32G4xx_HAL_Driver/Src/stm32g4xx_hal_tim_ex.c ****     {
 1784              		.loc 1 795 9 discriminator 7 view .LVU541
 1785 0082 02F58052 		add	r2, r2, #4096
 1786 0086 9342     		cmp	r3, r2
 1787 0088 58D0     		beq	.L128
 805:Drivers/STM32G4xx_HAL_Driver/Src/stm32g4xx_hal_tim_ex.c ****     }
 1788              		.loc 1 805 7 is_stmt 1 view .LVU542
 1789 008a 1A68     		ldr	r2, [r3]
 1790 008c 42F00102 		orr	r2, r2, #1
 1791 0090 1A60     		str	r2, [r3]
 1792 0092 5FE0     		b	.L130
 1793              	.LVL112:
 1794              	.L114:
 739:Drivers/STM32G4xx_HAL_Driver/Src/stm32g4xx_hal_tim_ex.c ****   {
 1795              		.loc 1 739 46 is_stmt 0 discriminator 2 view .LVU543
 1796 0094 0429     		cmp	r1, #4
 1797 0096 07D0     		beq	.L138
 739:Drivers/STM32G4xx_HAL_Driver/Src/stm32g4xx_hal_tim_ex.c ****   {
 1798              		.loc 1 739 46 discriminator 4 view .LVU544
 1799 0098 0829     		cmp	r1, #8
 1800 009a 0BD0     		beq	.L139
 739:Drivers/STM32G4xx_HAL_Driver/Src/stm32g4xx_hal_tim_ex.c ****   {
 1801              		.loc 1 739 7 discriminator 6 view .LVU545
 1802 009c 94F84730 		ldrb	r3, [r4, #71]	@ zero_extendqisi2
 739:Drivers/STM32G4xx_HAL_Driver/Src/stm32g4xx_hal_tim_ex.c ****   {
 1803              		.loc 1 739 46 discriminator 6 view .LVU546
 1804 00a0 013B     		subs	r3, r3, #1
 1805 00a2 18BF     		it	ne
 1806 00a4 0123     		movne	r3, #1
 1807 00a6 B5E7     		b	.L115
 1808              	.L138:
ARM GAS  /tmp/ccAXGFxz.s 			page 106


 739:Drivers/STM32G4xx_HAL_Driver/Src/stm32g4xx_hal_tim_ex.c ****   {
 1809              		.loc 1 739 7 discriminator 3 view .LVU547
 1810 00a8 94F84530 		ldrb	r3, [r4, #69]	@ zero_extendqisi2
 739:Drivers/STM32G4xx_HAL_Driver/Src/stm32g4xx_hal_tim_ex.c ****   {
 1811              		.loc 1 739 46 discriminator 3 view .LVU548
 1812 00ac 013B     		subs	r3, r3, #1
 1813 00ae 18BF     		it	ne
 1814 00b0 0123     		movne	r3, #1
 1815 00b2 AFE7     		b	.L115
 1816              	.L139:
 739:Drivers/STM32G4xx_HAL_Driver/Src/stm32g4xx_hal_tim_ex.c ****   {
 1817              		.loc 1 739 7 discriminator 5 view .LVU549
 1818 00b4 94F84630 		ldrb	r3, [r4, #70]	@ zero_extendqisi2
 739:Drivers/STM32G4xx_HAL_Driver/Src/stm32g4xx_hal_tim_ex.c ****   {
 1819              		.loc 1 739 46 discriminator 5 view .LVU550
 1820 00b8 013B     		subs	r3, r3, #1
 1821 00ba 18BF     		it	ne
 1822 00bc 0123     		movne	r3, #1
 1823 00be A9E7     		b	.L115
 1824              	.L119:
 745:Drivers/STM32G4xx_HAL_Driver/Src/stm32g4xx_hal_tim_ex.c **** 
 1825              		.loc 1 745 3 discriminator 2 view .LVU551
 1826 00c0 0428     		cmp	r0, #4
 1827 00c2 23D0     		beq	.L140
 745:Drivers/STM32G4xx_HAL_Driver/Src/stm32g4xx_hal_tim_ex.c **** 
 1828              		.loc 1 745 3 discriminator 4 view .LVU552
 1829 00c4 0828     		cmp	r0, #8
 1830 00c6 2AD0     		beq	.L141
 745:Drivers/STM32G4xx_HAL_Driver/Src/stm32g4xx_hal_tim_ex.c **** 
 1831              		.loc 1 745 3 discriminator 6 view .LVU553
 1832 00c8 0223     		movs	r3, #2
 1833 00ca 84F84730 		strb	r3, [r4, #71]
 747:Drivers/STM32G4xx_HAL_Driver/Src/stm32g4xx_hal_tim_ex.c ****   {
 1834              		.loc 1 747 3 is_stmt 1 view .LVU554
 1835 00ce 0C28     		cmp	r0, #12
 1836 00d0 42D8     		bhi	.L118
 1837 00d2 01A3     		adr	r3, .L126
 1838 00d4 53F820F0 		ldr	pc, [r3, r0, lsl #2]
 1839              		.p2align 2
 1840              	.L126:
 1841 00d8 25000000 		.word	.L120+1
 1842 00dc 59010000 		.word	.L118+1
 1843 00e0 59010000 		.word	.L118+1
 1844 00e4 59010000 		.word	.L118+1
 1845 00e8 13010000 		.word	.L122+1
 1846 00ec 59010000 		.word	.L118+1
 1847 00f0 59010000 		.word	.L118+1
 1848 00f4 59010000 		.word	.L118+1
 1849 00f8 25010000 		.word	.L124+1
 1850 00fc 59010000 		.word	.L118+1
 1851 0100 59010000 		.word	.L118+1
 1852 0104 59010000 		.word	.L118+1
 1853 0108 31010000 		.word	.L125+1
 1854              		.p2align 1
 1855              	.L140:
 745:Drivers/STM32G4xx_HAL_Driver/Src/stm32g4xx_hal_tim_ex.c **** 
 1856              		.loc 1 745 3 is_stmt 0 discriminator 3 view .LVU555
ARM GAS  /tmp/ccAXGFxz.s 			page 107


 1857 010c 0223     		movs	r3, #2
 1858 010e 84F84530 		strb	r3, [r4, #69]
 747:Drivers/STM32G4xx_HAL_Driver/Src/stm32g4xx_hal_tim_ex.c ****   {
 1859              		.loc 1 747 3 is_stmt 1 view .LVU556
 1860              	.L122:
 759:Drivers/STM32G4xx_HAL_Driver/Src/stm32g4xx_hal_tim_ex.c ****       break;
 1861              		.loc 1 759 7 view .LVU557
 1862 0112 2268     		ldr	r2, [r4]
 1863 0114 D368     		ldr	r3, [r2, #12]
 1864 0116 43F00403 		orr	r3, r3, #4
 1865 011a D360     		str	r3, [r2, #12]
 760:Drivers/STM32G4xx_HAL_Driver/Src/stm32g4xx_hal_tim_ex.c ****     }
 1866              		.loc 1 760 7 view .LVU558
 783:Drivers/STM32G4xx_HAL_Driver/Src/stm32g4xx_hal_tim_ex.c ****   {
 1867              		.loc 1 783 3 view .LVU559
 1868 011c 87E7     		b	.L127
 1869              	.L141:
 745:Drivers/STM32G4xx_HAL_Driver/Src/stm32g4xx_hal_tim_ex.c **** 
 1870              		.loc 1 745 3 is_stmt 0 discriminator 5 view .LVU560
 1871 011e 0223     		movs	r3, #2
 1872 0120 84F84630 		strb	r3, [r4, #70]
 747:Drivers/STM32G4xx_HAL_Driver/Src/stm32g4xx_hal_tim_ex.c ****   {
 1873              		.loc 1 747 3 is_stmt 1 view .LVU561
 1874              	.L124:
 766:Drivers/STM32G4xx_HAL_Driver/Src/stm32g4xx_hal_tim_ex.c ****       break;
 1875              		.loc 1 766 7 view .LVU562
 1876 0124 2268     		ldr	r2, [r4]
 1877 0126 D368     		ldr	r3, [r2, #12]
 1878 0128 43F00803 		orr	r3, r3, #8
 1879 012c D360     		str	r3, [r2, #12]
 767:Drivers/STM32G4xx_HAL_Driver/Src/stm32g4xx_hal_tim_ex.c ****     }
 1880              		.loc 1 767 7 view .LVU563
 783:Drivers/STM32G4xx_HAL_Driver/Src/stm32g4xx_hal_tim_ex.c ****   {
 1881              		.loc 1 783 3 view .LVU564
 1882 012e 7EE7     		b	.L127
 1883              	.L125:
 774:Drivers/STM32G4xx_HAL_Driver/Src/stm32g4xx_hal_tim_ex.c ****       break;
 1884              		.loc 1 774 7 view .LVU565
 1885 0130 2268     		ldr	r2, [r4]
 1886 0132 D368     		ldr	r3, [r2, #12]
 1887 0134 43F01003 		orr	r3, r3, #16
 1888 0138 D360     		str	r3, [r2, #12]
 775:Drivers/STM32G4xx_HAL_Driver/Src/stm32g4xx_hal_tim_ex.c ****     }
 1889              		.loc 1 775 7 view .LVU566
 783:Drivers/STM32G4xx_HAL_Driver/Src/stm32g4xx_hal_tim_ex.c ****   {
 1890              		.loc 1 783 3 view .LVU567
 1891 013a 78E7     		b	.L127
 1892              	.LVL113:
 1893              	.L128:
 797:Drivers/STM32G4xx_HAL_Driver/Src/stm32g4xx_hal_tim_ex.c ****       if (!IS_TIM_SLAVEMODE_TRIGGER_ENABLED(tmpsmcr))
 1894              		.loc 1 797 7 view .LVU568
 797:Drivers/STM32G4xx_HAL_Driver/Src/stm32g4xx_hal_tim_ex.c ****       if (!IS_TIM_SLAVEMODE_TRIGGER_ENABLED(tmpsmcr))
 1895              		.loc 1 797 31 is_stmt 0 view .LVU569
 1896 013c 9968     		ldr	r1, [r3, #8]
 797:Drivers/STM32G4xx_HAL_Driver/Src/stm32g4xx_hal_tim_ex.c ****       if (!IS_TIM_SLAVEMODE_TRIGGER_ENABLED(tmpsmcr))
 1897              		.loc 1 797 15 view .LVU570
 1898 013e 084A     		ldr	r2, .L142+4
ARM GAS  /tmp/ccAXGFxz.s 			page 108


 1899 0140 0A40     		ands	r2, r2, r1
 1900              	.LVL114:
 798:Drivers/STM32G4xx_HAL_Driver/Src/stm32g4xx_hal_tim_ex.c ****       {
 1901              		.loc 1 798 7 is_stmt 1 view .LVU571
 798:Drivers/STM32G4xx_HAL_Driver/Src/stm32g4xx_hal_tim_ex.c ****       {
 1902              		.loc 1 798 10 is_stmt 0 view .LVU572
 1903 0142 062A     		cmp	r2, #6
 1904 0144 06D0     		beq	.L130
 798:Drivers/STM32G4xx_HAL_Driver/Src/stm32g4xx_hal_tim_ex.c ****       {
 1905              		.loc 1 798 11 discriminator 1 view .LVU573
 1906 0146 B2F5803F 		cmp	r2, #65536
 1907 014a 03D0     		beq	.L130
 800:Drivers/STM32G4xx_HAL_Driver/Src/stm32g4xx_hal_tim_ex.c ****       }
 1908              		.loc 1 800 9 is_stmt 1 view .LVU574
 1909 014c 1A68     		ldr	r2, [r3]
 1910              	.LVL115:
 800:Drivers/STM32G4xx_HAL_Driver/Src/stm32g4xx_hal_tim_ex.c ****       }
 1911              		.loc 1 800 9 is_stmt 0 view .LVU575
 1912 014e 42F00102 		orr	r2, r2, #1
 1913 0152 1A60     		str	r2, [r3]
 1914              	.LVL116:
 1915              	.L130:
 810:Drivers/STM32G4xx_HAL_Driver/Src/stm32g4xx_hal_tim_ex.c **** }
 1916              		.loc 1 810 10 view .LVU576
 1917 0154 0020     		movs	r0, #0
 1918              	.L132:
 1919              	.LVL117:
 811:Drivers/STM32G4xx_HAL_Driver/Src/stm32g4xx_hal_tim_ex.c **** 
 1920              		.loc 1 811 1 view .LVU577
 1921 0156 10BD     		pop	{r4, pc}
 1922              	.LVL118:
 1923              	.L118:
 741:Drivers/STM32G4xx_HAL_Driver/Src/stm32g4xx_hal_tim_ex.c ****   }
 1924              		.loc 1 741 12 view .LVU578
 1925 0158 0120     		movs	r0, #1
 1926              	.LVL119:
 741:Drivers/STM32G4xx_HAL_Driver/Src/stm32g4xx_hal_tim_ex.c ****   }
 1927              		.loc 1 741 12 view .LVU579
 1928 015a FCE7     		b	.L132
 1929              	.L143:
 1930              		.align	2
 1931              	.L142:
 1932 015c 002C0140 		.word	1073818624
 1933 0160 07000100 		.word	65543
 1934              		.cfi_endproc
 1935              	.LFE341:
 1937              		.section	.text.HAL_TIMEx_OCN_Stop_IT,"ax",%progbits
 1938              		.align	1
 1939              		.global	HAL_TIMEx_OCN_Stop_IT
 1940              		.syntax unified
 1941              		.thumb
 1942              		.thumb_func
 1944              	HAL_TIMEx_OCN_Stop_IT:
 1945              	.LVL120:
 1946              	.LFB342:
 826:Drivers/STM32G4xx_HAL_Driver/Src/stm32g4xx_hal_tim_ex.c ****   HAL_StatusTypeDef status = HAL_OK;
 1947              		.loc 1 826 1 is_stmt 1 view -0
ARM GAS  /tmp/ccAXGFxz.s 			page 109


 1948              		.cfi_startproc
 1949              		@ args = 0, pretend = 0, frame = 0
 1950              		@ frame_needed = 0, uses_anonymous_args = 0
 826:Drivers/STM32G4xx_HAL_Driver/Src/stm32g4xx_hal_tim_ex.c ****   HAL_StatusTypeDef status = HAL_OK;
 1951              		.loc 1 826 1 is_stmt 0 view .LVU581
 1952 0000 38B5     		push	{r3, r4, r5, lr}
 1953              	.LCFI17:
 1954              		.cfi_def_cfa_offset 16
 1955              		.cfi_offset 3, -16
 1956              		.cfi_offset 4, -12
 1957              		.cfi_offset 5, -8
 1958              		.cfi_offset 14, -4
 1959 0002 0546     		mov	r5, r0
 1960 0004 0C46     		mov	r4, r1
 827:Drivers/STM32G4xx_HAL_Driver/Src/stm32g4xx_hal_tim_ex.c ****   uint32_t tmpccer;
 1961              		.loc 1 827 3 is_stmt 1 view .LVU582
 1962              	.LVL121:
 828:Drivers/STM32G4xx_HAL_Driver/Src/stm32g4xx_hal_tim_ex.c **** 
 1963              		.loc 1 828 3 view .LVU583
 831:Drivers/STM32G4xx_HAL_Driver/Src/stm32g4xx_hal_tim_ex.c **** 
 1964              		.loc 1 831 3 view .LVU584
 833:Drivers/STM32G4xx_HAL_Driver/Src/stm32g4xx_hal_tim_ex.c ****   {
 1965              		.loc 1 833 3 view .LVU585
 1966 0006 0C29     		cmp	r1, #12
 1967 0008 64D8     		bhi	.L159
 1968 000a DFE801F0 		tbb	[pc, r1]
 1969              	.L147:
 1970 000e 07       		.byte	(.L150-.L147)/2
 1971 000f 63       		.byte	(.L159-.L147)/2
 1972 0010 63       		.byte	(.L159-.L147)/2
 1973 0011 63       		.byte	(.L159-.L147)/2
 1974 0012 41       		.byte	(.L149-.L147)/2
 1975 0013 63       		.byte	(.L159-.L147)/2
 1976 0014 63       		.byte	(.L159-.L147)/2
 1977 0015 63       		.byte	(.L159-.L147)/2
 1978 0016 47       		.byte	(.L148-.L147)/2
 1979 0017 63       		.byte	(.L159-.L147)/2
 1980 0018 63       		.byte	(.L159-.L147)/2
 1981 0019 63       		.byte	(.L159-.L147)/2
 1982 001a 4D       		.byte	(.L146-.L147)/2
 1983 001b 00       		.p2align 1
 1984              	.L150:
 838:Drivers/STM32G4xx_HAL_Driver/Src/stm32g4xx_hal_tim_ex.c ****       break;
 1985              		.loc 1 838 7 view .LVU586
 1986 001c 0268     		ldr	r2, [r0]
 1987 001e D368     		ldr	r3, [r2, #12]
 1988 0020 23F00203 		bic	r3, r3, #2
 1989 0024 D360     		str	r3, [r2, #12]
 839:Drivers/STM32G4xx_HAL_Driver/Src/stm32g4xx_hal_tim_ex.c ****     }
 1990              		.loc 1 839 7 view .LVU587
 868:Drivers/STM32G4xx_HAL_Driver/Src/stm32g4xx_hal_tim_ex.c ****   {
 1991              		.loc 1 868 3 view .LVU588
 1992              	.L151:
 871:Drivers/STM32G4xx_HAL_Driver/Src/stm32g4xx_hal_tim_ex.c **** 
 1993              		.loc 1 871 5 view .LVU589
 1994 0026 0022     		movs	r2, #0
 1995 0028 2146     		mov	r1, r4
ARM GAS  /tmp/ccAXGFxz.s 			page 110


 1996              	.LVL122:
 871:Drivers/STM32G4xx_HAL_Driver/Src/stm32g4xx_hal_tim_ex.c **** 
 1997              		.loc 1 871 5 is_stmt 0 view .LVU590
 1998 002a 2868     		ldr	r0, [r5]
 1999              	.LVL123:
 871:Drivers/STM32G4xx_HAL_Driver/Src/stm32g4xx_hal_tim_ex.c **** 
 2000              		.loc 1 871 5 view .LVU591
 2001 002c FFF7FEFF 		bl	TIM_CCxNChannelCmd
 2002              	.LVL124:
 874:Drivers/STM32G4xx_HAL_Driver/Src/stm32g4xx_hal_tim_ex.c ****     if ((tmpccer & TIM_CCER_CCxNE_MASK) == (uint32_t)RESET)
 2003              		.loc 1 874 5 is_stmt 1 view .LVU592
 874:Drivers/STM32G4xx_HAL_Driver/Src/stm32g4xx_hal_tim_ex.c ****     if ((tmpccer & TIM_CCER_CCxNE_MASK) == (uint32_t)RESET)
 2004              		.loc 1 874 19 is_stmt 0 view .LVU593
 2005 0030 2B68     		ldr	r3, [r5]
 874:Drivers/STM32G4xx_HAL_Driver/Src/stm32g4xx_hal_tim_ex.c ****     if ((tmpccer & TIM_CCER_CCxNE_MASK) == (uint32_t)RESET)
 2006              		.loc 1 874 13 view .LVU594
 2007 0032 196A     		ldr	r1, [r3, #32]
 2008              	.LVL125:
 875:Drivers/STM32G4xx_HAL_Driver/Src/stm32g4xx_hal_tim_ex.c ****     {
 2009              		.loc 1 875 5 is_stmt 1 view .LVU595
 875:Drivers/STM32G4xx_HAL_Driver/Src/stm32g4xx_hal_tim_ex.c ****     {
 2010              		.loc 1 875 8 is_stmt 0 view .LVU596
 2011 0034 44F24442 		movw	r2, #17476
 2012 0038 1142     		tst	r1, r2
 2013 003a 03D1     		bne	.L152
 877:Drivers/STM32G4xx_HAL_Driver/Src/stm32g4xx_hal_tim_ex.c ****     }
 2014              		.loc 1 877 7 is_stmt 1 view .LVU597
 2015 003c DA68     		ldr	r2, [r3, #12]
 2016 003e 22F08002 		bic	r2, r2, #128
 2017 0042 DA60     		str	r2, [r3, #12]
 2018              	.L152:
 881:Drivers/STM32G4xx_HAL_Driver/Src/stm32g4xx_hal_tim_ex.c **** 
 2019              		.loc 1 881 5 view .LVU598
 881:Drivers/STM32G4xx_HAL_Driver/Src/stm32g4xx_hal_tim_ex.c **** 
 2020              		.loc 1 881 5 view .LVU599
 2021 0044 2A68     		ldr	r2, [r5]
 2022 0046 136A     		ldr	r3, [r2, #32]
 2023 0048 03F01133 		and	r3, r3, #286331153
 2024 004c 23F08853 		bic	r3, r3, #285212672
 2025 0050 43B9     		cbnz	r3, .L153
 881:Drivers/STM32G4xx_HAL_Driver/Src/stm32g4xx_hal_tim_ex.c **** 
 2026              		.loc 1 881 5 discriminator 1 view .LVU600
 2027 0052 116A     		ldr	r1, [r2, #32]
 2028              	.LVL126:
 881:Drivers/STM32G4xx_HAL_Driver/Src/stm32g4xx_hal_tim_ex.c **** 
 2029              		.loc 1 881 5 is_stmt 0 discriminator 1 view .LVU601
 2030 0054 44F24443 		movw	r3, #17476
 2031 0058 1942     		tst	r1, r3
 2032 005a 03D1     		bne	.L153
 881:Drivers/STM32G4xx_HAL_Driver/Src/stm32g4xx_hal_tim_ex.c **** 
 2033              		.loc 1 881 5 is_stmt 1 discriminator 2 view .LVU602
 2034 005c 536C     		ldr	r3, [r2, #68]
 2035 005e 23F40043 		bic	r3, r3, #32768
 2036 0062 5364     		str	r3, [r2, #68]
 2037              	.L153:
 881:Drivers/STM32G4xx_HAL_Driver/Src/stm32g4xx_hal_tim_ex.c **** 
 2038              		.loc 1 881 5 discriminator 3 view .LVU603
ARM GAS  /tmp/ccAXGFxz.s 			page 111


 884:Drivers/STM32G4xx_HAL_Driver/Src/stm32g4xx_hal_tim_ex.c **** 
 2039              		.loc 1 884 5 view .LVU604
 884:Drivers/STM32G4xx_HAL_Driver/Src/stm32g4xx_hal_tim_ex.c **** 
 2040              		.loc 1 884 5 view .LVU605
 2041 0064 2A68     		ldr	r2, [r5]
 2042 0066 136A     		ldr	r3, [r2, #32]
 2043 0068 03F01133 		and	r3, r3, #286331153
 2044 006c 23F08853 		bic	r3, r3, #285212672
 2045 0070 43B9     		cbnz	r3, .L154
 884:Drivers/STM32G4xx_HAL_Driver/Src/stm32g4xx_hal_tim_ex.c **** 
 2046              		.loc 1 884 5 discriminator 1 view .LVU606
 2047 0072 116A     		ldr	r1, [r2, #32]
 2048 0074 44F24443 		movw	r3, #17476
 2049 0078 1942     		tst	r1, r3
 2050 007a 03D1     		bne	.L154
 884:Drivers/STM32G4xx_HAL_Driver/Src/stm32g4xx_hal_tim_ex.c **** 
 2051              		.loc 1 884 5 discriminator 2 view .LVU607
 2052 007c 1368     		ldr	r3, [r2]
 2053 007e 23F00103 		bic	r3, r3, #1
 2054 0082 1360     		str	r3, [r2]
 2055              	.L154:
 884:Drivers/STM32G4xx_HAL_Driver/Src/stm32g4xx_hal_tim_ex.c **** 
 2056              		.loc 1 884 5 discriminator 3 view .LVU608
 887:Drivers/STM32G4xx_HAL_Driver/Src/stm32g4xx_hal_tim_ex.c ****   }
 2057              		.loc 1 887 5 view .LVU609
 2058 0084 B4B9     		cbnz	r4, .L155
 887:Drivers/STM32G4xx_HAL_Driver/Src/stm32g4xx_hal_tim_ex.c ****   }
 2059              		.loc 1 887 5 is_stmt 0 discriminator 1 view .LVU610
 2060 0086 0123     		movs	r3, #1
 2061 0088 85F84430 		strb	r3, [r5, #68]
 2062              	.L157:
 833:Drivers/STM32G4xx_HAL_Driver/Src/stm32g4xx_hal_tim_ex.c ****   {
 2063              		.loc 1 833 3 view .LVU611
 2064 008c 0020     		movs	r0, #0
 2065 008e 22E0     		b	.L145
 2066              	.LVL127:
 2067              	.L149:
 845:Drivers/STM32G4xx_HAL_Driver/Src/stm32g4xx_hal_tim_ex.c ****       break;
 2068              		.loc 1 845 7 is_stmt 1 view .LVU612
 2069 0090 0268     		ldr	r2, [r0]
 2070 0092 D368     		ldr	r3, [r2, #12]
 2071 0094 23F00403 		bic	r3, r3, #4
 2072 0098 D360     		str	r3, [r2, #12]
 846:Drivers/STM32G4xx_HAL_Driver/Src/stm32g4xx_hal_tim_ex.c ****     }
 2073              		.loc 1 846 7 view .LVU613
 868:Drivers/STM32G4xx_HAL_Driver/Src/stm32g4xx_hal_tim_ex.c ****   {
 2074              		.loc 1 868 3 view .LVU614
 2075 009a C4E7     		b	.L151
 2076              	.L148:
 852:Drivers/STM32G4xx_HAL_Driver/Src/stm32g4xx_hal_tim_ex.c ****       break;
 2077              		.loc 1 852 7 view .LVU615
 2078 009c 0268     		ldr	r2, [r0]
 2079 009e D368     		ldr	r3, [r2, #12]
 2080 00a0 23F00803 		bic	r3, r3, #8
 2081 00a4 D360     		str	r3, [r2, #12]
 853:Drivers/STM32G4xx_HAL_Driver/Src/stm32g4xx_hal_tim_ex.c ****     }
 2082              		.loc 1 853 7 view .LVU616
ARM GAS  /tmp/ccAXGFxz.s 			page 112


 868:Drivers/STM32G4xx_HAL_Driver/Src/stm32g4xx_hal_tim_ex.c ****   {
 2083              		.loc 1 868 3 view .LVU617
 2084 00a6 BEE7     		b	.L151
 2085              	.L146:
 859:Drivers/STM32G4xx_HAL_Driver/Src/stm32g4xx_hal_tim_ex.c ****       break;
 2086              		.loc 1 859 7 view .LVU618
 2087 00a8 0268     		ldr	r2, [r0]
 2088 00aa D368     		ldr	r3, [r2, #12]
 2089 00ac 23F01003 		bic	r3, r3, #16
 2090 00b0 D360     		str	r3, [r2, #12]
 860:Drivers/STM32G4xx_HAL_Driver/Src/stm32g4xx_hal_tim_ex.c ****     }
 2091              		.loc 1 860 7 view .LVU619
 868:Drivers/STM32G4xx_HAL_Driver/Src/stm32g4xx_hal_tim_ex.c ****   {
 2092              		.loc 1 868 3 view .LVU620
 2093 00b2 B8E7     		b	.L151
 2094              	.LVL128:
 2095              	.L155:
 887:Drivers/STM32G4xx_HAL_Driver/Src/stm32g4xx_hal_tim_ex.c ****   }
 2096              		.loc 1 887 5 is_stmt 0 discriminator 2 view .LVU621
 2097 00b4 042C     		cmp	r4, #4
 2098 00b6 05D0     		beq	.L161
 887:Drivers/STM32G4xx_HAL_Driver/Src/stm32g4xx_hal_tim_ex.c ****   }
 2099              		.loc 1 887 5 discriminator 4 view .LVU622
 2100 00b8 082C     		cmp	r4, #8
 2101 00ba 07D0     		beq	.L162
 887:Drivers/STM32G4xx_HAL_Driver/Src/stm32g4xx_hal_tim_ex.c ****   }
 2102              		.loc 1 887 5 discriminator 6 view .LVU623
 2103 00bc 0123     		movs	r3, #1
 2104 00be 85F84730 		strb	r3, [r5, #71]
 2105 00c2 E3E7     		b	.L157
 2106              	.L161:
 887:Drivers/STM32G4xx_HAL_Driver/Src/stm32g4xx_hal_tim_ex.c ****   }
 2107              		.loc 1 887 5 discriminator 3 view .LVU624
 2108 00c4 0123     		movs	r3, #1
 2109 00c6 85F84530 		strb	r3, [r5, #69]
 2110 00ca DFE7     		b	.L157
 2111              	.L162:
 887:Drivers/STM32G4xx_HAL_Driver/Src/stm32g4xx_hal_tim_ex.c ****   }
 2112              		.loc 1 887 5 discriminator 5 view .LVU625
 2113 00cc 0123     		movs	r3, #1
 2114 00ce 85F84630 		strb	r3, [r5, #70]
 2115 00d2 DBE7     		b	.L157
 2116              	.LVL129:
 2117              	.L159:
 833:Drivers/STM32G4xx_HAL_Driver/Src/stm32g4xx_hal_tim_ex.c ****   {
 2118              		.loc 1 833 3 view .LVU626
 2119 00d4 0120     		movs	r0, #1
 2120              	.LVL130:
 2121              	.L145:
 891:Drivers/STM32G4xx_HAL_Driver/Src/stm32g4xx_hal_tim_ex.c **** }
 2122              		.loc 1 891 3 is_stmt 1 view .LVU627
 892:Drivers/STM32G4xx_HAL_Driver/Src/stm32g4xx_hal_tim_ex.c **** 
 2123              		.loc 1 892 1 is_stmt 0 view .LVU628
 2124 00d6 38BD     		pop	{r3, r4, r5, pc}
 892:Drivers/STM32G4xx_HAL_Driver/Src/stm32g4xx_hal_tim_ex.c **** 
 2125              		.loc 1 892 1 view .LVU629
 2126              		.cfi_endproc
ARM GAS  /tmp/ccAXGFxz.s 			page 113


 2127              	.LFE342:
 2129              		.section	.text.HAL_TIMEx_OCN_Start_DMA,"ax",%progbits
 2130              		.align	1
 2131              		.global	HAL_TIMEx_OCN_Start_DMA
 2132              		.syntax unified
 2133              		.thumb
 2134              		.thumb_func
 2136              	HAL_TIMEx_OCN_Start_DMA:
 2137              	.LVL131:
 2138              	.LFB343:
 910:Drivers/STM32G4xx_HAL_Driver/Src/stm32g4xx_hal_tim_ex.c ****   HAL_StatusTypeDef status = HAL_OK;
 2139              		.loc 1 910 1 is_stmt 1 view -0
 2140              		.cfi_startproc
 2141              		@ args = 0, pretend = 0, frame = 0
 2142              		@ frame_needed = 0, uses_anonymous_args = 0
 910:Drivers/STM32G4xx_HAL_Driver/Src/stm32g4xx_hal_tim_ex.c ****   HAL_StatusTypeDef status = HAL_OK;
 2143              		.loc 1 910 1 is_stmt 0 view .LVU631
 2144 0000 38B5     		push	{r3, r4, r5, lr}
 2145              	.LCFI18:
 2146              		.cfi_def_cfa_offset 16
 2147              		.cfi_offset 3, -16
 2148              		.cfi_offset 4, -12
 2149              		.cfi_offset 5, -8
 2150              		.cfi_offset 14, -4
 2151 0002 0446     		mov	r4, r0
 2152 0004 9446     		mov	ip, r2
 911:Drivers/STM32G4xx_HAL_Driver/Src/stm32g4xx_hal_tim_ex.c ****   uint32_t tmpsmcr;
 2153              		.loc 1 911 3 is_stmt 1 view .LVU632
 2154              	.LVL132:
 912:Drivers/STM32G4xx_HAL_Driver/Src/stm32g4xx_hal_tim_ex.c **** 
 2155              		.loc 1 912 3 view .LVU633
 915:Drivers/STM32G4xx_HAL_Driver/Src/stm32g4xx_hal_tim_ex.c **** 
 2156              		.loc 1 915 3 view .LVU634
 918:Drivers/STM32G4xx_HAL_Driver/Src/stm32g4xx_hal_tim_ex.c ****   {
 2157              		.loc 1 918 3 view .LVU635
 918:Drivers/STM32G4xx_HAL_Driver/Src/stm32g4xx_hal_tim_ex.c ****   {
 2158              		.loc 1 918 46 is_stmt 0 view .LVU636
 2159 0006 0D46     		mov	r5, r1
 2160 0008 0029     		cmp	r1, #0
 2161 000a 6DD1     		bne	.L164
 918:Drivers/STM32G4xx_HAL_Driver/Src/stm32g4xx_hal_tim_ex.c ****   {
 2162              		.loc 1 918 7 discriminator 1 view .LVU637
 2163 000c 90F84400 		ldrb	r0, [r0, #68]	@ zero_extendqisi2
 2164              	.LVL133:
 918:Drivers/STM32G4xx_HAL_Driver/Src/stm32g4xx_hal_tim_ex.c ****   {
 2165              		.loc 1 918 46 discriminator 1 view .LVU638
 2166 0010 0228     		cmp	r0, #2
 2167 0012 14BF     		ite	ne
 2168 0014 0020     		movne	r0, #0
 2169 0016 0120     		moveq	r0, #1
 2170              	.L165:
 918:Drivers/STM32G4xx_HAL_Driver/Src/stm32g4xx_hal_tim_ex.c ****   {
 2171              		.loc 1 918 6 discriminator 7 view .LVU639
 2172 0018 0028     		cmp	r0, #0
 2173 001a 40F01681 		bne	.L187
 922:Drivers/STM32G4xx_HAL_Driver/Src/stm32g4xx_hal_tim_ex.c ****   {
 2174              		.loc 1 922 8 is_stmt 1 view .LVU640
ARM GAS  /tmp/ccAXGFxz.s 			page 114


 922:Drivers/STM32G4xx_HAL_Driver/Src/stm32g4xx_hal_tim_ex.c ****   {
 2175              		.loc 1 922 51 is_stmt 0 view .LVU641
 2176 001e 002D     		cmp	r5, #0
 2177 0020 7BD1     		bne	.L169
 922:Drivers/STM32G4xx_HAL_Driver/Src/stm32g4xx_hal_tim_ex.c ****   {
 2178              		.loc 1 922 12 discriminator 1 view .LVU642
 2179 0022 94F84420 		ldrb	r2, [r4, #68]	@ zero_extendqisi2
 2180              	.LVL134:
 922:Drivers/STM32G4xx_HAL_Driver/Src/stm32g4xx_hal_tim_ex.c ****   {
 2181              		.loc 1 922 51 discriminator 1 view .LVU643
 2182 0026 012A     		cmp	r2, #1
 2183 0028 14BF     		ite	ne
 2184 002a 0022     		movne	r2, #0
 2185 002c 0122     		moveq	r2, #1
 2186              	.L170:
 922:Drivers/STM32G4xx_HAL_Driver/Src/stm32g4xx_hal_tim_ex.c ****   {
 2187              		.loc 1 922 11 discriminator 7 view .LVU644
 2188 002e 002A     		cmp	r2, #0
 2189 0030 00F00981 		beq	.L173
 924:Drivers/STM32G4xx_HAL_Driver/Src/stm32g4xx_hal_tim_ex.c ****     {
 2190              		.loc 1 924 5 is_stmt 1 view .LVU645
 924:Drivers/STM32G4xx_HAL_Driver/Src/stm32g4xx_hal_tim_ex.c ****     {
 2191              		.loc 1 924 8 is_stmt 0 view .LVU646
 2192 0034 BCF1000F 		cmp	ip, #0
 2193 0038 00F00581 		beq	.L173
 924:Drivers/STM32G4xx_HAL_Driver/Src/stm32g4xx_hal_tim_ex.c ****     {
 2194              		.loc 1 924 25 discriminator 1 view .LVU647
 2195 003c 002B     		cmp	r3, #0
 2196 003e 00F00281 		beq	.L173
 930:Drivers/STM32G4xx_HAL_Driver/Src/stm32g4xx_hal_tim_ex.c ****     }
 2197              		.loc 1 930 7 is_stmt 1 view .LVU648
 2198 0042 002D     		cmp	r5, #0
 2199 0044 40F08280 		bne	.L174
 930:Drivers/STM32G4xx_HAL_Driver/Src/stm32g4xx_hal_tim_ex.c ****     }
 2200              		.loc 1 930 7 is_stmt 0 discriminator 1 view .LVU649
 2201 0048 0222     		movs	r2, #2
 2202 004a 84F84420 		strb	r2, [r4, #68]
 938:Drivers/STM32G4xx_HAL_Driver/Src/stm32g4xx_hal_tim_ex.c ****   {
 2203              		.loc 1 938 3 is_stmt 1 view .LVU650
 2204              	.L175:
 943:Drivers/STM32G4xx_HAL_Driver/Src/stm32g4xx_hal_tim_ex.c ****       htim->hdma[TIM_DMA_ID_CC1]->XferHalfCpltCallback = TIM_DMADelayPulseHalfCplt;
 2205              		.loc 1 943 7 view .LVU651
 943:Drivers/STM32G4xx_HAL_Driver/Src/stm32g4xx_hal_tim_ex.c ****       htim->hdma[TIM_DMA_ID_CC1]->XferHalfCpltCallback = TIM_DMADelayPulseHalfCplt;
 2206              		.loc 1 943 17 is_stmt 0 view .LVU652
 2207 004e 626A     		ldr	r2, [r4, #36]
 943:Drivers/STM32G4xx_HAL_Driver/Src/stm32g4xx_hal_tim_ex.c ****       htim->hdma[TIM_DMA_ID_CC1]->XferHalfCpltCallback = TIM_DMADelayPulseHalfCplt;
 2208              		.loc 1 943 52 view .LVU653
 2209 0050 7F49     		ldr	r1, .L199
 2210              	.LVL135:
 943:Drivers/STM32G4xx_HAL_Driver/Src/stm32g4xx_hal_tim_ex.c ****       htim->hdma[TIM_DMA_ID_CC1]->XferHalfCpltCallback = TIM_DMADelayPulseHalfCplt;
 2211              		.loc 1 943 52 view .LVU654
 2212 0052 D162     		str	r1, [r2, #44]
 944:Drivers/STM32G4xx_HAL_Driver/Src/stm32g4xx_hal_tim_ex.c **** 
 2213              		.loc 1 944 7 is_stmt 1 view .LVU655
 944:Drivers/STM32G4xx_HAL_Driver/Src/stm32g4xx_hal_tim_ex.c **** 
 2214              		.loc 1 944 17 is_stmt 0 view .LVU656
 2215 0054 626A     		ldr	r2, [r4, #36]
ARM GAS  /tmp/ccAXGFxz.s 			page 115


 944:Drivers/STM32G4xx_HAL_Driver/Src/stm32g4xx_hal_tim_ex.c **** 
 2216              		.loc 1 944 56 view .LVU657
 2217 0056 7F49     		ldr	r1, .L199+4
 2218 0058 1163     		str	r1, [r2, #48]
 947:Drivers/STM32G4xx_HAL_Driver/Src/stm32g4xx_hal_tim_ex.c **** 
 2219              		.loc 1 947 7 is_stmt 1 view .LVU658
 947:Drivers/STM32G4xx_HAL_Driver/Src/stm32g4xx_hal_tim_ex.c **** 
 2220              		.loc 1 947 17 is_stmt 0 view .LVU659
 2221 005a 626A     		ldr	r2, [r4, #36]
 947:Drivers/STM32G4xx_HAL_Driver/Src/stm32g4xx_hal_tim_ex.c **** 
 2222              		.loc 1 947 53 view .LVU660
 2223 005c 7E49     		ldr	r1, .L199+8
 2224 005e 5163     		str	r1, [r2, #52]
 950:Drivers/STM32G4xx_HAL_Driver/Src/stm32g4xx_hal_tim_ex.c ****                            Length) != HAL_OK)
 2225              		.loc 1 950 7 is_stmt 1 view .LVU661
 950:Drivers/STM32G4xx_HAL_Driver/Src/stm32g4xx_hal_tim_ex.c ****                            Length) != HAL_OK)
 2226              		.loc 1 950 88 is_stmt 0 view .LVU662
 2227 0060 2268     		ldr	r2, [r4]
 950:Drivers/STM32G4xx_HAL_Driver/Src/stm32g4xx_hal_tim_ex.c ****                            Length) != HAL_OK)
 2228              		.loc 1 950 11 view .LVU663
 2229 0062 3432     		adds	r2, r2, #52
 2230 0064 6146     		mov	r1, ip
 2231 0066 606A     		ldr	r0, [r4, #36]
 2232 0068 FFF7FEFF 		bl	HAL_DMA_Start_IT
 2233              	.LVL136:
 950:Drivers/STM32G4xx_HAL_Driver/Src/stm32g4xx_hal_tim_ex.c ****                            Length) != HAL_OK)
 2234              		.loc 1 950 10 discriminator 1 view .LVU664
 2235 006c 0028     		cmp	r0, #0
 2236 006e 40F0EA80 		bne	.L173
 957:Drivers/STM32G4xx_HAL_Driver/Src/stm32g4xx_hal_tim_ex.c ****       break;
 2237              		.loc 1 957 7 is_stmt 1 view .LVU665
 2238 0072 2268     		ldr	r2, [r4]
 2239 0074 D368     		ldr	r3, [r2, #12]
 2240 0076 43F40073 		orr	r3, r3, #512
 2241 007a D360     		str	r3, [r2, #12]
 958:Drivers/STM32G4xx_HAL_Driver/Src/stm32g4xx_hal_tim_ex.c ****     }
 2242              		.loc 1 958 7 view .LVU666
1029:Drivers/STM32G4xx_HAL_Driver/Src/stm32g4xx_hal_tim_ex.c ****   {
 2243              		.loc 1 1029 3 view .LVU667
 2244              	.L182:
1032:Drivers/STM32G4xx_HAL_Driver/Src/stm32g4xx_hal_tim_ex.c **** 
 2245              		.loc 1 1032 5 view .LVU668
 2246 007c 0422     		movs	r2, #4
 2247 007e 2946     		mov	r1, r5
 2248 0080 2068     		ldr	r0, [r4]
 2249 0082 FFF7FEFF 		bl	TIM_CCxNChannelCmd
 2250              	.LVL137:
1035:Drivers/STM32G4xx_HAL_Driver/Src/stm32g4xx_hal_tim_ex.c **** 
 2251              		.loc 1 1035 5 view .LVU669
 2252 0086 2268     		ldr	r2, [r4]
 2253 0088 536C     		ldr	r3, [r2, #68]
 2254 008a 43F40043 		orr	r3, r3, #32768
 2255 008e 5364     		str	r3, [r2, #68]
1038:Drivers/STM32G4xx_HAL_Driver/Src/stm32g4xx_hal_tim_ex.c ****     {
 2256              		.loc 1 1038 5 view .LVU670
1038:Drivers/STM32G4xx_HAL_Driver/Src/stm32g4xx_hal_tim_ex.c ****     {
 2257              		.loc 1 1038 9 is_stmt 0 view .LVU671
ARM GAS  /tmp/ccAXGFxz.s 			page 116


 2258 0090 2368     		ldr	r3, [r4]
1038:Drivers/STM32G4xx_HAL_Driver/Src/stm32g4xx_hal_tim_ex.c ****     {
 2259              		.loc 1 1038 8 view .LVU672
 2260 0092 724A     		ldr	r2, .L199+12
 2261 0094 9342     		cmp	r3, r2
 2262 0096 00F0C880 		beq	.L183
1038:Drivers/STM32G4xx_HAL_Driver/Src/stm32g4xx_hal_tim_ex.c ****     {
 2263              		.loc 1 1038 9 discriminator 1 view .LVU673
 2264 009a B3F1804F 		cmp	r3, #1073741824
 2265 009e 00F0C480 		beq	.L183
1038:Drivers/STM32G4xx_HAL_Driver/Src/stm32g4xx_hal_tim_ex.c ****     {
 2266              		.loc 1 1038 9 discriminator 2 view .LVU674
 2267 00a2 A2F59432 		sub	r2, r2, #75776
 2268 00a6 9342     		cmp	r3, r2
 2269 00a8 00F0BF80 		beq	.L183
1038:Drivers/STM32G4xx_HAL_Driver/Src/stm32g4xx_hal_tim_ex.c ****     {
 2270              		.loc 1 1038 9 discriminator 3 view .LVU675
 2271 00ac 02F58062 		add	r2, r2, #1024
 2272 00b0 9342     		cmp	r3, r2
 2273 00b2 00F0BA80 		beq	.L183
1038:Drivers/STM32G4xx_HAL_Driver/Src/stm32g4xx_hal_tim_ex.c ****     {
 2274              		.loc 1 1038 9 discriminator 4 view .LVU676
 2275 00b6 02F58062 		add	r2, r2, #1024
 2276 00ba 9342     		cmp	r3, r2
 2277 00bc 00F0B580 		beq	.L183
1038:Drivers/STM32G4xx_HAL_Driver/Src/stm32g4xx_hal_tim_ex.c ****     {
 2278              		.loc 1 1038 9 discriminator 5 view .LVU677
 2279 00c0 02F59432 		add	r2, r2, #75776
 2280 00c4 9342     		cmp	r3, r2
 2281 00c6 00F0B080 		beq	.L183
1038:Drivers/STM32G4xx_HAL_Driver/Src/stm32g4xx_hal_tim_ex.c ****     {
 2282              		.loc 1 1038 9 discriminator 6 view .LVU678
 2283 00ca 02F54062 		add	r2, r2, #3072
 2284 00ce 9342     		cmp	r3, r2
 2285 00d0 00F0AB80 		beq	.L183
1038:Drivers/STM32G4xx_HAL_Driver/Src/stm32g4xx_hal_tim_ex.c ****     {
 2286              		.loc 1 1038 9 discriminator 7 view .LVU679
 2287 00d4 02F58052 		add	r2, r2, #4096
 2288 00d8 9342     		cmp	r3, r2
 2289 00da 00F0A680 		beq	.L183
1048:Drivers/STM32G4xx_HAL_Driver/Src/stm32g4xx_hal_tim_ex.c ****     }
 2290              		.loc 1 1048 7 is_stmt 1 view .LVU680
 2291 00de 1A68     		ldr	r2, [r3]
 2292 00e0 42F00102 		orr	r2, r2, #1
 2293 00e4 1A60     		str	r2, [r3]
 2294 00e6 ACE0     		b	.L185
 2295              	.LVL138:
 2296              	.L164:
 918:Drivers/STM32G4xx_HAL_Driver/Src/stm32g4xx_hal_tim_ex.c ****   {
 2297              		.loc 1 918 46 is_stmt 0 discriminator 2 view .LVU681
 2298 00e8 0429     		cmp	r1, #4
 2299 00ea 08D0     		beq	.L193
 918:Drivers/STM32G4xx_HAL_Driver/Src/stm32g4xx_hal_tim_ex.c ****   {
 2300              		.loc 1 918 46 discriminator 4 view .LVU682
 2301 00ec 0829     		cmp	r1, #8
 2302 00ee 0DD0     		beq	.L194
 918:Drivers/STM32G4xx_HAL_Driver/Src/stm32g4xx_hal_tim_ex.c ****   {
ARM GAS  /tmp/ccAXGFxz.s 			page 117


 2303              		.loc 1 918 7 discriminator 6 view .LVU683
 2304 00f0 90F84700 		ldrb	r0, [r0, #71]	@ zero_extendqisi2
 2305              	.LVL139:
 918:Drivers/STM32G4xx_HAL_Driver/Src/stm32g4xx_hal_tim_ex.c ****   {
 2306              		.loc 1 918 46 discriminator 6 view .LVU684
 2307 00f4 0228     		cmp	r0, #2
 2308 00f6 14BF     		ite	ne
 2309 00f8 0020     		movne	r0, #0
 2310 00fa 0120     		moveq	r0, #1
 2311 00fc 8CE7     		b	.L165
 2312              	.LVL140:
 2313              	.L193:
 918:Drivers/STM32G4xx_HAL_Driver/Src/stm32g4xx_hal_tim_ex.c ****   {
 2314              		.loc 1 918 7 discriminator 3 view .LVU685
 2315 00fe 90F84500 		ldrb	r0, [r0, #69]	@ zero_extendqisi2
 2316              	.LVL141:
 918:Drivers/STM32G4xx_HAL_Driver/Src/stm32g4xx_hal_tim_ex.c ****   {
 2317              		.loc 1 918 46 discriminator 3 view .LVU686
 2318 0102 0228     		cmp	r0, #2
 2319 0104 14BF     		ite	ne
 2320 0106 0020     		movne	r0, #0
 2321 0108 0120     		moveq	r0, #1
 2322 010a 85E7     		b	.L165
 2323              	.LVL142:
 2324              	.L194:
 918:Drivers/STM32G4xx_HAL_Driver/Src/stm32g4xx_hal_tim_ex.c ****   {
 2325              		.loc 1 918 7 discriminator 5 view .LVU687
 2326 010c 90F84600 		ldrb	r0, [r0, #70]	@ zero_extendqisi2
 2327              	.LVL143:
 918:Drivers/STM32G4xx_HAL_Driver/Src/stm32g4xx_hal_tim_ex.c ****   {
 2328              		.loc 1 918 46 discriminator 5 view .LVU688
 2329 0110 0228     		cmp	r0, #2
 2330 0112 14BF     		ite	ne
 2331 0114 0020     		movne	r0, #0
 2332 0116 0120     		moveq	r0, #1
 2333 0118 7EE7     		b	.L165
 2334              	.L169:
 922:Drivers/STM32G4xx_HAL_Driver/Src/stm32g4xx_hal_tim_ex.c ****   {
 2335              		.loc 1 922 51 discriminator 2 view .LVU689
 2336 011a 042D     		cmp	r5, #4
 2337 011c 08D0     		beq	.L195
 922:Drivers/STM32G4xx_HAL_Driver/Src/stm32g4xx_hal_tim_ex.c ****   {
 2338              		.loc 1 922 51 discriminator 4 view .LVU690
 2339 011e 082D     		cmp	r5, #8
 2340 0120 0DD0     		beq	.L196
 922:Drivers/STM32G4xx_HAL_Driver/Src/stm32g4xx_hal_tim_ex.c ****   {
 2341              		.loc 1 922 12 discriminator 6 view .LVU691
 2342 0122 94F84720 		ldrb	r2, [r4, #71]	@ zero_extendqisi2
 2343              	.LVL144:
 922:Drivers/STM32G4xx_HAL_Driver/Src/stm32g4xx_hal_tim_ex.c ****   {
 2344              		.loc 1 922 51 discriminator 6 view .LVU692
 2345 0126 012A     		cmp	r2, #1
 2346 0128 14BF     		ite	ne
 2347 012a 0022     		movne	r2, #0
 2348 012c 0122     		moveq	r2, #1
 2349 012e 7EE7     		b	.L170
 2350              	.LVL145:
ARM GAS  /tmp/ccAXGFxz.s 			page 118


 2351              	.L195:
 922:Drivers/STM32G4xx_HAL_Driver/Src/stm32g4xx_hal_tim_ex.c ****   {
 2352              		.loc 1 922 12 discriminator 3 view .LVU693
 2353 0130 94F84520 		ldrb	r2, [r4, #69]	@ zero_extendqisi2
 2354              	.LVL146:
 922:Drivers/STM32G4xx_HAL_Driver/Src/stm32g4xx_hal_tim_ex.c ****   {
 2355              		.loc 1 922 51 discriminator 3 view .LVU694
 2356 0134 012A     		cmp	r2, #1
 2357 0136 14BF     		ite	ne
 2358 0138 0022     		movne	r2, #0
 2359 013a 0122     		moveq	r2, #1
 2360 013c 77E7     		b	.L170
 2361              	.LVL147:
 2362              	.L196:
 922:Drivers/STM32G4xx_HAL_Driver/Src/stm32g4xx_hal_tim_ex.c ****   {
 2363              		.loc 1 922 12 discriminator 5 view .LVU695
 2364 013e 94F84620 		ldrb	r2, [r4, #70]	@ zero_extendqisi2
 2365              	.LVL148:
 922:Drivers/STM32G4xx_HAL_Driver/Src/stm32g4xx_hal_tim_ex.c ****   {
 2366              		.loc 1 922 51 discriminator 5 view .LVU696
 2367 0142 012A     		cmp	r2, #1
 2368 0144 14BF     		ite	ne
 2369 0146 0022     		movne	r2, #0
 2370 0148 0122     		moveq	r2, #1
 2371 014a 70E7     		b	.L170
 2372              	.L174:
 930:Drivers/STM32G4xx_HAL_Driver/Src/stm32g4xx_hal_tim_ex.c ****     }
 2373              		.loc 1 930 7 discriminator 2 view .LVU697
 2374 014c 042D     		cmp	r5, #4
 2375 014e 23D0     		beq	.L197
 930:Drivers/STM32G4xx_HAL_Driver/Src/stm32g4xx_hal_tim_ex.c ****     }
 2376              		.loc 1 930 7 discriminator 4 view .LVU698
 2377 0150 082D     		cmp	r5, #8
 2378 0152 3BD0     		beq	.L198
 930:Drivers/STM32G4xx_HAL_Driver/Src/stm32g4xx_hal_tim_ex.c ****     }
 2379              		.loc 1 930 7 discriminator 6 view .LVU699
 2380 0154 0222     		movs	r2, #2
 2381 0156 84F84720 		strb	r2, [r4, #71]
 938:Drivers/STM32G4xx_HAL_Driver/Src/stm32g4xx_hal_tim_ex.c ****   {
 2382              		.loc 1 938 3 is_stmt 1 view .LVU700
 2383 015a 0C2D     		cmp	r5, #12
 2384 015c 73D8     		bhi	.L173
 2385 015e 01A2     		adr	r2, .L181
 2386 0160 52F825F0 		ldr	pc, [r2, r5, lsl #2]
 2387              		.p2align 2
 2388              	.L181:
 2389 0164 4F000000 		.word	.L175+1
 2390 0168 47020000 		.word	.L173+1
 2391 016c 47020000 		.word	.L173+1
 2392 0170 47020000 		.word	.L173+1
 2393 0174 9F010000 		.word	.L177+1
 2394 0178 47020000 		.word	.L173+1
 2395 017c 47020000 		.word	.L173+1
 2396 0180 47020000 		.word	.L173+1
 2397 0184 D3010000 		.word	.L179+1
 2398 0188 47020000 		.word	.L173+1
 2399 018c 47020000 		.word	.L173+1
ARM GAS  /tmp/ccAXGFxz.s 			page 119


 2400 0190 47020000 		.word	.L173+1
 2401 0194 FF010000 		.word	.L180+1
 2402              		.p2align 1
 2403              	.L197:
 930:Drivers/STM32G4xx_HAL_Driver/Src/stm32g4xx_hal_tim_ex.c ****     }
 2404              		.loc 1 930 7 is_stmt 0 discriminator 3 view .LVU701
 2405 0198 0222     		movs	r2, #2
 2406 019a 84F84520 		strb	r2, [r4, #69]
 938:Drivers/STM32G4xx_HAL_Driver/Src/stm32g4xx_hal_tim_ex.c ****   {
 2407              		.loc 1 938 3 is_stmt 1 view .LVU702
 2408              	.L177:
 964:Drivers/STM32G4xx_HAL_Driver/Src/stm32g4xx_hal_tim_ex.c ****       htim->hdma[TIM_DMA_ID_CC2]->XferHalfCpltCallback = TIM_DMADelayPulseHalfCplt;
 2409              		.loc 1 964 7 view .LVU703
 964:Drivers/STM32G4xx_HAL_Driver/Src/stm32g4xx_hal_tim_ex.c ****       htim->hdma[TIM_DMA_ID_CC2]->XferHalfCpltCallback = TIM_DMADelayPulseHalfCplt;
 2410              		.loc 1 964 17 is_stmt 0 view .LVU704
 2411 019e A26A     		ldr	r2, [r4, #40]
 964:Drivers/STM32G4xx_HAL_Driver/Src/stm32g4xx_hal_tim_ex.c ****       htim->hdma[TIM_DMA_ID_CC2]->XferHalfCpltCallback = TIM_DMADelayPulseHalfCplt;
 2412              		.loc 1 964 52 view .LVU705
 2413 01a0 2B49     		ldr	r1, .L199
 2414              	.LVL149:
 964:Drivers/STM32G4xx_HAL_Driver/Src/stm32g4xx_hal_tim_ex.c ****       htim->hdma[TIM_DMA_ID_CC2]->XferHalfCpltCallback = TIM_DMADelayPulseHalfCplt;
 2415              		.loc 1 964 52 view .LVU706
 2416 01a2 D162     		str	r1, [r2, #44]
 965:Drivers/STM32G4xx_HAL_Driver/Src/stm32g4xx_hal_tim_ex.c **** 
 2417              		.loc 1 965 7 is_stmt 1 view .LVU707
 965:Drivers/STM32G4xx_HAL_Driver/Src/stm32g4xx_hal_tim_ex.c **** 
 2418              		.loc 1 965 17 is_stmt 0 view .LVU708
 2419 01a4 A26A     		ldr	r2, [r4, #40]
 965:Drivers/STM32G4xx_HAL_Driver/Src/stm32g4xx_hal_tim_ex.c **** 
 2420              		.loc 1 965 56 view .LVU709
 2421 01a6 2B49     		ldr	r1, .L199+4
 2422 01a8 1163     		str	r1, [r2, #48]
 968:Drivers/STM32G4xx_HAL_Driver/Src/stm32g4xx_hal_tim_ex.c **** 
 2423              		.loc 1 968 7 is_stmt 1 view .LVU710
 968:Drivers/STM32G4xx_HAL_Driver/Src/stm32g4xx_hal_tim_ex.c **** 
 2424              		.loc 1 968 17 is_stmt 0 view .LVU711
 2425 01aa A26A     		ldr	r2, [r4, #40]
 968:Drivers/STM32G4xx_HAL_Driver/Src/stm32g4xx_hal_tim_ex.c **** 
 2426              		.loc 1 968 53 view .LVU712
 2427 01ac 2A49     		ldr	r1, .L199+8
 2428 01ae 5163     		str	r1, [r2, #52]
 971:Drivers/STM32G4xx_HAL_Driver/Src/stm32g4xx_hal_tim_ex.c ****                            Length) != HAL_OK)
 2429              		.loc 1 971 7 is_stmt 1 view .LVU713
 971:Drivers/STM32G4xx_HAL_Driver/Src/stm32g4xx_hal_tim_ex.c ****                            Length) != HAL_OK)
 2430              		.loc 1 971 88 is_stmt 0 view .LVU714
 2431 01b0 2268     		ldr	r2, [r4]
 971:Drivers/STM32G4xx_HAL_Driver/Src/stm32g4xx_hal_tim_ex.c ****                            Length) != HAL_OK)
 2432              		.loc 1 971 11 view .LVU715
 2433 01b2 3832     		adds	r2, r2, #56
 2434 01b4 6146     		mov	r1, ip
 2435 01b6 A06A     		ldr	r0, [r4, #40]
 2436 01b8 FFF7FEFF 		bl	HAL_DMA_Start_IT
 2437              	.LVL150:
 971:Drivers/STM32G4xx_HAL_Driver/Src/stm32g4xx_hal_tim_ex.c ****                            Length) != HAL_OK)
 2438              		.loc 1 971 10 discriminator 1 view .LVU716
 2439 01bc 0028     		cmp	r0, #0
 2440 01be 42D1     		bne	.L173
ARM GAS  /tmp/ccAXGFxz.s 			page 120


 978:Drivers/STM32G4xx_HAL_Driver/Src/stm32g4xx_hal_tim_ex.c ****       break;
 2441              		.loc 1 978 7 is_stmt 1 view .LVU717
 2442 01c0 2268     		ldr	r2, [r4]
 2443 01c2 D368     		ldr	r3, [r2, #12]
 2444 01c4 43F48063 		orr	r3, r3, #1024
 2445 01c8 D360     		str	r3, [r2, #12]
 979:Drivers/STM32G4xx_HAL_Driver/Src/stm32g4xx_hal_tim_ex.c ****     }
 2446              		.loc 1 979 7 view .LVU718
1029:Drivers/STM32G4xx_HAL_Driver/Src/stm32g4xx_hal_tim_ex.c ****   {
 2447              		.loc 1 1029 3 view .LVU719
 2448 01ca 57E7     		b	.L182
 2449              	.LVL151:
 2450              	.L198:
 930:Drivers/STM32G4xx_HAL_Driver/Src/stm32g4xx_hal_tim_ex.c ****     }
 2451              		.loc 1 930 7 is_stmt 0 discriminator 5 view .LVU720
 2452 01cc 0222     		movs	r2, #2
 2453 01ce 84F84620 		strb	r2, [r4, #70]
 938:Drivers/STM32G4xx_HAL_Driver/Src/stm32g4xx_hal_tim_ex.c ****   {
 2454              		.loc 1 938 3 is_stmt 1 view .LVU721
 2455              	.L179:
 985:Drivers/STM32G4xx_HAL_Driver/Src/stm32g4xx_hal_tim_ex.c ****       htim->hdma[TIM_DMA_ID_CC3]->XferHalfCpltCallback = TIM_DMADelayPulseHalfCplt;
 2456              		.loc 1 985 7 view .LVU722
 985:Drivers/STM32G4xx_HAL_Driver/Src/stm32g4xx_hal_tim_ex.c ****       htim->hdma[TIM_DMA_ID_CC3]->XferHalfCpltCallback = TIM_DMADelayPulseHalfCplt;
 2457              		.loc 1 985 17 is_stmt 0 view .LVU723
 2458 01d2 E26A     		ldr	r2, [r4, #44]
 985:Drivers/STM32G4xx_HAL_Driver/Src/stm32g4xx_hal_tim_ex.c ****       htim->hdma[TIM_DMA_ID_CC3]->XferHalfCpltCallback = TIM_DMADelayPulseHalfCplt;
 2459              		.loc 1 985 52 view .LVU724
 2460 01d4 1E49     		ldr	r1, .L199
 2461              	.LVL152:
 985:Drivers/STM32G4xx_HAL_Driver/Src/stm32g4xx_hal_tim_ex.c ****       htim->hdma[TIM_DMA_ID_CC3]->XferHalfCpltCallback = TIM_DMADelayPulseHalfCplt;
 2462              		.loc 1 985 52 view .LVU725
 2463 01d6 D162     		str	r1, [r2, #44]
 986:Drivers/STM32G4xx_HAL_Driver/Src/stm32g4xx_hal_tim_ex.c **** 
 2464              		.loc 1 986 7 is_stmt 1 view .LVU726
 986:Drivers/STM32G4xx_HAL_Driver/Src/stm32g4xx_hal_tim_ex.c **** 
 2465              		.loc 1 986 17 is_stmt 0 view .LVU727
 2466 01d8 E26A     		ldr	r2, [r4, #44]
 986:Drivers/STM32G4xx_HAL_Driver/Src/stm32g4xx_hal_tim_ex.c **** 
 2467              		.loc 1 986 56 view .LVU728
 2468 01da 1E49     		ldr	r1, .L199+4
 2469 01dc 1163     		str	r1, [r2, #48]
 989:Drivers/STM32G4xx_HAL_Driver/Src/stm32g4xx_hal_tim_ex.c **** 
 2470              		.loc 1 989 7 is_stmt 1 view .LVU729
 989:Drivers/STM32G4xx_HAL_Driver/Src/stm32g4xx_hal_tim_ex.c **** 
 2471              		.loc 1 989 17 is_stmt 0 view .LVU730
 2472 01de E26A     		ldr	r2, [r4, #44]
 989:Drivers/STM32G4xx_HAL_Driver/Src/stm32g4xx_hal_tim_ex.c **** 
 2473              		.loc 1 989 53 view .LVU731
 2474 01e0 1D49     		ldr	r1, .L199+8
 2475 01e2 5163     		str	r1, [r2, #52]
 992:Drivers/STM32G4xx_HAL_Driver/Src/stm32g4xx_hal_tim_ex.c ****                            Length) != HAL_OK)
 2476              		.loc 1 992 7 is_stmt 1 view .LVU732
 992:Drivers/STM32G4xx_HAL_Driver/Src/stm32g4xx_hal_tim_ex.c ****                            Length) != HAL_OK)
 2477              		.loc 1 992 88 is_stmt 0 view .LVU733
 2478 01e4 2268     		ldr	r2, [r4]
 992:Drivers/STM32G4xx_HAL_Driver/Src/stm32g4xx_hal_tim_ex.c ****                            Length) != HAL_OK)
 2479              		.loc 1 992 11 view .LVU734
ARM GAS  /tmp/ccAXGFxz.s 			page 121


 2480 01e6 3C32     		adds	r2, r2, #60
 2481 01e8 6146     		mov	r1, ip
 2482 01ea E06A     		ldr	r0, [r4, #44]
 2483 01ec FFF7FEFF 		bl	HAL_DMA_Start_IT
 2484              	.LVL153:
 992:Drivers/STM32G4xx_HAL_Driver/Src/stm32g4xx_hal_tim_ex.c ****                            Length) != HAL_OK)
 2485              		.loc 1 992 10 discriminator 1 view .LVU735
 2486 01f0 48BB     		cbnz	r0, .L173
 999:Drivers/STM32G4xx_HAL_Driver/Src/stm32g4xx_hal_tim_ex.c ****       break;
 2487              		.loc 1 999 7 is_stmt 1 view .LVU736
 2488 01f2 2268     		ldr	r2, [r4]
 2489 01f4 D368     		ldr	r3, [r2, #12]
 2490 01f6 43F40063 		orr	r3, r3, #2048
 2491 01fa D360     		str	r3, [r2, #12]
1000:Drivers/STM32G4xx_HAL_Driver/Src/stm32g4xx_hal_tim_ex.c ****     }
 2492              		.loc 1 1000 7 view .LVU737
1029:Drivers/STM32G4xx_HAL_Driver/Src/stm32g4xx_hal_tim_ex.c ****   {
 2493              		.loc 1 1029 3 view .LVU738
 2494 01fc 3EE7     		b	.L182
 2495              	.LVL154:
 2496              	.L180:
1006:Drivers/STM32G4xx_HAL_Driver/Src/stm32g4xx_hal_tim_ex.c ****       htim->hdma[TIM_DMA_ID_CC4]->XferHalfCpltCallback = TIM_DMADelayPulseHalfCplt;
 2497              		.loc 1 1006 7 view .LVU739
1006:Drivers/STM32G4xx_HAL_Driver/Src/stm32g4xx_hal_tim_ex.c ****       htim->hdma[TIM_DMA_ID_CC4]->XferHalfCpltCallback = TIM_DMADelayPulseHalfCplt;
 2498              		.loc 1 1006 17 is_stmt 0 view .LVU740
 2499 01fe 226B     		ldr	r2, [r4, #48]
1006:Drivers/STM32G4xx_HAL_Driver/Src/stm32g4xx_hal_tim_ex.c ****       htim->hdma[TIM_DMA_ID_CC4]->XferHalfCpltCallback = TIM_DMADelayPulseHalfCplt;
 2500              		.loc 1 1006 52 view .LVU741
 2501 0200 1349     		ldr	r1, .L199
 2502              	.LVL155:
1006:Drivers/STM32G4xx_HAL_Driver/Src/stm32g4xx_hal_tim_ex.c ****       htim->hdma[TIM_DMA_ID_CC4]->XferHalfCpltCallback = TIM_DMADelayPulseHalfCplt;
 2503              		.loc 1 1006 52 view .LVU742
 2504 0202 D162     		str	r1, [r2, #44]
1007:Drivers/STM32G4xx_HAL_Driver/Src/stm32g4xx_hal_tim_ex.c **** 
 2505              		.loc 1 1007 7 is_stmt 1 view .LVU743
1007:Drivers/STM32G4xx_HAL_Driver/Src/stm32g4xx_hal_tim_ex.c **** 
 2506              		.loc 1 1007 17 is_stmt 0 view .LVU744
 2507 0204 226B     		ldr	r2, [r4, #48]
1007:Drivers/STM32G4xx_HAL_Driver/Src/stm32g4xx_hal_tim_ex.c **** 
 2508              		.loc 1 1007 56 view .LVU745
 2509 0206 1349     		ldr	r1, .L199+4
 2510 0208 1163     		str	r1, [r2, #48]
1010:Drivers/STM32G4xx_HAL_Driver/Src/stm32g4xx_hal_tim_ex.c **** 
 2511              		.loc 1 1010 7 is_stmt 1 view .LVU746
1010:Drivers/STM32G4xx_HAL_Driver/Src/stm32g4xx_hal_tim_ex.c **** 
 2512              		.loc 1 1010 17 is_stmt 0 view .LVU747
 2513 020a 226B     		ldr	r2, [r4, #48]
1010:Drivers/STM32G4xx_HAL_Driver/Src/stm32g4xx_hal_tim_ex.c **** 
 2514              		.loc 1 1010 53 view .LVU748
 2515 020c 1249     		ldr	r1, .L199+8
 2516 020e 5163     		str	r1, [r2, #52]
1013:Drivers/STM32G4xx_HAL_Driver/Src/stm32g4xx_hal_tim_ex.c ****                            Length) != HAL_OK)
 2517              		.loc 1 1013 7 is_stmt 1 view .LVU749
1013:Drivers/STM32G4xx_HAL_Driver/Src/stm32g4xx_hal_tim_ex.c ****                            Length) != HAL_OK)
 2518              		.loc 1 1013 88 is_stmt 0 view .LVU750
 2519 0210 2268     		ldr	r2, [r4]
1013:Drivers/STM32G4xx_HAL_Driver/Src/stm32g4xx_hal_tim_ex.c ****                            Length) != HAL_OK)
ARM GAS  /tmp/ccAXGFxz.s 			page 122


 2520              		.loc 1 1013 11 view .LVU751
 2521 0212 4032     		adds	r2, r2, #64
 2522 0214 6146     		mov	r1, ip
 2523 0216 206B     		ldr	r0, [r4, #48]
 2524 0218 FFF7FEFF 		bl	HAL_DMA_Start_IT
 2525              	.LVL156:
1013:Drivers/STM32G4xx_HAL_Driver/Src/stm32g4xx_hal_tim_ex.c ****                            Length) != HAL_OK)
 2526              		.loc 1 1013 10 discriminator 1 view .LVU752
 2527 021c 98B9     		cbnz	r0, .L173
1020:Drivers/STM32G4xx_HAL_Driver/Src/stm32g4xx_hal_tim_ex.c ****       break;
 2528              		.loc 1 1020 7 is_stmt 1 view .LVU753
 2529 021e 2268     		ldr	r2, [r4]
 2530 0220 D368     		ldr	r3, [r2, #12]
 2531 0222 43F48053 		orr	r3, r3, #4096
 2532 0226 D360     		str	r3, [r2, #12]
1021:Drivers/STM32G4xx_HAL_Driver/Src/stm32g4xx_hal_tim_ex.c ****     }
 2533              		.loc 1 1021 7 view .LVU754
1029:Drivers/STM32G4xx_HAL_Driver/Src/stm32g4xx_hal_tim_ex.c ****   {
 2534              		.loc 1 1029 3 view .LVU755
 2535 0228 28E7     		b	.L182
 2536              	.L183:
1040:Drivers/STM32G4xx_HAL_Driver/Src/stm32g4xx_hal_tim_ex.c ****       if (!IS_TIM_SLAVEMODE_TRIGGER_ENABLED(tmpsmcr))
 2537              		.loc 1 1040 7 view .LVU756
1040:Drivers/STM32G4xx_HAL_Driver/Src/stm32g4xx_hal_tim_ex.c ****       if (!IS_TIM_SLAVEMODE_TRIGGER_ENABLED(tmpsmcr))
 2538              		.loc 1 1040 31 is_stmt 0 view .LVU757
 2539 022a 9968     		ldr	r1, [r3, #8]
1040:Drivers/STM32G4xx_HAL_Driver/Src/stm32g4xx_hal_tim_ex.c ****       if (!IS_TIM_SLAVEMODE_TRIGGER_ENABLED(tmpsmcr))
 2540              		.loc 1 1040 15 view .LVU758
 2541 022c 0C4A     		ldr	r2, .L199+16
 2542 022e 0A40     		ands	r2, r2, r1
 2543              	.LVL157:
1041:Drivers/STM32G4xx_HAL_Driver/Src/stm32g4xx_hal_tim_ex.c ****       {
 2544              		.loc 1 1041 7 is_stmt 1 view .LVU759
1041:Drivers/STM32G4xx_HAL_Driver/Src/stm32g4xx_hal_tim_ex.c ****       {
 2545              		.loc 1 1041 10 is_stmt 0 view .LVU760
 2546 0230 062A     		cmp	r2, #6
 2547 0232 06D0     		beq	.L185
1041:Drivers/STM32G4xx_HAL_Driver/Src/stm32g4xx_hal_tim_ex.c ****       {
 2548              		.loc 1 1041 11 discriminator 1 view .LVU761
 2549 0234 B2F5803F 		cmp	r2, #65536
 2550 0238 03D0     		beq	.L185
1043:Drivers/STM32G4xx_HAL_Driver/Src/stm32g4xx_hal_tim_ex.c ****       }
 2551              		.loc 1 1043 9 is_stmt 1 view .LVU762
 2552 023a 1A68     		ldr	r2, [r3]
 2553              	.LVL158:
1043:Drivers/STM32G4xx_HAL_Driver/Src/stm32g4xx_hal_tim_ex.c ****       }
 2554              		.loc 1 1043 9 is_stmt 0 view .LVU763
 2555 023c 42F00102 		orr	r2, r2, #1
 2556 0240 1A60     		str	r2, [r3]
 2557              	.LVL159:
 2558              	.L185:
1053:Drivers/STM32G4xx_HAL_Driver/Src/stm32g4xx_hal_tim_ex.c **** }
 2559              		.loc 1 1053 10 view .LVU764
 2560 0242 0020     		movs	r0, #0
 2561 0244 00E0     		b	.L168
 2562              	.L173:
 926:Drivers/STM32G4xx_HAL_Driver/Src/stm32g4xx_hal_tim_ex.c ****     }
ARM GAS  /tmp/ccAXGFxz.s 			page 123


 2563              		.loc 1 926 14 view .LVU765
 2564 0246 0120     		movs	r0, #1
 2565              	.L168:
 2566              	.LVL160:
1054:Drivers/STM32G4xx_HAL_Driver/Src/stm32g4xx_hal_tim_ex.c **** 
 2567              		.loc 1 1054 1 view .LVU766
 2568 0248 38BD     		pop	{r3, r4, r5, pc}
 2569              	.LVL161:
 2570              	.L187:
 920:Drivers/STM32G4xx_HAL_Driver/Src/stm32g4xx_hal_tim_ex.c ****   }
 2571              		.loc 1 920 12 view .LVU767
 2572 024a 0220     		movs	r0, #2
 2573 024c FCE7     		b	.L168
 2574              	.L200:
 2575 024e 00BF     		.align	2
 2576              	.L199:
 2577 0250 00000000 		.word	TIM_DMADelayPulseNCplt
 2578 0254 00000000 		.word	TIM_DMADelayPulseHalfCplt
 2579 0258 00000000 		.word	TIM_DMAErrorCCxN
 2580 025c 002C0140 		.word	1073818624
 2581 0260 07000100 		.word	65543
 2582              		.cfi_endproc
 2583              	.LFE343:
 2585              		.section	.text.HAL_TIMEx_OCN_Stop_DMA,"ax",%progbits
 2586              		.align	1
 2587              		.global	HAL_TIMEx_OCN_Stop_DMA
 2588              		.syntax unified
 2589              		.thumb
 2590              		.thumb_func
 2592              	HAL_TIMEx_OCN_Stop_DMA:
 2593              	.LVL162:
 2594              	.LFB344:
1069:Drivers/STM32G4xx_HAL_Driver/Src/stm32g4xx_hal_tim_ex.c ****   HAL_StatusTypeDef status = HAL_OK;
 2595              		.loc 1 1069 1 is_stmt 1 view -0
 2596              		.cfi_startproc
 2597              		@ args = 0, pretend = 0, frame = 0
 2598              		@ frame_needed = 0, uses_anonymous_args = 0
1069:Drivers/STM32G4xx_HAL_Driver/Src/stm32g4xx_hal_tim_ex.c ****   HAL_StatusTypeDef status = HAL_OK;
 2599              		.loc 1 1069 1 is_stmt 0 view .LVU769
 2600 0000 38B5     		push	{r3, r4, r5, lr}
 2601              	.LCFI19:
 2602              		.cfi_def_cfa_offset 16
 2603              		.cfi_offset 3, -16
 2604              		.cfi_offset 4, -12
 2605              		.cfi_offset 5, -8
 2606              		.cfi_offset 14, -4
 2607 0002 0546     		mov	r5, r0
 2608 0004 0C46     		mov	r4, r1
1070:Drivers/STM32G4xx_HAL_Driver/Src/stm32g4xx_hal_tim_ex.c **** 
 2609              		.loc 1 1070 3 is_stmt 1 view .LVU770
 2610              	.LVL163:
1073:Drivers/STM32G4xx_HAL_Driver/Src/stm32g4xx_hal_tim_ex.c **** 
 2611              		.loc 1 1073 3 view .LVU771
1075:Drivers/STM32G4xx_HAL_Driver/Src/stm32g4xx_hal_tim_ex.c ****   {
 2612              		.loc 1 1075 3 view .LVU772
 2613 0006 0C29     		cmp	r1, #12
 2614 0008 66D8     		bhi	.L215
ARM GAS  /tmp/ccAXGFxz.s 			page 124


 2615 000a DFE801F0 		tbb	[pc, r1]
 2616              	.L204:
 2617 000e 07       		.byte	(.L207-.L204)/2
 2618 000f 65       		.byte	(.L215-.L204)/2
 2619 0010 65       		.byte	(.L215-.L204)/2
 2620 0011 65       		.byte	(.L215-.L204)/2
 2621 0012 3A       		.byte	(.L206-.L204)/2
 2622 0013 65       		.byte	(.L215-.L204)/2
 2623 0014 65       		.byte	(.L215-.L204)/2
 2624 0015 65       		.byte	(.L215-.L204)/2
 2625 0016 43       		.byte	(.L205-.L204)/2
 2626 0017 65       		.byte	(.L215-.L204)/2
 2627 0018 65       		.byte	(.L215-.L204)/2
 2628 0019 65       		.byte	(.L215-.L204)/2
 2629 001a 4C       		.byte	(.L203-.L204)/2
 2630 001b 00       		.p2align 1
 2631              	.L207:
1080:Drivers/STM32G4xx_HAL_Driver/Src/stm32g4xx_hal_tim_ex.c ****       (void)HAL_DMA_Abort_IT(htim->hdma[TIM_DMA_ID_CC1]);
 2632              		.loc 1 1080 7 view .LVU773
 2633 001c 0268     		ldr	r2, [r0]
 2634 001e D368     		ldr	r3, [r2, #12]
 2635 0020 23F40073 		bic	r3, r3, #512
 2636 0024 D360     		str	r3, [r2, #12]
1081:Drivers/STM32G4xx_HAL_Driver/Src/stm32g4xx_hal_tim_ex.c ****       break;
 2637              		.loc 1 1081 7 view .LVU774
1081:Drivers/STM32G4xx_HAL_Driver/Src/stm32g4xx_hal_tim_ex.c ****       break;
 2638              		.loc 1 1081 13 is_stmt 0 view .LVU775
 2639 0026 406A     		ldr	r0, [r0, #36]
 2640              	.LVL164:
1081:Drivers/STM32G4xx_HAL_Driver/Src/stm32g4xx_hal_tim_ex.c ****       break;
 2641              		.loc 1 1081 13 view .LVU776
 2642 0028 FFF7FEFF 		bl	HAL_DMA_Abort_IT
 2643              	.LVL165:
1082:Drivers/STM32G4xx_HAL_Driver/Src/stm32g4xx_hal_tim_ex.c ****     }
 2644              		.loc 1 1082 7 is_stmt 1 view .LVU777
1114:Drivers/STM32G4xx_HAL_Driver/Src/stm32g4xx_hal_tim_ex.c ****   {
 2645              		.loc 1 1114 3 view .LVU778
 2646              	.L208:
1117:Drivers/STM32G4xx_HAL_Driver/Src/stm32g4xx_hal_tim_ex.c **** 
 2647              		.loc 1 1117 5 view .LVU779
 2648 002c 0022     		movs	r2, #0
 2649 002e 2146     		mov	r1, r4
 2650 0030 2868     		ldr	r0, [r5]
 2651 0032 FFF7FEFF 		bl	TIM_CCxNChannelCmd
 2652              	.LVL166:
1120:Drivers/STM32G4xx_HAL_Driver/Src/stm32g4xx_hal_tim_ex.c **** 
 2653              		.loc 1 1120 5 view .LVU780
1120:Drivers/STM32G4xx_HAL_Driver/Src/stm32g4xx_hal_tim_ex.c **** 
 2654              		.loc 1 1120 5 view .LVU781
 2655 0036 2A68     		ldr	r2, [r5]
 2656 0038 136A     		ldr	r3, [r2, #32]
 2657 003a 03F01133 		and	r3, r3, #286331153
 2658 003e 23F08853 		bic	r3, r3, #285212672
 2659 0042 43B9     		cbnz	r3, .L209
1120:Drivers/STM32G4xx_HAL_Driver/Src/stm32g4xx_hal_tim_ex.c **** 
 2660              		.loc 1 1120 5 discriminator 1 view .LVU782
 2661 0044 116A     		ldr	r1, [r2, #32]
ARM GAS  /tmp/ccAXGFxz.s 			page 125


 2662 0046 44F24443 		movw	r3, #17476
 2663 004a 1942     		tst	r1, r3
 2664 004c 03D1     		bne	.L209
1120:Drivers/STM32G4xx_HAL_Driver/Src/stm32g4xx_hal_tim_ex.c **** 
 2665              		.loc 1 1120 5 discriminator 2 view .LVU783
 2666 004e 536C     		ldr	r3, [r2, #68]
 2667 0050 23F40043 		bic	r3, r3, #32768
 2668 0054 5364     		str	r3, [r2, #68]
 2669              	.L209:
1120:Drivers/STM32G4xx_HAL_Driver/Src/stm32g4xx_hal_tim_ex.c **** 
 2670              		.loc 1 1120 5 discriminator 3 view .LVU784
1123:Drivers/STM32G4xx_HAL_Driver/Src/stm32g4xx_hal_tim_ex.c **** 
 2671              		.loc 1 1123 5 view .LVU785
1123:Drivers/STM32G4xx_HAL_Driver/Src/stm32g4xx_hal_tim_ex.c **** 
 2672              		.loc 1 1123 5 view .LVU786
 2673 0056 2A68     		ldr	r2, [r5]
 2674 0058 136A     		ldr	r3, [r2, #32]
 2675 005a 03F01133 		and	r3, r3, #286331153
 2676 005e 23F08853 		bic	r3, r3, #285212672
 2677 0062 43B9     		cbnz	r3, .L210
1123:Drivers/STM32G4xx_HAL_Driver/Src/stm32g4xx_hal_tim_ex.c **** 
 2678              		.loc 1 1123 5 discriminator 1 view .LVU787
 2679 0064 116A     		ldr	r1, [r2, #32]
 2680 0066 44F24443 		movw	r3, #17476
 2681 006a 1942     		tst	r1, r3
 2682 006c 03D1     		bne	.L210
1123:Drivers/STM32G4xx_HAL_Driver/Src/stm32g4xx_hal_tim_ex.c **** 
 2683              		.loc 1 1123 5 discriminator 2 view .LVU788
 2684 006e 1368     		ldr	r3, [r2]
 2685 0070 23F00103 		bic	r3, r3, #1
 2686 0074 1360     		str	r3, [r2]
 2687              	.L210:
1123:Drivers/STM32G4xx_HAL_Driver/Src/stm32g4xx_hal_tim_ex.c **** 
 2688              		.loc 1 1123 5 discriminator 3 view .LVU789
1126:Drivers/STM32G4xx_HAL_Driver/Src/stm32g4xx_hal_tim_ex.c ****   }
 2689              		.loc 1 1126 5 view .LVU790
 2690 0076 FCB9     		cbnz	r4, .L211
1126:Drivers/STM32G4xx_HAL_Driver/Src/stm32g4xx_hal_tim_ex.c ****   }
 2691              		.loc 1 1126 5 is_stmt 0 discriminator 1 view .LVU791
 2692 0078 0123     		movs	r3, #1
 2693 007a 85F84430 		strb	r3, [r5, #68]
 2694              	.L213:
1075:Drivers/STM32G4xx_HAL_Driver/Src/stm32g4xx_hal_tim_ex.c ****   {
 2695              		.loc 1 1075 3 view .LVU792
 2696 007e 0020     		movs	r0, #0
 2697 0080 2BE0     		b	.L202
 2698              	.LVL167:
 2699              	.L206:
1088:Drivers/STM32G4xx_HAL_Driver/Src/stm32g4xx_hal_tim_ex.c ****       (void)HAL_DMA_Abort_IT(htim->hdma[TIM_DMA_ID_CC2]);
 2700              		.loc 1 1088 7 is_stmt 1 view .LVU793
 2701 0082 0268     		ldr	r2, [r0]
 2702 0084 D368     		ldr	r3, [r2, #12]
 2703 0086 23F48063 		bic	r3, r3, #1024
 2704 008a D360     		str	r3, [r2, #12]
1089:Drivers/STM32G4xx_HAL_Driver/Src/stm32g4xx_hal_tim_ex.c ****       break;
 2705              		.loc 1 1089 7 view .LVU794
1089:Drivers/STM32G4xx_HAL_Driver/Src/stm32g4xx_hal_tim_ex.c ****       break;
ARM GAS  /tmp/ccAXGFxz.s 			page 126


 2706              		.loc 1 1089 13 is_stmt 0 view .LVU795
 2707 008c 806A     		ldr	r0, [r0, #40]
 2708              	.LVL168:
1089:Drivers/STM32G4xx_HAL_Driver/Src/stm32g4xx_hal_tim_ex.c ****       break;
 2709              		.loc 1 1089 13 view .LVU796
 2710 008e FFF7FEFF 		bl	HAL_DMA_Abort_IT
 2711              	.LVL169:
1090:Drivers/STM32G4xx_HAL_Driver/Src/stm32g4xx_hal_tim_ex.c ****     }
 2712              		.loc 1 1090 7 is_stmt 1 view .LVU797
1114:Drivers/STM32G4xx_HAL_Driver/Src/stm32g4xx_hal_tim_ex.c ****   {
 2713              		.loc 1 1114 3 view .LVU798
 2714 0092 CBE7     		b	.L208
 2715              	.LVL170:
 2716              	.L205:
1096:Drivers/STM32G4xx_HAL_Driver/Src/stm32g4xx_hal_tim_ex.c ****       (void)HAL_DMA_Abort_IT(htim->hdma[TIM_DMA_ID_CC3]);
 2717              		.loc 1 1096 7 view .LVU799
 2718 0094 0268     		ldr	r2, [r0]
 2719 0096 D368     		ldr	r3, [r2, #12]
 2720 0098 23F40063 		bic	r3, r3, #2048
 2721 009c D360     		str	r3, [r2, #12]
1097:Drivers/STM32G4xx_HAL_Driver/Src/stm32g4xx_hal_tim_ex.c ****       break;
 2722              		.loc 1 1097 7 view .LVU800
1097:Drivers/STM32G4xx_HAL_Driver/Src/stm32g4xx_hal_tim_ex.c ****       break;
 2723              		.loc 1 1097 13 is_stmt 0 view .LVU801
 2724 009e C06A     		ldr	r0, [r0, #44]
 2725              	.LVL171:
1097:Drivers/STM32G4xx_HAL_Driver/Src/stm32g4xx_hal_tim_ex.c ****       break;
 2726              		.loc 1 1097 13 view .LVU802
 2727 00a0 FFF7FEFF 		bl	HAL_DMA_Abort_IT
 2728              	.LVL172:
1098:Drivers/STM32G4xx_HAL_Driver/Src/stm32g4xx_hal_tim_ex.c ****     }
 2729              		.loc 1 1098 7 is_stmt 1 view .LVU803
1114:Drivers/STM32G4xx_HAL_Driver/Src/stm32g4xx_hal_tim_ex.c ****   {
 2730              		.loc 1 1114 3 view .LVU804
 2731 00a4 C2E7     		b	.L208
 2732              	.LVL173:
 2733              	.L203:
1104:Drivers/STM32G4xx_HAL_Driver/Src/stm32g4xx_hal_tim_ex.c ****       (void)HAL_DMA_Abort_IT(htim->hdma[TIM_DMA_ID_CC4]);
 2734              		.loc 1 1104 7 view .LVU805
 2735 00a6 0268     		ldr	r2, [r0]
 2736 00a8 D368     		ldr	r3, [r2, #12]
 2737 00aa 23F48053 		bic	r3, r3, #4096
 2738 00ae D360     		str	r3, [r2, #12]
1105:Drivers/STM32G4xx_HAL_Driver/Src/stm32g4xx_hal_tim_ex.c ****       break;
 2739              		.loc 1 1105 7 view .LVU806
1105:Drivers/STM32G4xx_HAL_Driver/Src/stm32g4xx_hal_tim_ex.c ****       break;
 2740              		.loc 1 1105 13 is_stmt 0 view .LVU807
 2741 00b0 006B     		ldr	r0, [r0, #48]
 2742              	.LVL174:
1105:Drivers/STM32G4xx_HAL_Driver/Src/stm32g4xx_hal_tim_ex.c ****       break;
 2743              		.loc 1 1105 13 view .LVU808
 2744 00b2 FFF7FEFF 		bl	HAL_DMA_Abort_IT
 2745              	.LVL175:
1106:Drivers/STM32G4xx_HAL_Driver/Src/stm32g4xx_hal_tim_ex.c ****     }
 2746              		.loc 1 1106 7 is_stmt 1 view .LVU809
1114:Drivers/STM32G4xx_HAL_Driver/Src/stm32g4xx_hal_tim_ex.c ****   {
 2747              		.loc 1 1114 3 view .LVU810
ARM GAS  /tmp/ccAXGFxz.s 			page 127


 2748 00b6 B9E7     		b	.L208
 2749              	.L211:
1126:Drivers/STM32G4xx_HAL_Driver/Src/stm32g4xx_hal_tim_ex.c ****   }
 2750              		.loc 1 1126 5 is_stmt 0 discriminator 2 view .LVU811
 2751 00b8 042C     		cmp	r4, #4
 2752 00ba 05D0     		beq	.L217
1126:Drivers/STM32G4xx_HAL_Driver/Src/stm32g4xx_hal_tim_ex.c ****   }
 2753              		.loc 1 1126 5 discriminator 4 view .LVU812
 2754 00bc 082C     		cmp	r4, #8
 2755 00be 07D0     		beq	.L218
1126:Drivers/STM32G4xx_HAL_Driver/Src/stm32g4xx_hal_tim_ex.c ****   }
 2756              		.loc 1 1126 5 discriminator 6 view .LVU813
 2757 00c0 0123     		movs	r3, #1
 2758 00c2 85F84730 		strb	r3, [r5, #71]
 2759 00c6 DAE7     		b	.L213
 2760              	.L217:
1126:Drivers/STM32G4xx_HAL_Driver/Src/stm32g4xx_hal_tim_ex.c ****   }
 2761              		.loc 1 1126 5 discriminator 3 view .LVU814
 2762 00c8 0123     		movs	r3, #1
 2763 00ca 85F84530 		strb	r3, [r5, #69]
 2764 00ce D6E7     		b	.L213
 2765              	.L218:
1126:Drivers/STM32G4xx_HAL_Driver/Src/stm32g4xx_hal_tim_ex.c ****   }
 2766              		.loc 1 1126 5 discriminator 5 view .LVU815
 2767 00d0 0123     		movs	r3, #1
 2768 00d2 85F84630 		strb	r3, [r5, #70]
 2769 00d6 D2E7     		b	.L213
 2770              	.LVL176:
 2771              	.L215:
1075:Drivers/STM32G4xx_HAL_Driver/Src/stm32g4xx_hal_tim_ex.c ****   {
 2772              		.loc 1 1075 3 view .LVU816
 2773 00d8 0120     		movs	r0, #1
 2774              	.LVL177:
 2775              	.L202:
1130:Drivers/STM32G4xx_HAL_Driver/Src/stm32g4xx_hal_tim_ex.c **** }
 2776              		.loc 1 1130 3 is_stmt 1 view .LVU817
1131:Drivers/STM32G4xx_HAL_Driver/Src/stm32g4xx_hal_tim_ex.c **** 
 2777              		.loc 1 1131 1 is_stmt 0 view .LVU818
 2778 00da 38BD     		pop	{r3, r4, r5, pc}
1131:Drivers/STM32G4xx_HAL_Driver/Src/stm32g4xx_hal_tim_ex.c **** 
 2779              		.loc 1 1131 1 view .LVU819
 2780              		.cfi_endproc
 2781              	.LFE344:
 2783              		.section	.text.HAL_TIMEx_PWMN_Start,"ax",%progbits
 2784              		.align	1
 2785              		.global	HAL_TIMEx_PWMN_Start
 2786              		.syntax unified
 2787              		.thumb
 2788              		.thumb_func
 2790              	HAL_TIMEx_PWMN_Start:
 2791              	.LVL178:
 2792              	.LFB345:
1168:Drivers/STM32G4xx_HAL_Driver/Src/stm32g4xx_hal_tim_ex.c ****   uint32_t tmpsmcr;
 2793              		.loc 1 1168 1 is_stmt 1 view -0
 2794              		.cfi_startproc
 2795              		@ args = 0, pretend = 0, frame = 0
 2796              		@ frame_needed = 0, uses_anonymous_args = 0
ARM GAS  /tmp/ccAXGFxz.s 			page 128


1168:Drivers/STM32G4xx_HAL_Driver/Src/stm32g4xx_hal_tim_ex.c ****   uint32_t tmpsmcr;
 2797              		.loc 1 1168 1 is_stmt 0 view .LVU821
 2798 0000 10B5     		push	{r4, lr}
 2799              	.LCFI20:
 2800              		.cfi_def_cfa_offset 8
 2801              		.cfi_offset 4, -8
 2802              		.cfi_offset 14, -4
 2803 0002 0446     		mov	r4, r0
1169:Drivers/STM32G4xx_HAL_Driver/Src/stm32g4xx_hal_tim_ex.c **** 
 2804              		.loc 1 1169 3 is_stmt 1 view .LVU822
1172:Drivers/STM32G4xx_HAL_Driver/Src/stm32g4xx_hal_tim_ex.c **** 
 2805              		.loc 1 1172 3 view .LVU823
1175:Drivers/STM32G4xx_HAL_Driver/Src/stm32g4xx_hal_tim_ex.c ****   {
 2806              		.loc 1 1175 3 view .LVU824
1175:Drivers/STM32G4xx_HAL_Driver/Src/stm32g4xx_hal_tim_ex.c ****   {
 2807              		.loc 1 1175 46 is_stmt 0 view .LVU825
 2808 0004 0846     		mov	r0, r1
 2809              	.LVL179:
1175:Drivers/STM32G4xx_HAL_Driver/Src/stm32g4xx_hal_tim_ex.c ****   {
 2810              		.loc 1 1175 46 view .LVU826
 2811 0006 0029     		cmp	r1, #0
 2812 0008 39D1     		bne	.L220
1175:Drivers/STM32G4xx_HAL_Driver/Src/stm32g4xx_hal_tim_ex.c ****   {
 2813              		.loc 1 1175 7 discriminator 1 view .LVU827
 2814 000a 94F84430 		ldrb	r3, [r4, #68]	@ zero_extendqisi2
1175:Drivers/STM32G4xx_HAL_Driver/Src/stm32g4xx_hal_tim_ex.c ****   {
 2815              		.loc 1 1175 46 discriminator 1 view .LVU828
 2816 000e 013B     		subs	r3, r3, #1
 2817 0010 18BF     		it	ne
 2818 0012 0123     		movne	r3, #1
 2819              	.L221:
1175:Drivers/STM32G4xx_HAL_Driver/Src/stm32g4xx_hal_tim_ex.c ****   {
 2820              		.loc 1 1175 6 discriminator 7 view .LVU829
 2821 0014 002B     		cmp	r3, #0
 2822 0016 66D1     		bne	.L232
1181:Drivers/STM32G4xx_HAL_Driver/Src/stm32g4xx_hal_tim_ex.c **** 
 2823              		.loc 1 1181 3 is_stmt 1 view .LVU830
 2824 0018 0028     		cmp	r0, #0
 2825 001a 46D1     		bne	.L225
1181:Drivers/STM32G4xx_HAL_Driver/Src/stm32g4xx_hal_tim_ex.c **** 
 2826              		.loc 1 1181 3 is_stmt 0 discriminator 1 view .LVU831
 2827 001c 0223     		movs	r3, #2
 2828 001e 84F84430 		strb	r3, [r4, #68]
 2829              	.L226:
1184:Drivers/STM32G4xx_HAL_Driver/Src/stm32g4xx_hal_tim_ex.c **** 
 2830              		.loc 1 1184 3 is_stmt 1 view .LVU832
 2831 0022 0422     		movs	r2, #4
 2832 0024 0146     		mov	r1, r0
 2833              	.LVL180:
1184:Drivers/STM32G4xx_HAL_Driver/Src/stm32g4xx_hal_tim_ex.c **** 
 2834              		.loc 1 1184 3 is_stmt 0 view .LVU833
 2835 0026 2068     		ldr	r0, [r4]
 2836              	.LVL181:
1184:Drivers/STM32G4xx_HAL_Driver/Src/stm32g4xx_hal_tim_ex.c **** 
 2837              		.loc 1 1184 3 view .LVU834
 2838 0028 FFF7FEFF 		bl	TIM_CCxNChannelCmd
 2839              	.LVL182:
ARM GAS  /tmp/ccAXGFxz.s 			page 129


1187:Drivers/STM32G4xx_HAL_Driver/Src/stm32g4xx_hal_tim_ex.c **** 
 2840              		.loc 1 1187 3 is_stmt 1 view .LVU835
 2841 002c 2268     		ldr	r2, [r4]
 2842 002e 536C     		ldr	r3, [r2, #68]
 2843 0030 43F40043 		orr	r3, r3, #32768
 2844 0034 5364     		str	r3, [r2, #68]
1190:Drivers/STM32G4xx_HAL_Driver/Src/stm32g4xx_hal_tim_ex.c ****   {
 2845              		.loc 1 1190 3 view .LVU836
1190:Drivers/STM32G4xx_HAL_Driver/Src/stm32g4xx_hal_tim_ex.c ****   {
 2846              		.loc 1 1190 7 is_stmt 0 view .LVU837
 2847 0036 2368     		ldr	r3, [r4]
1190:Drivers/STM32G4xx_HAL_Driver/Src/stm32g4xx_hal_tim_ex.c ****   {
 2848              		.loc 1 1190 6 view .LVU838
 2849 0038 2C4A     		ldr	r2, .L238
 2850 003a 9342     		cmp	r3, r2
 2851 003c 45D0     		beq	.L229
1190:Drivers/STM32G4xx_HAL_Driver/Src/stm32g4xx_hal_tim_ex.c ****   {
 2852              		.loc 1 1190 7 discriminator 1 view .LVU839
 2853 003e B3F1804F 		cmp	r3, #1073741824
 2854 0042 42D0     		beq	.L229
1190:Drivers/STM32G4xx_HAL_Driver/Src/stm32g4xx_hal_tim_ex.c ****   {
 2855              		.loc 1 1190 7 discriminator 2 view .LVU840
 2856 0044 A2F59432 		sub	r2, r2, #75776
 2857 0048 9342     		cmp	r3, r2
 2858 004a 3ED0     		beq	.L229
1190:Drivers/STM32G4xx_HAL_Driver/Src/stm32g4xx_hal_tim_ex.c ****   {
 2859              		.loc 1 1190 7 discriminator 3 view .LVU841
 2860 004c 02F58062 		add	r2, r2, #1024
 2861 0050 9342     		cmp	r3, r2
 2862 0052 3AD0     		beq	.L229
1190:Drivers/STM32G4xx_HAL_Driver/Src/stm32g4xx_hal_tim_ex.c ****   {
 2863              		.loc 1 1190 7 discriminator 4 view .LVU842
 2864 0054 02F58062 		add	r2, r2, #1024
 2865 0058 9342     		cmp	r3, r2
 2866 005a 36D0     		beq	.L229
1190:Drivers/STM32G4xx_HAL_Driver/Src/stm32g4xx_hal_tim_ex.c ****   {
 2867              		.loc 1 1190 7 discriminator 5 view .LVU843
 2868 005c 02F59432 		add	r2, r2, #75776
 2869 0060 9342     		cmp	r3, r2
 2870 0062 32D0     		beq	.L229
1190:Drivers/STM32G4xx_HAL_Driver/Src/stm32g4xx_hal_tim_ex.c ****   {
 2871              		.loc 1 1190 7 discriminator 6 view .LVU844
 2872 0064 02F54062 		add	r2, r2, #3072
 2873 0068 9342     		cmp	r3, r2
 2874 006a 2ED0     		beq	.L229
1190:Drivers/STM32G4xx_HAL_Driver/Src/stm32g4xx_hal_tim_ex.c ****   {
 2875              		.loc 1 1190 7 discriminator 7 view .LVU845
 2876 006c 02F58052 		add	r2, r2, #4096
 2877 0070 9342     		cmp	r3, r2
 2878 0072 2AD0     		beq	.L229
1200:Drivers/STM32G4xx_HAL_Driver/Src/stm32g4xx_hal_tim_ex.c ****   }
 2879              		.loc 1 1200 5 is_stmt 1 view .LVU846
 2880 0074 1A68     		ldr	r2, [r3]
 2881 0076 42F00102 		orr	r2, r2, #1
 2882 007a 1A60     		str	r2, [r3]
 2883 007c 31E0     		b	.L231
 2884              	.LVL183:
ARM GAS  /tmp/ccAXGFxz.s 			page 130


 2885              	.L220:
1175:Drivers/STM32G4xx_HAL_Driver/Src/stm32g4xx_hal_tim_ex.c ****   {
 2886              		.loc 1 1175 46 is_stmt 0 discriminator 2 view .LVU847
 2887 007e 0429     		cmp	r1, #4
 2888 0080 07D0     		beq	.L234
1175:Drivers/STM32G4xx_HAL_Driver/Src/stm32g4xx_hal_tim_ex.c ****   {
 2889              		.loc 1 1175 46 discriminator 4 view .LVU848
 2890 0082 0829     		cmp	r1, #8
 2891 0084 0BD0     		beq	.L235
1175:Drivers/STM32G4xx_HAL_Driver/Src/stm32g4xx_hal_tim_ex.c ****   {
 2892              		.loc 1 1175 7 discriminator 6 view .LVU849
 2893 0086 94F84730 		ldrb	r3, [r4, #71]	@ zero_extendqisi2
1175:Drivers/STM32G4xx_HAL_Driver/Src/stm32g4xx_hal_tim_ex.c ****   {
 2894              		.loc 1 1175 46 discriminator 6 view .LVU850
 2895 008a 013B     		subs	r3, r3, #1
 2896 008c 18BF     		it	ne
 2897 008e 0123     		movne	r3, #1
 2898 0090 C0E7     		b	.L221
 2899              	.L234:
1175:Drivers/STM32G4xx_HAL_Driver/Src/stm32g4xx_hal_tim_ex.c ****   {
 2900              		.loc 1 1175 7 discriminator 3 view .LVU851
 2901 0092 94F84530 		ldrb	r3, [r4, #69]	@ zero_extendqisi2
1175:Drivers/STM32G4xx_HAL_Driver/Src/stm32g4xx_hal_tim_ex.c ****   {
 2902              		.loc 1 1175 46 discriminator 3 view .LVU852
 2903 0096 013B     		subs	r3, r3, #1
 2904 0098 18BF     		it	ne
 2905 009a 0123     		movne	r3, #1
 2906 009c BAE7     		b	.L221
 2907              	.L235:
1175:Drivers/STM32G4xx_HAL_Driver/Src/stm32g4xx_hal_tim_ex.c ****   {
 2908              		.loc 1 1175 7 discriminator 5 view .LVU853
 2909 009e 94F84630 		ldrb	r3, [r4, #70]	@ zero_extendqisi2
1175:Drivers/STM32G4xx_HAL_Driver/Src/stm32g4xx_hal_tim_ex.c ****   {
 2910              		.loc 1 1175 46 discriminator 5 view .LVU854
 2911 00a2 013B     		subs	r3, r3, #1
 2912 00a4 18BF     		it	ne
 2913 00a6 0123     		movne	r3, #1
 2914 00a8 B4E7     		b	.L221
 2915              	.L225:
1181:Drivers/STM32G4xx_HAL_Driver/Src/stm32g4xx_hal_tim_ex.c **** 
 2916              		.loc 1 1181 3 discriminator 2 view .LVU855
 2917 00aa 0428     		cmp	r0, #4
 2918 00ac 05D0     		beq	.L236
1181:Drivers/STM32G4xx_HAL_Driver/Src/stm32g4xx_hal_tim_ex.c **** 
 2919              		.loc 1 1181 3 discriminator 4 view .LVU856
 2920 00ae 0828     		cmp	r0, #8
 2921 00b0 07D0     		beq	.L237
1181:Drivers/STM32G4xx_HAL_Driver/Src/stm32g4xx_hal_tim_ex.c **** 
 2922              		.loc 1 1181 3 discriminator 6 view .LVU857
 2923 00b2 0223     		movs	r3, #2
 2924 00b4 84F84730 		strb	r3, [r4, #71]
 2925 00b8 B3E7     		b	.L226
 2926              	.L236:
1181:Drivers/STM32G4xx_HAL_Driver/Src/stm32g4xx_hal_tim_ex.c **** 
 2927              		.loc 1 1181 3 discriminator 3 view .LVU858
 2928 00ba 0223     		movs	r3, #2
 2929 00bc 84F84530 		strb	r3, [r4, #69]
ARM GAS  /tmp/ccAXGFxz.s 			page 131


 2930 00c0 AFE7     		b	.L226
 2931              	.L237:
1181:Drivers/STM32G4xx_HAL_Driver/Src/stm32g4xx_hal_tim_ex.c **** 
 2932              		.loc 1 1181 3 discriminator 5 view .LVU859
 2933 00c2 0223     		movs	r3, #2
 2934 00c4 84F84630 		strb	r3, [r4, #70]
 2935 00c8 ABE7     		b	.L226
 2936              	.LVL184:
 2937              	.L229:
1192:Drivers/STM32G4xx_HAL_Driver/Src/stm32g4xx_hal_tim_ex.c ****     if (!IS_TIM_SLAVEMODE_TRIGGER_ENABLED(tmpsmcr))
 2938              		.loc 1 1192 5 is_stmt 1 view .LVU860
1192:Drivers/STM32G4xx_HAL_Driver/Src/stm32g4xx_hal_tim_ex.c ****     if (!IS_TIM_SLAVEMODE_TRIGGER_ENABLED(tmpsmcr))
 2939              		.loc 1 1192 29 is_stmt 0 view .LVU861
 2940 00ca 9968     		ldr	r1, [r3, #8]
1192:Drivers/STM32G4xx_HAL_Driver/Src/stm32g4xx_hal_tim_ex.c ****     if (!IS_TIM_SLAVEMODE_TRIGGER_ENABLED(tmpsmcr))
 2941              		.loc 1 1192 13 view .LVU862
 2942 00cc 084A     		ldr	r2, .L238+4
 2943 00ce 0A40     		ands	r2, r2, r1
 2944              	.LVL185:
1193:Drivers/STM32G4xx_HAL_Driver/Src/stm32g4xx_hal_tim_ex.c ****     {
 2945              		.loc 1 1193 5 is_stmt 1 view .LVU863
1193:Drivers/STM32G4xx_HAL_Driver/Src/stm32g4xx_hal_tim_ex.c ****     {
 2946              		.loc 1 1193 8 is_stmt 0 view .LVU864
 2947 00d0 062A     		cmp	r2, #6
 2948 00d2 06D0     		beq	.L231
1193:Drivers/STM32G4xx_HAL_Driver/Src/stm32g4xx_hal_tim_ex.c ****     {
 2949              		.loc 1 1193 9 discriminator 1 view .LVU865
 2950 00d4 B2F5803F 		cmp	r2, #65536
 2951 00d8 03D0     		beq	.L231
1195:Drivers/STM32G4xx_HAL_Driver/Src/stm32g4xx_hal_tim_ex.c ****     }
 2952              		.loc 1 1195 7 is_stmt 1 view .LVU866
 2953 00da 1A68     		ldr	r2, [r3]
 2954              	.LVL186:
1195:Drivers/STM32G4xx_HAL_Driver/Src/stm32g4xx_hal_tim_ex.c ****     }
 2955              		.loc 1 1195 7 is_stmt 0 view .LVU867
 2956 00dc 42F00102 		orr	r2, r2, #1
 2957 00e0 1A60     		str	r2, [r3]
 2958              	.LVL187:
 2959              	.L231:
1204:Drivers/STM32G4xx_HAL_Driver/Src/stm32g4xx_hal_tim_ex.c **** }
 2960              		.loc 1 1204 10 view .LVU868
 2961 00e2 0020     		movs	r0, #0
 2962              	.L224:
1205:Drivers/STM32G4xx_HAL_Driver/Src/stm32g4xx_hal_tim_ex.c **** 
 2963              		.loc 1 1205 1 view .LVU869
 2964 00e4 10BD     		pop	{r4, pc}
 2965              	.LVL188:
 2966              	.L232:
1177:Drivers/STM32G4xx_HAL_Driver/Src/stm32g4xx_hal_tim_ex.c ****   }
 2967              		.loc 1 1177 12 view .LVU870
 2968 00e6 0120     		movs	r0, #1
 2969              	.LVL189:
1177:Drivers/STM32G4xx_HAL_Driver/Src/stm32g4xx_hal_tim_ex.c ****   }
 2970              		.loc 1 1177 12 view .LVU871
 2971 00e8 FCE7     		b	.L224
 2972              	.L239:
 2973 00ea 00BF     		.align	2
ARM GAS  /tmp/ccAXGFxz.s 			page 132


 2974              	.L238:
 2975 00ec 002C0140 		.word	1073818624
 2976 00f0 07000100 		.word	65543
 2977              		.cfi_endproc
 2978              	.LFE345:
 2980              		.section	.text.HAL_TIMEx_PWMN_Stop,"ax",%progbits
 2981              		.align	1
 2982              		.global	HAL_TIMEx_PWMN_Stop
 2983              		.syntax unified
 2984              		.thumb
 2985              		.thumb_func
 2987              	HAL_TIMEx_PWMN_Stop:
 2988              	.LVL190:
 2989              	.LFB346:
1219:Drivers/STM32G4xx_HAL_Driver/Src/stm32g4xx_hal_tim_ex.c ****   /* Check the parameters */
 2990              		.loc 1 1219 1 is_stmt 1 view -0
 2991              		.cfi_startproc
 2992              		@ args = 0, pretend = 0, frame = 0
 2993              		@ frame_needed = 0, uses_anonymous_args = 0
1219:Drivers/STM32G4xx_HAL_Driver/Src/stm32g4xx_hal_tim_ex.c ****   /* Check the parameters */
 2994              		.loc 1 1219 1 is_stmt 0 view .LVU873
 2995 0000 38B5     		push	{r3, r4, r5, lr}
 2996              	.LCFI21:
 2997              		.cfi_def_cfa_offset 16
 2998              		.cfi_offset 3, -16
 2999              		.cfi_offset 4, -12
 3000              		.cfi_offset 5, -8
 3001              		.cfi_offset 14, -4
 3002 0002 0446     		mov	r4, r0
 3003 0004 0D46     		mov	r5, r1
1221:Drivers/STM32G4xx_HAL_Driver/Src/stm32g4xx_hal_tim_ex.c **** 
 3004              		.loc 1 1221 3 is_stmt 1 view .LVU874
1224:Drivers/STM32G4xx_HAL_Driver/Src/stm32g4xx_hal_tim_ex.c **** 
 3005              		.loc 1 1224 3 view .LVU875
 3006 0006 0022     		movs	r2, #0
 3007 0008 0068     		ldr	r0, [r0]
 3008              	.LVL191:
1224:Drivers/STM32G4xx_HAL_Driver/Src/stm32g4xx_hal_tim_ex.c **** 
 3009              		.loc 1 1224 3 is_stmt 0 view .LVU876
 3010 000a FFF7FEFF 		bl	TIM_CCxNChannelCmd
 3011              	.LVL192:
1227:Drivers/STM32G4xx_HAL_Driver/Src/stm32g4xx_hal_tim_ex.c **** 
 3012              		.loc 1 1227 3 is_stmt 1 view .LVU877
1227:Drivers/STM32G4xx_HAL_Driver/Src/stm32g4xx_hal_tim_ex.c **** 
 3013              		.loc 1 1227 3 view .LVU878
 3014 000e 2268     		ldr	r2, [r4]
 3015 0010 136A     		ldr	r3, [r2, #32]
 3016 0012 03F01133 		and	r3, r3, #286331153
 3017 0016 23F08853 		bic	r3, r3, #285212672
 3018 001a 43B9     		cbnz	r3, .L241
1227:Drivers/STM32G4xx_HAL_Driver/Src/stm32g4xx_hal_tim_ex.c **** 
 3019              		.loc 1 1227 3 discriminator 1 view .LVU879
 3020 001c 116A     		ldr	r1, [r2, #32]
 3021 001e 44F24443 		movw	r3, #17476
 3022 0022 1942     		tst	r1, r3
 3023 0024 03D1     		bne	.L241
1227:Drivers/STM32G4xx_HAL_Driver/Src/stm32g4xx_hal_tim_ex.c **** 
ARM GAS  /tmp/ccAXGFxz.s 			page 133


 3024              		.loc 1 1227 3 discriminator 2 view .LVU880
 3025 0026 536C     		ldr	r3, [r2, #68]
 3026 0028 23F40043 		bic	r3, r3, #32768
 3027 002c 5364     		str	r3, [r2, #68]
 3028              	.L241:
1227:Drivers/STM32G4xx_HAL_Driver/Src/stm32g4xx_hal_tim_ex.c **** 
 3029              		.loc 1 1227 3 discriminator 3 view .LVU881
1230:Drivers/STM32G4xx_HAL_Driver/Src/stm32g4xx_hal_tim_ex.c **** 
 3030              		.loc 1 1230 3 view .LVU882
1230:Drivers/STM32G4xx_HAL_Driver/Src/stm32g4xx_hal_tim_ex.c **** 
 3031              		.loc 1 1230 3 view .LVU883
 3032 002e 2268     		ldr	r2, [r4]
 3033 0030 136A     		ldr	r3, [r2, #32]
 3034 0032 03F01133 		and	r3, r3, #286331153
 3035 0036 23F08853 		bic	r3, r3, #285212672
 3036 003a 43B9     		cbnz	r3, .L242
1230:Drivers/STM32G4xx_HAL_Driver/Src/stm32g4xx_hal_tim_ex.c **** 
 3037              		.loc 1 1230 3 discriminator 1 view .LVU884
 3038 003c 116A     		ldr	r1, [r2, #32]
 3039 003e 44F24443 		movw	r3, #17476
 3040 0042 1942     		tst	r1, r3
 3041 0044 03D1     		bne	.L242
1230:Drivers/STM32G4xx_HAL_Driver/Src/stm32g4xx_hal_tim_ex.c **** 
 3042              		.loc 1 1230 3 discriminator 2 view .LVU885
 3043 0046 1368     		ldr	r3, [r2]
 3044 0048 23F00103 		bic	r3, r3, #1
 3045 004c 1360     		str	r3, [r2]
 3046              	.L242:
1230:Drivers/STM32G4xx_HAL_Driver/Src/stm32g4xx_hal_tim_ex.c **** 
 3047              		.loc 1 1230 3 discriminator 3 view .LVU886
1233:Drivers/STM32G4xx_HAL_Driver/Src/stm32g4xx_hal_tim_ex.c **** 
 3048              		.loc 1 1233 3 view .LVU887
 3049 004e 25B9     		cbnz	r5, .L243
1233:Drivers/STM32G4xx_HAL_Driver/Src/stm32g4xx_hal_tim_ex.c **** 
 3050              		.loc 1 1233 3 is_stmt 0 discriminator 1 view .LVU888
 3051 0050 0123     		movs	r3, #1
 3052 0052 84F84430 		strb	r3, [r4, #68]
 3053              	.L244:
1236:Drivers/STM32G4xx_HAL_Driver/Src/stm32g4xx_hal_tim_ex.c **** }
 3054              		.loc 1 1236 3 is_stmt 1 view .LVU889
1237:Drivers/STM32G4xx_HAL_Driver/Src/stm32g4xx_hal_tim_ex.c **** 
 3055              		.loc 1 1237 1 is_stmt 0 view .LVU890
 3056 0056 0020     		movs	r0, #0
 3057 0058 38BD     		pop	{r3, r4, r5, pc}
 3058              	.LVL193:
 3059              	.L243:
1233:Drivers/STM32G4xx_HAL_Driver/Src/stm32g4xx_hal_tim_ex.c **** 
 3060              		.loc 1 1233 3 discriminator 2 view .LVU891
 3061 005a 042D     		cmp	r5, #4
 3062 005c 05D0     		beq	.L248
1233:Drivers/STM32G4xx_HAL_Driver/Src/stm32g4xx_hal_tim_ex.c **** 
 3063              		.loc 1 1233 3 discriminator 4 view .LVU892
 3064 005e 082D     		cmp	r5, #8
 3065 0060 07D0     		beq	.L249
1233:Drivers/STM32G4xx_HAL_Driver/Src/stm32g4xx_hal_tim_ex.c **** 
 3066              		.loc 1 1233 3 discriminator 6 view .LVU893
 3067 0062 0123     		movs	r3, #1
ARM GAS  /tmp/ccAXGFxz.s 			page 134


 3068 0064 84F84730 		strb	r3, [r4, #71]
 3069 0068 F5E7     		b	.L244
 3070              	.L248:
1233:Drivers/STM32G4xx_HAL_Driver/Src/stm32g4xx_hal_tim_ex.c **** 
 3071              		.loc 1 1233 3 discriminator 3 view .LVU894
 3072 006a 0123     		movs	r3, #1
 3073 006c 84F84530 		strb	r3, [r4, #69]
 3074 0070 F1E7     		b	.L244
 3075              	.L249:
1233:Drivers/STM32G4xx_HAL_Driver/Src/stm32g4xx_hal_tim_ex.c **** 
 3076              		.loc 1 1233 3 discriminator 5 view .LVU895
 3077 0072 0123     		movs	r3, #1
 3078 0074 84F84630 		strb	r3, [r4, #70]
 3079 0078 EDE7     		b	.L244
 3080              		.cfi_endproc
 3081              	.LFE346:
 3083              		.section	.text.HAL_TIMEx_PWMN_Start_IT,"ax",%progbits
 3084              		.align	1
 3085              		.global	HAL_TIMEx_PWMN_Start_IT
 3086              		.syntax unified
 3087              		.thumb
 3088              		.thumb_func
 3090              	HAL_TIMEx_PWMN_Start_IT:
 3091              	.LVL194:
 3092              	.LFB347:
1252:Drivers/STM32G4xx_HAL_Driver/Src/stm32g4xx_hal_tim_ex.c ****   HAL_StatusTypeDef status = HAL_OK;
 3093              		.loc 1 1252 1 is_stmt 1 view -0
 3094              		.cfi_startproc
 3095              		@ args = 0, pretend = 0, frame = 0
 3096              		@ frame_needed = 0, uses_anonymous_args = 0
1252:Drivers/STM32G4xx_HAL_Driver/Src/stm32g4xx_hal_tim_ex.c ****   HAL_StatusTypeDef status = HAL_OK;
 3097              		.loc 1 1252 1 is_stmt 0 view .LVU897
 3098 0000 10B5     		push	{r4, lr}
 3099              	.LCFI22:
 3100              		.cfi_def_cfa_offset 8
 3101              		.cfi_offset 4, -8
 3102              		.cfi_offset 14, -4
 3103 0002 0446     		mov	r4, r0
1253:Drivers/STM32G4xx_HAL_Driver/Src/stm32g4xx_hal_tim_ex.c ****   uint32_t tmpsmcr;
 3104              		.loc 1 1253 3 is_stmt 1 view .LVU898
 3105              	.LVL195:
1254:Drivers/STM32G4xx_HAL_Driver/Src/stm32g4xx_hal_tim_ex.c **** 
 3106              		.loc 1 1254 3 view .LVU899
1257:Drivers/STM32G4xx_HAL_Driver/Src/stm32g4xx_hal_tim_ex.c **** 
 3107              		.loc 1 1257 3 view .LVU900
1260:Drivers/STM32G4xx_HAL_Driver/Src/stm32g4xx_hal_tim_ex.c ****   {
 3108              		.loc 1 1260 3 view .LVU901
1260:Drivers/STM32G4xx_HAL_Driver/Src/stm32g4xx_hal_tim_ex.c ****   {
 3109              		.loc 1 1260 46 is_stmt 0 view .LVU902
 3110 0004 0846     		mov	r0, r1
 3111              	.LVL196:
1260:Drivers/STM32G4xx_HAL_Driver/Src/stm32g4xx_hal_tim_ex.c ****   {
 3112              		.loc 1 1260 46 view .LVU903
 3113 0006 0029     		cmp	r1, #0
 3114 0008 44D1     		bne	.L251
1260:Drivers/STM32G4xx_HAL_Driver/Src/stm32g4xx_hal_tim_ex.c ****   {
 3115              		.loc 1 1260 7 discriminator 1 view .LVU904
ARM GAS  /tmp/ccAXGFxz.s 			page 135


 3116 000a 94F84430 		ldrb	r3, [r4, #68]	@ zero_extendqisi2
1260:Drivers/STM32G4xx_HAL_Driver/Src/stm32g4xx_hal_tim_ex.c ****   {
 3117              		.loc 1 1260 46 discriminator 1 view .LVU905
 3118 000e 013B     		subs	r3, r3, #1
 3119 0010 18BF     		it	ne
 3120 0012 0123     		movne	r3, #1
 3121              	.L252:
1260:Drivers/STM32G4xx_HAL_Driver/Src/stm32g4xx_hal_tim_ex.c ****   {
 3122              		.loc 1 1260 6 discriminator 7 view .LVU906
 3123 0014 002B     		cmp	r3, #0
 3124 0016 40F09F80 		bne	.L255
1266:Drivers/STM32G4xx_HAL_Driver/Src/stm32g4xx_hal_tim_ex.c **** 
 3125              		.loc 1 1266 3 is_stmt 1 view .LVU907
 3126 001a 0028     		cmp	r0, #0
 3127 001c 50D1     		bne	.L256
1266:Drivers/STM32G4xx_HAL_Driver/Src/stm32g4xx_hal_tim_ex.c **** 
 3128              		.loc 1 1266 3 is_stmt 0 discriminator 1 view .LVU908
 3129 001e 0223     		movs	r3, #2
 3130 0020 84F84430 		strb	r3, [r4, #68]
1268:Drivers/STM32G4xx_HAL_Driver/Src/stm32g4xx_hal_tim_ex.c ****   {
 3131              		.loc 1 1268 3 is_stmt 1 view .LVU909
 3132              	.L257:
1273:Drivers/STM32G4xx_HAL_Driver/Src/stm32g4xx_hal_tim_ex.c ****       break;
 3133              		.loc 1 1273 7 view .LVU910
 3134 0024 2268     		ldr	r2, [r4]
 3135 0026 D368     		ldr	r3, [r2, #12]
 3136 0028 43F00203 		orr	r3, r3, #2
 3137 002c D360     		str	r3, [r2, #12]
1274:Drivers/STM32G4xx_HAL_Driver/Src/stm32g4xx_hal_tim_ex.c ****     }
 3138              		.loc 1 1274 7 view .LVU911
1303:Drivers/STM32G4xx_HAL_Driver/Src/stm32g4xx_hal_tim_ex.c ****   {
 3139              		.loc 1 1303 3 view .LVU912
 3140              	.L264:
1306:Drivers/STM32G4xx_HAL_Driver/Src/stm32g4xx_hal_tim_ex.c **** 
 3141              		.loc 1 1306 5 view .LVU913
 3142 002e 2268     		ldr	r2, [r4]
 3143 0030 D368     		ldr	r3, [r2, #12]
 3144 0032 43F08003 		orr	r3, r3, #128
 3145 0036 D360     		str	r3, [r2, #12]
1309:Drivers/STM32G4xx_HAL_Driver/Src/stm32g4xx_hal_tim_ex.c **** 
 3146              		.loc 1 1309 5 view .LVU914
 3147 0038 0422     		movs	r2, #4
 3148 003a 0146     		mov	r1, r0
 3149              	.LVL197:
1309:Drivers/STM32G4xx_HAL_Driver/Src/stm32g4xx_hal_tim_ex.c **** 
 3150              		.loc 1 1309 5 is_stmt 0 view .LVU915
 3151 003c 2068     		ldr	r0, [r4]
 3152              	.LVL198:
1309:Drivers/STM32G4xx_HAL_Driver/Src/stm32g4xx_hal_tim_ex.c **** 
 3153              		.loc 1 1309 5 view .LVU916
 3154 003e FFF7FEFF 		bl	TIM_CCxNChannelCmd
 3155              	.LVL199:
1312:Drivers/STM32G4xx_HAL_Driver/Src/stm32g4xx_hal_tim_ex.c **** 
 3156              		.loc 1 1312 5 is_stmt 1 view .LVU917
 3157 0042 2268     		ldr	r2, [r4]
 3158 0044 536C     		ldr	r3, [r2, #68]
 3159 0046 43F40043 		orr	r3, r3, #32768
ARM GAS  /tmp/ccAXGFxz.s 			page 136


 3160 004a 5364     		str	r3, [r2, #68]
1315:Drivers/STM32G4xx_HAL_Driver/Src/stm32g4xx_hal_tim_ex.c ****     {
 3161              		.loc 1 1315 5 view .LVU918
1315:Drivers/STM32G4xx_HAL_Driver/Src/stm32g4xx_hal_tim_ex.c ****     {
 3162              		.loc 1 1315 9 is_stmt 0 view .LVU919
 3163 004c 2368     		ldr	r3, [r4]
1315:Drivers/STM32G4xx_HAL_Driver/Src/stm32g4xx_hal_tim_ex.c ****     {
 3164              		.loc 1 1315 8 view .LVU920
 3165 004e 434A     		ldr	r2, .L279
 3166 0050 9342     		cmp	r3, r2
 3167 0052 73D0     		beq	.L265
1315:Drivers/STM32G4xx_HAL_Driver/Src/stm32g4xx_hal_tim_ex.c ****     {
 3168              		.loc 1 1315 9 discriminator 1 view .LVU921
 3169 0054 B3F1804F 		cmp	r3, #1073741824
 3170 0058 70D0     		beq	.L265
1315:Drivers/STM32G4xx_HAL_Driver/Src/stm32g4xx_hal_tim_ex.c ****     {
 3171              		.loc 1 1315 9 discriminator 2 view .LVU922
 3172 005a A2F59432 		sub	r2, r2, #75776
 3173 005e 9342     		cmp	r3, r2
 3174 0060 6CD0     		beq	.L265
1315:Drivers/STM32G4xx_HAL_Driver/Src/stm32g4xx_hal_tim_ex.c ****     {
 3175              		.loc 1 1315 9 discriminator 3 view .LVU923
 3176 0062 02F58062 		add	r2, r2, #1024
 3177 0066 9342     		cmp	r3, r2
 3178 0068 68D0     		beq	.L265
1315:Drivers/STM32G4xx_HAL_Driver/Src/stm32g4xx_hal_tim_ex.c ****     {
 3179              		.loc 1 1315 9 discriminator 4 view .LVU924
 3180 006a 02F58062 		add	r2, r2, #1024
 3181 006e 9342     		cmp	r3, r2
 3182 0070 64D0     		beq	.L265
1315:Drivers/STM32G4xx_HAL_Driver/Src/stm32g4xx_hal_tim_ex.c ****     {
 3183              		.loc 1 1315 9 discriminator 5 view .LVU925
 3184 0072 02F59432 		add	r2, r2, #75776
 3185 0076 9342     		cmp	r3, r2
 3186 0078 60D0     		beq	.L265
1315:Drivers/STM32G4xx_HAL_Driver/Src/stm32g4xx_hal_tim_ex.c ****     {
 3187              		.loc 1 1315 9 discriminator 6 view .LVU926
 3188 007a 02F54062 		add	r2, r2, #3072
 3189 007e 9342     		cmp	r3, r2
 3190 0080 5CD0     		beq	.L265
1315:Drivers/STM32G4xx_HAL_Driver/Src/stm32g4xx_hal_tim_ex.c ****     {
 3191              		.loc 1 1315 9 discriminator 7 view .LVU927
 3192 0082 02F58052 		add	r2, r2, #4096
 3193 0086 9342     		cmp	r3, r2
 3194 0088 58D0     		beq	.L265
1325:Drivers/STM32G4xx_HAL_Driver/Src/stm32g4xx_hal_tim_ex.c ****     }
 3195              		.loc 1 1325 7 is_stmt 1 view .LVU928
 3196 008a 1A68     		ldr	r2, [r3]
 3197 008c 42F00102 		orr	r2, r2, #1
 3198 0090 1A60     		str	r2, [r3]
 3199 0092 5FE0     		b	.L267
 3200              	.LVL200:
 3201              	.L251:
1260:Drivers/STM32G4xx_HAL_Driver/Src/stm32g4xx_hal_tim_ex.c ****   {
 3202              		.loc 1 1260 46 is_stmt 0 discriminator 2 view .LVU929
 3203 0094 0429     		cmp	r1, #4
 3204 0096 07D0     		beq	.L275
ARM GAS  /tmp/ccAXGFxz.s 			page 137


1260:Drivers/STM32G4xx_HAL_Driver/Src/stm32g4xx_hal_tim_ex.c ****   {
 3205              		.loc 1 1260 46 discriminator 4 view .LVU930
 3206 0098 0829     		cmp	r1, #8
 3207 009a 0BD0     		beq	.L276
1260:Drivers/STM32G4xx_HAL_Driver/Src/stm32g4xx_hal_tim_ex.c ****   {
 3208              		.loc 1 1260 7 discriminator 6 view .LVU931
 3209 009c 94F84730 		ldrb	r3, [r4, #71]	@ zero_extendqisi2
1260:Drivers/STM32G4xx_HAL_Driver/Src/stm32g4xx_hal_tim_ex.c ****   {
 3210              		.loc 1 1260 46 discriminator 6 view .LVU932
 3211 00a0 013B     		subs	r3, r3, #1
 3212 00a2 18BF     		it	ne
 3213 00a4 0123     		movne	r3, #1
 3214 00a6 B5E7     		b	.L252
 3215              	.L275:
1260:Drivers/STM32G4xx_HAL_Driver/Src/stm32g4xx_hal_tim_ex.c ****   {
 3216              		.loc 1 1260 7 discriminator 3 view .LVU933
 3217 00a8 94F84530 		ldrb	r3, [r4, #69]	@ zero_extendqisi2
1260:Drivers/STM32G4xx_HAL_Driver/Src/stm32g4xx_hal_tim_ex.c ****   {
 3218              		.loc 1 1260 46 discriminator 3 view .LVU934
 3219 00ac 013B     		subs	r3, r3, #1
 3220 00ae 18BF     		it	ne
 3221 00b0 0123     		movne	r3, #1
 3222 00b2 AFE7     		b	.L252
 3223              	.L276:
1260:Drivers/STM32G4xx_HAL_Driver/Src/stm32g4xx_hal_tim_ex.c ****   {
 3224              		.loc 1 1260 7 discriminator 5 view .LVU935
 3225 00b4 94F84630 		ldrb	r3, [r4, #70]	@ zero_extendqisi2
1260:Drivers/STM32G4xx_HAL_Driver/Src/stm32g4xx_hal_tim_ex.c ****   {
 3226              		.loc 1 1260 46 discriminator 5 view .LVU936
 3227 00b8 013B     		subs	r3, r3, #1
 3228 00ba 18BF     		it	ne
 3229 00bc 0123     		movne	r3, #1
 3230 00be A9E7     		b	.L252
 3231              	.L256:
1266:Drivers/STM32G4xx_HAL_Driver/Src/stm32g4xx_hal_tim_ex.c **** 
 3232              		.loc 1 1266 3 discriminator 2 view .LVU937
 3233 00c0 0428     		cmp	r0, #4
 3234 00c2 23D0     		beq	.L277
1266:Drivers/STM32G4xx_HAL_Driver/Src/stm32g4xx_hal_tim_ex.c **** 
 3235              		.loc 1 1266 3 discriminator 4 view .LVU938
 3236 00c4 0828     		cmp	r0, #8
 3237 00c6 2AD0     		beq	.L278
1266:Drivers/STM32G4xx_HAL_Driver/Src/stm32g4xx_hal_tim_ex.c **** 
 3238              		.loc 1 1266 3 discriminator 6 view .LVU939
 3239 00c8 0223     		movs	r3, #2
 3240 00ca 84F84730 		strb	r3, [r4, #71]
1268:Drivers/STM32G4xx_HAL_Driver/Src/stm32g4xx_hal_tim_ex.c ****   {
 3241              		.loc 1 1268 3 is_stmt 1 view .LVU940
 3242 00ce 0C28     		cmp	r0, #12
 3243 00d0 42D8     		bhi	.L255
 3244 00d2 01A3     		adr	r3, .L263
 3245 00d4 53F820F0 		ldr	pc, [r3, r0, lsl #2]
 3246              		.p2align 2
 3247              	.L263:
 3248 00d8 25000000 		.word	.L257+1
 3249 00dc 59010000 		.word	.L255+1
 3250 00e0 59010000 		.word	.L255+1
ARM GAS  /tmp/ccAXGFxz.s 			page 138


 3251 00e4 59010000 		.word	.L255+1
 3252 00e8 13010000 		.word	.L259+1
 3253 00ec 59010000 		.word	.L255+1
 3254 00f0 59010000 		.word	.L255+1
 3255 00f4 59010000 		.word	.L255+1
 3256 00f8 25010000 		.word	.L261+1
 3257 00fc 59010000 		.word	.L255+1
 3258 0100 59010000 		.word	.L255+1
 3259 0104 59010000 		.word	.L255+1
 3260 0108 31010000 		.word	.L262+1
 3261              		.p2align 1
 3262              	.L277:
1266:Drivers/STM32G4xx_HAL_Driver/Src/stm32g4xx_hal_tim_ex.c **** 
 3263              		.loc 1 1266 3 is_stmt 0 discriminator 3 view .LVU941
 3264 010c 0223     		movs	r3, #2
 3265 010e 84F84530 		strb	r3, [r4, #69]
1268:Drivers/STM32G4xx_HAL_Driver/Src/stm32g4xx_hal_tim_ex.c ****   {
 3266              		.loc 1 1268 3 is_stmt 1 view .LVU942
 3267              	.L259:
1280:Drivers/STM32G4xx_HAL_Driver/Src/stm32g4xx_hal_tim_ex.c ****       break;
 3268              		.loc 1 1280 7 view .LVU943
 3269 0112 2268     		ldr	r2, [r4]
 3270 0114 D368     		ldr	r3, [r2, #12]
 3271 0116 43F00403 		orr	r3, r3, #4
 3272 011a D360     		str	r3, [r2, #12]
1281:Drivers/STM32G4xx_HAL_Driver/Src/stm32g4xx_hal_tim_ex.c ****     }
 3273              		.loc 1 1281 7 view .LVU944
1303:Drivers/STM32G4xx_HAL_Driver/Src/stm32g4xx_hal_tim_ex.c ****   {
 3274              		.loc 1 1303 3 view .LVU945
 3275 011c 87E7     		b	.L264
 3276              	.L278:
1266:Drivers/STM32G4xx_HAL_Driver/Src/stm32g4xx_hal_tim_ex.c **** 
 3277              		.loc 1 1266 3 is_stmt 0 discriminator 5 view .LVU946
 3278 011e 0223     		movs	r3, #2
 3279 0120 84F84630 		strb	r3, [r4, #70]
1268:Drivers/STM32G4xx_HAL_Driver/Src/stm32g4xx_hal_tim_ex.c ****   {
 3280              		.loc 1 1268 3 is_stmt 1 view .LVU947
 3281              	.L261:
1287:Drivers/STM32G4xx_HAL_Driver/Src/stm32g4xx_hal_tim_ex.c ****       break;
 3282              		.loc 1 1287 7 view .LVU948
 3283 0124 2268     		ldr	r2, [r4]
 3284 0126 D368     		ldr	r3, [r2, #12]
 3285 0128 43F00803 		orr	r3, r3, #8
 3286 012c D360     		str	r3, [r2, #12]
1288:Drivers/STM32G4xx_HAL_Driver/Src/stm32g4xx_hal_tim_ex.c ****     }
 3287              		.loc 1 1288 7 view .LVU949
1303:Drivers/STM32G4xx_HAL_Driver/Src/stm32g4xx_hal_tim_ex.c ****   {
 3288              		.loc 1 1303 3 view .LVU950
 3289 012e 7EE7     		b	.L264
 3290              	.L262:
1294:Drivers/STM32G4xx_HAL_Driver/Src/stm32g4xx_hal_tim_ex.c ****       break;
 3291              		.loc 1 1294 7 view .LVU951
 3292 0130 2268     		ldr	r2, [r4]
 3293 0132 D368     		ldr	r3, [r2, #12]
 3294 0134 43F01003 		orr	r3, r3, #16
 3295 0138 D360     		str	r3, [r2, #12]
1295:Drivers/STM32G4xx_HAL_Driver/Src/stm32g4xx_hal_tim_ex.c ****     }
ARM GAS  /tmp/ccAXGFxz.s 			page 139


 3296              		.loc 1 1295 7 view .LVU952
1303:Drivers/STM32G4xx_HAL_Driver/Src/stm32g4xx_hal_tim_ex.c ****   {
 3297              		.loc 1 1303 3 view .LVU953
 3298 013a 78E7     		b	.L264
 3299              	.LVL201:
 3300              	.L265:
1317:Drivers/STM32G4xx_HAL_Driver/Src/stm32g4xx_hal_tim_ex.c ****       if (!IS_TIM_SLAVEMODE_TRIGGER_ENABLED(tmpsmcr))
 3301              		.loc 1 1317 7 view .LVU954
1317:Drivers/STM32G4xx_HAL_Driver/Src/stm32g4xx_hal_tim_ex.c ****       if (!IS_TIM_SLAVEMODE_TRIGGER_ENABLED(tmpsmcr))
 3302              		.loc 1 1317 31 is_stmt 0 view .LVU955
 3303 013c 9968     		ldr	r1, [r3, #8]
1317:Drivers/STM32G4xx_HAL_Driver/Src/stm32g4xx_hal_tim_ex.c ****       if (!IS_TIM_SLAVEMODE_TRIGGER_ENABLED(tmpsmcr))
 3304              		.loc 1 1317 15 view .LVU956
 3305 013e 084A     		ldr	r2, .L279+4
 3306 0140 0A40     		ands	r2, r2, r1
 3307              	.LVL202:
1318:Drivers/STM32G4xx_HAL_Driver/Src/stm32g4xx_hal_tim_ex.c ****       {
 3308              		.loc 1 1318 7 is_stmt 1 view .LVU957
1318:Drivers/STM32G4xx_HAL_Driver/Src/stm32g4xx_hal_tim_ex.c ****       {
 3309              		.loc 1 1318 10 is_stmt 0 view .LVU958
 3310 0142 062A     		cmp	r2, #6
 3311 0144 06D0     		beq	.L267
1318:Drivers/STM32G4xx_HAL_Driver/Src/stm32g4xx_hal_tim_ex.c ****       {
 3312              		.loc 1 1318 11 discriminator 1 view .LVU959
 3313 0146 B2F5803F 		cmp	r2, #65536
 3314 014a 03D0     		beq	.L267
1320:Drivers/STM32G4xx_HAL_Driver/Src/stm32g4xx_hal_tim_ex.c ****       }
 3315              		.loc 1 1320 9 is_stmt 1 view .LVU960
 3316 014c 1A68     		ldr	r2, [r3]
 3317              	.LVL203:
1320:Drivers/STM32G4xx_HAL_Driver/Src/stm32g4xx_hal_tim_ex.c ****       }
 3318              		.loc 1 1320 9 is_stmt 0 view .LVU961
 3319 014e 42F00102 		orr	r2, r2, #1
 3320 0152 1A60     		str	r2, [r3]
 3321              	.LVL204:
 3322              	.L267:
1330:Drivers/STM32G4xx_HAL_Driver/Src/stm32g4xx_hal_tim_ex.c **** }
 3323              		.loc 1 1330 10 view .LVU962
 3324 0154 0020     		movs	r0, #0
 3325              	.L269:
 3326              	.LVL205:
1331:Drivers/STM32G4xx_HAL_Driver/Src/stm32g4xx_hal_tim_ex.c **** 
 3327              		.loc 1 1331 1 view .LVU963
 3328 0156 10BD     		pop	{r4, pc}
 3329              	.LVL206:
 3330              	.L255:
1262:Drivers/STM32G4xx_HAL_Driver/Src/stm32g4xx_hal_tim_ex.c ****   }
 3331              		.loc 1 1262 12 view .LVU964
 3332 0158 0120     		movs	r0, #1
 3333              	.LVL207:
1262:Drivers/STM32G4xx_HAL_Driver/Src/stm32g4xx_hal_tim_ex.c ****   }
 3334              		.loc 1 1262 12 view .LVU965
 3335 015a FCE7     		b	.L269
 3336              	.L280:
 3337              		.align	2
 3338              	.L279:
 3339 015c 002C0140 		.word	1073818624
ARM GAS  /tmp/ccAXGFxz.s 			page 140


 3340 0160 07000100 		.word	65543
 3341              		.cfi_endproc
 3342              	.LFE347:
 3344              		.section	.text.HAL_TIMEx_PWMN_Stop_IT,"ax",%progbits
 3345              		.align	1
 3346              		.global	HAL_TIMEx_PWMN_Stop_IT
 3347              		.syntax unified
 3348              		.thumb
 3349              		.thumb_func
 3351              	HAL_TIMEx_PWMN_Stop_IT:
 3352              	.LVL208:
 3353              	.LFB348:
1346:Drivers/STM32G4xx_HAL_Driver/Src/stm32g4xx_hal_tim_ex.c ****   HAL_StatusTypeDef status = HAL_OK;
 3354              		.loc 1 1346 1 is_stmt 1 view -0
 3355              		.cfi_startproc
 3356              		@ args = 0, pretend = 0, frame = 0
 3357              		@ frame_needed = 0, uses_anonymous_args = 0
1346:Drivers/STM32G4xx_HAL_Driver/Src/stm32g4xx_hal_tim_ex.c ****   HAL_StatusTypeDef status = HAL_OK;
 3358              		.loc 1 1346 1 is_stmt 0 view .LVU967
 3359 0000 38B5     		push	{r3, r4, r5, lr}
 3360              	.LCFI23:
 3361              		.cfi_def_cfa_offset 16
 3362              		.cfi_offset 3, -16
 3363              		.cfi_offset 4, -12
 3364              		.cfi_offset 5, -8
 3365              		.cfi_offset 14, -4
 3366 0002 0546     		mov	r5, r0
 3367 0004 0C46     		mov	r4, r1
1347:Drivers/STM32G4xx_HAL_Driver/Src/stm32g4xx_hal_tim_ex.c ****   uint32_t tmpccer;
 3368              		.loc 1 1347 3 is_stmt 1 view .LVU968
 3369              	.LVL209:
1348:Drivers/STM32G4xx_HAL_Driver/Src/stm32g4xx_hal_tim_ex.c **** 
 3370              		.loc 1 1348 3 view .LVU969
1351:Drivers/STM32G4xx_HAL_Driver/Src/stm32g4xx_hal_tim_ex.c **** 
 3371              		.loc 1 1351 3 view .LVU970
1353:Drivers/STM32G4xx_HAL_Driver/Src/stm32g4xx_hal_tim_ex.c ****   {
 3372              		.loc 1 1353 3 view .LVU971
 3373 0006 0C29     		cmp	r1, #12
 3374 0008 64D8     		bhi	.L296
 3375 000a DFE801F0 		tbb	[pc, r1]
 3376              	.L284:
 3377 000e 07       		.byte	(.L287-.L284)/2
 3378 000f 63       		.byte	(.L296-.L284)/2
 3379 0010 63       		.byte	(.L296-.L284)/2
 3380 0011 63       		.byte	(.L296-.L284)/2
 3381 0012 41       		.byte	(.L286-.L284)/2
 3382 0013 63       		.byte	(.L296-.L284)/2
 3383 0014 63       		.byte	(.L296-.L284)/2
 3384 0015 63       		.byte	(.L296-.L284)/2
 3385 0016 47       		.byte	(.L285-.L284)/2
 3386 0017 63       		.byte	(.L296-.L284)/2
 3387 0018 63       		.byte	(.L296-.L284)/2
 3388 0019 63       		.byte	(.L296-.L284)/2
 3389 001a 4D       		.byte	(.L283-.L284)/2
 3390 001b 00       		.p2align 1
 3391              	.L287:
1358:Drivers/STM32G4xx_HAL_Driver/Src/stm32g4xx_hal_tim_ex.c ****       break;
ARM GAS  /tmp/ccAXGFxz.s 			page 141


 3392              		.loc 1 1358 7 view .LVU972
 3393 001c 0268     		ldr	r2, [r0]
 3394 001e D368     		ldr	r3, [r2, #12]
 3395 0020 23F00203 		bic	r3, r3, #2
 3396 0024 D360     		str	r3, [r2, #12]
1359:Drivers/STM32G4xx_HAL_Driver/Src/stm32g4xx_hal_tim_ex.c ****     }
 3397              		.loc 1 1359 7 view .LVU973
1388:Drivers/STM32G4xx_HAL_Driver/Src/stm32g4xx_hal_tim_ex.c ****   {
 3398              		.loc 1 1388 3 view .LVU974
 3399              	.L288:
1391:Drivers/STM32G4xx_HAL_Driver/Src/stm32g4xx_hal_tim_ex.c **** 
 3400              		.loc 1 1391 5 view .LVU975
 3401 0026 0022     		movs	r2, #0
 3402 0028 2146     		mov	r1, r4
 3403              	.LVL210:
1391:Drivers/STM32G4xx_HAL_Driver/Src/stm32g4xx_hal_tim_ex.c **** 
 3404              		.loc 1 1391 5 is_stmt 0 view .LVU976
 3405 002a 2868     		ldr	r0, [r5]
 3406              	.LVL211:
1391:Drivers/STM32G4xx_HAL_Driver/Src/stm32g4xx_hal_tim_ex.c **** 
 3407              		.loc 1 1391 5 view .LVU977
 3408 002c FFF7FEFF 		bl	TIM_CCxNChannelCmd
 3409              	.LVL212:
1394:Drivers/STM32G4xx_HAL_Driver/Src/stm32g4xx_hal_tim_ex.c ****     if ((tmpccer & TIM_CCER_CCxNE_MASK) == (uint32_t)RESET)
 3410              		.loc 1 1394 5 is_stmt 1 view .LVU978
1394:Drivers/STM32G4xx_HAL_Driver/Src/stm32g4xx_hal_tim_ex.c ****     if ((tmpccer & TIM_CCER_CCxNE_MASK) == (uint32_t)RESET)
 3411              		.loc 1 1394 19 is_stmt 0 view .LVU979
 3412 0030 2B68     		ldr	r3, [r5]
1394:Drivers/STM32G4xx_HAL_Driver/Src/stm32g4xx_hal_tim_ex.c ****     if ((tmpccer & TIM_CCER_CCxNE_MASK) == (uint32_t)RESET)
 3413              		.loc 1 1394 13 view .LVU980
 3414 0032 196A     		ldr	r1, [r3, #32]
 3415              	.LVL213:
1395:Drivers/STM32G4xx_HAL_Driver/Src/stm32g4xx_hal_tim_ex.c ****     {
 3416              		.loc 1 1395 5 is_stmt 1 view .LVU981
1395:Drivers/STM32G4xx_HAL_Driver/Src/stm32g4xx_hal_tim_ex.c ****     {
 3417              		.loc 1 1395 8 is_stmt 0 view .LVU982
 3418 0034 44F24442 		movw	r2, #17476
 3419 0038 1142     		tst	r1, r2
 3420 003a 03D1     		bne	.L289
1397:Drivers/STM32G4xx_HAL_Driver/Src/stm32g4xx_hal_tim_ex.c ****     }
 3421              		.loc 1 1397 7 is_stmt 1 view .LVU983
 3422 003c DA68     		ldr	r2, [r3, #12]
 3423 003e 22F08002 		bic	r2, r2, #128
 3424 0042 DA60     		str	r2, [r3, #12]
 3425              	.L289:
1401:Drivers/STM32G4xx_HAL_Driver/Src/stm32g4xx_hal_tim_ex.c **** 
 3426              		.loc 1 1401 5 view .LVU984
1401:Drivers/STM32G4xx_HAL_Driver/Src/stm32g4xx_hal_tim_ex.c **** 
 3427              		.loc 1 1401 5 view .LVU985
 3428 0044 2A68     		ldr	r2, [r5]
 3429 0046 136A     		ldr	r3, [r2, #32]
 3430 0048 03F01133 		and	r3, r3, #286331153
 3431 004c 23F08853 		bic	r3, r3, #285212672
 3432 0050 43B9     		cbnz	r3, .L290
1401:Drivers/STM32G4xx_HAL_Driver/Src/stm32g4xx_hal_tim_ex.c **** 
 3433              		.loc 1 1401 5 discriminator 1 view .LVU986
 3434 0052 116A     		ldr	r1, [r2, #32]
ARM GAS  /tmp/ccAXGFxz.s 			page 142


 3435              	.LVL214:
1401:Drivers/STM32G4xx_HAL_Driver/Src/stm32g4xx_hal_tim_ex.c **** 
 3436              		.loc 1 1401 5 is_stmt 0 discriminator 1 view .LVU987
 3437 0054 44F24443 		movw	r3, #17476
 3438 0058 1942     		tst	r1, r3
 3439 005a 03D1     		bne	.L290
1401:Drivers/STM32G4xx_HAL_Driver/Src/stm32g4xx_hal_tim_ex.c **** 
 3440              		.loc 1 1401 5 is_stmt 1 discriminator 2 view .LVU988
 3441 005c 536C     		ldr	r3, [r2, #68]
 3442 005e 23F40043 		bic	r3, r3, #32768
 3443 0062 5364     		str	r3, [r2, #68]
 3444              	.L290:
1401:Drivers/STM32G4xx_HAL_Driver/Src/stm32g4xx_hal_tim_ex.c **** 
 3445              		.loc 1 1401 5 discriminator 3 view .LVU989
1404:Drivers/STM32G4xx_HAL_Driver/Src/stm32g4xx_hal_tim_ex.c **** 
 3446              		.loc 1 1404 5 view .LVU990
1404:Drivers/STM32G4xx_HAL_Driver/Src/stm32g4xx_hal_tim_ex.c **** 
 3447              		.loc 1 1404 5 view .LVU991
 3448 0064 2A68     		ldr	r2, [r5]
 3449 0066 136A     		ldr	r3, [r2, #32]
 3450 0068 03F01133 		and	r3, r3, #286331153
 3451 006c 23F08853 		bic	r3, r3, #285212672
 3452 0070 43B9     		cbnz	r3, .L291
1404:Drivers/STM32G4xx_HAL_Driver/Src/stm32g4xx_hal_tim_ex.c **** 
 3453              		.loc 1 1404 5 discriminator 1 view .LVU992
 3454 0072 116A     		ldr	r1, [r2, #32]
 3455 0074 44F24443 		movw	r3, #17476
 3456 0078 1942     		tst	r1, r3
 3457 007a 03D1     		bne	.L291
1404:Drivers/STM32G4xx_HAL_Driver/Src/stm32g4xx_hal_tim_ex.c **** 
 3458              		.loc 1 1404 5 discriminator 2 view .LVU993
 3459 007c 1368     		ldr	r3, [r2]
 3460 007e 23F00103 		bic	r3, r3, #1
 3461 0082 1360     		str	r3, [r2]
 3462              	.L291:
1404:Drivers/STM32G4xx_HAL_Driver/Src/stm32g4xx_hal_tim_ex.c **** 
 3463              		.loc 1 1404 5 discriminator 3 view .LVU994
1407:Drivers/STM32G4xx_HAL_Driver/Src/stm32g4xx_hal_tim_ex.c ****   }
 3464              		.loc 1 1407 5 view .LVU995
 3465 0084 B4B9     		cbnz	r4, .L292
1407:Drivers/STM32G4xx_HAL_Driver/Src/stm32g4xx_hal_tim_ex.c ****   }
 3466              		.loc 1 1407 5 is_stmt 0 discriminator 1 view .LVU996
 3467 0086 0123     		movs	r3, #1
 3468 0088 85F84430 		strb	r3, [r5, #68]
 3469              	.L294:
1353:Drivers/STM32G4xx_HAL_Driver/Src/stm32g4xx_hal_tim_ex.c ****   {
 3470              		.loc 1 1353 3 view .LVU997
 3471 008c 0020     		movs	r0, #0
 3472 008e 22E0     		b	.L282
 3473              	.LVL215:
 3474              	.L286:
1365:Drivers/STM32G4xx_HAL_Driver/Src/stm32g4xx_hal_tim_ex.c ****       break;
 3475              		.loc 1 1365 7 is_stmt 1 view .LVU998
 3476 0090 0268     		ldr	r2, [r0]
 3477 0092 D368     		ldr	r3, [r2, #12]
 3478 0094 23F00403 		bic	r3, r3, #4
 3479 0098 D360     		str	r3, [r2, #12]
ARM GAS  /tmp/ccAXGFxz.s 			page 143


1366:Drivers/STM32G4xx_HAL_Driver/Src/stm32g4xx_hal_tim_ex.c ****     }
 3480              		.loc 1 1366 7 view .LVU999
1388:Drivers/STM32G4xx_HAL_Driver/Src/stm32g4xx_hal_tim_ex.c ****   {
 3481              		.loc 1 1388 3 view .LVU1000
 3482 009a C4E7     		b	.L288
 3483              	.L285:
1372:Drivers/STM32G4xx_HAL_Driver/Src/stm32g4xx_hal_tim_ex.c ****       break;
 3484              		.loc 1 1372 7 view .LVU1001
 3485 009c 0268     		ldr	r2, [r0]
 3486 009e D368     		ldr	r3, [r2, #12]
 3487 00a0 23F00803 		bic	r3, r3, #8
 3488 00a4 D360     		str	r3, [r2, #12]
1373:Drivers/STM32G4xx_HAL_Driver/Src/stm32g4xx_hal_tim_ex.c ****     }
 3489              		.loc 1 1373 7 view .LVU1002
1388:Drivers/STM32G4xx_HAL_Driver/Src/stm32g4xx_hal_tim_ex.c ****   {
 3490              		.loc 1 1388 3 view .LVU1003
 3491 00a6 BEE7     		b	.L288
 3492              	.L283:
1379:Drivers/STM32G4xx_HAL_Driver/Src/stm32g4xx_hal_tim_ex.c ****       break;
 3493              		.loc 1 1379 7 view .LVU1004
 3494 00a8 0268     		ldr	r2, [r0]
 3495 00aa D368     		ldr	r3, [r2, #12]
 3496 00ac 23F01003 		bic	r3, r3, #16
 3497 00b0 D360     		str	r3, [r2, #12]
1380:Drivers/STM32G4xx_HAL_Driver/Src/stm32g4xx_hal_tim_ex.c ****     }
 3498              		.loc 1 1380 7 view .LVU1005
1388:Drivers/STM32G4xx_HAL_Driver/Src/stm32g4xx_hal_tim_ex.c ****   {
 3499              		.loc 1 1388 3 view .LVU1006
 3500 00b2 B8E7     		b	.L288
 3501              	.LVL216:
 3502              	.L292:
1407:Drivers/STM32G4xx_HAL_Driver/Src/stm32g4xx_hal_tim_ex.c ****   }
 3503              		.loc 1 1407 5 is_stmt 0 discriminator 2 view .LVU1007
 3504 00b4 042C     		cmp	r4, #4
 3505 00b6 05D0     		beq	.L298
1407:Drivers/STM32G4xx_HAL_Driver/Src/stm32g4xx_hal_tim_ex.c ****   }
 3506              		.loc 1 1407 5 discriminator 4 view .LVU1008
 3507 00b8 082C     		cmp	r4, #8
 3508 00ba 07D0     		beq	.L299
1407:Drivers/STM32G4xx_HAL_Driver/Src/stm32g4xx_hal_tim_ex.c ****   }
 3509              		.loc 1 1407 5 discriminator 6 view .LVU1009
 3510 00bc 0123     		movs	r3, #1
 3511 00be 85F84730 		strb	r3, [r5, #71]
 3512 00c2 E3E7     		b	.L294
 3513              	.L298:
1407:Drivers/STM32G4xx_HAL_Driver/Src/stm32g4xx_hal_tim_ex.c ****   }
 3514              		.loc 1 1407 5 discriminator 3 view .LVU1010
 3515 00c4 0123     		movs	r3, #1
 3516 00c6 85F84530 		strb	r3, [r5, #69]
 3517 00ca DFE7     		b	.L294
 3518              	.L299:
1407:Drivers/STM32G4xx_HAL_Driver/Src/stm32g4xx_hal_tim_ex.c ****   }
 3519              		.loc 1 1407 5 discriminator 5 view .LVU1011
 3520 00cc 0123     		movs	r3, #1
 3521 00ce 85F84630 		strb	r3, [r5, #70]
 3522 00d2 DBE7     		b	.L294
 3523              	.LVL217:
ARM GAS  /tmp/ccAXGFxz.s 			page 144


 3524              	.L296:
1353:Drivers/STM32G4xx_HAL_Driver/Src/stm32g4xx_hal_tim_ex.c ****   {
 3525              		.loc 1 1353 3 view .LVU1012
 3526 00d4 0120     		movs	r0, #1
 3527              	.LVL218:
 3528              	.L282:
1411:Drivers/STM32G4xx_HAL_Driver/Src/stm32g4xx_hal_tim_ex.c **** }
 3529              		.loc 1 1411 3 is_stmt 1 view .LVU1013
1412:Drivers/STM32G4xx_HAL_Driver/Src/stm32g4xx_hal_tim_ex.c **** 
 3530              		.loc 1 1412 1 is_stmt 0 view .LVU1014
 3531 00d6 38BD     		pop	{r3, r4, r5, pc}
1412:Drivers/STM32G4xx_HAL_Driver/Src/stm32g4xx_hal_tim_ex.c **** 
 3532              		.loc 1 1412 1 view .LVU1015
 3533              		.cfi_endproc
 3534              	.LFE348:
 3536              		.section	.text.HAL_TIMEx_PWMN_Start_DMA,"ax",%progbits
 3537              		.align	1
 3538              		.global	HAL_TIMEx_PWMN_Start_DMA
 3539              		.syntax unified
 3540              		.thumb
 3541              		.thumb_func
 3543              	HAL_TIMEx_PWMN_Start_DMA:
 3544              	.LVL219:
 3545              	.LFB349:
1430:Drivers/STM32G4xx_HAL_Driver/Src/stm32g4xx_hal_tim_ex.c ****   HAL_StatusTypeDef status = HAL_OK;
 3546              		.loc 1 1430 1 is_stmt 1 view -0
 3547              		.cfi_startproc
 3548              		@ args = 0, pretend = 0, frame = 0
 3549              		@ frame_needed = 0, uses_anonymous_args = 0
1430:Drivers/STM32G4xx_HAL_Driver/Src/stm32g4xx_hal_tim_ex.c ****   HAL_StatusTypeDef status = HAL_OK;
 3550              		.loc 1 1430 1 is_stmt 0 view .LVU1017
 3551 0000 38B5     		push	{r3, r4, r5, lr}
 3552              	.LCFI24:
 3553              		.cfi_def_cfa_offset 16
 3554              		.cfi_offset 3, -16
 3555              		.cfi_offset 4, -12
 3556              		.cfi_offset 5, -8
 3557              		.cfi_offset 14, -4
 3558 0002 0446     		mov	r4, r0
 3559 0004 9446     		mov	ip, r2
1431:Drivers/STM32G4xx_HAL_Driver/Src/stm32g4xx_hal_tim_ex.c ****   uint32_t tmpsmcr;
 3560              		.loc 1 1431 3 is_stmt 1 view .LVU1018
 3561              	.LVL220:
1432:Drivers/STM32G4xx_HAL_Driver/Src/stm32g4xx_hal_tim_ex.c **** 
 3562              		.loc 1 1432 3 view .LVU1019
1435:Drivers/STM32G4xx_HAL_Driver/Src/stm32g4xx_hal_tim_ex.c **** 
 3563              		.loc 1 1435 3 view .LVU1020
1438:Drivers/STM32G4xx_HAL_Driver/Src/stm32g4xx_hal_tim_ex.c ****   {
 3564              		.loc 1 1438 3 view .LVU1021
1438:Drivers/STM32G4xx_HAL_Driver/Src/stm32g4xx_hal_tim_ex.c ****   {
 3565              		.loc 1 1438 46 is_stmt 0 view .LVU1022
 3566 0006 0D46     		mov	r5, r1
 3567 0008 0029     		cmp	r1, #0
 3568 000a 6DD1     		bne	.L301
1438:Drivers/STM32G4xx_HAL_Driver/Src/stm32g4xx_hal_tim_ex.c ****   {
 3569              		.loc 1 1438 7 discriminator 1 view .LVU1023
 3570 000c 90F84400 		ldrb	r0, [r0, #68]	@ zero_extendqisi2
ARM GAS  /tmp/ccAXGFxz.s 			page 145


 3571              	.LVL221:
1438:Drivers/STM32G4xx_HAL_Driver/Src/stm32g4xx_hal_tim_ex.c ****   {
 3572              		.loc 1 1438 46 discriminator 1 view .LVU1024
 3573 0010 0228     		cmp	r0, #2
 3574 0012 14BF     		ite	ne
 3575 0014 0020     		movne	r0, #0
 3576 0016 0120     		moveq	r0, #1
 3577              	.L302:
1438:Drivers/STM32G4xx_HAL_Driver/Src/stm32g4xx_hal_tim_ex.c ****   {
 3578              		.loc 1 1438 6 discriminator 7 view .LVU1025
 3579 0018 0028     		cmp	r0, #0
 3580 001a 40F01681 		bne	.L324
1442:Drivers/STM32G4xx_HAL_Driver/Src/stm32g4xx_hal_tim_ex.c ****   {
 3581              		.loc 1 1442 8 is_stmt 1 view .LVU1026
1442:Drivers/STM32G4xx_HAL_Driver/Src/stm32g4xx_hal_tim_ex.c ****   {
 3582              		.loc 1 1442 51 is_stmt 0 view .LVU1027
 3583 001e 002D     		cmp	r5, #0
 3584 0020 7BD1     		bne	.L306
1442:Drivers/STM32G4xx_HAL_Driver/Src/stm32g4xx_hal_tim_ex.c ****   {
 3585              		.loc 1 1442 12 discriminator 1 view .LVU1028
 3586 0022 94F84420 		ldrb	r2, [r4, #68]	@ zero_extendqisi2
 3587              	.LVL222:
1442:Drivers/STM32G4xx_HAL_Driver/Src/stm32g4xx_hal_tim_ex.c ****   {
 3588              		.loc 1 1442 51 discriminator 1 view .LVU1029
 3589 0026 012A     		cmp	r2, #1
 3590 0028 14BF     		ite	ne
 3591 002a 0022     		movne	r2, #0
 3592 002c 0122     		moveq	r2, #1
 3593              	.L307:
1442:Drivers/STM32G4xx_HAL_Driver/Src/stm32g4xx_hal_tim_ex.c ****   {
 3594              		.loc 1 1442 11 discriminator 7 view .LVU1030
 3595 002e 002A     		cmp	r2, #0
 3596 0030 00F00981 		beq	.L310
1444:Drivers/STM32G4xx_HAL_Driver/Src/stm32g4xx_hal_tim_ex.c ****     {
 3597              		.loc 1 1444 5 is_stmt 1 view .LVU1031
1444:Drivers/STM32G4xx_HAL_Driver/Src/stm32g4xx_hal_tim_ex.c ****     {
 3598              		.loc 1 1444 8 is_stmt 0 view .LVU1032
 3599 0034 BCF1000F 		cmp	ip, #0
 3600 0038 00F00581 		beq	.L310
1444:Drivers/STM32G4xx_HAL_Driver/Src/stm32g4xx_hal_tim_ex.c ****     {
 3601              		.loc 1 1444 25 discriminator 1 view .LVU1033
 3602 003c 002B     		cmp	r3, #0
 3603 003e 00F00281 		beq	.L310
1450:Drivers/STM32G4xx_HAL_Driver/Src/stm32g4xx_hal_tim_ex.c ****     }
 3604              		.loc 1 1450 7 is_stmt 1 view .LVU1034
 3605 0042 002D     		cmp	r5, #0
 3606 0044 40F08280 		bne	.L311
1450:Drivers/STM32G4xx_HAL_Driver/Src/stm32g4xx_hal_tim_ex.c ****     }
 3607              		.loc 1 1450 7 is_stmt 0 discriminator 1 view .LVU1035
 3608 0048 0222     		movs	r2, #2
 3609 004a 84F84420 		strb	r2, [r4, #68]
1458:Drivers/STM32G4xx_HAL_Driver/Src/stm32g4xx_hal_tim_ex.c ****   {
 3610              		.loc 1 1458 3 is_stmt 1 view .LVU1036
 3611              	.L312:
1463:Drivers/STM32G4xx_HAL_Driver/Src/stm32g4xx_hal_tim_ex.c ****       htim->hdma[TIM_DMA_ID_CC1]->XferHalfCpltCallback = TIM_DMADelayPulseHalfCplt;
 3612              		.loc 1 1463 7 view .LVU1037
1463:Drivers/STM32G4xx_HAL_Driver/Src/stm32g4xx_hal_tim_ex.c ****       htim->hdma[TIM_DMA_ID_CC1]->XferHalfCpltCallback = TIM_DMADelayPulseHalfCplt;
ARM GAS  /tmp/ccAXGFxz.s 			page 146


 3613              		.loc 1 1463 17 is_stmt 0 view .LVU1038
 3614 004e 626A     		ldr	r2, [r4, #36]
1463:Drivers/STM32G4xx_HAL_Driver/Src/stm32g4xx_hal_tim_ex.c ****       htim->hdma[TIM_DMA_ID_CC1]->XferHalfCpltCallback = TIM_DMADelayPulseHalfCplt;
 3615              		.loc 1 1463 52 view .LVU1039
 3616 0050 7F49     		ldr	r1, .L336
 3617              	.LVL223:
1463:Drivers/STM32G4xx_HAL_Driver/Src/stm32g4xx_hal_tim_ex.c ****       htim->hdma[TIM_DMA_ID_CC1]->XferHalfCpltCallback = TIM_DMADelayPulseHalfCplt;
 3618              		.loc 1 1463 52 view .LVU1040
 3619 0052 D162     		str	r1, [r2, #44]
1464:Drivers/STM32G4xx_HAL_Driver/Src/stm32g4xx_hal_tim_ex.c **** 
 3620              		.loc 1 1464 7 is_stmt 1 view .LVU1041
1464:Drivers/STM32G4xx_HAL_Driver/Src/stm32g4xx_hal_tim_ex.c **** 
 3621              		.loc 1 1464 17 is_stmt 0 view .LVU1042
 3622 0054 626A     		ldr	r2, [r4, #36]
1464:Drivers/STM32G4xx_HAL_Driver/Src/stm32g4xx_hal_tim_ex.c **** 
 3623              		.loc 1 1464 56 view .LVU1043
 3624 0056 7F49     		ldr	r1, .L336+4
 3625 0058 1163     		str	r1, [r2, #48]
1467:Drivers/STM32G4xx_HAL_Driver/Src/stm32g4xx_hal_tim_ex.c **** 
 3626              		.loc 1 1467 7 is_stmt 1 view .LVU1044
1467:Drivers/STM32G4xx_HAL_Driver/Src/stm32g4xx_hal_tim_ex.c **** 
 3627              		.loc 1 1467 17 is_stmt 0 view .LVU1045
 3628 005a 626A     		ldr	r2, [r4, #36]
1467:Drivers/STM32G4xx_HAL_Driver/Src/stm32g4xx_hal_tim_ex.c **** 
 3629              		.loc 1 1467 53 view .LVU1046
 3630 005c 7E49     		ldr	r1, .L336+8
 3631 005e 5163     		str	r1, [r2, #52]
1470:Drivers/STM32G4xx_HAL_Driver/Src/stm32g4xx_hal_tim_ex.c ****                            Length) != HAL_OK)
 3632              		.loc 1 1470 7 is_stmt 1 view .LVU1047
1470:Drivers/STM32G4xx_HAL_Driver/Src/stm32g4xx_hal_tim_ex.c ****                            Length) != HAL_OK)
 3633              		.loc 1 1470 88 is_stmt 0 view .LVU1048
 3634 0060 2268     		ldr	r2, [r4]
1470:Drivers/STM32G4xx_HAL_Driver/Src/stm32g4xx_hal_tim_ex.c ****                            Length) != HAL_OK)
 3635              		.loc 1 1470 11 view .LVU1049
 3636 0062 3432     		adds	r2, r2, #52
 3637 0064 6146     		mov	r1, ip
 3638 0066 606A     		ldr	r0, [r4, #36]
 3639 0068 FFF7FEFF 		bl	HAL_DMA_Start_IT
 3640              	.LVL224:
1470:Drivers/STM32G4xx_HAL_Driver/Src/stm32g4xx_hal_tim_ex.c ****                            Length) != HAL_OK)
 3641              		.loc 1 1470 10 discriminator 1 view .LVU1050
 3642 006c 0028     		cmp	r0, #0
 3643 006e 40F0EA80 		bne	.L310
1477:Drivers/STM32G4xx_HAL_Driver/Src/stm32g4xx_hal_tim_ex.c ****       break;
 3644              		.loc 1 1477 7 is_stmt 1 view .LVU1051
 3645 0072 2268     		ldr	r2, [r4]
 3646 0074 D368     		ldr	r3, [r2, #12]
 3647 0076 43F40073 		orr	r3, r3, #512
 3648 007a D360     		str	r3, [r2, #12]
1478:Drivers/STM32G4xx_HAL_Driver/Src/stm32g4xx_hal_tim_ex.c ****     }
 3649              		.loc 1 1478 7 view .LVU1052
1549:Drivers/STM32G4xx_HAL_Driver/Src/stm32g4xx_hal_tim_ex.c ****   {
 3650              		.loc 1 1549 3 view .LVU1053
 3651              	.L319:
1552:Drivers/STM32G4xx_HAL_Driver/Src/stm32g4xx_hal_tim_ex.c **** 
 3652              		.loc 1 1552 5 view .LVU1054
 3653 007c 0422     		movs	r2, #4
ARM GAS  /tmp/ccAXGFxz.s 			page 147


 3654 007e 2946     		mov	r1, r5
 3655 0080 2068     		ldr	r0, [r4]
 3656 0082 FFF7FEFF 		bl	TIM_CCxNChannelCmd
 3657              	.LVL225:
1555:Drivers/STM32G4xx_HAL_Driver/Src/stm32g4xx_hal_tim_ex.c **** 
 3658              		.loc 1 1555 5 view .LVU1055
 3659 0086 2268     		ldr	r2, [r4]
 3660 0088 536C     		ldr	r3, [r2, #68]
 3661 008a 43F40043 		orr	r3, r3, #32768
 3662 008e 5364     		str	r3, [r2, #68]
1558:Drivers/STM32G4xx_HAL_Driver/Src/stm32g4xx_hal_tim_ex.c ****     {
 3663              		.loc 1 1558 5 view .LVU1056
1558:Drivers/STM32G4xx_HAL_Driver/Src/stm32g4xx_hal_tim_ex.c ****     {
 3664              		.loc 1 1558 9 is_stmt 0 view .LVU1057
 3665 0090 2368     		ldr	r3, [r4]
1558:Drivers/STM32G4xx_HAL_Driver/Src/stm32g4xx_hal_tim_ex.c ****     {
 3666              		.loc 1 1558 8 view .LVU1058
 3667 0092 724A     		ldr	r2, .L336+12
 3668 0094 9342     		cmp	r3, r2
 3669 0096 00F0C880 		beq	.L320
1558:Drivers/STM32G4xx_HAL_Driver/Src/stm32g4xx_hal_tim_ex.c ****     {
 3670              		.loc 1 1558 9 discriminator 1 view .LVU1059
 3671 009a B3F1804F 		cmp	r3, #1073741824
 3672 009e 00F0C480 		beq	.L320
1558:Drivers/STM32G4xx_HAL_Driver/Src/stm32g4xx_hal_tim_ex.c ****     {
 3673              		.loc 1 1558 9 discriminator 2 view .LVU1060
 3674 00a2 A2F59432 		sub	r2, r2, #75776
 3675 00a6 9342     		cmp	r3, r2
 3676 00a8 00F0BF80 		beq	.L320
1558:Drivers/STM32G4xx_HAL_Driver/Src/stm32g4xx_hal_tim_ex.c ****     {
 3677              		.loc 1 1558 9 discriminator 3 view .LVU1061
 3678 00ac 02F58062 		add	r2, r2, #1024
 3679 00b0 9342     		cmp	r3, r2
 3680 00b2 00F0BA80 		beq	.L320
1558:Drivers/STM32G4xx_HAL_Driver/Src/stm32g4xx_hal_tim_ex.c ****     {
 3681              		.loc 1 1558 9 discriminator 4 view .LVU1062
 3682 00b6 02F58062 		add	r2, r2, #1024
 3683 00ba 9342     		cmp	r3, r2
 3684 00bc 00F0B580 		beq	.L320
1558:Drivers/STM32G4xx_HAL_Driver/Src/stm32g4xx_hal_tim_ex.c ****     {
 3685              		.loc 1 1558 9 discriminator 5 view .LVU1063
 3686 00c0 02F59432 		add	r2, r2, #75776
 3687 00c4 9342     		cmp	r3, r2
 3688 00c6 00F0B080 		beq	.L320
1558:Drivers/STM32G4xx_HAL_Driver/Src/stm32g4xx_hal_tim_ex.c ****     {
 3689              		.loc 1 1558 9 discriminator 6 view .LVU1064
 3690 00ca 02F54062 		add	r2, r2, #3072
 3691 00ce 9342     		cmp	r3, r2
 3692 00d0 00F0AB80 		beq	.L320
1558:Drivers/STM32G4xx_HAL_Driver/Src/stm32g4xx_hal_tim_ex.c ****     {
 3693              		.loc 1 1558 9 discriminator 7 view .LVU1065
 3694 00d4 02F58052 		add	r2, r2, #4096
 3695 00d8 9342     		cmp	r3, r2
 3696 00da 00F0A680 		beq	.L320
1568:Drivers/STM32G4xx_HAL_Driver/Src/stm32g4xx_hal_tim_ex.c ****     }
 3697              		.loc 1 1568 7 is_stmt 1 view .LVU1066
 3698 00de 1A68     		ldr	r2, [r3]
ARM GAS  /tmp/ccAXGFxz.s 			page 148


 3699 00e0 42F00102 		orr	r2, r2, #1
 3700 00e4 1A60     		str	r2, [r3]
 3701 00e6 ACE0     		b	.L322
 3702              	.LVL226:
 3703              	.L301:
1438:Drivers/STM32G4xx_HAL_Driver/Src/stm32g4xx_hal_tim_ex.c ****   {
 3704              		.loc 1 1438 46 is_stmt 0 discriminator 2 view .LVU1067
 3705 00e8 0429     		cmp	r1, #4
 3706 00ea 08D0     		beq	.L330
1438:Drivers/STM32G4xx_HAL_Driver/Src/stm32g4xx_hal_tim_ex.c ****   {
 3707              		.loc 1 1438 46 discriminator 4 view .LVU1068
 3708 00ec 0829     		cmp	r1, #8
 3709 00ee 0DD0     		beq	.L331
1438:Drivers/STM32G4xx_HAL_Driver/Src/stm32g4xx_hal_tim_ex.c ****   {
 3710              		.loc 1 1438 7 discriminator 6 view .LVU1069
 3711 00f0 90F84700 		ldrb	r0, [r0, #71]	@ zero_extendqisi2
 3712              	.LVL227:
1438:Drivers/STM32G4xx_HAL_Driver/Src/stm32g4xx_hal_tim_ex.c ****   {
 3713              		.loc 1 1438 46 discriminator 6 view .LVU1070
 3714 00f4 0228     		cmp	r0, #2
 3715 00f6 14BF     		ite	ne
 3716 00f8 0020     		movne	r0, #0
 3717 00fa 0120     		moveq	r0, #1
 3718 00fc 8CE7     		b	.L302
 3719              	.LVL228:
 3720              	.L330:
1438:Drivers/STM32G4xx_HAL_Driver/Src/stm32g4xx_hal_tim_ex.c ****   {
 3721              		.loc 1 1438 7 discriminator 3 view .LVU1071
 3722 00fe 90F84500 		ldrb	r0, [r0, #69]	@ zero_extendqisi2
 3723              	.LVL229:
1438:Drivers/STM32G4xx_HAL_Driver/Src/stm32g4xx_hal_tim_ex.c ****   {
 3724              		.loc 1 1438 46 discriminator 3 view .LVU1072
 3725 0102 0228     		cmp	r0, #2
 3726 0104 14BF     		ite	ne
 3727 0106 0020     		movne	r0, #0
 3728 0108 0120     		moveq	r0, #1
 3729 010a 85E7     		b	.L302
 3730              	.LVL230:
 3731              	.L331:
1438:Drivers/STM32G4xx_HAL_Driver/Src/stm32g4xx_hal_tim_ex.c ****   {
 3732              		.loc 1 1438 7 discriminator 5 view .LVU1073
 3733 010c 90F84600 		ldrb	r0, [r0, #70]	@ zero_extendqisi2
 3734              	.LVL231:
1438:Drivers/STM32G4xx_HAL_Driver/Src/stm32g4xx_hal_tim_ex.c ****   {
 3735              		.loc 1 1438 46 discriminator 5 view .LVU1074
 3736 0110 0228     		cmp	r0, #2
 3737 0112 14BF     		ite	ne
 3738 0114 0020     		movne	r0, #0
 3739 0116 0120     		moveq	r0, #1
 3740 0118 7EE7     		b	.L302
 3741              	.L306:
1442:Drivers/STM32G4xx_HAL_Driver/Src/stm32g4xx_hal_tim_ex.c ****   {
 3742              		.loc 1 1442 51 discriminator 2 view .LVU1075
 3743 011a 042D     		cmp	r5, #4
 3744 011c 08D0     		beq	.L332
1442:Drivers/STM32G4xx_HAL_Driver/Src/stm32g4xx_hal_tim_ex.c ****   {
 3745              		.loc 1 1442 51 discriminator 4 view .LVU1076
ARM GAS  /tmp/ccAXGFxz.s 			page 149


 3746 011e 082D     		cmp	r5, #8
 3747 0120 0DD0     		beq	.L333
1442:Drivers/STM32G4xx_HAL_Driver/Src/stm32g4xx_hal_tim_ex.c ****   {
 3748              		.loc 1 1442 12 discriminator 6 view .LVU1077
 3749 0122 94F84720 		ldrb	r2, [r4, #71]	@ zero_extendqisi2
 3750              	.LVL232:
1442:Drivers/STM32G4xx_HAL_Driver/Src/stm32g4xx_hal_tim_ex.c ****   {
 3751              		.loc 1 1442 51 discriminator 6 view .LVU1078
 3752 0126 012A     		cmp	r2, #1
 3753 0128 14BF     		ite	ne
 3754 012a 0022     		movne	r2, #0
 3755 012c 0122     		moveq	r2, #1
 3756 012e 7EE7     		b	.L307
 3757              	.LVL233:
 3758              	.L332:
1442:Drivers/STM32G4xx_HAL_Driver/Src/stm32g4xx_hal_tim_ex.c ****   {
 3759              		.loc 1 1442 12 discriminator 3 view .LVU1079
 3760 0130 94F84520 		ldrb	r2, [r4, #69]	@ zero_extendqisi2
 3761              	.LVL234:
1442:Drivers/STM32G4xx_HAL_Driver/Src/stm32g4xx_hal_tim_ex.c ****   {
 3762              		.loc 1 1442 51 discriminator 3 view .LVU1080
 3763 0134 012A     		cmp	r2, #1
 3764 0136 14BF     		ite	ne
 3765 0138 0022     		movne	r2, #0
 3766 013a 0122     		moveq	r2, #1
 3767 013c 77E7     		b	.L307
 3768              	.LVL235:
 3769              	.L333:
1442:Drivers/STM32G4xx_HAL_Driver/Src/stm32g4xx_hal_tim_ex.c ****   {
 3770              		.loc 1 1442 12 discriminator 5 view .LVU1081
 3771 013e 94F84620 		ldrb	r2, [r4, #70]	@ zero_extendqisi2
 3772              	.LVL236:
1442:Drivers/STM32G4xx_HAL_Driver/Src/stm32g4xx_hal_tim_ex.c ****   {
 3773              		.loc 1 1442 51 discriminator 5 view .LVU1082
 3774 0142 012A     		cmp	r2, #1
 3775 0144 14BF     		ite	ne
 3776 0146 0022     		movne	r2, #0
 3777 0148 0122     		moveq	r2, #1
 3778 014a 70E7     		b	.L307
 3779              	.L311:
1450:Drivers/STM32G4xx_HAL_Driver/Src/stm32g4xx_hal_tim_ex.c ****     }
 3780              		.loc 1 1450 7 discriminator 2 view .LVU1083
 3781 014c 042D     		cmp	r5, #4
 3782 014e 23D0     		beq	.L334
1450:Drivers/STM32G4xx_HAL_Driver/Src/stm32g4xx_hal_tim_ex.c ****     }
 3783              		.loc 1 1450 7 discriminator 4 view .LVU1084
 3784 0150 082D     		cmp	r5, #8
 3785 0152 3BD0     		beq	.L335
1450:Drivers/STM32G4xx_HAL_Driver/Src/stm32g4xx_hal_tim_ex.c ****     }
 3786              		.loc 1 1450 7 discriminator 6 view .LVU1085
 3787 0154 0222     		movs	r2, #2
 3788 0156 84F84720 		strb	r2, [r4, #71]
1458:Drivers/STM32G4xx_HAL_Driver/Src/stm32g4xx_hal_tim_ex.c ****   {
 3789              		.loc 1 1458 3 is_stmt 1 view .LVU1086
 3790 015a 0C2D     		cmp	r5, #12
 3791 015c 73D8     		bhi	.L310
 3792 015e 01A2     		adr	r2, .L318
ARM GAS  /tmp/ccAXGFxz.s 			page 150


 3793 0160 52F825F0 		ldr	pc, [r2, r5, lsl #2]
 3794              		.p2align 2
 3795              	.L318:
 3796 0164 4F000000 		.word	.L312+1
 3797 0168 47020000 		.word	.L310+1
 3798 016c 47020000 		.word	.L310+1
 3799 0170 47020000 		.word	.L310+1
 3800 0174 9F010000 		.word	.L314+1
 3801 0178 47020000 		.word	.L310+1
 3802 017c 47020000 		.word	.L310+1
 3803 0180 47020000 		.word	.L310+1
 3804 0184 D3010000 		.word	.L316+1
 3805 0188 47020000 		.word	.L310+1
 3806 018c 47020000 		.word	.L310+1
 3807 0190 47020000 		.word	.L310+1
 3808 0194 FF010000 		.word	.L317+1
 3809              		.p2align 1
 3810              	.L334:
1450:Drivers/STM32G4xx_HAL_Driver/Src/stm32g4xx_hal_tim_ex.c ****     }
 3811              		.loc 1 1450 7 is_stmt 0 discriminator 3 view .LVU1087
 3812 0198 0222     		movs	r2, #2
 3813 019a 84F84520 		strb	r2, [r4, #69]
1458:Drivers/STM32G4xx_HAL_Driver/Src/stm32g4xx_hal_tim_ex.c ****   {
 3814              		.loc 1 1458 3 is_stmt 1 view .LVU1088
 3815              	.L314:
1484:Drivers/STM32G4xx_HAL_Driver/Src/stm32g4xx_hal_tim_ex.c ****       htim->hdma[TIM_DMA_ID_CC2]->XferHalfCpltCallback = TIM_DMADelayPulseHalfCplt;
 3816              		.loc 1 1484 7 view .LVU1089
1484:Drivers/STM32G4xx_HAL_Driver/Src/stm32g4xx_hal_tim_ex.c ****       htim->hdma[TIM_DMA_ID_CC2]->XferHalfCpltCallback = TIM_DMADelayPulseHalfCplt;
 3817              		.loc 1 1484 17 is_stmt 0 view .LVU1090
 3818 019e A26A     		ldr	r2, [r4, #40]
1484:Drivers/STM32G4xx_HAL_Driver/Src/stm32g4xx_hal_tim_ex.c ****       htim->hdma[TIM_DMA_ID_CC2]->XferHalfCpltCallback = TIM_DMADelayPulseHalfCplt;
 3819              		.loc 1 1484 52 view .LVU1091
 3820 01a0 2B49     		ldr	r1, .L336
 3821              	.LVL237:
1484:Drivers/STM32G4xx_HAL_Driver/Src/stm32g4xx_hal_tim_ex.c ****       htim->hdma[TIM_DMA_ID_CC2]->XferHalfCpltCallback = TIM_DMADelayPulseHalfCplt;
 3822              		.loc 1 1484 52 view .LVU1092
 3823 01a2 D162     		str	r1, [r2, #44]
1485:Drivers/STM32G4xx_HAL_Driver/Src/stm32g4xx_hal_tim_ex.c **** 
 3824              		.loc 1 1485 7 is_stmt 1 view .LVU1093
1485:Drivers/STM32G4xx_HAL_Driver/Src/stm32g4xx_hal_tim_ex.c **** 
 3825              		.loc 1 1485 17 is_stmt 0 view .LVU1094
 3826 01a4 A26A     		ldr	r2, [r4, #40]
1485:Drivers/STM32G4xx_HAL_Driver/Src/stm32g4xx_hal_tim_ex.c **** 
 3827              		.loc 1 1485 56 view .LVU1095
 3828 01a6 2B49     		ldr	r1, .L336+4
 3829 01a8 1163     		str	r1, [r2, #48]
1488:Drivers/STM32G4xx_HAL_Driver/Src/stm32g4xx_hal_tim_ex.c **** 
 3830              		.loc 1 1488 7 is_stmt 1 view .LVU1096
1488:Drivers/STM32G4xx_HAL_Driver/Src/stm32g4xx_hal_tim_ex.c **** 
 3831              		.loc 1 1488 17 is_stmt 0 view .LVU1097
 3832 01aa A26A     		ldr	r2, [r4, #40]
1488:Drivers/STM32G4xx_HAL_Driver/Src/stm32g4xx_hal_tim_ex.c **** 
 3833              		.loc 1 1488 53 view .LVU1098
 3834 01ac 2A49     		ldr	r1, .L336+8
 3835 01ae 5163     		str	r1, [r2, #52]
1491:Drivers/STM32G4xx_HAL_Driver/Src/stm32g4xx_hal_tim_ex.c ****                            Length) != HAL_OK)
 3836              		.loc 1 1491 7 is_stmt 1 view .LVU1099
ARM GAS  /tmp/ccAXGFxz.s 			page 151


1491:Drivers/STM32G4xx_HAL_Driver/Src/stm32g4xx_hal_tim_ex.c ****                            Length) != HAL_OK)
 3837              		.loc 1 1491 88 is_stmt 0 view .LVU1100
 3838 01b0 2268     		ldr	r2, [r4]
1491:Drivers/STM32G4xx_HAL_Driver/Src/stm32g4xx_hal_tim_ex.c ****                            Length) != HAL_OK)
 3839              		.loc 1 1491 11 view .LVU1101
 3840 01b2 3832     		adds	r2, r2, #56
 3841 01b4 6146     		mov	r1, ip
 3842 01b6 A06A     		ldr	r0, [r4, #40]
 3843 01b8 FFF7FEFF 		bl	HAL_DMA_Start_IT
 3844              	.LVL238:
1491:Drivers/STM32G4xx_HAL_Driver/Src/stm32g4xx_hal_tim_ex.c ****                            Length) != HAL_OK)
 3845              		.loc 1 1491 10 discriminator 1 view .LVU1102
 3846 01bc 0028     		cmp	r0, #0
 3847 01be 42D1     		bne	.L310
1498:Drivers/STM32G4xx_HAL_Driver/Src/stm32g4xx_hal_tim_ex.c ****       break;
 3848              		.loc 1 1498 7 is_stmt 1 view .LVU1103
 3849 01c0 2268     		ldr	r2, [r4]
 3850 01c2 D368     		ldr	r3, [r2, #12]
 3851 01c4 43F48063 		orr	r3, r3, #1024
 3852 01c8 D360     		str	r3, [r2, #12]
1499:Drivers/STM32G4xx_HAL_Driver/Src/stm32g4xx_hal_tim_ex.c ****     }
 3853              		.loc 1 1499 7 view .LVU1104
1549:Drivers/STM32G4xx_HAL_Driver/Src/stm32g4xx_hal_tim_ex.c ****   {
 3854              		.loc 1 1549 3 view .LVU1105
 3855 01ca 57E7     		b	.L319
 3856              	.LVL239:
 3857              	.L335:
1450:Drivers/STM32G4xx_HAL_Driver/Src/stm32g4xx_hal_tim_ex.c ****     }
 3858              		.loc 1 1450 7 is_stmt 0 discriminator 5 view .LVU1106
 3859 01cc 0222     		movs	r2, #2
 3860 01ce 84F84620 		strb	r2, [r4, #70]
1458:Drivers/STM32G4xx_HAL_Driver/Src/stm32g4xx_hal_tim_ex.c ****   {
 3861              		.loc 1 1458 3 is_stmt 1 view .LVU1107
 3862              	.L316:
1505:Drivers/STM32G4xx_HAL_Driver/Src/stm32g4xx_hal_tim_ex.c ****       htim->hdma[TIM_DMA_ID_CC3]->XferHalfCpltCallback = TIM_DMADelayPulseHalfCplt;
 3863              		.loc 1 1505 7 view .LVU1108
1505:Drivers/STM32G4xx_HAL_Driver/Src/stm32g4xx_hal_tim_ex.c ****       htim->hdma[TIM_DMA_ID_CC3]->XferHalfCpltCallback = TIM_DMADelayPulseHalfCplt;
 3864              		.loc 1 1505 17 is_stmt 0 view .LVU1109
 3865 01d2 E26A     		ldr	r2, [r4, #44]
1505:Drivers/STM32G4xx_HAL_Driver/Src/stm32g4xx_hal_tim_ex.c ****       htim->hdma[TIM_DMA_ID_CC3]->XferHalfCpltCallback = TIM_DMADelayPulseHalfCplt;
 3866              		.loc 1 1505 52 view .LVU1110
 3867 01d4 1E49     		ldr	r1, .L336
 3868              	.LVL240:
1505:Drivers/STM32G4xx_HAL_Driver/Src/stm32g4xx_hal_tim_ex.c ****       htim->hdma[TIM_DMA_ID_CC3]->XferHalfCpltCallback = TIM_DMADelayPulseHalfCplt;
 3869              		.loc 1 1505 52 view .LVU1111
 3870 01d6 D162     		str	r1, [r2, #44]
1506:Drivers/STM32G4xx_HAL_Driver/Src/stm32g4xx_hal_tim_ex.c **** 
 3871              		.loc 1 1506 7 is_stmt 1 view .LVU1112
1506:Drivers/STM32G4xx_HAL_Driver/Src/stm32g4xx_hal_tim_ex.c **** 
 3872              		.loc 1 1506 17 is_stmt 0 view .LVU1113
 3873 01d8 E26A     		ldr	r2, [r4, #44]
1506:Drivers/STM32G4xx_HAL_Driver/Src/stm32g4xx_hal_tim_ex.c **** 
 3874              		.loc 1 1506 56 view .LVU1114
 3875 01da 1E49     		ldr	r1, .L336+4
 3876 01dc 1163     		str	r1, [r2, #48]
1509:Drivers/STM32G4xx_HAL_Driver/Src/stm32g4xx_hal_tim_ex.c **** 
 3877              		.loc 1 1509 7 is_stmt 1 view .LVU1115
ARM GAS  /tmp/ccAXGFxz.s 			page 152


1509:Drivers/STM32G4xx_HAL_Driver/Src/stm32g4xx_hal_tim_ex.c **** 
 3878              		.loc 1 1509 17 is_stmt 0 view .LVU1116
 3879 01de E26A     		ldr	r2, [r4, #44]
1509:Drivers/STM32G4xx_HAL_Driver/Src/stm32g4xx_hal_tim_ex.c **** 
 3880              		.loc 1 1509 53 view .LVU1117
 3881 01e0 1D49     		ldr	r1, .L336+8
 3882 01e2 5163     		str	r1, [r2, #52]
1512:Drivers/STM32G4xx_HAL_Driver/Src/stm32g4xx_hal_tim_ex.c ****                            Length) != HAL_OK)
 3883              		.loc 1 1512 7 is_stmt 1 view .LVU1118
1512:Drivers/STM32G4xx_HAL_Driver/Src/stm32g4xx_hal_tim_ex.c ****                            Length) != HAL_OK)
 3884              		.loc 1 1512 88 is_stmt 0 view .LVU1119
 3885 01e4 2268     		ldr	r2, [r4]
1512:Drivers/STM32G4xx_HAL_Driver/Src/stm32g4xx_hal_tim_ex.c ****                            Length) != HAL_OK)
 3886              		.loc 1 1512 11 view .LVU1120
 3887 01e6 3C32     		adds	r2, r2, #60
 3888 01e8 6146     		mov	r1, ip
 3889 01ea E06A     		ldr	r0, [r4, #44]
 3890 01ec FFF7FEFF 		bl	HAL_DMA_Start_IT
 3891              	.LVL241:
1512:Drivers/STM32G4xx_HAL_Driver/Src/stm32g4xx_hal_tim_ex.c ****                            Length) != HAL_OK)
 3892              		.loc 1 1512 10 discriminator 1 view .LVU1121
 3893 01f0 48BB     		cbnz	r0, .L310
1519:Drivers/STM32G4xx_HAL_Driver/Src/stm32g4xx_hal_tim_ex.c ****       break;
 3894              		.loc 1 1519 7 is_stmt 1 view .LVU1122
 3895 01f2 2268     		ldr	r2, [r4]
 3896 01f4 D368     		ldr	r3, [r2, #12]
 3897 01f6 43F40063 		orr	r3, r3, #2048
 3898 01fa D360     		str	r3, [r2, #12]
1520:Drivers/STM32G4xx_HAL_Driver/Src/stm32g4xx_hal_tim_ex.c ****     }
 3899              		.loc 1 1520 7 view .LVU1123
1549:Drivers/STM32G4xx_HAL_Driver/Src/stm32g4xx_hal_tim_ex.c ****   {
 3900              		.loc 1 1549 3 view .LVU1124
 3901 01fc 3EE7     		b	.L319
 3902              	.LVL242:
 3903              	.L317:
1526:Drivers/STM32G4xx_HAL_Driver/Src/stm32g4xx_hal_tim_ex.c ****       htim->hdma[TIM_DMA_ID_CC4]->XferHalfCpltCallback = TIM_DMADelayPulseHalfCplt;
 3904              		.loc 1 1526 7 view .LVU1125
1526:Drivers/STM32G4xx_HAL_Driver/Src/stm32g4xx_hal_tim_ex.c ****       htim->hdma[TIM_DMA_ID_CC4]->XferHalfCpltCallback = TIM_DMADelayPulseHalfCplt;
 3905              		.loc 1 1526 17 is_stmt 0 view .LVU1126
 3906 01fe 226B     		ldr	r2, [r4, #48]
1526:Drivers/STM32G4xx_HAL_Driver/Src/stm32g4xx_hal_tim_ex.c ****       htim->hdma[TIM_DMA_ID_CC4]->XferHalfCpltCallback = TIM_DMADelayPulseHalfCplt;
 3907              		.loc 1 1526 52 view .LVU1127
 3908 0200 1349     		ldr	r1, .L336
 3909              	.LVL243:
1526:Drivers/STM32G4xx_HAL_Driver/Src/stm32g4xx_hal_tim_ex.c ****       htim->hdma[TIM_DMA_ID_CC4]->XferHalfCpltCallback = TIM_DMADelayPulseHalfCplt;
 3910              		.loc 1 1526 52 view .LVU1128
 3911 0202 D162     		str	r1, [r2, #44]
1527:Drivers/STM32G4xx_HAL_Driver/Src/stm32g4xx_hal_tim_ex.c **** 
 3912              		.loc 1 1527 7 is_stmt 1 view .LVU1129
1527:Drivers/STM32G4xx_HAL_Driver/Src/stm32g4xx_hal_tim_ex.c **** 
 3913              		.loc 1 1527 17 is_stmt 0 view .LVU1130
 3914 0204 226B     		ldr	r2, [r4, #48]
1527:Drivers/STM32G4xx_HAL_Driver/Src/stm32g4xx_hal_tim_ex.c **** 
 3915              		.loc 1 1527 56 view .LVU1131
 3916 0206 1349     		ldr	r1, .L336+4
 3917 0208 1163     		str	r1, [r2, #48]
1530:Drivers/STM32G4xx_HAL_Driver/Src/stm32g4xx_hal_tim_ex.c **** 
ARM GAS  /tmp/ccAXGFxz.s 			page 153


 3918              		.loc 1 1530 7 is_stmt 1 view .LVU1132
1530:Drivers/STM32G4xx_HAL_Driver/Src/stm32g4xx_hal_tim_ex.c **** 
 3919              		.loc 1 1530 17 is_stmt 0 view .LVU1133
 3920 020a 226B     		ldr	r2, [r4, #48]
1530:Drivers/STM32G4xx_HAL_Driver/Src/stm32g4xx_hal_tim_ex.c **** 
 3921              		.loc 1 1530 53 view .LVU1134
 3922 020c 1249     		ldr	r1, .L336+8
 3923 020e 5163     		str	r1, [r2, #52]
1533:Drivers/STM32G4xx_HAL_Driver/Src/stm32g4xx_hal_tim_ex.c ****                            Length) != HAL_OK)
 3924              		.loc 1 1533 7 is_stmt 1 view .LVU1135
1533:Drivers/STM32G4xx_HAL_Driver/Src/stm32g4xx_hal_tim_ex.c ****                            Length) != HAL_OK)
 3925              		.loc 1 1533 88 is_stmt 0 view .LVU1136
 3926 0210 2268     		ldr	r2, [r4]
1533:Drivers/STM32G4xx_HAL_Driver/Src/stm32g4xx_hal_tim_ex.c ****                            Length) != HAL_OK)
 3927              		.loc 1 1533 11 view .LVU1137
 3928 0212 4032     		adds	r2, r2, #64
 3929 0214 6146     		mov	r1, ip
 3930 0216 206B     		ldr	r0, [r4, #48]
 3931 0218 FFF7FEFF 		bl	HAL_DMA_Start_IT
 3932              	.LVL244:
1533:Drivers/STM32G4xx_HAL_Driver/Src/stm32g4xx_hal_tim_ex.c ****                            Length) != HAL_OK)
 3933              		.loc 1 1533 10 discriminator 1 view .LVU1138
 3934 021c 98B9     		cbnz	r0, .L310
1540:Drivers/STM32G4xx_HAL_Driver/Src/stm32g4xx_hal_tim_ex.c ****       break;
 3935              		.loc 1 1540 7 is_stmt 1 view .LVU1139
 3936 021e 2268     		ldr	r2, [r4]
 3937 0220 D368     		ldr	r3, [r2, #12]
 3938 0222 43F48053 		orr	r3, r3, #4096
 3939 0226 D360     		str	r3, [r2, #12]
1541:Drivers/STM32G4xx_HAL_Driver/Src/stm32g4xx_hal_tim_ex.c ****     }
 3940              		.loc 1 1541 7 view .LVU1140
1549:Drivers/STM32G4xx_HAL_Driver/Src/stm32g4xx_hal_tim_ex.c ****   {
 3941              		.loc 1 1549 3 view .LVU1141
 3942 0228 28E7     		b	.L319
 3943              	.L320:
1560:Drivers/STM32G4xx_HAL_Driver/Src/stm32g4xx_hal_tim_ex.c ****       if (!IS_TIM_SLAVEMODE_TRIGGER_ENABLED(tmpsmcr))
 3944              		.loc 1 1560 7 view .LVU1142
1560:Drivers/STM32G4xx_HAL_Driver/Src/stm32g4xx_hal_tim_ex.c ****       if (!IS_TIM_SLAVEMODE_TRIGGER_ENABLED(tmpsmcr))
 3945              		.loc 1 1560 31 is_stmt 0 view .LVU1143
 3946 022a 9968     		ldr	r1, [r3, #8]
1560:Drivers/STM32G4xx_HAL_Driver/Src/stm32g4xx_hal_tim_ex.c ****       if (!IS_TIM_SLAVEMODE_TRIGGER_ENABLED(tmpsmcr))
 3947              		.loc 1 1560 15 view .LVU1144
 3948 022c 0C4A     		ldr	r2, .L336+16
 3949 022e 0A40     		ands	r2, r2, r1
 3950              	.LVL245:
1561:Drivers/STM32G4xx_HAL_Driver/Src/stm32g4xx_hal_tim_ex.c ****       {
 3951              		.loc 1 1561 7 is_stmt 1 view .LVU1145
1561:Drivers/STM32G4xx_HAL_Driver/Src/stm32g4xx_hal_tim_ex.c ****       {
 3952              		.loc 1 1561 10 is_stmt 0 view .LVU1146
 3953 0230 062A     		cmp	r2, #6
 3954 0232 06D0     		beq	.L322
1561:Drivers/STM32G4xx_HAL_Driver/Src/stm32g4xx_hal_tim_ex.c ****       {
 3955              		.loc 1 1561 11 discriminator 1 view .LVU1147
 3956 0234 B2F5803F 		cmp	r2, #65536
 3957 0238 03D0     		beq	.L322
1563:Drivers/STM32G4xx_HAL_Driver/Src/stm32g4xx_hal_tim_ex.c ****       }
 3958              		.loc 1 1563 9 is_stmt 1 view .LVU1148
ARM GAS  /tmp/ccAXGFxz.s 			page 154


 3959 023a 1A68     		ldr	r2, [r3]
 3960              	.LVL246:
1563:Drivers/STM32G4xx_HAL_Driver/Src/stm32g4xx_hal_tim_ex.c ****       }
 3961              		.loc 1 1563 9 is_stmt 0 view .LVU1149
 3962 023c 42F00102 		orr	r2, r2, #1
 3963 0240 1A60     		str	r2, [r3]
 3964              	.LVL247:
 3965              	.L322:
1573:Drivers/STM32G4xx_HAL_Driver/Src/stm32g4xx_hal_tim_ex.c **** }
 3966              		.loc 1 1573 10 view .LVU1150
 3967 0242 0020     		movs	r0, #0
 3968 0244 00E0     		b	.L305
 3969              	.L310:
1446:Drivers/STM32G4xx_HAL_Driver/Src/stm32g4xx_hal_tim_ex.c ****     }
 3970              		.loc 1 1446 14 view .LVU1151
 3971 0246 0120     		movs	r0, #1
 3972              	.L305:
 3973              	.LVL248:
1574:Drivers/STM32G4xx_HAL_Driver/Src/stm32g4xx_hal_tim_ex.c **** 
 3974              		.loc 1 1574 1 view .LVU1152
 3975 0248 38BD     		pop	{r3, r4, r5, pc}
 3976              	.LVL249:
 3977              	.L324:
1440:Drivers/STM32G4xx_HAL_Driver/Src/stm32g4xx_hal_tim_ex.c ****   }
 3978              		.loc 1 1440 12 view .LVU1153
 3979 024a 0220     		movs	r0, #2
 3980 024c FCE7     		b	.L305
 3981              	.L337:
 3982 024e 00BF     		.align	2
 3983              	.L336:
 3984 0250 00000000 		.word	TIM_DMADelayPulseNCplt
 3985 0254 00000000 		.word	TIM_DMADelayPulseHalfCplt
 3986 0258 00000000 		.word	TIM_DMAErrorCCxN
 3987 025c 002C0140 		.word	1073818624
 3988 0260 07000100 		.word	65543
 3989              		.cfi_endproc
 3990              	.LFE349:
 3992              		.section	.text.HAL_TIMEx_PWMN_Stop_DMA,"ax",%progbits
 3993              		.align	1
 3994              		.global	HAL_TIMEx_PWMN_Stop_DMA
 3995              		.syntax unified
 3996              		.thumb
 3997              		.thumb_func
 3999              	HAL_TIMEx_PWMN_Stop_DMA:
 4000              	.LVL250:
 4001              	.LFB350:
1589:Drivers/STM32G4xx_HAL_Driver/Src/stm32g4xx_hal_tim_ex.c ****   HAL_StatusTypeDef status = HAL_OK;
 4002              		.loc 1 1589 1 is_stmt 1 view -0
 4003              		.cfi_startproc
 4004              		@ args = 0, pretend = 0, frame = 0
 4005              		@ frame_needed = 0, uses_anonymous_args = 0
1589:Drivers/STM32G4xx_HAL_Driver/Src/stm32g4xx_hal_tim_ex.c ****   HAL_StatusTypeDef status = HAL_OK;
 4006              		.loc 1 1589 1 is_stmt 0 view .LVU1155
 4007 0000 38B5     		push	{r3, r4, r5, lr}
 4008              	.LCFI25:
 4009              		.cfi_def_cfa_offset 16
 4010              		.cfi_offset 3, -16
ARM GAS  /tmp/ccAXGFxz.s 			page 155


 4011              		.cfi_offset 4, -12
 4012              		.cfi_offset 5, -8
 4013              		.cfi_offset 14, -4
 4014 0002 0546     		mov	r5, r0
 4015 0004 0C46     		mov	r4, r1
1590:Drivers/STM32G4xx_HAL_Driver/Src/stm32g4xx_hal_tim_ex.c **** 
 4016              		.loc 1 1590 3 is_stmt 1 view .LVU1156
 4017              	.LVL251:
1593:Drivers/STM32G4xx_HAL_Driver/Src/stm32g4xx_hal_tim_ex.c **** 
 4018              		.loc 1 1593 3 view .LVU1157
1595:Drivers/STM32G4xx_HAL_Driver/Src/stm32g4xx_hal_tim_ex.c ****   {
 4019              		.loc 1 1595 3 view .LVU1158
 4020 0006 0C29     		cmp	r1, #12
 4021 0008 66D8     		bhi	.L352
 4022 000a DFE801F0 		tbb	[pc, r1]
 4023              	.L341:
 4024 000e 07       		.byte	(.L344-.L341)/2
 4025 000f 65       		.byte	(.L352-.L341)/2
 4026 0010 65       		.byte	(.L352-.L341)/2
 4027 0011 65       		.byte	(.L352-.L341)/2
 4028 0012 3A       		.byte	(.L343-.L341)/2
 4029 0013 65       		.byte	(.L352-.L341)/2
 4030 0014 65       		.byte	(.L352-.L341)/2
 4031 0015 65       		.byte	(.L352-.L341)/2
 4032 0016 43       		.byte	(.L342-.L341)/2
 4033 0017 65       		.byte	(.L352-.L341)/2
 4034 0018 65       		.byte	(.L352-.L341)/2
 4035 0019 65       		.byte	(.L352-.L341)/2
 4036 001a 4C       		.byte	(.L340-.L341)/2
 4037 001b 00       		.p2align 1
 4038              	.L344:
1600:Drivers/STM32G4xx_HAL_Driver/Src/stm32g4xx_hal_tim_ex.c ****       (void)HAL_DMA_Abort_IT(htim->hdma[TIM_DMA_ID_CC1]);
 4039              		.loc 1 1600 7 view .LVU1159
 4040 001c 0268     		ldr	r2, [r0]
 4041 001e D368     		ldr	r3, [r2, #12]
 4042 0020 23F40073 		bic	r3, r3, #512
 4043 0024 D360     		str	r3, [r2, #12]
1601:Drivers/STM32G4xx_HAL_Driver/Src/stm32g4xx_hal_tim_ex.c ****       break;
 4044              		.loc 1 1601 7 view .LVU1160
1601:Drivers/STM32G4xx_HAL_Driver/Src/stm32g4xx_hal_tim_ex.c ****       break;
 4045              		.loc 1 1601 13 is_stmt 0 view .LVU1161
 4046 0026 406A     		ldr	r0, [r0, #36]
 4047              	.LVL252:
1601:Drivers/STM32G4xx_HAL_Driver/Src/stm32g4xx_hal_tim_ex.c ****       break;
 4048              		.loc 1 1601 13 view .LVU1162
 4049 0028 FFF7FEFF 		bl	HAL_DMA_Abort_IT
 4050              	.LVL253:
1602:Drivers/STM32G4xx_HAL_Driver/Src/stm32g4xx_hal_tim_ex.c ****     }
 4051              		.loc 1 1602 7 is_stmt 1 view .LVU1163
1634:Drivers/STM32G4xx_HAL_Driver/Src/stm32g4xx_hal_tim_ex.c ****   {
 4052              		.loc 1 1634 3 view .LVU1164
 4053              	.L345:
1637:Drivers/STM32G4xx_HAL_Driver/Src/stm32g4xx_hal_tim_ex.c **** 
 4054              		.loc 1 1637 5 view .LVU1165
 4055 002c 0022     		movs	r2, #0
 4056 002e 2146     		mov	r1, r4
 4057 0030 2868     		ldr	r0, [r5]
ARM GAS  /tmp/ccAXGFxz.s 			page 156


 4058 0032 FFF7FEFF 		bl	TIM_CCxNChannelCmd
 4059              	.LVL254:
1640:Drivers/STM32G4xx_HAL_Driver/Src/stm32g4xx_hal_tim_ex.c **** 
 4060              		.loc 1 1640 5 view .LVU1166
1640:Drivers/STM32G4xx_HAL_Driver/Src/stm32g4xx_hal_tim_ex.c **** 
 4061              		.loc 1 1640 5 view .LVU1167
 4062 0036 2A68     		ldr	r2, [r5]
 4063 0038 136A     		ldr	r3, [r2, #32]
 4064 003a 03F01133 		and	r3, r3, #286331153
 4065 003e 23F08853 		bic	r3, r3, #285212672
 4066 0042 43B9     		cbnz	r3, .L346
1640:Drivers/STM32G4xx_HAL_Driver/Src/stm32g4xx_hal_tim_ex.c **** 
 4067              		.loc 1 1640 5 discriminator 1 view .LVU1168
 4068 0044 116A     		ldr	r1, [r2, #32]
 4069 0046 44F24443 		movw	r3, #17476
 4070 004a 1942     		tst	r1, r3
 4071 004c 03D1     		bne	.L346
1640:Drivers/STM32G4xx_HAL_Driver/Src/stm32g4xx_hal_tim_ex.c **** 
 4072              		.loc 1 1640 5 discriminator 2 view .LVU1169
 4073 004e 536C     		ldr	r3, [r2, #68]
 4074 0050 23F40043 		bic	r3, r3, #32768
 4075 0054 5364     		str	r3, [r2, #68]
 4076              	.L346:
1640:Drivers/STM32G4xx_HAL_Driver/Src/stm32g4xx_hal_tim_ex.c **** 
 4077              		.loc 1 1640 5 discriminator 3 view .LVU1170
1643:Drivers/STM32G4xx_HAL_Driver/Src/stm32g4xx_hal_tim_ex.c **** 
 4078              		.loc 1 1643 5 view .LVU1171
1643:Drivers/STM32G4xx_HAL_Driver/Src/stm32g4xx_hal_tim_ex.c **** 
 4079              		.loc 1 1643 5 view .LVU1172
 4080 0056 2A68     		ldr	r2, [r5]
 4081 0058 136A     		ldr	r3, [r2, #32]
 4082 005a 03F01133 		and	r3, r3, #286331153
 4083 005e 23F08853 		bic	r3, r3, #285212672
 4084 0062 43B9     		cbnz	r3, .L347
1643:Drivers/STM32G4xx_HAL_Driver/Src/stm32g4xx_hal_tim_ex.c **** 
 4085              		.loc 1 1643 5 discriminator 1 view .LVU1173
 4086 0064 116A     		ldr	r1, [r2, #32]
 4087 0066 44F24443 		movw	r3, #17476
 4088 006a 1942     		tst	r1, r3
 4089 006c 03D1     		bne	.L347
1643:Drivers/STM32G4xx_HAL_Driver/Src/stm32g4xx_hal_tim_ex.c **** 
 4090              		.loc 1 1643 5 discriminator 2 view .LVU1174
 4091 006e 1368     		ldr	r3, [r2]
 4092 0070 23F00103 		bic	r3, r3, #1
 4093 0074 1360     		str	r3, [r2]
 4094              	.L347:
1643:Drivers/STM32G4xx_HAL_Driver/Src/stm32g4xx_hal_tim_ex.c **** 
 4095              		.loc 1 1643 5 discriminator 3 view .LVU1175
1646:Drivers/STM32G4xx_HAL_Driver/Src/stm32g4xx_hal_tim_ex.c ****   }
 4096              		.loc 1 1646 5 view .LVU1176
 4097 0076 FCB9     		cbnz	r4, .L348
1646:Drivers/STM32G4xx_HAL_Driver/Src/stm32g4xx_hal_tim_ex.c ****   }
 4098              		.loc 1 1646 5 is_stmt 0 discriminator 1 view .LVU1177
 4099 0078 0123     		movs	r3, #1
 4100 007a 85F84430 		strb	r3, [r5, #68]
 4101              	.L350:
1595:Drivers/STM32G4xx_HAL_Driver/Src/stm32g4xx_hal_tim_ex.c ****   {
ARM GAS  /tmp/ccAXGFxz.s 			page 157


 4102              		.loc 1 1595 3 view .LVU1178
 4103 007e 0020     		movs	r0, #0
 4104 0080 2BE0     		b	.L339
 4105              	.LVL255:
 4106              	.L343:
1608:Drivers/STM32G4xx_HAL_Driver/Src/stm32g4xx_hal_tim_ex.c ****       (void)HAL_DMA_Abort_IT(htim->hdma[TIM_DMA_ID_CC2]);
 4107              		.loc 1 1608 7 is_stmt 1 view .LVU1179
 4108 0082 0268     		ldr	r2, [r0]
 4109 0084 D368     		ldr	r3, [r2, #12]
 4110 0086 23F48063 		bic	r3, r3, #1024
 4111 008a D360     		str	r3, [r2, #12]
1609:Drivers/STM32G4xx_HAL_Driver/Src/stm32g4xx_hal_tim_ex.c ****       break;
 4112              		.loc 1 1609 7 view .LVU1180
1609:Drivers/STM32G4xx_HAL_Driver/Src/stm32g4xx_hal_tim_ex.c ****       break;
 4113              		.loc 1 1609 13 is_stmt 0 view .LVU1181
 4114 008c 806A     		ldr	r0, [r0, #40]
 4115              	.LVL256:
1609:Drivers/STM32G4xx_HAL_Driver/Src/stm32g4xx_hal_tim_ex.c ****       break;
 4116              		.loc 1 1609 13 view .LVU1182
 4117 008e FFF7FEFF 		bl	HAL_DMA_Abort_IT
 4118              	.LVL257:
1610:Drivers/STM32G4xx_HAL_Driver/Src/stm32g4xx_hal_tim_ex.c ****     }
 4119              		.loc 1 1610 7 is_stmt 1 view .LVU1183
1634:Drivers/STM32G4xx_HAL_Driver/Src/stm32g4xx_hal_tim_ex.c ****   {
 4120              		.loc 1 1634 3 view .LVU1184
 4121 0092 CBE7     		b	.L345
 4122              	.LVL258:
 4123              	.L342:
1616:Drivers/STM32G4xx_HAL_Driver/Src/stm32g4xx_hal_tim_ex.c ****       (void)HAL_DMA_Abort_IT(htim->hdma[TIM_DMA_ID_CC3]);
 4124              		.loc 1 1616 7 view .LVU1185
 4125 0094 0268     		ldr	r2, [r0]
 4126 0096 D368     		ldr	r3, [r2, #12]
 4127 0098 23F40063 		bic	r3, r3, #2048
 4128 009c D360     		str	r3, [r2, #12]
1617:Drivers/STM32G4xx_HAL_Driver/Src/stm32g4xx_hal_tim_ex.c ****       break;
 4129              		.loc 1 1617 7 view .LVU1186
1617:Drivers/STM32G4xx_HAL_Driver/Src/stm32g4xx_hal_tim_ex.c ****       break;
 4130              		.loc 1 1617 13 is_stmt 0 view .LVU1187
 4131 009e C06A     		ldr	r0, [r0, #44]
 4132              	.LVL259:
1617:Drivers/STM32G4xx_HAL_Driver/Src/stm32g4xx_hal_tim_ex.c ****       break;
 4133              		.loc 1 1617 13 view .LVU1188
 4134 00a0 FFF7FEFF 		bl	HAL_DMA_Abort_IT
 4135              	.LVL260:
1618:Drivers/STM32G4xx_HAL_Driver/Src/stm32g4xx_hal_tim_ex.c ****     }
 4136              		.loc 1 1618 7 is_stmt 1 view .LVU1189
1634:Drivers/STM32G4xx_HAL_Driver/Src/stm32g4xx_hal_tim_ex.c ****   {
 4137              		.loc 1 1634 3 view .LVU1190
 4138 00a4 C2E7     		b	.L345
 4139              	.LVL261:
 4140              	.L340:
1624:Drivers/STM32G4xx_HAL_Driver/Src/stm32g4xx_hal_tim_ex.c ****       (void)HAL_DMA_Abort_IT(htim->hdma[TIM_DMA_ID_CC4]);
 4141              		.loc 1 1624 7 view .LVU1191
 4142 00a6 0268     		ldr	r2, [r0]
 4143 00a8 D368     		ldr	r3, [r2, #12]
 4144 00aa 23F48053 		bic	r3, r3, #4096
 4145 00ae D360     		str	r3, [r2, #12]
ARM GAS  /tmp/ccAXGFxz.s 			page 158


1625:Drivers/STM32G4xx_HAL_Driver/Src/stm32g4xx_hal_tim_ex.c ****       break;
 4146              		.loc 1 1625 7 view .LVU1192
1625:Drivers/STM32G4xx_HAL_Driver/Src/stm32g4xx_hal_tim_ex.c ****       break;
 4147              		.loc 1 1625 13 is_stmt 0 view .LVU1193
 4148 00b0 006B     		ldr	r0, [r0, #48]
 4149              	.LVL262:
1625:Drivers/STM32G4xx_HAL_Driver/Src/stm32g4xx_hal_tim_ex.c ****       break;
 4150              		.loc 1 1625 13 view .LVU1194
 4151 00b2 FFF7FEFF 		bl	HAL_DMA_Abort_IT
 4152              	.LVL263:
1626:Drivers/STM32G4xx_HAL_Driver/Src/stm32g4xx_hal_tim_ex.c ****     }
 4153              		.loc 1 1626 7 is_stmt 1 view .LVU1195
1634:Drivers/STM32G4xx_HAL_Driver/Src/stm32g4xx_hal_tim_ex.c ****   {
 4154              		.loc 1 1634 3 view .LVU1196
 4155 00b6 B9E7     		b	.L345
 4156              	.L348:
1646:Drivers/STM32G4xx_HAL_Driver/Src/stm32g4xx_hal_tim_ex.c ****   }
 4157              		.loc 1 1646 5 is_stmt 0 discriminator 2 view .LVU1197
 4158 00b8 042C     		cmp	r4, #4
 4159 00ba 05D0     		beq	.L354
1646:Drivers/STM32G4xx_HAL_Driver/Src/stm32g4xx_hal_tim_ex.c ****   }
 4160              		.loc 1 1646 5 discriminator 4 view .LVU1198
 4161 00bc 082C     		cmp	r4, #8
 4162 00be 07D0     		beq	.L355
1646:Drivers/STM32G4xx_HAL_Driver/Src/stm32g4xx_hal_tim_ex.c ****   }
 4163              		.loc 1 1646 5 discriminator 6 view .LVU1199
 4164 00c0 0123     		movs	r3, #1
 4165 00c2 85F84730 		strb	r3, [r5, #71]
 4166 00c6 DAE7     		b	.L350
 4167              	.L354:
1646:Drivers/STM32G4xx_HAL_Driver/Src/stm32g4xx_hal_tim_ex.c ****   }
 4168              		.loc 1 1646 5 discriminator 3 view .LVU1200
 4169 00c8 0123     		movs	r3, #1
 4170 00ca 85F84530 		strb	r3, [r5, #69]
 4171 00ce D6E7     		b	.L350
 4172              	.L355:
1646:Drivers/STM32G4xx_HAL_Driver/Src/stm32g4xx_hal_tim_ex.c ****   }
 4173              		.loc 1 1646 5 discriminator 5 view .LVU1201
 4174 00d0 0123     		movs	r3, #1
 4175 00d2 85F84630 		strb	r3, [r5, #70]
 4176 00d6 D2E7     		b	.L350
 4177              	.LVL264:
 4178              	.L352:
1595:Drivers/STM32G4xx_HAL_Driver/Src/stm32g4xx_hal_tim_ex.c ****   {
 4179              		.loc 1 1595 3 view .LVU1202
 4180 00d8 0120     		movs	r0, #1
 4181              	.LVL265:
 4182              	.L339:
1650:Drivers/STM32G4xx_HAL_Driver/Src/stm32g4xx_hal_tim_ex.c **** }
 4183              		.loc 1 1650 3 is_stmt 1 view .LVU1203
1651:Drivers/STM32G4xx_HAL_Driver/Src/stm32g4xx_hal_tim_ex.c **** 
 4184              		.loc 1 1651 1 is_stmt 0 view .LVU1204
 4185 00da 38BD     		pop	{r3, r4, r5, pc}
1651:Drivers/STM32G4xx_HAL_Driver/Src/stm32g4xx_hal_tim_ex.c **** 
 4186              		.loc 1 1651 1 view .LVU1205
 4187              		.cfi_endproc
 4188              	.LFE350:
ARM GAS  /tmp/ccAXGFxz.s 			page 159


 4190              		.section	.text.HAL_TIMEx_OnePulseN_Start,"ax",%progbits
 4191              		.align	1
 4192              		.global	HAL_TIMEx_OnePulseN_Start
 4193              		.syntax unified
 4194              		.thumb
 4195              		.thumb_func
 4197              	HAL_TIMEx_OnePulseN_Start:
 4198              	.LVL266:
 4199              	.LFB351:
1688:Drivers/STM32G4xx_HAL_Driver/Src/stm32g4xx_hal_tim_ex.c ****   uint32_t input_channel = (OutputChannel == TIM_CHANNEL_1) ? TIM_CHANNEL_2 : TIM_CHANNEL_1;
 4200              		.loc 1 1688 1 is_stmt 1 view -0
 4201              		.cfi_startproc
 4202              		@ args = 0, pretend = 0, frame = 0
 4203              		@ frame_needed = 0, uses_anonymous_args = 0
1688:Drivers/STM32G4xx_HAL_Driver/Src/stm32g4xx_hal_tim_ex.c ****   uint32_t input_channel = (OutputChannel == TIM_CHANNEL_1) ? TIM_CHANNEL_2 : TIM_CHANNEL_1;
 4204              		.loc 1 1688 1 is_stmt 0 view .LVU1207
 4205 0000 38B5     		push	{r3, r4, r5, lr}
 4206              	.LCFI26:
 4207              		.cfi_def_cfa_offset 16
 4208              		.cfi_offset 3, -16
 4209              		.cfi_offset 4, -12
 4210              		.cfi_offset 5, -8
 4211              		.cfi_offset 14, -4
 4212 0002 0446     		mov	r4, r0
1689:Drivers/STM32G4xx_HAL_Driver/Src/stm32g4xx_hal_tim_ex.c ****   HAL_TIM_ChannelStateTypeDef channel_1_state = TIM_CHANNEL_STATE_GET(htim, TIM_CHANNEL_1);
 4213              		.loc 1 1689 3 is_stmt 1 view .LVU1208
1689:Drivers/STM32G4xx_HAL_Driver/Src/stm32g4xx_hal_tim_ex.c ****   HAL_TIM_ChannelStateTypeDef channel_1_state = TIM_CHANNEL_STATE_GET(htim, TIM_CHANNEL_1);
 4214              		.loc 1 1689 77 is_stmt 0 view .LVU1209
 4215 0004 8E46     		mov	lr, r1
 4216 0006 A1B9     		cbnz	r1, .L359
1689:Drivers/STM32G4xx_HAL_Driver/Src/stm32g4xx_hal_tim_ex.c ****   HAL_TIM_ChannelStateTypeDef channel_1_state = TIM_CHANNEL_STATE_GET(htim, TIM_CHANNEL_1);
 4217              		.loc 1 1689 12 discriminator 1 view .LVU1210
 4218 0008 0423     		movs	r3, #4
 4219 000a 1D46     		mov	r5, r3
 4220              	.L357:
 4221              	.LVL267:
1690:Drivers/STM32G4xx_HAL_Driver/Src/stm32g4xx_hal_tim_ex.c ****   HAL_TIM_ChannelStateTypeDef channel_2_state = TIM_CHANNEL_STATE_GET(htim, TIM_CHANNEL_2);
 4222              		.loc 1 1690 3 is_stmt 1 view .LVU1211
1690:Drivers/STM32G4xx_HAL_Driver/Src/stm32g4xx_hal_tim_ex.c ****   HAL_TIM_ChannelStateTypeDef channel_2_state = TIM_CHANNEL_STATE_GET(htim, TIM_CHANNEL_2);
 4223              		.loc 1 1690 31 is_stmt 0 view .LVU1212
 4224 000c 94F83E00 		ldrb	r0, [r4, #62]	@ zero_extendqisi2
 4225              	.LVL268:
1691:Drivers/STM32G4xx_HAL_Driver/Src/stm32g4xx_hal_tim_ex.c ****   HAL_TIM_ChannelStateTypeDef complementary_channel_1_state = TIM_CHANNEL_N_STATE_GET(htim, TIM_CHA
 4226              		.loc 1 1691 3 is_stmt 1 view .LVU1213
1691:Drivers/STM32G4xx_HAL_Driver/Src/stm32g4xx_hal_tim_ex.c ****   HAL_TIM_ChannelStateTypeDef complementary_channel_1_state = TIM_CHANNEL_N_STATE_GET(htim, TIM_CHA
 4227              		.loc 1 1691 31 is_stmt 0 view .LVU1214
 4228 0010 94F83F30 		ldrb	r3, [r4, #63]	@ zero_extendqisi2
 4229              	.LVL269:
1692:Drivers/STM32G4xx_HAL_Driver/Src/stm32g4xx_hal_tim_ex.c ****   HAL_TIM_ChannelStateTypeDef complementary_channel_2_state = TIM_CHANNEL_N_STATE_GET(htim, TIM_CHA
 4230              		.loc 1 1692 3 is_stmt 1 view .LVU1215
1692:Drivers/STM32G4xx_HAL_Driver/Src/stm32g4xx_hal_tim_ex.c ****   HAL_TIM_ChannelStateTypeDef complementary_channel_2_state = TIM_CHANNEL_N_STATE_GET(htim, TIM_CHA
 4231              		.loc 1 1692 31 is_stmt 0 view .LVU1216
 4232 0014 94F84420 		ldrb	r2, [r4, #68]	@ zero_extendqisi2
 4233              	.LVL270:
1693:Drivers/STM32G4xx_HAL_Driver/Src/stm32g4xx_hal_tim_ex.c **** 
 4234              		.loc 1 1693 3 is_stmt 1 view .LVU1217
1693:Drivers/STM32G4xx_HAL_Driver/Src/stm32g4xx_hal_tim_ex.c **** 
ARM GAS  /tmp/ccAXGFxz.s 			page 160


 4235              		.loc 1 1693 31 is_stmt 0 view .LVU1218
 4236 0018 94F845C0 		ldrb	ip, [r4, #69]	@ zero_extendqisi2
 4237              	.LVL271:
1696:Drivers/STM32G4xx_HAL_Driver/Src/stm32g4xx_hal_tim_ex.c **** 
 4238              		.loc 1 1696 3 is_stmt 1 view .LVU1219
1699:Drivers/STM32G4xx_HAL_Driver/Src/stm32g4xx_hal_tim_ex.c ****       || (channel_2_state != HAL_TIM_CHANNEL_STATE_READY)
 4239              		.loc 1 1699 3 view .LVU1220
1699:Drivers/STM32G4xx_HAL_Driver/Src/stm32g4xx_hal_tim_ex.c ****       || (channel_2_state != HAL_TIM_CHANNEL_STATE_READY)
 4240              		.loc 1 1699 6 is_stmt 0 view .LVU1221
 4241 001c 0128     		cmp	r0, #1
 4242 001e 25D1     		bne	.L360
1700:Drivers/STM32G4xx_HAL_Driver/Src/stm32g4xx_hal_tim_ex.c ****       || (complementary_channel_1_state != HAL_TIM_CHANNEL_STATE_READY)
 4243              		.loc 1 1700 7 view .LVU1222
 4244 0020 012B     		cmp	r3, #1
 4245 0022 24D1     		bne	.L358
1701:Drivers/STM32G4xx_HAL_Driver/Src/stm32g4xx_hal_tim_ex.c ****       || (complementary_channel_2_state != HAL_TIM_CHANNEL_STATE_READY))
 4246              		.loc 1 1701 7 view .LVU1223
 4247 0024 012A     		cmp	r2, #1
 4248 0026 23D1     		bne	.L361
1702:Drivers/STM32G4xx_HAL_Driver/Src/stm32g4xx_hal_tim_ex.c ****   {
 4249              		.loc 1 1702 7 view .LVU1224
 4250 0028 BCF1010F 		cmp	ip, #1
 4251 002c 04D0     		beq	.L364
1704:Drivers/STM32G4xx_HAL_Driver/Src/stm32g4xx_hal_tim_ex.c ****   }
 4252              		.loc 1 1704 12 view .LVU1225
 4253 002e 1046     		mov	r0, r2
 4254              	.LVL272:
1704:Drivers/STM32G4xx_HAL_Driver/Src/stm32g4xx_hal_tim_ex.c ****   }
 4255              		.loc 1 1704 12 view .LVU1226
 4256 0030 1DE0     		b	.L358
 4257              	.LVL273:
 4258              	.L359:
1689:Drivers/STM32G4xx_HAL_Driver/Src/stm32g4xx_hal_tim_ex.c ****   HAL_TIM_ChannelStateTypeDef channel_1_state = TIM_CHANNEL_STATE_GET(htim, TIM_CHANNEL_1);
 4259              		.loc 1 1689 12 discriminator 2 view .LVU1227
 4260 0032 0023     		movs	r3, #0
 4261 0034 1D46     		mov	r5, r3
 4262 0036 E9E7     		b	.L357
 4263              	.LVL274:
 4264              	.L364:
1708:Drivers/STM32G4xx_HAL_Driver/Src/stm32g4xx_hal_tim_ex.c ****   TIM_CHANNEL_STATE_SET(htim, TIM_CHANNEL_2, HAL_TIM_CHANNEL_STATE_BUSY);
 4265              		.loc 1 1708 3 is_stmt 1 view .LVU1228
 4266 0038 0223     		movs	r3, #2
 4267              	.LVL275:
1708:Drivers/STM32G4xx_HAL_Driver/Src/stm32g4xx_hal_tim_ex.c ****   TIM_CHANNEL_STATE_SET(htim, TIM_CHANNEL_2, HAL_TIM_CHANNEL_STATE_BUSY);
 4268              		.loc 1 1708 3 is_stmt 0 view .LVU1229
 4269 003a 84F83E30 		strb	r3, [r4, #62]
1709:Drivers/STM32G4xx_HAL_Driver/Src/stm32g4xx_hal_tim_ex.c ****   TIM_CHANNEL_N_STATE_SET(htim, TIM_CHANNEL_1, HAL_TIM_CHANNEL_STATE_BUSY);
 4270              		.loc 1 1709 3 is_stmt 1 view .LVU1230
 4271 003e 84F83F30 		strb	r3, [r4, #63]
1710:Drivers/STM32G4xx_HAL_Driver/Src/stm32g4xx_hal_tim_ex.c ****   TIM_CHANNEL_N_STATE_SET(htim, TIM_CHANNEL_2, HAL_TIM_CHANNEL_STATE_BUSY);
 4272              		.loc 1 1710 3 view .LVU1231
 4273 0042 84F84430 		strb	r3, [r4, #68]
1711:Drivers/STM32G4xx_HAL_Driver/Src/stm32g4xx_hal_tim_ex.c **** 
 4274              		.loc 1 1711 3 view .LVU1232
 4275 0046 84F84530 		strb	r3, [r4, #69]
1714:Drivers/STM32G4xx_HAL_Driver/Src/stm32g4xx_hal_tim_ex.c ****   TIM_CCxChannelCmd(htim->Instance, input_channel, TIM_CCx_ENABLE);
 4276              		.loc 1 1714 3 view .LVU1233
ARM GAS  /tmp/ccAXGFxz.s 			page 161


 4277 004a 0422     		movs	r2, #4
 4278              	.LVL276:
1714:Drivers/STM32G4xx_HAL_Driver/Src/stm32g4xx_hal_tim_ex.c ****   TIM_CCxChannelCmd(htim->Instance, input_channel, TIM_CCx_ENABLE);
 4279              		.loc 1 1714 3 is_stmt 0 view .LVU1234
 4280 004c 7146     		mov	r1, lr
 4281              	.LVL277:
1714:Drivers/STM32G4xx_HAL_Driver/Src/stm32g4xx_hal_tim_ex.c ****   TIM_CCxChannelCmd(htim->Instance, input_channel, TIM_CCx_ENABLE);
 4282              		.loc 1 1714 3 view .LVU1235
 4283 004e 2068     		ldr	r0, [r4]
 4284              	.LVL278:
1714:Drivers/STM32G4xx_HAL_Driver/Src/stm32g4xx_hal_tim_ex.c ****   TIM_CCxChannelCmd(htim->Instance, input_channel, TIM_CCx_ENABLE);
 4285              		.loc 1 1714 3 view .LVU1236
 4286 0050 FFF7FEFF 		bl	TIM_CCxNChannelCmd
 4287              	.LVL279:
1715:Drivers/STM32G4xx_HAL_Driver/Src/stm32g4xx_hal_tim_ex.c **** 
 4288              		.loc 1 1715 3 is_stmt 1 view .LVU1237
 4289 0054 0122     		movs	r2, #1
 4290 0056 2946     		mov	r1, r5
 4291 0058 2068     		ldr	r0, [r4]
 4292 005a FFF7FEFF 		bl	TIM_CCxChannelCmd
 4293              	.LVL280:
1718:Drivers/STM32G4xx_HAL_Driver/Src/stm32g4xx_hal_tim_ex.c **** 
 4294              		.loc 1 1718 3 view .LVU1238
 4295 005e 2268     		ldr	r2, [r4]
 4296 0060 536C     		ldr	r3, [r2, #68]
 4297 0062 43F40043 		orr	r3, r3, #32768
 4298 0066 5364     		str	r3, [r2, #68]
1721:Drivers/STM32G4xx_HAL_Driver/Src/stm32g4xx_hal_tim_ex.c **** }
 4299              		.loc 1 1721 3 view .LVU1239
1721:Drivers/STM32G4xx_HAL_Driver/Src/stm32g4xx_hal_tim_ex.c **** }
 4300              		.loc 1 1721 10 is_stmt 0 view .LVU1240
 4301 0068 0020     		movs	r0, #0
 4302 006a 00E0     		b	.L358
 4303              	.LVL281:
 4304              	.L360:
1704:Drivers/STM32G4xx_HAL_Driver/Src/stm32g4xx_hal_tim_ex.c ****   }
 4305              		.loc 1 1704 12 view .LVU1241
 4306 006c 0120     		movs	r0, #1
 4307              	.LVL282:
 4308              	.L358:
1722:Drivers/STM32G4xx_HAL_Driver/Src/stm32g4xx_hal_tim_ex.c **** 
 4309              		.loc 1 1722 1 view .LVU1242
 4310 006e 38BD     		pop	{r3, r4, r5, pc}
 4311              	.LVL283:
 4312              	.L361:
1704:Drivers/STM32G4xx_HAL_Driver/Src/stm32g4xx_hal_tim_ex.c ****   }
 4313              		.loc 1 1704 12 view .LVU1243
 4314 0070 1846     		mov	r0, r3
 4315              	.LVL284:
1704:Drivers/STM32G4xx_HAL_Driver/Src/stm32g4xx_hal_tim_ex.c ****   }
 4316              		.loc 1 1704 12 view .LVU1244
 4317 0072 FCE7     		b	.L358
 4318              		.cfi_endproc
 4319              	.LFE351:
 4321              		.section	.text.HAL_TIMEx_OnePulseN_Stop,"ax",%progbits
 4322              		.align	1
 4323              		.global	HAL_TIMEx_OnePulseN_Stop
ARM GAS  /tmp/ccAXGFxz.s 			page 162


 4324              		.syntax unified
 4325              		.thumb
 4326              		.thumb_func
 4328              	HAL_TIMEx_OnePulseN_Stop:
 4329              	.LVL285:
 4330              	.LFB352:
1737:Drivers/STM32G4xx_HAL_Driver/Src/stm32g4xx_hal_tim_ex.c ****   uint32_t input_channel = (OutputChannel == TIM_CHANNEL_1) ? TIM_CHANNEL_2 : TIM_CHANNEL_1;
 4331              		.loc 1 1737 1 is_stmt 1 view -0
 4332              		.cfi_startproc
 4333              		@ args = 0, pretend = 0, frame = 0
 4334              		@ frame_needed = 0, uses_anonymous_args = 0
1737:Drivers/STM32G4xx_HAL_Driver/Src/stm32g4xx_hal_tim_ex.c ****   uint32_t input_channel = (OutputChannel == TIM_CHANNEL_1) ? TIM_CHANNEL_2 : TIM_CHANNEL_1;
 4335              		.loc 1 1737 1 is_stmt 0 view .LVU1246
 4336 0000 38B5     		push	{r3, r4, r5, lr}
 4337              	.LCFI27:
 4338              		.cfi_def_cfa_offset 16
 4339              		.cfi_offset 3, -16
 4340              		.cfi_offset 4, -12
 4341              		.cfi_offset 5, -8
 4342              		.cfi_offset 14, -4
 4343 0002 0446     		mov	r4, r0
1738:Drivers/STM32G4xx_HAL_Driver/Src/stm32g4xx_hal_tim_ex.c **** 
 4344              		.loc 1 1738 3 is_stmt 1 view .LVU1247
1738:Drivers/STM32G4xx_HAL_Driver/Src/stm32g4xx_hal_tim_ex.c **** 
 4345              		.loc 1 1738 77 is_stmt 0 view .LVU1248
 4346 0004 0029     		cmp	r1, #0
 4347 0006 35D1     		bne	.L369
1738:Drivers/STM32G4xx_HAL_Driver/Src/stm32g4xx_hal_tim_ex.c **** 
 4348              		.loc 1 1738 12 discriminator 1 view .LVU1249
 4349 0008 0423     		movs	r3, #4
 4350 000a 1D46     		mov	r5, r3
 4351              	.L366:
 4352              	.LVL286:
1741:Drivers/STM32G4xx_HAL_Driver/Src/stm32g4xx_hal_tim_ex.c **** 
 4353              		.loc 1 1741 3 is_stmt 1 view .LVU1250
1744:Drivers/STM32G4xx_HAL_Driver/Src/stm32g4xx_hal_tim_ex.c ****   TIM_CCxChannelCmd(htim->Instance, input_channel, TIM_CCx_DISABLE);
 4354              		.loc 1 1744 3 view .LVU1251
 4355 000c 0022     		movs	r2, #0
 4356 000e 2068     		ldr	r0, [r4]
 4357              	.LVL287:
1744:Drivers/STM32G4xx_HAL_Driver/Src/stm32g4xx_hal_tim_ex.c ****   TIM_CCxChannelCmd(htim->Instance, input_channel, TIM_CCx_DISABLE);
 4358              		.loc 1 1744 3 is_stmt 0 view .LVU1252
 4359 0010 FFF7FEFF 		bl	TIM_CCxNChannelCmd
 4360              	.LVL288:
1745:Drivers/STM32G4xx_HAL_Driver/Src/stm32g4xx_hal_tim_ex.c **** 
 4361              		.loc 1 1745 3 is_stmt 1 view .LVU1253
 4362 0014 0022     		movs	r2, #0
 4363 0016 2946     		mov	r1, r5
 4364 0018 2068     		ldr	r0, [r4]
 4365 001a FFF7FEFF 		bl	TIM_CCxChannelCmd
 4366              	.LVL289:
1748:Drivers/STM32G4xx_HAL_Driver/Src/stm32g4xx_hal_tim_ex.c **** 
 4367              		.loc 1 1748 3 view .LVU1254
1748:Drivers/STM32G4xx_HAL_Driver/Src/stm32g4xx_hal_tim_ex.c **** 
 4368              		.loc 1 1748 3 view .LVU1255
 4369 001e 2268     		ldr	r2, [r4]
 4370 0020 136A     		ldr	r3, [r2, #32]
ARM GAS  /tmp/ccAXGFxz.s 			page 163


 4371 0022 03F01133 		and	r3, r3, #286331153
 4372 0026 23F08853 		bic	r3, r3, #285212672
 4373 002a 43B9     		cbnz	r3, .L367
1748:Drivers/STM32G4xx_HAL_Driver/Src/stm32g4xx_hal_tim_ex.c **** 
 4374              		.loc 1 1748 3 discriminator 1 view .LVU1256
 4375 002c 116A     		ldr	r1, [r2, #32]
 4376 002e 44F24443 		movw	r3, #17476
 4377 0032 1942     		tst	r1, r3
 4378 0034 03D1     		bne	.L367
1748:Drivers/STM32G4xx_HAL_Driver/Src/stm32g4xx_hal_tim_ex.c **** 
 4379              		.loc 1 1748 3 discriminator 2 view .LVU1257
 4380 0036 536C     		ldr	r3, [r2, #68]
 4381 0038 23F40043 		bic	r3, r3, #32768
 4382 003c 5364     		str	r3, [r2, #68]
 4383              	.L367:
1748:Drivers/STM32G4xx_HAL_Driver/Src/stm32g4xx_hal_tim_ex.c **** 
 4384              		.loc 1 1748 3 discriminator 3 view .LVU1258
1751:Drivers/STM32G4xx_HAL_Driver/Src/stm32g4xx_hal_tim_ex.c **** 
 4385              		.loc 1 1751 3 view .LVU1259
1751:Drivers/STM32G4xx_HAL_Driver/Src/stm32g4xx_hal_tim_ex.c **** 
 4386              		.loc 1 1751 3 view .LVU1260
 4387 003e 2268     		ldr	r2, [r4]
 4388 0040 136A     		ldr	r3, [r2, #32]
 4389 0042 03F01133 		and	r3, r3, #286331153
 4390 0046 23F08853 		bic	r3, r3, #285212672
 4391 004a 43B9     		cbnz	r3, .L368
1751:Drivers/STM32G4xx_HAL_Driver/Src/stm32g4xx_hal_tim_ex.c **** 
 4392              		.loc 1 1751 3 discriminator 1 view .LVU1261
 4393 004c 116A     		ldr	r1, [r2, #32]
 4394 004e 44F24443 		movw	r3, #17476
 4395 0052 1942     		tst	r1, r3
 4396 0054 03D1     		bne	.L368
1751:Drivers/STM32G4xx_HAL_Driver/Src/stm32g4xx_hal_tim_ex.c **** 
 4397              		.loc 1 1751 3 discriminator 2 view .LVU1262
 4398 0056 1368     		ldr	r3, [r2]
 4399 0058 23F00103 		bic	r3, r3, #1
 4400 005c 1360     		str	r3, [r2]
 4401              	.L368:
1751:Drivers/STM32G4xx_HAL_Driver/Src/stm32g4xx_hal_tim_ex.c **** 
 4402              		.loc 1 1751 3 discriminator 3 view .LVU1263
1754:Drivers/STM32G4xx_HAL_Driver/Src/stm32g4xx_hal_tim_ex.c ****   TIM_CHANNEL_STATE_SET(htim, TIM_CHANNEL_2, HAL_TIM_CHANNEL_STATE_READY);
 4403              		.loc 1 1754 3 view .LVU1264
 4404 005e 0123     		movs	r3, #1
 4405 0060 84F83E30 		strb	r3, [r4, #62]
1755:Drivers/STM32G4xx_HAL_Driver/Src/stm32g4xx_hal_tim_ex.c ****   TIM_CHANNEL_N_STATE_SET(htim, TIM_CHANNEL_1, HAL_TIM_CHANNEL_STATE_READY);
 4406              		.loc 1 1755 3 view .LVU1265
 4407 0064 84F83F30 		strb	r3, [r4, #63]
1756:Drivers/STM32G4xx_HAL_Driver/Src/stm32g4xx_hal_tim_ex.c ****   TIM_CHANNEL_N_STATE_SET(htim, TIM_CHANNEL_2, HAL_TIM_CHANNEL_STATE_READY);
 4408              		.loc 1 1756 3 view .LVU1266
 4409 0068 84F84430 		strb	r3, [r4, #68]
1757:Drivers/STM32G4xx_HAL_Driver/Src/stm32g4xx_hal_tim_ex.c **** 
 4410              		.loc 1 1757 3 view .LVU1267
 4411 006c 84F84530 		strb	r3, [r4, #69]
1760:Drivers/STM32G4xx_HAL_Driver/Src/stm32g4xx_hal_tim_ex.c **** }
 4412              		.loc 1 1760 3 view .LVU1268
1761:Drivers/STM32G4xx_HAL_Driver/Src/stm32g4xx_hal_tim_ex.c **** 
 4413              		.loc 1 1761 1 is_stmt 0 view .LVU1269
ARM GAS  /tmp/ccAXGFxz.s 			page 164


 4414 0070 0020     		movs	r0, #0
 4415 0072 38BD     		pop	{r3, r4, r5, pc}
 4416              	.LVL290:
 4417              	.L369:
1738:Drivers/STM32G4xx_HAL_Driver/Src/stm32g4xx_hal_tim_ex.c **** 
 4418              		.loc 1 1738 12 discriminator 2 view .LVU1270
 4419 0074 0023     		movs	r3, #0
 4420 0076 1D46     		mov	r5, r3
 4421 0078 C8E7     		b	.L366
 4422              		.cfi_endproc
 4423              	.LFE352:
 4425              		.section	.text.HAL_TIMEx_OnePulseN_Start_IT,"ax",%progbits
 4426              		.align	1
 4427              		.global	HAL_TIMEx_OnePulseN_Start_IT
 4428              		.syntax unified
 4429              		.thumb
 4430              		.thumb_func
 4432              	HAL_TIMEx_OnePulseN_Start_IT:
 4433              	.LVL291:
 4434              	.LFB353:
1776:Drivers/STM32G4xx_HAL_Driver/Src/stm32g4xx_hal_tim_ex.c ****   uint32_t input_channel = (OutputChannel == TIM_CHANNEL_1) ? TIM_CHANNEL_2 : TIM_CHANNEL_1;
 4435              		.loc 1 1776 1 is_stmt 1 view -0
 4436              		.cfi_startproc
 4437              		@ args = 0, pretend = 0, frame = 0
 4438              		@ frame_needed = 0, uses_anonymous_args = 0
1776:Drivers/STM32G4xx_HAL_Driver/Src/stm32g4xx_hal_tim_ex.c ****   uint32_t input_channel = (OutputChannel == TIM_CHANNEL_1) ? TIM_CHANNEL_2 : TIM_CHANNEL_1;
 4439              		.loc 1 1776 1 is_stmt 0 view .LVU1272
 4440 0000 38B5     		push	{r3, r4, r5, lr}
 4441              	.LCFI28:
 4442              		.cfi_def_cfa_offset 16
 4443              		.cfi_offset 3, -16
 4444              		.cfi_offset 4, -12
 4445              		.cfi_offset 5, -8
 4446              		.cfi_offset 14, -4
 4447 0002 0446     		mov	r4, r0
1777:Drivers/STM32G4xx_HAL_Driver/Src/stm32g4xx_hal_tim_ex.c ****   HAL_TIM_ChannelStateTypeDef channel_1_state = TIM_CHANNEL_STATE_GET(htim, TIM_CHANNEL_1);
 4448              		.loc 1 1777 3 is_stmt 1 view .LVU1273
1777:Drivers/STM32G4xx_HAL_Driver/Src/stm32g4xx_hal_tim_ex.c ****   HAL_TIM_ChannelStateTypeDef channel_1_state = TIM_CHANNEL_STATE_GET(htim, TIM_CHANNEL_1);
 4449              		.loc 1 1777 77 is_stmt 0 view .LVU1274
 4450 0004 8E46     		mov	lr, r1
 4451 0006 A1B9     		cbnz	r1, .L374
1777:Drivers/STM32G4xx_HAL_Driver/Src/stm32g4xx_hal_tim_ex.c ****   HAL_TIM_ChannelStateTypeDef channel_1_state = TIM_CHANNEL_STATE_GET(htim, TIM_CHANNEL_1);
 4452              		.loc 1 1777 12 discriminator 1 view .LVU1275
 4453 0008 0423     		movs	r3, #4
 4454 000a 1D46     		mov	r5, r3
 4455              	.L372:
 4456              	.LVL292:
1778:Drivers/STM32G4xx_HAL_Driver/Src/stm32g4xx_hal_tim_ex.c ****   HAL_TIM_ChannelStateTypeDef channel_2_state = TIM_CHANNEL_STATE_GET(htim, TIM_CHANNEL_2);
 4457              		.loc 1 1778 3 is_stmt 1 view .LVU1276
1778:Drivers/STM32G4xx_HAL_Driver/Src/stm32g4xx_hal_tim_ex.c ****   HAL_TIM_ChannelStateTypeDef channel_2_state = TIM_CHANNEL_STATE_GET(htim, TIM_CHANNEL_2);
 4458              		.loc 1 1778 31 is_stmt 0 view .LVU1277
 4459 000c 94F83E00 		ldrb	r0, [r4, #62]	@ zero_extendqisi2
 4460              	.LVL293:
1779:Drivers/STM32G4xx_HAL_Driver/Src/stm32g4xx_hal_tim_ex.c ****   HAL_TIM_ChannelStateTypeDef complementary_channel_1_state = TIM_CHANNEL_N_STATE_GET(htim, TIM_CHA
 4461              		.loc 1 1779 3 is_stmt 1 view .LVU1278
1779:Drivers/STM32G4xx_HAL_Driver/Src/stm32g4xx_hal_tim_ex.c ****   HAL_TIM_ChannelStateTypeDef complementary_channel_1_state = TIM_CHANNEL_N_STATE_GET(htim, TIM_CHA
 4462              		.loc 1 1779 31 is_stmt 0 view .LVU1279
ARM GAS  /tmp/ccAXGFxz.s 			page 165


 4463 0010 94F83F30 		ldrb	r3, [r4, #63]	@ zero_extendqisi2
 4464              	.LVL294:
1780:Drivers/STM32G4xx_HAL_Driver/Src/stm32g4xx_hal_tim_ex.c ****   HAL_TIM_ChannelStateTypeDef complementary_channel_2_state = TIM_CHANNEL_N_STATE_GET(htim, TIM_CHA
 4465              		.loc 1 1780 3 is_stmt 1 view .LVU1280
1780:Drivers/STM32G4xx_HAL_Driver/Src/stm32g4xx_hal_tim_ex.c ****   HAL_TIM_ChannelStateTypeDef complementary_channel_2_state = TIM_CHANNEL_N_STATE_GET(htim, TIM_CHA
 4466              		.loc 1 1780 31 is_stmt 0 view .LVU1281
 4467 0014 94F84420 		ldrb	r2, [r4, #68]	@ zero_extendqisi2
 4468              	.LVL295:
1781:Drivers/STM32G4xx_HAL_Driver/Src/stm32g4xx_hal_tim_ex.c **** 
 4469              		.loc 1 1781 3 is_stmt 1 view .LVU1282
1781:Drivers/STM32G4xx_HAL_Driver/Src/stm32g4xx_hal_tim_ex.c **** 
 4470              		.loc 1 1781 31 is_stmt 0 view .LVU1283
 4471 0018 94F845C0 		ldrb	ip, [r4, #69]	@ zero_extendqisi2
 4472              	.LVL296:
1784:Drivers/STM32G4xx_HAL_Driver/Src/stm32g4xx_hal_tim_ex.c **** 
 4473              		.loc 1 1784 3 is_stmt 1 view .LVU1284
1787:Drivers/STM32G4xx_HAL_Driver/Src/stm32g4xx_hal_tim_ex.c ****       || (channel_2_state != HAL_TIM_CHANNEL_STATE_READY)
 4474              		.loc 1 1787 3 view .LVU1285
1787:Drivers/STM32G4xx_HAL_Driver/Src/stm32g4xx_hal_tim_ex.c ****       || (channel_2_state != HAL_TIM_CHANNEL_STATE_READY)
 4475              		.loc 1 1787 6 is_stmt 0 view .LVU1286
 4476 001c 0128     		cmp	r0, #1
 4477 001e 2FD1     		bne	.L375
1788:Drivers/STM32G4xx_HAL_Driver/Src/stm32g4xx_hal_tim_ex.c ****       || (complementary_channel_1_state != HAL_TIM_CHANNEL_STATE_READY)
 4478              		.loc 1 1788 7 view .LVU1287
 4479 0020 012B     		cmp	r3, #1
 4480 0022 2ED1     		bne	.L373
1789:Drivers/STM32G4xx_HAL_Driver/Src/stm32g4xx_hal_tim_ex.c ****       || (complementary_channel_2_state != HAL_TIM_CHANNEL_STATE_READY))
 4481              		.loc 1 1789 7 view .LVU1288
 4482 0024 012A     		cmp	r2, #1
 4483 0026 2DD1     		bne	.L376
1790:Drivers/STM32G4xx_HAL_Driver/Src/stm32g4xx_hal_tim_ex.c ****   {
 4484              		.loc 1 1790 7 view .LVU1289
 4485 0028 BCF1010F 		cmp	ip, #1
 4486 002c 04D0     		beq	.L379
1792:Drivers/STM32G4xx_HAL_Driver/Src/stm32g4xx_hal_tim_ex.c ****   }
 4487              		.loc 1 1792 12 view .LVU1290
 4488 002e 1046     		mov	r0, r2
 4489              	.LVL297:
1792:Drivers/STM32G4xx_HAL_Driver/Src/stm32g4xx_hal_tim_ex.c ****   }
 4490              		.loc 1 1792 12 view .LVU1291
 4491 0030 27E0     		b	.L373
 4492              	.LVL298:
 4493              	.L374:
1777:Drivers/STM32G4xx_HAL_Driver/Src/stm32g4xx_hal_tim_ex.c ****   HAL_TIM_ChannelStateTypeDef channel_1_state = TIM_CHANNEL_STATE_GET(htim, TIM_CHANNEL_1);
 4494              		.loc 1 1777 12 discriminator 2 view .LVU1292
 4495 0032 0023     		movs	r3, #0
 4496 0034 1D46     		mov	r5, r3
 4497 0036 E9E7     		b	.L372
 4498              	.LVL299:
 4499              	.L379:
1796:Drivers/STM32G4xx_HAL_Driver/Src/stm32g4xx_hal_tim_ex.c ****   TIM_CHANNEL_STATE_SET(htim, TIM_CHANNEL_2, HAL_TIM_CHANNEL_STATE_BUSY);
 4500              		.loc 1 1796 3 is_stmt 1 view .LVU1293
 4501 0038 0223     		movs	r3, #2
 4502              	.LVL300:
1796:Drivers/STM32G4xx_HAL_Driver/Src/stm32g4xx_hal_tim_ex.c ****   TIM_CHANNEL_STATE_SET(htim, TIM_CHANNEL_2, HAL_TIM_CHANNEL_STATE_BUSY);
 4503              		.loc 1 1796 3 is_stmt 0 view .LVU1294
 4504 003a 84F83E30 		strb	r3, [r4, #62]
ARM GAS  /tmp/ccAXGFxz.s 			page 166


1797:Drivers/STM32G4xx_HAL_Driver/Src/stm32g4xx_hal_tim_ex.c ****   TIM_CHANNEL_N_STATE_SET(htim, TIM_CHANNEL_1, HAL_TIM_CHANNEL_STATE_BUSY);
 4505              		.loc 1 1797 3 is_stmt 1 view .LVU1295
 4506 003e 84F83F30 		strb	r3, [r4, #63]
1798:Drivers/STM32G4xx_HAL_Driver/Src/stm32g4xx_hal_tim_ex.c ****   TIM_CHANNEL_N_STATE_SET(htim, TIM_CHANNEL_2, HAL_TIM_CHANNEL_STATE_BUSY);
 4507              		.loc 1 1798 3 view .LVU1296
 4508 0042 84F84430 		strb	r3, [r4, #68]
1799:Drivers/STM32G4xx_HAL_Driver/Src/stm32g4xx_hal_tim_ex.c **** 
 4509              		.loc 1 1799 3 view .LVU1297
 4510 0046 84F84530 		strb	r3, [r4, #69]
1802:Drivers/STM32G4xx_HAL_Driver/Src/stm32g4xx_hal_tim_ex.c **** 
 4511              		.loc 1 1802 3 view .LVU1298
 4512 004a 2268     		ldr	r2, [r4]
 4513              	.LVL301:
1802:Drivers/STM32G4xx_HAL_Driver/Src/stm32g4xx_hal_tim_ex.c **** 
 4514              		.loc 1 1802 3 is_stmt 0 view .LVU1299
 4515 004c D368     		ldr	r3, [r2, #12]
 4516 004e 43F00203 		orr	r3, r3, #2
 4517 0052 D360     		str	r3, [r2, #12]
1805:Drivers/STM32G4xx_HAL_Driver/Src/stm32g4xx_hal_tim_ex.c **** 
 4518              		.loc 1 1805 3 is_stmt 1 view .LVU1300
 4519 0054 2268     		ldr	r2, [r4]
 4520 0056 D368     		ldr	r3, [r2, #12]
 4521 0058 43F00403 		orr	r3, r3, #4
 4522 005c D360     		str	r3, [r2, #12]
1808:Drivers/STM32G4xx_HAL_Driver/Src/stm32g4xx_hal_tim_ex.c ****   TIM_CCxChannelCmd(htim->Instance, input_channel, TIM_CCx_ENABLE);
 4523              		.loc 1 1808 3 view .LVU1301
 4524 005e 0422     		movs	r2, #4
 4525 0060 7146     		mov	r1, lr
 4526              	.LVL302:
1808:Drivers/STM32G4xx_HAL_Driver/Src/stm32g4xx_hal_tim_ex.c ****   TIM_CCxChannelCmd(htim->Instance, input_channel, TIM_CCx_ENABLE);
 4527              		.loc 1 1808 3 is_stmt 0 view .LVU1302
 4528 0062 2068     		ldr	r0, [r4]
 4529              	.LVL303:
1808:Drivers/STM32G4xx_HAL_Driver/Src/stm32g4xx_hal_tim_ex.c ****   TIM_CCxChannelCmd(htim->Instance, input_channel, TIM_CCx_ENABLE);
 4530              		.loc 1 1808 3 view .LVU1303
 4531 0064 FFF7FEFF 		bl	TIM_CCxNChannelCmd
 4532              	.LVL304:
1809:Drivers/STM32G4xx_HAL_Driver/Src/stm32g4xx_hal_tim_ex.c **** 
 4533              		.loc 1 1809 3 is_stmt 1 view .LVU1304
 4534 0068 0122     		movs	r2, #1
 4535 006a 2946     		mov	r1, r5
 4536 006c 2068     		ldr	r0, [r4]
 4537 006e FFF7FEFF 		bl	TIM_CCxChannelCmd
 4538              	.LVL305:
1812:Drivers/STM32G4xx_HAL_Driver/Src/stm32g4xx_hal_tim_ex.c **** 
 4539              		.loc 1 1812 3 view .LVU1305
 4540 0072 2268     		ldr	r2, [r4]
 4541 0074 536C     		ldr	r3, [r2, #68]
 4542 0076 43F40043 		orr	r3, r3, #32768
 4543 007a 5364     		str	r3, [r2, #68]
1815:Drivers/STM32G4xx_HAL_Driver/Src/stm32g4xx_hal_tim_ex.c **** }
 4544              		.loc 1 1815 3 view .LVU1306
1815:Drivers/STM32G4xx_HAL_Driver/Src/stm32g4xx_hal_tim_ex.c **** }
 4545              		.loc 1 1815 10 is_stmt 0 view .LVU1307
 4546 007c 0020     		movs	r0, #0
 4547 007e 00E0     		b	.L373
 4548              	.LVL306:
ARM GAS  /tmp/ccAXGFxz.s 			page 167


 4549              	.L375:
1792:Drivers/STM32G4xx_HAL_Driver/Src/stm32g4xx_hal_tim_ex.c ****   }
 4550              		.loc 1 1792 12 view .LVU1308
 4551 0080 0120     		movs	r0, #1
 4552              	.LVL307:
 4553              	.L373:
1816:Drivers/STM32G4xx_HAL_Driver/Src/stm32g4xx_hal_tim_ex.c **** 
 4554              		.loc 1 1816 1 view .LVU1309
 4555 0082 38BD     		pop	{r3, r4, r5, pc}
 4556              	.LVL308:
 4557              	.L376:
1792:Drivers/STM32G4xx_HAL_Driver/Src/stm32g4xx_hal_tim_ex.c ****   }
 4558              		.loc 1 1792 12 view .LVU1310
 4559 0084 1846     		mov	r0, r3
 4560              	.LVL309:
1792:Drivers/STM32G4xx_HAL_Driver/Src/stm32g4xx_hal_tim_ex.c ****   }
 4561              		.loc 1 1792 12 view .LVU1311
 4562 0086 FCE7     		b	.L373
 4563              		.cfi_endproc
 4564              	.LFE353:
 4566              		.section	.text.HAL_TIMEx_OnePulseN_Stop_IT,"ax",%progbits
 4567              		.align	1
 4568              		.global	HAL_TIMEx_OnePulseN_Stop_IT
 4569              		.syntax unified
 4570              		.thumb
 4571              		.thumb_func
 4573              	HAL_TIMEx_OnePulseN_Stop_IT:
 4574              	.LVL310:
 4575              	.LFB354:
1831:Drivers/STM32G4xx_HAL_Driver/Src/stm32g4xx_hal_tim_ex.c ****   uint32_t input_channel = (OutputChannel == TIM_CHANNEL_1) ? TIM_CHANNEL_2 : TIM_CHANNEL_1;
 4576              		.loc 1 1831 1 is_stmt 1 view -0
 4577              		.cfi_startproc
 4578              		@ args = 0, pretend = 0, frame = 0
 4579              		@ frame_needed = 0, uses_anonymous_args = 0
1831:Drivers/STM32G4xx_HAL_Driver/Src/stm32g4xx_hal_tim_ex.c ****   uint32_t input_channel = (OutputChannel == TIM_CHANNEL_1) ? TIM_CHANNEL_2 : TIM_CHANNEL_1;
 4580              		.loc 1 1831 1 is_stmt 0 view .LVU1313
 4581 0000 38B5     		push	{r3, r4, r5, lr}
 4582              	.LCFI29:
 4583              		.cfi_def_cfa_offset 16
 4584              		.cfi_offset 3, -16
 4585              		.cfi_offset 4, -12
 4586              		.cfi_offset 5, -8
 4587              		.cfi_offset 14, -4
 4588 0002 0446     		mov	r4, r0
1832:Drivers/STM32G4xx_HAL_Driver/Src/stm32g4xx_hal_tim_ex.c **** 
 4589              		.loc 1 1832 3 is_stmt 1 view .LVU1314
1832:Drivers/STM32G4xx_HAL_Driver/Src/stm32g4xx_hal_tim_ex.c **** 
 4590              		.loc 1 1832 77 is_stmt 0 view .LVU1315
 4591 0004 0029     		cmp	r1, #0
 4592 0006 3FD1     		bne	.L384
1832:Drivers/STM32G4xx_HAL_Driver/Src/stm32g4xx_hal_tim_ex.c **** 
 4593              		.loc 1 1832 12 discriminator 1 view .LVU1316
 4594 0008 0423     		movs	r3, #4
 4595 000a 1D46     		mov	r5, r3
 4596              	.L381:
 4597              	.LVL311:
1835:Drivers/STM32G4xx_HAL_Driver/Src/stm32g4xx_hal_tim_ex.c **** 
ARM GAS  /tmp/ccAXGFxz.s 			page 168


 4598              		.loc 1 1835 3 is_stmt 1 view .LVU1317
1838:Drivers/STM32G4xx_HAL_Driver/Src/stm32g4xx_hal_tim_ex.c **** 
 4599              		.loc 1 1838 3 view .LVU1318
 4600 000c 2268     		ldr	r2, [r4]
 4601 000e D368     		ldr	r3, [r2, #12]
 4602 0010 23F00203 		bic	r3, r3, #2
 4603 0014 D360     		str	r3, [r2, #12]
1841:Drivers/STM32G4xx_HAL_Driver/Src/stm32g4xx_hal_tim_ex.c **** 
 4604              		.loc 1 1841 3 view .LVU1319
 4605 0016 2268     		ldr	r2, [r4]
 4606 0018 D368     		ldr	r3, [r2, #12]
 4607 001a 23F00403 		bic	r3, r3, #4
 4608 001e D360     		str	r3, [r2, #12]
1844:Drivers/STM32G4xx_HAL_Driver/Src/stm32g4xx_hal_tim_ex.c ****   TIM_CCxChannelCmd(htim->Instance, input_channel, TIM_CCx_DISABLE);
 4609              		.loc 1 1844 3 view .LVU1320
 4610 0020 0022     		movs	r2, #0
 4611 0022 2068     		ldr	r0, [r4]
 4612              	.LVL312:
1844:Drivers/STM32G4xx_HAL_Driver/Src/stm32g4xx_hal_tim_ex.c ****   TIM_CCxChannelCmd(htim->Instance, input_channel, TIM_CCx_DISABLE);
 4613              		.loc 1 1844 3 is_stmt 0 view .LVU1321
 4614 0024 FFF7FEFF 		bl	TIM_CCxNChannelCmd
 4615              	.LVL313:
1845:Drivers/STM32G4xx_HAL_Driver/Src/stm32g4xx_hal_tim_ex.c **** 
 4616              		.loc 1 1845 3 is_stmt 1 view .LVU1322
 4617 0028 0022     		movs	r2, #0
 4618 002a 2946     		mov	r1, r5
 4619 002c 2068     		ldr	r0, [r4]
 4620 002e FFF7FEFF 		bl	TIM_CCxChannelCmd
 4621              	.LVL314:
1848:Drivers/STM32G4xx_HAL_Driver/Src/stm32g4xx_hal_tim_ex.c **** 
 4622              		.loc 1 1848 3 view .LVU1323
1848:Drivers/STM32G4xx_HAL_Driver/Src/stm32g4xx_hal_tim_ex.c **** 
 4623              		.loc 1 1848 3 view .LVU1324
 4624 0032 2268     		ldr	r2, [r4]
 4625 0034 136A     		ldr	r3, [r2, #32]
 4626 0036 03F01133 		and	r3, r3, #286331153
 4627 003a 23F08853 		bic	r3, r3, #285212672
 4628 003e 43B9     		cbnz	r3, .L382
1848:Drivers/STM32G4xx_HAL_Driver/Src/stm32g4xx_hal_tim_ex.c **** 
 4629              		.loc 1 1848 3 discriminator 1 view .LVU1325
 4630 0040 116A     		ldr	r1, [r2, #32]
 4631 0042 44F24443 		movw	r3, #17476
 4632 0046 1942     		tst	r1, r3
 4633 0048 03D1     		bne	.L382
1848:Drivers/STM32G4xx_HAL_Driver/Src/stm32g4xx_hal_tim_ex.c **** 
 4634              		.loc 1 1848 3 discriminator 2 view .LVU1326
 4635 004a 536C     		ldr	r3, [r2, #68]
 4636 004c 23F40043 		bic	r3, r3, #32768
 4637 0050 5364     		str	r3, [r2, #68]
 4638              	.L382:
1848:Drivers/STM32G4xx_HAL_Driver/Src/stm32g4xx_hal_tim_ex.c **** 
 4639              		.loc 1 1848 3 discriminator 3 view .LVU1327
1851:Drivers/STM32G4xx_HAL_Driver/Src/stm32g4xx_hal_tim_ex.c **** 
 4640              		.loc 1 1851 3 view .LVU1328
1851:Drivers/STM32G4xx_HAL_Driver/Src/stm32g4xx_hal_tim_ex.c **** 
 4641              		.loc 1 1851 3 view .LVU1329
 4642 0052 2268     		ldr	r2, [r4]
ARM GAS  /tmp/ccAXGFxz.s 			page 169


 4643 0054 136A     		ldr	r3, [r2, #32]
 4644 0056 03F01133 		and	r3, r3, #286331153
 4645 005a 23F08853 		bic	r3, r3, #285212672
 4646 005e 43B9     		cbnz	r3, .L383
1851:Drivers/STM32G4xx_HAL_Driver/Src/stm32g4xx_hal_tim_ex.c **** 
 4647              		.loc 1 1851 3 discriminator 1 view .LVU1330
 4648 0060 116A     		ldr	r1, [r2, #32]
 4649 0062 44F24443 		movw	r3, #17476
 4650 0066 1942     		tst	r1, r3
 4651 0068 03D1     		bne	.L383
1851:Drivers/STM32G4xx_HAL_Driver/Src/stm32g4xx_hal_tim_ex.c **** 
 4652              		.loc 1 1851 3 discriminator 2 view .LVU1331
 4653 006a 1368     		ldr	r3, [r2]
 4654 006c 23F00103 		bic	r3, r3, #1
 4655 0070 1360     		str	r3, [r2]
 4656              	.L383:
1851:Drivers/STM32G4xx_HAL_Driver/Src/stm32g4xx_hal_tim_ex.c **** 
 4657              		.loc 1 1851 3 discriminator 3 view .LVU1332
1854:Drivers/STM32G4xx_HAL_Driver/Src/stm32g4xx_hal_tim_ex.c ****   TIM_CHANNEL_STATE_SET(htim, TIM_CHANNEL_2, HAL_TIM_CHANNEL_STATE_READY);
 4658              		.loc 1 1854 3 view .LVU1333
 4659 0072 0123     		movs	r3, #1
 4660 0074 84F83E30 		strb	r3, [r4, #62]
1855:Drivers/STM32G4xx_HAL_Driver/Src/stm32g4xx_hal_tim_ex.c ****   TIM_CHANNEL_N_STATE_SET(htim, TIM_CHANNEL_1, HAL_TIM_CHANNEL_STATE_READY);
 4661              		.loc 1 1855 3 view .LVU1334
 4662 0078 84F83F30 		strb	r3, [r4, #63]
1856:Drivers/STM32G4xx_HAL_Driver/Src/stm32g4xx_hal_tim_ex.c ****   TIM_CHANNEL_N_STATE_SET(htim, TIM_CHANNEL_2, HAL_TIM_CHANNEL_STATE_READY);
 4663              		.loc 1 1856 3 view .LVU1335
 4664 007c 84F84430 		strb	r3, [r4, #68]
1857:Drivers/STM32G4xx_HAL_Driver/Src/stm32g4xx_hal_tim_ex.c **** 
 4665              		.loc 1 1857 3 view .LVU1336
 4666 0080 84F84530 		strb	r3, [r4, #69]
1860:Drivers/STM32G4xx_HAL_Driver/Src/stm32g4xx_hal_tim_ex.c **** }
 4667              		.loc 1 1860 3 view .LVU1337
1861:Drivers/STM32G4xx_HAL_Driver/Src/stm32g4xx_hal_tim_ex.c **** 
 4668              		.loc 1 1861 1 is_stmt 0 view .LVU1338
 4669 0084 0020     		movs	r0, #0
 4670 0086 38BD     		pop	{r3, r4, r5, pc}
 4671              	.LVL315:
 4672              	.L384:
1832:Drivers/STM32G4xx_HAL_Driver/Src/stm32g4xx_hal_tim_ex.c **** 
 4673              		.loc 1 1832 12 discriminator 2 view .LVU1339
 4674 0088 0023     		movs	r3, #0
 4675 008a 1D46     		mov	r5, r3
 4676 008c BEE7     		b	.L381
 4677              		.cfi_endproc
 4678              	.LFE354:
 4680              		.section	.text.HAL_TIMEx_ConfigCommutEvent,"ax",%progbits
 4681              		.align	1
 4682              		.global	HAL_TIMEx_ConfigCommutEvent
 4683              		.syntax unified
 4684              		.thumb
 4685              		.thumb_func
 4687              	HAL_TIMEx_ConfigCommutEvent:
 4688              	.LVL316:
 4689              	.LFB355:
1926:Drivers/STM32G4xx_HAL_Driver/Src/stm32g4xx_hal_tim_ex.c ****   /* Check the parameters */
 4690              		.loc 1 1926 1 is_stmt 1 view -0
ARM GAS  /tmp/ccAXGFxz.s 			page 170


 4691              		.cfi_startproc
 4692              		@ args = 0, pretend = 0, frame = 0
 4693              		@ frame_needed = 0, uses_anonymous_args = 0
 4694              		@ link register save eliminated.
1926:Drivers/STM32G4xx_HAL_Driver/Src/stm32g4xx_hal_tim_ex.c ****   /* Check the parameters */
 4695              		.loc 1 1926 1 is_stmt 0 view .LVU1341
 4696 0000 0346     		mov	r3, r0
1928:Drivers/STM32G4xx_HAL_Driver/Src/stm32g4xx_hal_tim_ex.c ****   assert_param(IS_TIM_INTERNAL_TRIGGEREVENT_INSTANCE(htim->Instance, InputTrigger));
 4697              		.loc 1 1928 3 is_stmt 1 view .LVU1342
1929:Drivers/STM32G4xx_HAL_Driver/Src/stm32g4xx_hal_tim_ex.c **** 
 4698              		.loc 1 1929 3 view .LVU1343
1931:Drivers/STM32G4xx_HAL_Driver/Src/stm32g4xx_hal_tim_ex.c **** 
 4699              		.loc 1 1931 3 view .LVU1344
1931:Drivers/STM32G4xx_HAL_Driver/Src/stm32g4xx_hal_tim_ex.c **** 
 4700              		.loc 1 1931 3 view .LVU1345
 4701 0002 90F83C00 		ldrb	r0, [r0, #60]	@ zero_extendqisi2
 4702              	.LVL317:
1931:Drivers/STM32G4xx_HAL_Driver/Src/stm32g4xx_hal_tim_ex.c **** 
 4703              		.loc 1 1931 3 is_stmt 0 view .LVU1346
 4704 0006 0128     		cmp	r0, #1
 4705 0008 54D0     		beq	.L393
1931:Drivers/STM32G4xx_HAL_Driver/Src/stm32g4xx_hal_tim_ex.c **** 
 4706              		.loc 1 1931 3 is_stmt 1 discriminator 2 view .LVU1347
 4707 000a 0120     		movs	r0, #1
 4708 000c 83F83C00 		strb	r0, [r3, #60]
1931:Drivers/STM32G4xx_HAL_Driver/Src/stm32g4xx_hal_tim_ex.c **** 
 4709              		.loc 1 1931 3 discriminator 2 view .LVU1348
1934:Drivers/STM32G4xx_HAL_Driver/Src/stm32g4xx_hal_tim_ex.c ****       (InputTrigger == TIM_TS_ITR2)  || (InputTrigger == TIM_TS_ITR3) ||
 4710              		.loc 1 1934 3 view .LVU1349
 4711 0010 2948     		ldr	r0, .L394
 4712 0012 8142     		cmp	r1, r0
 4713 0014 08D0     		beq	.L388
 4714 0016 3BD8     		bhi	.L389
 4715 0018 3029     		cmp	r1, #48
 4716 001a 05D0     		beq	.L388
 4717 001c 31D8     		bhi	.L390
 4718 001e 1029     		cmp	r1, #16
 4719 0020 02D0     		beq	.L388
 4720 0022 2029     		cmp	r1, #32
 4721 0024 00D0     		beq	.L388
 4722 0026 81B9     		cbnz	r1, .L391
 4723              	.L388:
1961:Drivers/STM32G4xx_HAL_Driver/Src/stm32g4xx_hal_tim_ex.c ****     htim->Instance->SMCR |= InputTrigger;
 4724              		.loc 1 1961 5 view .LVU1350
1961:Drivers/STM32G4xx_HAL_Driver/Src/stm32g4xx_hal_tim_ex.c ****     htim->Instance->SMCR |= InputTrigger;
 4725              		.loc 1 1961 9 is_stmt 0 view .LVU1351
 4726 0028 D3F800C0 		ldr	ip, [r3]
1961:Drivers/STM32G4xx_HAL_Driver/Src/stm32g4xx_hal_tim_ex.c ****     htim->Instance->SMCR |= InputTrigger;
 4727              		.loc 1 1961 19 view .LVU1352
 4728 002c DCF80800 		ldr	r0, [ip, #8]
1961:Drivers/STM32G4xx_HAL_Driver/Src/stm32g4xx_hal_tim_ex.c ****     htim->Instance->SMCR |= InputTrigger;
 4729              		.loc 1 1961 26 view .LVU1353
 4730 0030 20F44010 		bic	r0, r0, #3145728
 4731 0034 20F07000 		bic	r0, r0, #112
 4732 0038 CCF80800 		str	r0, [ip, #8]
1962:Drivers/STM32G4xx_HAL_Driver/Src/stm32g4xx_hal_tim_ex.c ****   }
 4733              		.loc 1 1962 5 is_stmt 1 view .LVU1354
ARM GAS  /tmp/ccAXGFxz.s 			page 171


1962:Drivers/STM32G4xx_HAL_Driver/Src/stm32g4xx_hal_tim_ex.c ****   }
 4734              		.loc 1 1962 9 is_stmt 0 view .LVU1355
 4735 003c D3F800C0 		ldr	ip, [r3]
1962:Drivers/STM32G4xx_HAL_Driver/Src/stm32g4xx_hal_tim_ex.c ****   }
 4736              		.loc 1 1962 19 view .LVU1356
 4737 0040 DCF80800 		ldr	r0, [ip, #8]
1962:Drivers/STM32G4xx_HAL_Driver/Src/stm32g4xx_hal_tim_ex.c ****   }
 4738              		.loc 1 1962 26 view .LVU1357
 4739 0044 0143     		orrs	r1, r1, r0
 4740              	.LVL318:
1962:Drivers/STM32G4xx_HAL_Driver/Src/stm32g4xx_hal_tim_ex.c ****   }
 4741              		.loc 1 1962 26 view .LVU1358
 4742 0046 CCF80810 		str	r1, [ip, #8]
 4743              	.L391:
1966:Drivers/STM32G4xx_HAL_Driver/Src/stm32g4xx_hal_tim_ex.c ****   /* Select the Commutation event source */
 4744              		.loc 1 1966 3 is_stmt 1 view .LVU1359
1966:Drivers/STM32G4xx_HAL_Driver/Src/stm32g4xx_hal_tim_ex.c ****   /* Select the Commutation event source */
 4745              		.loc 1 1966 7 is_stmt 0 view .LVU1360
 4746 004a 1868     		ldr	r0, [r3]
1966:Drivers/STM32G4xx_HAL_Driver/Src/stm32g4xx_hal_tim_ex.c ****   /* Select the Commutation event source */
 4747              		.loc 1 1966 17 view .LVU1361
 4748 004c 4168     		ldr	r1, [r0, #4]
1966:Drivers/STM32G4xx_HAL_Driver/Src/stm32g4xx_hal_tim_ex.c ****   /* Select the Commutation event source */
 4749              		.loc 1 1966 23 view .LVU1362
 4750 004e 41F00101 		orr	r1, r1, #1
 4751 0052 4160     		str	r1, [r0, #4]
1968:Drivers/STM32G4xx_HAL_Driver/Src/stm32g4xx_hal_tim_ex.c ****   htim->Instance->CR2 |= CommutationSource;
 4752              		.loc 1 1968 3 is_stmt 1 view .LVU1363
1968:Drivers/STM32G4xx_HAL_Driver/Src/stm32g4xx_hal_tim_ex.c ****   htim->Instance->CR2 |= CommutationSource;
 4753              		.loc 1 1968 7 is_stmt 0 view .LVU1364
 4754 0054 1868     		ldr	r0, [r3]
1968:Drivers/STM32G4xx_HAL_Driver/Src/stm32g4xx_hal_tim_ex.c ****   htim->Instance->CR2 |= CommutationSource;
 4755              		.loc 1 1968 17 view .LVU1365
 4756 0056 4168     		ldr	r1, [r0, #4]
1968:Drivers/STM32G4xx_HAL_Driver/Src/stm32g4xx_hal_tim_ex.c ****   htim->Instance->CR2 |= CommutationSource;
 4757              		.loc 1 1968 23 view .LVU1366
 4758 0058 21F00401 		bic	r1, r1, #4
 4759 005c 4160     		str	r1, [r0, #4]
1969:Drivers/STM32G4xx_HAL_Driver/Src/stm32g4xx_hal_tim_ex.c **** 
 4760              		.loc 1 1969 3 is_stmt 1 view .LVU1367
1969:Drivers/STM32G4xx_HAL_Driver/Src/stm32g4xx_hal_tim_ex.c **** 
 4761              		.loc 1 1969 7 is_stmt 0 view .LVU1368
 4762 005e 1868     		ldr	r0, [r3]
1969:Drivers/STM32G4xx_HAL_Driver/Src/stm32g4xx_hal_tim_ex.c **** 
 4763              		.loc 1 1969 17 view .LVU1369
 4764 0060 4168     		ldr	r1, [r0, #4]
1969:Drivers/STM32G4xx_HAL_Driver/Src/stm32g4xx_hal_tim_ex.c **** 
 4765              		.loc 1 1969 23 view .LVU1370
 4766 0062 0A43     		orrs	r2, r2, r1
 4767              	.LVL319:
1969:Drivers/STM32G4xx_HAL_Driver/Src/stm32g4xx_hal_tim_ex.c **** 
 4768              		.loc 1 1969 23 view .LVU1371
 4769 0064 4260     		str	r2, [r0, #4]
1972:Drivers/STM32G4xx_HAL_Driver/Src/stm32g4xx_hal_tim_ex.c **** 
 4770              		.loc 1 1972 3 is_stmt 1 view .LVU1372
 4771 0066 1968     		ldr	r1, [r3]
 4772 0068 CA68     		ldr	r2, [r1, #12]
ARM GAS  /tmp/ccAXGFxz.s 			page 172


 4773 006a 22F02002 		bic	r2, r2, #32
 4774 006e CA60     		str	r2, [r1, #12]
1975:Drivers/STM32G4xx_HAL_Driver/Src/stm32g4xx_hal_tim_ex.c **** 
 4775              		.loc 1 1975 3 view .LVU1373
 4776 0070 1968     		ldr	r1, [r3]
 4777 0072 CA68     		ldr	r2, [r1, #12]
 4778 0074 22F40052 		bic	r2, r2, #8192
 4779 0078 CA60     		str	r2, [r1, #12]
1977:Drivers/STM32G4xx_HAL_Driver/Src/stm32g4xx_hal_tim_ex.c **** 
 4780              		.loc 1 1977 3 view .LVU1374
1977:Drivers/STM32G4xx_HAL_Driver/Src/stm32g4xx_hal_tim_ex.c **** 
 4781              		.loc 1 1977 3 view .LVU1375
 4782 007a 0020     		movs	r0, #0
 4783 007c 83F83C00 		strb	r0, [r3, #60]
1977:Drivers/STM32G4xx_HAL_Driver/Src/stm32g4xx_hal_tim_ex.c **** 
 4784              		.loc 1 1977 3 view .LVU1376
1979:Drivers/STM32G4xx_HAL_Driver/Src/stm32g4xx_hal_tim_ex.c **** }
 4785              		.loc 1 1979 3 view .LVU1377
1979:Drivers/STM32G4xx_HAL_Driver/Src/stm32g4xx_hal_tim_ex.c **** }
 4786              		.loc 1 1979 10 is_stmt 0 view .LVU1378
 4787 0080 7047     		bx	lr
 4788              	.LVL320:
 4789              	.L390:
1979:Drivers/STM32G4xx_HAL_Driver/Src/stm32g4xx_hal_tim_ex.c **** }
 4790              		.loc 1 1979 10 view .LVU1379
 4791 0082 B1F5801F 		cmp	r1, #1048576
 4792 0086 CFD0     		beq	.L388
 4793 0088 B1F1101F 		cmp	r1, #1048592
 4794 008c DDD1     		bne	.L391
 4795 008e CBE7     		b	.L388
 4796              	.L389:
1979:Drivers/STM32G4xx_HAL_Driver/Src/stm32g4xx_hal_tim_ex.c **** }
 4797              		.loc 1 1979 10 view .LVU1380
 4798 0090 0A48     		ldr	r0, .L394+4
 4799 0092 8142     		cmp	r1, r0
 4800 0094 C8D0     		beq	.L388
 4801 0096 06D8     		bhi	.L392
 4802 0098 2038     		subs	r0, r0, #32
 4803 009a 8142     		cmp	r1, r0
 4804 009c C4D0     		beq	.L388
 4805 009e 1030     		adds	r0, r0, #16
 4806 00a0 8142     		cmp	r1, r0
 4807 00a2 D2D1     		bne	.L391
 4808 00a4 C0E7     		b	.L388
 4809              	.L392:
 4810 00a6 0648     		ldr	r0, .L394+8
 4811 00a8 8142     		cmp	r1, r0
 4812 00aa BDD0     		beq	.L388
 4813 00ac 1030     		adds	r0, r0, #16
 4814 00ae 8142     		cmp	r1, r0
 4815 00b0 CBD1     		bne	.L391
 4816 00b2 B9E7     		b	.L388
 4817              	.L393:
1931:Drivers/STM32G4xx_HAL_Driver/Src/stm32g4xx_hal_tim_ex.c **** 
 4818              		.loc 1 1931 3 discriminator 1 view .LVU1381
 4819 00b4 0220     		movs	r0, #2
1980:Drivers/STM32G4xx_HAL_Driver/Src/stm32g4xx_hal_tim_ex.c **** 
ARM GAS  /tmp/ccAXGFxz.s 			page 173


 4820              		.loc 1 1980 1 view .LVU1382
 4821 00b6 7047     		bx	lr
 4822              	.L395:
 4823              		.align	2
 4824              	.L394:
 4825 00b8 20001000 		.word	1048608
 4826 00bc 50001000 		.word	1048656
 4827 00c0 60001000 		.word	1048672
 4828              		.cfi_endproc
 4829              	.LFE355:
 4831              		.section	.text.HAL_TIMEx_ConfigCommutEvent_IT,"ax",%progbits
 4832              		.align	1
 4833              		.global	HAL_TIMEx_ConfigCommutEvent_IT
 4834              		.syntax unified
 4835              		.thumb
 4836              		.thumb_func
 4838              	HAL_TIMEx_ConfigCommutEvent_IT:
 4839              	.LVL321:
 4840              	.LFB356:
2017:Drivers/STM32G4xx_HAL_Driver/Src/stm32g4xx_hal_tim_ex.c ****   /* Check the parameters */
 4841              		.loc 1 2017 1 is_stmt 1 view -0
 4842              		.cfi_startproc
 4843              		@ args = 0, pretend = 0, frame = 0
 4844              		@ frame_needed = 0, uses_anonymous_args = 0
 4845              		@ link register save eliminated.
2017:Drivers/STM32G4xx_HAL_Driver/Src/stm32g4xx_hal_tim_ex.c ****   /* Check the parameters */
 4846              		.loc 1 2017 1 is_stmt 0 view .LVU1384
 4847 0000 0346     		mov	r3, r0
2019:Drivers/STM32G4xx_HAL_Driver/Src/stm32g4xx_hal_tim_ex.c ****   assert_param(IS_TIM_INTERNAL_TRIGGEREVENT_INSTANCE(htim->Instance, InputTrigger));
 4848              		.loc 1 2019 3 is_stmt 1 view .LVU1385
2020:Drivers/STM32G4xx_HAL_Driver/Src/stm32g4xx_hal_tim_ex.c **** 
 4849              		.loc 1 2020 3 view .LVU1386
2022:Drivers/STM32G4xx_HAL_Driver/Src/stm32g4xx_hal_tim_ex.c **** 
 4850              		.loc 1 2022 3 view .LVU1387
2022:Drivers/STM32G4xx_HAL_Driver/Src/stm32g4xx_hal_tim_ex.c **** 
 4851              		.loc 1 2022 3 view .LVU1388
 4852 0002 90F83C00 		ldrb	r0, [r0, #60]	@ zero_extendqisi2
 4853              	.LVL322:
2022:Drivers/STM32G4xx_HAL_Driver/Src/stm32g4xx_hal_tim_ex.c **** 
 4854              		.loc 1 2022 3 is_stmt 0 view .LVU1389
 4855 0006 0128     		cmp	r0, #1
 4856 0008 54D0     		beq	.L403
2022:Drivers/STM32G4xx_HAL_Driver/Src/stm32g4xx_hal_tim_ex.c **** 
 4857              		.loc 1 2022 3 is_stmt 1 discriminator 2 view .LVU1390
 4858 000a 0120     		movs	r0, #1
 4859 000c 83F83C00 		strb	r0, [r3, #60]
2022:Drivers/STM32G4xx_HAL_Driver/Src/stm32g4xx_hal_tim_ex.c **** 
 4860              		.loc 1 2022 3 discriminator 2 view .LVU1391
2025:Drivers/STM32G4xx_HAL_Driver/Src/stm32g4xx_hal_tim_ex.c ****       (InputTrigger == TIM_TS_ITR2)  || (InputTrigger == TIM_TS_ITR3) ||
 4861              		.loc 1 2025 3 view .LVU1392
 4862 0010 2948     		ldr	r0, .L404
 4863 0012 8142     		cmp	r1, r0
 4864 0014 08D0     		beq	.L398
 4865 0016 3BD8     		bhi	.L399
 4866 0018 3029     		cmp	r1, #48
 4867 001a 05D0     		beq	.L398
 4868 001c 31D8     		bhi	.L400
ARM GAS  /tmp/ccAXGFxz.s 			page 174


 4869 001e 1029     		cmp	r1, #16
 4870 0020 02D0     		beq	.L398
 4871 0022 2029     		cmp	r1, #32
 4872 0024 00D0     		beq	.L398
 4873 0026 81B9     		cbnz	r1, .L401
 4874              	.L398:
2052:Drivers/STM32G4xx_HAL_Driver/Src/stm32g4xx_hal_tim_ex.c ****     htim->Instance->SMCR |= InputTrigger;
 4875              		.loc 1 2052 5 view .LVU1393
2052:Drivers/STM32G4xx_HAL_Driver/Src/stm32g4xx_hal_tim_ex.c ****     htim->Instance->SMCR |= InputTrigger;
 4876              		.loc 1 2052 9 is_stmt 0 view .LVU1394
 4877 0028 D3F800C0 		ldr	ip, [r3]
2052:Drivers/STM32G4xx_HAL_Driver/Src/stm32g4xx_hal_tim_ex.c ****     htim->Instance->SMCR |= InputTrigger;
 4878              		.loc 1 2052 19 view .LVU1395
 4879 002c DCF80800 		ldr	r0, [ip, #8]
2052:Drivers/STM32G4xx_HAL_Driver/Src/stm32g4xx_hal_tim_ex.c ****     htim->Instance->SMCR |= InputTrigger;
 4880              		.loc 1 2052 26 view .LVU1396
 4881 0030 20F44010 		bic	r0, r0, #3145728
 4882 0034 20F07000 		bic	r0, r0, #112
 4883 0038 CCF80800 		str	r0, [ip, #8]
2053:Drivers/STM32G4xx_HAL_Driver/Src/stm32g4xx_hal_tim_ex.c ****   }
 4884              		.loc 1 2053 5 is_stmt 1 view .LVU1397
2053:Drivers/STM32G4xx_HAL_Driver/Src/stm32g4xx_hal_tim_ex.c ****   }
 4885              		.loc 1 2053 9 is_stmt 0 view .LVU1398
 4886 003c D3F800C0 		ldr	ip, [r3]
2053:Drivers/STM32G4xx_HAL_Driver/Src/stm32g4xx_hal_tim_ex.c ****   }
 4887              		.loc 1 2053 19 view .LVU1399
 4888 0040 DCF80800 		ldr	r0, [ip, #8]
2053:Drivers/STM32G4xx_HAL_Driver/Src/stm32g4xx_hal_tim_ex.c ****   }
 4889              		.loc 1 2053 26 view .LVU1400
 4890 0044 0143     		orrs	r1, r1, r0
 4891              	.LVL323:
2053:Drivers/STM32G4xx_HAL_Driver/Src/stm32g4xx_hal_tim_ex.c ****   }
 4892              		.loc 1 2053 26 view .LVU1401
 4893 0046 CCF80810 		str	r1, [ip, #8]
 4894              	.L401:
2057:Drivers/STM32G4xx_HAL_Driver/Src/stm32g4xx_hal_tim_ex.c ****   /* Select the Commutation event source */
 4895              		.loc 1 2057 3 is_stmt 1 view .LVU1402
2057:Drivers/STM32G4xx_HAL_Driver/Src/stm32g4xx_hal_tim_ex.c ****   /* Select the Commutation event source */
 4896              		.loc 1 2057 7 is_stmt 0 view .LVU1403
 4897 004a 1868     		ldr	r0, [r3]
2057:Drivers/STM32G4xx_HAL_Driver/Src/stm32g4xx_hal_tim_ex.c ****   /* Select the Commutation event source */
 4898              		.loc 1 2057 17 view .LVU1404
 4899 004c 4168     		ldr	r1, [r0, #4]
2057:Drivers/STM32G4xx_HAL_Driver/Src/stm32g4xx_hal_tim_ex.c ****   /* Select the Commutation event source */
 4900              		.loc 1 2057 23 view .LVU1405
 4901 004e 41F00101 		orr	r1, r1, #1
 4902 0052 4160     		str	r1, [r0, #4]
2059:Drivers/STM32G4xx_HAL_Driver/Src/stm32g4xx_hal_tim_ex.c ****   htim->Instance->CR2 |= CommutationSource;
 4903              		.loc 1 2059 3 is_stmt 1 view .LVU1406
2059:Drivers/STM32G4xx_HAL_Driver/Src/stm32g4xx_hal_tim_ex.c ****   htim->Instance->CR2 |= CommutationSource;
 4904              		.loc 1 2059 7 is_stmt 0 view .LVU1407
 4905 0054 1868     		ldr	r0, [r3]
2059:Drivers/STM32G4xx_HAL_Driver/Src/stm32g4xx_hal_tim_ex.c ****   htim->Instance->CR2 |= CommutationSource;
 4906              		.loc 1 2059 17 view .LVU1408
 4907 0056 4168     		ldr	r1, [r0, #4]
2059:Drivers/STM32G4xx_HAL_Driver/Src/stm32g4xx_hal_tim_ex.c ****   htim->Instance->CR2 |= CommutationSource;
 4908              		.loc 1 2059 23 view .LVU1409
ARM GAS  /tmp/ccAXGFxz.s 			page 175


 4909 0058 21F00401 		bic	r1, r1, #4
 4910 005c 4160     		str	r1, [r0, #4]
2060:Drivers/STM32G4xx_HAL_Driver/Src/stm32g4xx_hal_tim_ex.c **** 
 4911              		.loc 1 2060 3 is_stmt 1 view .LVU1410
2060:Drivers/STM32G4xx_HAL_Driver/Src/stm32g4xx_hal_tim_ex.c **** 
 4912              		.loc 1 2060 7 is_stmt 0 view .LVU1411
 4913 005e 1868     		ldr	r0, [r3]
2060:Drivers/STM32G4xx_HAL_Driver/Src/stm32g4xx_hal_tim_ex.c **** 
 4914              		.loc 1 2060 17 view .LVU1412
 4915 0060 4168     		ldr	r1, [r0, #4]
2060:Drivers/STM32G4xx_HAL_Driver/Src/stm32g4xx_hal_tim_ex.c **** 
 4916              		.loc 1 2060 23 view .LVU1413
 4917 0062 0A43     		orrs	r2, r2, r1
 4918              	.LVL324:
2060:Drivers/STM32G4xx_HAL_Driver/Src/stm32g4xx_hal_tim_ex.c **** 
 4919              		.loc 1 2060 23 view .LVU1414
 4920 0064 4260     		str	r2, [r0, #4]
2063:Drivers/STM32G4xx_HAL_Driver/Src/stm32g4xx_hal_tim_ex.c **** 
 4921              		.loc 1 2063 3 is_stmt 1 view .LVU1415
 4922 0066 1968     		ldr	r1, [r3]
 4923 0068 CA68     		ldr	r2, [r1, #12]
 4924 006a 22F40052 		bic	r2, r2, #8192
 4925 006e CA60     		str	r2, [r1, #12]
2066:Drivers/STM32G4xx_HAL_Driver/Src/stm32g4xx_hal_tim_ex.c **** 
 4926              		.loc 1 2066 3 view .LVU1416
 4927 0070 1968     		ldr	r1, [r3]
 4928 0072 CA68     		ldr	r2, [r1, #12]
 4929 0074 42F02002 		orr	r2, r2, #32
 4930 0078 CA60     		str	r2, [r1, #12]
2068:Drivers/STM32G4xx_HAL_Driver/Src/stm32g4xx_hal_tim_ex.c **** 
 4931              		.loc 1 2068 3 view .LVU1417
2068:Drivers/STM32G4xx_HAL_Driver/Src/stm32g4xx_hal_tim_ex.c **** 
 4932              		.loc 1 2068 3 view .LVU1418
 4933 007a 0020     		movs	r0, #0
 4934 007c 83F83C00 		strb	r0, [r3, #60]
2068:Drivers/STM32G4xx_HAL_Driver/Src/stm32g4xx_hal_tim_ex.c **** 
 4935              		.loc 1 2068 3 view .LVU1419
2070:Drivers/STM32G4xx_HAL_Driver/Src/stm32g4xx_hal_tim_ex.c **** }
 4936              		.loc 1 2070 3 view .LVU1420
2070:Drivers/STM32G4xx_HAL_Driver/Src/stm32g4xx_hal_tim_ex.c **** }
 4937              		.loc 1 2070 10 is_stmt 0 view .LVU1421
 4938 0080 7047     		bx	lr
 4939              	.LVL325:
 4940              	.L400:
2070:Drivers/STM32G4xx_HAL_Driver/Src/stm32g4xx_hal_tim_ex.c **** }
 4941              		.loc 1 2070 10 view .LVU1422
 4942 0082 B1F5801F 		cmp	r1, #1048576
 4943 0086 CFD0     		beq	.L398
 4944 0088 B1F1101F 		cmp	r1, #1048592
 4945 008c DDD1     		bne	.L401
 4946 008e CBE7     		b	.L398
 4947              	.L399:
2070:Drivers/STM32G4xx_HAL_Driver/Src/stm32g4xx_hal_tim_ex.c **** }
 4948              		.loc 1 2070 10 view .LVU1423
 4949 0090 0A48     		ldr	r0, .L404+4
 4950 0092 8142     		cmp	r1, r0
 4951 0094 C8D0     		beq	.L398
ARM GAS  /tmp/ccAXGFxz.s 			page 176


 4952 0096 06D8     		bhi	.L402
 4953 0098 2038     		subs	r0, r0, #32
 4954 009a 8142     		cmp	r1, r0
 4955 009c C4D0     		beq	.L398
 4956 009e 1030     		adds	r0, r0, #16
 4957 00a0 8142     		cmp	r1, r0
 4958 00a2 D2D1     		bne	.L401
 4959 00a4 C0E7     		b	.L398
 4960              	.L402:
 4961 00a6 0648     		ldr	r0, .L404+8
 4962 00a8 8142     		cmp	r1, r0
 4963 00aa BDD0     		beq	.L398
 4964 00ac 1030     		adds	r0, r0, #16
 4965 00ae 8142     		cmp	r1, r0
 4966 00b0 CBD1     		bne	.L401
 4967 00b2 B9E7     		b	.L398
 4968              	.L403:
2022:Drivers/STM32G4xx_HAL_Driver/Src/stm32g4xx_hal_tim_ex.c **** 
 4969              		.loc 1 2022 3 discriminator 1 view .LVU1424
 4970 00b4 0220     		movs	r0, #2
2071:Drivers/STM32G4xx_HAL_Driver/Src/stm32g4xx_hal_tim_ex.c **** 
 4971              		.loc 1 2071 1 view .LVU1425
 4972 00b6 7047     		bx	lr
 4973              	.L405:
 4974              		.align	2
 4975              	.L404:
 4976 00b8 20001000 		.word	1048608
 4977 00bc 50001000 		.word	1048656
 4978 00c0 60001000 		.word	1048672
 4979              		.cfi_endproc
 4980              	.LFE356:
 4982              		.section	.text.HAL_TIMEx_ConfigCommutEvent_DMA,"ax",%progbits
 4983              		.align	1
 4984              		.global	HAL_TIMEx_ConfigCommutEvent_DMA
 4985              		.syntax unified
 4986              		.thumb
 4987              		.thumb_func
 4989              	HAL_TIMEx_ConfigCommutEvent_DMA:
 4990              	.LVL326:
 4991              	.LFB357:
2109:Drivers/STM32G4xx_HAL_Driver/Src/stm32g4xx_hal_tim_ex.c ****   /* Check the parameters */
 4992              		.loc 1 2109 1 is_stmt 1 view -0
 4993              		.cfi_startproc
 4994              		@ args = 0, pretend = 0, frame = 0
 4995              		@ frame_needed = 0, uses_anonymous_args = 0
 4996              		@ link register save eliminated.
2109:Drivers/STM32G4xx_HAL_Driver/Src/stm32g4xx_hal_tim_ex.c ****   /* Check the parameters */
 4997              		.loc 1 2109 1 is_stmt 0 view .LVU1427
 4998 0000 0346     		mov	r3, r0
2111:Drivers/STM32G4xx_HAL_Driver/Src/stm32g4xx_hal_tim_ex.c ****   assert_param(IS_TIM_INTERNAL_TRIGGEREVENT_INSTANCE(htim->Instance, InputTrigger));
 4999              		.loc 1 2111 3 is_stmt 1 view .LVU1428
2112:Drivers/STM32G4xx_HAL_Driver/Src/stm32g4xx_hal_tim_ex.c **** 
 5000              		.loc 1 2112 3 view .LVU1429
2114:Drivers/STM32G4xx_HAL_Driver/Src/stm32g4xx_hal_tim_ex.c **** 
 5001              		.loc 1 2114 3 view .LVU1430
2114:Drivers/STM32G4xx_HAL_Driver/Src/stm32g4xx_hal_tim_ex.c **** 
 5002              		.loc 1 2114 3 view .LVU1431
ARM GAS  /tmp/ccAXGFxz.s 			page 177


 5003 0002 90F83C00 		ldrb	r0, [r0, #60]	@ zero_extendqisi2
 5004              	.LVL327:
2114:Drivers/STM32G4xx_HAL_Driver/Src/stm32g4xx_hal_tim_ex.c **** 
 5005              		.loc 1 2114 3 is_stmt 0 view .LVU1432
 5006 0006 0128     		cmp	r0, #1
 5007 0008 5DD0     		beq	.L413
2114:Drivers/STM32G4xx_HAL_Driver/Src/stm32g4xx_hal_tim_ex.c **** 
 5008              		.loc 1 2114 3 is_stmt 1 discriminator 2 view .LVU1433
 5009 000a 0120     		movs	r0, #1
 5010 000c 83F83C00 		strb	r0, [r3, #60]
2114:Drivers/STM32G4xx_HAL_Driver/Src/stm32g4xx_hal_tim_ex.c **** 
 5011              		.loc 1 2114 3 discriminator 2 view .LVU1434
2117:Drivers/STM32G4xx_HAL_Driver/Src/stm32g4xx_hal_tim_ex.c ****       (InputTrigger == TIM_TS_ITR2)  || (InputTrigger == TIM_TS_ITR3) ||
 5012              		.loc 1 2117 3 view .LVU1435
 5013 0010 2E48     		ldr	r0, .L414
 5014 0012 8142     		cmp	r1, r0
 5015 0014 08D0     		beq	.L408
 5016 0016 44D8     		bhi	.L409
 5017 0018 3029     		cmp	r1, #48
 5018 001a 05D0     		beq	.L408
 5019 001c 3AD8     		bhi	.L410
 5020 001e 1029     		cmp	r1, #16
 5021 0020 02D0     		beq	.L408
 5022 0022 2029     		cmp	r1, #32
 5023 0024 00D0     		beq	.L408
 5024 0026 81B9     		cbnz	r1, .L411
 5025              	.L408:
2144:Drivers/STM32G4xx_HAL_Driver/Src/stm32g4xx_hal_tim_ex.c ****     htim->Instance->SMCR |= InputTrigger;
 5026              		.loc 1 2144 5 view .LVU1436
2144:Drivers/STM32G4xx_HAL_Driver/Src/stm32g4xx_hal_tim_ex.c ****     htim->Instance->SMCR |= InputTrigger;
 5027              		.loc 1 2144 9 is_stmt 0 view .LVU1437
 5028 0028 D3F800C0 		ldr	ip, [r3]
2144:Drivers/STM32G4xx_HAL_Driver/Src/stm32g4xx_hal_tim_ex.c ****     htim->Instance->SMCR |= InputTrigger;
 5029              		.loc 1 2144 19 view .LVU1438
 5030 002c DCF80800 		ldr	r0, [ip, #8]
2144:Drivers/STM32G4xx_HAL_Driver/Src/stm32g4xx_hal_tim_ex.c ****     htim->Instance->SMCR |= InputTrigger;
 5031              		.loc 1 2144 26 view .LVU1439
 5032 0030 20F44010 		bic	r0, r0, #3145728
 5033 0034 20F07000 		bic	r0, r0, #112
 5034 0038 CCF80800 		str	r0, [ip, #8]
2145:Drivers/STM32G4xx_HAL_Driver/Src/stm32g4xx_hal_tim_ex.c ****   }
 5035              		.loc 1 2145 5 is_stmt 1 view .LVU1440
2145:Drivers/STM32G4xx_HAL_Driver/Src/stm32g4xx_hal_tim_ex.c ****   }
 5036              		.loc 1 2145 9 is_stmt 0 view .LVU1441
 5037 003c D3F800C0 		ldr	ip, [r3]
2145:Drivers/STM32G4xx_HAL_Driver/Src/stm32g4xx_hal_tim_ex.c ****   }
 5038              		.loc 1 2145 19 view .LVU1442
 5039 0040 DCF80800 		ldr	r0, [ip, #8]
2145:Drivers/STM32G4xx_HAL_Driver/Src/stm32g4xx_hal_tim_ex.c ****   }
 5040              		.loc 1 2145 26 view .LVU1443
 5041 0044 0143     		orrs	r1, r1, r0
 5042              	.LVL328:
2145:Drivers/STM32G4xx_HAL_Driver/Src/stm32g4xx_hal_tim_ex.c ****   }
 5043              		.loc 1 2145 26 view .LVU1444
 5044 0046 CCF80810 		str	r1, [ip, #8]
 5045              	.L411:
2149:Drivers/STM32G4xx_HAL_Driver/Src/stm32g4xx_hal_tim_ex.c ****   /* Select the Commutation event source */
ARM GAS  /tmp/ccAXGFxz.s 			page 178


 5046              		.loc 1 2149 3 is_stmt 1 view .LVU1445
2149:Drivers/STM32G4xx_HAL_Driver/Src/stm32g4xx_hal_tim_ex.c ****   /* Select the Commutation event source */
 5047              		.loc 1 2149 7 is_stmt 0 view .LVU1446
 5048 004a 1868     		ldr	r0, [r3]
2149:Drivers/STM32G4xx_HAL_Driver/Src/stm32g4xx_hal_tim_ex.c ****   /* Select the Commutation event source */
 5049              		.loc 1 2149 17 view .LVU1447
 5050 004c 4168     		ldr	r1, [r0, #4]
2149:Drivers/STM32G4xx_HAL_Driver/Src/stm32g4xx_hal_tim_ex.c ****   /* Select the Commutation event source */
 5051              		.loc 1 2149 23 view .LVU1448
 5052 004e 41F00101 		orr	r1, r1, #1
 5053 0052 4160     		str	r1, [r0, #4]
2151:Drivers/STM32G4xx_HAL_Driver/Src/stm32g4xx_hal_tim_ex.c ****   htim->Instance->CR2 |= CommutationSource;
 5054              		.loc 1 2151 3 is_stmt 1 view .LVU1449
2151:Drivers/STM32G4xx_HAL_Driver/Src/stm32g4xx_hal_tim_ex.c ****   htim->Instance->CR2 |= CommutationSource;
 5055              		.loc 1 2151 7 is_stmt 0 view .LVU1450
 5056 0054 1868     		ldr	r0, [r3]
2151:Drivers/STM32G4xx_HAL_Driver/Src/stm32g4xx_hal_tim_ex.c ****   htim->Instance->CR2 |= CommutationSource;
 5057              		.loc 1 2151 17 view .LVU1451
 5058 0056 4168     		ldr	r1, [r0, #4]
2151:Drivers/STM32G4xx_HAL_Driver/Src/stm32g4xx_hal_tim_ex.c ****   htim->Instance->CR2 |= CommutationSource;
 5059              		.loc 1 2151 23 view .LVU1452
 5060 0058 21F00401 		bic	r1, r1, #4
 5061 005c 4160     		str	r1, [r0, #4]
2152:Drivers/STM32G4xx_HAL_Driver/Src/stm32g4xx_hal_tim_ex.c **** 
 5062              		.loc 1 2152 3 is_stmt 1 view .LVU1453
2152:Drivers/STM32G4xx_HAL_Driver/Src/stm32g4xx_hal_tim_ex.c **** 
 5063              		.loc 1 2152 7 is_stmt 0 view .LVU1454
 5064 005e 1868     		ldr	r0, [r3]
2152:Drivers/STM32G4xx_HAL_Driver/Src/stm32g4xx_hal_tim_ex.c **** 
 5065              		.loc 1 2152 17 view .LVU1455
 5066 0060 4168     		ldr	r1, [r0, #4]
2152:Drivers/STM32G4xx_HAL_Driver/Src/stm32g4xx_hal_tim_ex.c **** 
 5067              		.loc 1 2152 23 view .LVU1456
 5068 0062 0A43     		orrs	r2, r2, r1
 5069              	.LVL329:
2152:Drivers/STM32G4xx_HAL_Driver/Src/stm32g4xx_hal_tim_ex.c **** 
 5070              		.loc 1 2152 23 view .LVU1457
 5071 0064 4260     		str	r2, [r0, #4]
2156:Drivers/STM32G4xx_HAL_Driver/Src/stm32g4xx_hal_tim_ex.c ****   htim->hdma[TIM_DMA_ID_COMMUTATION]->XferHalfCpltCallback = TIMEx_DMACommutationHalfCplt;
 5072              		.loc 1 2156 3 is_stmt 1 view .LVU1458
2156:Drivers/STM32G4xx_HAL_Driver/Src/stm32g4xx_hal_tim_ex.c ****   htim->hdma[TIM_DMA_ID_COMMUTATION]->XferHalfCpltCallback = TIMEx_DMACommutationHalfCplt;
 5073              		.loc 1 2156 13 is_stmt 0 view .LVU1459
 5074 0066 5A6B     		ldr	r2, [r3, #52]
2156:Drivers/STM32G4xx_HAL_Driver/Src/stm32g4xx_hal_tim_ex.c ****   htim->hdma[TIM_DMA_ID_COMMUTATION]->XferHalfCpltCallback = TIMEx_DMACommutationHalfCplt;
 5075              		.loc 1 2156 56 view .LVU1460
 5076 0068 1949     		ldr	r1, .L414+4
 5077 006a D162     		str	r1, [r2, #44]
2157:Drivers/STM32G4xx_HAL_Driver/Src/stm32g4xx_hal_tim_ex.c ****   /* Set the DMA error callback */
 5078              		.loc 1 2157 3 is_stmt 1 view .LVU1461
2157:Drivers/STM32G4xx_HAL_Driver/Src/stm32g4xx_hal_tim_ex.c ****   /* Set the DMA error callback */
 5079              		.loc 1 2157 13 is_stmt 0 view .LVU1462
 5080 006c 5A6B     		ldr	r2, [r3, #52]
2157:Drivers/STM32G4xx_HAL_Driver/Src/stm32g4xx_hal_tim_ex.c ****   /* Set the DMA error callback */
 5081              		.loc 1 2157 60 view .LVU1463
 5082 006e 1949     		ldr	r1, .L414+8
 5083 0070 1163     		str	r1, [r2, #48]
2159:Drivers/STM32G4xx_HAL_Driver/Src/stm32g4xx_hal_tim_ex.c **** 
ARM GAS  /tmp/ccAXGFxz.s 			page 179


 5084              		.loc 1 2159 3 is_stmt 1 view .LVU1464
2159:Drivers/STM32G4xx_HAL_Driver/Src/stm32g4xx_hal_tim_ex.c **** 
 5085              		.loc 1 2159 13 is_stmt 0 view .LVU1465
 5086 0072 5A6B     		ldr	r2, [r3, #52]
2159:Drivers/STM32G4xx_HAL_Driver/Src/stm32g4xx_hal_tim_ex.c **** 
 5087              		.loc 1 2159 57 view .LVU1466
 5088 0074 1849     		ldr	r1, .L414+12
 5089 0076 5163     		str	r1, [r2, #52]
2162:Drivers/STM32G4xx_HAL_Driver/Src/stm32g4xx_hal_tim_ex.c **** 
 5090              		.loc 1 2162 3 is_stmt 1 view .LVU1467
 5091 0078 1968     		ldr	r1, [r3]
 5092 007a CA68     		ldr	r2, [r1, #12]
 5093 007c 22F02002 		bic	r2, r2, #32
 5094 0080 CA60     		str	r2, [r1, #12]
2165:Drivers/STM32G4xx_HAL_Driver/Src/stm32g4xx_hal_tim_ex.c **** 
 5095              		.loc 1 2165 3 view .LVU1468
 5096 0082 1968     		ldr	r1, [r3]
 5097 0084 CA68     		ldr	r2, [r1, #12]
 5098 0086 42F40052 		orr	r2, r2, #8192
 5099 008a CA60     		str	r2, [r1, #12]
2167:Drivers/STM32G4xx_HAL_Driver/Src/stm32g4xx_hal_tim_ex.c **** 
 5100              		.loc 1 2167 3 view .LVU1469
2167:Drivers/STM32G4xx_HAL_Driver/Src/stm32g4xx_hal_tim_ex.c **** 
 5101              		.loc 1 2167 3 view .LVU1470
 5102 008c 0020     		movs	r0, #0
 5103 008e 83F83C00 		strb	r0, [r3, #60]
2167:Drivers/STM32G4xx_HAL_Driver/Src/stm32g4xx_hal_tim_ex.c **** 
 5104              		.loc 1 2167 3 view .LVU1471
2169:Drivers/STM32G4xx_HAL_Driver/Src/stm32g4xx_hal_tim_ex.c **** }
 5105              		.loc 1 2169 3 view .LVU1472
2169:Drivers/STM32G4xx_HAL_Driver/Src/stm32g4xx_hal_tim_ex.c **** }
 5106              		.loc 1 2169 10 is_stmt 0 view .LVU1473
 5107 0092 7047     		bx	lr
 5108              	.LVL330:
 5109              	.L410:
2169:Drivers/STM32G4xx_HAL_Driver/Src/stm32g4xx_hal_tim_ex.c **** }
 5110              		.loc 1 2169 10 view .LVU1474
 5111 0094 B1F5801F 		cmp	r1, #1048576
 5112 0098 C6D0     		beq	.L408
 5113 009a B1F1101F 		cmp	r1, #1048592
 5114 009e D4D1     		bne	.L411
 5115 00a0 C2E7     		b	.L408
 5116              	.L409:
2169:Drivers/STM32G4xx_HAL_Driver/Src/stm32g4xx_hal_tim_ex.c **** }
 5117              		.loc 1 2169 10 view .LVU1475
 5118 00a2 0E48     		ldr	r0, .L414+16
 5119 00a4 8142     		cmp	r1, r0
 5120 00a6 BFD0     		beq	.L408
 5121 00a8 06D8     		bhi	.L412
 5122 00aa 2038     		subs	r0, r0, #32
 5123 00ac 8142     		cmp	r1, r0
 5124 00ae BBD0     		beq	.L408
 5125 00b0 1030     		adds	r0, r0, #16
 5126 00b2 8142     		cmp	r1, r0
 5127 00b4 C9D1     		bne	.L411
 5128 00b6 B7E7     		b	.L408
 5129              	.L412:
ARM GAS  /tmp/ccAXGFxz.s 			page 180


 5130 00b8 0948     		ldr	r0, .L414+20
 5131 00ba 8142     		cmp	r1, r0
 5132 00bc B4D0     		beq	.L408
 5133 00be 1030     		adds	r0, r0, #16
 5134 00c0 8142     		cmp	r1, r0
 5135 00c2 C2D1     		bne	.L411
 5136 00c4 B0E7     		b	.L408
 5137              	.L413:
2114:Drivers/STM32G4xx_HAL_Driver/Src/stm32g4xx_hal_tim_ex.c **** 
 5138              		.loc 1 2114 3 discriminator 1 view .LVU1476
 5139 00c6 0220     		movs	r0, #2
2170:Drivers/STM32G4xx_HAL_Driver/Src/stm32g4xx_hal_tim_ex.c **** 
 5140              		.loc 1 2170 1 view .LVU1477
 5141 00c8 7047     		bx	lr
 5142              	.L415:
 5143 00ca 00BF     		.align	2
 5144              	.L414:
 5145 00cc 20001000 		.word	1048608
 5146 00d0 00000000 		.word	TIMEx_DMACommutationCplt
 5147 00d4 00000000 		.word	TIMEx_DMACommutationHalfCplt
 5148 00d8 00000000 		.word	TIM_DMAError
 5149 00dc 50001000 		.word	1048656
 5150 00e0 60001000 		.word	1048672
 5151              		.cfi_endproc
 5152              	.LFE357:
 5154              		.section	.text.HAL_TIMEx_MasterConfigSynchronization,"ax",%progbits
 5155              		.align	1
 5156              		.global	HAL_TIMEx_MasterConfigSynchronization
 5157              		.syntax unified
 5158              		.thumb
 5159              		.thumb_func
 5161              	HAL_TIMEx_MasterConfigSynchronization:
 5162              	.LVL331:
 5163              	.LFB358:
2182:Drivers/STM32G4xx_HAL_Driver/Src/stm32g4xx_hal_tim_ex.c ****   uint32_t tmpcr2;
 5164              		.loc 1 2182 1 is_stmt 1 view -0
 5165              		.cfi_startproc
 5166              		@ args = 0, pretend = 0, frame = 0
 5167              		@ frame_needed = 0, uses_anonymous_args = 0
2183:Drivers/STM32G4xx_HAL_Driver/Src/stm32g4xx_hal_tim_ex.c ****   uint32_t tmpsmcr;
 5168              		.loc 1 2183 3 view .LVU1479
2184:Drivers/STM32G4xx_HAL_Driver/Src/stm32g4xx_hal_tim_ex.c **** 
 5169              		.loc 1 2184 3 view .LVU1480
2187:Drivers/STM32G4xx_HAL_Driver/Src/stm32g4xx_hal_tim_ex.c ****   assert_param(IS_TIM_TRGO_SOURCE(sMasterConfig->MasterOutputTrigger));
 5170              		.loc 1 2187 3 view .LVU1481
2188:Drivers/STM32G4xx_HAL_Driver/Src/stm32g4xx_hal_tim_ex.c ****   assert_param(IS_TIM_MSM_STATE(sMasterConfig->MasterSlaveMode));
 5171              		.loc 1 2188 3 view .LVU1482
2189:Drivers/STM32G4xx_HAL_Driver/Src/stm32g4xx_hal_tim_ex.c **** 
 5172              		.loc 1 2189 3 view .LVU1483
2192:Drivers/STM32G4xx_HAL_Driver/Src/stm32g4xx_hal_tim_ex.c **** 
 5173              		.loc 1 2192 3 view .LVU1484
2192:Drivers/STM32G4xx_HAL_Driver/Src/stm32g4xx_hal_tim_ex.c **** 
 5174              		.loc 1 2192 3 view .LVU1485
 5175 0000 90F83C20 		ldrb	r2, [r0, #60]	@ zero_extendqisi2
 5176 0004 012A     		cmp	r2, #1
 5177 0006 4ED0     		beq	.L422
2182:Drivers/STM32G4xx_HAL_Driver/Src/stm32g4xx_hal_tim_ex.c ****   uint32_t tmpcr2;
ARM GAS  /tmp/ccAXGFxz.s 			page 181


 5178              		.loc 1 2182 1 is_stmt 0 view .LVU1486
 5179 0008 10B5     		push	{r4, lr}
 5180              	.LCFI30:
 5181              		.cfi_def_cfa_offset 8
 5182              		.cfi_offset 4, -8
 5183              		.cfi_offset 14, -4
 5184 000a 0346     		mov	r3, r0
2192:Drivers/STM32G4xx_HAL_Driver/Src/stm32g4xx_hal_tim_ex.c **** 
 5185              		.loc 1 2192 3 is_stmt 1 discriminator 2 view .LVU1487
 5186 000c 0122     		movs	r2, #1
 5187 000e 80F83C20 		strb	r2, [r0, #60]
2192:Drivers/STM32G4xx_HAL_Driver/Src/stm32g4xx_hal_tim_ex.c **** 
 5188              		.loc 1 2192 3 discriminator 2 view .LVU1488
2195:Drivers/STM32G4xx_HAL_Driver/Src/stm32g4xx_hal_tim_ex.c **** 
 5189              		.loc 1 2195 3 view .LVU1489
2195:Drivers/STM32G4xx_HAL_Driver/Src/stm32g4xx_hal_tim_ex.c **** 
 5190              		.loc 1 2195 15 is_stmt 0 view .LVU1490
 5191 0012 0222     		movs	r2, #2
 5192 0014 80F83D20 		strb	r2, [r0, #61]
2198:Drivers/STM32G4xx_HAL_Driver/Src/stm32g4xx_hal_tim_ex.c **** 
 5193              		.loc 1 2198 3 is_stmt 1 view .LVU1491
2198:Drivers/STM32G4xx_HAL_Driver/Src/stm32g4xx_hal_tim_ex.c **** 
 5194              		.loc 1 2198 16 is_stmt 0 view .LVU1492
 5195 0018 0068     		ldr	r0, [r0]
 5196              	.LVL332:
2198:Drivers/STM32G4xx_HAL_Driver/Src/stm32g4xx_hal_tim_ex.c **** 
 5197              		.loc 1 2198 10 view .LVU1493
 5198 001a 4268     		ldr	r2, [r0, #4]
 5199              	.LVL333:
2201:Drivers/STM32G4xx_HAL_Driver/Src/stm32g4xx_hal_tim_ex.c **** 
 5200              		.loc 1 2201 3 is_stmt 1 view .LVU1494
2201:Drivers/STM32G4xx_HAL_Driver/Src/stm32g4xx_hal_tim_ex.c **** 
 5201              		.loc 1 2201 11 is_stmt 0 view .LVU1495
 5202 001c D0F808C0 		ldr	ip, [r0, #8]
 5203              	.LVL334:
2204:Drivers/STM32G4xx_HAL_Driver/Src/stm32g4xx_hal_tim_ex.c ****   {
 5204              		.loc 1 2204 3 is_stmt 1 view .LVU1496
2204:Drivers/STM32G4xx_HAL_Driver/Src/stm32g4xx_hal_tim_ex.c ****   {
 5205              		.loc 1 2204 6 is_stmt 0 view .LVU1497
 5206 0020 DFF888E0 		ldr	lr, .L427
 5207 0024 7045     		cmp	r0, lr
 5208 0026 07D0     		beq	.L418
2204:Drivers/STM32G4xx_HAL_Driver/Src/stm32g4xx_hal_tim_ex.c ****   {
 5209              		.loc 1 2204 7 discriminator 1 view .LVU1498
 5210 0028 0EF5006E 		add	lr, lr, #2048
 5211 002c 7045     		cmp	r0, lr
 5212 002e 03D0     		beq	.L418
2204:Drivers/STM32G4xx_HAL_Driver/Src/stm32g4xx_hal_tim_ex.c ****   {
 5213              		.loc 1 2204 7 discriminator 2 view .LVU1499
 5214 0030 0EF5E05E 		add	lr, lr, #7168
 5215 0034 7045     		cmp	r0, lr
 5216 0036 03D1     		bne	.L419
 5217              	.L418:
2207:Drivers/STM32G4xx_HAL_Driver/Src/stm32g4xx_hal_tim_ex.c **** 
 5218              		.loc 1 2207 5 is_stmt 1 view .LVU1500
2210:Drivers/STM32G4xx_HAL_Driver/Src/stm32g4xx_hal_tim_ex.c ****     /* Select the TRGO2 source*/
 5219              		.loc 1 2210 5 view .LVU1501
ARM GAS  /tmp/ccAXGFxz.s 			page 182


2210:Drivers/STM32G4xx_HAL_Driver/Src/stm32g4xx_hal_tim_ex.c ****     /* Select the TRGO2 source*/
 5220              		.loc 1 2210 12 is_stmt 0 view .LVU1502
 5221 0038 22F47002 		bic	r2, r2, #15728640
 5222              	.LVL335:
2212:Drivers/STM32G4xx_HAL_Driver/Src/stm32g4xx_hal_tim_ex.c ****   }
 5223              		.loc 1 2212 5 is_stmt 1 view .LVU1503
2212:Drivers/STM32G4xx_HAL_Driver/Src/stm32g4xx_hal_tim_ex.c ****   }
 5224              		.loc 1 2212 12 is_stmt 0 view .LVU1504
 5225 003c 4C68     		ldr	r4, [r1, #4]
 5226 003e 2243     		orrs	r2, r2, r4
 5227              	.LVL336:
 5228              	.L419:
2216:Drivers/STM32G4xx_HAL_Driver/Src/stm32g4xx_hal_tim_ex.c ****   /* Select the TRGO source */
 5229              		.loc 1 2216 3 is_stmt 1 view .LVU1505
2216:Drivers/STM32G4xx_HAL_Driver/Src/stm32g4xx_hal_tim_ex.c ****   /* Select the TRGO source */
 5230              		.loc 1 2216 10 is_stmt 0 view .LVU1506
 5231 0040 22F00072 		bic	r2, r2, #33554432
 5232              	.LVL337:
2216:Drivers/STM32G4xx_HAL_Driver/Src/stm32g4xx_hal_tim_ex.c ****   /* Select the TRGO source */
 5233              		.loc 1 2216 10 view .LVU1507
 5234 0044 22F07002 		bic	r2, r2, #112
 5235              	.LVL338:
2218:Drivers/STM32G4xx_HAL_Driver/Src/stm32g4xx_hal_tim_ex.c **** 
 5236              		.loc 1 2218 3 is_stmt 1 view .LVU1508
2218:Drivers/STM32G4xx_HAL_Driver/Src/stm32g4xx_hal_tim_ex.c **** 
 5237              		.loc 1 2218 10 is_stmt 0 view .LVU1509
 5238 0048 0C68     		ldr	r4, [r1]
 5239 004a 2243     		orrs	r2, r2, r4
 5240              	.LVL339:
2221:Drivers/STM32G4xx_HAL_Driver/Src/stm32g4xx_hal_tim_ex.c **** 
 5241              		.loc 1 2221 3 is_stmt 1 view .LVU1510
2221:Drivers/STM32G4xx_HAL_Driver/Src/stm32g4xx_hal_tim_ex.c **** 
 5242              		.loc 1 2221 23 is_stmt 0 view .LVU1511
 5243 004c 4260     		str	r2, [r0, #4]
2223:Drivers/STM32G4xx_HAL_Driver/Src/stm32g4xx_hal_tim_ex.c ****   {
 5244              		.loc 1 2223 3 is_stmt 1 view .LVU1512
2223:Drivers/STM32G4xx_HAL_Driver/Src/stm32g4xx_hal_tim_ex.c ****   {
 5245              		.loc 1 2223 7 is_stmt 0 view .LVU1513
 5246 004e 1A68     		ldr	r2, [r3]
 5247              	.LVL340:
2223:Drivers/STM32G4xx_HAL_Driver/Src/stm32g4xx_hal_tim_ex.c ****   {
 5248              		.loc 1 2223 6 view .LVU1514
 5249 0050 1648     		ldr	r0, .L427
 5250              	.LVL341:
2223:Drivers/STM32G4xx_HAL_Driver/Src/stm32g4xx_hal_tim_ex.c ****   {
 5251              		.loc 1 2223 6 view .LVU1515
 5252 0052 8242     		cmp	r2, r0
 5253 0054 1AD0     		beq	.L420
2223:Drivers/STM32G4xx_HAL_Driver/Src/stm32g4xx_hal_tim_ex.c ****   {
 5254              		.loc 1 2223 7 discriminator 1 view .LVU1516
 5255 0056 B2F1804F 		cmp	r2, #1073741824
 5256 005a 17D0     		beq	.L420
2223:Drivers/STM32G4xx_HAL_Driver/Src/stm32g4xx_hal_tim_ex.c ****   {
 5257              		.loc 1 2223 7 discriminator 2 view .LVU1517
 5258 005c A0F59430 		sub	r0, r0, #75776
 5259 0060 8242     		cmp	r2, r0
 5260 0062 13D0     		beq	.L420
ARM GAS  /tmp/ccAXGFxz.s 			page 183


2223:Drivers/STM32G4xx_HAL_Driver/Src/stm32g4xx_hal_tim_ex.c ****   {
 5261              		.loc 1 2223 7 discriminator 3 view .LVU1518
 5262 0064 00F58060 		add	r0, r0, #1024
 5263 0068 8242     		cmp	r2, r0
 5264 006a 0FD0     		beq	.L420
2223:Drivers/STM32G4xx_HAL_Driver/Src/stm32g4xx_hal_tim_ex.c ****   {
 5265              		.loc 1 2223 7 discriminator 4 view .LVU1519
 5266 006c 00F58060 		add	r0, r0, #1024
 5267 0070 8242     		cmp	r2, r0
 5268 0072 0BD0     		beq	.L420
2223:Drivers/STM32G4xx_HAL_Driver/Src/stm32g4xx_hal_tim_ex.c ****   {
 5269              		.loc 1 2223 7 discriminator 5 view .LVU1520
 5270 0074 00F59430 		add	r0, r0, #75776
 5271 0078 8242     		cmp	r2, r0
 5272 007a 07D0     		beq	.L420
2223:Drivers/STM32G4xx_HAL_Driver/Src/stm32g4xx_hal_tim_ex.c ****   {
 5273              		.loc 1 2223 7 discriminator 6 view .LVU1521
 5274 007c 00F54060 		add	r0, r0, #3072
 5275 0080 8242     		cmp	r2, r0
 5276 0082 03D0     		beq	.L420
2223:Drivers/STM32G4xx_HAL_Driver/Src/stm32g4xx_hal_tim_ex.c ****   {
 5277              		.loc 1 2223 7 discriminator 7 view .LVU1522
 5278 0084 00F58050 		add	r0, r0, #4096
 5279 0088 8242     		cmp	r2, r0
 5280 008a 05D1     		bne	.L421
 5281              	.L420:
2226:Drivers/STM32G4xx_HAL_Driver/Src/stm32g4xx_hal_tim_ex.c ****     /* Set master mode */
 5282              		.loc 1 2226 5 is_stmt 1 view .LVU1523
2226:Drivers/STM32G4xx_HAL_Driver/Src/stm32g4xx_hal_tim_ex.c ****     /* Set master mode */
 5283              		.loc 1 2226 13 is_stmt 0 view .LVU1524
 5284 008c 2CF0800C 		bic	ip, ip, #128
 5285              	.LVL342:
2228:Drivers/STM32G4xx_HAL_Driver/Src/stm32g4xx_hal_tim_ex.c **** 
 5286              		.loc 1 2228 5 is_stmt 1 view .LVU1525
2228:Drivers/STM32G4xx_HAL_Driver/Src/stm32g4xx_hal_tim_ex.c **** 
 5287              		.loc 1 2228 29 is_stmt 0 view .LVU1526
 5288 0090 8968     		ldr	r1, [r1, #8]
 5289              	.LVL343:
2228:Drivers/STM32G4xx_HAL_Driver/Src/stm32g4xx_hal_tim_ex.c **** 
 5290              		.loc 1 2228 13 view .LVU1527
 5291 0092 41EA0C01 		orr	r1, r1, ip
 5292              	.LVL344:
2231:Drivers/STM32G4xx_HAL_Driver/Src/stm32g4xx_hal_tim_ex.c ****   }
 5293              		.loc 1 2231 5 is_stmt 1 view .LVU1528
2231:Drivers/STM32G4xx_HAL_Driver/Src/stm32g4xx_hal_tim_ex.c ****   }
 5294              		.loc 1 2231 26 is_stmt 0 view .LVU1529
 5295 0096 9160     		str	r1, [r2, #8]
 5296              	.LVL345:
 5297              	.L421:
2235:Drivers/STM32G4xx_HAL_Driver/Src/stm32g4xx_hal_tim_ex.c **** 
 5298              		.loc 1 2235 3 is_stmt 1 view .LVU1530
2235:Drivers/STM32G4xx_HAL_Driver/Src/stm32g4xx_hal_tim_ex.c **** 
 5299              		.loc 1 2235 15 is_stmt 0 view .LVU1531
 5300 0098 0122     		movs	r2, #1
 5301 009a 83F83D20 		strb	r2, [r3, #61]
2237:Drivers/STM32G4xx_HAL_Driver/Src/stm32g4xx_hal_tim_ex.c **** 
 5302              		.loc 1 2237 3 is_stmt 1 view .LVU1532
ARM GAS  /tmp/ccAXGFxz.s 			page 184


2237:Drivers/STM32G4xx_HAL_Driver/Src/stm32g4xx_hal_tim_ex.c **** 
 5303              		.loc 1 2237 3 view .LVU1533
 5304 009e 0020     		movs	r0, #0
 5305 00a0 83F83C00 		strb	r0, [r3, #60]
2237:Drivers/STM32G4xx_HAL_Driver/Src/stm32g4xx_hal_tim_ex.c **** 
 5306              		.loc 1 2237 3 view .LVU1534
2239:Drivers/STM32G4xx_HAL_Driver/Src/stm32g4xx_hal_tim_ex.c **** }
 5307              		.loc 1 2239 3 view .LVU1535
2240:Drivers/STM32G4xx_HAL_Driver/Src/stm32g4xx_hal_tim_ex.c **** 
 5308              		.loc 1 2240 1 is_stmt 0 view .LVU1536
 5309 00a4 10BD     		pop	{r4, pc}
 5310              	.LVL346:
 5311              	.L422:
 5312              	.LCFI31:
 5313              		.cfi_def_cfa_offset 0
 5314              		.cfi_restore 4
 5315              		.cfi_restore 14
2192:Drivers/STM32G4xx_HAL_Driver/Src/stm32g4xx_hal_tim_ex.c **** 
 5316              		.loc 1 2192 3 discriminator 1 view .LVU1537
 5317 00a6 0220     		movs	r0, #2
 5318              	.LVL347:
2240:Drivers/STM32G4xx_HAL_Driver/Src/stm32g4xx_hal_tim_ex.c **** 
 5319              		.loc 1 2240 1 view .LVU1538
 5320 00a8 7047     		bx	lr
 5321              	.L428:
 5322 00aa 00BF     		.align	2
 5323              	.L427:
 5324 00ac 002C0140 		.word	1073818624
 5325              		.cfi_endproc
 5326              	.LFE358:
 5328              		.section	.text.HAL_TIMEx_ConfigBreakDeadTime,"ax",%progbits
 5329              		.align	1
 5330              		.global	HAL_TIMEx_ConfigBreakDeadTime
 5331              		.syntax unified
 5332              		.thumb
 5333              		.thumb_func
 5335              	HAL_TIMEx_ConfigBreakDeadTime:
 5336              	.LVL348:
 5337              	.LFB359:
2255:Drivers/STM32G4xx_HAL_Driver/Src/stm32g4xx_hal_tim_ex.c ****   /* Keep this variable initialized to 0 as it is used to configure BDTR register */
 5338              		.loc 1 2255 1 is_stmt 1 view -0
 5339              		.cfi_startproc
 5340              		@ args = 0, pretend = 0, frame = 0
 5341              		@ frame_needed = 0, uses_anonymous_args = 0
 5342              		@ link register save eliminated.
2257:Drivers/STM32G4xx_HAL_Driver/Src/stm32g4xx_hal_tim_ex.c **** 
 5343              		.loc 1 2257 3 view .LVU1540
2260:Drivers/STM32G4xx_HAL_Driver/Src/stm32g4xx_hal_tim_ex.c ****   assert_param(IS_TIM_OSSR_STATE(sBreakDeadTimeConfig->OffStateRunMode));
 5344              		.loc 1 2260 3 view .LVU1541
2261:Drivers/STM32G4xx_HAL_Driver/Src/stm32g4xx_hal_tim_ex.c ****   assert_param(IS_TIM_OSSI_STATE(sBreakDeadTimeConfig->OffStateIDLEMode));
 5345              		.loc 1 2261 3 view .LVU1542
2262:Drivers/STM32G4xx_HAL_Driver/Src/stm32g4xx_hal_tim_ex.c ****   assert_param(IS_TIM_LOCK_LEVEL(sBreakDeadTimeConfig->LockLevel));
 5346              		.loc 1 2262 3 view .LVU1543
2263:Drivers/STM32G4xx_HAL_Driver/Src/stm32g4xx_hal_tim_ex.c ****   assert_param(IS_TIM_DEADTIME(sBreakDeadTimeConfig->DeadTime));
 5347              		.loc 1 2263 3 view .LVU1544
2264:Drivers/STM32G4xx_HAL_Driver/Src/stm32g4xx_hal_tim_ex.c ****   assert_param(IS_TIM_BREAK_STATE(sBreakDeadTimeConfig->BreakState));
 5348              		.loc 1 2264 3 view .LVU1545
ARM GAS  /tmp/ccAXGFxz.s 			page 185


2265:Drivers/STM32G4xx_HAL_Driver/Src/stm32g4xx_hal_tim_ex.c ****   assert_param(IS_TIM_BREAK_POLARITY(sBreakDeadTimeConfig->BreakPolarity));
 5349              		.loc 1 2265 3 view .LVU1546
2266:Drivers/STM32G4xx_HAL_Driver/Src/stm32g4xx_hal_tim_ex.c ****   assert_param(IS_TIM_BREAK_FILTER(sBreakDeadTimeConfig->BreakFilter));
 5350              		.loc 1 2266 3 view .LVU1547
2267:Drivers/STM32G4xx_HAL_Driver/Src/stm32g4xx_hal_tim_ex.c ****   assert_param(IS_TIM_AUTOMATIC_OUTPUT_STATE(sBreakDeadTimeConfig->AutomaticOutput));
 5351              		.loc 1 2267 3 view .LVU1548
2268:Drivers/STM32G4xx_HAL_Driver/Src/stm32g4xx_hal_tim_ex.c ****   assert_param(IS_TIM_BREAK_AFMODE(sBreakDeadTimeConfig->BreakAFMode));
 5352              		.loc 1 2268 3 view .LVU1549
2269:Drivers/STM32G4xx_HAL_Driver/Src/stm32g4xx_hal_tim_ex.c **** 
 5353              		.loc 1 2269 3 view .LVU1550
2272:Drivers/STM32G4xx_HAL_Driver/Src/stm32g4xx_hal_tim_ex.c **** 
 5354              		.loc 1 2272 3 view .LVU1551
2272:Drivers/STM32G4xx_HAL_Driver/Src/stm32g4xx_hal_tim_ex.c **** 
 5355              		.loc 1 2272 3 view .LVU1552
 5356 0000 90F83C30 		ldrb	r3, [r0, #60]	@ zero_extendqisi2
 5357 0004 012B     		cmp	r3, #1
 5358 0006 4FD0     		beq	.L433
 5359 0008 0246     		mov	r2, r0
2272:Drivers/STM32G4xx_HAL_Driver/Src/stm32g4xx_hal_tim_ex.c **** 
 5360              		.loc 1 2272 3 discriminator 2 view .LVU1553
 5361 000a 0123     		movs	r3, #1
 5362 000c 80F83C30 		strb	r3, [r0, #60]
2272:Drivers/STM32G4xx_HAL_Driver/Src/stm32g4xx_hal_tim_ex.c **** 
 5363              		.loc 1 2272 3 discriminator 2 view .LVU1554
2278:Drivers/STM32G4xx_HAL_Driver/Src/stm32g4xx_hal_tim_ex.c ****   MODIFY_REG(tmpbdtr, TIM_BDTR_LOCK, sBreakDeadTimeConfig->LockLevel);
 5364              		.loc 1 2278 3 view .LVU1555
 5365 0010 CB68     		ldr	r3, [r1, #12]
 5366              	.LVL349:
2279:Drivers/STM32G4xx_HAL_Driver/Src/stm32g4xx_hal_tim_ex.c ****   MODIFY_REG(tmpbdtr, TIM_BDTR_OSSI, sBreakDeadTimeConfig->OffStateIDLEMode);
 5367              		.loc 1 2279 3 view .LVU1556
 5368 0012 23F44073 		bic	r3, r3, #768
 5369              	.LVL350:
2279:Drivers/STM32G4xx_HAL_Driver/Src/stm32g4xx_hal_tim_ex.c ****   MODIFY_REG(tmpbdtr, TIM_BDTR_OSSI, sBreakDeadTimeConfig->OffStateIDLEMode);
 5370              		.loc 1 2279 3 is_stmt 0 view .LVU1557
 5371 0016 8868     		ldr	r0, [r1, #8]
 5372              	.LVL351:
2279:Drivers/STM32G4xx_HAL_Driver/Src/stm32g4xx_hal_tim_ex.c ****   MODIFY_REG(tmpbdtr, TIM_BDTR_OSSI, sBreakDeadTimeConfig->OffStateIDLEMode);
 5373              		.loc 1 2279 3 view .LVU1558
 5374 0018 0343     		orrs	r3, r3, r0
 5375              	.LVL352:
2280:Drivers/STM32G4xx_HAL_Driver/Src/stm32g4xx_hal_tim_ex.c ****   MODIFY_REG(tmpbdtr, TIM_BDTR_OSSR, sBreakDeadTimeConfig->OffStateRunMode);
 5376              		.loc 1 2280 3 is_stmt 1 view .LVU1559
 5377 001a 23F48063 		bic	r3, r3, #1024
 5378              	.LVL353:
2280:Drivers/STM32G4xx_HAL_Driver/Src/stm32g4xx_hal_tim_ex.c ****   MODIFY_REG(tmpbdtr, TIM_BDTR_OSSR, sBreakDeadTimeConfig->OffStateRunMode);
 5379              		.loc 1 2280 3 is_stmt 0 view .LVU1560
 5380 001e 4868     		ldr	r0, [r1, #4]
 5381              	.LVL354:
2280:Drivers/STM32G4xx_HAL_Driver/Src/stm32g4xx_hal_tim_ex.c ****   MODIFY_REG(tmpbdtr, TIM_BDTR_OSSR, sBreakDeadTimeConfig->OffStateRunMode);
 5382              		.loc 1 2280 3 view .LVU1561
 5383 0020 0343     		orrs	r3, r3, r0
 5384              	.LVL355:
2281:Drivers/STM32G4xx_HAL_Driver/Src/stm32g4xx_hal_tim_ex.c ****   MODIFY_REG(tmpbdtr, TIM_BDTR_BKE, sBreakDeadTimeConfig->BreakState);
 5385              		.loc 1 2281 3 is_stmt 1 view .LVU1562
 5386 0022 23F40063 		bic	r3, r3, #2048
 5387              	.LVL356:
2281:Drivers/STM32G4xx_HAL_Driver/Src/stm32g4xx_hal_tim_ex.c ****   MODIFY_REG(tmpbdtr, TIM_BDTR_BKE, sBreakDeadTimeConfig->BreakState);
ARM GAS  /tmp/ccAXGFxz.s 			page 186


 5388              		.loc 1 2281 3 is_stmt 0 view .LVU1563
 5389 0026 0868     		ldr	r0, [r1]
 5390              	.LVL357:
2281:Drivers/STM32G4xx_HAL_Driver/Src/stm32g4xx_hal_tim_ex.c ****   MODIFY_REG(tmpbdtr, TIM_BDTR_BKE, sBreakDeadTimeConfig->BreakState);
 5391              		.loc 1 2281 3 view .LVU1564
 5392 0028 0343     		orrs	r3, r3, r0
 5393              	.LVL358:
2282:Drivers/STM32G4xx_HAL_Driver/Src/stm32g4xx_hal_tim_ex.c ****   MODIFY_REG(tmpbdtr, TIM_BDTR_BKP, sBreakDeadTimeConfig->BreakPolarity);
 5394              		.loc 1 2282 3 is_stmt 1 view .LVU1565
 5395 002a 23F48053 		bic	r3, r3, #4096
 5396              	.LVL359:
2282:Drivers/STM32G4xx_HAL_Driver/Src/stm32g4xx_hal_tim_ex.c ****   MODIFY_REG(tmpbdtr, TIM_BDTR_BKP, sBreakDeadTimeConfig->BreakPolarity);
 5397              		.loc 1 2282 3 is_stmt 0 view .LVU1566
 5398 002e 0869     		ldr	r0, [r1, #16]
 5399              	.LVL360:
2282:Drivers/STM32G4xx_HAL_Driver/Src/stm32g4xx_hal_tim_ex.c ****   MODIFY_REG(tmpbdtr, TIM_BDTR_BKP, sBreakDeadTimeConfig->BreakPolarity);
 5400              		.loc 1 2282 3 view .LVU1567
 5401 0030 0343     		orrs	r3, r3, r0
 5402              	.LVL361:
2283:Drivers/STM32G4xx_HAL_Driver/Src/stm32g4xx_hal_tim_ex.c ****   MODIFY_REG(tmpbdtr, TIM_BDTR_AOE, sBreakDeadTimeConfig->AutomaticOutput);
 5403              		.loc 1 2283 3 is_stmt 1 view .LVU1568
 5404 0032 23F40053 		bic	r3, r3, #8192
 5405              	.LVL362:
2283:Drivers/STM32G4xx_HAL_Driver/Src/stm32g4xx_hal_tim_ex.c ****   MODIFY_REG(tmpbdtr, TIM_BDTR_AOE, sBreakDeadTimeConfig->AutomaticOutput);
 5406              		.loc 1 2283 3 is_stmt 0 view .LVU1569
 5407 0036 4869     		ldr	r0, [r1, #20]
 5408              	.LVL363:
2283:Drivers/STM32G4xx_HAL_Driver/Src/stm32g4xx_hal_tim_ex.c ****   MODIFY_REG(tmpbdtr, TIM_BDTR_AOE, sBreakDeadTimeConfig->AutomaticOutput);
 5409              		.loc 1 2283 3 view .LVU1570
 5410 0038 0343     		orrs	r3, r3, r0
 5411              	.LVL364:
2284:Drivers/STM32G4xx_HAL_Driver/Src/stm32g4xx_hal_tim_ex.c ****   MODIFY_REG(tmpbdtr, TIM_BDTR_BKF, (sBreakDeadTimeConfig->BreakFilter << TIM_BDTR_BKF_Pos));
 5412              		.loc 1 2284 3 is_stmt 1 view .LVU1571
 5413 003a 23F48043 		bic	r3, r3, #16384
 5414              	.LVL365:
2284:Drivers/STM32G4xx_HAL_Driver/Src/stm32g4xx_hal_tim_ex.c ****   MODIFY_REG(tmpbdtr, TIM_BDTR_BKF, (sBreakDeadTimeConfig->BreakFilter << TIM_BDTR_BKF_Pos));
 5415              		.loc 1 2284 3 is_stmt 0 view .LVU1572
 5416 003e 086B     		ldr	r0, [r1, #48]
 5417              	.LVL366:
2284:Drivers/STM32G4xx_HAL_Driver/Src/stm32g4xx_hal_tim_ex.c ****   MODIFY_REG(tmpbdtr, TIM_BDTR_BKF, (sBreakDeadTimeConfig->BreakFilter << TIM_BDTR_BKF_Pos));
 5418              		.loc 1 2284 3 view .LVU1573
 5419 0040 0343     		orrs	r3, r3, r0
 5420              	.LVL367:
2285:Drivers/STM32G4xx_HAL_Driver/Src/stm32g4xx_hal_tim_ex.c ****   MODIFY_REG(tmpbdtr, TIM_BDTR_BKBID, sBreakDeadTimeConfig->BreakAFMode);
 5421              		.loc 1 2285 3 is_stmt 1 view .LVU1574
 5422 0042 23F47023 		bic	r3, r3, #983040
 5423              	.LVL368:
2285:Drivers/STM32G4xx_HAL_Driver/Src/stm32g4xx_hal_tim_ex.c ****   MODIFY_REG(tmpbdtr, TIM_BDTR_BKBID, sBreakDeadTimeConfig->BreakAFMode);
 5424              		.loc 1 2285 3 is_stmt 0 view .LVU1575
 5425 0046 8869     		ldr	r0, [r1, #24]
 5426              	.LVL369:
2285:Drivers/STM32G4xx_HAL_Driver/Src/stm32g4xx_hal_tim_ex.c ****   MODIFY_REG(tmpbdtr, TIM_BDTR_BKBID, sBreakDeadTimeConfig->BreakAFMode);
 5427              		.loc 1 2285 3 view .LVU1576
 5428 0048 43EA0043 		orr	r3, r3, r0, lsl #16
 5429              	.LVL370:
2286:Drivers/STM32G4xx_HAL_Driver/Src/stm32g4xx_hal_tim_ex.c **** 
 5430              		.loc 1 2286 3 is_stmt 1 view .LVU1577
ARM GAS  /tmp/ccAXGFxz.s 			page 187


 5431 004c 23F08053 		bic	r3, r3, #268435456
 5432              	.LVL371:
2286:Drivers/STM32G4xx_HAL_Driver/Src/stm32g4xx_hal_tim_ex.c **** 
 5433              		.loc 1 2286 3 is_stmt 0 view .LVU1578
 5434 0050 C869     		ldr	r0, [r1, #28]
 5435              	.LVL372:
2286:Drivers/STM32G4xx_HAL_Driver/Src/stm32g4xx_hal_tim_ex.c **** 
 5436              		.loc 1 2286 3 view .LVU1579
 5437 0052 0343     		orrs	r3, r3, r0
 5438              	.LVL373:
2288:Drivers/STM32G4xx_HAL_Driver/Src/stm32g4xx_hal_tim_ex.c ****   {
 5439              		.loc 1 2288 3 is_stmt 1 view .LVU1580
2288:Drivers/STM32G4xx_HAL_Driver/Src/stm32g4xx_hal_tim_ex.c ****   {
 5440              		.loc 1 2288 7 is_stmt 0 view .LVU1581
 5441 0054 1068     		ldr	r0, [r2]
2288:Drivers/STM32G4xx_HAL_Driver/Src/stm32g4xx_hal_tim_ex.c ****   {
 5442              		.loc 1 2288 6 view .LVU1582
 5443 0056 DFF854C0 		ldr	ip, .L438
 5444 005a 6045     		cmp	r0, ip
 5445 005c 0CD0     		beq	.L431
2288:Drivers/STM32G4xx_HAL_Driver/Src/stm32g4xx_hal_tim_ex.c ****   {
 5446              		.loc 1 2288 7 discriminator 1 view .LVU1583
 5447 005e 0CF5006C 		add	ip, ip, #2048
 5448 0062 6045     		cmp	r0, ip
 5449 0064 08D0     		beq	.L431
2288:Drivers/STM32G4xx_HAL_Driver/Src/stm32g4xx_hal_tim_ex.c ****   {
 5450              		.loc 1 2288 7 discriminator 2 view .LVU1584
 5451 0066 0CF5E05C 		add	ip, ip, #7168
 5452 006a 6045     		cmp	r0, ip
 5453 006c 04D0     		beq	.L431
2304:Drivers/STM32G4xx_HAL_Driver/Src/stm32g4xx_hal_tim_ex.c **** 
 5454              		.loc 1 2304 3 is_stmt 1 view .LVU1585
2304:Drivers/STM32G4xx_HAL_Driver/Src/stm32g4xx_hal_tim_ex.c **** 
 5455              		.loc 1 2304 24 is_stmt 0 view .LVU1586
 5456 006e 4364     		str	r3, [r0, #68]
2306:Drivers/STM32G4xx_HAL_Driver/Src/stm32g4xx_hal_tim_ex.c **** 
 5457              		.loc 1 2306 3 is_stmt 1 view .LVU1587
2306:Drivers/STM32G4xx_HAL_Driver/Src/stm32g4xx_hal_tim_ex.c **** 
 5458              		.loc 1 2306 3 view .LVU1588
 5459 0070 0020     		movs	r0, #0
 5460 0072 82F83C00 		strb	r0, [r2, #60]
2306:Drivers/STM32G4xx_HAL_Driver/Src/stm32g4xx_hal_tim_ex.c **** 
 5461              		.loc 1 2306 3 view .LVU1589
2308:Drivers/STM32G4xx_HAL_Driver/Src/stm32g4xx_hal_tim_ex.c **** }
 5462              		.loc 1 2308 3 view .LVU1590
2309:Drivers/STM32G4xx_HAL_Driver/Src/stm32g4xx_hal_tim_ex.c **** 
 5463              		.loc 1 2309 1 is_stmt 0 view .LVU1591
 5464 0076 7047     		bx	lr
 5465              	.L431:
2255:Drivers/STM32G4xx_HAL_Driver/Src/stm32g4xx_hal_tim_ex.c ****   /* Keep this variable initialized to 0 as it is used to configure BDTR register */
 5466              		.loc 1 2255 1 view .LVU1592
 5467 0078 10B4     		push	{r4}
 5468              	.LCFI32:
 5469              		.cfi_def_cfa_offset 4
 5470              		.cfi_offset 4, -4
2291:Drivers/STM32G4xx_HAL_Driver/Src/stm32g4xx_hal_tim_ex.c ****     assert_param(IS_TIM_BREAK2_POLARITY(sBreakDeadTimeConfig->Break2Polarity));
 5471              		.loc 1 2291 5 is_stmt 1 view .LVU1593
ARM GAS  /tmp/ccAXGFxz.s 			page 188


2292:Drivers/STM32G4xx_HAL_Driver/Src/stm32g4xx_hal_tim_ex.c ****     assert_param(IS_TIM_BREAK_FILTER(sBreakDeadTimeConfig->Break2Filter));
 5472              		.loc 1 2292 5 view .LVU1594
2293:Drivers/STM32G4xx_HAL_Driver/Src/stm32g4xx_hal_tim_ex.c ****     assert_param(IS_TIM_BREAK2_AFMODE(sBreakDeadTimeConfig->Break2AFMode));
 5473              		.loc 1 2293 5 view .LVU1595
2294:Drivers/STM32G4xx_HAL_Driver/Src/stm32g4xx_hal_tim_ex.c **** 
 5474              		.loc 1 2294 5 view .LVU1596
2297:Drivers/STM32G4xx_HAL_Driver/Src/stm32g4xx_hal_tim_ex.c ****     MODIFY_REG(tmpbdtr, TIM_BDTR_BK2E, sBreakDeadTimeConfig->Break2State);
 5475              		.loc 1 2297 5 view .LVU1597
 5476 007a 23F47003 		bic	r3, r3, #15728640
 5477              	.LVL374:
2297:Drivers/STM32G4xx_HAL_Driver/Src/stm32g4xx_hal_tim_ex.c ****     MODIFY_REG(tmpbdtr, TIM_BDTR_BK2E, sBreakDeadTimeConfig->Break2State);
 5478              		.loc 1 2297 5 is_stmt 0 view .LVU1598
 5479 007e 8C6A     		ldr	r4, [r1, #40]
 5480 0080 43EA0453 		orr	r3, r3, r4, lsl #20
 5481              	.LVL375:
2298:Drivers/STM32G4xx_HAL_Driver/Src/stm32g4xx_hal_tim_ex.c ****     MODIFY_REG(tmpbdtr, TIM_BDTR_BK2P, sBreakDeadTimeConfig->Break2Polarity);
 5482              		.loc 1 2298 5 is_stmt 1 view .LVU1599
 5483 0084 23F08073 		bic	r3, r3, #16777216
 5484              	.LVL376:
2298:Drivers/STM32G4xx_HAL_Driver/Src/stm32g4xx_hal_tim_ex.c ****     MODIFY_REG(tmpbdtr, TIM_BDTR_BK2P, sBreakDeadTimeConfig->Break2Polarity);
 5485              		.loc 1 2298 5 is_stmt 0 view .LVU1600
 5486 0088 0C6A     		ldr	r4, [r1, #32]
 5487              	.LVL377:
2298:Drivers/STM32G4xx_HAL_Driver/Src/stm32g4xx_hal_tim_ex.c ****     MODIFY_REG(tmpbdtr, TIM_BDTR_BK2P, sBreakDeadTimeConfig->Break2Polarity);
 5488              		.loc 1 2298 5 view .LVU1601
 5489 008a 2343     		orrs	r3, r3, r4
 5490              	.LVL378:
2299:Drivers/STM32G4xx_HAL_Driver/Src/stm32g4xx_hal_tim_ex.c ****     MODIFY_REG(tmpbdtr, TIM_BDTR_BK2BID, sBreakDeadTimeConfig->Break2AFMode);
 5491              		.loc 1 2299 5 is_stmt 1 view .LVU1602
 5492 008c 23F00073 		bic	r3, r3, #33554432
 5493              	.LVL379:
2299:Drivers/STM32G4xx_HAL_Driver/Src/stm32g4xx_hal_tim_ex.c ****     MODIFY_REG(tmpbdtr, TIM_BDTR_BK2BID, sBreakDeadTimeConfig->Break2AFMode);
 5494              		.loc 1 2299 5 is_stmt 0 view .LVU1603
 5495 0090 4C6A     		ldr	r4, [r1, #36]
 5496              	.LVL380:
2299:Drivers/STM32G4xx_HAL_Driver/Src/stm32g4xx_hal_tim_ex.c ****     MODIFY_REG(tmpbdtr, TIM_BDTR_BK2BID, sBreakDeadTimeConfig->Break2AFMode);
 5497              		.loc 1 2299 5 view .LVU1604
 5498 0092 2343     		orrs	r3, r3, r4
 5499              	.LVL381:
2300:Drivers/STM32G4xx_HAL_Driver/Src/stm32g4xx_hal_tim_ex.c ****   }
 5500              		.loc 1 2300 5 is_stmt 1 view .LVU1605
 5501 0094 23F00053 		bic	r3, r3, #536870912
 5502              	.LVL382:
2300:Drivers/STM32G4xx_HAL_Driver/Src/stm32g4xx_hal_tim_ex.c ****   }
 5503              		.loc 1 2300 5 is_stmt 0 view .LVU1606
 5504 0098 C96A     		ldr	r1, [r1, #44]
 5505              	.LVL383:
2300:Drivers/STM32G4xx_HAL_Driver/Src/stm32g4xx_hal_tim_ex.c ****   }
 5506              		.loc 1 2300 5 view .LVU1607
 5507 009a 0B43     		orrs	r3, r3, r1
 5508              	.LVL384:
2304:Drivers/STM32G4xx_HAL_Driver/Src/stm32g4xx_hal_tim_ex.c **** 
 5509              		.loc 1 2304 3 is_stmt 1 view .LVU1608
2304:Drivers/STM32G4xx_HAL_Driver/Src/stm32g4xx_hal_tim_ex.c **** 
 5510              		.loc 1 2304 24 is_stmt 0 view .LVU1609
 5511 009c 4364     		str	r3, [r0, #68]
2306:Drivers/STM32G4xx_HAL_Driver/Src/stm32g4xx_hal_tim_ex.c **** 
ARM GAS  /tmp/ccAXGFxz.s 			page 189


 5512              		.loc 1 2306 3 is_stmt 1 view .LVU1610
2306:Drivers/STM32G4xx_HAL_Driver/Src/stm32g4xx_hal_tim_ex.c **** 
 5513              		.loc 1 2306 3 view .LVU1611
 5514 009e 0020     		movs	r0, #0
 5515 00a0 82F83C00 		strb	r0, [r2, #60]
2306:Drivers/STM32G4xx_HAL_Driver/Src/stm32g4xx_hal_tim_ex.c **** 
 5516              		.loc 1 2306 3 view .LVU1612
2308:Drivers/STM32G4xx_HAL_Driver/Src/stm32g4xx_hal_tim_ex.c **** }
 5517              		.loc 1 2308 3 view .LVU1613
2309:Drivers/STM32G4xx_HAL_Driver/Src/stm32g4xx_hal_tim_ex.c **** 
 5518              		.loc 1 2309 1 is_stmt 0 view .LVU1614
 5519 00a4 10BC     		pop	{r4}
 5520              	.LCFI33:
 5521              		.cfi_restore 4
 5522              		.cfi_def_cfa_offset 0
 5523 00a6 7047     		bx	lr
 5524              	.LVL385:
 5525              	.L433:
2272:Drivers/STM32G4xx_HAL_Driver/Src/stm32g4xx_hal_tim_ex.c **** 
 5526              		.loc 1 2272 3 discriminator 1 view .LVU1615
 5527 00a8 0220     		movs	r0, #2
 5528              	.LVL386:
2272:Drivers/STM32G4xx_HAL_Driver/Src/stm32g4xx_hal_tim_ex.c **** 
 5529              		.loc 1 2272 3 discriminator 1 view .LVU1616
 5530 00aa 7047     		bx	lr
 5531              	.L439:
 5532              		.align	2
 5533              	.L438:
 5534 00ac 002C0140 		.word	1073818624
 5535              		.cfi_endproc
 5536              	.LFE359:
 5538              		.section	.text.HAL_TIMEx_ConfigBreakInput,"ax",%progbits
 5539              		.align	1
 5540              		.global	HAL_TIMEx_ConfigBreakInput
 5541              		.syntax unified
 5542              		.thumb
 5543              		.thumb_func
 5545              	HAL_TIMEx_ConfigBreakInput:
 5546              	.LVL387:
 5547              	.LFB360:
2324:Drivers/STM32G4xx_HAL_Driver/Src/stm32g4xx_hal_tim_ex.c ****   HAL_StatusTypeDef status = HAL_OK;
 5548              		.loc 1 2324 1 is_stmt 1 view -0
 5549              		.cfi_startproc
 5550              		@ args = 0, pretend = 0, frame = 0
 5551              		@ frame_needed = 0, uses_anonymous_args = 0
2324:Drivers/STM32G4xx_HAL_Driver/Src/stm32g4xx_hal_tim_ex.c ****   HAL_StatusTypeDef status = HAL_OK;
 5552              		.loc 1 2324 1 is_stmt 0 view .LVU1618
 5553 0000 0346     		mov	r3, r0
2325:Drivers/STM32G4xx_HAL_Driver/Src/stm32g4xx_hal_tim_ex.c ****   uint32_t tmporx;
 5554              		.loc 1 2325 3 is_stmt 1 view .LVU1619
 5555              	.LVL388:
2326:Drivers/STM32G4xx_HAL_Driver/Src/stm32g4xx_hal_tim_ex.c ****   uint32_t bkin_enable_mask;
 5556              		.loc 1 2326 3 view .LVU1620
2327:Drivers/STM32G4xx_HAL_Driver/Src/stm32g4xx_hal_tim_ex.c ****   uint32_t bkin_polarity_mask;
 5557              		.loc 1 2327 3 view .LVU1621
2328:Drivers/STM32G4xx_HAL_Driver/Src/stm32g4xx_hal_tim_ex.c ****   uint32_t bkin_enable_bitpos;
 5558              		.loc 1 2328 3 view .LVU1622
ARM GAS  /tmp/ccAXGFxz.s 			page 190


2329:Drivers/STM32G4xx_HAL_Driver/Src/stm32g4xx_hal_tim_ex.c ****   uint32_t bkin_polarity_bitpos;
 5559              		.loc 1 2329 3 view .LVU1623
2330:Drivers/STM32G4xx_HAL_Driver/Src/stm32g4xx_hal_tim_ex.c **** 
 5560              		.loc 1 2330 3 view .LVU1624
2333:Drivers/STM32G4xx_HAL_Driver/Src/stm32g4xx_hal_tim_ex.c ****   assert_param(IS_TIM_BREAKINPUT(BreakInput));
 5561              		.loc 1 2333 3 view .LVU1625
2334:Drivers/STM32G4xx_HAL_Driver/Src/stm32g4xx_hal_tim_ex.c ****   assert_param(IS_TIM_BREAKINPUTSOURCE(sBreakInputConfig->Source));
 5562              		.loc 1 2334 3 view .LVU1626
2335:Drivers/STM32G4xx_HAL_Driver/Src/stm32g4xx_hal_tim_ex.c ****   assert_param(IS_TIM_BREAKINPUTSOURCE_STATE(sBreakInputConfig->Enable));
 5563              		.loc 1 2335 3 view .LVU1627
2336:Drivers/STM32G4xx_HAL_Driver/Src/stm32g4xx_hal_tim_ex.c ****   assert_param(IS_TIM_BREAKINPUTSOURCE_POLARITY(sBreakInputConfig->Polarity));
 5564              		.loc 1 2336 3 view .LVU1628
2337:Drivers/STM32G4xx_HAL_Driver/Src/stm32g4xx_hal_tim_ex.c **** 
 5565              		.loc 1 2337 3 view .LVU1629
2340:Drivers/STM32G4xx_HAL_Driver/Src/stm32g4xx_hal_tim_ex.c **** 
 5566              		.loc 1 2340 3 view .LVU1630
2340:Drivers/STM32G4xx_HAL_Driver/Src/stm32g4xx_hal_tim_ex.c **** 
 5567              		.loc 1 2340 3 view .LVU1631
 5568 0002 90F83C00 		ldrb	r0, [r0, #60]	@ zero_extendqisi2
 5569              	.LVL389:
2340:Drivers/STM32G4xx_HAL_Driver/Src/stm32g4xx_hal_tim_ex.c **** 
 5570              		.loc 1 2340 3 is_stmt 0 view .LVU1632
 5571 0006 0128     		cmp	r0, #1
 5572 0008 00F09880 		beq	.L457
2324:Drivers/STM32G4xx_HAL_Driver/Src/stm32g4xx_hal_tim_ex.c ****   HAL_StatusTypeDef status = HAL_OK;
 5573              		.loc 1 2324 1 view .LVU1633
 5574 000c 70B5     		push	{r4, r5, r6, lr}
 5575              	.LCFI34:
 5576              		.cfi_def_cfa_offset 16
 5577              		.cfi_offset 4, -16
 5578              		.cfi_offset 5, -12
 5579              		.cfi_offset 6, -8
 5580              		.cfi_offset 14, -4
2340:Drivers/STM32G4xx_HAL_Driver/Src/stm32g4xx_hal_tim_ex.c **** 
 5581              		.loc 1 2340 3 is_stmt 1 discriminator 2 view .LVU1634
 5582 000e 0120     		movs	r0, #1
 5583 0010 83F83C00 		strb	r0, [r3, #60]
2340:Drivers/STM32G4xx_HAL_Driver/Src/stm32g4xx_hal_tim_ex.c **** 
 5584              		.loc 1 2340 3 discriminator 2 view .LVU1635
2342:Drivers/STM32G4xx_HAL_Driver/Src/stm32g4xx_hal_tim_ex.c ****   {
 5585              		.loc 1 2342 3 view .LVU1636
2342:Drivers/STM32G4xx_HAL_Driver/Src/stm32g4xx_hal_tim_ex.c ****   {
 5586              		.loc 1 2342 28 is_stmt 0 view .LVU1637
 5587 0014 1068     		ldr	r0, [r2]
2342:Drivers/STM32G4xx_HAL_Driver/Src/stm32g4xx_hal_tim_ex.c ****   {
 5588              		.loc 1 2342 3 view .LVU1638
 5589 0016 2028     		cmp	r0, #32
 5590 0018 2AD8     		bhi	.L442
 5591 001a B0B1     		cbz	r0, .L452
 5592 001c 00F1FF3C 		add	ip, r0, #-1
 5593 0020 BCF11F0F 		cmp	ip, #31
 5594 0024 11D8     		bhi	.L452
 5595 0026 DFE80CF0 		tbb	[pc, ip]
 5596              	.L447:
 5597 002a 1B       		.byte	(.L451-.L447)/2
 5598 002b 4B       		.byte	(.L458-.L447)/2
 5599 002c 10       		.byte	(.L452-.L447)/2
ARM GAS  /tmp/ccAXGFxz.s 			page 191


 5600 002d 2D       		.byte	(.L450-.L447)/2
 5601 002e 10       		.byte	(.L452-.L447)/2
 5602 002f 10       		.byte	(.L452-.L447)/2
 5603 0030 10       		.byte	(.L452-.L447)/2
 5604 0031 35       		.byte	(.L449-.L447)/2
 5605 0032 10       		.byte	(.L452-.L447)/2
 5606 0033 10       		.byte	(.L452-.L447)/2
 5607 0034 10       		.byte	(.L452-.L447)/2
 5608 0035 10       		.byte	(.L452-.L447)/2
 5609 0036 10       		.byte	(.L452-.L447)/2
 5610 0037 10       		.byte	(.L452-.L447)/2
 5611 0038 10       		.byte	(.L452-.L447)/2
 5612 0039 3D       		.byte	(.L448-.L447)/2
 5613 003a 10       		.byte	(.L452-.L447)/2
 5614 003b 10       		.byte	(.L452-.L447)/2
 5615 003c 10       		.byte	(.L452-.L447)/2
 5616 003d 10       		.byte	(.L452-.L447)/2
 5617 003e 10       		.byte	(.L452-.L447)/2
 5618 003f 10       		.byte	(.L452-.L447)/2
 5619 0040 10       		.byte	(.L452-.L447)/2
 5620 0041 10       		.byte	(.L452-.L447)/2
 5621 0042 10       		.byte	(.L452-.L447)/2
 5622 0043 10       		.byte	(.L452-.L447)/2
 5623 0044 10       		.byte	(.L452-.L447)/2
 5624 0045 10       		.byte	(.L452-.L447)/2
 5625 0046 10       		.byte	(.L452-.L447)/2
 5626 0047 10       		.byte	(.L452-.L447)/2
 5627 0048 10       		.byte	(.L452-.L447)/2
 5628 0049 45       		.byte	(.L446-.L447)/2
 5629              		.p2align 1
 5630              	.L452:
2427:Drivers/STM32G4xx_HAL_Driver/Src/stm32g4xx_hal_tim_ex.c ****       break;
 5631              		.loc 1 2427 28 view .LVU1639
 5632 004a 4FF0000C 		mov	ip, #0
2426:Drivers/STM32G4xx_HAL_Driver/Src/stm32g4xx_hal_tim_ex.c ****       bkin_polarity_bitpos = 0U;
 5633              		.loc 1 2426 26 view .LVU1640
 5634 004e 6646     		mov	r6, ip
2425:Drivers/STM32G4xx_HAL_Driver/Src/stm32g4xx_hal_tim_ex.c ****       bkin_enable_bitpos = 0U;
 5635              		.loc 1 2425 26 view .LVU1641
 5636 0050 6546     		mov	r5, ip
2424:Drivers/STM32G4xx_HAL_Driver/Src/stm32g4xx_hal_tim_ex.c ****       bkin_polarity_mask = 0U;
 5637              		.loc 1 2424 24 view .LVU1642
 5638 0052 6046     		mov	r0, ip
 5639              	.L444:
 5640              	.LVL390:
2432:Drivers/STM32G4xx_HAL_Driver/Src/stm32g4xx_hal_tim_ex.c ****   {
 5641              		.loc 1 2432 3 is_stmt 1 view .LVU1643
 5642 0054 0129     		cmp	r1, #1
 5643 0056 47D0     		beq	.L453
 5644 0058 0229     		cmp	r1, #2
 5645 005a 5CD0     		beq	.L454
 5646 005c 0120     		movs	r0, #1
 5647              	.LVL391:
2432:Drivers/STM32G4xx_HAL_Driver/Src/stm32g4xx_hal_tim_ex.c ****   {
 5648              		.loc 1 2432 3 is_stmt 0 view .LVU1644
 5649 005e 56E0     		b	.L455
 5650              	.LVL392:
ARM GAS  /tmp/ccAXGFxz.s 			page 192


 5651              	.L451:
2342:Drivers/STM32G4xx_HAL_Driver/Src/stm32g4xx_hal_tim_ex.c ****   {
 5652              		.loc 1 2342 3 view .LVU1645
 5653 0060 4FF0090C 		mov	ip, #9
 5654 0064 0024     		movs	r4, #0
 5655 0066 2646     		mov	r6, r4
 5656 0068 4FF40074 		mov	r4, #512
 5657 006c 2546     		mov	r5, r4
 5658 006e F1E7     		b	.L444
 5659              	.L442:
 5660 0070 4028     		cmp	r0, #64
 5661 0072 2DD0     		beq	.L459
 5662 0074 8028     		cmp	r0, #128
 5663 0076 31D1     		bne	.L460
2417:Drivers/STM32G4xx_HAL_Driver/Src/stm32g4xx_hal_tim_ex.c ****       break;
 5664              		.loc 1 2417 28 view .LVU1646
 5665 0078 4FF0000C 		mov	ip, #0
2414:Drivers/STM32G4xx_HAL_Driver/Src/stm32g4xx_hal_tim_ex.c ****       /* No palarity bit for this COMP. Variable bkin_polarity_mask keeps its default value 0 */
 5666              		.loc 1 2414 26 view .LVU1647
 5667 007c 0724     		movs	r4, #7
 5668 007e 2646     		mov	r6, r4
2416:Drivers/STM32G4xx_HAL_Driver/Src/stm32g4xx_hal_tim_ex.c ****       bkin_polarity_bitpos = 0U;
 5669              		.loc 1 2416 26 view .LVU1648
 5670 0080 6546     		mov	r5, ip
 5671 0082 E7E7     		b	.L444
 5672              	.L450:
2363:Drivers/STM32G4xx_HAL_Driver/Src/stm32g4xx_hal_tim_ex.c ****       bkin_enable_bitpos = TIM1_AF1_BKCMP2E_Pos;
 5673              		.loc 1 2363 7 is_stmt 1 view .LVU1649
 5674              	.LVL393:
2364:Drivers/STM32G4xx_HAL_Driver/Src/stm32g4xx_hal_tim_ex.c ****       bkin_polarity_mask = TIM1_AF1_BKCMP2P;
 5675              		.loc 1 2364 7 view .LVU1650
2365:Drivers/STM32G4xx_HAL_Driver/Src/stm32g4xx_hal_tim_ex.c ****       bkin_polarity_bitpos = TIM1_AF1_BKCMP2P_Pos;
 5676              		.loc 1 2365 7 view .LVU1651
2366:Drivers/STM32G4xx_HAL_Driver/Src/stm32g4xx_hal_tim_ex.c ****       break;
 5677              		.loc 1 2366 7 view .LVU1652
2367:Drivers/STM32G4xx_HAL_Driver/Src/stm32g4xx_hal_tim_ex.c ****     }
 5678              		.loc 1 2367 7 view .LVU1653
2366:Drivers/STM32G4xx_HAL_Driver/Src/stm32g4xx_hal_tim_ex.c ****       break;
 5679              		.loc 1 2366 28 is_stmt 0 view .LVU1654
 5680 0084 4FF00B0C 		mov	ip, #11
2364:Drivers/STM32G4xx_HAL_Driver/Src/stm32g4xx_hal_tim_ex.c ****       bkin_polarity_mask = TIM1_AF1_BKCMP2P;
 5681              		.loc 1 2364 26 view .LVU1655
 5682 0088 0224     		movs	r4, #2
 5683 008a 2646     		mov	r6, r4
2365:Drivers/STM32G4xx_HAL_Driver/Src/stm32g4xx_hal_tim_ex.c ****       bkin_polarity_bitpos = TIM1_AF1_BKCMP2P_Pos;
 5684              		.loc 1 2365 26 view .LVU1656
 5685 008c 4FF40064 		mov	r4, #2048
 5686 0090 2546     		mov	r5, r4
2367:Drivers/STM32G4xx_HAL_Driver/Src/stm32g4xx_hal_tim_ex.c ****     }
 5687              		.loc 1 2367 7 view .LVU1657
 5688 0092 DFE7     		b	.L444
 5689              	.LVL394:
 5690              	.L449:
2372:Drivers/STM32G4xx_HAL_Driver/Src/stm32g4xx_hal_tim_ex.c ****       bkin_enable_bitpos = TIM1_AF1_BKCMP3E_Pos;
 5691              		.loc 1 2372 7 is_stmt 1 view .LVU1658
2373:Drivers/STM32G4xx_HAL_Driver/Src/stm32g4xx_hal_tim_ex.c ****       bkin_polarity_mask = TIM1_AF1_BKCMP3P;
 5692              		.loc 1 2373 7 view .LVU1659
ARM GAS  /tmp/ccAXGFxz.s 			page 193


2374:Drivers/STM32G4xx_HAL_Driver/Src/stm32g4xx_hal_tim_ex.c ****       bkin_polarity_bitpos = TIM1_AF1_BKCMP3P_Pos;
 5693              		.loc 1 2374 7 view .LVU1660
2375:Drivers/STM32G4xx_HAL_Driver/Src/stm32g4xx_hal_tim_ex.c ****       break;
 5694              		.loc 1 2375 7 view .LVU1661
2376:Drivers/STM32G4xx_HAL_Driver/Src/stm32g4xx_hal_tim_ex.c ****     }
 5695              		.loc 1 2376 7 view .LVU1662
2375:Drivers/STM32G4xx_HAL_Driver/Src/stm32g4xx_hal_tim_ex.c ****       break;
 5696              		.loc 1 2375 28 is_stmt 0 view .LVU1663
 5697 0094 4FF00C0C 		mov	ip, #12
2373:Drivers/STM32G4xx_HAL_Driver/Src/stm32g4xx_hal_tim_ex.c ****       bkin_polarity_mask = TIM1_AF1_BKCMP3P;
 5698              		.loc 1 2373 26 view .LVU1664
 5699 0098 0324     		movs	r4, #3
 5700 009a 2646     		mov	r6, r4
2374:Drivers/STM32G4xx_HAL_Driver/Src/stm32g4xx_hal_tim_ex.c ****       bkin_polarity_bitpos = TIM1_AF1_BKCMP3P_Pos;
 5701              		.loc 1 2374 26 view .LVU1665
 5702 009c 4FF48054 		mov	r4, #4096
 5703 00a0 2546     		mov	r5, r4
2376:Drivers/STM32G4xx_HAL_Driver/Src/stm32g4xx_hal_tim_ex.c ****     }
 5704              		.loc 1 2376 7 view .LVU1666
 5705 00a2 D7E7     		b	.L444
 5706              	.LVL395:
 5707              	.L448:
2381:Drivers/STM32G4xx_HAL_Driver/Src/stm32g4xx_hal_tim_ex.c ****       bkin_enable_bitpos = TIM1_AF1_BKCMP4E_Pos;
 5708              		.loc 1 2381 7 is_stmt 1 view .LVU1667
2382:Drivers/STM32G4xx_HAL_Driver/Src/stm32g4xx_hal_tim_ex.c ****       bkin_polarity_mask = TIM1_AF1_BKCMP4P;
 5709              		.loc 1 2382 7 view .LVU1668
2383:Drivers/STM32G4xx_HAL_Driver/Src/stm32g4xx_hal_tim_ex.c ****       bkin_polarity_bitpos = TIM1_AF1_BKCMP4P_Pos;
 5710              		.loc 1 2383 7 view .LVU1669
2384:Drivers/STM32G4xx_HAL_Driver/Src/stm32g4xx_hal_tim_ex.c ****       break;
 5711              		.loc 1 2384 7 view .LVU1670
2385:Drivers/STM32G4xx_HAL_Driver/Src/stm32g4xx_hal_tim_ex.c ****     }
 5712              		.loc 1 2385 7 view .LVU1671
2384:Drivers/STM32G4xx_HAL_Driver/Src/stm32g4xx_hal_tim_ex.c ****       break;
 5713              		.loc 1 2384 28 is_stmt 0 view .LVU1672
 5714 00a4 4FF00D0C 		mov	ip, #13
2382:Drivers/STM32G4xx_HAL_Driver/Src/stm32g4xx_hal_tim_ex.c ****       bkin_polarity_mask = TIM1_AF1_BKCMP4P;
 5715              		.loc 1 2382 26 view .LVU1673
 5716 00a8 0424     		movs	r4, #4
 5717 00aa 2646     		mov	r6, r4
2383:Drivers/STM32G4xx_HAL_Driver/Src/stm32g4xx_hal_tim_ex.c ****       bkin_polarity_bitpos = TIM1_AF1_BKCMP4P_Pos;
 5718              		.loc 1 2383 26 view .LVU1674
 5719 00ac 4FF40054 		mov	r4, #8192
 5720 00b0 2546     		mov	r5, r4
2385:Drivers/STM32G4xx_HAL_Driver/Src/stm32g4xx_hal_tim_ex.c ****     }
 5721              		.loc 1 2385 7 view .LVU1675
 5722 00b2 CFE7     		b	.L444
 5723              	.LVL396:
 5724              	.L446:
2391:Drivers/STM32G4xx_HAL_Driver/Src/stm32g4xx_hal_tim_ex.c ****       bkin_enable_bitpos = TIM1_AF1_BKCMP5E_Pos;
 5725              		.loc 1 2391 7 is_stmt 1 view .LVU1676
2392:Drivers/STM32G4xx_HAL_Driver/Src/stm32g4xx_hal_tim_ex.c ****       /* No palarity bit for this COMP. Variable bkin_polarity_mask keeps its default value 0 */
 5726              		.loc 1 2392 7 view .LVU1677
2394:Drivers/STM32G4xx_HAL_Driver/Src/stm32g4xx_hal_tim_ex.c ****       bkin_polarity_bitpos = 0U;
 5727              		.loc 1 2394 7 view .LVU1678
2395:Drivers/STM32G4xx_HAL_Driver/Src/stm32g4xx_hal_tim_ex.c ****       break;
 5728              		.loc 1 2395 7 view .LVU1679
2396:Drivers/STM32G4xx_HAL_Driver/Src/stm32g4xx_hal_tim_ex.c ****     }
ARM GAS  /tmp/ccAXGFxz.s 			page 194


 5729              		.loc 1 2396 7 view .LVU1680
2395:Drivers/STM32G4xx_HAL_Driver/Src/stm32g4xx_hal_tim_ex.c ****       break;
 5730              		.loc 1 2395 28 is_stmt 0 view .LVU1681
 5731 00b4 4FF0000C 		mov	ip, #0
2392:Drivers/STM32G4xx_HAL_Driver/Src/stm32g4xx_hal_tim_ex.c ****       /* No palarity bit for this COMP. Variable bkin_polarity_mask keeps its default value 0 */
 5732              		.loc 1 2392 26 view .LVU1682
 5733 00b8 0524     		movs	r4, #5
 5734 00ba 2646     		mov	r6, r4
2394:Drivers/STM32G4xx_HAL_Driver/Src/stm32g4xx_hal_tim_ex.c ****       bkin_polarity_bitpos = 0U;
 5735              		.loc 1 2394 26 view .LVU1683
 5736 00bc 6546     		mov	r5, ip
2396:Drivers/STM32G4xx_HAL_Driver/Src/stm32g4xx_hal_tim_ex.c ****     }
 5737              		.loc 1 2396 7 view .LVU1684
 5738 00be C9E7     		b	.L444
 5739              	.LVL397:
 5740              	.L458:
2357:Drivers/STM32G4xx_HAL_Driver/Src/stm32g4xx_hal_tim_ex.c ****       break;
 5741              		.loc 1 2357 28 view .LVU1685
 5742 00c0 4FF00A0C 		mov	ip, #10
2355:Drivers/STM32G4xx_HAL_Driver/Src/stm32g4xx_hal_tim_ex.c ****       bkin_polarity_mask = TIM1_AF1_BKCMP1P;
 5743              		.loc 1 2355 26 view .LVU1686
 5744 00c4 0124     		movs	r4, #1
 5745 00c6 2646     		mov	r6, r4
2356:Drivers/STM32G4xx_HAL_Driver/Src/stm32g4xx_hal_tim_ex.c ****       bkin_polarity_bitpos = TIM1_AF1_BKCMP1P_Pos;
 5746              		.loc 1 2356 26 view .LVU1687
 5747 00c8 4FF48064 		mov	r4, #1024
 5748 00cc 2546     		mov	r5, r4
 5749 00ce C1E7     		b	.L444
 5750              	.L459:
2406:Drivers/STM32G4xx_HAL_Driver/Src/stm32g4xx_hal_tim_ex.c ****       break;
 5751              		.loc 1 2406 28 view .LVU1688
 5752 00d0 4FF0000C 		mov	ip, #0
2403:Drivers/STM32G4xx_HAL_Driver/Src/stm32g4xx_hal_tim_ex.c ****       /* No palarity bit for this COMP. Variable bkin_polarity_mask keeps its default value 0 */
 5753              		.loc 1 2403 26 view .LVU1689
 5754 00d4 0624     		movs	r4, #6
 5755 00d6 2646     		mov	r6, r4
2405:Drivers/STM32G4xx_HAL_Driver/Src/stm32g4xx_hal_tim_ex.c ****       bkin_polarity_bitpos = 0U;
 5756              		.loc 1 2405 26 view .LVU1690
 5757 00d8 6546     		mov	r5, ip
 5758 00da BBE7     		b	.L444
 5759              	.L460:
2427:Drivers/STM32G4xx_HAL_Driver/Src/stm32g4xx_hal_tim_ex.c ****       break;
 5760              		.loc 1 2427 28 view .LVU1691
 5761 00dc 4FF0000C 		mov	ip, #0
2426:Drivers/STM32G4xx_HAL_Driver/Src/stm32g4xx_hal_tim_ex.c ****       bkin_polarity_bitpos = 0U;
 5762              		.loc 1 2426 26 view .LVU1692
 5763 00e0 6646     		mov	r6, ip
2425:Drivers/STM32G4xx_HAL_Driver/Src/stm32g4xx_hal_tim_ex.c ****       bkin_enable_bitpos = 0U;
 5764              		.loc 1 2425 26 view .LVU1693
 5765 00e2 6546     		mov	r5, ip
2424:Drivers/STM32G4xx_HAL_Driver/Src/stm32g4xx_hal_tim_ex.c ****       bkin_polarity_mask = 0U;
 5766              		.loc 1 2424 24 view .LVU1694
 5767 00e4 6046     		mov	r0, ip
 5768 00e6 B5E7     		b	.L444
 5769              	.LVL398:
 5770              	.L453:
2437:Drivers/STM32G4xx_HAL_Driver/Src/stm32g4xx_hal_tim_ex.c **** 
ARM GAS  /tmp/ccAXGFxz.s 			page 195


 5771              		.loc 1 2437 7 is_stmt 1 view .LVU1695
2437:Drivers/STM32G4xx_HAL_Driver/Src/stm32g4xx_hal_tim_ex.c **** 
 5772              		.loc 1 2437 14 is_stmt 0 view .LVU1696
 5773 00e8 1968     		ldr	r1, [r3]
 5774              	.LVL399:
2437:Drivers/STM32G4xx_HAL_Driver/Src/stm32g4xx_hal_tim_ex.c **** 
 5775              		.loc 1 2437 14 view .LVU1697
 5776 00ea D1F860E0 		ldr	lr, [r1, #96]
2440:Drivers/STM32G4xx_HAL_Driver/Src/stm32g4xx_hal_tim_ex.c ****       tmporx |= (sBreakInputConfig->Enable << bkin_enable_bitpos) & bkin_enable_mask;
 5777              		.loc 1 2440 7 is_stmt 1 view .LVU1698
 5778              	.LVL400:
2441:Drivers/STM32G4xx_HAL_Driver/Src/stm32g4xx_hal_tim_ex.c **** 
 5779              		.loc 1 2441 7 view .LVU1699
2441:Drivers/STM32G4xx_HAL_Driver/Src/stm32g4xx_hal_tim_ex.c **** 
 5780              		.loc 1 2441 35 is_stmt 0 view .LVU1700
 5781 00ee 5168     		ldr	r1, [r2, #4]
2441:Drivers/STM32G4xx_HAL_Driver/Src/stm32g4xx_hal_tim_ex.c **** 
 5782              		.loc 1 2441 44 view .LVU1701
 5783 00f0 B140     		lsls	r1, r1, r6
 5784 00f2 81EA0E01 		eor	r1, r1, lr
 5785 00f6 0140     		ands	r1, r1, r0
2441:Drivers/STM32G4xx_HAL_Driver/Src/stm32g4xx_hal_tim_ex.c **** 
 5786              		.loc 1 2441 14 view .LVU1702
 5787 00f8 81EA0E01 		eor	r1, r1, lr
2444:Drivers/STM32G4xx_HAL_Driver/Src/stm32g4xx_hal_tim_ex.c ****       tmporx |= (sBreakInputConfig->Polarity << bkin_polarity_bitpos) & bkin_polarity_mask;
 5788              		.loc 1 2444 7 is_stmt 1 view .LVU1703
 5789              	.LVL401:
2445:Drivers/STM32G4xx_HAL_Driver/Src/stm32g4xx_hal_tim_ex.c **** 
 5790              		.loc 1 2445 7 view .LVU1704
2445:Drivers/STM32G4xx_HAL_Driver/Src/stm32g4xx_hal_tim_ex.c **** 
 5791              		.loc 1 2445 35 is_stmt 0 view .LVU1705
 5792 00fc 9268     		ldr	r2, [r2, #8]
 5793              	.LVL402:
2445:Drivers/STM32G4xx_HAL_Driver/Src/stm32g4xx_hal_tim_ex.c **** 
 5794              		.loc 1 2445 46 view .LVU1706
 5795 00fe 02FA0CF2 		lsl	r2, r2, ip
 5796 0102 4A40     		eors	r2, r2, r1
 5797 0104 2A40     		ands	r2, r2, r5
2445:Drivers/STM32G4xx_HAL_Driver/Src/stm32g4xx_hal_tim_ex.c **** 
 5798              		.loc 1 2445 14 view .LVU1707
 5799 0106 4A40     		eors	r2, r2, r1
 5800              	.LVL403:
2448:Drivers/STM32G4xx_HAL_Driver/Src/stm32g4xx_hal_tim_ex.c ****       break;
 5801              		.loc 1 2448 7 is_stmt 1 view .LVU1708
2448:Drivers/STM32G4xx_HAL_Driver/Src/stm32g4xx_hal_tim_ex.c ****       break;
 5802              		.loc 1 2448 27 is_stmt 0 view .LVU1709
 5803 0108 1968     		ldr	r1, [r3]
 5804 010a 0A66     		str	r2, [r1, #96]
2449:Drivers/STM32G4xx_HAL_Driver/Src/stm32g4xx_hal_tim_ex.c ****     }
 5805              		.loc 1 2449 7 is_stmt 1 view .LVU1710
 5806              	.L456:
2325:Drivers/STM32G4xx_HAL_Driver/Src/stm32g4xx_hal_tim_ex.c ****   uint32_t tmporx;
 5807              		.loc 1 2325 21 is_stmt 0 view .LVU1711
 5808 010c 0020     		movs	r0, #0
 5809              	.LVL404:
 5810              	.L455:
2473:Drivers/STM32G4xx_HAL_Driver/Src/stm32g4xx_hal_tim_ex.c **** 
ARM GAS  /tmp/ccAXGFxz.s 			page 196


 5811              		.loc 1 2473 3 is_stmt 1 view .LVU1712
2473:Drivers/STM32G4xx_HAL_Driver/Src/stm32g4xx_hal_tim_ex.c **** 
 5812              		.loc 1 2473 3 view .LVU1713
 5813 010e 0022     		movs	r2, #0
 5814 0110 83F83C20 		strb	r2, [r3, #60]
2473:Drivers/STM32G4xx_HAL_Driver/Src/stm32g4xx_hal_tim_ex.c **** 
 5815              		.loc 1 2473 3 view .LVU1714
2475:Drivers/STM32G4xx_HAL_Driver/Src/stm32g4xx_hal_tim_ex.c **** }
 5816              		.loc 1 2475 3 view .LVU1715
2476:Drivers/STM32G4xx_HAL_Driver/Src/stm32g4xx_hal_tim_ex.c **** 
 5817              		.loc 1 2476 1 is_stmt 0 view .LVU1716
 5818 0114 70BD     		pop	{r4, r5, r6, pc}
 5819              	.LVL405:
 5820              	.L454:
2454:Drivers/STM32G4xx_HAL_Driver/Src/stm32g4xx_hal_tim_ex.c **** 
 5821              		.loc 1 2454 7 is_stmt 1 view .LVU1717
2454:Drivers/STM32G4xx_HAL_Driver/Src/stm32g4xx_hal_tim_ex.c **** 
 5822              		.loc 1 2454 14 is_stmt 0 view .LVU1718
 5823 0116 1968     		ldr	r1, [r3]
 5824              	.LVL406:
2454:Drivers/STM32G4xx_HAL_Driver/Src/stm32g4xx_hal_tim_ex.c **** 
 5825              		.loc 1 2454 14 view .LVU1719
 5826 0118 D1F864E0 		ldr	lr, [r1, #100]
2457:Drivers/STM32G4xx_HAL_Driver/Src/stm32g4xx_hal_tim_ex.c ****       tmporx |= (sBreakInputConfig->Enable << bkin_enable_bitpos) & bkin_enable_mask;
 5827              		.loc 1 2457 7 is_stmt 1 view .LVU1720
 5828              	.LVL407:
2458:Drivers/STM32G4xx_HAL_Driver/Src/stm32g4xx_hal_tim_ex.c **** 
 5829              		.loc 1 2458 7 view .LVU1721
2458:Drivers/STM32G4xx_HAL_Driver/Src/stm32g4xx_hal_tim_ex.c **** 
 5830              		.loc 1 2458 35 is_stmt 0 view .LVU1722
 5831 011c 5168     		ldr	r1, [r2, #4]
2458:Drivers/STM32G4xx_HAL_Driver/Src/stm32g4xx_hal_tim_ex.c **** 
 5832              		.loc 1 2458 44 view .LVU1723
 5833 011e B140     		lsls	r1, r1, r6
 5834 0120 81EA0E01 		eor	r1, r1, lr
 5835 0124 0140     		ands	r1, r1, r0
2458:Drivers/STM32G4xx_HAL_Driver/Src/stm32g4xx_hal_tim_ex.c **** 
 5836              		.loc 1 2458 14 view .LVU1724
 5837 0126 8EEA0101 		eor	r1, lr, r1
2461:Drivers/STM32G4xx_HAL_Driver/Src/stm32g4xx_hal_tim_ex.c ****       tmporx |= (sBreakInputConfig->Polarity << bkin_polarity_bitpos) & bkin_polarity_mask;
 5838              		.loc 1 2461 7 is_stmt 1 view .LVU1725
 5839              	.LVL408:
2462:Drivers/STM32G4xx_HAL_Driver/Src/stm32g4xx_hal_tim_ex.c **** 
 5840              		.loc 1 2462 7 view .LVU1726
2462:Drivers/STM32G4xx_HAL_Driver/Src/stm32g4xx_hal_tim_ex.c **** 
 5841              		.loc 1 2462 35 is_stmt 0 view .LVU1727
 5842 012a 9268     		ldr	r2, [r2, #8]
 5843              	.LVL409:
2462:Drivers/STM32G4xx_HAL_Driver/Src/stm32g4xx_hal_tim_ex.c **** 
 5844              		.loc 1 2462 46 view .LVU1728
 5845 012c 02FA0CF2 		lsl	r2, r2, ip
 5846 0130 4A40     		eors	r2, r2, r1
 5847 0132 2A40     		ands	r2, r2, r5
2462:Drivers/STM32G4xx_HAL_Driver/Src/stm32g4xx_hal_tim_ex.c **** 
 5848              		.loc 1 2462 14 view .LVU1729
 5849 0134 4A40     		eors	r2, r2, r1
 5850              	.LVL410:
ARM GAS  /tmp/ccAXGFxz.s 			page 197


2465:Drivers/STM32G4xx_HAL_Driver/Src/stm32g4xx_hal_tim_ex.c ****       break;
 5851              		.loc 1 2465 7 is_stmt 1 view .LVU1730
2465:Drivers/STM32G4xx_HAL_Driver/Src/stm32g4xx_hal_tim_ex.c ****       break;
 5852              		.loc 1 2465 27 is_stmt 0 view .LVU1731
 5853 0136 1968     		ldr	r1, [r3]
 5854 0138 4A66     		str	r2, [r1, #100]
2466:Drivers/STM32G4xx_HAL_Driver/Src/stm32g4xx_hal_tim_ex.c ****     }
 5855              		.loc 1 2466 7 is_stmt 1 view .LVU1732
 5856 013a E7E7     		b	.L456
 5857              	.LVL411:
 5858              	.L457:
 5859              	.LCFI35:
 5860              		.cfi_def_cfa_offset 0
 5861              		.cfi_restore 4
 5862              		.cfi_restore 5
 5863              		.cfi_restore 6
 5864              		.cfi_restore 14
2340:Drivers/STM32G4xx_HAL_Driver/Src/stm32g4xx_hal_tim_ex.c **** 
 5865              		.loc 1 2340 3 is_stmt 0 discriminator 1 view .LVU1733
 5866 013c 0220     		movs	r0, #2
2476:Drivers/STM32G4xx_HAL_Driver/Src/stm32g4xx_hal_tim_ex.c **** 
 5867              		.loc 1 2476 1 view .LVU1734
 5868 013e 7047     		bx	lr
 5869              		.cfi_endproc
 5870              	.LFE360:
 5872              		.section	.text.HAL_TIMEx_RemapConfig,"ax",%progbits
 5873              		.align	1
 5874              		.global	HAL_TIMEx_RemapConfig
 5875              		.syntax unified
 5876              		.thumb
 5877              		.thumb_func
 5879              	HAL_TIMEx_RemapConfig:
 5880              	.LVL412:
 5881              	.LFB361:
2589:Drivers/STM32G4xx_HAL_Driver/Src/stm32g4xx_hal_tim_ex.c ****   /* Check parameters */
 5882              		.loc 1 2589 1 is_stmt 1 view -0
 5883              		.cfi_startproc
 5884              		@ args = 0, pretend = 0, frame = 0
 5885              		@ frame_needed = 0, uses_anonymous_args = 0
 5886              		@ link register save eliminated.
2591:Drivers/STM32G4xx_HAL_Driver/Src/stm32g4xx_hal_tim_ex.c ****   assert_param(IS_TIM_REMAP(Remap));
 5887              		.loc 1 2591 3 view .LVU1736
2592:Drivers/STM32G4xx_HAL_Driver/Src/stm32g4xx_hal_tim_ex.c **** 
 5888              		.loc 1 2592 3 view .LVU1737
2594:Drivers/STM32G4xx_HAL_Driver/Src/stm32g4xx_hal_tim_ex.c **** 
 5889              		.loc 1 2594 3 view .LVU1738
2594:Drivers/STM32G4xx_HAL_Driver/Src/stm32g4xx_hal_tim_ex.c **** 
 5890              		.loc 1 2594 3 view .LVU1739
 5891 0000 90F83C30 		ldrb	r3, [r0, #60]	@ zero_extendqisi2
 5892 0004 012B     		cmp	r3, #1
 5893 0006 0DD0     		beq	.L468
2594:Drivers/STM32G4xx_HAL_Driver/Src/stm32g4xx_hal_tim_ex.c **** 
 5894              		.loc 1 2594 3 discriminator 2 view .LVU1740
 5895 0008 0123     		movs	r3, #1
 5896 000a 80F83C30 		strb	r3, [r0, #60]
2594:Drivers/STM32G4xx_HAL_Driver/Src/stm32g4xx_hal_tim_ex.c **** 
 5897              		.loc 1 2594 3 discriminator 2 view .LVU1741
ARM GAS  /tmp/ccAXGFxz.s 			page 198


2596:Drivers/STM32G4xx_HAL_Driver/Src/stm32g4xx_hal_tim_ex.c **** 
 5898              		.loc 1 2596 3 view .LVU1742
 5899 000e 0268     		ldr	r2, [r0]
 5900 0010 136E     		ldr	r3, [r2, #96]
 5901 0012 23F47033 		bic	r3, r3, #245760
 5902 0016 1943     		orrs	r1, r1, r3
 5903              	.LVL413:
2596:Drivers/STM32G4xx_HAL_Driver/Src/stm32g4xx_hal_tim_ex.c **** 
 5904              		.loc 1 2596 3 is_stmt 0 view .LVU1743
 5905 0018 1166     		str	r1, [r2, #96]
2598:Drivers/STM32G4xx_HAL_Driver/Src/stm32g4xx_hal_tim_ex.c **** 
 5906              		.loc 1 2598 3 is_stmt 1 view .LVU1744
2598:Drivers/STM32G4xx_HAL_Driver/Src/stm32g4xx_hal_tim_ex.c **** 
 5907              		.loc 1 2598 3 view .LVU1745
 5908 001a 0023     		movs	r3, #0
 5909 001c 80F83C30 		strb	r3, [r0, #60]
2598:Drivers/STM32G4xx_HAL_Driver/Src/stm32g4xx_hal_tim_ex.c **** 
 5910              		.loc 1 2598 3 view .LVU1746
2600:Drivers/STM32G4xx_HAL_Driver/Src/stm32g4xx_hal_tim_ex.c **** }
 5911              		.loc 1 2600 3 view .LVU1747
2600:Drivers/STM32G4xx_HAL_Driver/Src/stm32g4xx_hal_tim_ex.c **** }
 5912              		.loc 1 2600 10 is_stmt 0 view .LVU1748
 5913 0020 1846     		mov	r0, r3
 5914              	.LVL414:
2600:Drivers/STM32G4xx_HAL_Driver/Src/stm32g4xx_hal_tim_ex.c **** }
 5915              		.loc 1 2600 10 view .LVU1749
 5916 0022 7047     		bx	lr
 5917              	.LVL415:
 5918              	.L468:
2594:Drivers/STM32G4xx_HAL_Driver/Src/stm32g4xx_hal_tim_ex.c **** 
 5919              		.loc 1 2594 3 discriminator 1 view .LVU1750
 5920 0024 0220     		movs	r0, #2
 5921              	.LVL416:
2601:Drivers/STM32G4xx_HAL_Driver/Src/stm32g4xx_hal_tim_ex.c **** 
 5922              		.loc 1 2601 1 view .LVU1751
 5923 0026 7047     		bx	lr
 5924              		.cfi_endproc
 5925              	.LFE361:
 5927              		.section	.text.HAL_TIMEx_TISelection,"ax",%progbits
 5928              		.align	1
 5929              		.global	HAL_TIMEx_TISelection
 5930              		.syntax unified
 5931              		.thumb
 5932              		.thumb_func
 5934              	HAL_TIMEx_TISelection:
 5935              	.LVL417:
 5936              	.LFB362:
2763:Drivers/STM32G4xx_HAL_Driver/Src/stm32g4xx_hal_tim_ex.c ****   HAL_StatusTypeDef status = HAL_OK;
 5937              		.loc 1 2763 1 is_stmt 1 view -0
 5938              		.cfi_startproc
 5939              		@ args = 0, pretend = 0, frame = 0
 5940              		@ frame_needed = 0, uses_anonymous_args = 0
 5941              		@ link register save eliminated.
2763:Drivers/STM32G4xx_HAL_Driver/Src/stm32g4xx_hal_tim_ex.c ****   HAL_StatusTypeDef status = HAL_OK;
 5942              		.loc 1 2763 1 is_stmt 0 view .LVU1753
 5943 0000 0346     		mov	r3, r0
2764:Drivers/STM32G4xx_HAL_Driver/Src/stm32g4xx_hal_tim_ex.c **** 
ARM GAS  /tmp/ccAXGFxz.s 			page 199


 5944              		.loc 1 2764 3 is_stmt 1 view .LVU1754
 5945              	.LVL418:
2767:Drivers/STM32G4xx_HAL_Driver/Src/stm32g4xx_hal_tim_ex.c ****   assert_param(IS_TIM_TISEL(TISelection));
 5946              		.loc 1 2767 3 view .LVU1755
2768:Drivers/STM32G4xx_HAL_Driver/Src/stm32g4xx_hal_tim_ex.c **** 
 5947              		.loc 1 2768 3 view .LVU1756
2770:Drivers/STM32G4xx_HAL_Driver/Src/stm32g4xx_hal_tim_ex.c **** 
 5948              		.loc 1 2770 3 view .LVU1757
2770:Drivers/STM32G4xx_HAL_Driver/Src/stm32g4xx_hal_tim_ex.c **** 
 5949              		.loc 1 2770 3 view .LVU1758
 5950 0002 90F83C00 		ldrb	r0, [r0, #60]	@ zero_extendqisi2
 5951              	.LVL419:
2770:Drivers/STM32G4xx_HAL_Driver/Src/stm32g4xx_hal_tim_ex.c **** 
 5952              		.loc 1 2770 3 is_stmt 0 view .LVU1759
 5953 0006 0128     		cmp	r0, #1
 5954 0008 40D0     		beq	.L480
2770:Drivers/STM32G4xx_HAL_Driver/Src/stm32g4xx_hal_tim_ex.c **** 
 5955              		.loc 1 2770 3 is_stmt 1 discriminator 2 view .LVU1760
 5956 000a 0120     		movs	r0, #1
 5957 000c 83F83C00 		strb	r0, [r3, #60]
2770:Drivers/STM32G4xx_HAL_Driver/Src/stm32g4xx_hal_tim_ex.c **** 
 5958              		.loc 1 2770 3 discriminator 2 view .LVU1761
2772:Drivers/STM32G4xx_HAL_Driver/Src/stm32g4xx_hal_tim_ex.c ****   {
 5959              		.loc 1 2772 3 view .LVU1762
 5960 0010 0C2A     		cmp	r2, #12
 5961 0012 36D8     		bhi	.L481
 5962 0014 DFE802F0 		tbb	[pc, r2]
 5963              	.L473:
 5964 0018 07       		.byte	(.L476-.L473)/2
 5965 0019 35       		.byte	(.L481-.L473)/2
 5966 001a 35       		.byte	(.L481-.L473)/2
 5967 001b 35       		.byte	(.L481-.L473)/2
 5968 001c 1F       		.byte	(.L475-.L473)/2
 5969 001d 35       		.byte	(.L481-.L473)/2
 5970 001e 35       		.byte	(.L481-.L473)/2
 5971 001f 35       		.byte	(.L481-.L473)/2
 5972 0020 27       		.byte	(.L474-.L473)/2
 5973 0021 35       		.byte	(.L481-.L473)/2
 5974 0022 35       		.byte	(.L481-.L473)/2
 5975 0023 35       		.byte	(.L481-.L473)/2
 5976 0024 2E       		.byte	(.L472-.L473)/2
 5977 0025 00       		.p2align 1
 5978              	.L476:
2775:Drivers/STM32G4xx_HAL_Driver/Src/stm32g4xx_hal_tim_ex.c **** 
 5979              		.loc 1 2775 7 view .LVU1763
 5980 0026 1868     		ldr	r0, [r3]
 5981 0028 C26D     		ldr	r2, [r0, #92]
 5982              	.LVL420:
2775:Drivers/STM32G4xx_HAL_Driver/Src/stm32g4xx_hal_tim_ex.c **** 
 5983              		.loc 1 2775 7 is_stmt 0 view .LVU1764
 5984 002a 22F00F02 		bic	r2, r2, #15
 5985 002e 0A43     		orrs	r2, r2, r1
 5986 0030 C265     		str	r2, [r0, #92]
2778:Drivers/STM32G4xx_HAL_Driver/Src/stm32g4xx_hal_tim_ex.c ****       {
 5987              		.loc 1 2778 7 is_stmt 1 view .LVU1765
2778:Drivers/STM32G4xx_HAL_Driver/Src/stm32g4xx_hal_tim_ex.c ****       {
 5988              		.loc 1 2778 11 is_stmt 0 view .LVU1766
ARM GAS  /tmp/ccAXGFxz.s 			page 200


 5989 0032 1A68     		ldr	r2, [r3]
2778:Drivers/STM32G4xx_HAL_Driver/Src/stm32g4xx_hal_tim_ex.c ****       {
 5990              		.loc 1 2778 10 view .LVU1767
 5991 0034 1649     		ldr	r1, .L482
 5992              	.LVL421:
2778:Drivers/STM32G4xx_HAL_Driver/Src/stm32g4xx_hal_tim_ex.c ****       {
 5993              		.loc 1 2778 10 view .LVU1768
 5994 0036 8A42     		cmp	r2, r1
 5995 0038 08D0     		beq	.L477
2778:Drivers/STM32G4xx_HAL_Driver/Src/stm32g4xx_hal_tim_ex.c ****       {
 5996              		.loc 1 2778 11 discriminator 1 view .LVU1769
 5997 003a 01F58061 		add	r1, r1, #1024
 5998 003e 8A42     		cmp	r2, r1
 5999 0040 04D0     		beq	.L477
2784:Drivers/STM32G4xx_HAL_Driver/Src/stm32g4xx_hal_tim_ex.c ****       }
 6000              		.loc 1 2784 9 is_stmt 1 view .LVU1770
 6001 0042 916E     		ldr	r1, [r2, #104]
 6002 0044 21F00101 		bic	r1, r1, #1
 6003 0048 9166     		str	r1, [r2, #104]
 6004 004a 0AE0     		b	.L479
 6005              	.L477:
2780:Drivers/STM32G4xx_HAL_Driver/Src/stm32g4xx_hal_tim_ex.c ****       }
 6006              		.loc 1 2780 9 view .LVU1771
 6007 004c 916E     		ldr	r1, [r2, #104]
 6008 004e 41F00101 		orr	r1, r1, #1
 6009 0052 9166     		str	r1, [r2, #104]
 6010 0054 05E0     		b	.L479
 6011              	.LVL422:
 6012              	.L475:
2788:Drivers/STM32G4xx_HAL_Driver/Src/stm32g4xx_hal_tim_ex.c ****       break;
 6013              		.loc 1 2788 7 view .LVU1772
 6014 0056 1868     		ldr	r0, [r3]
 6015 0058 C26D     		ldr	r2, [r0, #92]
 6016              	.LVL423:
2788:Drivers/STM32G4xx_HAL_Driver/Src/stm32g4xx_hal_tim_ex.c ****       break;
 6017              		.loc 1 2788 7 is_stmt 0 view .LVU1773
 6018 005a 22F47062 		bic	r2, r2, #3840
 6019 005e 0A43     		orrs	r2, r2, r1
 6020 0060 C265     		str	r2, [r0, #92]
2789:Drivers/STM32G4xx_HAL_Driver/Src/stm32g4xx_hal_tim_ex.c ****     case TIM_CHANNEL_3:
 6021              		.loc 1 2789 7 is_stmt 1 view .LVU1774
 6022              	.LVL424:
 6023              	.L479:
2764:Drivers/STM32G4xx_HAL_Driver/Src/stm32g4xx_hal_tim_ex.c **** 
 6024              		.loc 1 2764 21 is_stmt 0 view .LVU1775
 6025 0062 0020     		movs	r0, #0
 6026 0064 0EE0     		b	.L471
 6027              	.LVL425:
 6028              	.L474:
2791:Drivers/STM32G4xx_HAL_Driver/Src/stm32g4xx_hal_tim_ex.c ****       break;
 6029              		.loc 1 2791 7 is_stmt 1 view .LVU1776
 6030 0066 1868     		ldr	r0, [r3]
 6031 0068 C26D     		ldr	r2, [r0, #92]
 6032              	.LVL426:
2791:Drivers/STM32G4xx_HAL_Driver/Src/stm32g4xx_hal_tim_ex.c ****       break;
 6033              		.loc 1 2791 7 is_stmt 0 view .LVU1777
 6034 006a 22F47022 		bic	r2, r2, #983040
ARM GAS  /tmp/ccAXGFxz.s 			page 201


 6035 006e 0A43     		orrs	r2, r2, r1
 6036 0070 C265     		str	r2, [r0, #92]
2792:Drivers/STM32G4xx_HAL_Driver/Src/stm32g4xx_hal_tim_ex.c ****     case TIM_CHANNEL_4:
 6037              		.loc 1 2792 7 is_stmt 1 view .LVU1778
 6038 0072 F6E7     		b	.L479
 6039              	.LVL427:
 6040              	.L472:
2794:Drivers/STM32G4xx_HAL_Driver/Src/stm32g4xx_hal_tim_ex.c ****       break;
 6041              		.loc 1 2794 7 view .LVU1779
 6042 0074 1868     		ldr	r0, [r3]
 6043 0076 C26D     		ldr	r2, [r0, #92]
 6044              	.LVL428:
2794:Drivers/STM32G4xx_HAL_Driver/Src/stm32g4xx_hal_tim_ex.c ****       break;
 6045              		.loc 1 2794 7 is_stmt 0 view .LVU1780
 6046 0078 22F07062 		bic	r2, r2, #251658240
 6047 007c 0A43     		orrs	r2, r2, r1
 6048 007e C265     		str	r2, [r0, #92]
2795:Drivers/STM32G4xx_HAL_Driver/Src/stm32g4xx_hal_tim_ex.c ****     default:
 6049              		.loc 1 2795 7 is_stmt 1 view .LVU1781
 6050 0080 EFE7     		b	.L479
 6051              	.LVL429:
 6052              	.L481:
2772:Drivers/STM32G4xx_HAL_Driver/Src/stm32g4xx_hal_tim_ex.c ****   {
 6053              		.loc 1 2772 3 is_stmt 0 view .LVU1782
 6054 0082 0120     		movs	r0, #1
 6055              	.LVL430:
 6056              	.L471:
2801:Drivers/STM32G4xx_HAL_Driver/Src/stm32g4xx_hal_tim_ex.c **** 
 6057              		.loc 1 2801 3 is_stmt 1 view .LVU1783
2801:Drivers/STM32G4xx_HAL_Driver/Src/stm32g4xx_hal_tim_ex.c **** 
 6058              		.loc 1 2801 3 view .LVU1784
 6059 0084 0022     		movs	r2, #0
 6060 0086 83F83C20 		strb	r2, [r3, #60]
2801:Drivers/STM32G4xx_HAL_Driver/Src/stm32g4xx_hal_tim_ex.c **** 
 6061              		.loc 1 2801 3 view .LVU1785
2803:Drivers/STM32G4xx_HAL_Driver/Src/stm32g4xx_hal_tim_ex.c **** }
 6062              		.loc 1 2803 3 view .LVU1786
2803:Drivers/STM32G4xx_HAL_Driver/Src/stm32g4xx_hal_tim_ex.c **** }
 6063              		.loc 1 2803 10 is_stmt 0 view .LVU1787
 6064 008a 7047     		bx	lr
 6065              	.LVL431:
 6066              	.L480:
2770:Drivers/STM32G4xx_HAL_Driver/Src/stm32g4xx_hal_tim_ex.c **** 
 6067              		.loc 1 2770 3 discriminator 1 view .LVU1788
 6068 008c 0220     		movs	r0, #2
2804:Drivers/STM32G4xx_HAL_Driver/Src/stm32g4xx_hal_tim_ex.c **** 
 6069              		.loc 1 2804 1 view .LVU1789
 6070 008e 7047     		bx	lr
 6071              	.L483:
 6072              		.align	2
 6073              	.L482:
 6074 0090 00440140 		.word	1073824768
 6075              		.cfi_endproc
 6076              	.LFE362:
 6078              		.section	.text.HAL_TIMEx_GroupChannel5,"ax",%progbits
 6079              		.align	1
 6080              		.global	HAL_TIMEx_GroupChannel5
ARM GAS  /tmp/ccAXGFxz.s 			page 202


 6081              		.syntax unified
 6082              		.thumb
 6083              		.thumb_func
 6085              	HAL_TIMEx_GroupChannel5:
 6086              	.LVL432:
 6087              	.LFB363:
2818:Drivers/STM32G4xx_HAL_Driver/Src/stm32g4xx_hal_tim_ex.c ****   /* Check parameters */
 6088              		.loc 1 2818 1 is_stmt 1 view -0
 6089              		.cfi_startproc
 6090              		@ args = 0, pretend = 0, frame = 0
 6091              		@ frame_needed = 0, uses_anonymous_args = 0
 6092              		@ link register save eliminated.
2820:Drivers/STM32G4xx_HAL_Driver/Src/stm32g4xx_hal_tim_ex.c ****   assert_param(IS_TIM_GROUPCH5(Channels));
 6093              		.loc 1 2820 3 view .LVU1791
2821:Drivers/STM32G4xx_HAL_Driver/Src/stm32g4xx_hal_tim_ex.c **** 
 6094              		.loc 1 2821 3 view .LVU1792
2824:Drivers/STM32G4xx_HAL_Driver/Src/stm32g4xx_hal_tim_ex.c **** 
 6095              		.loc 1 2824 3 view .LVU1793
2824:Drivers/STM32G4xx_HAL_Driver/Src/stm32g4xx_hal_tim_ex.c **** 
 6096              		.loc 1 2824 3 view .LVU1794
 6097 0000 90F83C30 		ldrb	r3, [r0, #60]	@ zero_extendqisi2
 6098 0004 012B     		cmp	r3, #1
 6099 0006 1BD0     		beq	.L486
2824:Drivers/STM32G4xx_HAL_Driver/Src/stm32g4xx_hal_tim_ex.c **** 
 6100              		.loc 1 2824 3 discriminator 2 view .LVU1795
 6101 0008 0122     		movs	r2, #1
 6102 000a 80F83C20 		strb	r2, [r0, #60]
2824:Drivers/STM32G4xx_HAL_Driver/Src/stm32g4xx_hal_tim_ex.c **** 
 6103              		.loc 1 2824 3 discriminator 2 view .LVU1796
2826:Drivers/STM32G4xx_HAL_Driver/Src/stm32g4xx_hal_tim_ex.c **** 
 6104              		.loc 1 2826 3 view .LVU1797
2826:Drivers/STM32G4xx_HAL_Driver/Src/stm32g4xx_hal_tim_ex.c **** 
 6105              		.loc 1 2826 15 is_stmt 0 view .LVU1798
 6106 000e 0223     		movs	r3, #2
 6107 0010 80F83D30 		strb	r3, [r0, #61]
2829:Drivers/STM32G4xx_HAL_Driver/Src/stm32g4xx_hal_tim_ex.c **** 
 6108              		.loc 1 2829 3 is_stmt 1 view .LVU1799
2829:Drivers/STM32G4xx_HAL_Driver/Src/stm32g4xx_hal_tim_ex.c **** 
 6109              		.loc 1 2829 7 is_stmt 0 view .LVU1800
 6110 0014 D0F800C0 		ldr	ip, [r0]
2829:Drivers/STM32G4xx_HAL_Driver/Src/stm32g4xx_hal_tim_ex.c **** 
 6111              		.loc 1 2829 17 view .LVU1801
 6112 0018 DCF84830 		ldr	r3, [ip, #72]
2829:Drivers/STM32G4xx_HAL_Driver/Src/stm32g4xx_hal_tim_ex.c **** 
 6113              		.loc 1 2829 24 view .LVU1802
 6114 001c 23F06043 		bic	r3, r3, #-536870912
 6115 0020 CCF84830 		str	r3, [ip, #72]
2832:Drivers/STM32G4xx_HAL_Driver/Src/stm32g4xx_hal_tim_ex.c **** 
 6116              		.loc 1 2832 3 is_stmt 1 view .LVU1803
2832:Drivers/STM32G4xx_HAL_Driver/Src/stm32g4xx_hal_tim_ex.c **** 
 6117              		.loc 1 2832 7 is_stmt 0 view .LVU1804
 6118 0024 D0F800C0 		ldr	ip, [r0]
2832:Drivers/STM32G4xx_HAL_Driver/Src/stm32g4xx_hal_tim_ex.c **** 
 6119              		.loc 1 2832 17 view .LVU1805
 6120 0028 DCF84830 		ldr	r3, [ip, #72]
2832:Drivers/STM32G4xx_HAL_Driver/Src/stm32g4xx_hal_tim_ex.c **** 
 6121              		.loc 1 2832 24 view .LVU1806
ARM GAS  /tmp/ccAXGFxz.s 			page 203


 6122 002c 0B43     		orrs	r3, r3, r1
 6123 002e CCF84830 		str	r3, [ip, #72]
2835:Drivers/STM32G4xx_HAL_Driver/Src/stm32g4xx_hal_tim_ex.c **** 
 6124              		.loc 1 2835 3 is_stmt 1 view .LVU1807
2835:Drivers/STM32G4xx_HAL_Driver/Src/stm32g4xx_hal_tim_ex.c **** 
 6125              		.loc 1 2835 15 is_stmt 0 view .LVU1808
 6126 0032 80F83D20 		strb	r2, [r0, #61]
2837:Drivers/STM32G4xx_HAL_Driver/Src/stm32g4xx_hal_tim_ex.c **** 
 6127              		.loc 1 2837 3 is_stmt 1 view .LVU1809
2837:Drivers/STM32G4xx_HAL_Driver/Src/stm32g4xx_hal_tim_ex.c **** 
 6128              		.loc 1 2837 3 view .LVU1810
 6129 0036 0023     		movs	r3, #0
 6130 0038 80F83C30 		strb	r3, [r0, #60]
2837:Drivers/STM32G4xx_HAL_Driver/Src/stm32g4xx_hal_tim_ex.c **** 
 6131              		.loc 1 2837 3 view .LVU1811
2839:Drivers/STM32G4xx_HAL_Driver/Src/stm32g4xx_hal_tim_ex.c **** }
 6132              		.loc 1 2839 3 view .LVU1812
2839:Drivers/STM32G4xx_HAL_Driver/Src/stm32g4xx_hal_tim_ex.c **** }
 6133              		.loc 1 2839 10 is_stmt 0 view .LVU1813
 6134 003c 1846     		mov	r0, r3
 6135              	.LVL433:
2839:Drivers/STM32G4xx_HAL_Driver/Src/stm32g4xx_hal_tim_ex.c **** }
 6136              		.loc 1 2839 10 view .LVU1814
 6137 003e 7047     		bx	lr
 6138              	.LVL434:
 6139              	.L486:
2824:Drivers/STM32G4xx_HAL_Driver/Src/stm32g4xx_hal_tim_ex.c **** 
 6140              		.loc 1 2824 3 discriminator 1 view .LVU1815
 6141 0040 0220     		movs	r0, #2
 6142              	.LVL435:
2840:Drivers/STM32G4xx_HAL_Driver/Src/stm32g4xx_hal_tim_ex.c **** 
 6143              		.loc 1 2840 1 view .LVU1816
 6144 0042 7047     		bx	lr
 6145              		.cfi_endproc
 6146              	.LFE363:
 6148              		.section	.text.HAL_TIMEx_DisarmBreakInput,"ax",%progbits
 6149              		.align	1
 6150              		.global	HAL_TIMEx_DisarmBreakInput
 6151              		.syntax unified
 6152              		.thumb
 6153              		.thumb_func
 6155              	HAL_TIMEx_DisarmBreakInput:
 6156              	.LVL436:
 6157              	.LFB364:
2856:Drivers/STM32G4xx_HAL_Driver/Src/stm32g4xx_hal_tim_ex.c ****   HAL_StatusTypeDef status = HAL_OK;
 6158              		.loc 1 2856 1 is_stmt 1 view -0
 6159              		.cfi_startproc
 6160              		@ args = 0, pretend = 0, frame = 0
 6161              		@ frame_needed = 0, uses_anonymous_args = 0
 6162              		@ link register save eliminated.
2857:Drivers/STM32G4xx_HAL_Driver/Src/stm32g4xx_hal_tim_ex.c ****   uint32_t tmpbdtr;
 6163              		.loc 1 2857 3 view .LVU1818
2858:Drivers/STM32G4xx_HAL_Driver/Src/stm32g4xx_hal_tim_ex.c **** 
 6164              		.loc 1 2858 3 view .LVU1819
2861:Drivers/STM32G4xx_HAL_Driver/Src/stm32g4xx_hal_tim_ex.c ****   assert_param(IS_TIM_BREAKINPUT(BreakInput));
 6165              		.loc 1 2861 3 view .LVU1820
2862:Drivers/STM32G4xx_HAL_Driver/Src/stm32g4xx_hal_tim_ex.c **** 
ARM GAS  /tmp/ccAXGFxz.s 			page 204


 6166              		.loc 1 2862 3 view .LVU1821
2864:Drivers/STM32G4xx_HAL_Driver/Src/stm32g4xx_hal_tim_ex.c ****   {
 6167              		.loc 1 2864 3 view .LVU1822
 6168 0000 0129     		cmp	r1, #1
 6169 0002 03D0     		beq	.L488
 6170 0004 0229     		cmp	r1, #2
 6171 0006 10D0     		beq	.L489
 6172 0008 0120     		movs	r0, #1
 6173              	.LVL437:
2864:Drivers/STM32G4xx_HAL_Driver/Src/stm32g4xx_hal_tim_ex.c ****   {
 6174              		.loc 1 2864 3 is_stmt 0 view .LVU1823
 6175 000a 7047     		bx	lr
 6176              	.LVL438:
 6177              	.L488:
2869:Drivers/STM32G4xx_HAL_Driver/Src/stm32g4xx_hal_tim_ex.c ****       if ((READ_BIT(tmpbdtr, TIM_BDTR_BKBID) == TIM_BDTR_BKBID) &&
 6178              		.loc 1 2869 7 is_stmt 1 view .LVU1824
2869:Drivers/STM32G4xx_HAL_Driver/Src/stm32g4xx_hal_tim_ex.c ****       if ((READ_BIT(tmpbdtr, TIM_BDTR_BKBID) == TIM_BDTR_BKBID) &&
 6179              		.loc 1 2869 17 is_stmt 0 view .LVU1825
 6180 000c 0368     		ldr	r3, [r0]
2869:Drivers/STM32G4xx_HAL_Driver/Src/stm32g4xx_hal_tim_ex.c ****       if ((READ_BIT(tmpbdtr, TIM_BDTR_BKBID) == TIM_BDTR_BKBID) &&
 6181              		.loc 1 2869 15 view .LVU1826
 6182 000e 5A6C     		ldr	r2, [r3, #68]
 6183              	.LVL439:
2870:Drivers/STM32G4xx_HAL_Driver/Src/stm32g4xx_hal_tim_ex.c ****           (READ_BIT(tmpbdtr, TIM_BDTR_MOE) == 0U))
 6184              		.loc 1 2870 7 is_stmt 1 view .LVU1827
2870:Drivers/STM32G4xx_HAL_Driver/Src/stm32g4xx_hal_tim_ex.c ****           (READ_BIT(tmpbdtr, TIM_BDTR_MOE) == 0U))
 6185              		.loc 1 2870 10 is_stmt 0 view .LVU1828
 6186 0010 12F0805F 		tst	r2, #268435456
 6187 0014 02D0     		beq	.L491
2870:Drivers/STM32G4xx_HAL_Driver/Src/stm32g4xx_hal_tim_ex.c ****           (READ_BIT(tmpbdtr, TIM_BDTR_MOE) == 0U))
 6188              		.loc 1 2870 65 discriminator 1 view .LVU1829
 6189 0016 12F4004F 		tst	r2, #32768
 6190 001a 01D0     		beq	.L492
 6191              	.LVL440:
 6192              	.L491:
2857:Drivers/STM32G4xx_HAL_Driver/Src/stm32g4xx_hal_tim_ex.c ****   uint32_t tmpbdtr;
 6193              		.loc 1 2857 21 view .LVU1830
 6194 001c 0020     		movs	r0, #0
 6195              	.LVL441:
2895:Drivers/STM32G4xx_HAL_Driver/Src/stm32g4xx_hal_tim_ex.c **** }
 6196              		.loc 1 2895 3 is_stmt 1 view .LVU1831
2896:Drivers/STM32G4xx_HAL_Driver/Src/stm32g4xx_hal_tim_ex.c **** 
 6197              		.loc 1 2896 1 is_stmt 0 view .LVU1832
 6198 001e 7047     		bx	lr
 6199              	.LVL442:
 6200              	.L492:
2874:Drivers/STM32G4xx_HAL_Driver/Src/stm32g4xx_hal_tim_ex.c ****       }
 6201              		.loc 1 2874 9 is_stmt 1 view .LVU1833
 6202 0020 5A6C     		ldr	r2, [r3, #68]
 6203              	.LVL443:
2874:Drivers/STM32G4xx_HAL_Driver/Src/stm32g4xx_hal_tim_ex.c ****       }
 6204              		.loc 1 2874 9 is_stmt 0 view .LVU1834
 6205 0022 42F08062 		orr	r2, r2, #67108864
 6206 0026 5A64     		str	r2, [r3, #68]
 6207 0028 F8E7     		b	.L491
 6208              	.LVL444:
 6209              	.L489:
ARM GAS  /tmp/ccAXGFxz.s 			page 205


2881:Drivers/STM32G4xx_HAL_Driver/Src/stm32g4xx_hal_tim_ex.c ****       if ((READ_BIT(tmpbdtr, TIM_BDTR_BK2BID) == TIM_BDTR_BK2BID) &&
 6210              		.loc 1 2881 7 is_stmt 1 view .LVU1835
2881:Drivers/STM32G4xx_HAL_Driver/Src/stm32g4xx_hal_tim_ex.c ****       if ((READ_BIT(tmpbdtr, TIM_BDTR_BK2BID) == TIM_BDTR_BK2BID) &&
 6211              		.loc 1 2881 17 is_stmt 0 view .LVU1836
 6212 002a 0368     		ldr	r3, [r0]
2881:Drivers/STM32G4xx_HAL_Driver/Src/stm32g4xx_hal_tim_ex.c ****       if ((READ_BIT(tmpbdtr, TIM_BDTR_BK2BID) == TIM_BDTR_BK2BID) &&
 6213              		.loc 1 2881 15 view .LVU1837
 6214 002c 5A6C     		ldr	r2, [r3, #68]
 6215              	.LVL445:
2882:Drivers/STM32G4xx_HAL_Driver/Src/stm32g4xx_hal_tim_ex.c ****           (READ_BIT(tmpbdtr, TIM_BDTR_MOE) == 0U))
 6216              		.loc 1 2882 7 is_stmt 1 view .LVU1838
2882:Drivers/STM32G4xx_HAL_Driver/Src/stm32g4xx_hal_tim_ex.c ****           (READ_BIT(tmpbdtr, TIM_BDTR_MOE) == 0U))
 6217              		.loc 1 2882 10 is_stmt 0 view .LVU1839
 6218 002e 12F0005F 		tst	r2, #536870912
 6219 0032 F3D0     		beq	.L491
2882:Drivers/STM32G4xx_HAL_Driver/Src/stm32g4xx_hal_tim_ex.c ****           (READ_BIT(tmpbdtr, TIM_BDTR_MOE) == 0U))
 6220              		.loc 1 2882 67 discriminator 1 view .LVU1840
 6221 0034 12F4004F 		tst	r2, #32768
 6222 0038 F0D1     		bne	.L491
2886:Drivers/STM32G4xx_HAL_Driver/Src/stm32g4xx_hal_tim_ex.c ****       }
 6223              		.loc 1 2886 9 is_stmt 1 view .LVU1841
 6224 003a 5A6C     		ldr	r2, [r3, #68]
 6225              	.LVL446:
2886:Drivers/STM32G4xx_HAL_Driver/Src/stm32g4xx_hal_tim_ex.c ****       }
 6226              		.loc 1 2886 9 is_stmt 0 view .LVU1842
 6227 003c 42F00062 		orr	r2, r2, #134217728
 6228 0040 5A64     		str	r2, [r3, #68]
 6229 0042 EBE7     		b	.L491
 6230              		.cfi_endproc
 6231              	.LFE364:
 6233              		.section	.text.HAL_TIMEx_ReArmBreakInput,"ax",%progbits
 6234              		.align	1
 6235              		.global	HAL_TIMEx_ReArmBreakInput
 6236              		.syntax unified
 6237              		.thumb
 6238              		.thumb_func
 6240              	HAL_TIMEx_ReArmBreakInput:
 6241              	.LVL447:
 6242              	.LFB365:
2910:Drivers/STM32G4xx_HAL_Driver/Src/stm32g4xx_hal_tim_ex.c ****   HAL_StatusTypeDef status = HAL_OK;
 6243              		.loc 1 2910 1 is_stmt 1 view -0
 6244              		.cfi_startproc
 6245              		@ args = 0, pretend = 0, frame = 0
 6246              		@ frame_needed = 0, uses_anonymous_args = 0
2910:Drivers/STM32G4xx_HAL_Driver/Src/stm32g4xx_hal_tim_ex.c ****   HAL_StatusTypeDef status = HAL_OK;
 6247              		.loc 1 2910 1 is_stmt 0 view .LVU1844
 6248 0000 38B5     		push	{r3, r4, r5, lr}
 6249              	.LCFI36:
 6250              		.cfi_def_cfa_offset 16
 6251              		.cfi_offset 3, -16
 6252              		.cfi_offset 4, -12
 6253              		.cfi_offset 5, -8
 6254              		.cfi_offset 14, -4
 6255 0002 0446     		mov	r4, r0
2911:Drivers/STM32G4xx_HAL_Driver/Src/stm32g4xx_hal_tim_ex.c ****   uint32_t tickstart;
 6256              		.loc 1 2911 3 is_stmt 1 view .LVU1845
 6257              	.LVL448:
ARM GAS  /tmp/ccAXGFxz.s 			page 206


2912:Drivers/STM32G4xx_HAL_Driver/Src/stm32g4xx_hal_tim_ex.c **** 
 6258              		.loc 1 2912 3 view .LVU1846
2915:Drivers/STM32G4xx_HAL_Driver/Src/stm32g4xx_hal_tim_ex.c ****   assert_param(IS_TIM_BREAKINPUT(BreakInput));
 6259              		.loc 1 2915 3 view .LVU1847
2916:Drivers/STM32G4xx_HAL_Driver/Src/stm32g4xx_hal_tim_ex.c **** 
 6260              		.loc 1 2916 3 view .LVU1848
2918:Drivers/STM32G4xx_HAL_Driver/Src/stm32g4xx_hal_tim_ex.c ****   {
 6261              		.loc 1 2918 3 view .LVU1849
 6262 0004 0129     		cmp	r1, #1
 6263 0006 03D0     		beq	.L494
 6264 0008 0229     		cmp	r1, #2
 6265 000a 1CD0     		beq	.L495
 6266 000c 0120     		movs	r0, #1
 6267              	.LVL449:
2918:Drivers/STM32G4xx_HAL_Driver/Src/stm32g4xx_hal_tim_ex.c ****   {
 6268              		.loc 1 2918 3 is_stmt 0 view .LVU1850
 6269 000e 05E0     		b	.L496
 6270              	.LVL450:
 6271              	.L494:
2923:Drivers/STM32G4xx_HAL_Driver/Src/stm32g4xx_hal_tim_ex.c ****       {
 6272              		.loc 1 2923 7 is_stmt 1 view .LVU1851
2923:Drivers/STM32G4xx_HAL_Driver/Src/stm32g4xx_hal_tim_ex.c ****       {
 6273              		.loc 1 2923 11 is_stmt 0 view .LVU1852
 6274 0010 0368     		ldr	r3, [r0]
 6275 0012 5B6C     		ldr	r3, [r3, #68]
2923:Drivers/STM32G4xx_HAL_Driver/Src/stm32g4xx_hal_tim_ex.c ****       {
 6276              		.loc 1 2923 10 view .LVU1853
 6277 0014 13F0805F 		tst	r3, #268435456
 6278 0018 01D1     		bne	.L506
 6279              	.LVL451:
 6280              	.L497:
2911:Drivers/STM32G4xx_HAL_Driver/Src/stm32g4xx_hal_tim_ex.c ****   uint32_t tickstart;
 6281              		.loc 1 2911 21 view .LVU1854
 6282 001a 0020     		movs	r0, #0
 6283              	.L496:
 6284              	.LVL452:
2971:Drivers/STM32G4xx_HAL_Driver/Src/stm32g4xx_hal_tim_ex.c **** 
 6285              		.loc 1 2971 1 view .LVU1855
 6286 001c 38BD     		pop	{r3, r4, r5, pc}
 6287              	.LVL453:
 6288              	.L506:
2927:Drivers/STM32G4xx_HAL_Driver/Src/stm32g4xx_hal_tim_ex.c ****         while (READ_BIT(htim->Instance->BDTR, TIM_BDTR_BKDSRM) != 0UL)
 6289              		.loc 1 2927 9 is_stmt 1 view .LVU1856
2927:Drivers/STM32G4xx_HAL_Driver/Src/stm32g4xx_hal_tim_ex.c ****         while (READ_BIT(htim->Instance->BDTR, TIM_BDTR_BKDSRM) != 0UL)
 6290              		.loc 1 2927 21 is_stmt 0 view .LVU1857
 6291 001e FFF7FEFF 		bl	HAL_GetTick
 6292              	.LVL454:
2927:Drivers/STM32G4xx_HAL_Driver/Src/stm32g4xx_hal_tim_ex.c ****         while (READ_BIT(htim->Instance->BDTR, TIM_BDTR_BKDSRM) != 0UL)
 6293              		.loc 1 2927 21 view .LVU1858
 6294 0022 0546     		mov	r5, r0
 6295              	.LVL455:
2928:Drivers/STM32G4xx_HAL_Driver/Src/stm32g4xx_hal_tim_ex.c ****         {
 6296              		.loc 1 2928 9 is_stmt 1 view .LVU1859
 6297              	.L498:
2928:Drivers/STM32G4xx_HAL_Driver/Src/stm32g4xx_hal_tim_ex.c ****         {
 6298              		.loc 1 2928 64 discriminator 1 view .LVU1860
2928:Drivers/STM32G4xx_HAL_Driver/Src/stm32g4xx_hal_tim_ex.c ****         {
ARM GAS  /tmp/ccAXGFxz.s 			page 207


 6299              		.loc 1 2928 16 is_stmt 0 discriminator 1 view .LVU1861
 6300 0024 2368     		ldr	r3, [r4]
 6301 0026 5B6C     		ldr	r3, [r3, #68]
2928:Drivers/STM32G4xx_HAL_Driver/Src/stm32g4xx_hal_tim_ex.c ****         {
 6302              		.loc 1 2928 64 discriminator 1 view .LVU1862
 6303 0028 13F0806F 		tst	r3, #67108864
 6304 002c F5D0     		beq	.L497
2930:Drivers/STM32G4xx_HAL_Driver/Src/stm32g4xx_hal_tim_ex.c ****           {
 6305              		.loc 1 2930 11 is_stmt 1 view .LVU1863
2930:Drivers/STM32G4xx_HAL_Driver/Src/stm32g4xx_hal_tim_ex.c ****           {
 6306              		.loc 1 2930 16 is_stmt 0 view .LVU1864
 6307 002e FFF7FEFF 		bl	HAL_GetTick
 6308              	.LVL456:
2930:Drivers/STM32G4xx_HAL_Driver/Src/stm32g4xx_hal_tim_ex.c ****           {
 6309              		.loc 1 2930 30 discriminator 1 view .LVU1865
 6310 0032 401B     		subs	r0, r0, r5
2930:Drivers/STM32G4xx_HAL_Driver/Src/stm32g4xx_hal_tim_ex.c ****           {
 6311              		.loc 1 2930 14 discriminator 1 view .LVU1866
 6312 0034 0528     		cmp	r0, #5
 6313 0036 F5D9     		bls	.L498
2933:Drivers/STM32G4xx_HAL_Driver/Src/stm32g4xx_hal_tim_ex.c ****             {
 6314              		.loc 1 2933 13 is_stmt 1 view .LVU1867
2933:Drivers/STM32G4xx_HAL_Driver/Src/stm32g4xx_hal_tim_ex.c ****             {
 6315              		.loc 1 2933 17 is_stmt 0 view .LVU1868
 6316 0038 2368     		ldr	r3, [r4]
 6317 003a 5B6C     		ldr	r3, [r3, #68]
2933:Drivers/STM32G4xx_HAL_Driver/Src/stm32g4xx_hal_tim_ex.c ****             {
 6318              		.loc 1 2933 16 view .LVU1869
 6319 003c 13F0806F 		tst	r3, #67108864
 6320 0040 F0D0     		beq	.L498
 6321              	.L503:
2935:Drivers/STM32G4xx_HAL_Driver/Src/stm32g4xx_hal_tim_ex.c ****             }
 6322              		.loc 1 2935 22 view .LVU1870
 6323 0042 0320     		movs	r0, #3
 6324 0044 EAE7     		b	.L496
 6325              	.LVL457:
 6326              	.L495:
2946:Drivers/STM32G4xx_HAL_Driver/Src/stm32g4xx_hal_tim_ex.c ****       {
 6327              		.loc 1 2946 7 is_stmt 1 view .LVU1871
2946:Drivers/STM32G4xx_HAL_Driver/Src/stm32g4xx_hal_tim_ex.c ****       {
 6328              		.loc 1 2946 11 is_stmt 0 view .LVU1872
 6329 0046 0368     		ldr	r3, [r0]
 6330 0048 5B6C     		ldr	r3, [r3, #68]
2946:Drivers/STM32G4xx_HAL_Driver/Src/stm32g4xx_hal_tim_ex.c ****       {
 6331              		.loc 1 2946 10 view .LVU1873
 6332 004a 13F0005F 		tst	r3, #536870912
 6333 004e E4D0     		beq	.L497
2950:Drivers/STM32G4xx_HAL_Driver/Src/stm32g4xx_hal_tim_ex.c ****         while (READ_BIT(htim->Instance->BDTR, TIM_BDTR_BK2DSRM) != 0UL)
 6334              		.loc 1 2950 9 is_stmt 1 view .LVU1874
2950:Drivers/STM32G4xx_HAL_Driver/Src/stm32g4xx_hal_tim_ex.c ****         while (READ_BIT(htim->Instance->BDTR, TIM_BDTR_BK2DSRM) != 0UL)
 6335              		.loc 1 2950 21 is_stmt 0 view .LVU1875
 6336 0050 FFF7FEFF 		bl	HAL_GetTick
 6337              	.LVL458:
2950:Drivers/STM32G4xx_HAL_Driver/Src/stm32g4xx_hal_tim_ex.c ****         while (READ_BIT(htim->Instance->BDTR, TIM_BDTR_BK2DSRM) != 0UL)
 6338              		.loc 1 2950 21 view .LVU1876
 6339 0054 0546     		mov	r5, r0
 6340              	.LVL459:
ARM GAS  /tmp/ccAXGFxz.s 			page 208


2951:Drivers/STM32G4xx_HAL_Driver/Src/stm32g4xx_hal_tim_ex.c ****         {
 6341              		.loc 1 2951 9 is_stmt 1 view .LVU1877
 6342              	.L501:
2951:Drivers/STM32G4xx_HAL_Driver/Src/stm32g4xx_hal_tim_ex.c ****         {
 6343              		.loc 1 2951 65 discriminator 1 view .LVU1878
2951:Drivers/STM32G4xx_HAL_Driver/Src/stm32g4xx_hal_tim_ex.c ****         {
 6344              		.loc 1 2951 16 is_stmt 0 discriminator 1 view .LVU1879
 6345 0056 2368     		ldr	r3, [r4]
 6346 0058 5B6C     		ldr	r3, [r3, #68]
2951:Drivers/STM32G4xx_HAL_Driver/Src/stm32g4xx_hal_tim_ex.c ****         {
 6347              		.loc 1 2951 65 discriminator 1 view .LVU1880
 6348 005a 13F0006F 		tst	r3, #134217728
 6349 005e DCD0     		beq	.L497
2953:Drivers/STM32G4xx_HAL_Driver/Src/stm32g4xx_hal_tim_ex.c ****           {
 6350              		.loc 1 2953 11 is_stmt 1 view .LVU1881
2953:Drivers/STM32G4xx_HAL_Driver/Src/stm32g4xx_hal_tim_ex.c ****           {
 6351              		.loc 1 2953 16 is_stmt 0 view .LVU1882
 6352 0060 FFF7FEFF 		bl	HAL_GetTick
 6353              	.LVL460:
2953:Drivers/STM32G4xx_HAL_Driver/Src/stm32g4xx_hal_tim_ex.c ****           {
 6354              		.loc 1 2953 30 discriminator 1 view .LVU1883
 6355 0064 401B     		subs	r0, r0, r5
2953:Drivers/STM32G4xx_HAL_Driver/Src/stm32g4xx_hal_tim_ex.c ****           {
 6356              		.loc 1 2953 14 discriminator 1 view .LVU1884
 6357 0066 0528     		cmp	r0, #5
 6358 0068 F5D9     		bls	.L501
2956:Drivers/STM32G4xx_HAL_Driver/Src/stm32g4xx_hal_tim_ex.c ****             {
 6359              		.loc 1 2956 13 is_stmt 1 view .LVU1885
2956:Drivers/STM32G4xx_HAL_Driver/Src/stm32g4xx_hal_tim_ex.c ****             {
 6360              		.loc 1 2956 17 is_stmt 0 view .LVU1886
 6361 006a 2368     		ldr	r3, [r4]
 6362 006c 5B6C     		ldr	r3, [r3, #68]
2956:Drivers/STM32G4xx_HAL_Driver/Src/stm32g4xx_hal_tim_ex.c ****             {
 6363              		.loc 1 2956 16 view .LVU1887
 6364 006e 13F0006F 		tst	r3, #134217728
 6365 0072 F0D0     		beq	.L501
 6366 0074 E5E7     		b	.L503
 6367              		.cfi_endproc
 6368              	.LFE365:
 6370              		.section	.text.HAL_TIMEx_DitheringEnable,"ax",%progbits
 6371              		.align	1
 6372              		.global	HAL_TIMEx_DitheringEnable
 6373              		.syntax unified
 6374              		.thumb
 6375              		.thumb_func
 6377              	HAL_TIMEx_DitheringEnable:
 6378              	.LVL461:
 6379              	.LFB366:
2993:Drivers/STM32G4xx_HAL_Driver/Src/stm32g4xx_hal_tim_ex.c ****   /* Check the parameters */
 6380              		.loc 1 2993 1 is_stmt 1 view -0
 6381              		.cfi_startproc
 6382              		@ args = 0, pretend = 0, frame = 0
 6383              		@ frame_needed = 0, uses_anonymous_args = 0
 6384              		@ link register save eliminated.
2995:Drivers/STM32G4xx_HAL_Driver/Src/stm32g4xx_hal_tim_ex.c **** 
 6385              		.loc 1 2995 3 view .LVU1889
2997:Drivers/STM32G4xx_HAL_Driver/Src/stm32g4xx_hal_tim_ex.c ****   return HAL_OK;
ARM GAS  /tmp/ccAXGFxz.s 			page 209


 6386              		.loc 1 2997 3 view .LVU1890
 6387 0000 0268     		ldr	r2, [r0]
 6388 0002 1368     		ldr	r3, [r2]
 6389 0004 43F48053 		orr	r3, r3, #4096
 6390 0008 1360     		str	r3, [r2]
2998:Drivers/STM32G4xx_HAL_Driver/Src/stm32g4xx_hal_tim_ex.c **** }
 6391              		.loc 1 2998 3 view .LVU1891
2999:Drivers/STM32G4xx_HAL_Driver/Src/stm32g4xx_hal_tim_ex.c **** 
 6392              		.loc 1 2999 1 is_stmt 0 view .LVU1892
 6393 000a 0020     		movs	r0, #0
 6394              	.LVL462:
2999:Drivers/STM32G4xx_HAL_Driver/Src/stm32g4xx_hal_tim_ex.c **** 
 6395              		.loc 1 2999 1 view .LVU1893
 6396 000c 7047     		bx	lr
 6397              		.cfi_endproc
 6398              	.LFE366:
 6400              		.section	.text.HAL_TIMEx_DitheringDisable,"ax",%progbits
 6401              		.align	1
 6402              		.global	HAL_TIMEx_DitheringDisable
 6403              		.syntax unified
 6404              		.thumb
 6405              		.thumb_func
 6407              	HAL_TIMEx_DitheringDisable:
 6408              	.LVL463:
 6409              	.LFB367:
3017:Drivers/STM32G4xx_HAL_Driver/Src/stm32g4xx_hal_tim_ex.c ****   /* Check the parameters */
 6410              		.loc 1 3017 1 is_stmt 1 view -0
 6411              		.cfi_startproc
 6412              		@ args = 0, pretend = 0, frame = 0
 6413              		@ frame_needed = 0, uses_anonymous_args = 0
 6414              		@ link register save eliminated.
3019:Drivers/STM32G4xx_HAL_Driver/Src/stm32g4xx_hal_tim_ex.c **** 
 6415              		.loc 1 3019 3 view .LVU1895
3021:Drivers/STM32G4xx_HAL_Driver/Src/stm32g4xx_hal_tim_ex.c ****   return HAL_OK;
 6416              		.loc 1 3021 3 view .LVU1896
 6417 0000 0268     		ldr	r2, [r0]
 6418 0002 1368     		ldr	r3, [r2]
 6419 0004 23F48053 		bic	r3, r3, #4096
 6420 0008 1360     		str	r3, [r2]
3022:Drivers/STM32G4xx_HAL_Driver/Src/stm32g4xx_hal_tim_ex.c **** }
 6421              		.loc 1 3022 3 view .LVU1897
3023:Drivers/STM32G4xx_HAL_Driver/Src/stm32g4xx_hal_tim_ex.c **** 
 6422              		.loc 1 3023 1 is_stmt 0 view .LVU1898
 6423 000a 0020     		movs	r0, #0
 6424              	.LVL464:
3023:Drivers/STM32G4xx_HAL_Driver/Src/stm32g4xx_hal_tim_ex.c **** 
 6425              		.loc 1 3023 1 view .LVU1899
 6426 000c 7047     		bx	lr
 6427              		.cfi_endproc
 6428              	.LFE367:
 6430              		.section	.text.HAL_TIMEx_OC_ConfigPulseOnCompare,"ax",%progbits
 6431              		.align	1
 6432              		.global	HAL_TIMEx_OC_ConfigPulseOnCompare
 6433              		.syntax unified
 6434              		.thumb
 6435              		.thumb_func
 6437              	HAL_TIMEx_OC_ConfigPulseOnCompare:
ARM GAS  /tmp/ccAXGFxz.s 			page 210


 6438              	.LVL465:
 6439              	.LFB368:
3037:Drivers/STM32G4xx_HAL_Driver/Src/stm32g4xx_hal_tim_ex.c ****   uint32_t tmpecr;
 6440              		.loc 1 3037 1 is_stmt 1 view -0
 6441              		.cfi_startproc
 6442              		@ args = 0, pretend = 0, frame = 0
 6443              		@ frame_needed = 0, uses_anonymous_args = 0
3037:Drivers/STM32G4xx_HAL_Driver/Src/stm32g4xx_hal_tim_ex.c ****   uint32_t tmpecr;
 6444              		.loc 1 3037 1 is_stmt 0 view .LVU1901
 6445 0000 0346     		mov	r3, r0
3038:Drivers/STM32G4xx_HAL_Driver/Src/stm32g4xx_hal_tim_ex.c **** 
 6446              		.loc 1 3038 3 is_stmt 1 view .LVU1902
3041:Drivers/STM32G4xx_HAL_Driver/Src/stm32g4xx_hal_tim_ex.c ****   assert_param(IS_TIM_PULSEONCOMPARE_WIDTH(PulseWidth));
 6447              		.loc 1 3041 3 view .LVU1903
3042:Drivers/STM32G4xx_HAL_Driver/Src/stm32g4xx_hal_tim_ex.c ****   assert_param(IS_TIM_PULSEONCOMPARE_WIDTHPRESCALER(PulseWidthPrescaler));
 6448              		.loc 1 3042 3 view .LVU1904
3043:Drivers/STM32G4xx_HAL_Driver/Src/stm32g4xx_hal_tim_ex.c **** 
 6449              		.loc 1 3043 3 view .LVU1905
3046:Drivers/STM32G4xx_HAL_Driver/Src/stm32g4xx_hal_tim_ex.c **** 
 6450              		.loc 1 3046 3 view .LVU1906
3046:Drivers/STM32G4xx_HAL_Driver/Src/stm32g4xx_hal_tim_ex.c **** 
 6451              		.loc 1 3046 3 view .LVU1907
 6452 0002 90F83C00 		ldrb	r0, [r0, #60]	@ zero_extendqisi2
 6453              	.LVL466:
3046:Drivers/STM32G4xx_HAL_Driver/Src/stm32g4xx_hal_tim_ex.c **** 
 6454              		.loc 1 3046 3 is_stmt 0 view .LVU1908
 6455 0006 0128     		cmp	r0, #1
 6456 0008 19D0     		beq	.L511
3037:Drivers/STM32G4xx_HAL_Driver/Src/stm32g4xx_hal_tim_ex.c ****   uint32_t tmpecr;
 6457              		.loc 1 3037 1 view .LVU1909
 6458 000a 00B5     		push	{lr}
 6459              	.LCFI37:
 6460              		.cfi_def_cfa_offset 4
 6461              		.cfi_offset 14, -4
3046:Drivers/STM32G4xx_HAL_Driver/Src/stm32g4xx_hal_tim_ex.c **** 
 6462              		.loc 1 3046 3 is_stmt 1 discriminator 2 view .LVU1910
 6463 000c 4FF0010C 		mov	ip, #1
 6464 0010 83F83CC0 		strb	ip, [r3, #60]
3046:Drivers/STM32G4xx_HAL_Driver/Src/stm32g4xx_hal_tim_ex.c **** 
 6465              		.loc 1 3046 3 discriminator 2 view .LVU1911
3049:Drivers/STM32G4xx_HAL_Driver/Src/stm32g4xx_hal_tim_ex.c **** 
 6466              		.loc 1 3049 3 view .LVU1912
3049:Drivers/STM32G4xx_HAL_Driver/Src/stm32g4xx_hal_tim_ex.c **** 
 6467              		.loc 1 3049 15 is_stmt 0 view .LVU1913
 6468 0014 0220     		movs	r0, #2
 6469 0016 83F83D00 		strb	r0, [r3, #61]
3052:Drivers/STM32G4xx_HAL_Driver/Src/stm32g4xx_hal_tim_ex.c ****   /* Reset the Pulse width prescaler and the Pulse width */
 6470              		.loc 1 3052 3 is_stmt 1 view .LVU1914
3052:Drivers/STM32G4xx_HAL_Driver/Src/stm32g4xx_hal_tim_ex.c ****   /* Reset the Pulse width prescaler and the Pulse width */
 6471              		.loc 1 3052 16 is_stmt 0 view .LVU1915
 6472 001a D3F800E0 		ldr	lr, [r3]
3052:Drivers/STM32G4xx_HAL_Driver/Src/stm32g4xx_hal_tim_ex.c ****   /* Reset the Pulse width prescaler and the Pulse width */
 6473              		.loc 1 3052 10 view .LVU1916
 6474 001e DEF85800 		ldr	r0, [lr, #88]
 6475              	.LVL467:
3054:Drivers/STM32G4xx_HAL_Driver/Src/stm32g4xx_hal_tim_ex.c ****   /* Set the Pulse width prescaler and Pulse width*/
 6476              		.loc 1 3054 3 is_stmt 1 view .LVU1917
ARM GAS  /tmp/ccAXGFxz.s 			page 211


3054:Drivers/STM32G4xx_HAL_Driver/Src/stm32g4xx_hal_tim_ex.c ****   /* Set the Pulse width prescaler and Pulse width*/
 6477              		.loc 1 3054 10 is_stmt 0 view .LVU1918
 6478 0022 6FF31A40 		bfc	r0, #16, #11
 6479              	.LVL468:
3056:Drivers/STM32G4xx_HAL_Driver/Src/stm32g4xx_hal_tim_ex.c ****   tmpecr |= PulseWidth << TIM_ECR_PW_Pos;
 6480              		.loc 1 3056 3 is_stmt 1 view .LVU1919
3056:Drivers/STM32G4xx_HAL_Driver/Src/stm32g4xx_hal_tim_ex.c ****   tmpecr |= PulseWidth << TIM_ECR_PW_Pos;
 6481              		.loc 1 3056 10 is_stmt 0 view .LVU1920
 6482 0026 40EA0161 		orr	r1, r0, r1, lsl #24
 6483              	.LVL469:
3057:Drivers/STM32G4xx_HAL_Driver/Src/stm32g4xx_hal_tim_ex.c ****   /* Write to TIMx ECR */
 6484              		.loc 1 3057 3 is_stmt 1 view .LVU1921
3057:Drivers/STM32G4xx_HAL_Driver/Src/stm32g4xx_hal_tim_ex.c ****   /* Write to TIMx ECR */
 6485              		.loc 1 3057 10 is_stmt 0 view .LVU1922
 6486 002a 41EA0242 		orr	r2, r1, r2, lsl #16
 6487              	.LVL470:
3059:Drivers/STM32G4xx_HAL_Driver/Src/stm32g4xx_hal_tim_ex.c **** 
 6488              		.loc 1 3059 3 is_stmt 1 view .LVU1923
3059:Drivers/STM32G4xx_HAL_Driver/Src/stm32g4xx_hal_tim_ex.c **** 
 6489              		.loc 1 3059 23 is_stmt 0 view .LVU1924
 6490 002e CEF85820 		str	r2, [lr, #88]
3062:Drivers/STM32G4xx_HAL_Driver/Src/stm32g4xx_hal_tim_ex.c **** 
 6491              		.loc 1 3062 3 is_stmt 1 view .LVU1925
3062:Drivers/STM32G4xx_HAL_Driver/Src/stm32g4xx_hal_tim_ex.c **** 
 6492              		.loc 1 3062 15 is_stmt 0 view .LVU1926
 6493 0032 83F83DC0 		strb	ip, [r3, #61]
3065:Drivers/STM32G4xx_HAL_Driver/Src/stm32g4xx_hal_tim_ex.c **** 
 6494              		.loc 1 3065 3 is_stmt 1 view .LVU1927
3065:Drivers/STM32G4xx_HAL_Driver/Src/stm32g4xx_hal_tim_ex.c **** 
 6495              		.loc 1 3065 3 view .LVU1928
 6496 0036 0020     		movs	r0, #0
 6497 0038 83F83C00 		strb	r0, [r3, #60]
3065:Drivers/STM32G4xx_HAL_Driver/Src/stm32g4xx_hal_tim_ex.c **** 
 6498              		.loc 1 3065 3 view .LVU1929
3067:Drivers/STM32G4xx_HAL_Driver/Src/stm32g4xx_hal_tim_ex.c **** }
 6499              		.loc 1 3067 3 view .LVU1930
3068:Drivers/STM32G4xx_HAL_Driver/Src/stm32g4xx_hal_tim_ex.c **** 
 6500              		.loc 1 3068 1 is_stmt 0 view .LVU1931
 6501 003c 00BD     		pop	{pc}
 6502              	.LVL471:
 6503              	.L511:
 6504              	.LCFI38:
 6505              		.cfi_def_cfa_offset 0
 6506              		.cfi_restore 14
3046:Drivers/STM32G4xx_HAL_Driver/Src/stm32g4xx_hal_tim_ex.c **** 
 6507              		.loc 1 3046 3 discriminator 1 view .LVU1932
 6508 003e 0220     		movs	r0, #2
3068:Drivers/STM32G4xx_HAL_Driver/Src/stm32g4xx_hal_tim_ex.c **** 
 6509              		.loc 1 3068 1 view .LVU1933
 6510 0040 7047     		bx	lr
 6511              		.cfi_endproc
 6512              	.LFE368:
 6514              		.section	.text.HAL_TIMEx_ConfigSlaveModePreload,"ax",%progbits
 6515              		.align	1
 6516              		.global	HAL_TIMEx_ConfigSlaveModePreload
 6517              		.syntax unified
 6518              		.thumb
ARM GAS  /tmp/ccAXGFxz.s 			page 212


 6519              		.thumb_func
 6521              	HAL_TIMEx_ConfigSlaveModePreload:
 6522              	.LVL472:
 6523              	.LFB369:
3080:Drivers/STM32G4xx_HAL_Driver/Src/stm32g4xx_hal_tim_ex.c ****   /* Check the parameters */
 6524              		.loc 1 3080 1 is_stmt 1 view -0
 6525              		.cfi_startproc
 6526              		@ args = 0, pretend = 0, frame = 0
 6527              		@ frame_needed = 0, uses_anonymous_args = 0
 6528              		@ link register save eliminated.
3082:Drivers/STM32G4xx_HAL_Driver/Src/stm32g4xx_hal_tim_ex.c ****   assert_param(IS_TIM_SLAVE_PRELOAD_SOURCE(Source));
 6529              		.loc 1 3082 3 view .LVU1935
3083:Drivers/STM32G4xx_HAL_Driver/Src/stm32g4xx_hal_tim_ex.c **** 
 6530              		.loc 1 3083 3 view .LVU1936
3085:Drivers/STM32G4xx_HAL_Driver/Src/stm32g4xx_hal_tim_ex.c ****   return HAL_OK;
 6531              		.loc 1 3085 3 view .LVU1937
 6532 0000 0268     		ldr	r2, [r0]
 6533 0002 9368     		ldr	r3, [r2, #8]
 6534 0004 23F00073 		bic	r3, r3, #33554432
 6535 0008 0B43     		orrs	r3, r3, r1
 6536 000a 9360     		str	r3, [r2, #8]
3086:Drivers/STM32G4xx_HAL_Driver/Src/stm32g4xx_hal_tim_ex.c **** }
 6537              		.loc 1 3086 3 view .LVU1938
3087:Drivers/STM32G4xx_HAL_Driver/Src/stm32g4xx_hal_tim_ex.c **** 
 6538              		.loc 1 3087 1 is_stmt 0 view .LVU1939
 6539 000c 0020     		movs	r0, #0
 6540              	.LVL473:
3087:Drivers/STM32G4xx_HAL_Driver/Src/stm32g4xx_hal_tim_ex.c **** 
 6541              		.loc 1 3087 1 view .LVU1940
 6542 000e 7047     		bx	lr
 6543              		.cfi_endproc
 6544              	.LFE369:
 6546              		.section	.text.HAL_TIMEx_EnableSlaveModePreload,"ax",%progbits
 6547              		.align	1
 6548              		.global	HAL_TIMEx_EnableSlaveModePreload
 6549              		.syntax unified
 6550              		.thumb
 6551              		.thumb_func
 6553              	HAL_TIMEx_EnableSlaveModePreload:
 6554              	.LVL474:
 6555              	.LFB370:
3095:Drivers/STM32G4xx_HAL_Driver/Src/stm32g4xx_hal_tim_ex.c ****   /* Check the parameters */
 6556              		.loc 1 3095 1 is_stmt 1 view -0
 6557              		.cfi_startproc
 6558              		@ args = 0, pretend = 0, frame = 0
 6559              		@ frame_needed = 0, uses_anonymous_args = 0
 6560              		@ link register save eliminated.
3097:Drivers/STM32G4xx_HAL_Driver/Src/stm32g4xx_hal_tim_ex.c **** 
 6561              		.loc 1 3097 3 view .LVU1942
3099:Drivers/STM32G4xx_HAL_Driver/Src/stm32g4xx_hal_tim_ex.c ****   return HAL_OK;
 6562              		.loc 1 3099 3 view .LVU1943
 6563 0000 0268     		ldr	r2, [r0]
 6564 0002 9368     		ldr	r3, [r2, #8]
 6565 0004 43F08073 		orr	r3, r3, #16777216
 6566 0008 9360     		str	r3, [r2, #8]
3100:Drivers/STM32G4xx_HAL_Driver/Src/stm32g4xx_hal_tim_ex.c **** }
 6567              		.loc 1 3100 3 view .LVU1944
ARM GAS  /tmp/ccAXGFxz.s 			page 213


3101:Drivers/STM32G4xx_HAL_Driver/Src/stm32g4xx_hal_tim_ex.c **** 
 6568              		.loc 1 3101 1 is_stmt 0 view .LVU1945
 6569 000a 0020     		movs	r0, #0
 6570              	.LVL475:
3101:Drivers/STM32G4xx_HAL_Driver/Src/stm32g4xx_hal_tim_ex.c **** 
 6571              		.loc 1 3101 1 view .LVU1946
 6572 000c 7047     		bx	lr
 6573              		.cfi_endproc
 6574              	.LFE370:
 6576              		.section	.text.HAL_TIMEx_DisableSlaveModePreload,"ax",%progbits
 6577              		.align	1
 6578              		.global	HAL_TIMEx_DisableSlaveModePreload
 6579              		.syntax unified
 6580              		.thumb
 6581              		.thumb_func
 6583              	HAL_TIMEx_DisableSlaveModePreload:
 6584              	.LVL476:
 6585              	.LFB371:
3109:Drivers/STM32G4xx_HAL_Driver/Src/stm32g4xx_hal_tim_ex.c ****   /* Check the parameters */
 6586              		.loc 1 3109 1 is_stmt 1 view -0
 6587              		.cfi_startproc
 6588              		@ args = 0, pretend = 0, frame = 0
 6589              		@ frame_needed = 0, uses_anonymous_args = 0
 6590              		@ link register save eliminated.
3111:Drivers/STM32G4xx_HAL_Driver/Src/stm32g4xx_hal_tim_ex.c **** 
 6591              		.loc 1 3111 3 view .LVU1948
3113:Drivers/STM32G4xx_HAL_Driver/Src/stm32g4xx_hal_tim_ex.c ****   return HAL_OK;
 6592              		.loc 1 3113 3 view .LVU1949
 6593 0000 0268     		ldr	r2, [r0]
 6594 0002 9368     		ldr	r3, [r2, #8]
 6595 0004 23F08073 		bic	r3, r3, #16777216
 6596 0008 9360     		str	r3, [r2, #8]
3114:Drivers/STM32G4xx_HAL_Driver/Src/stm32g4xx_hal_tim_ex.c **** }
 6597              		.loc 1 3114 3 view .LVU1950
3115:Drivers/STM32G4xx_HAL_Driver/Src/stm32g4xx_hal_tim_ex.c **** 
 6598              		.loc 1 3115 1 is_stmt 0 view .LVU1951
 6599 000a 0020     		movs	r0, #0
 6600              	.LVL477:
3115:Drivers/STM32G4xx_HAL_Driver/Src/stm32g4xx_hal_tim_ex.c **** 
 6601              		.loc 1 3115 1 view .LVU1952
 6602 000c 7047     		bx	lr
 6603              		.cfi_endproc
 6604              	.LFE371:
 6606              		.section	.text.HAL_TIMEx_EnableDeadTimePreload,"ax",%progbits
 6607              		.align	1
 6608              		.global	HAL_TIMEx_EnableDeadTimePreload
 6609              		.syntax unified
 6610              		.thumb
 6611              		.thumb_func
 6613              	HAL_TIMEx_EnableDeadTimePreload:
 6614              	.LVL478:
 6615              	.LFB372:
3123:Drivers/STM32G4xx_HAL_Driver/Src/stm32g4xx_hal_tim_ex.c ****   /* Check the parameters */
 6616              		.loc 1 3123 1 is_stmt 1 view -0
 6617              		.cfi_startproc
 6618              		@ args = 0, pretend = 0, frame = 0
 6619              		@ frame_needed = 0, uses_anonymous_args = 0
ARM GAS  /tmp/ccAXGFxz.s 			page 214


 6620              		@ link register save eliminated.
3125:Drivers/STM32G4xx_HAL_Driver/Src/stm32g4xx_hal_tim_ex.c **** 
 6621              		.loc 1 3125 3 view .LVU1954
3127:Drivers/STM32G4xx_HAL_Driver/Src/stm32g4xx_hal_tim_ex.c ****   return HAL_OK;
 6622              		.loc 1 3127 3 view .LVU1955
 6623 0000 0268     		ldr	r2, [r0]
 6624 0002 536D     		ldr	r3, [r2, #84]
 6625 0004 43F40033 		orr	r3, r3, #131072
 6626 0008 5365     		str	r3, [r2, #84]
3128:Drivers/STM32G4xx_HAL_Driver/Src/stm32g4xx_hal_tim_ex.c **** }
 6627              		.loc 1 3128 3 view .LVU1956
3129:Drivers/STM32G4xx_HAL_Driver/Src/stm32g4xx_hal_tim_ex.c **** 
 6628              		.loc 1 3129 1 is_stmt 0 view .LVU1957
 6629 000a 0020     		movs	r0, #0
 6630              	.LVL479:
3129:Drivers/STM32G4xx_HAL_Driver/Src/stm32g4xx_hal_tim_ex.c **** 
 6631              		.loc 1 3129 1 view .LVU1958
 6632 000c 7047     		bx	lr
 6633              		.cfi_endproc
 6634              	.LFE372:
 6636              		.section	.text.HAL_TIMEx_DisableDeadTimePreload,"ax",%progbits
 6637              		.align	1
 6638              		.global	HAL_TIMEx_DisableDeadTimePreload
 6639              		.syntax unified
 6640              		.thumb
 6641              		.thumb_func
 6643              	HAL_TIMEx_DisableDeadTimePreload:
 6644              	.LVL480:
 6645              	.LFB373:
3137:Drivers/STM32G4xx_HAL_Driver/Src/stm32g4xx_hal_tim_ex.c ****   /* Check the parameters */
 6646              		.loc 1 3137 1 is_stmt 1 view -0
 6647              		.cfi_startproc
 6648              		@ args = 0, pretend = 0, frame = 0
 6649              		@ frame_needed = 0, uses_anonymous_args = 0
 6650              		@ link register save eliminated.
3139:Drivers/STM32G4xx_HAL_Driver/Src/stm32g4xx_hal_tim_ex.c **** 
 6651              		.loc 1 3139 3 view .LVU1960
3141:Drivers/STM32G4xx_HAL_Driver/Src/stm32g4xx_hal_tim_ex.c ****   return HAL_OK;
 6652              		.loc 1 3141 3 view .LVU1961
 6653 0000 0268     		ldr	r2, [r0]
 6654 0002 536D     		ldr	r3, [r2, #84]
 6655 0004 23F40033 		bic	r3, r3, #131072
 6656 0008 5365     		str	r3, [r2, #84]
3142:Drivers/STM32G4xx_HAL_Driver/Src/stm32g4xx_hal_tim_ex.c **** }
 6657              		.loc 1 3142 3 view .LVU1962
3143:Drivers/STM32G4xx_HAL_Driver/Src/stm32g4xx_hal_tim_ex.c **** 
 6658              		.loc 1 3143 1 is_stmt 0 view .LVU1963
 6659 000a 0020     		movs	r0, #0
 6660              	.LVL481:
3143:Drivers/STM32G4xx_HAL_Driver/Src/stm32g4xx_hal_tim_ex.c **** 
 6661              		.loc 1 3143 1 view .LVU1964
 6662 000c 7047     		bx	lr
 6663              		.cfi_endproc
 6664              	.LFE373:
 6666              		.section	.text.HAL_TIMEx_ConfigDeadTime,"ax",%progbits
 6667              		.align	1
 6668              		.global	HAL_TIMEx_ConfigDeadTime
ARM GAS  /tmp/ccAXGFxz.s 			page 215


 6669              		.syntax unified
 6670              		.thumb
 6671              		.thumb_func
 6673              	HAL_TIMEx_ConfigDeadTime:
 6674              	.LVL482:
 6675              	.LFB374:
3153:Drivers/STM32G4xx_HAL_Driver/Src/stm32g4xx_hal_tim_ex.c ****   /* Check the parameters */
 6676              		.loc 1 3153 1 is_stmt 1 view -0
 6677              		.cfi_startproc
 6678              		@ args = 0, pretend = 0, frame = 0
 6679              		@ frame_needed = 0, uses_anonymous_args = 0
 6680              		@ link register save eliminated.
3155:Drivers/STM32G4xx_HAL_Driver/Src/stm32g4xx_hal_tim_ex.c ****   assert_param(IS_TIM_DEADTIME(Deadtime));
 6681              		.loc 1 3155 3 view .LVU1966
3156:Drivers/STM32G4xx_HAL_Driver/Src/stm32g4xx_hal_tim_ex.c **** 
 6682              		.loc 1 3156 3 view .LVU1967
3158:Drivers/STM32G4xx_HAL_Driver/Src/stm32g4xx_hal_tim_ex.c ****   return HAL_OK;
 6683              		.loc 1 3158 3 view .LVU1968
 6684 0000 0268     		ldr	r2, [r0]
 6685 0002 536C     		ldr	r3, [r2, #68]
 6686 0004 23F0FF03 		bic	r3, r3, #255
 6687 0008 0B43     		orrs	r3, r3, r1
 6688 000a 5364     		str	r3, [r2, #68]
3159:Drivers/STM32G4xx_HAL_Driver/Src/stm32g4xx_hal_tim_ex.c **** }
 6689              		.loc 1 3159 3 view .LVU1969
3160:Drivers/STM32G4xx_HAL_Driver/Src/stm32g4xx_hal_tim_ex.c **** 
 6690              		.loc 1 3160 1 is_stmt 0 view .LVU1970
 6691 000c 0020     		movs	r0, #0
 6692              	.LVL483:
3160:Drivers/STM32G4xx_HAL_Driver/Src/stm32g4xx_hal_tim_ex.c **** 
 6693              		.loc 1 3160 1 view .LVU1971
 6694 000e 7047     		bx	lr
 6695              		.cfi_endproc
 6696              	.LFE374:
 6698              		.section	.text.HAL_TIMEx_ConfigAsymmetricalDeadTime,"ax",%progbits
 6699              		.align	1
 6700              		.global	HAL_TIMEx_ConfigAsymmetricalDeadTime
 6701              		.syntax unified
 6702              		.thumb
 6703              		.thumb_func
 6705              	HAL_TIMEx_ConfigAsymmetricalDeadTime:
 6706              	.LVL484:
 6707              	.LFB375:
3170:Drivers/STM32G4xx_HAL_Driver/Src/stm32g4xx_hal_tim_ex.c ****   /* Check the parameters */
 6708              		.loc 1 3170 1 is_stmt 1 view -0
 6709              		.cfi_startproc
 6710              		@ args = 0, pretend = 0, frame = 0
 6711              		@ frame_needed = 0, uses_anonymous_args = 0
 6712              		@ link register save eliminated.
3172:Drivers/STM32G4xx_HAL_Driver/Src/stm32g4xx_hal_tim_ex.c ****   assert_param(IS_TIM_DEADTIME(FallingDeadtime));
 6713              		.loc 1 3172 3 view .LVU1973
3173:Drivers/STM32G4xx_HAL_Driver/Src/stm32g4xx_hal_tim_ex.c **** 
 6714              		.loc 1 3173 3 view .LVU1974
3175:Drivers/STM32G4xx_HAL_Driver/Src/stm32g4xx_hal_tim_ex.c ****   return HAL_OK;
 6715              		.loc 1 3175 3 view .LVU1975
 6716 0000 0268     		ldr	r2, [r0]
 6717 0002 536D     		ldr	r3, [r2, #84]
ARM GAS  /tmp/ccAXGFxz.s 			page 216


 6718 0004 23F0FF03 		bic	r3, r3, #255
 6719 0008 0B43     		orrs	r3, r3, r1
 6720 000a 5365     		str	r3, [r2, #84]
3176:Drivers/STM32G4xx_HAL_Driver/Src/stm32g4xx_hal_tim_ex.c **** }
 6721              		.loc 1 3176 3 view .LVU1976
3177:Drivers/STM32G4xx_HAL_Driver/Src/stm32g4xx_hal_tim_ex.c **** 
 6722              		.loc 1 3177 1 is_stmt 0 view .LVU1977
 6723 000c 0020     		movs	r0, #0
 6724              	.LVL485:
3177:Drivers/STM32G4xx_HAL_Driver/Src/stm32g4xx_hal_tim_ex.c **** 
 6725              		.loc 1 3177 1 view .LVU1978
 6726 000e 7047     		bx	lr
 6727              		.cfi_endproc
 6728              	.LFE375:
 6730              		.section	.text.HAL_TIMEx_EnableAsymmetricalDeadTime,"ax",%progbits
 6731              		.align	1
 6732              		.global	HAL_TIMEx_EnableAsymmetricalDeadTime
 6733              		.syntax unified
 6734              		.thumb
 6735              		.thumb_func
 6737              	HAL_TIMEx_EnableAsymmetricalDeadTime:
 6738              	.LVL486:
 6739              	.LFB376:
3185:Drivers/STM32G4xx_HAL_Driver/Src/stm32g4xx_hal_tim_ex.c ****   /* Check the parameters */
 6740              		.loc 1 3185 1 is_stmt 1 view -0
 6741              		.cfi_startproc
 6742              		@ args = 0, pretend = 0, frame = 0
 6743              		@ frame_needed = 0, uses_anonymous_args = 0
 6744              		@ link register save eliminated.
3187:Drivers/STM32G4xx_HAL_Driver/Src/stm32g4xx_hal_tim_ex.c **** 
 6745              		.loc 1 3187 3 view .LVU1980
3189:Drivers/STM32G4xx_HAL_Driver/Src/stm32g4xx_hal_tim_ex.c ****   return HAL_OK;
 6746              		.loc 1 3189 3 view .LVU1981
 6747 0000 0268     		ldr	r2, [r0]
 6748 0002 536D     		ldr	r3, [r2, #84]
 6749 0004 43F48033 		orr	r3, r3, #65536
 6750 0008 5365     		str	r3, [r2, #84]
3190:Drivers/STM32G4xx_HAL_Driver/Src/stm32g4xx_hal_tim_ex.c **** }
 6751              		.loc 1 3190 3 view .LVU1982
3191:Drivers/STM32G4xx_HAL_Driver/Src/stm32g4xx_hal_tim_ex.c **** 
 6752              		.loc 1 3191 1 is_stmt 0 view .LVU1983
 6753 000a 0020     		movs	r0, #0
 6754              	.LVL487:
3191:Drivers/STM32G4xx_HAL_Driver/Src/stm32g4xx_hal_tim_ex.c **** 
 6755              		.loc 1 3191 1 view .LVU1984
 6756 000c 7047     		bx	lr
 6757              		.cfi_endproc
 6758              	.LFE376:
 6760              		.section	.text.HAL_TIMEx_DisableAsymmetricalDeadTime,"ax",%progbits
 6761              		.align	1
 6762              		.global	HAL_TIMEx_DisableAsymmetricalDeadTime
 6763              		.syntax unified
 6764              		.thumb
 6765              		.thumb_func
 6767              	HAL_TIMEx_DisableAsymmetricalDeadTime:
 6768              	.LVL488:
 6769              	.LFB377:
ARM GAS  /tmp/ccAXGFxz.s 			page 217


3199:Drivers/STM32G4xx_HAL_Driver/Src/stm32g4xx_hal_tim_ex.c ****   /* Check the parameters */
 6770              		.loc 1 3199 1 is_stmt 1 view -0
 6771              		.cfi_startproc
 6772              		@ args = 0, pretend = 0, frame = 0
 6773              		@ frame_needed = 0, uses_anonymous_args = 0
 6774              		@ link register save eliminated.
3201:Drivers/STM32G4xx_HAL_Driver/Src/stm32g4xx_hal_tim_ex.c **** 
 6775              		.loc 1 3201 3 view .LVU1986
3203:Drivers/STM32G4xx_HAL_Driver/Src/stm32g4xx_hal_tim_ex.c ****   return HAL_OK;
 6776              		.loc 1 3203 3 view .LVU1987
 6777 0000 0268     		ldr	r2, [r0]
 6778 0002 536D     		ldr	r3, [r2, #84]
 6779 0004 23F48033 		bic	r3, r3, #65536
 6780 0008 5365     		str	r3, [r2, #84]
3204:Drivers/STM32G4xx_HAL_Driver/Src/stm32g4xx_hal_tim_ex.c **** }
 6781              		.loc 1 3204 3 view .LVU1988
3205:Drivers/STM32G4xx_HAL_Driver/Src/stm32g4xx_hal_tim_ex.c **** 
 6782              		.loc 1 3205 1 is_stmt 0 view .LVU1989
 6783 000a 0020     		movs	r0, #0
 6784              	.LVL489:
3205:Drivers/STM32G4xx_HAL_Driver/Src/stm32g4xx_hal_tim_ex.c **** 
 6785              		.loc 1 3205 1 view .LVU1990
 6786 000c 7047     		bx	lr
 6787              		.cfi_endproc
 6788              	.LFE377:
 6790              		.section	.text.HAL_TIMEx_ConfigEncoderIndex,"ax",%progbits
 6791              		.align	1
 6792              		.global	HAL_TIMEx_ConfigEncoderIndex
 6793              		.syntax unified
 6794              		.thumb
 6795              		.thumb_func
 6797              	HAL_TIMEx_ConfigEncoderIndex:
 6798              	.LVL490:
 6799              	.LFB378:
3218:Drivers/STM32G4xx_HAL_Driver/Src/stm32g4xx_hal_tim_ex.c ****   /* Check the parameters */
 6800              		.loc 1 3218 1 is_stmt 1 view -0
 6801              		.cfi_startproc
 6802              		@ args = 0, pretend = 0, frame = 0
 6803              		@ frame_needed = 0, uses_anonymous_args = 0
3218:Drivers/STM32G4xx_HAL_Driver/Src/stm32g4xx_hal_tim_ex.c ****   /* Check the parameters */
 6804              		.loc 1 3218 1 is_stmt 0 view .LVU1992
 6805 0000 38B5     		push	{r3, r4, r5, lr}
 6806              	.LCFI39:
 6807              		.cfi_def_cfa_offset 16
 6808              		.cfi_offset 3, -16
 6809              		.cfi_offset 4, -12
 6810              		.cfi_offset 5, -8
 6811              		.cfi_offset 14, -4
3220:Drivers/STM32G4xx_HAL_Driver/Src/stm32g4xx_hal_tim_ex.c ****   assert_param(IS_TIM_ENCODERINDEX_POLARITY(sEncoderIndexConfig->Polarity));
 6812              		.loc 1 3220 3 is_stmt 1 view .LVU1993
3221:Drivers/STM32G4xx_HAL_Driver/Src/stm32g4xx_hal_tim_ex.c ****   assert_param(IS_TIM_ENCODERINDEX_PRESCALER(sEncoderIndexConfig->Prescaler));
 6813              		.loc 1 3221 3 view .LVU1994
3222:Drivers/STM32G4xx_HAL_Driver/Src/stm32g4xx_hal_tim_ex.c ****   assert_param(IS_TIM_ENCODERINDEX_FILTER(sEncoderIndexConfig->Filter));
 6814              		.loc 1 3222 3 view .LVU1995
3223:Drivers/STM32G4xx_HAL_Driver/Src/stm32g4xx_hal_tim_ex.c ****   assert_param(IS_FUNCTIONAL_STATE(sEncoderIndexConfig->FirstIndexEnable));
 6815              		.loc 1 3223 3 view .LVU1996
3224:Drivers/STM32G4xx_HAL_Driver/Src/stm32g4xx_hal_tim_ex.c ****   assert_param(IS_TIM_ENCODERINDEX_POSITION(sEncoderIndexConfig->Position));
ARM GAS  /tmp/ccAXGFxz.s 			page 218


 6816              		.loc 1 3224 3 view .LVU1997
3225:Drivers/STM32G4xx_HAL_Driver/Src/stm32g4xx_hal_tim_ex.c ****   assert_param(IS_TIM_ENCODERINDEX_DIRECTION(sEncoderIndexConfig->Direction));
 6817              		.loc 1 3225 3 view .LVU1998
3226:Drivers/STM32G4xx_HAL_Driver/Src/stm32g4xx_hal_tim_ex.c **** 
 6818              		.loc 1 3226 3 view .LVU1999
3229:Drivers/STM32G4xx_HAL_Driver/Src/stm32g4xx_hal_tim_ex.c **** 
 6819              		.loc 1 3229 3 view .LVU2000
3229:Drivers/STM32G4xx_HAL_Driver/Src/stm32g4xx_hal_tim_ex.c **** 
 6820              		.loc 1 3229 3 view .LVU2001
 6821 0002 90F83C30 		ldrb	r3, [r0, #60]	@ zero_extendqisi2
 6822 0006 012B     		cmp	r3, #1
 6823 0008 20D0     		beq	.L528
 6824 000a 0546     		mov	r5, r0
 6825 000c 0C46     		mov	r4, r1
3229:Drivers/STM32G4xx_HAL_Driver/Src/stm32g4xx_hal_tim_ex.c **** 
 6826              		.loc 1 3229 3 discriminator 2 view .LVU2002
 6827 000e 0123     		movs	r3, #1
 6828 0010 80F83C30 		strb	r3, [r0, #60]
3229:Drivers/STM32G4xx_HAL_Driver/Src/stm32g4xx_hal_tim_ex.c **** 
 6829              		.loc 1 3229 3 discriminator 2 view .LVU2003
3232:Drivers/STM32G4xx_HAL_Driver/Src/stm32g4xx_hal_tim_ex.c ****                     sEncoderIndexConfig->Prescaler,
 6830              		.loc 1 3232 3 view .LVU2004
 6831 0014 8B68     		ldr	r3, [r1, #8]
 6832 0016 0A68     		ldr	r2, [r1]
 6833 0018 4968     		ldr	r1, [r1, #4]
 6834              	.LVL491:
3232:Drivers/STM32G4xx_HAL_Driver/Src/stm32g4xx_hal_tim_ex.c ****                     sEncoderIndexConfig->Prescaler,
 6835              		.loc 1 3232 3 is_stmt 0 view .LVU2005
 6836 001a 0068     		ldr	r0, [r0]
 6837              	.LVL492:
3232:Drivers/STM32G4xx_HAL_Driver/Src/stm32g4xx_hal_tim_ex.c ****                     sEncoderIndexConfig->Prescaler,
 6838              		.loc 1 3232 3 view .LVU2006
 6839 001c FFF7FEFF 		bl	TIM_ETR_SetConfig
 6840              	.LVL493:
3238:Drivers/STM32G4xx_HAL_Driver/Src/stm32g4xx_hal_tim_ex.c ****              TIM_ECR_IDIR_Msk | TIM_ECR_FIDX_Msk | TIM_ECR_IPOS_Msk,
 6841              		.loc 1 3238 3 is_stmt 1 view .LVU2007
 6842 0020 2968     		ldr	r1, [r5]
 6843 0022 8B6D     		ldr	r3, [r1, #88]
 6844 0024 23F0E603 		bic	r3, r3, #230
 6845 0028 6269     		ldr	r2, [r4, #20]
 6846 002a 207B     		ldrb	r0, [r4, #12]	@ zero_extendqisi2
 6847 002c 0128     		cmp	r0, #1
 6848 002e 0BD0     		beq	.L531
3238:Drivers/STM32G4xx_HAL_Driver/Src/stm32g4xx_hal_tim_ex.c ****              TIM_ECR_IDIR_Msk | TIM_ECR_FIDX_Msk | TIM_ECR_IPOS_Msk,
 6849              		.loc 1 3238 3 is_stmt 0 discriminator 2 view .LVU2008
 6850 0030 0020     		movs	r0, #0
 6851              	.L527:
3238:Drivers/STM32G4xx_HAL_Driver/Src/stm32g4xx_hal_tim_ex.c ****              TIM_ECR_IDIR_Msk | TIM_ECR_FIDX_Msk | TIM_ECR_IPOS_Msk,
 6852              		.loc 1 3238 3 discriminator 3 view .LVU2009
 6853 0032 0243     		orrs	r2, r2, r0
 6854 0034 2069     		ldr	r0, [r4, #16]
 6855 0036 0243     		orrs	r2, r2, r0
 6856 0038 1343     		orrs	r3, r3, r2
 6857 003a 43F00103 		orr	r3, r3, #1
 6858 003e 8B65     		str	r3, [r1, #88]
3245:Drivers/STM32G4xx_HAL_Driver/Src/stm32g4xx_hal_tim_ex.c **** 
 6859              		.loc 1 3245 3 is_stmt 1 view .LVU2010
ARM GAS  /tmp/ccAXGFxz.s 			page 219


3245:Drivers/STM32G4xx_HAL_Driver/Src/stm32g4xx_hal_tim_ex.c **** 
 6860              		.loc 1 3245 3 view .LVU2011
 6861 0040 0020     		movs	r0, #0
 6862 0042 85F83C00 		strb	r0, [r5, #60]
3245:Drivers/STM32G4xx_HAL_Driver/Src/stm32g4xx_hal_tim_ex.c **** 
 6863              		.loc 1 3245 3 view .LVU2012
3247:Drivers/STM32G4xx_HAL_Driver/Src/stm32g4xx_hal_tim_ex.c **** }
 6864              		.loc 1 3247 3 view .LVU2013
 6865              	.LVL494:
 6866              	.L526:
3248:Drivers/STM32G4xx_HAL_Driver/Src/stm32g4xx_hal_tim_ex.c **** 
 6867              		.loc 1 3248 1 is_stmt 0 view .LVU2014
 6868 0046 38BD     		pop	{r3, r4, r5, pc}
 6869              	.LVL495:
 6870              	.L531:
3238:Drivers/STM32G4xx_HAL_Driver/Src/stm32g4xx_hal_tim_ex.c ****              TIM_ECR_IDIR_Msk | TIM_ECR_FIDX_Msk | TIM_ECR_IPOS_Msk,
 6871              		.loc 1 3238 3 discriminator 1 view .LVU2015
 6872 0048 2020     		movs	r0, #32
 6873 004a F2E7     		b	.L527
 6874              	.LVL496:
 6875              	.L528:
3229:Drivers/STM32G4xx_HAL_Driver/Src/stm32g4xx_hal_tim_ex.c **** 
 6876              		.loc 1 3229 3 discriminator 1 view .LVU2016
 6877 004c 0220     		movs	r0, #2
 6878              	.LVL497:
3229:Drivers/STM32G4xx_HAL_Driver/Src/stm32g4xx_hal_tim_ex.c **** 
 6879              		.loc 1 3229 3 discriminator 1 view .LVU2017
 6880 004e FAE7     		b	.L526
 6881              		.cfi_endproc
 6882              	.LFE378:
 6884              		.section	.text.HAL_TIMEx_EnableEncoderIndex,"ax",%progbits
 6885              		.align	1
 6886              		.global	HAL_TIMEx_EnableEncoderIndex
 6887              		.syntax unified
 6888              		.thumb
 6889              		.thumb_func
 6891              	HAL_TIMEx_EnableEncoderIndex:
 6892              	.LVL498:
 6893              	.LFB379:
3256:Drivers/STM32G4xx_HAL_Driver/Src/stm32g4xx_hal_tim_ex.c ****   /* Check the parameters */
 6894              		.loc 1 3256 1 is_stmt 1 view -0
 6895              		.cfi_startproc
 6896              		@ args = 0, pretend = 0, frame = 0
 6897              		@ frame_needed = 0, uses_anonymous_args = 0
 6898              		@ link register save eliminated.
3258:Drivers/STM32G4xx_HAL_Driver/Src/stm32g4xx_hal_tim_ex.c **** 
 6899              		.loc 1 3258 3 view .LVU2019
3260:Drivers/STM32G4xx_HAL_Driver/Src/stm32g4xx_hal_tim_ex.c ****   return HAL_OK;
 6900              		.loc 1 3260 3 view .LVU2020
 6901 0000 0268     		ldr	r2, [r0]
 6902 0002 936D     		ldr	r3, [r2, #88]
 6903 0004 43F00103 		orr	r3, r3, #1
 6904 0008 9365     		str	r3, [r2, #88]
3261:Drivers/STM32G4xx_HAL_Driver/Src/stm32g4xx_hal_tim_ex.c **** }
 6905              		.loc 1 3261 3 view .LVU2021
3262:Drivers/STM32G4xx_HAL_Driver/Src/stm32g4xx_hal_tim_ex.c **** 
 6906              		.loc 1 3262 1 is_stmt 0 view .LVU2022
ARM GAS  /tmp/ccAXGFxz.s 			page 220


 6907 000a 0020     		movs	r0, #0
 6908              	.LVL499:
3262:Drivers/STM32G4xx_HAL_Driver/Src/stm32g4xx_hal_tim_ex.c **** 
 6909              		.loc 1 3262 1 view .LVU2023
 6910 000c 7047     		bx	lr
 6911              		.cfi_endproc
 6912              	.LFE379:
 6914              		.section	.text.HAL_TIMEx_DisableEncoderIndex,"ax",%progbits
 6915              		.align	1
 6916              		.global	HAL_TIMEx_DisableEncoderIndex
 6917              		.syntax unified
 6918              		.thumb
 6919              		.thumb_func
 6921              	HAL_TIMEx_DisableEncoderIndex:
 6922              	.LVL500:
 6923              	.LFB380:
3270:Drivers/STM32G4xx_HAL_Driver/Src/stm32g4xx_hal_tim_ex.c ****   /* Check the parameters */
 6924              		.loc 1 3270 1 is_stmt 1 view -0
 6925              		.cfi_startproc
 6926              		@ args = 0, pretend = 0, frame = 0
 6927              		@ frame_needed = 0, uses_anonymous_args = 0
 6928              		@ link register save eliminated.
3272:Drivers/STM32G4xx_HAL_Driver/Src/stm32g4xx_hal_tim_ex.c **** 
 6929              		.loc 1 3272 3 view .LVU2025
3274:Drivers/STM32G4xx_HAL_Driver/Src/stm32g4xx_hal_tim_ex.c ****   return HAL_OK;
 6930              		.loc 1 3274 3 view .LVU2026
 6931 0000 0268     		ldr	r2, [r0]
 6932 0002 936D     		ldr	r3, [r2, #88]
 6933 0004 23F00103 		bic	r3, r3, #1
 6934 0008 9365     		str	r3, [r2, #88]
3275:Drivers/STM32G4xx_HAL_Driver/Src/stm32g4xx_hal_tim_ex.c **** }
 6935              		.loc 1 3275 3 view .LVU2027
3276:Drivers/STM32G4xx_HAL_Driver/Src/stm32g4xx_hal_tim_ex.c **** 
 6936              		.loc 1 3276 1 is_stmt 0 view .LVU2028
 6937 000a 0020     		movs	r0, #0
 6938              	.LVL501:
3276:Drivers/STM32G4xx_HAL_Driver/Src/stm32g4xx_hal_tim_ex.c **** 
 6939              		.loc 1 3276 1 view .LVU2029
 6940 000c 7047     		bx	lr
 6941              		.cfi_endproc
 6942              	.LFE380:
 6944              		.section	.text.HAL_TIMEx_EnableEncoderFirstIndex,"ax",%progbits
 6945              		.align	1
 6946              		.global	HAL_TIMEx_EnableEncoderFirstIndex
 6947              		.syntax unified
 6948              		.thumb
 6949              		.thumb_func
 6951              	HAL_TIMEx_EnableEncoderFirstIndex:
 6952              	.LVL502:
 6953              	.LFB381:
3284:Drivers/STM32G4xx_HAL_Driver/Src/stm32g4xx_hal_tim_ex.c ****   /* Check the parameters */
 6954              		.loc 1 3284 1 is_stmt 1 view -0
 6955              		.cfi_startproc
 6956              		@ args = 0, pretend = 0, frame = 0
 6957              		@ frame_needed = 0, uses_anonymous_args = 0
 6958              		@ link register save eliminated.
3286:Drivers/STM32G4xx_HAL_Driver/Src/stm32g4xx_hal_tim_ex.c **** 
ARM GAS  /tmp/ccAXGFxz.s 			page 221


 6959              		.loc 1 3286 3 view .LVU2031
3288:Drivers/STM32G4xx_HAL_Driver/Src/stm32g4xx_hal_tim_ex.c ****   return HAL_OK;
 6960              		.loc 1 3288 3 view .LVU2032
 6961 0000 0268     		ldr	r2, [r0]
 6962 0002 936D     		ldr	r3, [r2, #88]
 6963 0004 43F02003 		orr	r3, r3, #32
 6964 0008 9365     		str	r3, [r2, #88]
3289:Drivers/STM32G4xx_HAL_Driver/Src/stm32g4xx_hal_tim_ex.c **** }
 6965              		.loc 1 3289 3 view .LVU2033
3290:Drivers/STM32G4xx_HAL_Driver/Src/stm32g4xx_hal_tim_ex.c **** 
 6966              		.loc 1 3290 1 is_stmt 0 view .LVU2034
 6967 000a 0020     		movs	r0, #0
 6968              	.LVL503:
3290:Drivers/STM32G4xx_HAL_Driver/Src/stm32g4xx_hal_tim_ex.c **** 
 6969              		.loc 1 3290 1 view .LVU2035
 6970 000c 7047     		bx	lr
 6971              		.cfi_endproc
 6972              	.LFE381:
 6974              		.section	.text.HAL_TIMEx_DisableEncoderFirstIndex,"ax",%progbits
 6975              		.align	1
 6976              		.global	HAL_TIMEx_DisableEncoderFirstIndex
 6977              		.syntax unified
 6978              		.thumb
 6979              		.thumb_func
 6981              	HAL_TIMEx_DisableEncoderFirstIndex:
 6982              	.LVL504:
 6983              	.LFB382:
3298:Drivers/STM32G4xx_HAL_Driver/Src/stm32g4xx_hal_tim_ex.c ****   /* Check the parameters */
 6984              		.loc 1 3298 1 is_stmt 1 view -0
 6985              		.cfi_startproc
 6986              		@ args = 0, pretend = 0, frame = 0
 6987              		@ frame_needed = 0, uses_anonymous_args = 0
 6988              		@ link register save eliminated.
3300:Drivers/STM32G4xx_HAL_Driver/Src/stm32g4xx_hal_tim_ex.c **** 
 6989              		.loc 1 3300 3 view .LVU2037
3302:Drivers/STM32G4xx_HAL_Driver/Src/stm32g4xx_hal_tim_ex.c ****   return HAL_OK;
 6990              		.loc 1 3302 3 view .LVU2038
 6991 0000 0268     		ldr	r2, [r0]
 6992 0002 936D     		ldr	r3, [r2, #88]
 6993 0004 23F02003 		bic	r3, r3, #32
 6994 0008 9365     		str	r3, [r2, #88]
3303:Drivers/STM32G4xx_HAL_Driver/Src/stm32g4xx_hal_tim_ex.c **** }
 6995              		.loc 1 3303 3 view .LVU2039
3304:Drivers/STM32G4xx_HAL_Driver/Src/stm32g4xx_hal_tim_ex.c **** 
 6996              		.loc 1 3304 1 is_stmt 0 view .LVU2040
 6997 000a 0020     		movs	r0, #0
 6998              	.LVL505:
3304:Drivers/STM32G4xx_HAL_Driver/Src/stm32g4xx_hal_tim_ex.c **** 
 6999              		.loc 1 3304 1 view .LVU2041
 7000 000c 7047     		bx	lr
 7001              		.cfi_endproc
 7002              	.LFE382:
 7004              		.section	.text.HAL_TIMEx_CommutCallback,"ax",%progbits
 7005              		.align	1
 7006              		.weak	HAL_TIMEx_CommutCallback
 7007              		.syntax unified
 7008              		.thumb
ARM GAS  /tmp/ccAXGFxz.s 			page 222


 7009              		.thumb_func
 7011              	HAL_TIMEx_CommutCallback:
 7012              	.LVL506:
 7013              	.LFB383:
3332:Drivers/STM32G4xx_HAL_Driver/Src/stm32g4xx_hal_tim_ex.c ****   /* Prevent unused argument(s) compilation warning */
 7014              		.loc 1 3332 1 is_stmt 1 view -0
 7015              		.cfi_startproc
 7016              		@ args = 0, pretend = 0, frame = 0
 7017              		@ frame_needed = 0, uses_anonymous_args = 0
 7018              		@ link register save eliminated.
3334:Drivers/STM32G4xx_HAL_Driver/Src/stm32g4xx_hal_tim_ex.c **** 
 7019              		.loc 1 3334 3 view .LVU2043
3339:Drivers/STM32G4xx_HAL_Driver/Src/stm32g4xx_hal_tim_ex.c **** /**
 7020              		.loc 1 3339 1 is_stmt 0 view .LVU2044
 7021 0000 7047     		bx	lr
 7022              		.cfi_endproc
 7023              	.LFE383:
 7025              		.section	.text.TIMEx_DMACommutationCplt,"ax",%progbits
 7026              		.align	1
 7027              		.global	TIMEx_DMACommutationCplt
 7028              		.syntax unified
 7029              		.thumb
 7030              		.thumb_func
 7032              	TIMEx_DMACommutationCplt:
 7033              	.LVL507:
 7034              	.LFB393:
3515:Drivers/STM32G4xx_HAL_Driver/Src/stm32g4xx_hal_tim_ex.c ****   TIM_HandleTypeDef *htim = (TIM_HandleTypeDef *)((DMA_HandleTypeDef *)hdma)->Parent;
 7035              		.loc 1 3515 1 is_stmt 1 view -0
 7036              		.cfi_startproc
 7037              		@ args = 0, pretend = 0, frame = 0
 7038              		@ frame_needed = 0, uses_anonymous_args = 0
3515:Drivers/STM32G4xx_HAL_Driver/Src/stm32g4xx_hal_tim_ex.c ****   TIM_HandleTypeDef *htim = (TIM_HandleTypeDef *)((DMA_HandleTypeDef *)hdma)->Parent;
 7039              		.loc 1 3515 1 is_stmt 0 view .LVU2046
 7040 0000 08B5     		push	{r3, lr}
 7041              	.LCFI40:
 7042              		.cfi_def_cfa_offset 8
 7043              		.cfi_offset 3, -8
 7044              		.cfi_offset 14, -4
3516:Drivers/STM32G4xx_HAL_Driver/Src/stm32g4xx_hal_tim_ex.c **** 
 7045              		.loc 1 3516 3 is_stmt 1 view .LVU2047
3516:Drivers/STM32G4xx_HAL_Driver/Src/stm32g4xx_hal_tim_ex.c **** 
 7046              		.loc 1 3516 22 is_stmt 0 view .LVU2048
 7047 0002 806A     		ldr	r0, [r0, #40]
 7048              	.LVL508:
3519:Drivers/STM32G4xx_HAL_Driver/Src/stm32g4xx_hal_tim_ex.c **** 
 7049              		.loc 1 3519 3 is_stmt 1 view .LVU2049
3519:Drivers/STM32G4xx_HAL_Driver/Src/stm32g4xx_hal_tim_ex.c **** 
 7050              		.loc 1 3519 15 is_stmt 0 view .LVU2050
 7051 0004 0123     		movs	r3, #1
 7052 0006 80F83D30 		strb	r3, [r0, #61]
3524:Drivers/STM32G4xx_HAL_Driver/Src/stm32g4xx_hal_tim_ex.c **** #endif /* USE_HAL_TIM_REGISTER_CALLBACKS */
 7053              		.loc 1 3524 3 is_stmt 1 view .LVU2051
 7054 000a FFF7FEFF 		bl	HAL_TIMEx_CommutCallback
 7055              	.LVL509:
3526:Drivers/STM32G4xx_HAL_Driver/Src/stm32g4xx_hal_tim_ex.c **** 
 7056              		.loc 1 3526 1 is_stmt 0 view .LVU2052
 7057 000e 08BD     		pop	{r3, pc}
ARM GAS  /tmp/ccAXGFxz.s 			page 223


 7058              		.cfi_endproc
 7059              	.LFE393:
 7061              		.section	.text.HAL_TIMEx_CommutHalfCpltCallback,"ax",%progbits
 7062              		.align	1
 7063              		.weak	HAL_TIMEx_CommutHalfCpltCallback
 7064              		.syntax unified
 7065              		.thumb
 7066              		.thumb_func
 7068              	HAL_TIMEx_CommutHalfCpltCallback:
 7069              	.LVL510:
 7070              	.LFB384:
3346:Drivers/STM32G4xx_HAL_Driver/Src/stm32g4xx_hal_tim_ex.c ****   /* Prevent unused argument(s) compilation warning */
 7071              		.loc 1 3346 1 is_stmt 1 view -0
 7072              		.cfi_startproc
 7073              		@ args = 0, pretend = 0, frame = 0
 7074              		@ frame_needed = 0, uses_anonymous_args = 0
 7075              		@ link register save eliminated.
3348:Drivers/STM32G4xx_HAL_Driver/Src/stm32g4xx_hal_tim_ex.c **** 
 7076              		.loc 1 3348 3 view .LVU2054
3353:Drivers/STM32G4xx_HAL_Driver/Src/stm32g4xx_hal_tim_ex.c **** 
 7077              		.loc 1 3353 1 is_stmt 0 view .LVU2055
 7078 0000 7047     		bx	lr
 7079              		.cfi_endproc
 7080              	.LFE384:
 7082              		.section	.text.TIMEx_DMACommutationHalfCplt,"ax",%progbits
 7083              		.align	1
 7084              		.global	TIMEx_DMACommutationHalfCplt
 7085              		.syntax unified
 7086              		.thumb
 7087              		.thumb_func
 7089              	TIMEx_DMACommutationHalfCplt:
 7090              	.LVL511:
 7091              	.LFB394:
3534:Drivers/STM32G4xx_HAL_Driver/Src/stm32g4xx_hal_tim_ex.c ****   TIM_HandleTypeDef *htim = (TIM_HandleTypeDef *)((DMA_HandleTypeDef *)hdma)->Parent;
 7092              		.loc 1 3534 1 is_stmt 1 view -0
 7093              		.cfi_startproc
 7094              		@ args = 0, pretend = 0, frame = 0
 7095              		@ frame_needed = 0, uses_anonymous_args = 0
3534:Drivers/STM32G4xx_HAL_Driver/Src/stm32g4xx_hal_tim_ex.c ****   TIM_HandleTypeDef *htim = (TIM_HandleTypeDef *)((DMA_HandleTypeDef *)hdma)->Parent;
 7096              		.loc 1 3534 1 is_stmt 0 view .LVU2057
 7097 0000 08B5     		push	{r3, lr}
 7098              	.LCFI41:
 7099              		.cfi_def_cfa_offset 8
 7100              		.cfi_offset 3, -8
 7101              		.cfi_offset 14, -4
3535:Drivers/STM32G4xx_HAL_Driver/Src/stm32g4xx_hal_tim_ex.c **** 
 7102              		.loc 1 3535 3 is_stmt 1 view .LVU2058
3535:Drivers/STM32G4xx_HAL_Driver/Src/stm32g4xx_hal_tim_ex.c **** 
 7103              		.loc 1 3535 22 is_stmt 0 view .LVU2059
 7104 0002 806A     		ldr	r0, [r0, #40]
 7105              	.LVL512:
3538:Drivers/STM32G4xx_HAL_Driver/Src/stm32g4xx_hal_tim_ex.c **** 
 7106              		.loc 1 3538 3 is_stmt 1 view .LVU2060
3538:Drivers/STM32G4xx_HAL_Driver/Src/stm32g4xx_hal_tim_ex.c **** 
 7107              		.loc 1 3538 15 is_stmt 0 view .LVU2061
 7108 0004 0123     		movs	r3, #1
 7109 0006 80F83D30 		strb	r3, [r0, #61]
ARM GAS  /tmp/ccAXGFxz.s 			page 224


3543:Drivers/STM32G4xx_HAL_Driver/Src/stm32g4xx_hal_tim_ex.c **** #endif /* USE_HAL_TIM_REGISTER_CALLBACKS */
 7110              		.loc 1 3543 3 is_stmt 1 view .LVU2062
 7111 000a FFF7FEFF 		bl	HAL_TIMEx_CommutHalfCpltCallback
 7112              	.LVL513:
3545:Drivers/STM32G4xx_HAL_Driver/Src/stm32g4xx_hal_tim_ex.c **** 
 7113              		.loc 1 3545 1 is_stmt 0 view .LVU2063
 7114 000e 08BD     		pop	{r3, pc}
 7115              		.cfi_endproc
 7116              	.LFE394:
 7118              		.section	.text.HAL_TIMEx_BreakCallback,"ax",%progbits
 7119              		.align	1
 7120              		.weak	HAL_TIMEx_BreakCallback
 7121              		.syntax unified
 7122              		.thumb
 7123              		.thumb_func
 7125              	HAL_TIMEx_BreakCallback:
 7126              	.LVL514:
 7127              	.LFB385:
3361:Drivers/STM32G4xx_HAL_Driver/Src/stm32g4xx_hal_tim_ex.c ****   /* Prevent unused argument(s) compilation warning */
 7128              		.loc 1 3361 1 is_stmt 1 view -0
 7129              		.cfi_startproc
 7130              		@ args = 0, pretend = 0, frame = 0
 7131              		@ frame_needed = 0, uses_anonymous_args = 0
 7132              		@ link register save eliminated.
3363:Drivers/STM32G4xx_HAL_Driver/Src/stm32g4xx_hal_tim_ex.c **** 
 7133              		.loc 1 3363 3 view .LVU2065
3368:Drivers/STM32G4xx_HAL_Driver/Src/stm32g4xx_hal_tim_ex.c **** 
 7134              		.loc 1 3368 1 is_stmt 0 view .LVU2066
 7135 0000 7047     		bx	lr
 7136              		.cfi_endproc
 7137              	.LFE385:
 7139              		.section	.text.HAL_TIMEx_Break2Callback,"ax",%progbits
 7140              		.align	1
 7141              		.weak	HAL_TIMEx_Break2Callback
 7142              		.syntax unified
 7143              		.thumb
 7144              		.thumb_func
 7146              	HAL_TIMEx_Break2Callback:
 7147              	.LVL515:
 7148              	.LFB386:
3376:Drivers/STM32G4xx_HAL_Driver/Src/stm32g4xx_hal_tim_ex.c ****   /* Prevent unused argument(s) compilation warning */
 7149              		.loc 1 3376 1 is_stmt 1 view -0
 7150              		.cfi_startproc
 7151              		@ args = 0, pretend = 0, frame = 0
 7152              		@ frame_needed = 0, uses_anonymous_args = 0
 7153              		@ link register save eliminated.
3378:Drivers/STM32G4xx_HAL_Driver/Src/stm32g4xx_hal_tim_ex.c **** 
 7154              		.loc 1 3378 3 view .LVU2068
3383:Drivers/STM32G4xx_HAL_Driver/Src/stm32g4xx_hal_tim_ex.c **** 
 7155              		.loc 1 3383 1 is_stmt 0 view .LVU2069
 7156 0000 7047     		bx	lr
 7157              		.cfi_endproc
 7158              	.LFE386:
 7160              		.section	.text.HAL_TIMEx_EncoderIndexCallback,"ax",%progbits
 7161              		.align	1
 7162              		.weak	HAL_TIMEx_EncoderIndexCallback
 7163              		.syntax unified
ARM GAS  /tmp/ccAXGFxz.s 			page 225


 7164              		.thumb
 7165              		.thumb_func
 7167              	HAL_TIMEx_EncoderIndexCallback:
 7168              	.LVL516:
 7169              	.LFB387:
3391:Drivers/STM32G4xx_HAL_Driver/Src/stm32g4xx_hal_tim_ex.c ****   /* Prevent unused argument(s) compilation warning */
 7170              		.loc 1 3391 1 is_stmt 1 view -0
 7171              		.cfi_startproc
 7172              		@ args = 0, pretend = 0, frame = 0
 7173              		@ frame_needed = 0, uses_anonymous_args = 0
 7174              		@ link register save eliminated.
3393:Drivers/STM32G4xx_HAL_Driver/Src/stm32g4xx_hal_tim_ex.c **** 
 7175              		.loc 1 3393 3 view .LVU2071
3398:Drivers/STM32G4xx_HAL_Driver/Src/stm32g4xx_hal_tim_ex.c **** 
 7176              		.loc 1 3398 1 is_stmt 0 view .LVU2072
 7177 0000 7047     		bx	lr
 7178              		.cfi_endproc
 7179              	.LFE387:
 7181              		.section	.text.HAL_TIMEx_DirectionChangeCallback,"ax",%progbits
 7182              		.align	1
 7183              		.weak	HAL_TIMEx_DirectionChangeCallback
 7184              		.syntax unified
 7185              		.thumb
 7186              		.thumb_func
 7188              	HAL_TIMEx_DirectionChangeCallback:
 7189              	.LVL517:
 7190              	.LFB388:
3406:Drivers/STM32G4xx_HAL_Driver/Src/stm32g4xx_hal_tim_ex.c ****   /* Prevent unused argument(s) compilation warning */
 7191              		.loc 1 3406 1 is_stmt 1 view -0
 7192              		.cfi_startproc
 7193              		@ args = 0, pretend = 0, frame = 0
 7194              		@ frame_needed = 0, uses_anonymous_args = 0
 7195              		@ link register save eliminated.
3408:Drivers/STM32G4xx_HAL_Driver/Src/stm32g4xx_hal_tim_ex.c **** 
 7196              		.loc 1 3408 3 view .LVU2074
3413:Drivers/STM32G4xx_HAL_Driver/Src/stm32g4xx_hal_tim_ex.c **** 
 7197              		.loc 1 3413 1 is_stmt 0 view .LVU2075
 7198 0000 7047     		bx	lr
 7199              		.cfi_endproc
 7200              	.LFE388:
 7202              		.section	.text.HAL_TIMEx_IndexErrorCallback,"ax",%progbits
 7203              		.align	1
 7204              		.weak	HAL_TIMEx_IndexErrorCallback
 7205              		.syntax unified
 7206              		.thumb
 7207              		.thumb_func
 7209              	HAL_TIMEx_IndexErrorCallback:
 7210              	.LVL518:
 7211              	.LFB389:
3421:Drivers/STM32G4xx_HAL_Driver/Src/stm32g4xx_hal_tim_ex.c ****   /* Prevent unused argument(s) compilation warning */
 7212              		.loc 1 3421 1 is_stmt 1 view -0
 7213              		.cfi_startproc
 7214              		@ args = 0, pretend = 0, frame = 0
 7215              		@ frame_needed = 0, uses_anonymous_args = 0
 7216              		@ link register save eliminated.
3423:Drivers/STM32G4xx_HAL_Driver/Src/stm32g4xx_hal_tim_ex.c **** 
 7217              		.loc 1 3423 3 view .LVU2077
ARM GAS  /tmp/ccAXGFxz.s 			page 226


3428:Drivers/STM32G4xx_HAL_Driver/Src/stm32g4xx_hal_tim_ex.c **** 
 7218              		.loc 1 3428 1 is_stmt 0 view .LVU2078
 7219 0000 7047     		bx	lr
 7220              		.cfi_endproc
 7221              	.LFE389:
 7223              		.section	.text.HAL_TIMEx_TransitionErrorCallback,"ax",%progbits
 7224              		.align	1
 7225              		.weak	HAL_TIMEx_TransitionErrorCallback
 7226              		.syntax unified
 7227              		.thumb
 7228              		.thumb_func
 7230              	HAL_TIMEx_TransitionErrorCallback:
 7231              	.LVL519:
 7232              	.LFB390:
3436:Drivers/STM32G4xx_HAL_Driver/Src/stm32g4xx_hal_tim_ex.c ****   /* Prevent unused argument(s) compilation warning */
 7233              		.loc 1 3436 1 is_stmt 1 view -0
 7234              		.cfi_startproc
 7235              		@ args = 0, pretend = 0, frame = 0
 7236              		@ frame_needed = 0, uses_anonymous_args = 0
 7237              		@ link register save eliminated.
3438:Drivers/STM32G4xx_HAL_Driver/Src/stm32g4xx_hal_tim_ex.c **** 
 7238              		.loc 1 3438 3 view .LVU2080
3443:Drivers/STM32G4xx_HAL_Driver/Src/stm32g4xx_hal_tim_ex.c **** 
 7239              		.loc 1 3443 1 is_stmt 0 view .LVU2081
 7240 0000 7047     		bx	lr
 7241              		.cfi_endproc
 7242              	.LFE390:
 7244              		.section	.text.HAL_TIMEx_HallSensor_GetState,"ax",%progbits
 7245              		.align	1
 7246              		.global	HAL_TIMEx_HallSensor_GetState
 7247              		.syntax unified
 7248              		.thumb
 7249              		.thumb_func
 7251              	HAL_TIMEx_HallSensor_GetState:
 7252              	.LVL520:
 7253              	.LFB391:
3470:Drivers/STM32G4xx_HAL_Driver/Src/stm32g4xx_hal_tim_ex.c ****   return htim->State;
 7254              		.loc 1 3470 1 is_stmt 1 view -0
 7255              		.cfi_startproc
 7256              		@ args = 0, pretend = 0, frame = 0
 7257              		@ frame_needed = 0, uses_anonymous_args = 0
 7258              		@ link register save eliminated.
3471:Drivers/STM32G4xx_HAL_Driver/Src/stm32g4xx_hal_tim_ex.c **** }
 7259              		.loc 1 3471 3 view .LVU2083
3472:Drivers/STM32G4xx_HAL_Driver/Src/stm32g4xx_hal_tim_ex.c **** 
 7260              		.loc 1 3472 1 is_stmt 0 view .LVU2084
 7261 0000 90F83D00 		ldrb	r0, [r0, #61]	@ zero_extendqisi2
 7262              	.LVL521:
3472:Drivers/STM32G4xx_HAL_Driver/Src/stm32g4xx_hal_tim_ex.c **** 
 7263              		.loc 1 3472 1 view .LVU2085
 7264 0004 7047     		bx	lr
 7265              		.cfi_endproc
 7266              	.LFE391:
 7268              		.section	.text.HAL_TIMEx_GetChannelNState,"ax",%progbits
 7269              		.align	1
 7270              		.global	HAL_TIMEx_GetChannelNState
 7271              		.syntax unified
ARM GAS  /tmp/ccAXGFxz.s 			page 227


 7272              		.thumb
 7273              		.thumb_func
 7275              	HAL_TIMEx_GetChannelNState:
 7276              	.LVL522:
 7277              	.LFB392:
3486:Drivers/STM32G4xx_HAL_Driver/Src/stm32g4xx_hal_tim_ex.c ****   HAL_TIM_ChannelStateTypeDef channel_state;
 7278              		.loc 1 3486 1 is_stmt 1 view -0
 7279              		.cfi_startproc
 7280              		@ args = 0, pretend = 0, frame = 0
 7281              		@ frame_needed = 0, uses_anonymous_args = 0
 7282              		@ link register save eliminated.
3487:Drivers/STM32G4xx_HAL_Driver/Src/stm32g4xx_hal_tim_ex.c **** 
 7283              		.loc 1 3487 3 view .LVU2087
3490:Drivers/STM32G4xx_HAL_Driver/Src/stm32g4xx_hal_tim_ex.c **** 
 7284              		.loc 1 3490 3 view .LVU2088
3492:Drivers/STM32G4xx_HAL_Driver/Src/stm32g4xx_hal_tim_ex.c **** 
 7285              		.loc 1 3492 3 view .LVU2089
3492:Drivers/STM32G4xx_HAL_Driver/Src/stm32g4xx_hal_tim_ex.c **** 
 7286              		.loc 1 3492 19 is_stmt 0 view .LVU2090
 7287 0000 11B9     		cbnz	r1, .L550
3492:Drivers/STM32G4xx_HAL_Driver/Src/stm32g4xx_hal_tim_ex.c **** 
 7288              		.loc 1 3492 17 discriminator 1 view .LVU2091
 7289 0002 90F84400 		ldrb	r0, [r0, #68]	@ zero_extendqisi2
 7290              	.LVL523:
3492:Drivers/STM32G4xx_HAL_Driver/Src/stm32g4xx_hal_tim_ex.c **** 
 7291              		.loc 1 3492 17 discriminator 1 view .LVU2092
 7292 0006 7047     		bx	lr
 7293              	.LVL524:
 7294              	.L550:
3492:Drivers/STM32G4xx_HAL_Driver/Src/stm32g4xx_hal_tim_ex.c **** 
 7295              		.loc 1 3492 19 discriminator 2 view .LVU2093
 7296 0008 0429     		cmp	r1, #4
 7297 000a 04D0     		beq	.L554
3492:Drivers/STM32G4xx_HAL_Driver/Src/stm32g4xx_hal_tim_ex.c **** 
 7298              		.loc 1 3492 19 discriminator 4 view .LVU2094
 7299 000c 0829     		cmp	r1, #8
 7300 000e 05D0     		beq	.L555
3492:Drivers/STM32G4xx_HAL_Driver/Src/stm32g4xx_hal_tim_ex.c **** 
 7301              		.loc 1 3492 17 discriminator 6 view .LVU2095
 7302 0010 90F84700 		ldrb	r0, [r0, #71]	@ zero_extendqisi2
 7303              	.LVL525:
3494:Drivers/STM32G4xx_HAL_Driver/Src/stm32g4xx_hal_tim_ex.c **** }
 7304              		.loc 1 3494 3 is_stmt 1 view .LVU2096
3495:Drivers/STM32G4xx_HAL_Driver/Src/stm32g4xx_hal_tim_ex.c **** /**
 7305              		.loc 1 3495 1 is_stmt 0 view .LVU2097
 7306 0014 7047     		bx	lr
 7307              	.LVL526:
 7308              	.L554:
3492:Drivers/STM32G4xx_HAL_Driver/Src/stm32g4xx_hal_tim_ex.c **** 
 7309              		.loc 1 3492 17 discriminator 3 view .LVU2098
 7310 0016 90F84500 		ldrb	r0, [r0, #69]	@ zero_extendqisi2
 7311              	.LVL527:
3492:Drivers/STM32G4xx_HAL_Driver/Src/stm32g4xx_hal_tim_ex.c **** 
 7312              		.loc 1 3492 17 discriminator 3 view .LVU2099
 7313 001a 7047     		bx	lr
 7314              	.LVL528:
 7315              	.L555:
ARM GAS  /tmp/ccAXGFxz.s 			page 228


3492:Drivers/STM32G4xx_HAL_Driver/Src/stm32g4xx_hal_tim_ex.c **** 
 7316              		.loc 1 3492 17 discriminator 5 view .LVU2100
 7317 001c 90F84600 		ldrb	r0, [r0, #70]	@ zero_extendqisi2
 7318              	.LVL529:
3492:Drivers/STM32G4xx_HAL_Driver/Src/stm32g4xx_hal_tim_ex.c **** 
 7319              		.loc 1 3492 17 discriminator 5 view .LVU2101
 7320 0020 7047     		bx	lr
 7321              		.cfi_endproc
 7322              	.LFE392:
 7324              		.text
 7325              	.Letext0:
 7326              		.file 2 "/usr/arm-none-eabi/include/machine/_default_types.h"
 7327              		.file 3 "/usr/arm-none-eabi/include/sys/_stdint.h"
 7328              		.file 4 "Drivers/CMSIS/Device/ST/STM32G4xx/Include/stm32g474xx.h"
 7329              		.file 5 "Drivers/CMSIS/Device/ST/STM32G4xx/Include/stm32g4xx.h"
 7330              		.file 6 "Drivers/STM32G4xx_HAL_Driver/Inc/stm32g4xx_hal_def.h"
 7331              		.file 7 "Drivers/STM32G4xx_HAL_Driver/Inc/stm32g4xx_hal_dma.h"
 7332              		.file 8 "Drivers/STM32G4xx_HAL_Driver/Inc/stm32g4xx_hal_tim.h"
 7333              		.file 9 "Drivers/STM32G4xx_HAL_Driver/Inc/stm32g4xx_hal_tim_ex.h"
 7334              		.file 10 "Drivers/STM32G4xx_HAL_Driver/Inc/stm32g4xx_hal.h"
ARM GAS  /tmp/ccAXGFxz.s 			page 229


DEFINED SYMBOLS
                            *ABS*:00000000 stm32g4xx_hal_tim_ex.c
     /tmp/ccAXGFxz.s:21     .text.TIM_CCxNChannelCmd:00000000 $t
     /tmp/ccAXGFxz.s:26     .text.TIM_CCxNChannelCmd:00000000 TIM_CCxNChannelCmd
     /tmp/ccAXGFxz.s:64     .text.TIM_DMAErrorCCxN:00000000 $t
     /tmp/ccAXGFxz.s:69     .text.TIM_DMAErrorCCxN:00000000 TIM_DMAErrorCCxN
     /tmp/ccAXGFxz.s:162    .text.TIM_DMADelayPulseNCplt:00000000 $t
     /tmp/ccAXGFxz.s:167    .text.TIM_DMADelayPulseNCplt:00000000 TIM_DMADelayPulseNCplt
     /tmp/ccAXGFxz.s:287    .text.HAL_TIMEx_HallSensor_MspInit:00000000 $t
     /tmp/ccAXGFxz.s:293    .text.HAL_TIMEx_HallSensor_MspInit:00000000 HAL_TIMEx_HallSensor_MspInit
     /tmp/ccAXGFxz.s:308    .text.HAL_TIMEx_HallSensor_Init:00000000 $t
     /tmp/ccAXGFxz.s:314    .text.HAL_TIMEx_HallSensor_Init:00000000 HAL_TIMEx_HallSensor_Init
     /tmp/ccAXGFxz.s:534    .text.HAL_TIMEx_HallSensor_MspDeInit:00000000 $t
     /tmp/ccAXGFxz.s:540    .text.HAL_TIMEx_HallSensor_MspDeInit:00000000 HAL_TIMEx_HallSensor_MspDeInit
     /tmp/ccAXGFxz.s:555    .text.HAL_TIMEx_HallSensor_DeInit:00000000 $t
     /tmp/ccAXGFxz.s:561    .text.HAL_TIMEx_HallSensor_DeInit:00000000 HAL_TIMEx_HallSensor_DeInit
     /tmp/ccAXGFxz.s:631    .text.HAL_TIMEx_HallSensor_Start:00000000 $t
     /tmp/ccAXGFxz.s:637    .text.HAL_TIMEx_HallSensor_Start:00000000 HAL_TIMEx_HallSensor_Start
     /tmp/ccAXGFxz.s:792    .text.HAL_TIMEx_HallSensor_Start:000000b0 $d
     /tmp/ccAXGFxz.s:798    .text.HAL_TIMEx_HallSensor_Stop:00000000 $t
     /tmp/ccAXGFxz.s:804    .text.HAL_TIMEx_HallSensor_Stop:00000000 HAL_TIMEx_HallSensor_Stop
     /tmp/ccAXGFxz.s:863    .text.HAL_TIMEx_HallSensor_Start_IT:00000000 $t
     /tmp/ccAXGFxz.s:869    .text.HAL_TIMEx_HallSensor_Start_IT:00000000 HAL_TIMEx_HallSensor_Start_IT
     /tmp/ccAXGFxz.s:1032   .text.HAL_TIMEx_HallSensor_Start_IT:000000bc $d
     /tmp/ccAXGFxz.s:1038   .text.HAL_TIMEx_HallSensor_Stop_IT:00000000 $t
     /tmp/ccAXGFxz.s:1044   .text.HAL_TIMEx_HallSensor_Stop_IT:00000000 HAL_TIMEx_HallSensor_Stop_IT
     /tmp/ccAXGFxz.s:1108   .text.HAL_TIMEx_HallSensor_Start_DMA:00000000 $t
     /tmp/ccAXGFxz.s:1114   .text.HAL_TIMEx_HallSensor_Start_DMA:00000000 HAL_TIMEx_HallSensor_Start_DMA
     /tmp/ccAXGFxz.s:1297   .text.HAL_TIMEx_HallSensor_Start_DMA:000000d0 $d
     /tmp/ccAXGFxz.s:1306   .text.HAL_TIMEx_HallSensor_Stop_DMA:00000000 $t
     /tmp/ccAXGFxz.s:1312   .text.HAL_TIMEx_HallSensor_Stop_DMA:00000000 HAL_TIMEx_HallSensor_Stop_DMA
     /tmp/ccAXGFxz.s:1377   .text.HAL_TIMEx_OCN_Start:00000000 $t
     /tmp/ccAXGFxz.s:1383   .text.HAL_TIMEx_OCN_Start:00000000 HAL_TIMEx_OCN_Start
     /tmp/ccAXGFxz.s:1568   .text.HAL_TIMEx_OCN_Start:000000ec $d
     /tmp/ccAXGFxz.s:1574   .text.HAL_TIMEx_OCN_Stop:00000000 $t
     /tmp/ccAXGFxz.s:1580   .text.HAL_TIMEx_OCN_Stop:00000000 HAL_TIMEx_OCN_Stop
     /tmp/ccAXGFxz.s:1677   .text.HAL_TIMEx_OCN_Start_IT:00000000 $t
     /tmp/ccAXGFxz.s:1683   .text.HAL_TIMEx_OCN_Start_IT:00000000 HAL_TIMEx_OCN_Start_IT
     /tmp/ccAXGFxz.s:1841   .text.HAL_TIMEx_OCN_Start_IT:000000d8 $d
     /tmp/ccAXGFxz.s:1854   .text.HAL_TIMEx_OCN_Start_IT:0000010c $t
     /tmp/ccAXGFxz.s:1932   .text.HAL_TIMEx_OCN_Start_IT:0000015c $d
     /tmp/ccAXGFxz.s:1938   .text.HAL_TIMEx_OCN_Stop_IT:00000000 $t
     /tmp/ccAXGFxz.s:1944   .text.HAL_TIMEx_OCN_Stop_IT:00000000 HAL_TIMEx_OCN_Stop_IT
     /tmp/ccAXGFxz.s:1970   .text.HAL_TIMEx_OCN_Stop_IT:0000000e $d
     /tmp/ccAXGFxz.s:2130   .text.HAL_TIMEx_OCN_Start_DMA:00000000 $t
     /tmp/ccAXGFxz.s:2136   .text.HAL_TIMEx_OCN_Start_DMA:00000000 HAL_TIMEx_OCN_Start_DMA
     /tmp/ccAXGFxz.s:2389   .text.HAL_TIMEx_OCN_Start_DMA:00000164 $d
     /tmp/ccAXGFxz.s:2402   .text.HAL_TIMEx_OCN_Start_DMA:00000198 $t
     /tmp/ccAXGFxz.s:2577   .text.HAL_TIMEx_OCN_Start_DMA:00000250 $d
     /tmp/ccAXGFxz.s:2586   .text.HAL_TIMEx_OCN_Stop_DMA:00000000 $t
     /tmp/ccAXGFxz.s:2592   .text.HAL_TIMEx_OCN_Stop_DMA:00000000 HAL_TIMEx_OCN_Stop_DMA
     /tmp/ccAXGFxz.s:2617   .text.HAL_TIMEx_OCN_Stop_DMA:0000000e $d
     /tmp/ccAXGFxz.s:2784   .text.HAL_TIMEx_PWMN_Start:00000000 $t
     /tmp/ccAXGFxz.s:2790   .text.HAL_TIMEx_PWMN_Start:00000000 HAL_TIMEx_PWMN_Start
     /tmp/ccAXGFxz.s:2975   .text.HAL_TIMEx_PWMN_Start:000000ec $d
     /tmp/ccAXGFxz.s:2981   .text.HAL_TIMEx_PWMN_Stop:00000000 $t
     /tmp/ccAXGFxz.s:2987   .text.HAL_TIMEx_PWMN_Stop:00000000 HAL_TIMEx_PWMN_Stop
ARM GAS  /tmp/ccAXGFxz.s 			page 230


     /tmp/ccAXGFxz.s:3084   .text.HAL_TIMEx_PWMN_Start_IT:00000000 $t
     /tmp/ccAXGFxz.s:3090   .text.HAL_TIMEx_PWMN_Start_IT:00000000 HAL_TIMEx_PWMN_Start_IT
     /tmp/ccAXGFxz.s:3248   .text.HAL_TIMEx_PWMN_Start_IT:000000d8 $d
     /tmp/ccAXGFxz.s:3261   .text.HAL_TIMEx_PWMN_Start_IT:0000010c $t
     /tmp/ccAXGFxz.s:3339   .text.HAL_TIMEx_PWMN_Start_IT:0000015c $d
     /tmp/ccAXGFxz.s:3345   .text.HAL_TIMEx_PWMN_Stop_IT:00000000 $t
     /tmp/ccAXGFxz.s:3351   .text.HAL_TIMEx_PWMN_Stop_IT:00000000 HAL_TIMEx_PWMN_Stop_IT
     /tmp/ccAXGFxz.s:3377   .text.HAL_TIMEx_PWMN_Stop_IT:0000000e $d
     /tmp/ccAXGFxz.s:3537   .text.HAL_TIMEx_PWMN_Start_DMA:00000000 $t
     /tmp/ccAXGFxz.s:3543   .text.HAL_TIMEx_PWMN_Start_DMA:00000000 HAL_TIMEx_PWMN_Start_DMA
     /tmp/ccAXGFxz.s:3796   .text.HAL_TIMEx_PWMN_Start_DMA:00000164 $d
     /tmp/ccAXGFxz.s:3809   .text.HAL_TIMEx_PWMN_Start_DMA:00000198 $t
     /tmp/ccAXGFxz.s:3984   .text.HAL_TIMEx_PWMN_Start_DMA:00000250 $d
     /tmp/ccAXGFxz.s:3993   .text.HAL_TIMEx_PWMN_Stop_DMA:00000000 $t
     /tmp/ccAXGFxz.s:3999   .text.HAL_TIMEx_PWMN_Stop_DMA:00000000 HAL_TIMEx_PWMN_Stop_DMA
     /tmp/ccAXGFxz.s:4024   .text.HAL_TIMEx_PWMN_Stop_DMA:0000000e $d
     /tmp/ccAXGFxz.s:4191   .text.HAL_TIMEx_OnePulseN_Start:00000000 $t
     /tmp/ccAXGFxz.s:4197   .text.HAL_TIMEx_OnePulseN_Start:00000000 HAL_TIMEx_OnePulseN_Start
     /tmp/ccAXGFxz.s:4322   .text.HAL_TIMEx_OnePulseN_Stop:00000000 $t
     /tmp/ccAXGFxz.s:4328   .text.HAL_TIMEx_OnePulseN_Stop:00000000 HAL_TIMEx_OnePulseN_Stop
     /tmp/ccAXGFxz.s:4426   .text.HAL_TIMEx_OnePulseN_Start_IT:00000000 $t
     /tmp/ccAXGFxz.s:4432   .text.HAL_TIMEx_OnePulseN_Start_IT:00000000 HAL_TIMEx_OnePulseN_Start_IT
     /tmp/ccAXGFxz.s:4567   .text.HAL_TIMEx_OnePulseN_Stop_IT:00000000 $t
     /tmp/ccAXGFxz.s:4573   .text.HAL_TIMEx_OnePulseN_Stop_IT:00000000 HAL_TIMEx_OnePulseN_Stop_IT
     /tmp/ccAXGFxz.s:4681   .text.HAL_TIMEx_ConfigCommutEvent:00000000 $t
     /tmp/ccAXGFxz.s:4687   .text.HAL_TIMEx_ConfigCommutEvent:00000000 HAL_TIMEx_ConfigCommutEvent
     /tmp/ccAXGFxz.s:4825   .text.HAL_TIMEx_ConfigCommutEvent:000000b8 $d
     /tmp/ccAXGFxz.s:4832   .text.HAL_TIMEx_ConfigCommutEvent_IT:00000000 $t
     /tmp/ccAXGFxz.s:4838   .text.HAL_TIMEx_ConfigCommutEvent_IT:00000000 HAL_TIMEx_ConfigCommutEvent_IT
     /tmp/ccAXGFxz.s:4976   .text.HAL_TIMEx_ConfigCommutEvent_IT:000000b8 $d
     /tmp/ccAXGFxz.s:4983   .text.HAL_TIMEx_ConfigCommutEvent_DMA:00000000 $t
     /tmp/ccAXGFxz.s:4989   .text.HAL_TIMEx_ConfigCommutEvent_DMA:00000000 HAL_TIMEx_ConfigCommutEvent_DMA
     /tmp/ccAXGFxz.s:5145   .text.HAL_TIMEx_ConfigCommutEvent_DMA:000000cc $d
     /tmp/ccAXGFxz.s:7032   .text.TIMEx_DMACommutationCplt:00000000 TIMEx_DMACommutationCplt
     /tmp/ccAXGFxz.s:7089   .text.TIMEx_DMACommutationHalfCplt:00000000 TIMEx_DMACommutationHalfCplt
     /tmp/ccAXGFxz.s:5155   .text.HAL_TIMEx_MasterConfigSynchronization:00000000 $t
     /tmp/ccAXGFxz.s:5161   .text.HAL_TIMEx_MasterConfigSynchronization:00000000 HAL_TIMEx_MasterConfigSynchronization
     /tmp/ccAXGFxz.s:5324   .text.HAL_TIMEx_MasterConfigSynchronization:000000ac $d
     /tmp/ccAXGFxz.s:5329   .text.HAL_TIMEx_ConfigBreakDeadTime:00000000 $t
     /tmp/ccAXGFxz.s:5335   .text.HAL_TIMEx_ConfigBreakDeadTime:00000000 HAL_TIMEx_ConfigBreakDeadTime
     /tmp/ccAXGFxz.s:5534   .text.HAL_TIMEx_ConfigBreakDeadTime:000000ac $d
     /tmp/ccAXGFxz.s:5539   .text.HAL_TIMEx_ConfigBreakInput:00000000 $t
     /tmp/ccAXGFxz.s:5545   .text.HAL_TIMEx_ConfigBreakInput:00000000 HAL_TIMEx_ConfigBreakInput
     /tmp/ccAXGFxz.s:5597   .text.HAL_TIMEx_ConfigBreakInput:0000002a $d
     /tmp/ccAXGFxz.s:5629   .text.HAL_TIMEx_ConfigBreakInput:0000004a $t
     /tmp/ccAXGFxz.s:5873   .text.HAL_TIMEx_RemapConfig:00000000 $t
     /tmp/ccAXGFxz.s:5879   .text.HAL_TIMEx_RemapConfig:00000000 HAL_TIMEx_RemapConfig
     /tmp/ccAXGFxz.s:5928   .text.HAL_TIMEx_TISelection:00000000 $t
     /tmp/ccAXGFxz.s:5934   .text.HAL_TIMEx_TISelection:00000000 HAL_TIMEx_TISelection
     /tmp/ccAXGFxz.s:5964   .text.HAL_TIMEx_TISelection:00000018 $d
     /tmp/ccAXGFxz.s:6074   .text.HAL_TIMEx_TISelection:00000090 $d
     /tmp/ccAXGFxz.s:6079   .text.HAL_TIMEx_GroupChannel5:00000000 $t
     /tmp/ccAXGFxz.s:6085   .text.HAL_TIMEx_GroupChannel5:00000000 HAL_TIMEx_GroupChannel5
     /tmp/ccAXGFxz.s:6149   .text.HAL_TIMEx_DisarmBreakInput:00000000 $t
     /tmp/ccAXGFxz.s:6155   .text.HAL_TIMEx_DisarmBreakInput:00000000 HAL_TIMEx_DisarmBreakInput
     /tmp/ccAXGFxz.s:6234   .text.HAL_TIMEx_ReArmBreakInput:00000000 $t
     /tmp/ccAXGFxz.s:6240   .text.HAL_TIMEx_ReArmBreakInput:00000000 HAL_TIMEx_ReArmBreakInput
ARM GAS  /tmp/ccAXGFxz.s 			page 231


     /tmp/ccAXGFxz.s:6371   .text.HAL_TIMEx_DitheringEnable:00000000 $t
     /tmp/ccAXGFxz.s:6377   .text.HAL_TIMEx_DitheringEnable:00000000 HAL_TIMEx_DitheringEnable
     /tmp/ccAXGFxz.s:6401   .text.HAL_TIMEx_DitheringDisable:00000000 $t
     /tmp/ccAXGFxz.s:6407   .text.HAL_TIMEx_DitheringDisable:00000000 HAL_TIMEx_DitheringDisable
     /tmp/ccAXGFxz.s:6431   .text.HAL_TIMEx_OC_ConfigPulseOnCompare:00000000 $t
     /tmp/ccAXGFxz.s:6437   .text.HAL_TIMEx_OC_ConfigPulseOnCompare:00000000 HAL_TIMEx_OC_ConfigPulseOnCompare
     /tmp/ccAXGFxz.s:6515   .text.HAL_TIMEx_ConfigSlaveModePreload:00000000 $t
     /tmp/ccAXGFxz.s:6521   .text.HAL_TIMEx_ConfigSlaveModePreload:00000000 HAL_TIMEx_ConfigSlaveModePreload
     /tmp/ccAXGFxz.s:6547   .text.HAL_TIMEx_EnableSlaveModePreload:00000000 $t
     /tmp/ccAXGFxz.s:6553   .text.HAL_TIMEx_EnableSlaveModePreload:00000000 HAL_TIMEx_EnableSlaveModePreload
     /tmp/ccAXGFxz.s:6577   .text.HAL_TIMEx_DisableSlaveModePreload:00000000 $t
     /tmp/ccAXGFxz.s:6583   .text.HAL_TIMEx_DisableSlaveModePreload:00000000 HAL_TIMEx_DisableSlaveModePreload
     /tmp/ccAXGFxz.s:6607   .text.HAL_TIMEx_EnableDeadTimePreload:00000000 $t
     /tmp/ccAXGFxz.s:6613   .text.HAL_TIMEx_EnableDeadTimePreload:00000000 HAL_TIMEx_EnableDeadTimePreload
     /tmp/ccAXGFxz.s:6637   .text.HAL_TIMEx_DisableDeadTimePreload:00000000 $t
     /tmp/ccAXGFxz.s:6643   .text.HAL_TIMEx_DisableDeadTimePreload:00000000 HAL_TIMEx_DisableDeadTimePreload
     /tmp/ccAXGFxz.s:6667   .text.HAL_TIMEx_ConfigDeadTime:00000000 $t
     /tmp/ccAXGFxz.s:6673   .text.HAL_TIMEx_ConfigDeadTime:00000000 HAL_TIMEx_ConfigDeadTime
     /tmp/ccAXGFxz.s:6699   .text.HAL_TIMEx_ConfigAsymmetricalDeadTime:00000000 $t
     /tmp/ccAXGFxz.s:6705   .text.HAL_TIMEx_ConfigAsymmetricalDeadTime:00000000 HAL_TIMEx_ConfigAsymmetricalDeadTime
     /tmp/ccAXGFxz.s:6731   .text.HAL_TIMEx_EnableAsymmetricalDeadTime:00000000 $t
     /tmp/ccAXGFxz.s:6737   .text.HAL_TIMEx_EnableAsymmetricalDeadTime:00000000 HAL_TIMEx_EnableAsymmetricalDeadTime
     /tmp/ccAXGFxz.s:6761   .text.HAL_TIMEx_DisableAsymmetricalDeadTime:00000000 $t
     /tmp/ccAXGFxz.s:6767   .text.HAL_TIMEx_DisableAsymmetricalDeadTime:00000000 HAL_TIMEx_DisableAsymmetricalDeadTime
     /tmp/ccAXGFxz.s:6791   .text.HAL_TIMEx_ConfigEncoderIndex:00000000 $t
     /tmp/ccAXGFxz.s:6797   .text.HAL_TIMEx_ConfigEncoderIndex:00000000 HAL_TIMEx_ConfigEncoderIndex
     /tmp/ccAXGFxz.s:6885   .text.HAL_TIMEx_EnableEncoderIndex:00000000 $t
     /tmp/ccAXGFxz.s:6891   .text.HAL_TIMEx_EnableEncoderIndex:00000000 HAL_TIMEx_EnableEncoderIndex
     /tmp/ccAXGFxz.s:6915   .text.HAL_TIMEx_DisableEncoderIndex:00000000 $t
     /tmp/ccAXGFxz.s:6921   .text.HAL_TIMEx_DisableEncoderIndex:00000000 HAL_TIMEx_DisableEncoderIndex
     /tmp/ccAXGFxz.s:6945   .text.HAL_TIMEx_EnableEncoderFirstIndex:00000000 $t
     /tmp/ccAXGFxz.s:6951   .text.HAL_TIMEx_EnableEncoderFirstIndex:00000000 HAL_TIMEx_EnableEncoderFirstIndex
     /tmp/ccAXGFxz.s:6975   .text.HAL_TIMEx_DisableEncoderFirstIndex:00000000 $t
     /tmp/ccAXGFxz.s:6981   .text.HAL_TIMEx_DisableEncoderFirstIndex:00000000 HAL_TIMEx_DisableEncoderFirstIndex
     /tmp/ccAXGFxz.s:7005   .text.HAL_TIMEx_CommutCallback:00000000 $t
     /tmp/ccAXGFxz.s:7011   .text.HAL_TIMEx_CommutCallback:00000000 HAL_TIMEx_CommutCallback
     /tmp/ccAXGFxz.s:7026   .text.TIMEx_DMACommutationCplt:00000000 $t
     /tmp/ccAXGFxz.s:7062   .text.HAL_TIMEx_CommutHalfCpltCallback:00000000 $t
     /tmp/ccAXGFxz.s:7068   .text.HAL_TIMEx_CommutHalfCpltCallback:00000000 HAL_TIMEx_CommutHalfCpltCallback
     /tmp/ccAXGFxz.s:7083   .text.TIMEx_DMACommutationHalfCplt:00000000 $t
     /tmp/ccAXGFxz.s:7119   .text.HAL_TIMEx_BreakCallback:00000000 $t
     /tmp/ccAXGFxz.s:7125   .text.HAL_TIMEx_BreakCallback:00000000 HAL_TIMEx_BreakCallback
     /tmp/ccAXGFxz.s:7140   .text.HAL_TIMEx_Break2Callback:00000000 $t
     /tmp/ccAXGFxz.s:7146   .text.HAL_TIMEx_Break2Callback:00000000 HAL_TIMEx_Break2Callback
     /tmp/ccAXGFxz.s:7161   .text.HAL_TIMEx_EncoderIndexCallback:00000000 $t
     /tmp/ccAXGFxz.s:7167   .text.HAL_TIMEx_EncoderIndexCallback:00000000 HAL_TIMEx_EncoderIndexCallback
     /tmp/ccAXGFxz.s:7182   .text.HAL_TIMEx_DirectionChangeCallback:00000000 $t
     /tmp/ccAXGFxz.s:7188   .text.HAL_TIMEx_DirectionChangeCallback:00000000 HAL_TIMEx_DirectionChangeCallback
     /tmp/ccAXGFxz.s:7203   .text.HAL_TIMEx_IndexErrorCallback:00000000 $t
     /tmp/ccAXGFxz.s:7209   .text.HAL_TIMEx_IndexErrorCallback:00000000 HAL_TIMEx_IndexErrorCallback
     /tmp/ccAXGFxz.s:7224   .text.HAL_TIMEx_TransitionErrorCallback:00000000 $t
     /tmp/ccAXGFxz.s:7230   .text.HAL_TIMEx_TransitionErrorCallback:00000000 HAL_TIMEx_TransitionErrorCallback
     /tmp/ccAXGFxz.s:7245   .text.HAL_TIMEx_HallSensor_GetState:00000000 $t
     /tmp/ccAXGFxz.s:7251   .text.HAL_TIMEx_HallSensor_GetState:00000000 HAL_TIMEx_HallSensor_GetState
     /tmp/ccAXGFxz.s:7269   .text.HAL_TIMEx_GetChannelNState:00000000 $t
     /tmp/ccAXGFxz.s:7275   .text.HAL_TIMEx_GetChannelNState:00000000 HAL_TIMEx_GetChannelNState
     /tmp/ccAXGFxz.s:1983   .text.HAL_TIMEx_OCN_Stop_IT:0000001b $d
ARM GAS  /tmp/ccAXGFxz.s 			page 232


     /tmp/ccAXGFxz.s:1983   .text.HAL_TIMEx_OCN_Stop_IT:0000001c $t
     /tmp/ccAXGFxz.s:2630   .text.HAL_TIMEx_OCN_Stop_DMA:0000001b $d
     /tmp/ccAXGFxz.s:2630   .text.HAL_TIMEx_OCN_Stop_DMA:0000001c $t
     /tmp/ccAXGFxz.s:3390   .text.HAL_TIMEx_PWMN_Stop_IT:0000001b $d
     /tmp/ccAXGFxz.s:3390   .text.HAL_TIMEx_PWMN_Stop_IT:0000001c $t
     /tmp/ccAXGFxz.s:4037   .text.HAL_TIMEx_PWMN_Stop_DMA:0000001b $d
     /tmp/ccAXGFxz.s:4037   .text.HAL_TIMEx_PWMN_Stop_DMA:0000001c $t
     /tmp/ccAXGFxz.s:5977   .text.HAL_TIMEx_TISelection:00000025 $d
     /tmp/ccAXGFxz.s:5977   .text.HAL_TIMEx_TISelection:00000026 $t

UNDEFINED SYMBOLS
HAL_TIM_ErrorCallback
HAL_TIM_PWM_PulseFinishedCallback
TIM_Base_SetConfig
TIM_TI1_SetConfig
TIM_OC2_SetConfig
TIM_CCxChannelCmd
HAL_DMA_Start_IT
TIM_DMACaptureCplt
TIM_DMACaptureHalfCplt
TIM_DMAError
HAL_DMA_Abort_IT
TIM_DMADelayPulseHalfCplt
HAL_GetTick
TIM_ETR_SetConfig
