ARM GAS  /tmp/ccnRFgyO.s 			page 1


   1              		.cpu cortex-m4
   2              		.arch armv7e-m
   3              		.fpu fpv4-sp-d16
   4              		.eabi_attribute 27, 1
   5              		.eabi_attribute 28, 1
   6              		.eabi_attribute 20, 1
   7              		.eabi_attribute 21, 1
   8              		.eabi_attribute 23, 3
   9              		.eabi_attribute 24, 1
  10              		.eabi_attribute 25, 1
  11              		.eabi_attribute 26, 1
  12              		.eabi_attribute 30, 2
  13              		.eabi_attribute 34, 1
  14              		.eabi_attribute 18, 4
  15              		.file	"stm32g4xx_hal_pwr_ex.c"
  16              		.text
  17              	.Ltext0:
  18              		.cfi_sections	.debug_frame
  19              		.file 1 "Drivers/STM32G4xx_HAL_Driver/Src/stm32g4xx_hal_pwr_ex.c"
  20              		.section	.text.HAL_PWREx_GetVoltageRange,"ax",%progbits
  21              		.align	1
  22              		.p2align 2,,3
  23              		.global	HAL_PWREx_GetVoltageRange
  24              		.syntax unified
  25              		.thumb
  26              		.thumb_func
  28              	HAL_PWREx_GetVoltageRange:
  29              	.LFB329:
   1:Drivers/STM32G4xx_HAL_Driver/Src/stm32g4xx_hal_pwr_ex.c **** /**
   2:Drivers/STM32G4xx_HAL_Driver/Src/stm32g4xx_hal_pwr_ex.c ****   ******************************************************************************
   3:Drivers/STM32G4xx_HAL_Driver/Src/stm32g4xx_hal_pwr_ex.c ****   * @file    stm32g4xx_hal_pwr_ex.c
   4:Drivers/STM32G4xx_HAL_Driver/Src/stm32g4xx_hal_pwr_ex.c ****   * @author  MCD Application Team
   5:Drivers/STM32G4xx_HAL_Driver/Src/stm32g4xx_hal_pwr_ex.c ****   * @brief   Extended PWR HAL module driver.
   6:Drivers/STM32G4xx_HAL_Driver/Src/stm32g4xx_hal_pwr_ex.c ****   *          This file provides firmware functions to manage the following
   7:Drivers/STM32G4xx_HAL_Driver/Src/stm32g4xx_hal_pwr_ex.c ****   *          functionalities of the Power Controller (PWR) peripheral:
   8:Drivers/STM32G4xx_HAL_Driver/Src/stm32g4xx_hal_pwr_ex.c ****   *           + Extended Initialization and de-initialization functions
   9:Drivers/STM32G4xx_HAL_Driver/Src/stm32g4xx_hal_pwr_ex.c ****   *           + Extended Peripheral Control functions
  10:Drivers/STM32G4xx_HAL_Driver/Src/stm32g4xx_hal_pwr_ex.c ****   *
  11:Drivers/STM32G4xx_HAL_Driver/Src/stm32g4xx_hal_pwr_ex.c ****   ******************************************************************************
  12:Drivers/STM32G4xx_HAL_Driver/Src/stm32g4xx_hal_pwr_ex.c ****   * @attention
  13:Drivers/STM32G4xx_HAL_Driver/Src/stm32g4xx_hal_pwr_ex.c ****   *
  14:Drivers/STM32G4xx_HAL_Driver/Src/stm32g4xx_hal_pwr_ex.c ****   * Copyright (c) 2019 STMicroelectronics.
  15:Drivers/STM32G4xx_HAL_Driver/Src/stm32g4xx_hal_pwr_ex.c ****   * All rights reserved.
  16:Drivers/STM32G4xx_HAL_Driver/Src/stm32g4xx_hal_pwr_ex.c ****   *
  17:Drivers/STM32G4xx_HAL_Driver/Src/stm32g4xx_hal_pwr_ex.c ****   * This software is licensed under terms that can be found in the LICENSE file
  18:Drivers/STM32G4xx_HAL_Driver/Src/stm32g4xx_hal_pwr_ex.c ****   * in the root directory of this software component.
  19:Drivers/STM32G4xx_HAL_Driver/Src/stm32g4xx_hal_pwr_ex.c ****   * If no LICENSE file comes with this software, it is provided AS-IS.
  20:Drivers/STM32G4xx_HAL_Driver/Src/stm32g4xx_hal_pwr_ex.c ****   *
  21:Drivers/STM32G4xx_HAL_Driver/Src/stm32g4xx_hal_pwr_ex.c ****   ******************************************************************************
  22:Drivers/STM32G4xx_HAL_Driver/Src/stm32g4xx_hal_pwr_ex.c ****   */
  23:Drivers/STM32G4xx_HAL_Driver/Src/stm32g4xx_hal_pwr_ex.c **** 
  24:Drivers/STM32G4xx_HAL_Driver/Src/stm32g4xx_hal_pwr_ex.c **** /* Includes ------------------------------------------------------------------*/
  25:Drivers/STM32G4xx_HAL_Driver/Src/stm32g4xx_hal_pwr_ex.c **** #include "stm32g4xx_hal.h"
  26:Drivers/STM32G4xx_HAL_Driver/Src/stm32g4xx_hal_pwr_ex.c **** 
  27:Drivers/STM32G4xx_HAL_Driver/Src/stm32g4xx_hal_pwr_ex.c **** /** @addtogroup STM32G4xx_HAL_Driver
  28:Drivers/STM32G4xx_HAL_Driver/Src/stm32g4xx_hal_pwr_ex.c ****   * @{
  29:Drivers/STM32G4xx_HAL_Driver/Src/stm32g4xx_hal_pwr_ex.c ****   */
ARM GAS  /tmp/ccnRFgyO.s 			page 2


  30:Drivers/STM32G4xx_HAL_Driver/Src/stm32g4xx_hal_pwr_ex.c **** 
  31:Drivers/STM32G4xx_HAL_Driver/Src/stm32g4xx_hal_pwr_ex.c **** /** @defgroup PWREx PWREx
  32:Drivers/STM32G4xx_HAL_Driver/Src/stm32g4xx_hal_pwr_ex.c ****   * @brief PWR Extended HAL module driver
  33:Drivers/STM32G4xx_HAL_Driver/Src/stm32g4xx_hal_pwr_ex.c ****   * @{
  34:Drivers/STM32G4xx_HAL_Driver/Src/stm32g4xx_hal_pwr_ex.c ****   */
  35:Drivers/STM32G4xx_HAL_Driver/Src/stm32g4xx_hal_pwr_ex.c **** 
  36:Drivers/STM32G4xx_HAL_Driver/Src/stm32g4xx_hal_pwr_ex.c **** #ifdef HAL_PWR_MODULE_ENABLED
  37:Drivers/STM32G4xx_HAL_Driver/Src/stm32g4xx_hal_pwr_ex.c **** 
  38:Drivers/STM32G4xx_HAL_Driver/Src/stm32g4xx_hal_pwr_ex.c **** /* Private typedef -----------------------------------------------------------*/
  39:Drivers/STM32G4xx_HAL_Driver/Src/stm32g4xx_hal_pwr_ex.c **** /* Private define ------------------------------------------------------------*/
  40:Drivers/STM32G4xx_HAL_Driver/Src/stm32g4xx_hal_pwr_ex.c **** 
  41:Drivers/STM32G4xx_HAL_Driver/Src/stm32g4xx_hal_pwr_ex.c **** 
  42:Drivers/STM32G4xx_HAL_Driver/Src/stm32g4xx_hal_pwr_ex.c **** #if defined (STM32G471xx) || defined (STM32G473xx) || defined (STM32G414xx) || defined (STM32G474xx
  43:Drivers/STM32G4xx_HAL_Driver/Src/stm32g4xx_hal_pwr_ex.c **** #define PWR_PORTF_AVAILABLE_PINS   0x0000FFFFU /* PF0..PF15 */
  44:Drivers/STM32G4xx_HAL_Driver/Src/stm32g4xx_hal_pwr_ex.c **** #define PWR_PORTG_AVAILABLE_PINS   0x000007FFU /* PG0..PG10 */
  45:Drivers/STM32G4xx_HAL_Driver/Src/stm32g4xx_hal_pwr_ex.c **** #elif defined (STM32G411xB) || defined (STM32G411xC) || defined (STM32G431xx) || defined (STM32G441
  46:Drivers/STM32G4xx_HAL_Driver/Src/stm32g4xx_hal_pwr_ex.c **** #define PWR_PORTF_AVAILABLE_PINS   0x00000607U /* PF0..PF2 and PF9 and PF10 */
  47:Drivers/STM32G4xx_HAL_Driver/Src/stm32g4xx_hal_pwr_ex.c **** #define PWR_PORTG_AVAILABLE_PINS   0x00000400U /* PG10 */
  48:Drivers/STM32G4xx_HAL_Driver/Src/stm32g4xx_hal_pwr_ex.c **** #endif /* STM32G471xx || STM32G473xx || STM32G414xx || STM32G474xx || STM32G483xx || STM32G484xx */
  49:Drivers/STM32G4xx_HAL_Driver/Src/stm32g4xx_hal_pwr_ex.c **** 
  50:Drivers/STM32G4xx_HAL_Driver/Src/stm32g4xx_hal_pwr_ex.c **** /** @defgroup PWR_Extended_Private_Defines PWR Extended Private Defines
  51:Drivers/STM32G4xx_HAL_Driver/Src/stm32g4xx_hal_pwr_ex.c ****   * @{
  52:Drivers/STM32G4xx_HAL_Driver/Src/stm32g4xx_hal_pwr_ex.c ****   */
  53:Drivers/STM32G4xx_HAL_Driver/Src/stm32g4xx_hal_pwr_ex.c **** 
  54:Drivers/STM32G4xx_HAL_Driver/Src/stm32g4xx_hal_pwr_ex.c **** /** @defgroup PWREx_PVM_Mode_Mask PWR PVM Mode Mask
  55:Drivers/STM32G4xx_HAL_Driver/Src/stm32g4xx_hal_pwr_ex.c ****   * @{
  56:Drivers/STM32G4xx_HAL_Driver/Src/stm32g4xx_hal_pwr_ex.c ****   */
  57:Drivers/STM32G4xx_HAL_Driver/Src/stm32g4xx_hal_pwr_ex.c **** #define PVM_MODE_IT               0x00010000U    /*!< Mask for interruption yielded by PVM threshol
  58:Drivers/STM32G4xx_HAL_Driver/Src/stm32g4xx_hal_pwr_ex.c **** #define PVM_MODE_EVT              0x00020000U    /*!< Mask for event yielded by PVM threshold cross
  59:Drivers/STM32G4xx_HAL_Driver/Src/stm32g4xx_hal_pwr_ex.c **** #define PVM_RISING_EDGE           0x00000001U    /*!< Mask for rising edge set as PVM trigger      
  60:Drivers/STM32G4xx_HAL_Driver/Src/stm32g4xx_hal_pwr_ex.c **** #define PVM_FALLING_EDGE          0x00000002U    /*!< Mask for falling edge set as PVM trigger     
  61:Drivers/STM32G4xx_HAL_Driver/Src/stm32g4xx_hal_pwr_ex.c **** /**
  62:Drivers/STM32G4xx_HAL_Driver/Src/stm32g4xx_hal_pwr_ex.c ****   * @}
  63:Drivers/STM32G4xx_HAL_Driver/Src/stm32g4xx_hal_pwr_ex.c ****   */
  64:Drivers/STM32G4xx_HAL_Driver/Src/stm32g4xx_hal_pwr_ex.c **** 
  65:Drivers/STM32G4xx_HAL_Driver/Src/stm32g4xx_hal_pwr_ex.c **** /** @defgroup PWREx_TimeOut_Value PWR Extended Flag Setting Time Out Value
  66:Drivers/STM32G4xx_HAL_Driver/Src/stm32g4xx_hal_pwr_ex.c ****   * @{
  67:Drivers/STM32G4xx_HAL_Driver/Src/stm32g4xx_hal_pwr_ex.c ****   */
  68:Drivers/STM32G4xx_HAL_Driver/Src/stm32g4xx_hal_pwr_ex.c **** #define PWR_FLAG_SETTING_DELAY_US                      50UL   /*!< Time out value for REGLPF and VO
  69:Drivers/STM32G4xx_HAL_Driver/Src/stm32g4xx_hal_pwr_ex.c **** /**
  70:Drivers/STM32G4xx_HAL_Driver/Src/stm32g4xx_hal_pwr_ex.c ****   * @}
  71:Drivers/STM32G4xx_HAL_Driver/Src/stm32g4xx_hal_pwr_ex.c ****   */
  72:Drivers/STM32G4xx_HAL_Driver/Src/stm32g4xx_hal_pwr_ex.c **** 
  73:Drivers/STM32G4xx_HAL_Driver/Src/stm32g4xx_hal_pwr_ex.c **** 
  74:Drivers/STM32G4xx_HAL_Driver/Src/stm32g4xx_hal_pwr_ex.c **** 
  75:Drivers/STM32G4xx_HAL_Driver/Src/stm32g4xx_hal_pwr_ex.c **** /**
  76:Drivers/STM32G4xx_HAL_Driver/Src/stm32g4xx_hal_pwr_ex.c ****   * @}
  77:Drivers/STM32G4xx_HAL_Driver/Src/stm32g4xx_hal_pwr_ex.c ****   */
  78:Drivers/STM32G4xx_HAL_Driver/Src/stm32g4xx_hal_pwr_ex.c **** 
  79:Drivers/STM32G4xx_HAL_Driver/Src/stm32g4xx_hal_pwr_ex.c **** 
  80:Drivers/STM32G4xx_HAL_Driver/Src/stm32g4xx_hal_pwr_ex.c **** 
  81:Drivers/STM32G4xx_HAL_Driver/Src/stm32g4xx_hal_pwr_ex.c **** /* Private macro -------------------------------------------------------------*/
  82:Drivers/STM32G4xx_HAL_Driver/Src/stm32g4xx_hal_pwr_ex.c **** /* Private variables ---------------------------------------------------------*/
  83:Drivers/STM32G4xx_HAL_Driver/Src/stm32g4xx_hal_pwr_ex.c **** /* Private function prototypes -----------------------------------------------*/
  84:Drivers/STM32G4xx_HAL_Driver/Src/stm32g4xx_hal_pwr_ex.c **** /* Exported functions --------------------------------------------------------*/
  85:Drivers/STM32G4xx_HAL_Driver/Src/stm32g4xx_hal_pwr_ex.c **** 
  86:Drivers/STM32G4xx_HAL_Driver/Src/stm32g4xx_hal_pwr_ex.c **** /** @defgroup PWREx_Exported_Functions PWR Extended Exported Functions
ARM GAS  /tmp/ccnRFgyO.s 			page 3


  87:Drivers/STM32G4xx_HAL_Driver/Src/stm32g4xx_hal_pwr_ex.c ****   * @{
  88:Drivers/STM32G4xx_HAL_Driver/Src/stm32g4xx_hal_pwr_ex.c ****   */
  89:Drivers/STM32G4xx_HAL_Driver/Src/stm32g4xx_hal_pwr_ex.c **** 
  90:Drivers/STM32G4xx_HAL_Driver/Src/stm32g4xx_hal_pwr_ex.c **** /** @defgroup PWREx_Exported_Functions_Group1 Extended Peripheral Control functions
  91:Drivers/STM32G4xx_HAL_Driver/Src/stm32g4xx_hal_pwr_ex.c ****   *  @brief   Extended Peripheral Control functions
  92:Drivers/STM32G4xx_HAL_Driver/Src/stm32g4xx_hal_pwr_ex.c ****   *
  93:Drivers/STM32G4xx_HAL_Driver/Src/stm32g4xx_hal_pwr_ex.c **** @verbatim
  94:Drivers/STM32G4xx_HAL_Driver/Src/stm32g4xx_hal_pwr_ex.c ****  ===============================================================================
  95:Drivers/STM32G4xx_HAL_Driver/Src/stm32g4xx_hal_pwr_ex.c ****               ##### Extended Peripheral Initialization and de-initialization functions #####
  96:Drivers/STM32G4xx_HAL_Driver/Src/stm32g4xx_hal_pwr_ex.c ****  ===============================================================================
  97:Drivers/STM32G4xx_HAL_Driver/Src/stm32g4xx_hal_pwr_ex.c ****     [..]
  98:Drivers/STM32G4xx_HAL_Driver/Src/stm32g4xx_hal_pwr_ex.c **** 
  99:Drivers/STM32G4xx_HAL_Driver/Src/stm32g4xx_hal_pwr_ex.c **** @endverbatim
 100:Drivers/STM32G4xx_HAL_Driver/Src/stm32g4xx_hal_pwr_ex.c ****   * @{
 101:Drivers/STM32G4xx_HAL_Driver/Src/stm32g4xx_hal_pwr_ex.c ****   */
 102:Drivers/STM32G4xx_HAL_Driver/Src/stm32g4xx_hal_pwr_ex.c **** 
 103:Drivers/STM32G4xx_HAL_Driver/Src/stm32g4xx_hal_pwr_ex.c **** 
 104:Drivers/STM32G4xx_HAL_Driver/Src/stm32g4xx_hal_pwr_ex.c **** /**
 105:Drivers/STM32G4xx_HAL_Driver/Src/stm32g4xx_hal_pwr_ex.c ****   * @brief Return Voltage Scaling Range.
 106:Drivers/STM32G4xx_HAL_Driver/Src/stm32g4xx_hal_pwr_ex.c ****   * @retval VOS bit field (PWR_REGULATOR_VOLTAGE_SCALE1 or PWR_REGULATOR_VOLTAGE_SCALE2
 107:Drivers/STM32G4xx_HAL_Driver/Src/stm32g4xx_hal_pwr_ex.c ****   *         or PWR_REGULATOR_VOLTAGE_SCALE1_BOOST when applicable)
 108:Drivers/STM32G4xx_HAL_Driver/Src/stm32g4xx_hal_pwr_ex.c ****   */
 109:Drivers/STM32G4xx_HAL_Driver/Src/stm32g4xx_hal_pwr_ex.c **** uint32_t HAL_PWREx_GetVoltageRange(void)
 110:Drivers/STM32G4xx_HAL_Driver/Src/stm32g4xx_hal_pwr_ex.c **** {
  30              		.loc 1 110 1 view -0
  31              		.cfi_startproc
  32              		@ args = 0, pretend = 0, frame = 0
  33              		@ frame_needed = 0, uses_anonymous_args = 0
  34              		@ link register save eliminated.
 111:Drivers/STM32G4xx_HAL_Driver/Src/stm32g4xx_hal_pwr_ex.c ****   if (READ_BIT(PWR->CR1, PWR_CR1_VOS) == PWR_REGULATOR_VOLTAGE_SCALE2)
  35              		.loc 1 111 3 view .LVU1
  36              		.loc 1 111 7 is_stmt 0 view .LVU2
  37 0000 064B     		ldr	r3, .L7
  38 0002 1868     		ldr	r0, [r3]
  39 0004 00F4C060 		and	r0, r0, #1536
  40              		.loc 1 111 6 view .LVU3
  41 0008 B0F5806F 		cmp	r0, #1024
  42 000c 04D0     		beq	.L1
 112:Drivers/STM32G4xx_HAL_Driver/Src/stm32g4xx_hal_pwr_ex.c ****   {
 113:Drivers/STM32G4xx_HAL_Driver/Src/stm32g4xx_hal_pwr_ex.c ****     return PWR_REGULATOR_VOLTAGE_SCALE2;
 114:Drivers/STM32G4xx_HAL_Driver/Src/stm32g4xx_hal_pwr_ex.c ****   }
 115:Drivers/STM32G4xx_HAL_Driver/Src/stm32g4xx_hal_pwr_ex.c ****   else if (READ_BIT(PWR->CR5, PWR_CR5_R1MODE) == PWR_CR5_R1MODE)
  43              		.loc 1 115 8 is_stmt 1 view .LVU4
  44              		.loc 1 115 12 is_stmt 0 view .LVU5
  45 000e D3F88000 		ldr	r0, [r3, #128]
  46              		.loc 1 115 11 view .LVU6
  47 0012 C0F30020 		ubfx	r0, r0, #8, #1
  48 0016 4002     		lsls	r0, r0, #9
  49              	.L1:
 116:Drivers/STM32G4xx_HAL_Driver/Src/stm32g4xx_hal_pwr_ex.c ****   {
 117:Drivers/STM32G4xx_HAL_Driver/Src/stm32g4xx_hal_pwr_ex.c ****     /* PWR_CR5_R1MODE bit set means that Range 1 Boost is disabled */
 118:Drivers/STM32G4xx_HAL_Driver/Src/stm32g4xx_hal_pwr_ex.c ****     return PWR_REGULATOR_VOLTAGE_SCALE1;
 119:Drivers/STM32G4xx_HAL_Driver/Src/stm32g4xx_hal_pwr_ex.c ****   }
 120:Drivers/STM32G4xx_HAL_Driver/Src/stm32g4xx_hal_pwr_ex.c ****   else
 121:Drivers/STM32G4xx_HAL_Driver/Src/stm32g4xx_hal_pwr_ex.c ****   {
 122:Drivers/STM32G4xx_HAL_Driver/Src/stm32g4xx_hal_pwr_ex.c ****     return PWR_REGULATOR_VOLTAGE_SCALE1_BOOST;
 123:Drivers/STM32G4xx_HAL_Driver/Src/stm32g4xx_hal_pwr_ex.c ****   }
ARM GAS  /tmp/ccnRFgyO.s 			page 4


 124:Drivers/STM32G4xx_HAL_Driver/Src/stm32g4xx_hal_pwr_ex.c **** }
  50              		.loc 1 124 1 view .LVU7
  51 0018 7047     		bx	lr
  52              	.L8:
  53 001a 00BF     		.align	2
  54              	.L7:
  55 001c 00700040 		.word	1073770496
  56              		.cfi_endproc
  57              	.LFE329:
  59              		.section	.text.HAL_PWREx_ControlVoltageScaling,"ax",%progbits
  60              		.align	1
  61              		.p2align 2,,3
  62              		.global	HAL_PWREx_ControlVoltageScaling
  63              		.syntax unified
  64              		.thumb
  65              		.thumb_func
  67              	HAL_PWREx_ControlVoltageScaling:
  68              	.LVL0:
  69              	.LFB330:
 125:Drivers/STM32G4xx_HAL_Driver/Src/stm32g4xx_hal_pwr_ex.c **** 
 126:Drivers/STM32G4xx_HAL_Driver/Src/stm32g4xx_hal_pwr_ex.c **** 
 127:Drivers/STM32G4xx_HAL_Driver/Src/stm32g4xx_hal_pwr_ex.c **** 
 128:Drivers/STM32G4xx_HAL_Driver/Src/stm32g4xx_hal_pwr_ex.c **** /**
 129:Drivers/STM32G4xx_HAL_Driver/Src/stm32g4xx_hal_pwr_ex.c ****   * @brief Configure the main internal regulator output voltage.
 130:Drivers/STM32G4xx_HAL_Driver/Src/stm32g4xx_hal_pwr_ex.c ****   * @param  VoltageScaling: specifies the regulator output voltage to achieve
 131:Drivers/STM32G4xx_HAL_Driver/Src/stm32g4xx_hal_pwr_ex.c ****   *         a tradeoff between performance and power consumption.
 132:Drivers/STM32G4xx_HAL_Driver/Src/stm32g4xx_hal_pwr_ex.c ****   *          This parameter can be one of the following values:
 133:Drivers/STM32G4xx_HAL_Driver/Src/stm32g4xx_hal_pwr_ex.c ****   *            @arg @ref PWR_REGULATOR_VOLTAGE_SCALE1_BOOST when available, Regulator voltage outpu
 134:Drivers/STM32G4xx_HAL_Driver/Src/stm32g4xx_hal_pwr_ex.c ****   *                                                typical output voltage at 1.28 V,
 135:Drivers/STM32G4xx_HAL_Driver/Src/stm32g4xx_hal_pwr_ex.c ****   *                                                system frequency up to 170 MHz.
 136:Drivers/STM32G4xx_HAL_Driver/Src/stm32g4xx_hal_pwr_ex.c ****   *            @arg @ref PWR_REGULATOR_VOLTAGE_SCALE1 Regulator voltage output range 1 mode,
 137:Drivers/STM32G4xx_HAL_Driver/Src/stm32g4xx_hal_pwr_ex.c ****   *                                                typical output voltage at 1.2 V,
 138:Drivers/STM32G4xx_HAL_Driver/Src/stm32g4xx_hal_pwr_ex.c ****   *                                                system frequency up to 150 MHz.
 139:Drivers/STM32G4xx_HAL_Driver/Src/stm32g4xx_hal_pwr_ex.c ****   *            @arg @ref PWR_REGULATOR_VOLTAGE_SCALE2 Regulator voltage output range 2 mode,
 140:Drivers/STM32G4xx_HAL_Driver/Src/stm32g4xx_hal_pwr_ex.c ****   *                                                typical output voltage at 1.0 V,
 141:Drivers/STM32G4xx_HAL_Driver/Src/stm32g4xx_hal_pwr_ex.c ****   *                                                system frequency up to 26 MHz.
 142:Drivers/STM32G4xx_HAL_Driver/Src/stm32g4xx_hal_pwr_ex.c ****   * @note  When moving from Range 1 to Range 2, the system frequency must be decreased to
 143:Drivers/STM32G4xx_HAL_Driver/Src/stm32g4xx_hal_pwr_ex.c ****   *        a value below 26 MHz before calling HAL_PWREx_ControlVoltageScaling() API.
 144:Drivers/STM32G4xx_HAL_Driver/Src/stm32g4xx_hal_pwr_ex.c ****   *        When moving from Range 2 to Range 1, the system frequency can be increased to
 145:Drivers/STM32G4xx_HAL_Driver/Src/stm32g4xx_hal_pwr_ex.c ****   *        a value up to 150 MHz after calling HAL_PWREx_ControlVoltageScaling() API.
 146:Drivers/STM32G4xx_HAL_Driver/Src/stm32g4xx_hal_pwr_ex.c ****   *        When moving from Range 1 to Boost Mode Range 1, the system frequency can be increased to
 147:Drivers/STM32G4xx_HAL_Driver/Src/stm32g4xx_hal_pwr_ex.c ****   *        a value up to 170 MHz after calling HAL_PWREx_ControlVoltageScaling() API.
 148:Drivers/STM32G4xx_HAL_Driver/Src/stm32g4xx_hal_pwr_ex.c ****   * @note  When moving from Range 2 to Range 1, the API waits for VOSF flag to be
 149:Drivers/STM32G4xx_HAL_Driver/Src/stm32g4xx_hal_pwr_ex.c ****   *        cleared before returning the status. If the flag is not cleared within
 150:Drivers/STM32G4xx_HAL_Driver/Src/stm32g4xx_hal_pwr_ex.c ****   *        50 microseconds, HAL_TIMEOUT status is reported.
 151:Drivers/STM32G4xx_HAL_Driver/Src/stm32g4xx_hal_pwr_ex.c ****   * @retval HAL Status
 152:Drivers/STM32G4xx_HAL_Driver/Src/stm32g4xx_hal_pwr_ex.c ****   */
 153:Drivers/STM32G4xx_HAL_Driver/Src/stm32g4xx_hal_pwr_ex.c **** HAL_StatusTypeDef HAL_PWREx_ControlVoltageScaling(uint32_t VoltageScaling)
 154:Drivers/STM32G4xx_HAL_Driver/Src/stm32g4xx_hal_pwr_ex.c **** {
  70              		.loc 1 154 1 is_stmt 1 view -0
  71              		.cfi_startproc
  72              		@ args = 0, pretend = 0, frame = 0
  73              		@ frame_needed = 0, uses_anonymous_args = 0
  74              		@ link register save eliminated.
 155:Drivers/STM32G4xx_HAL_Driver/Src/stm32g4xx_hal_pwr_ex.c ****   uint32_t wait_loop_index;
  75              		.loc 1 155 3 view .LVU9
 156:Drivers/STM32G4xx_HAL_Driver/Src/stm32g4xx_hal_pwr_ex.c **** 
ARM GAS  /tmp/ccnRFgyO.s 			page 5


 157:Drivers/STM32G4xx_HAL_Driver/Src/stm32g4xx_hal_pwr_ex.c ****   assert_param(IS_PWR_VOLTAGE_SCALING_RANGE(VoltageScaling));
  76              		.loc 1 157 3 view .LVU10
 158:Drivers/STM32G4xx_HAL_Driver/Src/stm32g4xx_hal_pwr_ex.c **** 
 159:Drivers/STM32G4xx_HAL_Driver/Src/stm32g4xx_hal_pwr_ex.c ****   if (VoltageScaling == PWR_REGULATOR_VOLTAGE_SCALE1_BOOST)
  77              		.loc 1 159 3 view .LVU11
 160:Drivers/STM32G4xx_HAL_Driver/Src/stm32g4xx_hal_pwr_ex.c ****   {
 161:Drivers/STM32G4xx_HAL_Driver/Src/stm32g4xx_hal_pwr_ex.c ****     /* If current range is range 2 */
 162:Drivers/STM32G4xx_HAL_Driver/Src/stm32g4xx_hal_pwr_ex.c ****     if (READ_BIT(PWR->CR1, PWR_CR1_VOS) == PWR_REGULATOR_VOLTAGE_SCALE2)
  78              		.loc 1 162 9 is_stmt 0 view .LVU12
  79 0000 2E4A     		ldr	r2, .L38
  80 0002 1368     		ldr	r3, [r2]
 159:Drivers/STM32G4xx_HAL_Driver/Src/stm32g4xx_hal_pwr_ex.c ****   {
  81              		.loc 1 159 6 view .LVU13
  82 0004 60B9     		cbnz	r0, .L10
  83              		.loc 1 162 5 is_stmt 1 view .LVU14
  84              		.loc 1 162 9 is_stmt 0 view .LVU15
  85 0006 03F4C063 		and	r3, r3, #1536
  86              		.loc 1 162 8 view .LVU16
  87 000a B3F5806F 		cmp	r3, #1024
 163:Drivers/STM32G4xx_HAL_Driver/Src/stm32g4xx_hal_pwr_ex.c ****     {
 164:Drivers/STM32G4xx_HAL_Driver/Src/stm32g4xx_hal_pwr_ex.c ****       /* Make sure Range 1 Boost is enabled */
 165:Drivers/STM32G4xx_HAL_Driver/Src/stm32g4xx_hal_pwr_ex.c ****       CLEAR_BIT(PWR->CR5, PWR_CR5_R1MODE);
  88              		.loc 1 165 7 view .LVU17
  89 000e D2F88030 		ldr	r3, [r2, #128]
  90 0012 23F48073 		bic	r3, r3, #256
  91 0016 C2F88030 		str	r3, [r2, #128]
 162:Drivers/STM32G4xx_HAL_Driver/Src/stm32g4xx_hal_pwr_ex.c ****     {
  92              		.loc 1 162 8 view .LVU18
  93 001a 36D0     		beq	.L36
  94              	.L19:
 166:Drivers/STM32G4xx_HAL_Driver/Src/stm32g4xx_hal_pwr_ex.c **** 
 167:Drivers/STM32G4xx_HAL_Driver/Src/stm32g4xx_hal_pwr_ex.c ****       /* Set Range 1 */
 168:Drivers/STM32G4xx_HAL_Driver/Src/stm32g4xx_hal_pwr_ex.c ****       MODIFY_REG(PWR->CR1, PWR_CR1_VOS, PWR_REGULATOR_VOLTAGE_SCALE1);
 169:Drivers/STM32G4xx_HAL_Driver/Src/stm32g4xx_hal_pwr_ex.c **** 
 170:Drivers/STM32G4xx_HAL_Driver/Src/stm32g4xx_hal_pwr_ex.c ****       /* Wait until VOSF is cleared */
 171:Drivers/STM32G4xx_HAL_Driver/Src/stm32g4xx_hal_pwr_ex.c ****       wait_loop_index = ((PWR_FLAG_SETTING_DELAY_US * SystemCoreClock) / 1000000U) + 1U;
 172:Drivers/STM32G4xx_HAL_Driver/Src/stm32g4xx_hal_pwr_ex.c ****       while ((HAL_IS_BIT_SET(PWR->SR2, PWR_SR2_VOSF)) && (wait_loop_index != 0U))
 173:Drivers/STM32G4xx_HAL_Driver/Src/stm32g4xx_hal_pwr_ex.c ****       {
 174:Drivers/STM32G4xx_HAL_Driver/Src/stm32g4xx_hal_pwr_ex.c ****         wait_loop_index--;
 175:Drivers/STM32G4xx_HAL_Driver/Src/stm32g4xx_hal_pwr_ex.c ****       }
 176:Drivers/STM32G4xx_HAL_Driver/Src/stm32g4xx_hal_pwr_ex.c ****       if (HAL_IS_BIT_SET(PWR->SR2, PWR_SR2_VOSF))
 177:Drivers/STM32G4xx_HAL_Driver/Src/stm32g4xx_hal_pwr_ex.c ****       {
 178:Drivers/STM32G4xx_HAL_Driver/Src/stm32g4xx_hal_pwr_ex.c ****         return HAL_TIMEOUT;
 179:Drivers/STM32G4xx_HAL_Driver/Src/stm32g4xx_hal_pwr_ex.c ****       }
 180:Drivers/STM32G4xx_HAL_Driver/Src/stm32g4xx_hal_pwr_ex.c ****     }
 181:Drivers/STM32G4xx_HAL_Driver/Src/stm32g4xx_hal_pwr_ex.c ****     /* If current range is range 1 normal or boost mode */
 182:Drivers/STM32G4xx_HAL_Driver/Src/stm32g4xx_hal_pwr_ex.c ****     else
 183:Drivers/STM32G4xx_HAL_Driver/Src/stm32g4xx_hal_pwr_ex.c ****     {
 184:Drivers/STM32G4xx_HAL_Driver/Src/stm32g4xx_hal_pwr_ex.c ****       /* Enable Range 1 Boost (no issue if bit already reset) */
 185:Drivers/STM32G4xx_HAL_Driver/Src/stm32g4xx_hal_pwr_ex.c ****       CLEAR_BIT(PWR->CR5, PWR_CR5_R1MODE);
 186:Drivers/STM32G4xx_HAL_Driver/Src/stm32g4xx_hal_pwr_ex.c ****     }
 187:Drivers/STM32G4xx_HAL_Driver/Src/stm32g4xx_hal_pwr_ex.c ****   }
 188:Drivers/STM32G4xx_HAL_Driver/Src/stm32g4xx_hal_pwr_ex.c ****   else if (VoltageScaling == PWR_REGULATOR_VOLTAGE_SCALE1)
 189:Drivers/STM32G4xx_HAL_Driver/Src/stm32g4xx_hal_pwr_ex.c ****   {
 190:Drivers/STM32G4xx_HAL_Driver/Src/stm32g4xx_hal_pwr_ex.c ****     /* If current range is range 2 */
 191:Drivers/STM32G4xx_HAL_Driver/Src/stm32g4xx_hal_pwr_ex.c ****     if (READ_BIT(PWR->CR1, PWR_CR1_VOS) == PWR_REGULATOR_VOLTAGE_SCALE2)
 192:Drivers/STM32G4xx_HAL_Driver/Src/stm32g4xx_hal_pwr_ex.c ****     {
ARM GAS  /tmp/ccnRFgyO.s 			page 6


 193:Drivers/STM32G4xx_HAL_Driver/Src/stm32g4xx_hal_pwr_ex.c ****       /* Make sure Range 1 Boost is disabled */
 194:Drivers/STM32G4xx_HAL_Driver/Src/stm32g4xx_hal_pwr_ex.c ****       SET_BIT(PWR->CR5, PWR_CR5_R1MODE);
 195:Drivers/STM32G4xx_HAL_Driver/Src/stm32g4xx_hal_pwr_ex.c **** 
 196:Drivers/STM32G4xx_HAL_Driver/Src/stm32g4xx_hal_pwr_ex.c ****       /* Set Range 1 */
 197:Drivers/STM32G4xx_HAL_Driver/Src/stm32g4xx_hal_pwr_ex.c ****       MODIFY_REG(PWR->CR1, PWR_CR1_VOS, PWR_REGULATOR_VOLTAGE_SCALE1);
 198:Drivers/STM32G4xx_HAL_Driver/Src/stm32g4xx_hal_pwr_ex.c **** 
 199:Drivers/STM32G4xx_HAL_Driver/Src/stm32g4xx_hal_pwr_ex.c ****       /* Wait until VOSF is cleared */
 200:Drivers/STM32G4xx_HAL_Driver/Src/stm32g4xx_hal_pwr_ex.c ****       wait_loop_index = ((PWR_FLAG_SETTING_DELAY_US * SystemCoreClock) / 1000000U) + 1U;
 201:Drivers/STM32G4xx_HAL_Driver/Src/stm32g4xx_hal_pwr_ex.c ****       while ((HAL_IS_BIT_SET(PWR->SR2, PWR_SR2_VOSF)) && (wait_loop_index != 0U))
 202:Drivers/STM32G4xx_HAL_Driver/Src/stm32g4xx_hal_pwr_ex.c ****       {
 203:Drivers/STM32G4xx_HAL_Driver/Src/stm32g4xx_hal_pwr_ex.c ****         wait_loop_index--;
 204:Drivers/STM32G4xx_HAL_Driver/Src/stm32g4xx_hal_pwr_ex.c ****       }
 205:Drivers/STM32G4xx_HAL_Driver/Src/stm32g4xx_hal_pwr_ex.c ****       if (HAL_IS_BIT_SET(PWR->SR2, PWR_SR2_VOSF))
 206:Drivers/STM32G4xx_HAL_Driver/Src/stm32g4xx_hal_pwr_ex.c ****       {
 207:Drivers/STM32G4xx_HAL_Driver/Src/stm32g4xx_hal_pwr_ex.c ****         return HAL_TIMEOUT;
 208:Drivers/STM32G4xx_HAL_Driver/Src/stm32g4xx_hal_pwr_ex.c ****       }
 209:Drivers/STM32G4xx_HAL_Driver/Src/stm32g4xx_hal_pwr_ex.c ****     }
 210:Drivers/STM32G4xx_HAL_Driver/Src/stm32g4xx_hal_pwr_ex.c ****      /* If current range is range 1 normal or boost mode */
 211:Drivers/STM32G4xx_HAL_Driver/Src/stm32g4xx_hal_pwr_ex.c ****     else
 212:Drivers/STM32G4xx_HAL_Driver/Src/stm32g4xx_hal_pwr_ex.c ****     {
 213:Drivers/STM32G4xx_HAL_Driver/Src/stm32g4xx_hal_pwr_ex.c ****       /* Disable Range 1 Boost (no issue if bit already set) */
 214:Drivers/STM32G4xx_HAL_Driver/Src/stm32g4xx_hal_pwr_ex.c ****       SET_BIT(PWR->CR5, PWR_CR5_R1MODE);
 215:Drivers/STM32G4xx_HAL_Driver/Src/stm32g4xx_hal_pwr_ex.c ****     }
 216:Drivers/STM32G4xx_HAL_Driver/Src/stm32g4xx_hal_pwr_ex.c ****   }
 217:Drivers/STM32G4xx_HAL_Driver/Src/stm32g4xx_hal_pwr_ex.c ****   else
 218:Drivers/STM32G4xx_HAL_Driver/Src/stm32g4xx_hal_pwr_ex.c ****   {
 219:Drivers/STM32G4xx_HAL_Driver/Src/stm32g4xx_hal_pwr_ex.c ****     /* Set Range 2 */
 220:Drivers/STM32G4xx_HAL_Driver/Src/stm32g4xx_hal_pwr_ex.c ****     MODIFY_REG(PWR->CR1, PWR_CR1_VOS, PWR_REGULATOR_VOLTAGE_SCALE2);
 221:Drivers/STM32G4xx_HAL_Driver/Src/stm32g4xx_hal_pwr_ex.c ****     /* No need to wait for VOSF to be cleared for this transition */
 222:Drivers/STM32G4xx_HAL_Driver/Src/stm32g4xx_hal_pwr_ex.c ****     /* PWR_CR5_R1MODE bit setting has no effect in Range 2        */
 223:Drivers/STM32G4xx_HAL_Driver/Src/stm32g4xx_hal_pwr_ex.c ****   }
 224:Drivers/STM32G4xx_HAL_Driver/Src/stm32g4xx_hal_pwr_ex.c **** 
 225:Drivers/STM32G4xx_HAL_Driver/Src/stm32g4xx_hal_pwr_ex.c ****   return HAL_OK;
  95              		.loc 1 225 10 view .LVU19
  96 001c 0020     		movs	r0, #0
  97              	.LVL1:
  98              		.loc 1 225 10 view .LVU20
  99 001e 7047     		bx	lr
 100              	.LVL2:
 101              	.L10:
 188:Drivers/STM32G4xx_HAL_Driver/Src/stm32g4xx_hal_pwr_ex.c ****   {
 102              		.loc 1 188 8 is_stmt 1 view .LVU21
 188:Drivers/STM32G4xx_HAL_Driver/Src/stm32g4xx_hal_pwr_ex.c ****   {
 103              		.loc 1 188 11 is_stmt 0 view .LVU22
 104 0020 B0F5007F 		cmp	r0, #512
 105 0024 06D0     		beq	.L37
 220:Drivers/STM32G4xx_HAL_Driver/Src/stm32g4xx_hal_pwr_ex.c ****     /* No need to wait for VOSF to be cleared for this transition */
 106              		.loc 1 220 5 is_stmt 1 view .LVU23
 107 0026 23F4C063 		bic	r3, r3, #1536
 108 002a 43F48063 		orr	r3, r3, #1024
 109 002e 1360     		str	r3, [r2]
 110              		.loc 1 225 10 is_stmt 0 view .LVU24
 111 0030 0020     		movs	r0, #0
 112              	.LVL3:
 113              		.loc 1 225 10 view .LVU25
 114 0032 7047     		bx	lr
 115              	.LVL4:
ARM GAS  /tmp/ccnRFgyO.s 			page 7


 116              	.L37:
 191:Drivers/STM32G4xx_HAL_Driver/Src/stm32g4xx_hal_pwr_ex.c ****     {
 117              		.loc 1 191 5 is_stmt 1 view .LVU26
 191:Drivers/STM32G4xx_HAL_Driver/Src/stm32g4xx_hal_pwr_ex.c ****     {
 118              		.loc 1 191 9 is_stmt 0 view .LVU27
 119 0034 03F4C063 		and	r3, r3, #1536
 191:Drivers/STM32G4xx_HAL_Driver/Src/stm32g4xx_hal_pwr_ex.c ****     {
 120              		.loc 1 191 8 view .LVU28
 121 0038 B3F5806F 		cmp	r3, #1024
 194:Drivers/STM32G4xx_HAL_Driver/Src/stm32g4xx_hal_pwr_ex.c **** 
 122              		.loc 1 194 7 view .LVU29
 123 003c D2F88030 		ldr	r3, [r2, #128]
 124 0040 43F48073 		orr	r3, r3, #256
 125 0044 C2F88030 		str	r3, [r2, #128]
 191:Drivers/STM32G4xx_HAL_Driver/Src/stm32g4xx_hal_pwr_ex.c ****     {
 126              		.loc 1 191 8 view .LVU30
 127 0048 E8D1     		bne	.L19
 194:Drivers/STM32G4xx_HAL_Driver/Src/stm32g4xx_hal_pwr_ex.c **** 
 128              		.loc 1 194 7 is_stmt 1 view .LVU31
 197:Drivers/STM32G4xx_HAL_Driver/Src/stm32g4xx_hal_pwr_ex.c **** 
 129              		.loc 1 197 7 view .LVU32
 130 004a 1368     		ldr	r3, [r2]
 131 004c 23F4C063 		bic	r3, r3, #1536
 132 0050 43F40073 		orr	r3, r3, #512
 133 0054 1360     		str	r3, [r2]
 200:Drivers/STM32G4xx_HAL_Driver/Src/stm32g4xx_hal_pwr_ex.c ****       while ((HAL_IS_BIT_SET(PWR->SR2, PWR_SR2_VOSF)) && (wait_loop_index != 0U))
 134              		.loc 1 200 7 view .LVU33
 201:Drivers/STM32G4xx_HAL_Driver/Src/stm32g4xx_hal_pwr_ex.c ****       {
 135              		.loc 1 201 7 view .LVU34
 136              	.LVL5:
 201:Drivers/STM32G4xx_HAL_Driver/Src/stm32g4xx_hal_pwr_ex.c ****       {
 137              		.loc 1 201 55 discriminator 1 view .LVU35
 201:Drivers/STM32G4xx_HAL_Driver/Src/stm32g4xx_hal_pwr_ex.c ****       {
 138              		.loc 1 201 15 is_stmt 0 discriminator 1 view .LVU36
 139 0056 5369     		ldr	r3, [r2, #20]
 201:Drivers/STM32G4xx_HAL_Driver/Src/stm32g4xx_hal_pwr_ex.c ****       {
 140              		.loc 1 201 55 discriminator 1 view .LVU37
 141 0058 5B05     		lsls	r3, r3, #21
 142 005a 0ED5     		bpl	.L17
 200:Drivers/STM32G4xx_HAL_Driver/Src/stm32g4xx_hal_pwr_ex.c ****       while ((HAL_IS_BIT_SET(PWR->SR2, PWR_SR2_VOSF)) && (wait_loop_index != 0U))
 143              		.loc 1 200 53 view .LVU38
 144 005c 184B     		ldr	r3, .L38+4
 145              	.LVL6:
 200:Drivers/STM32G4xx_HAL_Driver/Src/stm32g4xx_hal_pwr_ex.c ****       while ((HAL_IS_BIT_SET(PWR->SR2, PWR_SR2_VOSF)) && (wait_loop_index != 0U))
 146              		.loc 1 200 72 view .LVU39
 147 005e 1949     		ldr	r1, .L38+8
 200:Drivers/STM32G4xx_HAL_Driver/Src/stm32g4xx_hal_pwr_ex.c ****       while ((HAL_IS_BIT_SET(PWR->SR2, PWR_SR2_VOSF)) && (wait_loop_index != 0U))
 148              		.loc 1 200 53 view .LVU40
 149 0060 1B68     		ldr	r3, [r3]
 150              	.LVL7:
 200:Drivers/STM32G4xx_HAL_Driver/Src/stm32g4xx_hal_pwr_ex.c ****       while ((HAL_IS_BIT_SET(PWR->SR2, PWR_SR2_VOSF)) && (wait_loop_index != 0U))
 151              		.loc 1 200 53 view .LVU41
 152 0062 3220     		movs	r0, #50
 153              	.LVL8:
 200:Drivers/STM32G4xx_HAL_Driver/Src/stm32g4xx_hal_pwr_ex.c ****       while ((HAL_IS_BIT_SET(PWR->SR2, PWR_SR2_VOSF)) && (wait_loop_index != 0U))
 154              		.loc 1 200 53 view .LVU42
 155 0064 00FB03F3 		mul	r3, r0, r3
ARM GAS  /tmp/ccnRFgyO.s 			page 8


 156              	.LVL9:
 200:Drivers/STM32G4xx_HAL_Driver/Src/stm32g4xx_hal_pwr_ex.c ****       while ((HAL_IS_BIT_SET(PWR->SR2, PWR_SR2_VOSF)) && (wait_loop_index != 0U))
 157              		.loc 1 200 72 view .LVU43
 158 0068 A1FB0313 		umull	r1, r3, r1, r3
 159 006c 9B0C     		lsrs	r3, r3, #18
 200:Drivers/STM32G4xx_HAL_Driver/Src/stm32g4xx_hal_pwr_ex.c ****       while ((HAL_IS_BIT_SET(PWR->SR2, PWR_SR2_VOSF)) && (wait_loop_index != 0U))
 160              		.loc 1 200 23 view .LVU44
 161 006e 0133     		adds	r3, r3, #1
 162              	.LVL10:
 163              	.L18:
 203:Drivers/STM32G4xx_HAL_Driver/Src/stm32g4xx_hal_pwr_ex.c ****       }
 164              		.loc 1 203 9 is_stmt 1 view .LVU45
 201:Drivers/STM32G4xx_HAL_Driver/Src/stm32g4xx_hal_pwr_ex.c ****       {
 165              		.loc 1 201 55 discriminator 1 view .LVU46
 201:Drivers/STM32G4xx_HAL_Driver/Src/stm32g4xx_hal_pwr_ex.c ****       {
 166              		.loc 1 201 15 is_stmt 0 discriminator 1 view .LVU47
 167 0070 5169     		ldr	r1, [r2, #20]
 201:Drivers/STM32G4xx_HAL_Driver/Src/stm32g4xx_hal_pwr_ex.c ****       {
 168              		.loc 1 201 55 discriminator 1 view .LVU48
 169 0072 4905     		lsls	r1, r1, #21
 170 0074 01D5     		bpl	.L17
 201:Drivers/STM32G4xx_HAL_Driver/Src/stm32g4xx_hal_pwr_ex.c ****       {
 171              		.loc 1 201 55 discriminator 2 view .LVU49
 172 0076 013B     		subs	r3, r3, #1
 173              	.LVL11:
 201:Drivers/STM32G4xx_HAL_Driver/Src/stm32g4xx_hal_pwr_ex.c ****       {
 174              		.loc 1 201 55 discriminator 2 view .LVU50
 175 0078 FAD1     		bne	.L18
 176              	.LVL12:
 177              	.L17:
 205:Drivers/STM32G4xx_HAL_Driver/Src/stm32g4xx_hal_pwr_ex.c ****       {
 178              		.loc 1 205 7 is_stmt 1 view .LVU51
 205:Drivers/STM32G4xx_HAL_Driver/Src/stm32g4xx_hal_pwr_ex.c ****       {
 179              		.loc 1 205 11 is_stmt 0 view .LVU52
 180 007a 104B     		ldr	r3, .L38
 181 007c 5B69     		ldr	r3, [r3, #20]
 182              		.loc 1 225 10 view .LVU53
 183 007e 13F4806F 		tst	r3, #1024
 184 0082 14BF     		ite	ne
 185 0084 0320     		movne	r0, #3
 186 0086 0020     		moveq	r0, #0
 226:Drivers/STM32G4xx_HAL_Driver/Src/stm32g4xx_hal_pwr_ex.c **** }
 187              		.loc 1 226 1 view .LVU54
 188 0088 7047     		bx	lr
 189              	.LVL13:
 190              	.L36:
 165:Drivers/STM32G4xx_HAL_Driver/Src/stm32g4xx_hal_pwr_ex.c **** 
 191              		.loc 1 165 7 is_stmt 1 view .LVU55
 168:Drivers/STM32G4xx_HAL_Driver/Src/stm32g4xx_hal_pwr_ex.c **** 
 192              		.loc 1 168 7 view .LVU56
 193 008a 1368     		ldr	r3, [r2]
 194 008c 23F4C063 		bic	r3, r3, #1536
 195 0090 43F40073 		orr	r3, r3, #512
 196 0094 1360     		str	r3, [r2]
 171:Drivers/STM32G4xx_HAL_Driver/Src/stm32g4xx_hal_pwr_ex.c ****       while ((HAL_IS_BIT_SET(PWR->SR2, PWR_SR2_VOSF)) && (wait_loop_index != 0U))
 197              		.loc 1 171 7 view .LVU57
 172:Drivers/STM32G4xx_HAL_Driver/Src/stm32g4xx_hal_pwr_ex.c ****       {
ARM GAS  /tmp/ccnRFgyO.s 			page 9


 198              		.loc 1 172 7 view .LVU58
 199              	.LVL14:
 172:Drivers/STM32G4xx_HAL_Driver/Src/stm32g4xx_hal_pwr_ex.c ****       {
 200              		.loc 1 172 55 discriminator 1 view .LVU59
 172:Drivers/STM32G4xx_HAL_Driver/Src/stm32g4xx_hal_pwr_ex.c ****       {
 201              		.loc 1 172 15 is_stmt 0 discriminator 1 view .LVU60
 202 0096 5369     		ldr	r3, [r2, #20]
 172:Drivers/STM32G4xx_HAL_Driver/Src/stm32g4xx_hal_pwr_ex.c ****       {
 203              		.loc 1 172 55 discriminator 1 view .LVU61
 204 0098 5B05     		lsls	r3, r3, #21
 205 009a EED5     		bpl	.L17
 171:Drivers/STM32G4xx_HAL_Driver/Src/stm32g4xx_hal_pwr_ex.c ****       while ((HAL_IS_BIT_SET(PWR->SR2, PWR_SR2_VOSF)) && (wait_loop_index != 0U))
 206              		.loc 1 171 53 view .LVU62
 207 009c 084B     		ldr	r3, .L38+4
 208              	.LVL15:
 171:Drivers/STM32G4xx_HAL_Driver/Src/stm32g4xx_hal_pwr_ex.c ****       while ((HAL_IS_BIT_SET(PWR->SR2, PWR_SR2_VOSF)) && (wait_loop_index != 0U))
 209              		.loc 1 171 72 view .LVU63
 210 009e 0949     		ldr	r1, .L38+8
 171:Drivers/STM32G4xx_HAL_Driver/Src/stm32g4xx_hal_pwr_ex.c ****       while ((HAL_IS_BIT_SET(PWR->SR2, PWR_SR2_VOSF)) && (wait_loop_index != 0U))
 211              		.loc 1 171 53 view .LVU64
 212 00a0 1B68     		ldr	r3, [r3]
 213              	.LVL16:
 171:Drivers/STM32G4xx_HAL_Driver/Src/stm32g4xx_hal_pwr_ex.c ****       while ((HAL_IS_BIT_SET(PWR->SR2, PWR_SR2_VOSF)) && (wait_loop_index != 0U))
 214              		.loc 1 171 53 view .LVU65
 215 00a2 3220     		movs	r0, #50
 216              	.LVL17:
 171:Drivers/STM32G4xx_HAL_Driver/Src/stm32g4xx_hal_pwr_ex.c ****       while ((HAL_IS_BIT_SET(PWR->SR2, PWR_SR2_VOSF)) && (wait_loop_index != 0U))
 217              		.loc 1 171 53 view .LVU66
 218 00a4 00FB03F3 		mul	r3, r0, r3
 219              	.LVL18:
 171:Drivers/STM32G4xx_HAL_Driver/Src/stm32g4xx_hal_pwr_ex.c ****       while ((HAL_IS_BIT_SET(PWR->SR2, PWR_SR2_VOSF)) && (wait_loop_index != 0U))
 220              		.loc 1 171 72 view .LVU67
 221 00a8 A1FB0313 		umull	r1, r3, r1, r3
 222 00ac 9B0C     		lsrs	r3, r3, #18
 171:Drivers/STM32G4xx_HAL_Driver/Src/stm32g4xx_hal_pwr_ex.c ****       while ((HAL_IS_BIT_SET(PWR->SR2, PWR_SR2_VOSF)) && (wait_loop_index != 0U))
 223              		.loc 1 171 23 view .LVU68
 224 00ae 0133     		adds	r3, r3, #1
 225              	.LVL19:
 226              	.L13:
 174:Drivers/STM32G4xx_HAL_Driver/Src/stm32g4xx_hal_pwr_ex.c ****       }
 227              		.loc 1 174 9 is_stmt 1 view .LVU69
 172:Drivers/STM32G4xx_HAL_Driver/Src/stm32g4xx_hal_pwr_ex.c ****       {
 228              		.loc 1 172 55 discriminator 1 view .LVU70
 172:Drivers/STM32G4xx_HAL_Driver/Src/stm32g4xx_hal_pwr_ex.c ****       {
 229              		.loc 1 172 15 is_stmt 0 discriminator 1 view .LVU71
 230 00b0 5169     		ldr	r1, [r2, #20]
 172:Drivers/STM32G4xx_HAL_Driver/Src/stm32g4xx_hal_pwr_ex.c ****       {
 231              		.loc 1 172 55 discriminator 1 view .LVU72
 232 00b2 4905     		lsls	r1, r1, #21
 233 00b4 E1D5     		bpl	.L17
 172:Drivers/STM32G4xx_HAL_Driver/Src/stm32g4xx_hal_pwr_ex.c ****       {
 234              		.loc 1 172 55 discriminator 2 view .LVU73
 235 00b6 013B     		subs	r3, r3, #1
 236              	.LVL20:
 172:Drivers/STM32G4xx_HAL_Driver/Src/stm32g4xx_hal_pwr_ex.c ****       {
 237              		.loc 1 172 55 discriminator 2 view .LVU74
 238 00b8 FAD1     		bne	.L13
ARM GAS  /tmp/ccnRFgyO.s 			page 10


 239 00ba DEE7     		b	.L17
 240              	.L39:
 241              		.align	2
 242              	.L38:
 243 00bc 00700040 		.word	1073770496
 244 00c0 00000000 		.word	SystemCoreClock
 245 00c4 83DE1B43 		.word	1125899907
 246              		.cfi_endproc
 247              	.LFE330:
 249              		.section	.text.HAL_PWREx_EnableBatteryCharging,"ax",%progbits
 250              		.align	1
 251              		.p2align 2,,3
 252              		.global	HAL_PWREx_EnableBatteryCharging
 253              		.syntax unified
 254              		.thumb
 255              		.thumb_func
 257              	HAL_PWREx_EnableBatteryCharging:
 258              	.LVL21:
 259              	.LFB331:
 227:Drivers/STM32G4xx_HAL_Driver/Src/stm32g4xx_hal_pwr_ex.c **** 
 228:Drivers/STM32G4xx_HAL_Driver/Src/stm32g4xx_hal_pwr_ex.c **** 
 229:Drivers/STM32G4xx_HAL_Driver/Src/stm32g4xx_hal_pwr_ex.c **** /**
 230:Drivers/STM32G4xx_HAL_Driver/Src/stm32g4xx_hal_pwr_ex.c ****   * @brief Enable battery charging.
 231:Drivers/STM32G4xx_HAL_Driver/Src/stm32g4xx_hal_pwr_ex.c ****   *        When VDD is present, charge the external battery on VBAT through an internal resistor.
 232:Drivers/STM32G4xx_HAL_Driver/Src/stm32g4xx_hal_pwr_ex.c ****   * @param  ResistorSelection: specifies the resistor impedance.
 233:Drivers/STM32G4xx_HAL_Driver/Src/stm32g4xx_hal_pwr_ex.c ****   *          This parameter can be one of the following values:
 234:Drivers/STM32G4xx_HAL_Driver/Src/stm32g4xx_hal_pwr_ex.c ****   *            @arg @ref PWR_BATTERY_CHARGING_RESISTOR_5     5 kOhms resistor
 235:Drivers/STM32G4xx_HAL_Driver/Src/stm32g4xx_hal_pwr_ex.c ****   *            @arg @ref PWR_BATTERY_CHARGING_RESISTOR_1_5 1.5 kOhms resistor
 236:Drivers/STM32G4xx_HAL_Driver/Src/stm32g4xx_hal_pwr_ex.c ****   * @retval None
 237:Drivers/STM32G4xx_HAL_Driver/Src/stm32g4xx_hal_pwr_ex.c ****   */
 238:Drivers/STM32G4xx_HAL_Driver/Src/stm32g4xx_hal_pwr_ex.c **** void HAL_PWREx_EnableBatteryCharging(uint32_t ResistorSelection)
 239:Drivers/STM32G4xx_HAL_Driver/Src/stm32g4xx_hal_pwr_ex.c **** {
 260              		.loc 1 239 1 is_stmt 1 view -0
 261              		.cfi_startproc
 262              		@ args = 0, pretend = 0, frame = 0
 263              		@ frame_needed = 0, uses_anonymous_args = 0
 264              		@ link register save eliminated.
 240:Drivers/STM32G4xx_HAL_Driver/Src/stm32g4xx_hal_pwr_ex.c ****   assert_param(IS_PWR_BATTERY_RESISTOR_SELECT(ResistorSelection));
 265              		.loc 1 240 3 view .LVU76
 241:Drivers/STM32G4xx_HAL_Driver/Src/stm32g4xx_hal_pwr_ex.c **** 
 242:Drivers/STM32G4xx_HAL_Driver/Src/stm32g4xx_hal_pwr_ex.c ****   /* Specify resistor selection */
 243:Drivers/STM32G4xx_HAL_Driver/Src/stm32g4xx_hal_pwr_ex.c ****   MODIFY_REG(PWR->CR4, PWR_CR4_VBRS, ResistorSelection);
 266              		.loc 1 243 3 view .LVU77
 267 0000 054A     		ldr	r2, .L41
 268 0002 D368     		ldr	r3, [r2, #12]
 269 0004 23F40073 		bic	r3, r3, #512
 270 0008 0343     		orrs	r3, r3, r0
 271 000a D360     		str	r3, [r2, #12]
 244:Drivers/STM32G4xx_HAL_Driver/Src/stm32g4xx_hal_pwr_ex.c **** 
 245:Drivers/STM32G4xx_HAL_Driver/Src/stm32g4xx_hal_pwr_ex.c ****   /* Enable battery charging */
 246:Drivers/STM32G4xx_HAL_Driver/Src/stm32g4xx_hal_pwr_ex.c ****   SET_BIT(PWR->CR4, PWR_CR4_VBE);
 272              		.loc 1 246 3 view .LVU78
 273 000c D368     		ldr	r3, [r2, #12]
 274 000e 43F48073 		orr	r3, r3, #256
 275 0012 D360     		str	r3, [r2, #12]
 247:Drivers/STM32G4xx_HAL_Driver/Src/stm32g4xx_hal_pwr_ex.c **** }
 276              		.loc 1 247 1 is_stmt 0 view .LVU79
ARM GAS  /tmp/ccnRFgyO.s 			page 11


 277 0014 7047     		bx	lr
 278              	.L42:
 279 0016 00BF     		.align	2
 280              	.L41:
 281 0018 00700040 		.word	1073770496
 282              		.cfi_endproc
 283              	.LFE331:
 285              		.section	.text.HAL_PWREx_DisableBatteryCharging,"ax",%progbits
 286              		.align	1
 287              		.p2align 2,,3
 288              		.global	HAL_PWREx_DisableBatteryCharging
 289              		.syntax unified
 290              		.thumb
 291              		.thumb_func
 293              	HAL_PWREx_DisableBatteryCharging:
 294              	.LFB332:
 248:Drivers/STM32G4xx_HAL_Driver/Src/stm32g4xx_hal_pwr_ex.c **** 
 249:Drivers/STM32G4xx_HAL_Driver/Src/stm32g4xx_hal_pwr_ex.c **** 
 250:Drivers/STM32G4xx_HAL_Driver/Src/stm32g4xx_hal_pwr_ex.c **** /**
 251:Drivers/STM32G4xx_HAL_Driver/Src/stm32g4xx_hal_pwr_ex.c ****   * @brief Disable battery charging.
 252:Drivers/STM32G4xx_HAL_Driver/Src/stm32g4xx_hal_pwr_ex.c ****   * @retval None
 253:Drivers/STM32G4xx_HAL_Driver/Src/stm32g4xx_hal_pwr_ex.c ****   */
 254:Drivers/STM32G4xx_HAL_Driver/Src/stm32g4xx_hal_pwr_ex.c **** void HAL_PWREx_DisableBatteryCharging(void)
 255:Drivers/STM32G4xx_HAL_Driver/Src/stm32g4xx_hal_pwr_ex.c **** {
 295              		.loc 1 255 1 is_stmt 1 view -0
 296              		.cfi_startproc
 297              		@ args = 0, pretend = 0, frame = 0
 298              		@ frame_needed = 0, uses_anonymous_args = 0
 299              		@ link register save eliminated.
 256:Drivers/STM32G4xx_HAL_Driver/Src/stm32g4xx_hal_pwr_ex.c ****   CLEAR_BIT(PWR->CR4, PWR_CR4_VBE);
 300              		.loc 1 256 3 view .LVU81
 301 0000 024A     		ldr	r2, .L44
 302 0002 D368     		ldr	r3, [r2, #12]
 303 0004 23F48073 		bic	r3, r3, #256
 304 0008 D360     		str	r3, [r2, #12]
 257:Drivers/STM32G4xx_HAL_Driver/Src/stm32g4xx_hal_pwr_ex.c **** }
 305              		.loc 1 257 1 is_stmt 0 view .LVU82
 306 000a 7047     		bx	lr
 307              	.L45:
 308              		.align	2
 309              	.L44:
 310 000c 00700040 		.word	1073770496
 311              		.cfi_endproc
 312              	.LFE332:
 314              		.section	.text.HAL_PWREx_EnableInternalWakeUpLine,"ax",%progbits
 315              		.align	1
 316              		.p2align 2,,3
 317              		.global	HAL_PWREx_EnableInternalWakeUpLine
 318              		.syntax unified
 319              		.thumb
 320              		.thumb_func
 322              	HAL_PWREx_EnableInternalWakeUpLine:
 323              	.LFB333:
 258:Drivers/STM32G4xx_HAL_Driver/Src/stm32g4xx_hal_pwr_ex.c **** 
 259:Drivers/STM32G4xx_HAL_Driver/Src/stm32g4xx_hal_pwr_ex.c **** 
 260:Drivers/STM32G4xx_HAL_Driver/Src/stm32g4xx_hal_pwr_ex.c **** /**
 261:Drivers/STM32G4xx_HAL_Driver/Src/stm32g4xx_hal_pwr_ex.c ****   * @brief Enable Internal Wake-up Line.
ARM GAS  /tmp/ccnRFgyO.s 			page 12


 262:Drivers/STM32G4xx_HAL_Driver/Src/stm32g4xx_hal_pwr_ex.c ****   * @retval None
 263:Drivers/STM32G4xx_HAL_Driver/Src/stm32g4xx_hal_pwr_ex.c ****   */
 264:Drivers/STM32G4xx_HAL_Driver/Src/stm32g4xx_hal_pwr_ex.c **** void HAL_PWREx_EnableInternalWakeUpLine(void)
 265:Drivers/STM32G4xx_HAL_Driver/Src/stm32g4xx_hal_pwr_ex.c **** {
 324              		.loc 1 265 1 is_stmt 1 view -0
 325              		.cfi_startproc
 326              		@ args = 0, pretend = 0, frame = 0
 327              		@ frame_needed = 0, uses_anonymous_args = 0
 328              		@ link register save eliminated.
 266:Drivers/STM32G4xx_HAL_Driver/Src/stm32g4xx_hal_pwr_ex.c ****   SET_BIT(PWR->CR3, PWR_CR3_EIWF);
 329              		.loc 1 266 3 view .LVU84
 330 0000 024A     		ldr	r2, .L47
 331 0002 9368     		ldr	r3, [r2, #8]
 332 0004 43F40043 		orr	r3, r3, #32768
 333 0008 9360     		str	r3, [r2, #8]
 267:Drivers/STM32G4xx_HAL_Driver/Src/stm32g4xx_hal_pwr_ex.c **** }
 334              		.loc 1 267 1 is_stmt 0 view .LVU85
 335 000a 7047     		bx	lr
 336              	.L48:
 337              		.align	2
 338              	.L47:
 339 000c 00700040 		.word	1073770496
 340              		.cfi_endproc
 341              	.LFE333:
 343              		.section	.text.HAL_PWREx_DisableInternalWakeUpLine,"ax",%progbits
 344              		.align	1
 345              		.p2align 2,,3
 346              		.global	HAL_PWREx_DisableInternalWakeUpLine
 347              		.syntax unified
 348              		.thumb
 349              		.thumb_func
 351              	HAL_PWREx_DisableInternalWakeUpLine:
 352              	.LFB334:
 268:Drivers/STM32G4xx_HAL_Driver/Src/stm32g4xx_hal_pwr_ex.c **** 
 269:Drivers/STM32G4xx_HAL_Driver/Src/stm32g4xx_hal_pwr_ex.c **** 
 270:Drivers/STM32G4xx_HAL_Driver/Src/stm32g4xx_hal_pwr_ex.c **** /**
 271:Drivers/STM32G4xx_HAL_Driver/Src/stm32g4xx_hal_pwr_ex.c ****   * @brief Disable Internal Wake-up Line.
 272:Drivers/STM32G4xx_HAL_Driver/Src/stm32g4xx_hal_pwr_ex.c ****   * @retval None
 273:Drivers/STM32G4xx_HAL_Driver/Src/stm32g4xx_hal_pwr_ex.c ****   */
 274:Drivers/STM32G4xx_HAL_Driver/Src/stm32g4xx_hal_pwr_ex.c **** void HAL_PWREx_DisableInternalWakeUpLine(void)
 275:Drivers/STM32G4xx_HAL_Driver/Src/stm32g4xx_hal_pwr_ex.c **** {
 353              		.loc 1 275 1 is_stmt 1 view -0
 354              		.cfi_startproc
 355              		@ args = 0, pretend = 0, frame = 0
 356              		@ frame_needed = 0, uses_anonymous_args = 0
 357              		@ link register save eliminated.
 276:Drivers/STM32G4xx_HAL_Driver/Src/stm32g4xx_hal_pwr_ex.c ****   CLEAR_BIT(PWR->CR3, PWR_CR3_EIWF);
 358              		.loc 1 276 3 view .LVU87
 359 0000 024A     		ldr	r2, .L50
 360 0002 9368     		ldr	r3, [r2, #8]
 361 0004 23F40043 		bic	r3, r3, #32768
 362 0008 9360     		str	r3, [r2, #8]
 277:Drivers/STM32G4xx_HAL_Driver/Src/stm32g4xx_hal_pwr_ex.c **** }
 363              		.loc 1 277 1 is_stmt 0 view .LVU88
 364 000a 7047     		bx	lr
 365              	.L51:
 366              		.align	2
ARM GAS  /tmp/ccnRFgyO.s 			page 13


 367              	.L50:
 368 000c 00700040 		.word	1073770496
 369              		.cfi_endproc
 370              	.LFE334:
 372              		.section	.text.HAL_PWREx_EnableGPIOPullUp,"ax",%progbits
 373              		.align	1
 374              		.p2align 2,,3
 375              		.global	HAL_PWREx_EnableGPIOPullUp
 376              		.syntax unified
 377              		.thumb
 378              		.thumb_func
 380              	HAL_PWREx_EnableGPIOPullUp:
 381              	.LVL22:
 382              	.LFB335:
 278:Drivers/STM32G4xx_HAL_Driver/Src/stm32g4xx_hal_pwr_ex.c **** 
 279:Drivers/STM32G4xx_HAL_Driver/Src/stm32g4xx_hal_pwr_ex.c **** 
 280:Drivers/STM32G4xx_HAL_Driver/Src/stm32g4xx_hal_pwr_ex.c **** 
 281:Drivers/STM32G4xx_HAL_Driver/Src/stm32g4xx_hal_pwr_ex.c **** /**
 282:Drivers/STM32G4xx_HAL_Driver/Src/stm32g4xx_hal_pwr_ex.c ****   * @brief Enable GPIO pull-up state in Standby and Shutdown modes.
 283:Drivers/STM32G4xx_HAL_Driver/Src/stm32g4xx_hal_pwr_ex.c ****   * @note  Set the relevant PUy bits of PWR_PUCRx register to configure the I/O in
 284:Drivers/STM32G4xx_HAL_Driver/Src/stm32g4xx_hal_pwr_ex.c ****   *        pull-up state in Standby and Shutdown modes.
 285:Drivers/STM32G4xx_HAL_Driver/Src/stm32g4xx_hal_pwr_ex.c ****   * @note  This state is effective in Standby and Shutdown modes only if APC bit
 286:Drivers/STM32G4xx_HAL_Driver/Src/stm32g4xx_hal_pwr_ex.c ****   *        is set through HAL_PWREx_EnablePullUpPullDownConfig() API.
 287:Drivers/STM32G4xx_HAL_Driver/Src/stm32g4xx_hal_pwr_ex.c ****   * @note  The configuration is lost when exiting the Shutdown mode due to the
 288:Drivers/STM32G4xx_HAL_Driver/Src/stm32g4xx_hal_pwr_ex.c ****   *        power-on reset, maintained when exiting the Standby mode.
 289:Drivers/STM32G4xx_HAL_Driver/Src/stm32g4xx_hal_pwr_ex.c ****   * @note  To avoid any conflict at Standby and Shutdown modes exits, the corresponding
 290:Drivers/STM32G4xx_HAL_Driver/Src/stm32g4xx_hal_pwr_ex.c ****   *        PDy bit of PWR_PDCRx register is cleared unless it is reserved.
 291:Drivers/STM32G4xx_HAL_Driver/Src/stm32g4xx_hal_pwr_ex.c ****   * @note  Even if a PUy bit to set is reserved, the other PUy bits entered as input
 292:Drivers/STM32G4xx_HAL_Driver/Src/stm32g4xx_hal_pwr_ex.c ****   *        parameter at the same time are set.
 293:Drivers/STM32G4xx_HAL_Driver/Src/stm32g4xx_hal_pwr_ex.c ****   * @param  GPIO: Specify the IO port. This parameter can be PWR_GPIO_A, ..., PWR_GPIO_G
 294:Drivers/STM32G4xx_HAL_Driver/Src/stm32g4xx_hal_pwr_ex.c ****   *         (or PWR_GPIO_I depending on the devices) to select the GPIO peripheral.
 295:Drivers/STM32G4xx_HAL_Driver/Src/stm32g4xx_hal_pwr_ex.c ****   * @param  GPIONumber: Specify the I/O pins numbers.
 296:Drivers/STM32G4xx_HAL_Driver/Src/stm32g4xx_hal_pwr_ex.c ****   *         This parameter can be one of the following values:
 297:Drivers/STM32G4xx_HAL_Driver/Src/stm32g4xx_hal_pwr_ex.c ****   *         PWR_GPIO_BIT_0, ..., PWR_GPIO_BIT_15 (except for the port where less
 298:Drivers/STM32G4xx_HAL_Driver/Src/stm32g4xx_hal_pwr_ex.c ****   *         I/O pins are available) or the logical OR of several of them to set
 299:Drivers/STM32G4xx_HAL_Driver/Src/stm32g4xx_hal_pwr_ex.c ****   *         several bits for a given port in a single API call.
 300:Drivers/STM32G4xx_HAL_Driver/Src/stm32g4xx_hal_pwr_ex.c ****   * @retval HAL Status
 301:Drivers/STM32G4xx_HAL_Driver/Src/stm32g4xx_hal_pwr_ex.c ****   */
 302:Drivers/STM32G4xx_HAL_Driver/Src/stm32g4xx_hal_pwr_ex.c **** HAL_StatusTypeDef HAL_PWREx_EnableGPIOPullUp(uint32_t GPIO, uint32_t GPIONumber)
 303:Drivers/STM32G4xx_HAL_Driver/Src/stm32g4xx_hal_pwr_ex.c **** {
 383              		.loc 1 303 1 is_stmt 1 view -0
 384              		.cfi_startproc
 385              		@ args = 0, pretend = 0, frame = 0
 386              		@ frame_needed = 0, uses_anonymous_args = 0
 387              		@ link register save eliminated.
 304:Drivers/STM32G4xx_HAL_Driver/Src/stm32g4xx_hal_pwr_ex.c ****   HAL_StatusTypeDef status = HAL_OK;
 388              		.loc 1 304 3 view .LVU90
 305:Drivers/STM32G4xx_HAL_Driver/Src/stm32g4xx_hal_pwr_ex.c **** 
 306:Drivers/STM32G4xx_HAL_Driver/Src/stm32g4xx_hal_pwr_ex.c ****   assert_param(IS_PWR_GPIO(GPIO));
 389              		.loc 1 306 3 view .LVU91
 307:Drivers/STM32G4xx_HAL_Driver/Src/stm32g4xx_hal_pwr_ex.c ****   assert_param(IS_PWR_GPIO_BIT_NUMBER(GPIONumber));
 390              		.loc 1 307 3 view .LVU92
 308:Drivers/STM32G4xx_HAL_Driver/Src/stm32g4xx_hal_pwr_ex.c **** 
 309:Drivers/STM32G4xx_HAL_Driver/Src/stm32g4xx_hal_pwr_ex.c ****   switch (GPIO)
 391              		.loc 1 309 3 view .LVU93
 392 0000 0628     		cmp	r0, #6
 393 0002 56D8     		bhi	.L63
ARM GAS  /tmp/ccnRFgyO.s 			page 14


 394 0004 DFE800F0 		tbb	[pc, r0]
 395              	.L55:
 396 0008 12       		.byte	(.L61-.L55)/2
 397 0009 20       		.byte	(.L60-.L55)/2
 398 000a 2C       		.byte	(.L59-.L55)/2
 399 000b 36       		.byte	(.L58-.L55)/2
 400 000c 40       		.byte	(.L57-.L55)/2
 401 000d 4A       		.byte	(.L56-.L55)/2
 402 000e 04       		.byte	(.L54-.L55)/2
 403 000f 00       		.p2align 1
 404              	.L54:
 310:Drivers/STM32G4xx_HAL_Driver/Src/stm32g4xx_hal_pwr_ex.c ****   {
 311:Drivers/STM32G4xx_HAL_Driver/Src/stm32g4xx_hal_pwr_ex.c ****     case PWR_GPIO_A:
 312:Drivers/STM32G4xx_HAL_Driver/Src/stm32g4xx_hal_pwr_ex.c ****        SET_BIT(PWR->PUCRA, (GPIONumber & (~(PWR_GPIO_BIT_14))));
 313:Drivers/STM32G4xx_HAL_Driver/Src/stm32g4xx_hal_pwr_ex.c ****        CLEAR_BIT(PWR->PDCRA, (GPIONumber & (~(PWR_GPIO_BIT_13|PWR_GPIO_BIT_15))));
 314:Drivers/STM32G4xx_HAL_Driver/Src/stm32g4xx_hal_pwr_ex.c ****        break;
 315:Drivers/STM32G4xx_HAL_Driver/Src/stm32g4xx_hal_pwr_ex.c ****     case PWR_GPIO_B:
 316:Drivers/STM32G4xx_HAL_Driver/Src/stm32g4xx_hal_pwr_ex.c ****        SET_BIT(PWR->PUCRB, GPIONumber);
 317:Drivers/STM32G4xx_HAL_Driver/Src/stm32g4xx_hal_pwr_ex.c ****        CLEAR_BIT(PWR->PDCRB, (GPIONumber & (~(PWR_GPIO_BIT_4))));
 318:Drivers/STM32G4xx_HAL_Driver/Src/stm32g4xx_hal_pwr_ex.c ****        break;
 319:Drivers/STM32G4xx_HAL_Driver/Src/stm32g4xx_hal_pwr_ex.c ****     case PWR_GPIO_C:
 320:Drivers/STM32G4xx_HAL_Driver/Src/stm32g4xx_hal_pwr_ex.c ****        SET_BIT(PWR->PUCRC, GPIONumber);
 321:Drivers/STM32G4xx_HAL_Driver/Src/stm32g4xx_hal_pwr_ex.c ****        CLEAR_BIT(PWR->PDCRC, GPIONumber);
 322:Drivers/STM32G4xx_HAL_Driver/Src/stm32g4xx_hal_pwr_ex.c ****        break;
 323:Drivers/STM32G4xx_HAL_Driver/Src/stm32g4xx_hal_pwr_ex.c ****     case PWR_GPIO_D:
 324:Drivers/STM32G4xx_HAL_Driver/Src/stm32g4xx_hal_pwr_ex.c ****        SET_BIT(PWR->PUCRD, GPIONumber);
 325:Drivers/STM32G4xx_HAL_Driver/Src/stm32g4xx_hal_pwr_ex.c ****        CLEAR_BIT(PWR->PDCRD, GPIONumber);
 326:Drivers/STM32G4xx_HAL_Driver/Src/stm32g4xx_hal_pwr_ex.c ****        break;
 327:Drivers/STM32G4xx_HAL_Driver/Src/stm32g4xx_hal_pwr_ex.c ****     case PWR_GPIO_E:
 328:Drivers/STM32G4xx_HAL_Driver/Src/stm32g4xx_hal_pwr_ex.c ****        SET_BIT(PWR->PUCRE, GPIONumber);
 329:Drivers/STM32G4xx_HAL_Driver/Src/stm32g4xx_hal_pwr_ex.c ****        CLEAR_BIT(PWR->PDCRE, GPIONumber);
 330:Drivers/STM32G4xx_HAL_Driver/Src/stm32g4xx_hal_pwr_ex.c ****        break;
 331:Drivers/STM32G4xx_HAL_Driver/Src/stm32g4xx_hal_pwr_ex.c ****     case PWR_GPIO_F:
 332:Drivers/STM32G4xx_HAL_Driver/Src/stm32g4xx_hal_pwr_ex.c ****        SET_BIT(PWR->PUCRF, (GPIONumber & PWR_PORTF_AVAILABLE_PINS));
 333:Drivers/STM32G4xx_HAL_Driver/Src/stm32g4xx_hal_pwr_ex.c ****        CLEAR_BIT(PWR->PDCRF, (GPIONumber & PWR_PORTF_AVAILABLE_PINS));
 334:Drivers/STM32G4xx_HAL_Driver/Src/stm32g4xx_hal_pwr_ex.c ****        break;
 335:Drivers/STM32G4xx_HAL_Driver/Src/stm32g4xx_hal_pwr_ex.c ****     case PWR_GPIO_G:
 336:Drivers/STM32G4xx_HAL_Driver/Src/stm32g4xx_hal_pwr_ex.c ****        SET_BIT(PWR->PUCRG, (GPIONumber & PWR_PORTG_AVAILABLE_PINS));
 405              		.loc 1 336 8 view .LVU94
 406 0010 294B     		ldr	r3, .L64
 407 0012 186D     		ldr	r0, [r3, #80]
 408              	.LVL23:
 409              		.loc 1 336 8 is_stmt 0 view .LVU95
 410 0014 C1F30A02 		ubfx	r2, r1, #0, #11
 411 0018 0243     		orrs	r2, r2, r0
 412 001a 1A65     		str	r2, [r3, #80]
 337:Drivers/STM32G4xx_HAL_Driver/Src/stm32g4xx_hal_pwr_ex.c ****        CLEAR_BIT(PWR->PDCRG, ((GPIONumber & PWR_PORTG_AVAILABLE_PINS) & (~(PWR_GPIO_BIT_10))));
 413              		.loc 1 337 8 is_stmt 1 view .LVU96
 414 001c 5A6D     		ldr	r2, [r3, #84]
 415 001e C1F30901 		ubfx	r1, r1, #0, #10
 416              	.LVL24:
 417              		.loc 1 337 8 is_stmt 0 view .LVU97
 418 0022 22EA0102 		bic	r2, r2, r1
 419 0026 5A65     		str	r2, [r3, #84]
 338:Drivers/STM32G4xx_HAL_Driver/Src/stm32g4xx_hal_pwr_ex.c ****        break;
 420              		.loc 1 338 8 is_stmt 1 view .LVU98
 304:Drivers/STM32G4xx_HAL_Driver/Src/stm32g4xx_hal_pwr_ex.c **** 
ARM GAS  /tmp/ccnRFgyO.s 			page 15


 421              		.loc 1 304 21 is_stmt 0 view .LVU99
 422 0028 0020     		movs	r0, #0
 423 002a 7047     		bx	lr
 424              	.LVL25:
 425              	.L61:
 312:Drivers/STM32G4xx_HAL_Driver/Src/stm32g4xx_hal_pwr_ex.c ****        CLEAR_BIT(PWR->PDCRA, (GPIONumber & (~(PWR_GPIO_BIT_13|PWR_GPIO_BIT_15))));
 426              		.loc 1 312 8 is_stmt 1 view .LVU100
 427 002c 224B     		ldr	r3, .L64
 428 002e 186A     		ldr	r0, [r3, #32]
 429              	.LVL26:
 312:Drivers/STM32G4xx_HAL_Driver/Src/stm32g4xx_hal_pwr_ex.c ****        CLEAR_BIT(PWR->PDCRA, (GPIONumber & (~(PWR_GPIO_BIT_13|PWR_GPIO_BIT_15))));
 430              		.loc 1 312 8 is_stmt 0 view .LVU101
 431 0030 21F48042 		bic	r2, r1, #16384
 432 0034 0243     		orrs	r2, r2, r0
 433 0036 1A62     		str	r2, [r3, #32]
 313:Drivers/STM32G4xx_HAL_Driver/Src/stm32g4xx_hal_pwr_ex.c ****        break;
 434              		.loc 1 313 8 is_stmt 1 view .LVU102
 435 0038 5A6A     		ldr	r2, [r3, #36]
 436 003a 21F42041 		bic	r1, r1, #40960
 437              	.LVL27:
 313:Drivers/STM32G4xx_HAL_Driver/Src/stm32g4xx_hal_pwr_ex.c ****        break;
 438              		.loc 1 313 8 is_stmt 0 view .LVU103
 439 003e 22EA0102 		bic	r2, r2, r1
 440 0042 5A62     		str	r2, [r3, #36]
 314:Drivers/STM32G4xx_HAL_Driver/Src/stm32g4xx_hal_pwr_ex.c ****     case PWR_GPIO_B:
 441              		.loc 1 314 8 is_stmt 1 view .LVU104
 304:Drivers/STM32G4xx_HAL_Driver/Src/stm32g4xx_hal_pwr_ex.c **** 
 442              		.loc 1 304 21 is_stmt 0 view .LVU105
 443 0044 0020     		movs	r0, #0
 444 0046 7047     		bx	lr
 445              	.LVL28:
 446              	.L60:
 316:Drivers/STM32G4xx_HAL_Driver/Src/stm32g4xx_hal_pwr_ex.c ****        CLEAR_BIT(PWR->PDCRB, (GPIONumber & (~(PWR_GPIO_BIT_4))));
 447              		.loc 1 316 8 is_stmt 1 view .LVU106
 448 0048 1B4B     		ldr	r3, .L64
 449 004a 9A6A     		ldr	r2, [r3, #40]
 450 004c 0A43     		orrs	r2, r2, r1
 451 004e 9A62     		str	r2, [r3, #40]
 317:Drivers/STM32G4xx_HAL_Driver/Src/stm32g4xx_hal_pwr_ex.c ****        break;
 452              		.loc 1 317 8 view .LVU107
 453 0050 DA6A     		ldr	r2, [r3, #44]
 454 0052 21F01000 		bic	r0, r1, #16
 455              	.LVL29:
 317:Drivers/STM32G4xx_HAL_Driver/Src/stm32g4xx_hal_pwr_ex.c ****        break;
 456              		.loc 1 317 8 is_stmt 0 view .LVU108
 457 0056 22EA0002 		bic	r2, r2, r0
 458 005a DA62     		str	r2, [r3, #44]
 318:Drivers/STM32G4xx_HAL_Driver/Src/stm32g4xx_hal_pwr_ex.c ****     case PWR_GPIO_C:
 459              		.loc 1 318 8 is_stmt 1 view .LVU109
 304:Drivers/STM32G4xx_HAL_Driver/Src/stm32g4xx_hal_pwr_ex.c **** 
 460              		.loc 1 304 21 is_stmt 0 view .LVU110
 461 005c 0020     		movs	r0, #0
 462 005e 7047     		bx	lr
 463              	.LVL30:
 464              	.L59:
 320:Drivers/STM32G4xx_HAL_Driver/Src/stm32g4xx_hal_pwr_ex.c ****        CLEAR_BIT(PWR->PDCRC, GPIONumber);
 465              		.loc 1 320 8 is_stmt 1 view .LVU111
ARM GAS  /tmp/ccnRFgyO.s 			page 16


 466 0060 154B     		ldr	r3, .L64
 467 0062 1A6B     		ldr	r2, [r3, #48]
 468 0064 0A43     		orrs	r2, r2, r1
 469 0066 1A63     		str	r2, [r3, #48]
 321:Drivers/STM32G4xx_HAL_Driver/Src/stm32g4xx_hal_pwr_ex.c ****        break;
 470              		.loc 1 321 8 view .LVU112
 471 0068 5A6B     		ldr	r2, [r3, #52]
 472 006a 22EA0102 		bic	r2, r2, r1
 473 006e 5A63     		str	r2, [r3, #52]
 322:Drivers/STM32G4xx_HAL_Driver/Src/stm32g4xx_hal_pwr_ex.c ****     case PWR_GPIO_D:
 474              		.loc 1 322 8 view .LVU113
 304:Drivers/STM32G4xx_HAL_Driver/Src/stm32g4xx_hal_pwr_ex.c **** 
 475              		.loc 1 304 21 is_stmt 0 view .LVU114
 476 0070 0020     		movs	r0, #0
 477              	.LVL31:
 304:Drivers/STM32G4xx_HAL_Driver/Src/stm32g4xx_hal_pwr_ex.c **** 
 478              		.loc 1 304 21 view .LVU115
 479 0072 7047     		bx	lr
 480              	.LVL32:
 481              	.L58:
 324:Drivers/STM32G4xx_HAL_Driver/Src/stm32g4xx_hal_pwr_ex.c ****        CLEAR_BIT(PWR->PDCRD, GPIONumber);
 482              		.loc 1 324 8 is_stmt 1 view .LVU116
 483 0074 104B     		ldr	r3, .L64
 484 0076 9A6B     		ldr	r2, [r3, #56]
 485 0078 0A43     		orrs	r2, r2, r1
 486 007a 9A63     		str	r2, [r3, #56]
 325:Drivers/STM32G4xx_HAL_Driver/Src/stm32g4xx_hal_pwr_ex.c ****        break;
 487              		.loc 1 325 8 view .LVU117
 488 007c DA6B     		ldr	r2, [r3, #60]
 489 007e 22EA0102 		bic	r2, r2, r1
 490 0082 DA63     		str	r2, [r3, #60]
 326:Drivers/STM32G4xx_HAL_Driver/Src/stm32g4xx_hal_pwr_ex.c ****     case PWR_GPIO_E:
 491              		.loc 1 326 8 view .LVU118
 304:Drivers/STM32G4xx_HAL_Driver/Src/stm32g4xx_hal_pwr_ex.c **** 
 492              		.loc 1 304 21 is_stmt 0 view .LVU119
 493 0084 0020     		movs	r0, #0
 494              	.LVL33:
 304:Drivers/STM32G4xx_HAL_Driver/Src/stm32g4xx_hal_pwr_ex.c **** 
 495              		.loc 1 304 21 view .LVU120
 496 0086 7047     		bx	lr
 497              	.LVL34:
 498              	.L57:
 328:Drivers/STM32G4xx_HAL_Driver/Src/stm32g4xx_hal_pwr_ex.c ****        CLEAR_BIT(PWR->PDCRE, GPIONumber);
 499              		.loc 1 328 8 is_stmt 1 view .LVU121
 500 0088 0B4B     		ldr	r3, .L64
 501 008a 1A6C     		ldr	r2, [r3, #64]
 502 008c 0A43     		orrs	r2, r2, r1
 503 008e 1A64     		str	r2, [r3, #64]
 329:Drivers/STM32G4xx_HAL_Driver/Src/stm32g4xx_hal_pwr_ex.c ****        break;
 504              		.loc 1 329 8 view .LVU122
 505 0090 5A6C     		ldr	r2, [r3, #68]
 506 0092 22EA0102 		bic	r2, r2, r1
 507 0096 5A64     		str	r2, [r3, #68]
 330:Drivers/STM32G4xx_HAL_Driver/Src/stm32g4xx_hal_pwr_ex.c ****     case PWR_GPIO_F:
 508              		.loc 1 330 8 view .LVU123
 304:Drivers/STM32G4xx_HAL_Driver/Src/stm32g4xx_hal_pwr_ex.c **** 
 509              		.loc 1 304 21 is_stmt 0 view .LVU124
ARM GAS  /tmp/ccnRFgyO.s 			page 17


 510 0098 0020     		movs	r0, #0
 511              	.LVL35:
 304:Drivers/STM32G4xx_HAL_Driver/Src/stm32g4xx_hal_pwr_ex.c **** 
 512              		.loc 1 304 21 view .LVU125
 513 009a 7047     		bx	lr
 514              	.LVL36:
 515              	.L56:
 332:Drivers/STM32G4xx_HAL_Driver/Src/stm32g4xx_hal_pwr_ex.c ****        CLEAR_BIT(PWR->PDCRF, (GPIONumber & PWR_PORTF_AVAILABLE_PINS));
 516              		.loc 1 332 8 is_stmt 1 view .LVU126
 517 009c 064B     		ldr	r3, .L64
 518 009e 9A6C     		ldr	r2, [r3, #72]
 519 00a0 89B2     		uxth	r1, r1
 520              	.LVL37:
 332:Drivers/STM32G4xx_HAL_Driver/Src/stm32g4xx_hal_pwr_ex.c ****        CLEAR_BIT(PWR->PDCRF, (GPIONumber & PWR_PORTF_AVAILABLE_PINS));
 521              		.loc 1 332 8 is_stmt 0 view .LVU127
 522 00a2 0A43     		orrs	r2, r2, r1
 523 00a4 9A64     		str	r2, [r3, #72]
 333:Drivers/STM32G4xx_HAL_Driver/Src/stm32g4xx_hal_pwr_ex.c ****        break;
 524              		.loc 1 333 8 is_stmt 1 view .LVU128
 525 00a6 DA6C     		ldr	r2, [r3, #76]
 526 00a8 22EA0102 		bic	r2, r2, r1
 527 00ac DA64     		str	r2, [r3, #76]
 334:Drivers/STM32G4xx_HAL_Driver/Src/stm32g4xx_hal_pwr_ex.c ****     case PWR_GPIO_G:
 528              		.loc 1 334 8 view .LVU129
 304:Drivers/STM32G4xx_HAL_Driver/Src/stm32g4xx_hal_pwr_ex.c **** 
 529              		.loc 1 304 21 is_stmt 0 view .LVU130
 530 00ae 0020     		movs	r0, #0
 531              	.LVL38:
 304:Drivers/STM32G4xx_HAL_Driver/Src/stm32g4xx_hal_pwr_ex.c **** 
 532              		.loc 1 304 21 view .LVU131
 533 00b0 7047     		bx	lr
 534              	.LVL39:
 535              	.L63:
 309:Drivers/STM32G4xx_HAL_Driver/Src/stm32g4xx_hal_pwr_ex.c ****   {
 536              		.loc 1 309 3 view .LVU132
 537 00b2 0120     		movs	r0, #1
 538              	.LVL40:
 339:Drivers/STM32G4xx_HAL_Driver/Src/stm32g4xx_hal_pwr_ex.c ****     default:
 340:Drivers/STM32G4xx_HAL_Driver/Src/stm32g4xx_hal_pwr_ex.c ****       status = HAL_ERROR;
 341:Drivers/STM32G4xx_HAL_Driver/Src/stm32g4xx_hal_pwr_ex.c ****       break;
 342:Drivers/STM32G4xx_HAL_Driver/Src/stm32g4xx_hal_pwr_ex.c ****   }
 343:Drivers/STM32G4xx_HAL_Driver/Src/stm32g4xx_hal_pwr_ex.c **** 
 344:Drivers/STM32G4xx_HAL_Driver/Src/stm32g4xx_hal_pwr_ex.c ****   return status;
 539              		.loc 1 344 3 is_stmt 1 view .LVU133
 345:Drivers/STM32G4xx_HAL_Driver/Src/stm32g4xx_hal_pwr_ex.c **** }
 540              		.loc 1 345 1 is_stmt 0 view .LVU134
 541 00b4 7047     		bx	lr
 542              	.L65:
 543 00b6 00BF     		.align	2
 544              	.L64:
 545 00b8 00700040 		.word	1073770496
 546              		.cfi_endproc
 547              	.LFE335:
 549              		.section	.text.HAL_PWREx_DisableGPIOPullUp,"ax",%progbits
 550              		.align	1
 551              		.p2align 2,,3
 552              		.global	HAL_PWREx_DisableGPIOPullUp
ARM GAS  /tmp/ccnRFgyO.s 			page 18


 553              		.syntax unified
 554              		.thumb
 555              		.thumb_func
 557              	HAL_PWREx_DisableGPIOPullUp:
 558              	.LVL41:
 559              	.LFB336:
 346:Drivers/STM32G4xx_HAL_Driver/Src/stm32g4xx_hal_pwr_ex.c **** 
 347:Drivers/STM32G4xx_HAL_Driver/Src/stm32g4xx_hal_pwr_ex.c **** 
 348:Drivers/STM32G4xx_HAL_Driver/Src/stm32g4xx_hal_pwr_ex.c **** /**
 349:Drivers/STM32G4xx_HAL_Driver/Src/stm32g4xx_hal_pwr_ex.c ****   * @brief Disable GPIO pull-up state in Standby mode and Shutdown modes.
 350:Drivers/STM32G4xx_HAL_Driver/Src/stm32g4xx_hal_pwr_ex.c ****   * @note  Reset the relevant PUy bits of PWR_PUCRx register used to configure the I/O
 351:Drivers/STM32G4xx_HAL_Driver/Src/stm32g4xx_hal_pwr_ex.c ****   *        in pull-up state in Standby and Shutdown modes.
 352:Drivers/STM32G4xx_HAL_Driver/Src/stm32g4xx_hal_pwr_ex.c ****   * @note  Even if a PUy bit to reset is reserved, the other PUy bits entered as input
 353:Drivers/STM32G4xx_HAL_Driver/Src/stm32g4xx_hal_pwr_ex.c ****   *        parameter at the same time are reset.
 354:Drivers/STM32G4xx_HAL_Driver/Src/stm32g4xx_hal_pwr_ex.c ****   * @param  GPIO: Specifies the IO port. This parameter can be PWR_GPIO_A, ..., PWR_GPIO_G
 355:Drivers/STM32G4xx_HAL_Driver/Src/stm32g4xx_hal_pwr_ex.c ****   *          (or PWR_GPIO_I depending on the devices) to select the GPIO peripheral.
 356:Drivers/STM32G4xx_HAL_Driver/Src/stm32g4xx_hal_pwr_ex.c ****   * @param  GPIONumber: Specify the I/O pins numbers.
 357:Drivers/STM32G4xx_HAL_Driver/Src/stm32g4xx_hal_pwr_ex.c ****   *         This parameter can be one of the following values:
 358:Drivers/STM32G4xx_HAL_Driver/Src/stm32g4xx_hal_pwr_ex.c ****   *         PWR_GPIO_BIT_0, ..., PWR_GPIO_BIT_15 (except for the port where less
 359:Drivers/STM32G4xx_HAL_Driver/Src/stm32g4xx_hal_pwr_ex.c ****   *         I/O pins are available) or the logical OR of several of them to reset
 360:Drivers/STM32G4xx_HAL_Driver/Src/stm32g4xx_hal_pwr_ex.c ****   *         several bits for a given port in a single API call.
 361:Drivers/STM32G4xx_HAL_Driver/Src/stm32g4xx_hal_pwr_ex.c ****   * @retval HAL Status
 362:Drivers/STM32G4xx_HAL_Driver/Src/stm32g4xx_hal_pwr_ex.c ****   */
 363:Drivers/STM32G4xx_HAL_Driver/Src/stm32g4xx_hal_pwr_ex.c **** HAL_StatusTypeDef HAL_PWREx_DisableGPIOPullUp(uint32_t GPIO, uint32_t GPIONumber)
 364:Drivers/STM32G4xx_HAL_Driver/Src/stm32g4xx_hal_pwr_ex.c **** {
 560              		.loc 1 364 1 is_stmt 1 view -0
 561              		.cfi_startproc
 562              		@ args = 0, pretend = 0, frame = 0
 563              		@ frame_needed = 0, uses_anonymous_args = 0
 564              		@ link register save eliminated.
 365:Drivers/STM32G4xx_HAL_Driver/Src/stm32g4xx_hal_pwr_ex.c ****   HAL_StatusTypeDef status = HAL_OK;
 565              		.loc 1 365 3 view .LVU136
 366:Drivers/STM32G4xx_HAL_Driver/Src/stm32g4xx_hal_pwr_ex.c **** 
 367:Drivers/STM32G4xx_HAL_Driver/Src/stm32g4xx_hal_pwr_ex.c ****   assert_param(IS_PWR_GPIO(GPIO));
 566              		.loc 1 367 3 view .LVU137
 368:Drivers/STM32G4xx_HAL_Driver/Src/stm32g4xx_hal_pwr_ex.c ****   assert_param(IS_PWR_GPIO_BIT_NUMBER(GPIONumber));
 567              		.loc 1 368 3 view .LVU138
 369:Drivers/STM32G4xx_HAL_Driver/Src/stm32g4xx_hal_pwr_ex.c **** 
 370:Drivers/STM32G4xx_HAL_Driver/Src/stm32g4xx_hal_pwr_ex.c ****   switch (GPIO)
 568              		.loc 1 370 3 view .LVU139
 569 0000 0628     		cmp	r0, #6
 570 0002 3BD8     		bhi	.L77
 571 0004 DFE800F0 		tbb	[pc, r0]
 572              	.L69:
 573 0008 0D       		.byte	(.L75-.L69)/2
 574 0009 16       		.byte	(.L74-.L69)/2
 575 000a 1D       		.byte	(.L73-.L69)/2
 576 000b 24       		.byte	(.L72-.L69)/2
 577 000c 2B       		.byte	(.L71-.L69)/2
 578 000d 32       		.byte	(.L70-.L69)/2
 579 000e 04       		.byte	(.L68-.L69)/2
 580 000f 00       		.p2align 1
 581              	.L68:
 371:Drivers/STM32G4xx_HAL_Driver/Src/stm32g4xx_hal_pwr_ex.c ****   {
 372:Drivers/STM32G4xx_HAL_Driver/Src/stm32g4xx_hal_pwr_ex.c ****     case PWR_GPIO_A:
 373:Drivers/STM32G4xx_HAL_Driver/Src/stm32g4xx_hal_pwr_ex.c ****        CLEAR_BIT(PWR->PUCRA, (GPIONumber & (~(PWR_GPIO_BIT_14))));
 374:Drivers/STM32G4xx_HAL_Driver/Src/stm32g4xx_hal_pwr_ex.c ****        break;
ARM GAS  /tmp/ccnRFgyO.s 			page 19


 375:Drivers/STM32G4xx_HAL_Driver/Src/stm32g4xx_hal_pwr_ex.c ****     case PWR_GPIO_B:
 376:Drivers/STM32G4xx_HAL_Driver/Src/stm32g4xx_hal_pwr_ex.c ****        CLEAR_BIT(PWR->PUCRB, GPIONumber);
 377:Drivers/STM32G4xx_HAL_Driver/Src/stm32g4xx_hal_pwr_ex.c ****        break;
 378:Drivers/STM32G4xx_HAL_Driver/Src/stm32g4xx_hal_pwr_ex.c ****     case PWR_GPIO_C:
 379:Drivers/STM32G4xx_HAL_Driver/Src/stm32g4xx_hal_pwr_ex.c ****        CLEAR_BIT(PWR->PUCRC, GPIONumber);
 380:Drivers/STM32G4xx_HAL_Driver/Src/stm32g4xx_hal_pwr_ex.c ****        break;
 381:Drivers/STM32G4xx_HAL_Driver/Src/stm32g4xx_hal_pwr_ex.c ****     case PWR_GPIO_D:
 382:Drivers/STM32G4xx_HAL_Driver/Src/stm32g4xx_hal_pwr_ex.c ****        CLEAR_BIT(PWR->PUCRD, GPIONumber);
 383:Drivers/STM32G4xx_HAL_Driver/Src/stm32g4xx_hal_pwr_ex.c ****        break;
 384:Drivers/STM32G4xx_HAL_Driver/Src/stm32g4xx_hal_pwr_ex.c ****     case PWR_GPIO_E:
 385:Drivers/STM32G4xx_HAL_Driver/Src/stm32g4xx_hal_pwr_ex.c ****        CLEAR_BIT(PWR->PUCRE, GPIONumber);
 386:Drivers/STM32G4xx_HAL_Driver/Src/stm32g4xx_hal_pwr_ex.c ****        break;
 387:Drivers/STM32G4xx_HAL_Driver/Src/stm32g4xx_hal_pwr_ex.c ****     case PWR_GPIO_F:
 388:Drivers/STM32G4xx_HAL_Driver/Src/stm32g4xx_hal_pwr_ex.c ****        CLEAR_BIT(PWR->PUCRF, (GPIONumber & PWR_PORTF_AVAILABLE_PINS));
 389:Drivers/STM32G4xx_HAL_Driver/Src/stm32g4xx_hal_pwr_ex.c ****        break;
 390:Drivers/STM32G4xx_HAL_Driver/Src/stm32g4xx_hal_pwr_ex.c ****     case PWR_GPIO_G:
 391:Drivers/STM32G4xx_HAL_Driver/Src/stm32g4xx_hal_pwr_ex.c ****        CLEAR_BIT(PWR->PUCRG, (GPIONumber & PWR_PORTG_AVAILABLE_PINS));
 582              		.loc 1 391 8 view .LVU140
 583 0010 1B4A     		ldr	r2, .L78
 584 0012 136D     		ldr	r3, [r2, #80]
 585 0014 C1F30A01 		ubfx	r1, r1, #0, #11
 586              	.LVL42:
 587              		.loc 1 391 8 is_stmt 0 view .LVU141
 588 0018 23EA0103 		bic	r3, r3, r1
 589 001c 1365     		str	r3, [r2, #80]
 392:Drivers/STM32G4xx_HAL_Driver/Src/stm32g4xx_hal_pwr_ex.c ****        break;
 590              		.loc 1 392 8 is_stmt 1 view .LVU142
 365:Drivers/STM32G4xx_HAL_Driver/Src/stm32g4xx_hal_pwr_ex.c **** 
 591              		.loc 1 365 21 is_stmt 0 view .LVU143
 592 001e 0020     		movs	r0, #0
 593              	.LVL43:
 365:Drivers/STM32G4xx_HAL_Driver/Src/stm32g4xx_hal_pwr_ex.c **** 
 594              		.loc 1 365 21 view .LVU144
 595 0020 7047     		bx	lr
 596              	.LVL44:
 597              	.L75:
 373:Drivers/STM32G4xx_HAL_Driver/Src/stm32g4xx_hal_pwr_ex.c ****        break;
 598              		.loc 1 373 8 is_stmt 1 view .LVU145
 599 0022 174A     		ldr	r2, .L78
 600 0024 136A     		ldr	r3, [r2, #32]
 601 0026 21F48041 		bic	r1, r1, #16384
 602              	.LVL45:
 373:Drivers/STM32G4xx_HAL_Driver/Src/stm32g4xx_hal_pwr_ex.c ****        break;
 603              		.loc 1 373 8 is_stmt 0 view .LVU146
 604 002a 23EA0103 		bic	r3, r3, r1
 605 002e 1362     		str	r3, [r2, #32]
 374:Drivers/STM32G4xx_HAL_Driver/Src/stm32g4xx_hal_pwr_ex.c ****     case PWR_GPIO_B:
 606              		.loc 1 374 8 is_stmt 1 view .LVU147
 365:Drivers/STM32G4xx_HAL_Driver/Src/stm32g4xx_hal_pwr_ex.c **** 
 607              		.loc 1 365 21 is_stmt 0 view .LVU148
 608 0030 0020     		movs	r0, #0
 609              	.LVL46:
 365:Drivers/STM32G4xx_HAL_Driver/Src/stm32g4xx_hal_pwr_ex.c **** 
 610              		.loc 1 365 21 view .LVU149
 611 0032 7047     		bx	lr
 612              	.LVL47:
 613              	.L74:
ARM GAS  /tmp/ccnRFgyO.s 			page 20


 376:Drivers/STM32G4xx_HAL_Driver/Src/stm32g4xx_hal_pwr_ex.c ****        break;
 614              		.loc 1 376 8 is_stmt 1 view .LVU150
 615 0034 124A     		ldr	r2, .L78
 616 0036 936A     		ldr	r3, [r2, #40]
 617 0038 23EA0103 		bic	r3, r3, r1
 618 003c 9362     		str	r3, [r2, #40]
 377:Drivers/STM32G4xx_HAL_Driver/Src/stm32g4xx_hal_pwr_ex.c ****     case PWR_GPIO_C:
 619              		.loc 1 377 8 view .LVU151
 365:Drivers/STM32G4xx_HAL_Driver/Src/stm32g4xx_hal_pwr_ex.c **** 
 620              		.loc 1 365 21 is_stmt 0 view .LVU152
 621 003e 0020     		movs	r0, #0
 622              	.LVL48:
 365:Drivers/STM32G4xx_HAL_Driver/Src/stm32g4xx_hal_pwr_ex.c **** 
 623              		.loc 1 365 21 view .LVU153
 624 0040 7047     		bx	lr
 625              	.LVL49:
 626              	.L73:
 379:Drivers/STM32G4xx_HAL_Driver/Src/stm32g4xx_hal_pwr_ex.c ****        break;
 627              		.loc 1 379 8 is_stmt 1 view .LVU154
 628 0042 0F4A     		ldr	r2, .L78
 629 0044 136B     		ldr	r3, [r2, #48]
 630 0046 23EA0103 		bic	r3, r3, r1
 631 004a 1363     		str	r3, [r2, #48]
 380:Drivers/STM32G4xx_HAL_Driver/Src/stm32g4xx_hal_pwr_ex.c ****     case PWR_GPIO_D:
 632              		.loc 1 380 8 view .LVU155
 365:Drivers/STM32G4xx_HAL_Driver/Src/stm32g4xx_hal_pwr_ex.c **** 
 633              		.loc 1 365 21 is_stmt 0 view .LVU156
 634 004c 0020     		movs	r0, #0
 635              	.LVL50:
 365:Drivers/STM32G4xx_HAL_Driver/Src/stm32g4xx_hal_pwr_ex.c **** 
 636              		.loc 1 365 21 view .LVU157
 637 004e 7047     		bx	lr
 638              	.LVL51:
 639              	.L72:
 382:Drivers/STM32G4xx_HAL_Driver/Src/stm32g4xx_hal_pwr_ex.c ****        break;
 640              		.loc 1 382 8 is_stmt 1 view .LVU158
 641 0050 0B4A     		ldr	r2, .L78
 642 0052 936B     		ldr	r3, [r2, #56]
 643 0054 23EA0103 		bic	r3, r3, r1
 644 0058 9363     		str	r3, [r2, #56]
 383:Drivers/STM32G4xx_HAL_Driver/Src/stm32g4xx_hal_pwr_ex.c ****     case PWR_GPIO_E:
 645              		.loc 1 383 8 view .LVU159
 365:Drivers/STM32G4xx_HAL_Driver/Src/stm32g4xx_hal_pwr_ex.c **** 
 646              		.loc 1 365 21 is_stmt 0 view .LVU160
 647 005a 0020     		movs	r0, #0
 648              	.LVL52:
 365:Drivers/STM32G4xx_HAL_Driver/Src/stm32g4xx_hal_pwr_ex.c **** 
 649              		.loc 1 365 21 view .LVU161
 650 005c 7047     		bx	lr
 651              	.LVL53:
 652              	.L71:
 385:Drivers/STM32G4xx_HAL_Driver/Src/stm32g4xx_hal_pwr_ex.c ****        break;
 653              		.loc 1 385 8 is_stmt 1 view .LVU162
 654 005e 084A     		ldr	r2, .L78
 655 0060 136C     		ldr	r3, [r2, #64]
 656 0062 23EA0103 		bic	r3, r3, r1
 657 0066 1364     		str	r3, [r2, #64]
ARM GAS  /tmp/ccnRFgyO.s 			page 21


 386:Drivers/STM32G4xx_HAL_Driver/Src/stm32g4xx_hal_pwr_ex.c ****     case PWR_GPIO_F:
 658              		.loc 1 386 8 view .LVU163
 365:Drivers/STM32G4xx_HAL_Driver/Src/stm32g4xx_hal_pwr_ex.c **** 
 659              		.loc 1 365 21 is_stmt 0 view .LVU164
 660 0068 0020     		movs	r0, #0
 661              	.LVL54:
 365:Drivers/STM32G4xx_HAL_Driver/Src/stm32g4xx_hal_pwr_ex.c **** 
 662              		.loc 1 365 21 view .LVU165
 663 006a 7047     		bx	lr
 664              	.LVL55:
 665              	.L70:
 388:Drivers/STM32G4xx_HAL_Driver/Src/stm32g4xx_hal_pwr_ex.c ****        break;
 666              		.loc 1 388 8 is_stmt 1 view .LVU166
 667 006c 044A     		ldr	r2, .L78
 668 006e 936C     		ldr	r3, [r2, #72]
 669 0070 89B2     		uxth	r1, r1
 670              	.LVL56:
 388:Drivers/STM32G4xx_HAL_Driver/Src/stm32g4xx_hal_pwr_ex.c ****        break;
 671              		.loc 1 388 8 is_stmt 0 view .LVU167
 672 0072 23EA0103 		bic	r3, r3, r1
 673 0076 9364     		str	r3, [r2, #72]
 389:Drivers/STM32G4xx_HAL_Driver/Src/stm32g4xx_hal_pwr_ex.c ****     case PWR_GPIO_G:
 674              		.loc 1 389 8 is_stmt 1 view .LVU168
 365:Drivers/STM32G4xx_HAL_Driver/Src/stm32g4xx_hal_pwr_ex.c **** 
 675              		.loc 1 365 21 is_stmt 0 view .LVU169
 676 0078 0020     		movs	r0, #0
 677              	.LVL57:
 365:Drivers/STM32G4xx_HAL_Driver/Src/stm32g4xx_hal_pwr_ex.c **** 
 678              		.loc 1 365 21 view .LVU170
 679 007a 7047     		bx	lr
 680              	.LVL58:
 681              	.L77:
 370:Drivers/STM32G4xx_HAL_Driver/Src/stm32g4xx_hal_pwr_ex.c ****   {
 682              		.loc 1 370 3 view .LVU171
 683 007c 0120     		movs	r0, #1
 684              	.LVL59:
 393:Drivers/STM32G4xx_HAL_Driver/Src/stm32g4xx_hal_pwr_ex.c ****     default:
 394:Drivers/STM32G4xx_HAL_Driver/Src/stm32g4xx_hal_pwr_ex.c ****        status = HAL_ERROR;
 395:Drivers/STM32G4xx_HAL_Driver/Src/stm32g4xx_hal_pwr_ex.c ****        break;
 396:Drivers/STM32G4xx_HAL_Driver/Src/stm32g4xx_hal_pwr_ex.c ****   }
 397:Drivers/STM32G4xx_HAL_Driver/Src/stm32g4xx_hal_pwr_ex.c **** 
 398:Drivers/STM32G4xx_HAL_Driver/Src/stm32g4xx_hal_pwr_ex.c ****   return status;
 685              		.loc 1 398 3 is_stmt 1 view .LVU172
 399:Drivers/STM32G4xx_HAL_Driver/Src/stm32g4xx_hal_pwr_ex.c **** }
 686              		.loc 1 399 1 is_stmt 0 view .LVU173
 687 007e 7047     		bx	lr
 688              	.L79:
 689              		.align	2
 690              	.L78:
 691 0080 00700040 		.word	1073770496
 692              		.cfi_endproc
 693              	.LFE336:
 695              		.section	.text.HAL_PWREx_EnableGPIOPullDown,"ax",%progbits
 696              		.align	1
 697              		.p2align 2,,3
 698              		.global	HAL_PWREx_EnableGPIOPullDown
 699              		.syntax unified
ARM GAS  /tmp/ccnRFgyO.s 			page 22


 700              		.thumb
 701              		.thumb_func
 703              	HAL_PWREx_EnableGPIOPullDown:
 704              	.LVL60:
 705              	.LFB337:
 400:Drivers/STM32G4xx_HAL_Driver/Src/stm32g4xx_hal_pwr_ex.c **** 
 401:Drivers/STM32G4xx_HAL_Driver/Src/stm32g4xx_hal_pwr_ex.c **** 
 402:Drivers/STM32G4xx_HAL_Driver/Src/stm32g4xx_hal_pwr_ex.c **** 
 403:Drivers/STM32G4xx_HAL_Driver/Src/stm32g4xx_hal_pwr_ex.c **** /**
 404:Drivers/STM32G4xx_HAL_Driver/Src/stm32g4xx_hal_pwr_ex.c ****   * @brief Enable GPIO pull-down state in Standby and Shutdown modes.
 405:Drivers/STM32G4xx_HAL_Driver/Src/stm32g4xx_hal_pwr_ex.c ****   * @note  Set the relevant PDy bits of PWR_PDCRx register to configure the I/O in
 406:Drivers/STM32G4xx_HAL_Driver/Src/stm32g4xx_hal_pwr_ex.c ****   *        pull-down state in Standby and Shutdown modes.
 407:Drivers/STM32G4xx_HAL_Driver/Src/stm32g4xx_hal_pwr_ex.c ****   * @note  This state is effective in Standby and Shutdown modes only if APC bit
 408:Drivers/STM32G4xx_HAL_Driver/Src/stm32g4xx_hal_pwr_ex.c ****   *        is set through HAL_PWREx_EnablePullUpPullDownConfig() API.
 409:Drivers/STM32G4xx_HAL_Driver/Src/stm32g4xx_hal_pwr_ex.c ****   * @note  The configuration is lost when exiting the Shutdown mode due to the
 410:Drivers/STM32G4xx_HAL_Driver/Src/stm32g4xx_hal_pwr_ex.c ****   *        power-on reset, maintained when exiting the Standby mode.
 411:Drivers/STM32G4xx_HAL_Driver/Src/stm32g4xx_hal_pwr_ex.c ****   * @note  To avoid any conflict at Standby and Shutdown modes exits, the corresponding
 412:Drivers/STM32G4xx_HAL_Driver/Src/stm32g4xx_hal_pwr_ex.c ****   *        PUy bit of PWR_PUCRx register is cleared unless it is reserved.
 413:Drivers/STM32G4xx_HAL_Driver/Src/stm32g4xx_hal_pwr_ex.c ****   * @note  Even if a PDy bit to set is reserved, the other PDy bits entered as input
 414:Drivers/STM32G4xx_HAL_Driver/Src/stm32g4xx_hal_pwr_ex.c ****   *        parameter at the same time are set.
 415:Drivers/STM32G4xx_HAL_Driver/Src/stm32g4xx_hal_pwr_ex.c ****   * @param  GPIO: Specify the IO port. This parameter can be PWR_GPIO_A..PWR_GPIO_G
 416:Drivers/STM32G4xx_HAL_Driver/Src/stm32g4xx_hal_pwr_ex.c ****   *         (or PWR_GPIO_I depending on the devices) to select the GPIO peripheral.
 417:Drivers/STM32G4xx_HAL_Driver/Src/stm32g4xx_hal_pwr_ex.c ****   * @param  GPIONumber: Specify the I/O pins numbers.
 418:Drivers/STM32G4xx_HAL_Driver/Src/stm32g4xx_hal_pwr_ex.c ****   *         This parameter can be one of the following values:
 419:Drivers/STM32G4xx_HAL_Driver/Src/stm32g4xx_hal_pwr_ex.c ****   *         PWR_GPIO_BIT_0, ..., PWR_GPIO_BIT_15 (except for the port where less
 420:Drivers/STM32G4xx_HAL_Driver/Src/stm32g4xx_hal_pwr_ex.c ****   *         I/O pins are available) or the logical OR of several of them to set
 421:Drivers/STM32G4xx_HAL_Driver/Src/stm32g4xx_hal_pwr_ex.c ****   *         several bits for a given port in a single API call.
 422:Drivers/STM32G4xx_HAL_Driver/Src/stm32g4xx_hal_pwr_ex.c ****   * @retval HAL Status
 423:Drivers/STM32G4xx_HAL_Driver/Src/stm32g4xx_hal_pwr_ex.c ****   */
 424:Drivers/STM32G4xx_HAL_Driver/Src/stm32g4xx_hal_pwr_ex.c **** HAL_StatusTypeDef HAL_PWREx_EnableGPIOPullDown(uint32_t GPIO, uint32_t GPIONumber)
 425:Drivers/STM32G4xx_HAL_Driver/Src/stm32g4xx_hal_pwr_ex.c **** {
 706              		.loc 1 425 1 is_stmt 1 view -0
 707              		.cfi_startproc
 708              		@ args = 0, pretend = 0, frame = 0
 709              		@ frame_needed = 0, uses_anonymous_args = 0
 710              		@ link register save eliminated.
 426:Drivers/STM32G4xx_HAL_Driver/Src/stm32g4xx_hal_pwr_ex.c ****   HAL_StatusTypeDef status = HAL_OK;
 711              		.loc 1 426 3 view .LVU175
 427:Drivers/STM32G4xx_HAL_Driver/Src/stm32g4xx_hal_pwr_ex.c **** 
 428:Drivers/STM32G4xx_HAL_Driver/Src/stm32g4xx_hal_pwr_ex.c ****   assert_param(IS_PWR_GPIO(GPIO));
 712              		.loc 1 428 3 view .LVU176
 429:Drivers/STM32G4xx_HAL_Driver/Src/stm32g4xx_hal_pwr_ex.c ****   assert_param(IS_PWR_GPIO_BIT_NUMBER(GPIONumber));
 713              		.loc 1 429 3 view .LVU177
 430:Drivers/STM32G4xx_HAL_Driver/Src/stm32g4xx_hal_pwr_ex.c **** 
 431:Drivers/STM32G4xx_HAL_Driver/Src/stm32g4xx_hal_pwr_ex.c ****   switch (GPIO)
 714              		.loc 1 431 3 view .LVU178
 715 0000 0628     		cmp	r0, #6
 716 0002 56D8     		bhi	.L91
 717 0004 DFE800F0 		tbb	[pc, r0]
 718              	.L83:
 719 0008 12       		.byte	(.L89-.L83)/2
 720 0009 20       		.byte	(.L88-.L83)/2
 721 000a 2C       		.byte	(.L87-.L83)/2
 722 000b 36       		.byte	(.L86-.L83)/2
 723 000c 40       		.byte	(.L85-.L83)/2
 724 000d 4A       		.byte	(.L84-.L83)/2
 725 000e 04       		.byte	(.L82-.L83)/2
ARM GAS  /tmp/ccnRFgyO.s 			page 23


 726 000f 00       		.p2align 1
 727              	.L82:
 432:Drivers/STM32G4xx_HAL_Driver/Src/stm32g4xx_hal_pwr_ex.c ****   {
 433:Drivers/STM32G4xx_HAL_Driver/Src/stm32g4xx_hal_pwr_ex.c ****     case PWR_GPIO_A:
 434:Drivers/STM32G4xx_HAL_Driver/Src/stm32g4xx_hal_pwr_ex.c ****        SET_BIT(PWR->PDCRA, (GPIONumber & (~(PWR_GPIO_BIT_13|PWR_GPIO_BIT_15))));
 435:Drivers/STM32G4xx_HAL_Driver/Src/stm32g4xx_hal_pwr_ex.c ****        CLEAR_BIT(PWR->PUCRA, (GPIONumber & (~(PWR_GPIO_BIT_14))));
 436:Drivers/STM32G4xx_HAL_Driver/Src/stm32g4xx_hal_pwr_ex.c ****        break;
 437:Drivers/STM32G4xx_HAL_Driver/Src/stm32g4xx_hal_pwr_ex.c ****     case PWR_GPIO_B:
 438:Drivers/STM32G4xx_HAL_Driver/Src/stm32g4xx_hal_pwr_ex.c ****        SET_BIT(PWR->PDCRB, (GPIONumber & (~(PWR_GPIO_BIT_4))));
 439:Drivers/STM32G4xx_HAL_Driver/Src/stm32g4xx_hal_pwr_ex.c ****        CLEAR_BIT(PWR->PUCRB, GPIONumber);
 440:Drivers/STM32G4xx_HAL_Driver/Src/stm32g4xx_hal_pwr_ex.c ****        break;
 441:Drivers/STM32G4xx_HAL_Driver/Src/stm32g4xx_hal_pwr_ex.c ****     case PWR_GPIO_C:
 442:Drivers/STM32G4xx_HAL_Driver/Src/stm32g4xx_hal_pwr_ex.c ****        SET_BIT(PWR->PDCRC, GPIONumber);
 443:Drivers/STM32G4xx_HAL_Driver/Src/stm32g4xx_hal_pwr_ex.c ****        CLEAR_BIT(PWR->PUCRC, GPIONumber);
 444:Drivers/STM32G4xx_HAL_Driver/Src/stm32g4xx_hal_pwr_ex.c ****        break;
 445:Drivers/STM32G4xx_HAL_Driver/Src/stm32g4xx_hal_pwr_ex.c ****     case PWR_GPIO_D:
 446:Drivers/STM32G4xx_HAL_Driver/Src/stm32g4xx_hal_pwr_ex.c ****        SET_BIT(PWR->PDCRD, GPIONumber);
 447:Drivers/STM32G4xx_HAL_Driver/Src/stm32g4xx_hal_pwr_ex.c ****        CLEAR_BIT(PWR->PUCRD, GPIONumber);
 448:Drivers/STM32G4xx_HAL_Driver/Src/stm32g4xx_hal_pwr_ex.c ****        break;
 449:Drivers/STM32G4xx_HAL_Driver/Src/stm32g4xx_hal_pwr_ex.c ****     case PWR_GPIO_E:
 450:Drivers/STM32G4xx_HAL_Driver/Src/stm32g4xx_hal_pwr_ex.c ****        SET_BIT(PWR->PDCRE, GPIONumber);
 451:Drivers/STM32G4xx_HAL_Driver/Src/stm32g4xx_hal_pwr_ex.c ****        CLEAR_BIT(PWR->PUCRE, GPIONumber);
 452:Drivers/STM32G4xx_HAL_Driver/Src/stm32g4xx_hal_pwr_ex.c ****        break;
 453:Drivers/STM32G4xx_HAL_Driver/Src/stm32g4xx_hal_pwr_ex.c ****     case PWR_GPIO_F:
 454:Drivers/STM32G4xx_HAL_Driver/Src/stm32g4xx_hal_pwr_ex.c ****        SET_BIT(PWR->PDCRF, (GPIONumber & PWR_PORTF_AVAILABLE_PINS));
 455:Drivers/STM32G4xx_HAL_Driver/Src/stm32g4xx_hal_pwr_ex.c ****        CLEAR_BIT(PWR->PUCRF, (GPIONumber & PWR_PORTF_AVAILABLE_PINS));
 456:Drivers/STM32G4xx_HAL_Driver/Src/stm32g4xx_hal_pwr_ex.c ****        break;
 457:Drivers/STM32G4xx_HAL_Driver/Src/stm32g4xx_hal_pwr_ex.c ****     case PWR_GPIO_G:
 458:Drivers/STM32G4xx_HAL_Driver/Src/stm32g4xx_hal_pwr_ex.c ****        SET_BIT(PWR->PDCRG, ((GPIONumber & PWR_PORTG_AVAILABLE_PINS) & (~(PWR_GPIO_BIT_10))));
 728              		.loc 1 458 8 view .LVU179
 729 0010 294B     		ldr	r3, .L92
 730 0012 586D     		ldr	r0, [r3, #84]
 731              	.LVL61:
 732              		.loc 1 458 8 is_stmt 0 view .LVU180
 733 0014 C1F30902 		ubfx	r2, r1, #0, #10
 734 0018 0243     		orrs	r2, r2, r0
 735 001a 5A65     		str	r2, [r3, #84]
 459:Drivers/STM32G4xx_HAL_Driver/Src/stm32g4xx_hal_pwr_ex.c ****        CLEAR_BIT(PWR->PUCRG, (GPIONumber & PWR_PORTG_AVAILABLE_PINS));
 736              		.loc 1 459 8 is_stmt 1 view .LVU181
 737 001c 1A6D     		ldr	r2, [r3, #80]
 738 001e C1F30A01 		ubfx	r1, r1, #0, #11
 739              	.LVL62:
 740              		.loc 1 459 8 is_stmt 0 view .LVU182
 741 0022 22EA0102 		bic	r2, r2, r1
 742 0026 1A65     		str	r2, [r3, #80]
 460:Drivers/STM32G4xx_HAL_Driver/Src/stm32g4xx_hal_pwr_ex.c ****        break;
 743              		.loc 1 460 8 is_stmt 1 view .LVU183
 426:Drivers/STM32G4xx_HAL_Driver/Src/stm32g4xx_hal_pwr_ex.c **** 
 744              		.loc 1 426 21 is_stmt 0 view .LVU184
 745 0028 0020     		movs	r0, #0
 746 002a 7047     		bx	lr
 747              	.LVL63:
 748              	.L89:
 434:Drivers/STM32G4xx_HAL_Driver/Src/stm32g4xx_hal_pwr_ex.c ****        CLEAR_BIT(PWR->PUCRA, (GPIONumber & (~(PWR_GPIO_BIT_14))));
 749              		.loc 1 434 8 is_stmt 1 view .LVU185
 750 002c 224B     		ldr	r3, .L92
 751 002e 586A     		ldr	r0, [r3, #36]
ARM GAS  /tmp/ccnRFgyO.s 			page 24


 752              	.LVL64:
 434:Drivers/STM32G4xx_HAL_Driver/Src/stm32g4xx_hal_pwr_ex.c ****        CLEAR_BIT(PWR->PUCRA, (GPIONumber & (~(PWR_GPIO_BIT_14))));
 753              		.loc 1 434 8 is_stmt 0 view .LVU186
 754 0030 21F42042 		bic	r2, r1, #40960
 755 0034 0243     		orrs	r2, r2, r0
 756 0036 5A62     		str	r2, [r3, #36]
 435:Drivers/STM32G4xx_HAL_Driver/Src/stm32g4xx_hal_pwr_ex.c ****        break;
 757              		.loc 1 435 8 is_stmt 1 view .LVU187
 758 0038 1A6A     		ldr	r2, [r3, #32]
 759 003a 21F48041 		bic	r1, r1, #16384
 760              	.LVL65:
 435:Drivers/STM32G4xx_HAL_Driver/Src/stm32g4xx_hal_pwr_ex.c ****        break;
 761              		.loc 1 435 8 is_stmt 0 view .LVU188
 762 003e 22EA0102 		bic	r2, r2, r1
 763 0042 1A62     		str	r2, [r3, #32]
 436:Drivers/STM32G4xx_HAL_Driver/Src/stm32g4xx_hal_pwr_ex.c ****     case PWR_GPIO_B:
 764              		.loc 1 436 8 is_stmt 1 view .LVU189
 426:Drivers/STM32G4xx_HAL_Driver/Src/stm32g4xx_hal_pwr_ex.c **** 
 765              		.loc 1 426 21 is_stmt 0 view .LVU190
 766 0044 0020     		movs	r0, #0
 767 0046 7047     		bx	lr
 768              	.LVL66:
 769              	.L88:
 438:Drivers/STM32G4xx_HAL_Driver/Src/stm32g4xx_hal_pwr_ex.c ****        CLEAR_BIT(PWR->PUCRB, GPIONumber);
 770              		.loc 1 438 8 is_stmt 1 view .LVU191
 771 0048 1B4B     		ldr	r3, .L92
 772 004a D86A     		ldr	r0, [r3, #44]
 773              	.LVL67:
 438:Drivers/STM32G4xx_HAL_Driver/Src/stm32g4xx_hal_pwr_ex.c ****        CLEAR_BIT(PWR->PUCRB, GPIONumber);
 774              		.loc 1 438 8 is_stmt 0 view .LVU192
 775 004c 21F01002 		bic	r2, r1, #16
 776 0050 0243     		orrs	r2, r2, r0
 777 0052 DA62     		str	r2, [r3, #44]
 439:Drivers/STM32G4xx_HAL_Driver/Src/stm32g4xx_hal_pwr_ex.c ****        break;
 778              		.loc 1 439 8 is_stmt 1 view .LVU193
 779 0054 9A6A     		ldr	r2, [r3, #40]
 780 0056 22EA0102 		bic	r2, r2, r1
 781 005a 9A62     		str	r2, [r3, #40]
 440:Drivers/STM32G4xx_HAL_Driver/Src/stm32g4xx_hal_pwr_ex.c ****     case PWR_GPIO_C:
 782              		.loc 1 440 8 view .LVU194
 426:Drivers/STM32G4xx_HAL_Driver/Src/stm32g4xx_hal_pwr_ex.c **** 
 783              		.loc 1 426 21 is_stmt 0 view .LVU195
 784 005c 0020     		movs	r0, #0
 785 005e 7047     		bx	lr
 786              	.LVL68:
 787              	.L87:
 442:Drivers/STM32G4xx_HAL_Driver/Src/stm32g4xx_hal_pwr_ex.c ****        CLEAR_BIT(PWR->PUCRC, GPIONumber);
 788              		.loc 1 442 8 is_stmt 1 view .LVU196
 789 0060 154B     		ldr	r3, .L92
 790 0062 5A6B     		ldr	r2, [r3, #52]
 791 0064 0A43     		orrs	r2, r2, r1
 792 0066 5A63     		str	r2, [r3, #52]
 443:Drivers/STM32G4xx_HAL_Driver/Src/stm32g4xx_hal_pwr_ex.c ****        break;
 793              		.loc 1 443 8 view .LVU197
 794 0068 1A6B     		ldr	r2, [r3, #48]
 795 006a 22EA0102 		bic	r2, r2, r1
 796 006e 1A63     		str	r2, [r3, #48]
ARM GAS  /tmp/ccnRFgyO.s 			page 25


 444:Drivers/STM32G4xx_HAL_Driver/Src/stm32g4xx_hal_pwr_ex.c ****     case PWR_GPIO_D:
 797              		.loc 1 444 8 view .LVU198
 426:Drivers/STM32G4xx_HAL_Driver/Src/stm32g4xx_hal_pwr_ex.c **** 
 798              		.loc 1 426 21 is_stmt 0 view .LVU199
 799 0070 0020     		movs	r0, #0
 800              	.LVL69:
 426:Drivers/STM32G4xx_HAL_Driver/Src/stm32g4xx_hal_pwr_ex.c **** 
 801              		.loc 1 426 21 view .LVU200
 802 0072 7047     		bx	lr
 803              	.LVL70:
 804              	.L86:
 446:Drivers/STM32G4xx_HAL_Driver/Src/stm32g4xx_hal_pwr_ex.c ****        CLEAR_BIT(PWR->PUCRD, GPIONumber);
 805              		.loc 1 446 8 is_stmt 1 view .LVU201
 806 0074 104B     		ldr	r3, .L92
 807 0076 DA6B     		ldr	r2, [r3, #60]
 808 0078 0A43     		orrs	r2, r2, r1
 809 007a DA63     		str	r2, [r3, #60]
 447:Drivers/STM32G4xx_HAL_Driver/Src/stm32g4xx_hal_pwr_ex.c ****        break;
 810              		.loc 1 447 8 view .LVU202
 811 007c 9A6B     		ldr	r2, [r3, #56]
 812 007e 22EA0102 		bic	r2, r2, r1
 813 0082 9A63     		str	r2, [r3, #56]
 448:Drivers/STM32G4xx_HAL_Driver/Src/stm32g4xx_hal_pwr_ex.c ****     case PWR_GPIO_E:
 814              		.loc 1 448 8 view .LVU203
 426:Drivers/STM32G4xx_HAL_Driver/Src/stm32g4xx_hal_pwr_ex.c **** 
 815              		.loc 1 426 21 is_stmt 0 view .LVU204
 816 0084 0020     		movs	r0, #0
 817              	.LVL71:
 426:Drivers/STM32G4xx_HAL_Driver/Src/stm32g4xx_hal_pwr_ex.c **** 
 818              		.loc 1 426 21 view .LVU205
 819 0086 7047     		bx	lr
 820              	.LVL72:
 821              	.L85:
 450:Drivers/STM32G4xx_HAL_Driver/Src/stm32g4xx_hal_pwr_ex.c ****        CLEAR_BIT(PWR->PUCRE, GPIONumber);
 822              		.loc 1 450 8 is_stmt 1 view .LVU206
 823 0088 0B4B     		ldr	r3, .L92
 824 008a 5A6C     		ldr	r2, [r3, #68]
 825 008c 0A43     		orrs	r2, r2, r1
 826 008e 5A64     		str	r2, [r3, #68]
 451:Drivers/STM32G4xx_HAL_Driver/Src/stm32g4xx_hal_pwr_ex.c ****        break;
 827              		.loc 1 451 8 view .LVU207
 828 0090 1A6C     		ldr	r2, [r3, #64]
 829 0092 22EA0102 		bic	r2, r2, r1
 830 0096 1A64     		str	r2, [r3, #64]
 452:Drivers/STM32G4xx_HAL_Driver/Src/stm32g4xx_hal_pwr_ex.c ****     case PWR_GPIO_F:
 831              		.loc 1 452 8 view .LVU208
 426:Drivers/STM32G4xx_HAL_Driver/Src/stm32g4xx_hal_pwr_ex.c **** 
 832              		.loc 1 426 21 is_stmt 0 view .LVU209
 833 0098 0020     		movs	r0, #0
 834              	.LVL73:
 426:Drivers/STM32G4xx_HAL_Driver/Src/stm32g4xx_hal_pwr_ex.c **** 
 835              		.loc 1 426 21 view .LVU210
 836 009a 7047     		bx	lr
 837              	.LVL74:
 838              	.L84:
 454:Drivers/STM32G4xx_HAL_Driver/Src/stm32g4xx_hal_pwr_ex.c ****        CLEAR_BIT(PWR->PUCRF, (GPIONumber & PWR_PORTF_AVAILABLE_PINS));
 839              		.loc 1 454 8 is_stmt 1 view .LVU211
ARM GAS  /tmp/ccnRFgyO.s 			page 26


 840 009c 064B     		ldr	r3, .L92
 841 009e DA6C     		ldr	r2, [r3, #76]
 842 00a0 89B2     		uxth	r1, r1
 843              	.LVL75:
 454:Drivers/STM32G4xx_HAL_Driver/Src/stm32g4xx_hal_pwr_ex.c ****        CLEAR_BIT(PWR->PUCRF, (GPIONumber & PWR_PORTF_AVAILABLE_PINS));
 844              		.loc 1 454 8 is_stmt 0 view .LVU212
 845 00a2 0A43     		orrs	r2, r2, r1
 846 00a4 DA64     		str	r2, [r3, #76]
 455:Drivers/STM32G4xx_HAL_Driver/Src/stm32g4xx_hal_pwr_ex.c ****        break;
 847              		.loc 1 455 8 is_stmt 1 view .LVU213
 848 00a6 9A6C     		ldr	r2, [r3, #72]
 849 00a8 22EA0102 		bic	r2, r2, r1
 850 00ac 9A64     		str	r2, [r3, #72]
 456:Drivers/STM32G4xx_HAL_Driver/Src/stm32g4xx_hal_pwr_ex.c ****     case PWR_GPIO_G:
 851              		.loc 1 456 8 view .LVU214
 426:Drivers/STM32G4xx_HAL_Driver/Src/stm32g4xx_hal_pwr_ex.c **** 
 852              		.loc 1 426 21 is_stmt 0 view .LVU215
 853 00ae 0020     		movs	r0, #0
 854              	.LVL76:
 426:Drivers/STM32G4xx_HAL_Driver/Src/stm32g4xx_hal_pwr_ex.c **** 
 855              		.loc 1 426 21 view .LVU216
 856 00b0 7047     		bx	lr
 857              	.LVL77:
 858              	.L91:
 431:Drivers/STM32G4xx_HAL_Driver/Src/stm32g4xx_hal_pwr_ex.c ****   {
 859              		.loc 1 431 3 view .LVU217
 860 00b2 0120     		movs	r0, #1
 861              	.LVL78:
 461:Drivers/STM32G4xx_HAL_Driver/Src/stm32g4xx_hal_pwr_ex.c ****     default:
 462:Drivers/STM32G4xx_HAL_Driver/Src/stm32g4xx_hal_pwr_ex.c ****       status = HAL_ERROR;
 463:Drivers/STM32G4xx_HAL_Driver/Src/stm32g4xx_hal_pwr_ex.c ****       break;
 464:Drivers/STM32G4xx_HAL_Driver/Src/stm32g4xx_hal_pwr_ex.c ****   }
 465:Drivers/STM32G4xx_HAL_Driver/Src/stm32g4xx_hal_pwr_ex.c **** 
 466:Drivers/STM32G4xx_HAL_Driver/Src/stm32g4xx_hal_pwr_ex.c ****   return status;
 862              		.loc 1 466 3 is_stmt 1 view .LVU218
 467:Drivers/STM32G4xx_HAL_Driver/Src/stm32g4xx_hal_pwr_ex.c **** }
 863              		.loc 1 467 1 is_stmt 0 view .LVU219
 864 00b4 7047     		bx	lr
 865              	.L93:
 866 00b6 00BF     		.align	2
 867              	.L92:
 868 00b8 00700040 		.word	1073770496
 869              		.cfi_endproc
 870              	.LFE337:
 872              		.section	.text.HAL_PWREx_DisableGPIOPullDown,"ax",%progbits
 873              		.align	1
 874              		.p2align 2,,3
 875              		.global	HAL_PWREx_DisableGPIOPullDown
 876              		.syntax unified
 877              		.thumb
 878              		.thumb_func
 880              	HAL_PWREx_DisableGPIOPullDown:
 881              	.LVL79:
 882              	.LFB338:
 468:Drivers/STM32G4xx_HAL_Driver/Src/stm32g4xx_hal_pwr_ex.c **** 
 469:Drivers/STM32G4xx_HAL_Driver/Src/stm32g4xx_hal_pwr_ex.c **** 
 470:Drivers/STM32G4xx_HAL_Driver/Src/stm32g4xx_hal_pwr_ex.c **** /**
ARM GAS  /tmp/ccnRFgyO.s 			page 27


 471:Drivers/STM32G4xx_HAL_Driver/Src/stm32g4xx_hal_pwr_ex.c ****   * @brief Disable GPIO pull-down state in Standby and Shutdown modes.
 472:Drivers/STM32G4xx_HAL_Driver/Src/stm32g4xx_hal_pwr_ex.c ****   * @note  Reset the relevant PDy bits of PWR_PDCRx register used to configure the I/O
 473:Drivers/STM32G4xx_HAL_Driver/Src/stm32g4xx_hal_pwr_ex.c ****   *        in pull-down state in Standby and Shutdown modes.
 474:Drivers/STM32G4xx_HAL_Driver/Src/stm32g4xx_hal_pwr_ex.c ****   * @note  Even if a PDy bit to reset is reserved, the other PDy bits entered as input
 475:Drivers/STM32G4xx_HAL_Driver/Src/stm32g4xx_hal_pwr_ex.c ****   *        parameter at the same time are reset.
 476:Drivers/STM32G4xx_HAL_Driver/Src/stm32g4xx_hal_pwr_ex.c ****   * @param  GPIO: Specifies the IO port. This parameter can be PWR_GPIO_A..PWR_GPIO_G
 477:Drivers/STM32G4xx_HAL_Driver/Src/stm32g4xx_hal_pwr_ex.c ****   *         (or PWR_GPIO_I depending on the devices) to select the GPIO peripheral.
 478:Drivers/STM32G4xx_HAL_Driver/Src/stm32g4xx_hal_pwr_ex.c ****   * @param  GPIONumber: Specify the I/O pins numbers.
 479:Drivers/STM32G4xx_HAL_Driver/Src/stm32g4xx_hal_pwr_ex.c ****   *         This parameter can be one of the following values:
 480:Drivers/STM32G4xx_HAL_Driver/Src/stm32g4xx_hal_pwr_ex.c ****   *         PWR_GPIO_BIT_0, ..., PWR_GPIO_BIT_15 (except for the port where less
 481:Drivers/STM32G4xx_HAL_Driver/Src/stm32g4xx_hal_pwr_ex.c ****   *         I/O pins are available) or the logical OR of several of them to reset
 482:Drivers/STM32G4xx_HAL_Driver/Src/stm32g4xx_hal_pwr_ex.c ****   *         several bits for a given port in a single API call.
 483:Drivers/STM32G4xx_HAL_Driver/Src/stm32g4xx_hal_pwr_ex.c ****   * @retval HAL Status
 484:Drivers/STM32G4xx_HAL_Driver/Src/stm32g4xx_hal_pwr_ex.c ****   */
 485:Drivers/STM32G4xx_HAL_Driver/Src/stm32g4xx_hal_pwr_ex.c **** HAL_StatusTypeDef HAL_PWREx_DisableGPIOPullDown(uint32_t GPIO, uint32_t GPIONumber)
 486:Drivers/STM32G4xx_HAL_Driver/Src/stm32g4xx_hal_pwr_ex.c **** {
 883              		.loc 1 486 1 is_stmt 1 view -0
 884              		.cfi_startproc
 885              		@ args = 0, pretend = 0, frame = 0
 886              		@ frame_needed = 0, uses_anonymous_args = 0
 887              		@ link register save eliminated.
 487:Drivers/STM32G4xx_HAL_Driver/Src/stm32g4xx_hal_pwr_ex.c ****   HAL_StatusTypeDef status = HAL_OK;
 888              		.loc 1 487 3 view .LVU221
 488:Drivers/STM32G4xx_HAL_Driver/Src/stm32g4xx_hal_pwr_ex.c **** 
 489:Drivers/STM32G4xx_HAL_Driver/Src/stm32g4xx_hal_pwr_ex.c ****   assert_param(IS_PWR_GPIO(GPIO));
 889              		.loc 1 489 3 view .LVU222
 490:Drivers/STM32G4xx_HAL_Driver/Src/stm32g4xx_hal_pwr_ex.c ****   assert_param(IS_PWR_GPIO_BIT_NUMBER(GPIONumber));
 890              		.loc 1 490 3 view .LVU223
 491:Drivers/STM32G4xx_HAL_Driver/Src/stm32g4xx_hal_pwr_ex.c **** 
 492:Drivers/STM32G4xx_HAL_Driver/Src/stm32g4xx_hal_pwr_ex.c ****   switch (GPIO)
 891              		.loc 1 492 3 view .LVU224
 892 0000 0628     		cmp	r0, #6
 893 0002 3DD8     		bhi	.L105
 894 0004 DFE800F0 		tbb	[pc, r0]
 895              	.L97:
 896 0008 0D       		.byte	(.L103-.L97)/2
 897 0009 16       		.byte	(.L102-.L97)/2
 898 000a 1F       		.byte	(.L101-.L97)/2
 899 000b 26       		.byte	(.L100-.L97)/2
 900 000c 2D       		.byte	(.L99-.L97)/2
 901 000d 34       		.byte	(.L98-.L97)/2
 902 000e 04       		.byte	(.L96-.L97)/2
 903 000f 00       		.p2align 1
 904              	.L96:
 493:Drivers/STM32G4xx_HAL_Driver/Src/stm32g4xx_hal_pwr_ex.c ****   {
 494:Drivers/STM32G4xx_HAL_Driver/Src/stm32g4xx_hal_pwr_ex.c ****     case PWR_GPIO_A:
 495:Drivers/STM32G4xx_HAL_Driver/Src/stm32g4xx_hal_pwr_ex.c ****        CLEAR_BIT(PWR->PDCRA, (GPIONumber & (~(PWR_GPIO_BIT_13|PWR_GPIO_BIT_15))));
 496:Drivers/STM32G4xx_HAL_Driver/Src/stm32g4xx_hal_pwr_ex.c ****        break;
 497:Drivers/STM32G4xx_HAL_Driver/Src/stm32g4xx_hal_pwr_ex.c ****     case PWR_GPIO_B:
 498:Drivers/STM32G4xx_HAL_Driver/Src/stm32g4xx_hal_pwr_ex.c ****        CLEAR_BIT(PWR->PDCRB, (GPIONumber & (~(PWR_GPIO_BIT_4))));
 499:Drivers/STM32G4xx_HAL_Driver/Src/stm32g4xx_hal_pwr_ex.c ****        break;
 500:Drivers/STM32G4xx_HAL_Driver/Src/stm32g4xx_hal_pwr_ex.c ****     case PWR_GPIO_C:
 501:Drivers/STM32G4xx_HAL_Driver/Src/stm32g4xx_hal_pwr_ex.c ****        CLEAR_BIT(PWR->PDCRC, GPIONumber);
 502:Drivers/STM32G4xx_HAL_Driver/Src/stm32g4xx_hal_pwr_ex.c ****        break;
 503:Drivers/STM32G4xx_HAL_Driver/Src/stm32g4xx_hal_pwr_ex.c ****     case PWR_GPIO_D:
 504:Drivers/STM32G4xx_HAL_Driver/Src/stm32g4xx_hal_pwr_ex.c ****        CLEAR_BIT(PWR->PDCRD, GPIONumber);
 505:Drivers/STM32G4xx_HAL_Driver/Src/stm32g4xx_hal_pwr_ex.c ****        break;
ARM GAS  /tmp/ccnRFgyO.s 			page 28


 506:Drivers/STM32G4xx_HAL_Driver/Src/stm32g4xx_hal_pwr_ex.c ****     case PWR_GPIO_E:
 507:Drivers/STM32G4xx_HAL_Driver/Src/stm32g4xx_hal_pwr_ex.c ****        CLEAR_BIT(PWR->PDCRE, GPIONumber);
 508:Drivers/STM32G4xx_HAL_Driver/Src/stm32g4xx_hal_pwr_ex.c ****        break;
 509:Drivers/STM32G4xx_HAL_Driver/Src/stm32g4xx_hal_pwr_ex.c ****     case PWR_GPIO_F:
 510:Drivers/STM32G4xx_HAL_Driver/Src/stm32g4xx_hal_pwr_ex.c ****        CLEAR_BIT(PWR->PDCRF, (GPIONumber & PWR_PORTF_AVAILABLE_PINS));
 511:Drivers/STM32G4xx_HAL_Driver/Src/stm32g4xx_hal_pwr_ex.c ****        break;
 512:Drivers/STM32G4xx_HAL_Driver/Src/stm32g4xx_hal_pwr_ex.c ****     case PWR_GPIO_G:
 513:Drivers/STM32G4xx_HAL_Driver/Src/stm32g4xx_hal_pwr_ex.c ****        CLEAR_BIT(PWR->PDCRG, ((GPIONumber & PWR_PORTG_AVAILABLE_PINS) & (~(PWR_GPIO_BIT_10))));
 905              		.loc 1 513 8 view .LVU225
 906 0010 1C4A     		ldr	r2, .L106
 907 0012 536D     		ldr	r3, [r2, #84]
 908 0014 C1F30901 		ubfx	r1, r1, #0, #10
 909              	.LVL80:
 910              		.loc 1 513 8 is_stmt 0 view .LVU226
 911 0018 23EA0103 		bic	r3, r3, r1
 912 001c 5365     		str	r3, [r2, #84]
 514:Drivers/STM32G4xx_HAL_Driver/Src/stm32g4xx_hal_pwr_ex.c ****        break;
 913              		.loc 1 514 8 is_stmt 1 view .LVU227
 487:Drivers/STM32G4xx_HAL_Driver/Src/stm32g4xx_hal_pwr_ex.c **** 
 914              		.loc 1 487 21 is_stmt 0 view .LVU228
 915 001e 0020     		movs	r0, #0
 916              	.LVL81:
 487:Drivers/STM32G4xx_HAL_Driver/Src/stm32g4xx_hal_pwr_ex.c **** 
 917              		.loc 1 487 21 view .LVU229
 918 0020 7047     		bx	lr
 919              	.LVL82:
 920              	.L103:
 495:Drivers/STM32G4xx_HAL_Driver/Src/stm32g4xx_hal_pwr_ex.c ****        break;
 921              		.loc 1 495 8 is_stmt 1 view .LVU230
 922 0022 184A     		ldr	r2, .L106
 923 0024 536A     		ldr	r3, [r2, #36]
 924 0026 21F42041 		bic	r1, r1, #40960
 925              	.LVL83:
 495:Drivers/STM32G4xx_HAL_Driver/Src/stm32g4xx_hal_pwr_ex.c ****        break;
 926              		.loc 1 495 8 is_stmt 0 view .LVU231
 927 002a 23EA0103 		bic	r3, r3, r1
 928 002e 5362     		str	r3, [r2, #36]
 496:Drivers/STM32G4xx_HAL_Driver/Src/stm32g4xx_hal_pwr_ex.c ****     case PWR_GPIO_B:
 929              		.loc 1 496 8 is_stmt 1 view .LVU232
 487:Drivers/STM32G4xx_HAL_Driver/Src/stm32g4xx_hal_pwr_ex.c **** 
 930              		.loc 1 487 21 is_stmt 0 view .LVU233
 931 0030 0020     		movs	r0, #0
 932              	.LVL84:
 487:Drivers/STM32G4xx_HAL_Driver/Src/stm32g4xx_hal_pwr_ex.c **** 
 933              		.loc 1 487 21 view .LVU234
 934 0032 7047     		bx	lr
 935              	.LVL85:
 936              	.L102:
 498:Drivers/STM32G4xx_HAL_Driver/Src/stm32g4xx_hal_pwr_ex.c ****        break;
 937              		.loc 1 498 8 is_stmt 1 view .LVU235
 938 0034 134A     		ldr	r2, .L106
 939 0036 D36A     		ldr	r3, [r2, #44]
 940 0038 21F01001 		bic	r1, r1, #16
 941              	.LVL86:
 498:Drivers/STM32G4xx_HAL_Driver/Src/stm32g4xx_hal_pwr_ex.c ****        break;
 942              		.loc 1 498 8 is_stmt 0 view .LVU236
 943 003c 23EA0103 		bic	r3, r3, r1
ARM GAS  /tmp/ccnRFgyO.s 			page 29


 944 0040 D362     		str	r3, [r2, #44]
 499:Drivers/STM32G4xx_HAL_Driver/Src/stm32g4xx_hal_pwr_ex.c ****     case PWR_GPIO_C:
 945              		.loc 1 499 8 is_stmt 1 view .LVU237
 487:Drivers/STM32G4xx_HAL_Driver/Src/stm32g4xx_hal_pwr_ex.c **** 
 946              		.loc 1 487 21 is_stmt 0 view .LVU238
 947 0042 0020     		movs	r0, #0
 948              	.LVL87:
 487:Drivers/STM32G4xx_HAL_Driver/Src/stm32g4xx_hal_pwr_ex.c **** 
 949              		.loc 1 487 21 view .LVU239
 950 0044 7047     		bx	lr
 951              	.LVL88:
 952              	.L101:
 501:Drivers/STM32G4xx_HAL_Driver/Src/stm32g4xx_hal_pwr_ex.c ****        break;
 953              		.loc 1 501 8 is_stmt 1 view .LVU240
 954 0046 0F4A     		ldr	r2, .L106
 955 0048 536B     		ldr	r3, [r2, #52]
 956 004a 23EA0103 		bic	r3, r3, r1
 957 004e 5363     		str	r3, [r2, #52]
 502:Drivers/STM32G4xx_HAL_Driver/Src/stm32g4xx_hal_pwr_ex.c ****     case PWR_GPIO_D:
 958              		.loc 1 502 8 view .LVU241
 487:Drivers/STM32G4xx_HAL_Driver/Src/stm32g4xx_hal_pwr_ex.c **** 
 959              		.loc 1 487 21 is_stmt 0 view .LVU242
 960 0050 0020     		movs	r0, #0
 961              	.LVL89:
 487:Drivers/STM32G4xx_HAL_Driver/Src/stm32g4xx_hal_pwr_ex.c **** 
 962              		.loc 1 487 21 view .LVU243
 963 0052 7047     		bx	lr
 964              	.LVL90:
 965              	.L100:
 504:Drivers/STM32G4xx_HAL_Driver/Src/stm32g4xx_hal_pwr_ex.c ****        break;
 966              		.loc 1 504 8 is_stmt 1 view .LVU244
 967 0054 0B4A     		ldr	r2, .L106
 968 0056 D36B     		ldr	r3, [r2, #60]
 969 0058 23EA0103 		bic	r3, r3, r1
 970 005c D363     		str	r3, [r2, #60]
 505:Drivers/STM32G4xx_HAL_Driver/Src/stm32g4xx_hal_pwr_ex.c ****     case PWR_GPIO_E:
 971              		.loc 1 505 8 view .LVU245
 487:Drivers/STM32G4xx_HAL_Driver/Src/stm32g4xx_hal_pwr_ex.c **** 
 972              		.loc 1 487 21 is_stmt 0 view .LVU246
 973 005e 0020     		movs	r0, #0
 974              	.LVL91:
 487:Drivers/STM32G4xx_HAL_Driver/Src/stm32g4xx_hal_pwr_ex.c **** 
 975              		.loc 1 487 21 view .LVU247
 976 0060 7047     		bx	lr
 977              	.LVL92:
 978              	.L99:
 507:Drivers/STM32G4xx_HAL_Driver/Src/stm32g4xx_hal_pwr_ex.c ****        break;
 979              		.loc 1 507 8 is_stmt 1 view .LVU248
 980 0062 084A     		ldr	r2, .L106
 981 0064 536C     		ldr	r3, [r2, #68]
 982 0066 23EA0103 		bic	r3, r3, r1
 983 006a 5364     		str	r3, [r2, #68]
 508:Drivers/STM32G4xx_HAL_Driver/Src/stm32g4xx_hal_pwr_ex.c ****     case PWR_GPIO_F:
 984              		.loc 1 508 8 view .LVU249
 487:Drivers/STM32G4xx_HAL_Driver/Src/stm32g4xx_hal_pwr_ex.c **** 
 985              		.loc 1 487 21 is_stmt 0 view .LVU250
 986 006c 0020     		movs	r0, #0
ARM GAS  /tmp/ccnRFgyO.s 			page 30


 987              	.LVL93:
 487:Drivers/STM32G4xx_HAL_Driver/Src/stm32g4xx_hal_pwr_ex.c **** 
 988              		.loc 1 487 21 view .LVU251
 989 006e 7047     		bx	lr
 990              	.LVL94:
 991              	.L98:
 510:Drivers/STM32G4xx_HAL_Driver/Src/stm32g4xx_hal_pwr_ex.c ****        break;
 992              		.loc 1 510 8 is_stmt 1 view .LVU252
 993 0070 044A     		ldr	r2, .L106
 994 0072 D36C     		ldr	r3, [r2, #76]
 995 0074 89B2     		uxth	r1, r1
 996              	.LVL95:
 510:Drivers/STM32G4xx_HAL_Driver/Src/stm32g4xx_hal_pwr_ex.c ****        break;
 997              		.loc 1 510 8 is_stmt 0 view .LVU253
 998 0076 23EA0103 		bic	r3, r3, r1
 999 007a D364     		str	r3, [r2, #76]
 511:Drivers/STM32G4xx_HAL_Driver/Src/stm32g4xx_hal_pwr_ex.c ****     case PWR_GPIO_G:
 1000              		.loc 1 511 8 is_stmt 1 view .LVU254
 487:Drivers/STM32G4xx_HAL_Driver/Src/stm32g4xx_hal_pwr_ex.c **** 
 1001              		.loc 1 487 21 is_stmt 0 view .LVU255
 1002 007c 0020     		movs	r0, #0
 1003              	.LVL96:
 487:Drivers/STM32G4xx_HAL_Driver/Src/stm32g4xx_hal_pwr_ex.c **** 
 1004              		.loc 1 487 21 view .LVU256
 1005 007e 7047     		bx	lr
 1006              	.LVL97:
 1007              	.L105:
 492:Drivers/STM32G4xx_HAL_Driver/Src/stm32g4xx_hal_pwr_ex.c ****   {
 1008              		.loc 1 492 3 view .LVU257
 1009 0080 0120     		movs	r0, #1
 1010              	.LVL98:
 515:Drivers/STM32G4xx_HAL_Driver/Src/stm32g4xx_hal_pwr_ex.c ****     default:
 516:Drivers/STM32G4xx_HAL_Driver/Src/stm32g4xx_hal_pwr_ex.c ****       status = HAL_ERROR;
 517:Drivers/STM32G4xx_HAL_Driver/Src/stm32g4xx_hal_pwr_ex.c ****       break;
 518:Drivers/STM32G4xx_HAL_Driver/Src/stm32g4xx_hal_pwr_ex.c ****   }
 519:Drivers/STM32G4xx_HAL_Driver/Src/stm32g4xx_hal_pwr_ex.c **** 
 520:Drivers/STM32G4xx_HAL_Driver/Src/stm32g4xx_hal_pwr_ex.c ****   return status;
 1011              		.loc 1 520 3 is_stmt 1 view .LVU258
 521:Drivers/STM32G4xx_HAL_Driver/Src/stm32g4xx_hal_pwr_ex.c **** }
 1012              		.loc 1 521 1 is_stmt 0 view .LVU259
 1013 0082 7047     		bx	lr
 1014              	.L107:
 1015              		.align	2
 1016              	.L106:
 1017 0084 00700040 		.word	1073770496
 1018              		.cfi_endproc
 1019              	.LFE338:
 1021              		.section	.text.HAL_PWREx_EnablePullUpPullDownConfig,"ax",%progbits
 1022              		.align	1
 1023              		.p2align 2,,3
 1024              		.global	HAL_PWREx_EnablePullUpPullDownConfig
 1025              		.syntax unified
 1026              		.thumb
 1027              		.thumb_func
 1029              	HAL_PWREx_EnablePullUpPullDownConfig:
 1030              	.LFB339:
 522:Drivers/STM32G4xx_HAL_Driver/Src/stm32g4xx_hal_pwr_ex.c **** 
ARM GAS  /tmp/ccnRFgyO.s 			page 31


 523:Drivers/STM32G4xx_HAL_Driver/Src/stm32g4xx_hal_pwr_ex.c **** 
 524:Drivers/STM32G4xx_HAL_Driver/Src/stm32g4xx_hal_pwr_ex.c **** 
 525:Drivers/STM32G4xx_HAL_Driver/Src/stm32g4xx_hal_pwr_ex.c **** /**
 526:Drivers/STM32G4xx_HAL_Driver/Src/stm32g4xx_hal_pwr_ex.c ****   * @brief Enable pull-up and pull-down configuration.
 527:Drivers/STM32G4xx_HAL_Driver/Src/stm32g4xx_hal_pwr_ex.c ****   * @note  When APC bit is set, the I/O pull-up and pull-down configurations defined in
 528:Drivers/STM32G4xx_HAL_Driver/Src/stm32g4xx_hal_pwr_ex.c ****   *        PWR_PUCRx and PWR_PDCRx registers are applied in Standby and Shutdown modes.
 529:Drivers/STM32G4xx_HAL_Driver/Src/stm32g4xx_hal_pwr_ex.c ****   * @note  Pull-up set by PUy bit of PWR_PUCRx register is not activated if the corresponding
 530:Drivers/STM32G4xx_HAL_Driver/Src/stm32g4xx_hal_pwr_ex.c ****   *        PDy bit of PWR_PDCRx register is also set (pull-down configuration priority is higher).
 531:Drivers/STM32G4xx_HAL_Driver/Src/stm32g4xx_hal_pwr_ex.c ****   *        HAL_PWREx_EnableGPIOPullUp() and HAL_PWREx_EnableGPIOPullDown() API's ensure there
 532:Drivers/STM32G4xx_HAL_Driver/Src/stm32g4xx_hal_pwr_ex.c ****   *        is no conflict when setting PUy or PDy bit.
 533:Drivers/STM32G4xx_HAL_Driver/Src/stm32g4xx_hal_pwr_ex.c ****   * @retval None
 534:Drivers/STM32G4xx_HAL_Driver/Src/stm32g4xx_hal_pwr_ex.c ****   */
 535:Drivers/STM32G4xx_HAL_Driver/Src/stm32g4xx_hal_pwr_ex.c **** void HAL_PWREx_EnablePullUpPullDownConfig(void)
 536:Drivers/STM32G4xx_HAL_Driver/Src/stm32g4xx_hal_pwr_ex.c **** {
 1031              		.loc 1 536 1 is_stmt 1 view -0
 1032              		.cfi_startproc
 1033              		@ args = 0, pretend = 0, frame = 0
 1034              		@ frame_needed = 0, uses_anonymous_args = 0
 1035              		@ link register save eliminated.
 537:Drivers/STM32G4xx_HAL_Driver/Src/stm32g4xx_hal_pwr_ex.c ****   SET_BIT(PWR->CR3, PWR_CR3_APC);
 1036              		.loc 1 537 3 view .LVU261
 1037 0000 024A     		ldr	r2, .L109
 1038 0002 9368     		ldr	r3, [r2, #8]
 1039 0004 43F48063 		orr	r3, r3, #1024
 1040 0008 9360     		str	r3, [r2, #8]
 538:Drivers/STM32G4xx_HAL_Driver/Src/stm32g4xx_hal_pwr_ex.c **** }
 1041              		.loc 1 538 1 is_stmt 0 view .LVU262
 1042 000a 7047     		bx	lr
 1043              	.L110:
 1044              		.align	2
 1045              	.L109:
 1046 000c 00700040 		.word	1073770496
 1047              		.cfi_endproc
 1048              	.LFE339:
 1050              		.section	.text.HAL_PWREx_DisablePullUpPullDownConfig,"ax",%progbits
 1051              		.align	1
 1052              		.p2align 2,,3
 1053              		.global	HAL_PWREx_DisablePullUpPullDownConfig
 1054              		.syntax unified
 1055              		.thumb
 1056              		.thumb_func
 1058              	HAL_PWREx_DisablePullUpPullDownConfig:
 1059              	.LFB340:
 539:Drivers/STM32G4xx_HAL_Driver/Src/stm32g4xx_hal_pwr_ex.c **** 
 540:Drivers/STM32G4xx_HAL_Driver/Src/stm32g4xx_hal_pwr_ex.c **** 
 541:Drivers/STM32G4xx_HAL_Driver/Src/stm32g4xx_hal_pwr_ex.c **** /**
 542:Drivers/STM32G4xx_HAL_Driver/Src/stm32g4xx_hal_pwr_ex.c ****   * @brief Disable pull-up and pull-down configuration.
 543:Drivers/STM32G4xx_HAL_Driver/Src/stm32g4xx_hal_pwr_ex.c ****   * @note  When APC bit is cleared, the I/O pull-up and pull-down configurations defined in
 544:Drivers/STM32G4xx_HAL_Driver/Src/stm32g4xx_hal_pwr_ex.c ****   *        PWR_PUCRx and PWR_PDCRx registers are not applied in Standby and Shutdown modes.
 545:Drivers/STM32G4xx_HAL_Driver/Src/stm32g4xx_hal_pwr_ex.c ****   * @retval None
 546:Drivers/STM32G4xx_HAL_Driver/Src/stm32g4xx_hal_pwr_ex.c ****   */
 547:Drivers/STM32G4xx_HAL_Driver/Src/stm32g4xx_hal_pwr_ex.c **** void HAL_PWREx_DisablePullUpPullDownConfig(void)
 548:Drivers/STM32G4xx_HAL_Driver/Src/stm32g4xx_hal_pwr_ex.c **** {
 1060              		.loc 1 548 1 is_stmt 1 view -0
 1061              		.cfi_startproc
 1062              		@ args = 0, pretend = 0, frame = 0
 1063              		@ frame_needed = 0, uses_anonymous_args = 0
ARM GAS  /tmp/ccnRFgyO.s 			page 32


 1064              		@ link register save eliminated.
 549:Drivers/STM32G4xx_HAL_Driver/Src/stm32g4xx_hal_pwr_ex.c ****   CLEAR_BIT(PWR->CR3, PWR_CR3_APC);
 1065              		.loc 1 549 3 view .LVU264
 1066 0000 024A     		ldr	r2, .L112
 1067 0002 9368     		ldr	r3, [r2, #8]
 1068 0004 23F48063 		bic	r3, r3, #1024
 1069 0008 9360     		str	r3, [r2, #8]
 550:Drivers/STM32G4xx_HAL_Driver/Src/stm32g4xx_hal_pwr_ex.c **** }
 1070              		.loc 1 550 1 is_stmt 0 view .LVU265
 1071 000a 7047     		bx	lr
 1072              	.L113:
 1073              		.align	2
 1074              	.L112:
 1075 000c 00700040 		.word	1073770496
 1076              		.cfi_endproc
 1077              	.LFE340:
 1079              		.section	.text.HAL_PWREx_EnableSRAM2ContentRetention,"ax",%progbits
 1080              		.align	1
 1081              		.p2align 2,,3
 1082              		.global	HAL_PWREx_EnableSRAM2ContentRetention
 1083              		.syntax unified
 1084              		.thumb
 1085              		.thumb_func
 1087              	HAL_PWREx_EnableSRAM2ContentRetention:
 1088              	.LFB341:
 551:Drivers/STM32G4xx_HAL_Driver/Src/stm32g4xx_hal_pwr_ex.c **** 
 552:Drivers/STM32G4xx_HAL_Driver/Src/stm32g4xx_hal_pwr_ex.c **** 
 553:Drivers/STM32G4xx_HAL_Driver/Src/stm32g4xx_hal_pwr_ex.c **** #if defined (SRAM2_BASE)
 554:Drivers/STM32G4xx_HAL_Driver/Src/stm32g4xx_hal_pwr_ex.c **** /**
 555:Drivers/STM32G4xx_HAL_Driver/Src/stm32g4xx_hal_pwr_ex.c ****   * @brief Enable SRAM2 content retention in Standby mode.
 556:Drivers/STM32G4xx_HAL_Driver/Src/stm32g4xx_hal_pwr_ex.c ****   * @note  When RRS bit is set, SRAM2 is powered by the low-power regulator in
 557:Drivers/STM32G4xx_HAL_Driver/Src/stm32g4xx_hal_pwr_ex.c ****   *         Standby mode and its content is kept.
 558:Drivers/STM32G4xx_HAL_Driver/Src/stm32g4xx_hal_pwr_ex.c ****   * @retval None
 559:Drivers/STM32G4xx_HAL_Driver/Src/stm32g4xx_hal_pwr_ex.c ****   */
 560:Drivers/STM32G4xx_HAL_Driver/Src/stm32g4xx_hal_pwr_ex.c **** void HAL_PWREx_EnableSRAM2ContentRetention(void)
 561:Drivers/STM32G4xx_HAL_Driver/Src/stm32g4xx_hal_pwr_ex.c **** {
 1089              		.loc 1 561 1 is_stmt 1 view -0
 1090              		.cfi_startproc
 1091              		@ args = 0, pretend = 0, frame = 0
 1092              		@ frame_needed = 0, uses_anonymous_args = 0
 1093              		@ link register save eliminated.
 562:Drivers/STM32G4xx_HAL_Driver/Src/stm32g4xx_hal_pwr_ex.c ****   SET_BIT(PWR->CR3, PWR_CR3_RRS);
 1094              		.loc 1 562 3 view .LVU267
 1095 0000 024A     		ldr	r2, .L115
 1096 0002 9368     		ldr	r3, [r2, #8]
 1097 0004 43F48073 		orr	r3, r3, #256
 1098 0008 9360     		str	r3, [r2, #8]
 563:Drivers/STM32G4xx_HAL_Driver/Src/stm32g4xx_hal_pwr_ex.c **** }
 1099              		.loc 1 563 1 is_stmt 0 view .LVU268
 1100 000a 7047     		bx	lr
 1101              	.L116:
 1102              		.align	2
 1103              	.L115:
 1104 000c 00700040 		.word	1073770496
 1105              		.cfi_endproc
 1106              	.LFE341:
 1108              		.section	.text.HAL_PWREx_DisableSRAM2ContentRetention,"ax",%progbits
ARM GAS  /tmp/ccnRFgyO.s 			page 33


 1109              		.align	1
 1110              		.p2align 2,,3
 1111              		.global	HAL_PWREx_DisableSRAM2ContentRetention
 1112              		.syntax unified
 1113              		.thumb
 1114              		.thumb_func
 1116              	HAL_PWREx_DisableSRAM2ContentRetention:
 1117              	.LFB342:
 564:Drivers/STM32G4xx_HAL_Driver/Src/stm32g4xx_hal_pwr_ex.c **** 
 565:Drivers/STM32G4xx_HAL_Driver/Src/stm32g4xx_hal_pwr_ex.c **** 
 566:Drivers/STM32G4xx_HAL_Driver/Src/stm32g4xx_hal_pwr_ex.c **** /**
 567:Drivers/STM32G4xx_HAL_Driver/Src/stm32g4xx_hal_pwr_ex.c ****   * @brief Disable SRAM2 content retention in Standby mode.
 568:Drivers/STM32G4xx_HAL_Driver/Src/stm32g4xx_hal_pwr_ex.c ****   * @note  When RRS bit is reset, SRAM2 is powered off in Standby mode
 569:Drivers/STM32G4xx_HAL_Driver/Src/stm32g4xx_hal_pwr_ex.c ****   *        and its content is lost.
 570:Drivers/STM32G4xx_HAL_Driver/Src/stm32g4xx_hal_pwr_ex.c ****   * @retval None
 571:Drivers/STM32G4xx_HAL_Driver/Src/stm32g4xx_hal_pwr_ex.c ****   */
 572:Drivers/STM32G4xx_HAL_Driver/Src/stm32g4xx_hal_pwr_ex.c **** void HAL_PWREx_DisableSRAM2ContentRetention(void)
 573:Drivers/STM32G4xx_HAL_Driver/Src/stm32g4xx_hal_pwr_ex.c **** {
 1118              		.loc 1 573 1 is_stmt 1 view -0
 1119              		.cfi_startproc
 1120              		@ args = 0, pretend = 0, frame = 0
 1121              		@ frame_needed = 0, uses_anonymous_args = 0
 1122              		@ link register save eliminated.
 574:Drivers/STM32G4xx_HAL_Driver/Src/stm32g4xx_hal_pwr_ex.c ****   CLEAR_BIT(PWR->CR3, PWR_CR3_RRS);
 1123              		.loc 1 574 3 view .LVU270
 1124 0000 024A     		ldr	r2, .L118
 1125 0002 9368     		ldr	r3, [r2, #8]
 1126 0004 23F48073 		bic	r3, r3, #256
 1127 0008 9360     		str	r3, [r2, #8]
 575:Drivers/STM32G4xx_HAL_Driver/Src/stm32g4xx_hal_pwr_ex.c **** }
 1128              		.loc 1 575 1 is_stmt 0 view .LVU271
 1129 000a 7047     		bx	lr
 1130              	.L119:
 1131              		.align	2
 1132              	.L118:
 1133 000c 00700040 		.word	1073770496
 1134              		.cfi_endproc
 1135              	.LFE342:
 1137              		.section	.text.HAL_PWREx_EnablePVM1,"ax",%progbits
 1138              		.align	1
 1139              		.p2align 2,,3
 1140              		.global	HAL_PWREx_EnablePVM1
 1141              		.syntax unified
 1142              		.thumb
 1143              		.thumb_func
 1145              	HAL_PWREx_EnablePVM1:
 1146              	.LFB343:
 576:Drivers/STM32G4xx_HAL_Driver/Src/stm32g4xx_hal_pwr_ex.c **** #endif /* SRAM2_BASE */
 577:Drivers/STM32G4xx_HAL_Driver/Src/stm32g4xx_hal_pwr_ex.c **** 
 578:Drivers/STM32G4xx_HAL_Driver/Src/stm32g4xx_hal_pwr_ex.c **** 
 579:Drivers/STM32G4xx_HAL_Driver/Src/stm32g4xx_hal_pwr_ex.c **** 
 580:Drivers/STM32G4xx_HAL_Driver/Src/stm32g4xx_hal_pwr_ex.c **** #if defined(PWR_CR2_PVME1)
 581:Drivers/STM32G4xx_HAL_Driver/Src/stm32g4xx_hal_pwr_ex.c **** /**
 582:Drivers/STM32G4xx_HAL_Driver/Src/stm32g4xx_hal_pwr_ex.c ****   * @brief Enable the Power Voltage Monitoring 1: VDDA versus FASTCOMP minimum voltage.
 583:Drivers/STM32G4xx_HAL_Driver/Src/stm32g4xx_hal_pwr_ex.c ****   * @retval None
 584:Drivers/STM32G4xx_HAL_Driver/Src/stm32g4xx_hal_pwr_ex.c ****   */
 585:Drivers/STM32G4xx_HAL_Driver/Src/stm32g4xx_hal_pwr_ex.c **** void HAL_PWREx_EnablePVM1(void)
ARM GAS  /tmp/ccnRFgyO.s 			page 34


 586:Drivers/STM32G4xx_HAL_Driver/Src/stm32g4xx_hal_pwr_ex.c **** {
 1147              		.loc 1 586 1 is_stmt 1 view -0
 1148              		.cfi_startproc
 1149              		@ args = 0, pretend = 0, frame = 0
 1150              		@ frame_needed = 0, uses_anonymous_args = 0
 1151              		@ link register save eliminated.
 587:Drivers/STM32G4xx_HAL_Driver/Src/stm32g4xx_hal_pwr_ex.c ****   SET_BIT(PWR->CR2, PWR_PVM_1);
 1152              		.loc 1 587 3 view .LVU273
 1153 0000 024A     		ldr	r2, .L121
 1154 0002 5368     		ldr	r3, [r2, #4]
 1155 0004 43F01003 		orr	r3, r3, #16
 1156 0008 5360     		str	r3, [r2, #4]
 588:Drivers/STM32G4xx_HAL_Driver/Src/stm32g4xx_hal_pwr_ex.c **** }
 1157              		.loc 1 588 1 is_stmt 0 view .LVU274
 1158 000a 7047     		bx	lr
 1159              	.L122:
 1160              		.align	2
 1161              	.L121:
 1162 000c 00700040 		.word	1073770496
 1163              		.cfi_endproc
 1164              	.LFE343:
 1166              		.section	.text.HAL_PWREx_DisablePVM1,"ax",%progbits
 1167              		.align	1
 1168              		.p2align 2,,3
 1169              		.global	HAL_PWREx_DisablePVM1
 1170              		.syntax unified
 1171              		.thumb
 1172              		.thumb_func
 1174              	HAL_PWREx_DisablePVM1:
 1175              	.LFB344:
 589:Drivers/STM32G4xx_HAL_Driver/Src/stm32g4xx_hal_pwr_ex.c **** 
 590:Drivers/STM32G4xx_HAL_Driver/Src/stm32g4xx_hal_pwr_ex.c **** /**
 591:Drivers/STM32G4xx_HAL_Driver/Src/stm32g4xx_hal_pwr_ex.c ****   * @brief Disable the Power Voltage Monitoring 1: VDDA versus FASTCOMP minimum voltage.
 592:Drivers/STM32G4xx_HAL_Driver/Src/stm32g4xx_hal_pwr_ex.c ****   * @retval None
 593:Drivers/STM32G4xx_HAL_Driver/Src/stm32g4xx_hal_pwr_ex.c ****   */
 594:Drivers/STM32G4xx_HAL_Driver/Src/stm32g4xx_hal_pwr_ex.c **** void HAL_PWREx_DisablePVM1(void)
 595:Drivers/STM32G4xx_HAL_Driver/Src/stm32g4xx_hal_pwr_ex.c **** {
 1176              		.loc 1 595 1 is_stmt 1 view -0
 1177              		.cfi_startproc
 1178              		@ args = 0, pretend = 0, frame = 0
 1179              		@ frame_needed = 0, uses_anonymous_args = 0
 1180              		@ link register save eliminated.
 596:Drivers/STM32G4xx_HAL_Driver/Src/stm32g4xx_hal_pwr_ex.c ****   CLEAR_BIT(PWR->CR2, PWR_PVM_1);
 1181              		.loc 1 596 3 view .LVU276
 1182 0000 024A     		ldr	r2, .L124
 1183 0002 5368     		ldr	r3, [r2, #4]
 1184 0004 23F01003 		bic	r3, r3, #16
 1185 0008 5360     		str	r3, [r2, #4]
 597:Drivers/STM32G4xx_HAL_Driver/Src/stm32g4xx_hal_pwr_ex.c **** }
 1186              		.loc 1 597 1 is_stmt 0 view .LVU277
 1187 000a 7047     		bx	lr
 1188              	.L125:
 1189              		.align	2
 1190              	.L124:
 1191 000c 00700040 		.word	1073770496
 1192              		.cfi_endproc
 1193              	.LFE344:
ARM GAS  /tmp/ccnRFgyO.s 			page 35


 1195              		.section	.text.HAL_PWREx_EnablePVM2,"ax",%progbits
 1196              		.align	1
 1197              		.p2align 2,,3
 1198              		.global	HAL_PWREx_EnablePVM2
 1199              		.syntax unified
 1200              		.thumb
 1201              		.thumb_func
 1203              	HAL_PWREx_EnablePVM2:
 1204              	.LFB345:
 598:Drivers/STM32G4xx_HAL_Driver/Src/stm32g4xx_hal_pwr_ex.c **** #endif /* PWR_CR2_PVME1 */
 599:Drivers/STM32G4xx_HAL_Driver/Src/stm32g4xx_hal_pwr_ex.c **** 
 600:Drivers/STM32G4xx_HAL_Driver/Src/stm32g4xx_hal_pwr_ex.c **** 
 601:Drivers/STM32G4xx_HAL_Driver/Src/stm32g4xx_hal_pwr_ex.c **** #if defined(PWR_CR2_PVME2)
 602:Drivers/STM32G4xx_HAL_Driver/Src/stm32g4xx_hal_pwr_ex.c **** /**
 603:Drivers/STM32G4xx_HAL_Driver/Src/stm32g4xx_hal_pwr_ex.c ****   * @brief Enable the Power Voltage Monitoring 2: VDDA versus FASTDAC minimum voltage.
 604:Drivers/STM32G4xx_HAL_Driver/Src/stm32g4xx_hal_pwr_ex.c ****   * @retval None
 605:Drivers/STM32G4xx_HAL_Driver/Src/stm32g4xx_hal_pwr_ex.c ****   */
 606:Drivers/STM32G4xx_HAL_Driver/Src/stm32g4xx_hal_pwr_ex.c **** void HAL_PWREx_EnablePVM2(void)
 607:Drivers/STM32G4xx_HAL_Driver/Src/stm32g4xx_hal_pwr_ex.c **** {
 1205              		.loc 1 607 1 is_stmt 1 view -0
 1206              		.cfi_startproc
 1207              		@ args = 0, pretend = 0, frame = 0
 1208              		@ frame_needed = 0, uses_anonymous_args = 0
 1209              		@ link register save eliminated.
 608:Drivers/STM32G4xx_HAL_Driver/Src/stm32g4xx_hal_pwr_ex.c ****   SET_BIT(PWR->CR2, PWR_PVM_2);
 1210              		.loc 1 608 3 view .LVU279
 1211 0000 024A     		ldr	r2, .L127
 1212 0002 5368     		ldr	r3, [r2, #4]
 1213 0004 43F02003 		orr	r3, r3, #32
 1214 0008 5360     		str	r3, [r2, #4]
 609:Drivers/STM32G4xx_HAL_Driver/Src/stm32g4xx_hal_pwr_ex.c **** }
 1215              		.loc 1 609 1 is_stmt 0 view .LVU280
 1216 000a 7047     		bx	lr
 1217              	.L128:
 1218              		.align	2
 1219              	.L127:
 1220 000c 00700040 		.word	1073770496
 1221              		.cfi_endproc
 1222              	.LFE345:
 1224              		.section	.text.HAL_PWREx_DisablePVM2,"ax",%progbits
 1225              		.align	1
 1226              		.p2align 2,,3
 1227              		.global	HAL_PWREx_DisablePVM2
 1228              		.syntax unified
 1229              		.thumb
 1230              		.thumb_func
 1232              	HAL_PWREx_DisablePVM2:
 1233              	.LFB346:
 610:Drivers/STM32G4xx_HAL_Driver/Src/stm32g4xx_hal_pwr_ex.c **** 
 611:Drivers/STM32G4xx_HAL_Driver/Src/stm32g4xx_hal_pwr_ex.c **** /**
 612:Drivers/STM32G4xx_HAL_Driver/Src/stm32g4xx_hal_pwr_ex.c ****   * @brief Disable the Power Voltage Monitoring 2: VDDA versus FASTDAC minimum voltage.
 613:Drivers/STM32G4xx_HAL_Driver/Src/stm32g4xx_hal_pwr_ex.c ****   * @retval None
 614:Drivers/STM32G4xx_HAL_Driver/Src/stm32g4xx_hal_pwr_ex.c ****   */
 615:Drivers/STM32G4xx_HAL_Driver/Src/stm32g4xx_hal_pwr_ex.c **** void HAL_PWREx_DisablePVM2(void)
 616:Drivers/STM32G4xx_HAL_Driver/Src/stm32g4xx_hal_pwr_ex.c **** {
 1234              		.loc 1 616 1 is_stmt 1 view -0
 1235              		.cfi_startproc
ARM GAS  /tmp/ccnRFgyO.s 			page 36


 1236              		@ args = 0, pretend = 0, frame = 0
 1237              		@ frame_needed = 0, uses_anonymous_args = 0
 1238              		@ link register save eliminated.
 617:Drivers/STM32G4xx_HAL_Driver/Src/stm32g4xx_hal_pwr_ex.c ****   CLEAR_BIT(PWR->CR2, PWR_PVM_2);
 1239              		.loc 1 617 3 view .LVU282
 1240 0000 024A     		ldr	r2, .L130
 1241 0002 5368     		ldr	r3, [r2, #4]
 1242 0004 23F02003 		bic	r3, r3, #32
 1243 0008 5360     		str	r3, [r2, #4]
 618:Drivers/STM32G4xx_HAL_Driver/Src/stm32g4xx_hal_pwr_ex.c **** }
 1244              		.loc 1 618 1 is_stmt 0 view .LVU283
 1245 000a 7047     		bx	lr
 1246              	.L131:
 1247              		.align	2
 1248              	.L130:
 1249 000c 00700040 		.word	1073770496
 1250              		.cfi_endproc
 1251              	.LFE346:
 1253              		.section	.text.HAL_PWREx_EnablePVM3,"ax",%progbits
 1254              		.align	1
 1255              		.p2align 2,,3
 1256              		.global	HAL_PWREx_EnablePVM3
 1257              		.syntax unified
 1258              		.thumb
 1259              		.thumb_func
 1261              	HAL_PWREx_EnablePVM3:
 1262              	.LFB347:
 619:Drivers/STM32G4xx_HAL_Driver/Src/stm32g4xx_hal_pwr_ex.c **** #endif /* PWR_CR2_PVME2 */
 620:Drivers/STM32G4xx_HAL_Driver/Src/stm32g4xx_hal_pwr_ex.c **** 
 621:Drivers/STM32G4xx_HAL_Driver/Src/stm32g4xx_hal_pwr_ex.c **** 
 622:Drivers/STM32G4xx_HAL_Driver/Src/stm32g4xx_hal_pwr_ex.c **** /**
 623:Drivers/STM32G4xx_HAL_Driver/Src/stm32g4xx_hal_pwr_ex.c ****   * @brief Enable the Power Voltage Monitoring 3: VDDA versus ADC minimum voltage 1.62V.
 624:Drivers/STM32G4xx_HAL_Driver/Src/stm32g4xx_hal_pwr_ex.c ****   * @retval None
 625:Drivers/STM32G4xx_HAL_Driver/Src/stm32g4xx_hal_pwr_ex.c ****   */
 626:Drivers/STM32G4xx_HAL_Driver/Src/stm32g4xx_hal_pwr_ex.c **** void HAL_PWREx_EnablePVM3(void)
 627:Drivers/STM32G4xx_HAL_Driver/Src/stm32g4xx_hal_pwr_ex.c **** {
 1263              		.loc 1 627 1 is_stmt 1 view -0
 1264              		.cfi_startproc
 1265              		@ args = 0, pretend = 0, frame = 0
 1266              		@ frame_needed = 0, uses_anonymous_args = 0
 1267              		@ link register save eliminated.
 628:Drivers/STM32G4xx_HAL_Driver/Src/stm32g4xx_hal_pwr_ex.c ****   SET_BIT(PWR->CR2, PWR_PVM_3);
 1268              		.loc 1 628 3 view .LVU285
 1269 0000 024A     		ldr	r2, .L133
 1270 0002 5368     		ldr	r3, [r2, #4]
 1271 0004 43F04003 		orr	r3, r3, #64
 1272 0008 5360     		str	r3, [r2, #4]
 629:Drivers/STM32G4xx_HAL_Driver/Src/stm32g4xx_hal_pwr_ex.c **** }
 1273              		.loc 1 629 1 is_stmt 0 view .LVU286
 1274 000a 7047     		bx	lr
 1275              	.L134:
 1276              		.align	2
 1277              	.L133:
 1278 000c 00700040 		.word	1073770496
 1279              		.cfi_endproc
 1280              	.LFE347:
 1282              		.section	.text.HAL_PWREx_DisablePVM3,"ax",%progbits
ARM GAS  /tmp/ccnRFgyO.s 			page 37


 1283              		.align	1
 1284              		.p2align 2,,3
 1285              		.global	HAL_PWREx_DisablePVM3
 1286              		.syntax unified
 1287              		.thumb
 1288              		.thumb_func
 1290              	HAL_PWREx_DisablePVM3:
 1291              	.LFB348:
 630:Drivers/STM32G4xx_HAL_Driver/Src/stm32g4xx_hal_pwr_ex.c **** 
 631:Drivers/STM32G4xx_HAL_Driver/Src/stm32g4xx_hal_pwr_ex.c **** /**
 632:Drivers/STM32G4xx_HAL_Driver/Src/stm32g4xx_hal_pwr_ex.c ****   * @brief Disable the Power Voltage Monitoring 3: VDDA versus ADC minimum voltage 1.62V.
 633:Drivers/STM32G4xx_HAL_Driver/Src/stm32g4xx_hal_pwr_ex.c ****   * @retval None
 634:Drivers/STM32G4xx_HAL_Driver/Src/stm32g4xx_hal_pwr_ex.c ****   */
 635:Drivers/STM32G4xx_HAL_Driver/Src/stm32g4xx_hal_pwr_ex.c **** void HAL_PWREx_DisablePVM3(void)
 636:Drivers/STM32G4xx_HAL_Driver/Src/stm32g4xx_hal_pwr_ex.c **** {
 1292              		.loc 1 636 1 is_stmt 1 view -0
 1293              		.cfi_startproc
 1294              		@ args = 0, pretend = 0, frame = 0
 1295              		@ frame_needed = 0, uses_anonymous_args = 0
 1296              		@ link register save eliminated.
 637:Drivers/STM32G4xx_HAL_Driver/Src/stm32g4xx_hal_pwr_ex.c ****   CLEAR_BIT(PWR->CR2, PWR_PVM_3);
 1297              		.loc 1 637 3 view .LVU288
 1298 0000 024A     		ldr	r2, .L136
 1299 0002 5368     		ldr	r3, [r2, #4]
 1300 0004 23F04003 		bic	r3, r3, #64
 1301 0008 5360     		str	r3, [r2, #4]
 638:Drivers/STM32G4xx_HAL_Driver/Src/stm32g4xx_hal_pwr_ex.c **** }
 1302              		.loc 1 638 1 is_stmt 0 view .LVU289
 1303 000a 7047     		bx	lr
 1304              	.L137:
 1305              		.align	2
 1306              	.L136:
 1307 000c 00700040 		.word	1073770496
 1308              		.cfi_endproc
 1309              	.LFE348:
 1311              		.section	.text.HAL_PWREx_EnablePVM4,"ax",%progbits
 1312              		.align	1
 1313              		.p2align 2,,3
 1314              		.global	HAL_PWREx_EnablePVM4
 1315              		.syntax unified
 1316              		.thumb
 1317              		.thumb_func
 1319              	HAL_PWREx_EnablePVM4:
 1320              	.LFB349:
 639:Drivers/STM32G4xx_HAL_Driver/Src/stm32g4xx_hal_pwr_ex.c **** 
 640:Drivers/STM32G4xx_HAL_Driver/Src/stm32g4xx_hal_pwr_ex.c **** 
 641:Drivers/STM32G4xx_HAL_Driver/Src/stm32g4xx_hal_pwr_ex.c **** /**
 642:Drivers/STM32G4xx_HAL_Driver/Src/stm32g4xx_hal_pwr_ex.c ****   * @brief Enable the Power Voltage Monitoring 4: VDDA versus OPAMP/DAC minimum voltage 1.8V.
 643:Drivers/STM32G4xx_HAL_Driver/Src/stm32g4xx_hal_pwr_ex.c ****   * @retval None
 644:Drivers/STM32G4xx_HAL_Driver/Src/stm32g4xx_hal_pwr_ex.c ****   */
 645:Drivers/STM32G4xx_HAL_Driver/Src/stm32g4xx_hal_pwr_ex.c **** void HAL_PWREx_EnablePVM4(void)
 646:Drivers/STM32G4xx_HAL_Driver/Src/stm32g4xx_hal_pwr_ex.c **** {
 1321              		.loc 1 646 1 is_stmt 1 view -0
 1322              		.cfi_startproc
 1323              		@ args = 0, pretend = 0, frame = 0
 1324              		@ frame_needed = 0, uses_anonymous_args = 0
 1325              		@ link register save eliminated.
ARM GAS  /tmp/ccnRFgyO.s 			page 38


 647:Drivers/STM32G4xx_HAL_Driver/Src/stm32g4xx_hal_pwr_ex.c ****   SET_BIT(PWR->CR2, PWR_PVM_4);
 1326              		.loc 1 647 3 view .LVU291
 1327 0000 024A     		ldr	r2, .L139
 1328 0002 5368     		ldr	r3, [r2, #4]
 1329 0004 43F08003 		orr	r3, r3, #128
 1330 0008 5360     		str	r3, [r2, #4]
 648:Drivers/STM32G4xx_HAL_Driver/Src/stm32g4xx_hal_pwr_ex.c **** }
 1331              		.loc 1 648 1 is_stmt 0 view .LVU292
 1332 000a 7047     		bx	lr
 1333              	.L140:
 1334              		.align	2
 1335              	.L139:
 1336 000c 00700040 		.word	1073770496
 1337              		.cfi_endproc
 1338              	.LFE349:
 1340              		.section	.text.HAL_PWREx_DisablePVM4,"ax",%progbits
 1341              		.align	1
 1342              		.p2align 2,,3
 1343              		.global	HAL_PWREx_DisablePVM4
 1344              		.syntax unified
 1345              		.thumb
 1346              		.thumb_func
 1348              	HAL_PWREx_DisablePVM4:
 1349              	.LFB350:
 649:Drivers/STM32G4xx_HAL_Driver/Src/stm32g4xx_hal_pwr_ex.c **** 
 650:Drivers/STM32G4xx_HAL_Driver/Src/stm32g4xx_hal_pwr_ex.c **** /**
 651:Drivers/STM32G4xx_HAL_Driver/Src/stm32g4xx_hal_pwr_ex.c ****   * @brief Disable the Power Voltage Monitoring 4: VDDA versus OPAMP/DAC minimum voltage 1.8V.
 652:Drivers/STM32G4xx_HAL_Driver/Src/stm32g4xx_hal_pwr_ex.c ****   * @retval None
 653:Drivers/STM32G4xx_HAL_Driver/Src/stm32g4xx_hal_pwr_ex.c ****   */
 654:Drivers/STM32G4xx_HAL_Driver/Src/stm32g4xx_hal_pwr_ex.c **** void HAL_PWREx_DisablePVM4(void)
 655:Drivers/STM32G4xx_HAL_Driver/Src/stm32g4xx_hal_pwr_ex.c **** {
 1350              		.loc 1 655 1 is_stmt 1 view -0
 1351              		.cfi_startproc
 1352              		@ args = 0, pretend = 0, frame = 0
 1353              		@ frame_needed = 0, uses_anonymous_args = 0
 1354              		@ link register save eliminated.
 656:Drivers/STM32G4xx_HAL_Driver/Src/stm32g4xx_hal_pwr_ex.c ****   CLEAR_BIT(PWR->CR2, PWR_PVM_4);
 1355              		.loc 1 656 3 view .LVU294
 1356 0000 024A     		ldr	r2, .L142
 1357 0002 5368     		ldr	r3, [r2, #4]
 1358 0004 23F08003 		bic	r3, r3, #128
 1359 0008 5360     		str	r3, [r2, #4]
 657:Drivers/STM32G4xx_HAL_Driver/Src/stm32g4xx_hal_pwr_ex.c **** }
 1360              		.loc 1 657 1 is_stmt 0 view .LVU295
 1361 000a 7047     		bx	lr
 1362              	.L143:
 1363              		.align	2
 1364              	.L142:
 1365 000c 00700040 		.word	1073770496
 1366              		.cfi_endproc
 1367              	.LFE350:
 1369              		.section	.text.HAL_PWREx_ConfigPVM,"ax",%progbits
 1370              		.align	1
 1371              		.p2align 2,,3
 1372              		.global	HAL_PWREx_ConfigPVM
 1373              		.syntax unified
 1374              		.thumb
ARM GAS  /tmp/ccnRFgyO.s 			page 39


 1375              		.thumb_func
 1377              	HAL_PWREx_ConfigPVM:
 1378              	.LVL99:
 1379              	.LFB351:
 658:Drivers/STM32G4xx_HAL_Driver/Src/stm32g4xx_hal_pwr_ex.c **** 
 659:Drivers/STM32G4xx_HAL_Driver/Src/stm32g4xx_hal_pwr_ex.c **** 
 660:Drivers/STM32G4xx_HAL_Driver/Src/stm32g4xx_hal_pwr_ex.c **** 
 661:Drivers/STM32G4xx_HAL_Driver/Src/stm32g4xx_hal_pwr_ex.c **** 
 662:Drivers/STM32G4xx_HAL_Driver/Src/stm32g4xx_hal_pwr_ex.c **** /**
 663:Drivers/STM32G4xx_HAL_Driver/Src/stm32g4xx_hal_pwr_ex.c ****   * @brief Configure the Peripheral Voltage Monitoring (PVM).
 664:Drivers/STM32G4xx_HAL_Driver/Src/stm32g4xx_hal_pwr_ex.c ****   * @param sConfigPVM: pointer to a PWR_PVMTypeDef structure that contains the
 665:Drivers/STM32G4xx_HAL_Driver/Src/stm32g4xx_hal_pwr_ex.c ****   *        PVM configuration information.
 666:Drivers/STM32G4xx_HAL_Driver/Src/stm32g4xx_hal_pwr_ex.c ****   * @note The API configures a single PVM according to the information contained
 667:Drivers/STM32G4xx_HAL_Driver/Src/stm32g4xx_hal_pwr_ex.c ****   *       in the input structure. To configure several PVMs, the API must be singly
 668:Drivers/STM32G4xx_HAL_Driver/Src/stm32g4xx_hal_pwr_ex.c ****   *       called for each PVM used.
 669:Drivers/STM32G4xx_HAL_Driver/Src/stm32g4xx_hal_pwr_ex.c ****   * @note Refer to the electrical characteristics of your device datasheet for
 670:Drivers/STM32G4xx_HAL_Driver/Src/stm32g4xx_hal_pwr_ex.c ****   *         more details about the voltage thresholds corresponding to each
 671:Drivers/STM32G4xx_HAL_Driver/Src/stm32g4xx_hal_pwr_ex.c ****   *         detection level and to each monitored supply.
 672:Drivers/STM32G4xx_HAL_Driver/Src/stm32g4xx_hal_pwr_ex.c ****   * @retval HAL status
 673:Drivers/STM32G4xx_HAL_Driver/Src/stm32g4xx_hal_pwr_ex.c ****   */
 674:Drivers/STM32G4xx_HAL_Driver/Src/stm32g4xx_hal_pwr_ex.c **** HAL_StatusTypeDef HAL_PWREx_ConfigPVM(PWR_PVMTypeDef const *sConfigPVM)
 675:Drivers/STM32G4xx_HAL_Driver/Src/stm32g4xx_hal_pwr_ex.c **** {
 1380              		.loc 1 675 1 is_stmt 1 view -0
 1381              		.cfi_startproc
 1382              		@ args = 0, pretend = 0, frame = 0
 1383              		@ frame_needed = 0, uses_anonymous_args = 0
 1384              		@ link register save eliminated.
 676:Drivers/STM32G4xx_HAL_Driver/Src/stm32g4xx_hal_pwr_ex.c ****   HAL_StatusTypeDef status = HAL_OK;
 1385              		.loc 1 676 3 view .LVU297
 677:Drivers/STM32G4xx_HAL_Driver/Src/stm32g4xx_hal_pwr_ex.c **** 
 678:Drivers/STM32G4xx_HAL_Driver/Src/stm32g4xx_hal_pwr_ex.c ****   /* Check the parameters */
 679:Drivers/STM32G4xx_HAL_Driver/Src/stm32g4xx_hal_pwr_ex.c ****   assert_param(IS_PWR_PVM_TYPE(sConfigPVM->PVMType));
 1386              		.loc 1 679 3 view .LVU298
 680:Drivers/STM32G4xx_HAL_Driver/Src/stm32g4xx_hal_pwr_ex.c ****   assert_param(IS_PWR_PVM_MODE(sConfigPVM->Mode));
 1387              		.loc 1 680 3 view .LVU299
 681:Drivers/STM32G4xx_HAL_Driver/Src/stm32g4xx_hal_pwr_ex.c **** 
 682:Drivers/STM32G4xx_HAL_Driver/Src/stm32g4xx_hal_pwr_ex.c **** 
 683:Drivers/STM32G4xx_HAL_Driver/Src/stm32g4xx_hal_pwr_ex.c ****   /* Configure EXTI 35 to 38 interrupts if so required:
 684:Drivers/STM32G4xx_HAL_Driver/Src/stm32g4xx_hal_pwr_ex.c ****      scan through PVMType to detect which PVMx is set and
 685:Drivers/STM32G4xx_HAL_Driver/Src/stm32g4xx_hal_pwr_ex.c ****      configure the corresponding EXTI line accordingly. */
 686:Drivers/STM32G4xx_HAL_Driver/Src/stm32g4xx_hal_pwr_ex.c ****   switch (sConfigPVM->PVMType)
 1388              		.loc 1 686 3 view .LVU300
 1389              		.loc 1 686 21 is_stmt 0 view .LVU301
 1390 0000 0368     		ldr	r3, [r0]
 1391              		.loc 1 686 3 view .LVU302
 1392 0002 402B     		cmp	r3, #64
 1393 0004 67D0     		beq	.L145
 1394 0006 33D8     		bhi	.L146
 1395 0008 102B     		cmp	r3, #16
 1396 000a 00F09380 		beq	.L147
 1397 000e 202B     		cmp	r3, #32
 1398 0010 5FD1     		bne	.L149
 687:Drivers/STM32G4xx_HAL_Driver/Src/stm32g4xx_hal_pwr_ex.c ****   {
 688:Drivers/STM32G4xx_HAL_Driver/Src/stm32g4xx_hal_pwr_ex.c **** #if defined(PWR_CR2_PVME1)
 689:Drivers/STM32G4xx_HAL_Driver/Src/stm32g4xx_hal_pwr_ex.c ****     case PWR_PVM_1:
 690:Drivers/STM32G4xx_HAL_Driver/Src/stm32g4xx_hal_pwr_ex.c ****       /* Clear any previous config. Keep it clear if no event or IT mode is selected */
 691:Drivers/STM32G4xx_HAL_Driver/Src/stm32g4xx_hal_pwr_ex.c ****       __HAL_PWR_PVM1_EXTI_DISABLE_EVENT();
ARM GAS  /tmp/ccnRFgyO.s 			page 40


 692:Drivers/STM32G4xx_HAL_Driver/Src/stm32g4xx_hal_pwr_ex.c ****       __HAL_PWR_PVM1_EXTI_DISABLE_IT();
 693:Drivers/STM32G4xx_HAL_Driver/Src/stm32g4xx_hal_pwr_ex.c ****       __HAL_PWR_PVM1_EXTI_DISABLE_FALLING_EDGE();
 694:Drivers/STM32G4xx_HAL_Driver/Src/stm32g4xx_hal_pwr_ex.c ****       __HAL_PWR_PVM1_EXTI_DISABLE_RISING_EDGE();
 695:Drivers/STM32G4xx_HAL_Driver/Src/stm32g4xx_hal_pwr_ex.c **** 
 696:Drivers/STM32G4xx_HAL_Driver/Src/stm32g4xx_hal_pwr_ex.c ****       /* Configure interrupt mode */
 697:Drivers/STM32G4xx_HAL_Driver/Src/stm32g4xx_hal_pwr_ex.c ****       if((sConfigPVM->Mode & PVM_MODE_IT) == PVM_MODE_IT)
 698:Drivers/STM32G4xx_HAL_Driver/Src/stm32g4xx_hal_pwr_ex.c ****       {
 699:Drivers/STM32G4xx_HAL_Driver/Src/stm32g4xx_hal_pwr_ex.c ****         __HAL_PWR_PVM1_EXTI_ENABLE_IT();
 700:Drivers/STM32G4xx_HAL_Driver/Src/stm32g4xx_hal_pwr_ex.c ****       }
 701:Drivers/STM32G4xx_HAL_Driver/Src/stm32g4xx_hal_pwr_ex.c **** 
 702:Drivers/STM32G4xx_HAL_Driver/Src/stm32g4xx_hal_pwr_ex.c ****       /* Configure event mode */
 703:Drivers/STM32G4xx_HAL_Driver/Src/stm32g4xx_hal_pwr_ex.c ****       if((sConfigPVM->Mode & PVM_MODE_EVT) == PVM_MODE_EVT)
 704:Drivers/STM32G4xx_HAL_Driver/Src/stm32g4xx_hal_pwr_ex.c ****       {
 705:Drivers/STM32G4xx_HAL_Driver/Src/stm32g4xx_hal_pwr_ex.c ****         __HAL_PWR_PVM1_EXTI_ENABLE_EVENT();
 706:Drivers/STM32G4xx_HAL_Driver/Src/stm32g4xx_hal_pwr_ex.c ****       }
 707:Drivers/STM32G4xx_HAL_Driver/Src/stm32g4xx_hal_pwr_ex.c **** 
 708:Drivers/STM32G4xx_HAL_Driver/Src/stm32g4xx_hal_pwr_ex.c ****       /* Configure the edge */
 709:Drivers/STM32G4xx_HAL_Driver/Src/stm32g4xx_hal_pwr_ex.c ****       if((sConfigPVM->Mode & PVM_RISING_EDGE) == PVM_RISING_EDGE)
 710:Drivers/STM32G4xx_HAL_Driver/Src/stm32g4xx_hal_pwr_ex.c ****       {
 711:Drivers/STM32G4xx_HAL_Driver/Src/stm32g4xx_hal_pwr_ex.c ****         __HAL_PWR_PVM1_EXTI_ENABLE_RISING_EDGE();
 712:Drivers/STM32G4xx_HAL_Driver/Src/stm32g4xx_hal_pwr_ex.c ****       }
 713:Drivers/STM32G4xx_HAL_Driver/Src/stm32g4xx_hal_pwr_ex.c **** 
 714:Drivers/STM32G4xx_HAL_Driver/Src/stm32g4xx_hal_pwr_ex.c ****       if((sConfigPVM->Mode & PVM_FALLING_EDGE) == PVM_FALLING_EDGE)
 715:Drivers/STM32G4xx_HAL_Driver/Src/stm32g4xx_hal_pwr_ex.c ****       {
 716:Drivers/STM32G4xx_HAL_Driver/Src/stm32g4xx_hal_pwr_ex.c ****         __HAL_PWR_PVM1_EXTI_ENABLE_FALLING_EDGE();
 717:Drivers/STM32G4xx_HAL_Driver/Src/stm32g4xx_hal_pwr_ex.c ****       }
 718:Drivers/STM32G4xx_HAL_Driver/Src/stm32g4xx_hal_pwr_ex.c ****       break;
 719:Drivers/STM32G4xx_HAL_Driver/Src/stm32g4xx_hal_pwr_ex.c **** #endif /* PWR_CR2_PVME1 */
 720:Drivers/STM32G4xx_HAL_Driver/Src/stm32g4xx_hal_pwr_ex.c **** 
 721:Drivers/STM32G4xx_HAL_Driver/Src/stm32g4xx_hal_pwr_ex.c **** #if defined(PWR_CR2_PVME2)
 722:Drivers/STM32G4xx_HAL_Driver/Src/stm32g4xx_hal_pwr_ex.c ****     case PWR_PVM_2:
 723:Drivers/STM32G4xx_HAL_Driver/Src/stm32g4xx_hal_pwr_ex.c ****       /* Clear any previous config. Keep it clear if no event or IT mode is selected */
 724:Drivers/STM32G4xx_HAL_Driver/Src/stm32g4xx_hal_pwr_ex.c ****       __HAL_PWR_PVM2_EXTI_DISABLE_EVENT();
 1399              		.loc 1 724 7 is_stmt 1 view .LVU303
 1400 0012 604B     		ldr	r3, .L213
 1401 0014 5A6A     		ldr	r2, [r3, #36]
 1402 0016 22F01002 		bic	r2, r2, #16
 1403 001a 5A62     		str	r2, [r3, #36]
 725:Drivers/STM32G4xx_HAL_Driver/Src/stm32g4xx_hal_pwr_ex.c ****       __HAL_PWR_PVM2_EXTI_DISABLE_IT();
 1404              		.loc 1 725 7 view .LVU304
 1405 001c 1A6A     		ldr	r2, [r3, #32]
 1406 001e 22F01002 		bic	r2, r2, #16
 1407 0022 1A62     		str	r2, [r3, #32]
 726:Drivers/STM32G4xx_HAL_Driver/Src/stm32g4xx_hal_pwr_ex.c ****       __HAL_PWR_PVM2_EXTI_DISABLE_FALLING_EDGE();
 1408              		.loc 1 726 7 view .LVU305
 1409 0024 DA6A     		ldr	r2, [r3, #44]
 1410 0026 22F01002 		bic	r2, r2, #16
 1411 002a DA62     		str	r2, [r3, #44]
 727:Drivers/STM32G4xx_HAL_Driver/Src/stm32g4xx_hal_pwr_ex.c ****       __HAL_PWR_PVM2_EXTI_DISABLE_RISING_EDGE();
 1412              		.loc 1 727 7 view .LVU306
 1413 002c 9A6A     		ldr	r2, [r3, #40]
 1414 002e 22F01002 		bic	r2, r2, #16
 1415 0032 9A62     		str	r2, [r3, #40]
 728:Drivers/STM32G4xx_HAL_Driver/Src/stm32g4xx_hal_pwr_ex.c **** 
 729:Drivers/STM32G4xx_HAL_Driver/Src/stm32g4xx_hal_pwr_ex.c ****       /* Configure interrupt mode */
 730:Drivers/STM32G4xx_HAL_Driver/Src/stm32g4xx_hal_pwr_ex.c ****       if((sConfigPVM->Mode & PVM_MODE_IT) == PVM_MODE_IT)
 1416              		.loc 1 730 7 view .LVU307
ARM GAS  /tmp/ccnRFgyO.s 			page 41


 1417              		.loc 1 730 21 is_stmt 0 view .LVU308
 1418 0034 4268     		ldr	r2, [r0, #4]
 1419              		.loc 1 730 9 view .LVU309
 1420 0036 D103     		lsls	r1, r2, #15
 1421 0038 03D5     		bpl	.L156
 731:Drivers/STM32G4xx_HAL_Driver/Src/stm32g4xx_hal_pwr_ex.c ****       {
 732:Drivers/STM32G4xx_HAL_Driver/Src/stm32g4xx_hal_pwr_ex.c ****         __HAL_PWR_PVM2_EXTI_ENABLE_IT();
 1422              		.loc 1 732 9 is_stmt 1 view .LVU310
 1423 003a 196A     		ldr	r1, [r3, #32]
 1424 003c 41F01001 		orr	r1, r1, #16
 1425 0040 1962     		str	r1, [r3, #32]
 1426              	.L156:
 733:Drivers/STM32G4xx_HAL_Driver/Src/stm32g4xx_hal_pwr_ex.c ****       }
 734:Drivers/STM32G4xx_HAL_Driver/Src/stm32g4xx_hal_pwr_ex.c **** 
 735:Drivers/STM32G4xx_HAL_Driver/Src/stm32g4xx_hal_pwr_ex.c ****       /* Configure event mode */
 736:Drivers/STM32G4xx_HAL_Driver/Src/stm32g4xx_hal_pwr_ex.c ****       if((sConfigPVM->Mode & PVM_MODE_EVT) == PVM_MODE_EVT)
 1427              		.loc 1 736 7 view .LVU311
 1428              		.loc 1 736 9 is_stmt 0 view .LVU312
 1429 0042 9003     		lsls	r0, r2, #14
 1430              	.LVL100:
 1431              		.loc 1 736 9 view .LVU313
 1432 0044 04D5     		bpl	.L157
 737:Drivers/STM32G4xx_HAL_Driver/Src/stm32g4xx_hal_pwr_ex.c ****       {
 738:Drivers/STM32G4xx_HAL_Driver/Src/stm32g4xx_hal_pwr_ex.c ****         __HAL_PWR_PVM2_EXTI_ENABLE_EVENT();
 1433              		.loc 1 738 9 is_stmt 1 view .LVU314
 1434 0046 5349     		ldr	r1, .L213
 1435 0048 4B6A     		ldr	r3, [r1, #36]
 1436 004a 43F01003 		orr	r3, r3, #16
 1437 004e 4B62     		str	r3, [r1, #36]
 1438              	.L157:
 739:Drivers/STM32G4xx_HAL_Driver/Src/stm32g4xx_hal_pwr_ex.c ****       }
 740:Drivers/STM32G4xx_HAL_Driver/Src/stm32g4xx_hal_pwr_ex.c **** 
 741:Drivers/STM32G4xx_HAL_Driver/Src/stm32g4xx_hal_pwr_ex.c ****       /* Configure the edge */
 742:Drivers/STM32G4xx_HAL_Driver/Src/stm32g4xx_hal_pwr_ex.c ****       if((sConfigPVM->Mode & PVM_RISING_EDGE) == PVM_RISING_EDGE)
 1439              		.loc 1 742 7 view .LVU315
 1440              		.loc 1 742 9 is_stmt 0 view .LVU316
 1441 0050 D107     		lsls	r1, r2, #31
 1442 0052 04D5     		bpl	.L158
 743:Drivers/STM32G4xx_HAL_Driver/Src/stm32g4xx_hal_pwr_ex.c ****       {
 744:Drivers/STM32G4xx_HAL_Driver/Src/stm32g4xx_hal_pwr_ex.c ****         __HAL_PWR_PVM2_EXTI_ENABLE_RISING_EDGE();
 1443              		.loc 1 744 9 is_stmt 1 view .LVU317
 1444 0054 4F49     		ldr	r1, .L213
 1445 0056 8B6A     		ldr	r3, [r1, #40]
 1446 0058 43F01003 		orr	r3, r3, #16
 1447 005c 8B62     		str	r3, [r1, #40]
 1448              	.L158:
 745:Drivers/STM32G4xx_HAL_Driver/Src/stm32g4xx_hal_pwr_ex.c ****       }
 746:Drivers/STM32G4xx_HAL_Driver/Src/stm32g4xx_hal_pwr_ex.c **** 
 747:Drivers/STM32G4xx_HAL_Driver/Src/stm32g4xx_hal_pwr_ex.c ****       if((sConfigPVM->Mode & PVM_FALLING_EDGE) == PVM_FALLING_EDGE)
 1449              		.loc 1 747 7 view .LVU318
 1450              		.loc 1 747 9 is_stmt 0 view .LVU319
 1451 005e 9307     		lsls	r3, r2, #30
 1452 0060 04D5     		bpl	.L154
 748:Drivers/STM32G4xx_HAL_Driver/Src/stm32g4xx_hal_pwr_ex.c ****       {
 749:Drivers/STM32G4xx_HAL_Driver/Src/stm32g4xx_hal_pwr_ex.c ****         __HAL_PWR_PVM2_EXTI_ENABLE_FALLING_EDGE();
 1453              		.loc 1 749 9 is_stmt 1 view .LVU320
 1454 0062 4C4A     		ldr	r2, .L213
ARM GAS  /tmp/ccnRFgyO.s 			page 42


 1455 0064 D36A     		ldr	r3, [r2, #44]
 1456 0066 43F01003 		orr	r3, r3, #16
 1457 006a D362     		str	r3, [r2, #44]
 1458              	.L154:
 676:Drivers/STM32G4xx_HAL_Driver/Src/stm32g4xx_hal_pwr_ex.c **** 
 1459              		.loc 1 676 21 is_stmt 0 view .LVU321
 1460 006c 0020     		movs	r0, #0
 1461 006e 7047     		bx	lr
 1462              	.LVL101:
 1463              	.L146:
 686:Drivers/STM32G4xx_HAL_Driver/Src/stm32g4xx_hal_pwr_ex.c ****   {
 1464              		.loc 1 686 3 view .LVU322
 1465 0070 802B     		cmp	r3, #128
 1466 0072 2ED1     		bne	.L149
 750:Drivers/STM32G4xx_HAL_Driver/Src/stm32g4xx_hal_pwr_ex.c ****       }
 751:Drivers/STM32G4xx_HAL_Driver/Src/stm32g4xx_hal_pwr_ex.c ****       break;
 752:Drivers/STM32G4xx_HAL_Driver/Src/stm32g4xx_hal_pwr_ex.c **** #endif /* PWR_CR2_PVME2 */
 753:Drivers/STM32G4xx_HAL_Driver/Src/stm32g4xx_hal_pwr_ex.c **** 
 754:Drivers/STM32G4xx_HAL_Driver/Src/stm32g4xx_hal_pwr_ex.c ****     case PWR_PVM_3:
 755:Drivers/STM32G4xx_HAL_Driver/Src/stm32g4xx_hal_pwr_ex.c ****       /* Clear any previous config. Keep it clear if no event or IT mode is selected */
 756:Drivers/STM32G4xx_HAL_Driver/Src/stm32g4xx_hal_pwr_ex.c ****       __HAL_PWR_PVM3_EXTI_DISABLE_EVENT();
 757:Drivers/STM32G4xx_HAL_Driver/Src/stm32g4xx_hal_pwr_ex.c ****       __HAL_PWR_PVM3_EXTI_DISABLE_IT();
 758:Drivers/STM32G4xx_HAL_Driver/Src/stm32g4xx_hal_pwr_ex.c ****       __HAL_PWR_PVM3_EXTI_DISABLE_FALLING_EDGE();
 759:Drivers/STM32G4xx_HAL_Driver/Src/stm32g4xx_hal_pwr_ex.c ****       __HAL_PWR_PVM3_EXTI_DISABLE_RISING_EDGE();
 760:Drivers/STM32G4xx_HAL_Driver/Src/stm32g4xx_hal_pwr_ex.c **** 
 761:Drivers/STM32G4xx_HAL_Driver/Src/stm32g4xx_hal_pwr_ex.c ****       /* Configure interrupt mode */
 762:Drivers/STM32G4xx_HAL_Driver/Src/stm32g4xx_hal_pwr_ex.c ****       if((sConfigPVM->Mode & PVM_MODE_IT) == PVM_MODE_IT)
 763:Drivers/STM32G4xx_HAL_Driver/Src/stm32g4xx_hal_pwr_ex.c ****       {
 764:Drivers/STM32G4xx_HAL_Driver/Src/stm32g4xx_hal_pwr_ex.c ****         __HAL_PWR_PVM3_EXTI_ENABLE_IT();
 765:Drivers/STM32G4xx_HAL_Driver/Src/stm32g4xx_hal_pwr_ex.c ****       }
 766:Drivers/STM32G4xx_HAL_Driver/Src/stm32g4xx_hal_pwr_ex.c **** 
 767:Drivers/STM32G4xx_HAL_Driver/Src/stm32g4xx_hal_pwr_ex.c ****       /* Configure event mode */
 768:Drivers/STM32G4xx_HAL_Driver/Src/stm32g4xx_hal_pwr_ex.c ****       if((sConfigPVM->Mode & PVM_MODE_EVT) == PVM_MODE_EVT)
 769:Drivers/STM32G4xx_HAL_Driver/Src/stm32g4xx_hal_pwr_ex.c ****       {
 770:Drivers/STM32G4xx_HAL_Driver/Src/stm32g4xx_hal_pwr_ex.c ****         __HAL_PWR_PVM3_EXTI_ENABLE_EVENT();
 771:Drivers/STM32G4xx_HAL_Driver/Src/stm32g4xx_hal_pwr_ex.c ****       }
 772:Drivers/STM32G4xx_HAL_Driver/Src/stm32g4xx_hal_pwr_ex.c **** 
 773:Drivers/STM32G4xx_HAL_Driver/Src/stm32g4xx_hal_pwr_ex.c ****       /* Configure the edge */
 774:Drivers/STM32G4xx_HAL_Driver/Src/stm32g4xx_hal_pwr_ex.c ****       if((sConfigPVM->Mode & PVM_RISING_EDGE) == PVM_RISING_EDGE)
 775:Drivers/STM32G4xx_HAL_Driver/Src/stm32g4xx_hal_pwr_ex.c ****       {
 776:Drivers/STM32G4xx_HAL_Driver/Src/stm32g4xx_hal_pwr_ex.c ****         __HAL_PWR_PVM3_EXTI_ENABLE_RISING_EDGE();
 777:Drivers/STM32G4xx_HAL_Driver/Src/stm32g4xx_hal_pwr_ex.c ****       }
 778:Drivers/STM32G4xx_HAL_Driver/Src/stm32g4xx_hal_pwr_ex.c **** 
 779:Drivers/STM32G4xx_HAL_Driver/Src/stm32g4xx_hal_pwr_ex.c ****       if((sConfigPVM->Mode & PVM_FALLING_EDGE) == PVM_FALLING_EDGE)
 780:Drivers/STM32G4xx_HAL_Driver/Src/stm32g4xx_hal_pwr_ex.c ****       {
 781:Drivers/STM32G4xx_HAL_Driver/Src/stm32g4xx_hal_pwr_ex.c ****         __HAL_PWR_PVM3_EXTI_ENABLE_FALLING_EDGE();
 782:Drivers/STM32G4xx_HAL_Driver/Src/stm32g4xx_hal_pwr_ex.c ****       }
 783:Drivers/STM32G4xx_HAL_Driver/Src/stm32g4xx_hal_pwr_ex.c ****       break;
 784:Drivers/STM32G4xx_HAL_Driver/Src/stm32g4xx_hal_pwr_ex.c **** 
 785:Drivers/STM32G4xx_HAL_Driver/Src/stm32g4xx_hal_pwr_ex.c ****     case PWR_PVM_4:
 786:Drivers/STM32G4xx_HAL_Driver/Src/stm32g4xx_hal_pwr_ex.c ****       /* Clear any previous config. Keep it clear if no event or IT mode is selected */
 787:Drivers/STM32G4xx_HAL_Driver/Src/stm32g4xx_hal_pwr_ex.c ****       __HAL_PWR_PVM4_EXTI_DISABLE_EVENT();
 1467              		.loc 1 787 7 is_stmt 1 view .LVU323
 1468 0074 474B     		ldr	r3, .L213
 1469 0076 5A6A     		ldr	r2, [r3, #36]
 1470 0078 22F04002 		bic	r2, r2, #64
 1471 007c 5A62     		str	r2, [r3, #36]
ARM GAS  /tmp/ccnRFgyO.s 			page 43


 788:Drivers/STM32G4xx_HAL_Driver/Src/stm32g4xx_hal_pwr_ex.c ****       __HAL_PWR_PVM4_EXTI_DISABLE_IT();
 1472              		.loc 1 788 7 view .LVU324
 1473 007e 1A6A     		ldr	r2, [r3, #32]
 1474 0080 22F04002 		bic	r2, r2, #64
 1475 0084 1A62     		str	r2, [r3, #32]
 789:Drivers/STM32G4xx_HAL_Driver/Src/stm32g4xx_hal_pwr_ex.c ****       __HAL_PWR_PVM4_EXTI_DISABLE_FALLING_EDGE();
 1476              		.loc 1 789 7 view .LVU325
 1477 0086 DA6A     		ldr	r2, [r3, #44]
 1478 0088 22F04002 		bic	r2, r2, #64
 1479 008c DA62     		str	r2, [r3, #44]
 790:Drivers/STM32G4xx_HAL_Driver/Src/stm32g4xx_hal_pwr_ex.c ****       __HAL_PWR_PVM4_EXTI_DISABLE_RISING_EDGE();
 1480              		.loc 1 790 7 view .LVU326
 1481 008e 9A6A     		ldr	r2, [r3, #40]
 1482 0090 22F04002 		bic	r2, r2, #64
 1483 0094 9A62     		str	r2, [r3, #40]
 791:Drivers/STM32G4xx_HAL_Driver/Src/stm32g4xx_hal_pwr_ex.c **** 
 792:Drivers/STM32G4xx_HAL_Driver/Src/stm32g4xx_hal_pwr_ex.c ****       /* Configure interrupt mode */
 793:Drivers/STM32G4xx_HAL_Driver/Src/stm32g4xx_hal_pwr_ex.c ****       if((sConfigPVM->Mode & PVM_MODE_IT) == PVM_MODE_IT)
 1484              		.loc 1 793 7 view .LVU327
 1485              		.loc 1 793 21 is_stmt 0 view .LVU328
 1486 0096 4268     		ldr	r2, [r0, #4]
 1487              		.loc 1 793 9 view .LVU329
 1488 0098 D103     		lsls	r1, r2, #15
 1489 009a 03D5     		bpl	.L162
 794:Drivers/STM32G4xx_HAL_Driver/Src/stm32g4xx_hal_pwr_ex.c ****       {
 795:Drivers/STM32G4xx_HAL_Driver/Src/stm32g4xx_hal_pwr_ex.c ****         __HAL_PWR_PVM4_EXTI_ENABLE_IT();
 1490              		.loc 1 795 9 is_stmt 1 view .LVU330
 1491 009c 196A     		ldr	r1, [r3, #32]
 1492 009e 41F04001 		orr	r1, r1, #64
 1493 00a2 1962     		str	r1, [r3, #32]
 1494              	.L162:
 796:Drivers/STM32G4xx_HAL_Driver/Src/stm32g4xx_hal_pwr_ex.c ****       }
 797:Drivers/STM32G4xx_HAL_Driver/Src/stm32g4xx_hal_pwr_ex.c **** 
 798:Drivers/STM32G4xx_HAL_Driver/Src/stm32g4xx_hal_pwr_ex.c ****       /* Configure event mode */
 799:Drivers/STM32G4xx_HAL_Driver/Src/stm32g4xx_hal_pwr_ex.c ****       if((sConfigPVM->Mode & PVM_MODE_EVT) == PVM_MODE_EVT)
 1495              		.loc 1 799 7 view .LVU331
 1496              		.loc 1 799 9 is_stmt 0 view .LVU332
 1497 00a4 9003     		lsls	r0, r2, #14
 1498              	.LVL102:
 1499              		.loc 1 799 9 view .LVU333
 1500 00a6 04D5     		bpl	.L163
 800:Drivers/STM32G4xx_HAL_Driver/Src/stm32g4xx_hal_pwr_ex.c ****       {
 801:Drivers/STM32G4xx_HAL_Driver/Src/stm32g4xx_hal_pwr_ex.c ****         __HAL_PWR_PVM4_EXTI_ENABLE_EVENT();
 1501              		.loc 1 801 9 is_stmt 1 view .LVU334
 1502 00a8 3A49     		ldr	r1, .L213
 1503 00aa 4B6A     		ldr	r3, [r1, #36]
 1504 00ac 43F04003 		orr	r3, r3, #64
 1505 00b0 4B62     		str	r3, [r1, #36]
 1506              	.L163:
 802:Drivers/STM32G4xx_HAL_Driver/Src/stm32g4xx_hal_pwr_ex.c ****       }
 803:Drivers/STM32G4xx_HAL_Driver/Src/stm32g4xx_hal_pwr_ex.c **** 
 804:Drivers/STM32G4xx_HAL_Driver/Src/stm32g4xx_hal_pwr_ex.c ****       /* Configure the edge */
 805:Drivers/STM32G4xx_HAL_Driver/Src/stm32g4xx_hal_pwr_ex.c ****       if((sConfigPVM->Mode & PVM_RISING_EDGE) == PVM_RISING_EDGE)
 1507              		.loc 1 805 7 view .LVU335
 1508              		.loc 1 805 9 is_stmt 0 view .LVU336
 1509 00b2 D107     		lsls	r1, r2, #31
 1510 00b4 04D5     		bpl	.L164
ARM GAS  /tmp/ccnRFgyO.s 			page 44


 806:Drivers/STM32G4xx_HAL_Driver/Src/stm32g4xx_hal_pwr_ex.c ****       {
 807:Drivers/STM32G4xx_HAL_Driver/Src/stm32g4xx_hal_pwr_ex.c ****         __HAL_PWR_PVM4_EXTI_ENABLE_RISING_EDGE();
 1511              		.loc 1 807 9 is_stmt 1 view .LVU337
 1512 00b6 3749     		ldr	r1, .L213
 1513 00b8 8B6A     		ldr	r3, [r1, #40]
 1514 00ba 43F04003 		orr	r3, r3, #64
 1515 00be 8B62     		str	r3, [r1, #40]
 1516              	.L164:
 808:Drivers/STM32G4xx_HAL_Driver/Src/stm32g4xx_hal_pwr_ex.c ****       }
 809:Drivers/STM32G4xx_HAL_Driver/Src/stm32g4xx_hal_pwr_ex.c **** 
 810:Drivers/STM32G4xx_HAL_Driver/Src/stm32g4xx_hal_pwr_ex.c ****       if((sConfigPVM->Mode & PVM_FALLING_EDGE) == PVM_FALLING_EDGE)
 1517              		.loc 1 810 7 view .LVU338
 1518              		.loc 1 810 9 is_stmt 0 view .LVU339
 1519 00c0 9307     		lsls	r3, r2, #30
 1520 00c2 D3D5     		bpl	.L154
 811:Drivers/STM32G4xx_HAL_Driver/Src/stm32g4xx_hal_pwr_ex.c ****       {
 812:Drivers/STM32G4xx_HAL_Driver/Src/stm32g4xx_hal_pwr_ex.c ****         __HAL_PWR_PVM4_EXTI_ENABLE_FALLING_EDGE();
 1521              		.loc 1 812 9 is_stmt 1 view .LVU340
 1522 00c4 334A     		ldr	r2, .L213
 1523 00c6 D36A     		ldr	r3, [r2, #44]
 1524 00c8 43F04003 		orr	r3, r3, #64
 1525 00cc D362     		str	r3, [r2, #44]
 676:Drivers/STM32G4xx_HAL_Driver/Src/stm32g4xx_hal_pwr_ex.c **** 
 1526              		.loc 1 676 21 is_stmt 0 view .LVU341
 1527 00ce 0020     		movs	r0, #0
 1528 00d0 7047     		bx	lr
 1529              	.LVL103:
 1530              	.L149:
 676:Drivers/STM32G4xx_HAL_Driver/Src/stm32g4xx_hal_pwr_ex.c **** 
 1531              		.loc 1 676 21 view .LVU342
 1532 00d2 0120     		movs	r0, #1
 1533              	.LVL104:
 813:Drivers/STM32G4xx_HAL_Driver/Src/stm32g4xx_hal_pwr_ex.c ****       }
 814:Drivers/STM32G4xx_HAL_Driver/Src/stm32g4xx_hal_pwr_ex.c ****       break;
 815:Drivers/STM32G4xx_HAL_Driver/Src/stm32g4xx_hal_pwr_ex.c **** 
 816:Drivers/STM32G4xx_HAL_Driver/Src/stm32g4xx_hal_pwr_ex.c ****     default:
 817:Drivers/STM32G4xx_HAL_Driver/Src/stm32g4xx_hal_pwr_ex.c ****       status = HAL_ERROR;
 818:Drivers/STM32G4xx_HAL_Driver/Src/stm32g4xx_hal_pwr_ex.c ****       break;
 819:Drivers/STM32G4xx_HAL_Driver/Src/stm32g4xx_hal_pwr_ex.c ****   }
 820:Drivers/STM32G4xx_HAL_Driver/Src/stm32g4xx_hal_pwr_ex.c **** 
 821:Drivers/STM32G4xx_HAL_Driver/Src/stm32g4xx_hal_pwr_ex.c ****   return status;
 1534              		.loc 1 821 3 is_stmt 1 view .LVU343
 822:Drivers/STM32G4xx_HAL_Driver/Src/stm32g4xx_hal_pwr_ex.c **** }
 1535              		.loc 1 822 1 is_stmt 0 view .LVU344
 1536 00d4 7047     		bx	lr
 1537              	.LVL105:
 1538              	.L145:
 756:Drivers/STM32G4xx_HAL_Driver/Src/stm32g4xx_hal_pwr_ex.c ****       __HAL_PWR_PVM3_EXTI_DISABLE_IT();
 1539              		.loc 1 756 7 is_stmt 1 view .LVU345
 1540 00d6 2F4B     		ldr	r3, .L213
 1541 00d8 5A6A     		ldr	r2, [r3, #36]
 1542 00da 22F02002 		bic	r2, r2, #32
 1543 00de 5A62     		str	r2, [r3, #36]
 757:Drivers/STM32G4xx_HAL_Driver/Src/stm32g4xx_hal_pwr_ex.c ****       __HAL_PWR_PVM3_EXTI_DISABLE_FALLING_EDGE();
 1544              		.loc 1 757 7 view .LVU346
 1545 00e0 1A6A     		ldr	r2, [r3, #32]
 1546 00e2 22F02002 		bic	r2, r2, #32
ARM GAS  /tmp/ccnRFgyO.s 			page 45


 1547 00e6 1A62     		str	r2, [r3, #32]
 758:Drivers/STM32G4xx_HAL_Driver/Src/stm32g4xx_hal_pwr_ex.c ****       __HAL_PWR_PVM3_EXTI_DISABLE_RISING_EDGE();
 1548              		.loc 1 758 7 view .LVU347
 1549 00e8 DA6A     		ldr	r2, [r3, #44]
 1550 00ea 22F02002 		bic	r2, r2, #32
 1551 00ee DA62     		str	r2, [r3, #44]
 759:Drivers/STM32G4xx_HAL_Driver/Src/stm32g4xx_hal_pwr_ex.c **** 
 1552              		.loc 1 759 7 view .LVU348
 1553 00f0 9A6A     		ldr	r2, [r3, #40]
 1554 00f2 22F02002 		bic	r2, r2, #32
 1555 00f6 9A62     		str	r2, [r3, #40]
 762:Drivers/STM32G4xx_HAL_Driver/Src/stm32g4xx_hal_pwr_ex.c ****       {
 1556              		.loc 1 762 7 view .LVU349
 762:Drivers/STM32G4xx_HAL_Driver/Src/stm32g4xx_hal_pwr_ex.c ****       {
 1557              		.loc 1 762 21 is_stmt 0 view .LVU350
 1558 00f8 4268     		ldr	r2, [r0, #4]
 762:Drivers/STM32G4xx_HAL_Driver/Src/stm32g4xx_hal_pwr_ex.c ****       {
 1559              		.loc 1 762 9 view .LVU351
 1560 00fa D003     		lsls	r0, r2, #15
 1561              	.LVL106:
 762:Drivers/STM32G4xx_HAL_Driver/Src/stm32g4xx_hal_pwr_ex.c ****       {
 1562              		.loc 1 762 9 view .LVU352
 1563 00fc 03D5     		bpl	.L159
 764:Drivers/STM32G4xx_HAL_Driver/Src/stm32g4xx_hal_pwr_ex.c ****       }
 1564              		.loc 1 764 9 is_stmt 1 view .LVU353
 1565 00fe 196A     		ldr	r1, [r3, #32]
 1566 0100 41F02001 		orr	r1, r1, #32
 1567 0104 1962     		str	r1, [r3, #32]
 1568              	.L159:
 768:Drivers/STM32G4xx_HAL_Driver/Src/stm32g4xx_hal_pwr_ex.c ****       {
 1569              		.loc 1 768 7 view .LVU354
 768:Drivers/STM32G4xx_HAL_Driver/Src/stm32g4xx_hal_pwr_ex.c ****       {
 1570              		.loc 1 768 9 is_stmt 0 view .LVU355
 1571 0106 9103     		lsls	r1, r2, #14
 1572 0108 04D5     		bpl	.L160
 770:Drivers/STM32G4xx_HAL_Driver/Src/stm32g4xx_hal_pwr_ex.c ****       }
 1573              		.loc 1 770 9 is_stmt 1 view .LVU356
 1574 010a 2249     		ldr	r1, .L213
 1575 010c 4B6A     		ldr	r3, [r1, #36]
 1576 010e 43F02003 		orr	r3, r3, #32
 1577 0112 4B62     		str	r3, [r1, #36]
 1578              	.L160:
 774:Drivers/STM32G4xx_HAL_Driver/Src/stm32g4xx_hal_pwr_ex.c ****       {
 1579              		.loc 1 774 7 view .LVU357
 774:Drivers/STM32G4xx_HAL_Driver/Src/stm32g4xx_hal_pwr_ex.c ****       {
 1580              		.loc 1 774 9 is_stmt 0 view .LVU358
 1581 0114 D307     		lsls	r3, r2, #31
 1582 0116 04D5     		bpl	.L161
 776:Drivers/STM32G4xx_HAL_Driver/Src/stm32g4xx_hal_pwr_ex.c ****       }
 1583              		.loc 1 776 9 is_stmt 1 view .LVU359
 1584 0118 1E49     		ldr	r1, .L213
 1585 011a 8B6A     		ldr	r3, [r1, #40]
 1586 011c 43F02003 		orr	r3, r3, #32
 1587 0120 8B62     		str	r3, [r1, #40]
 1588              	.L161:
 779:Drivers/STM32G4xx_HAL_Driver/Src/stm32g4xx_hal_pwr_ex.c ****       {
 1589              		.loc 1 779 7 view .LVU360
ARM GAS  /tmp/ccnRFgyO.s 			page 46


 779:Drivers/STM32G4xx_HAL_Driver/Src/stm32g4xx_hal_pwr_ex.c ****       {
 1590              		.loc 1 779 9 is_stmt 0 view .LVU361
 1591 0122 9007     		lsls	r0, r2, #30
 1592 0124 A2D5     		bpl	.L154
 781:Drivers/STM32G4xx_HAL_Driver/Src/stm32g4xx_hal_pwr_ex.c ****       }
 1593              		.loc 1 781 9 is_stmt 1 view .LVU362
 1594 0126 1B4A     		ldr	r2, .L213
 1595 0128 D36A     		ldr	r3, [r2, #44]
 1596 012a 43F02003 		orr	r3, r3, #32
 1597 012e D362     		str	r3, [r2, #44]
 676:Drivers/STM32G4xx_HAL_Driver/Src/stm32g4xx_hal_pwr_ex.c **** 
 1598              		.loc 1 676 21 is_stmt 0 view .LVU363
 1599 0130 0020     		movs	r0, #0
 1600 0132 7047     		bx	lr
 1601              	.LVL107:
 1602              	.L147:
 691:Drivers/STM32G4xx_HAL_Driver/Src/stm32g4xx_hal_pwr_ex.c ****       __HAL_PWR_PVM1_EXTI_DISABLE_IT();
 1603              		.loc 1 691 7 is_stmt 1 view .LVU364
 1604 0134 174B     		ldr	r3, .L213
 1605 0136 5A6A     		ldr	r2, [r3, #36]
 1606 0138 22F00802 		bic	r2, r2, #8
 1607 013c 5A62     		str	r2, [r3, #36]
 692:Drivers/STM32G4xx_HAL_Driver/Src/stm32g4xx_hal_pwr_ex.c ****       __HAL_PWR_PVM1_EXTI_DISABLE_FALLING_EDGE();
 1608              		.loc 1 692 7 view .LVU365
 1609 013e 1A6A     		ldr	r2, [r3, #32]
 1610 0140 22F00802 		bic	r2, r2, #8
 1611 0144 1A62     		str	r2, [r3, #32]
 693:Drivers/STM32G4xx_HAL_Driver/Src/stm32g4xx_hal_pwr_ex.c ****       __HAL_PWR_PVM1_EXTI_DISABLE_RISING_EDGE();
 1612              		.loc 1 693 7 view .LVU366
 1613 0146 DA6A     		ldr	r2, [r3, #44]
 1614 0148 22F00802 		bic	r2, r2, #8
 1615 014c DA62     		str	r2, [r3, #44]
 694:Drivers/STM32G4xx_HAL_Driver/Src/stm32g4xx_hal_pwr_ex.c **** 
 1616              		.loc 1 694 7 view .LVU367
 1617 014e 9A6A     		ldr	r2, [r3, #40]
 1618 0150 22F00802 		bic	r2, r2, #8
 1619 0154 9A62     		str	r2, [r3, #40]
 697:Drivers/STM32G4xx_HAL_Driver/Src/stm32g4xx_hal_pwr_ex.c ****       {
 1620              		.loc 1 697 7 view .LVU368
 697:Drivers/STM32G4xx_HAL_Driver/Src/stm32g4xx_hal_pwr_ex.c ****       {
 1621              		.loc 1 697 21 is_stmt 0 view .LVU369
 1622 0156 4268     		ldr	r2, [r0, #4]
 697:Drivers/STM32G4xx_HAL_Driver/Src/stm32g4xx_hal_pwr_ex.c ****       {
 1623              		.loc 1 697 9 view .LVU370
 1624 0158 D003     		lsls	r0, r2, #15
 1625              	.LVL108:
 697:Drivers/STM32G4xx_HAL_Driver/Src/stm32g4xx_hal_pwr_ex.c ****       {
 1626              		.loc 1 697 9 view .LVU371
 1627 015a 03D5     		bpl	.L151
 699:Drivers/STM32G4xx_HAL_Driver/Src/stm32g4xx_hal_pwr_ex.c ****       }
 1628              		.loc 1 699 9 is_stmt 1 view .LVU372
 1629 015c 196A     		ldr	r1, [r3, #32]
 1630 015e 41F00801 		orr	r1, r1, #8
 1631 0162 1962     		str	r1, [r3, #32]
 1632              	.L151:
 703:Drivers/STM32G4xx_HAL_Driver/Src/stm32g4xx_hal_pwr_ex.c ****       {
 1633              		.loc 1 703 7 view .LVU373
ARM GAS  /tmp/ccnRFgyO.s 			page 47


 703:Drivers/STM32G4xx_HAL_Driver/Src/stm32g4xx_hal_pwr_ex.c ****       {
 1634              		.loc 1 703 9 is_stmt 0 view .LVU374
 1635 0164 9103     		lsls	r1, r2, #14
 1636 0166 04D5     		bpl	.L152
 705:Drivers/STM32G4xx_HAL_Driver/Src/stm32g4xx_hal_pwr_ex.c ****       }
 1637              		.loc 1 705 9 is_stmt 1 view .LVU375
 1638 0168 0A49     		ldr	r1, .L213
 1639 016a 4B6A     		ldr	r3, [r1, #36]
 1640 016c 43F00803 		orr	r3, r3, #8
 1641 0170 4B62     		str	r3, [r1, #36]
 1642              	.L152:
 709:Drivers/STM32G4xx_HAL_Driver/Src/stm32g4xx_hal_pwr_ex.c ****       {
 1643              		.loc 1 709 7 view .LVU376
 709:Drivers/STM32G4xx_HAL_Driver/Src/stm32g4xx_hal_pwr_ex.c ****       {
 1644              		.loc 1 709 9 is_stmt 0 view .LVU377
 1645 0172 D307     		lsls	r3, r2, #31
 1646 0174 04D5     		bpl	.L153
 711:Drivers/STM32G4xx_HAL_Driver/Src/stm32g4xx_hal_pwr_ex.c ****       }
 1647              		.loc 1 711 9 is_stmt 1 view .LVU378
 1648 0176 0749     		ldr	r1, .L213
 1649 0178 8B6A     		ldr	r3, [r1, #40]
 1650 017a 43F00803 		orr	r3, r3, #8
 1651 017e 8B62     		str	r3, [r1, #40]
 1652              	.L153:
 714:Drivers/STM32G4xx_HAL_Driver/Src/stm32g4xx_hal_pwr_ex.c ****       {
 1653              		.loc 1 714 7 view .LVU379
 714:Drivers/STM32G4xx_HAL_Driver/Src/stm32g4xx_hal_pwr_ex.c ****       {
 1654              		.loc 1 714 9 is_stmt 0 view .LVU380
 1655 0180 9007     		lsls	r0, r2, #30
 1656 0182 7FF573AF 		bpl	.L154
 716:Drivers/STM32G4xx_HAL_Driver/Src/stm32g4xx_hal_pwr_ex.c ****       }
 1657              		.loc 1 716 9 is_stmt 1 view .LVU381
 1658 0186 034A     		ldr	r2, .L213
 1659 0188 D36A     		ldr	r3, [r2, #44]
 1660 018a 43F00803 		orr	r3, r3, #8
 1661 018e D362     		str	r3, [r2, #44]
 676:Drivers/STM32G4xx_HAL_Driver/Src/stm32g4xx_hal_pwr_ex.c **** 
 1662              		.loc 1 676 21 is_stmt 0 view .LVU382
 1663 0190 0020     		movs	r0, #0
 1664 0192 7047     		bx	lr
 1665              	.L214:
 1666              		.align	2
 1667              	.L213:
 1668 0194 00040140 		.word	1073808384
 1669              		.cfi_endproc
 1670              	.LFE351:
 1672              		.section	.text.HAL_PWREx_EnableLowPowerRunMode,"ax",%progbits
 1673              		.align	1
 1674              		.p2align 2,,3
 1675              		.global	HAL_PWREx_EnableLowPowerRunMode
 1676              		.syntax unified
 1677              		.thumb
 1678              		.thumb_func
 1680              	HAL_PWREx_EnableLowPowerRunMode:
 1681              	.LFB352:
 823:Drivers/STM32G4xx_HAL_Driver/Src/stm32g4xx_hal_pwr_ex.c **** 
 824:Drivers/STM32G4xx_HAL_Driver/Src/stm32g4xx_hal_pwr_ex.c **** 
ARM GAS  /tmp/ccnRFgyO.s 			page 48


 825:Drivers/STM32G4xx_HAL_Driver/Src/stm32g4xx_hal_pwr_ex.c **** /**
 826:Drivers/STM32G4xx_HAL_Driver/Src/stm32g4xx_hal_pwr_ex.c ****   * @brief Enter Low-power Run mode
 827:Drivers/STM32G4xx_HAL_Driver/Src/stm32g4xx_hal_pwr_ex.c ****   * @note  In Low-power Run mode, all I/O pins keep the same state as in Run mode.
 828:Drivers/STM32G4xx_HAL_Driver/Src/stm32g4xx_hal_pwr_ex.c ****   * @note  When Regulator is set to PWR_LOWPOWERREGULATOR_ON, the user can optionally configure the
 829:Drivers/STM32G4xx_HAL_Driver/Src/stm32g4xx_hal_pwr_ex.c ****   *        Flash in power-down monde in setting the RUN_PD bit in FLASH_ACR register.
 830:Drivers/STM32G4xx_HAL_Driver/Src/stm32g4xx_hal_pwr_ex.c ****   *        Additionally, the clock frequency must be reduced below 2 MHz.
 831:Drivers/STM32G4xx_HAL_Driver/Src/stm32g4xx_hal_pwr_ex.c ****   *        Setting RUN_PD in FLASH_ACR then appropriately reducing the clock frequency must
 832:Drivers/STM32G4xx_HAL_Driver/Src/stm32g4xx_hal_pwr_ex.c ****   *        be done before calling HAL_PWREx_EnableLowPowerRunMode() API.
 833:Drivers/STM32G4xx_HAL_Driver/Src/stm32g4xx_hal_pwr_ex.c ****   * @retval None
 834:Drivers/STM32G4xx_HAL_Driver/Src/stm32g4xx_hal_pwr_ex.c ****   */
 835:Drivers/STM32G4xx_HAL_Driver/Src/stm32g4xx_hal_pwr_ex.c **** void HAL_PWREx_EnableLowPowerRunMode(void)
 836:Drivers/STM32G4xx_HAL_Driver/Src/stm32g4xx_hal_pwr_ex.c **** {
 1682              		.loc 1 836 1 is_stmt 1 view -0
 1683              		.cfi_startproc
 1684              		@ args = 0, pretend = 0, frame = 0
 1685              		@ frame_needed = 0, uses_anonymous_args = 0
 1686              		@ link register save eliminated.
 837:Drivers/STM32G4xx_HAL_Driver/Src/stm32g4xx_hal_pwr_ex.c ****   /* Set Regulator parameter */
 838:Drivers/STM32G4xx_HAL_Driver/Src/stm32g4xx_hal_pwr_ex.c ****   SET_BIT(PWR->CR1, PWR_CR1_LPR);
 1687              		.loc 1 838 3 view .LVU384
 1688 0000 024A     		ldr	r2, .L216
 1689 0002 1368     		ldr	r3, [r2]
 1690 0004 43F48043 		orr	r3, r3, #16384
 1691 0008 1360     		str	r3, [r2]
 839:Drivers/STM32G4xx_HAL_Driver/Src/stm32g4xx_hal_pwr_ex.c **** }
 1692              		.loc 1 839 1 is_stmt 0 view .LVU385
 1693 000a 7047     		bx	lr
 1694              	.L217:
 1695              		.align	2
 1696              	.L216:
 1697 000c 00700040 		.word	1073770496
 1698              		.cfi_endproc
 1699              	.LFE352:
 1701              		.section	.text.HAL_PWREx_DisableLowPowerRunMode,"ax",%progbits
 1702              		.align	1
 1703              		.p2align 2,,3
 1704              		.global	HAL_PWREx_DisableLowPowerRunMode
 1705              		.syntax unified
 1706              		.thumb
 1707              		.thumb_func
 1709              	HAL_PWREx_DisableLowPowerRunMode:
 1710              	.LFB353:
 840:Drivers/STM32G4xx_HAL_Driver/Src/stm32g4xx_hal_pwr_ex.c **** 
 841:Drivers/STM32G4xx_HAL_Driver/Src/stm32g4xx_hal_pwr_ex.c **** 
 842:Drivers/STM32G4xx_HAL_Driver/Src/stm32g4xx_hal_pwr_ex.c **** /**
 843:Drivers/STM32G4xx_HAL_Driver/Src/stm32g4xx_hal_pwr_ex.c ****   * @brief Exit Low-power Run mode.
 844:Drivers/STM32G4xx_HAL_Driver/Src/stm32g4xx_hal_pwr_ex.c ****   * @note  Before HAL_PWREx_DisableLowPowerRunMode() completion, the function checks that
 845:Drivers/STM32G4xx_HAL_Driver/Src/stm32g4xx_hal_pwr_ex.c ****   *        REGLPF has been properly reset (otherwise, HAL_PWREx_DisableLowPowerRunMode
 846:Drivers/STM32G4xx_HAL_Driver/Src/stm32g4xx_hal_pwr_ex.c ****   *        returns HAL_TIMEOUT status). The system clock frequency can then be
 847:Drivers/STM32G4xx_HAL_Driver/Src/stm32g4xx_hal_pwr_ex.c ****   *        increased above 2 MHz.
 848:Drivers/STM32G4xx_HAL_Driver/Src/stm32g4xx_hal_pwr_ex.c ****   * @retval HAL Status
 849:Drivers/STM32G4xx_HAL_Driver/Src/stm32g4xx_hal_pwr_ex.c ****   */
 850:Drivers/STM32G4xx_HAL_Driver/Src/stm32g4xx_hal_pwr_ex.c **** HAL_StatusTypeDef HAL_PWREx_DisableLowPowerRunMode(void)
 851:Drivers/STM32G4xx_HAL_Driver/Src/stm32g4xx_hal_pwr_ex.c **** {
 1711              		.loc 1 851 1 is_stmt 1 view -0
 1712              		.cfi_startproc
 1713              		@ args = 0, pretend = 0, frame = 0
ARM GAS  /tmp/ccnRFgyO.s 			page 49


 1714              		@ frame_needed = 0, uses_anonymous_args = 0
 1715              		@ link register save eliminated.
 852:Drivers/STM32G4xx_HAL_Driver/Src/stm32g4xx_hal_pwr_ex.c ****   uint32_t wait_loop_index;
 1716              		.loc 1 852 3 view .LVU387
 853:Drivers/STM32G4xx_HAL_Driver/Src/stm32g4xx_hal_pwr_ex.c **** 
 854:Drivers/STM32G4xx_HAL_Driver/Src/stm32g4xx_hal_pwr_ex.c ****   /* Clear LPR bit */
 855:Drivers/STM32G4xx_HAL_Driver/Src/stm32g4xx_hal_pwr_ex.c ****   CLEAR_BIT(PWR->CR1, PWR_CR1_LPR);
 1717              		.loc 1 855 3 view .LVU388
 1718 0000 0F49     		ldr	r1, .L230
 1719 0002 0B68     		ldr	r3, [r1]
 1720 0004 23F48043 		bic	r3, r3, #16384
 1721 0008 0B60     		str	r3, [r1]
 856:Drivers/STM32G4xx_HAL_Driver/Src/stm32g4xx_hal_pwr_ex.c **** 
 857:Drivers/STM32G4xx_HAL_Driver/Src/stm32g4xx_hal_pwr_ex.c ****   /* Wait until REGLPF is reset */
 858:Drivers/STM32G4xx_HAL_Driver/Src/stm32g4xx_hal_pwr_ex.c ****   wait_loop_index = (PWR_FLAG_SETTING_DELAY_US * (SystemCoreClock / 1000000U));
 1722              		.loc 1 858 3 view .LVU389
 859:Drivers/STM32G4xx_HAL_Driver/Src/stm32g4xx_hal_pwr_ex.c ****   while ((HAL_IS_BIT_SET(PWR->SR2, PWR_SR2_REGLPF)) && (wait_loop_index != 0U))
 1723              		.loc 1 859 3 view .LVU390
 1724              	.LVL109:
 1725              		.loc 1 859 53 discriminator 1 view .LVU391
 1726              		.loc 1 859 11 is_stmt 0 discriminator 1 view .LVU392
 1727 000a 4B69     		ldr	r3, [r1, #20]
 1728              		.loc 1 859 53 discriminator 1 view .LVU393
 1729 000c 9B05     		lsls	r3, r3, #22
 1730 000e 0ED5     		bpl	.L219
 858:Drivers/STM32G4xx_HAL_Driver/Src/stm32g4xx_hal_pwr_ex.c ****   while ((HAL_IS_BIT_SET(PWR->SR2, PWR_SR2_REGLPF)) && (wait_loop_index != 0U))
 1731              		.loc 1 858 67 view .LVU394
 1732 0010 0C4B     		ldr	r3, .L230+4
 1733              	.LVL110:
 858:Drivers/STM32G4xx_HAL_Driver/Src/stm32g4xx_hal_pwr_ex.c ****   while ((HAL_IS_BIT_SET(PWR->SR2, PWR_SR2_REGLPF)) && (wait_loop_index != 0U))
 1734              		.loc 1 858 67 view .LVU395
 1735 0012 0D4A     		ldr	r2, .L230+8
 1736 0014 1B68     		ldr	r3, [r3]
 1737              	.LVL111:
 858:Drivers/STM32G4xx_HAL_Driver/Src/stm32g4xx_hal_pwr_ex.c ****   while ((HAL_IS_BIT_SET(PWR->SR2, PWR_SR2_REGLPF)) && (wait_loop_index != 0U))
 1738              		.loc 1 858 67 view .LVU396
 1739 0016 A2FB0323 		umull	r2, r3, r2, r3
 1740              	.LVL112:
 858:Drivers/STM32G4xx_HAL_Driver/Src/stm32g4xx_hal_pwr_ex.c ****   while ((HAL_IS_BIT_SET(PWR->SR2, PWR_SR2_REGLPF)) && (wait_loop_index != 0U))
 1741              		.loc 1 858 19 view .LVU397
 1742 001a 3220     		movs	r0, #50
 858:Drivers/STM32G4xx_HAL_Driver/Src/stm32g4xx_hal_pwr_ex.c ****   while ((HAL_IS_BIT_SET(PWR->SR2, PWR_SR2_REGLPF)) && (wait_loop_index != 0U))
 1743              		.loc 1 858 67 view .LVU398
 1744 001c 9B0C     		lsrs	r3, r3, #18
 858:Drivers/STM32G4xx_HAL_Driver/Src/stm32g4xx_hal_pwr_ex.c ****   while ((HAL_IS_BIT_SET(PWR->SR2, PWR_SR2_REGLPF)) && (wait_loop_index != 0U))
 1745              		.loc 1 858 19 view .LVU399
 1746 001e 00FB03F3 		mul	r3, r0, r3
 1747              	.LVL113:
 1748              	.L220:
 860:Drivers/STM32G4xx_HAL_Driver/Src/stm32g4xx_hal_pwr_ex.c ****   {
 861:Drivers/STM32G4xx_HAL_Driver/Src/stm32g4xx_hal_pwr_ex.c ****     wait_loop_index--;
 1749              		.loc 1 861 5 is_stmt 1 view .LVU400
 859:Drivers/STM32G4xx_HAL_Driver/Src/stm32g4xx_hal_pwr_ex.c ****   {
 1750              		.loc 1 859 53 is_stmt 0 discriminator 2 view .LVU401
 1751 0022 23B1     		cbz	r3, .L219
 859:Drivers/STM32G4xx_HAL_Driver/Src/stm32g4xx_hal_pwr_ex.c ****   {
 1752              		.loc 1 859 11 discriminator 1 view .LVU402
ARM GAS  /tmp/ccnRFgyO.s 			page 50


 1753 0024 4A69     		ldr	r2, [r1, #20]
 859:Drivers/STM32G4xx_HAL_Driver/Src/stm32g4xx_hal_pwr_ex.c ****   {
 1754              		.loc 1 859 53 discriminator 1 view .LVU403
 1755 0026 9205     		lsls	r2, r2, #22
 1756              		.loc 1 861 20 view .LVU404
 1757 0028 03F1FF33 		add	r3, r3, #-1
 1758              	.LVL114:
 859:Drivers/STM32G4xx_HAL_Driver/Src/stm32g4xx_hal_pwr_ex.c ****   {
 1759              		.loc 1 859 53 is_stmt 1 discriminator 1 view .LVU405
 1760 002c F9D4     		bmi	.L220
 1761              	.LVL115:
 1762              	.L219:
 862:Drivers/STM32G4xx_HAL_Driver/Src/stm32g4xx_hal_pwr_ex.c ****   }
 863:Drivers/STM32G4xx_HAL_Driver/Src/stm32g4xx_hal_pwr_ex.c ****   if (HAL_IS_BIT_SET(PWR->SR2, PWR_SR2_REGLPF))
 1763              		.loc 1 863 3 view .LVU406
 1764              		.loc 1 863 7 is_stmt 0 view .LVU407
 1765 002e 044B     		ldr	r3, .L230
 1766 0030 5B69     		ldr	r3, [r3, #20]
 864:Drivers/STM32G4xx_HAL_Driver/Src/stm32g4xx_hal_pwr_ex.c ****   {
 865:Drivers/STM32G4xx_HAL_Driver/Src/stm32g4xx_hal_pwr_ex.c ****     return HAL_TIMEOUT;
 866:Drivers/STM32G4xx_HAL_Driver/Src/stm32g4xx_hal_pwr_ex.c ****   }
 867:Drivers/STM32G4xx_HAL_Driver/Src/stm32g4xx_hal_pwr_ex.c **** 
 868:Drivers/STM32G4xx_HAL_Driver/Src/stm32g4xx_hal_pwr_ex.c ****   return HAL_OK;
 1767              		.loc 1 868 10 view .LVU408
 1768 0032 13F4007F 		tst	r3, #512
 869:Drivers/STM32G4xx_HAL_Driver/Src/stm32g4xx_hal_pwr_ex.c **** }
 1769              		.loc 1 869 1 view .LVU409
 1770 0036 14BF     		ite	ne
 1771 0038 0320     		movne	r0, #3
 1772 003a 0020     		moveq	r0, #0
 1773 003c 7047     		bx	lr
 1774              	.L231:
 1775 003e 00BF     		.align	2
 1776              	.L230:
 1777 0040 00700040 		.word	1073770496
 1778 0044 00000000 		.word	SystemCoreClock
 1779 0048 83DE1B43 		.word	1125899907
 1780              		.cfi_endproc
 1781              	.LFE353:
 1783              		.section	.text.HAL_PWREx_EnterSTOP0Mode,"ax",%progbits
 1784              		.align	1
 1785              		.p2align 2,,3
 1786              		.global	HAL_PWREx_EnterSTOP0Mode
 1787              		.syntax unified
 1788              		.thumb
 1789              		.thumb_func
 1791              	HAL_PWREx_EnterSTOP0Mode:
 1792              	.LVL116:
 1793              	.LFB354:
 870:Drivers/STM32G4xx_HAL_Driver/Src/stm32g4xx_hal_pwr_ex.c **** 
 871:Drivers/STM32G4xx_HAL_Driver/Src/stm32g4xx_hal_pwr_ex.c **** 
 872:Drivers/STM32G4xx_HAL_Driver/Src/stm32g4xx_hal_pwr_ex.c **** /**
 873:Drivers/STM32G4xx_HAL_Driver/Src/stm32g4xx_hal_pwr_ex.c ****   * @brief Enter Stop 0 mode.
 874:Drivers/STM32G4xx_HAL_Driver/Src/stm32g4xx_hal_pwr_ex.c ****   * @note  In Stop 0 mode, main and low voltage regulators are ON.
 875:Drivers/STM32G4xx_HAL_Driver/Src/stm32g4xx_hal_pwr_ex.c ****   * @note  In Stop 0 mode, all I/O pins keep the same state as in Run mode.
 876:Drivers/STM32G4xx_HAL_Driver/Src/stm32g4xx_hal_pwr_ex.c ****   * @note  All clocks in the VCORE domain are stopped; the PLL, the HSI
 877:Drivers/STM32G4xx_HAL_Driver/Src/stm32g4xx_hal_pwr_ex.c ****   *        and the HSE oscillators are disabled. Some peripherals with the wakeup capability
ARM GAS  /tmp/ccnRFgyO.s 			page 51


 878:Drivers/STM32G4xx_HAL_Driver/Src/stm32g4xx_hal_pwr_ex.c ****   *        (I2Cx, USARTx and LPUART) can switch on the HSI to receive a frame, and switch off the H
 879:Drivers/STM32G4xx_HAL_Driver/Src/stm32g4xx_hal_pwr_ex.c ****   *        after receiving the frame if it is not a wakeup frame. In this case, the HSI clock is pr
 880:Drivers/STM32G4xx_HAL_Driver/Src/stm32g4xx_hal_pwr_ex.c ****   *        only to the peripheral requesting it.
 881:Drivers/STM32G4xx_HAL_Driver/Src/stm32g4xx_hal_pwr_ex.c ****   *        SRAM1, SRAM2 and register contents are preserved.
 882:Drivers/STM32G4xx_HAL_Driver/Src/stm32g4xx_hal_pwr_ex.c ****   *        The BOR is available.
 883:Drivers/STM32G4xx_HAL_Driver/Src/stm32g4xx_hal_pwr_ex.c ****   * @note  When exiting Stop 0 mode by issuing an interrupt or a wakeup event,
 884:Drivers/STM32G4xx_HAL_Driver/Src/stm32g4xx_hal_pwr_ex.c ****   *         the HSI RC oscillator is selected as system clock if STOPWUCK bit in RCC_CFGR register
 885:Drivers/STM32G4xx_HAL_Driver/Src/stm32g4xx_hal_pwr_ex.c ****   *         is set; the HSI oscillator is selected if STOPWUCK is cleared.
 886:Drivers/STM32G4xx_HAL_Driver/Src/stm32g4xx_hal_pwr_ex.c ****   * @note  By keeping the internal regulator ON during Stop 0 mode, the consumption
 887:Drivers/STM32G4xx_HAL_Driver/Src/stm32g4xx_hal_pwr_ex.c ****   *         is higher although the startup time is reduced.
 888:Drivers/STM32G4xx_HAL_Driver/Src/stm32g4xx_hal_pwr_ex.c ****   * @param STOPEntry  specifies if Stop mode in entered with WFI or WFE instruction.
 889:Drivers/STM32G4xx_HAL_Driver/Src/stm32g4xx_hal_pwr_ex.c ****   *          This parameter can be one of the following values:
 890:Drivers/STM32G4xx_HAL_Driver/Src/stm32g4xx_hal_pwr_ex.c ****   *            @arg @ref PWR_STOPENTRY_WFI  Enter Stop mode with WFI instruction
 891:Drivers/STM32G4xx_HAL_Driver/Src/stm32g4xx_hal_pwr_ex.c ****   *            @arg @ref PWR_STOPENTRY_WFE  Enter Stop mode with WFE instruction
 892:Drivers/STM32G4xx_HAL_Driver/Src/stm32g4xx_hal_pwr_ex.c ****   * @retval None
 893:Drivers/STM32G4xx_HAL_Driver/Src/stm32g4xx_hal_pwr_ex.c ****   */
 894:Drivers/STM32G4xx_HAL_Driver/Src/stm32g4xx_hal_pwr_ex.c **** void HAL_PWREx_EnterSTOP0Mode(uint8_t STOPEntry)
 895:Drivers/STM32G4xx_HAL_Driver/Src/stm32g4xx_hal_pwr_ex.c **** {
 1794              		.loc 1 895 1 is_stmt 1 view -0
 1795              		.cfi_startproc
 1796              		@ args = 0, pretend = 0, frame = 0
 1797              		@ frame_needed = 0, uses_anonymous_args = 0
 1798              		@ link register save eliminated.
 896:Drivers/STM32G4xx_HAL_Driver/Src/stm32g4xx_hal_pwr_ex.c ****   /* Check the parameters */
 897:Drivers/STM32G4xx_HAL_Driver/Src/stm32g4xx_hal_pwr_ex.c ****   assert_param(IS_PWR_STOP_ENTRY(STOPEntry));
 1799              		.loc 1 897 3 view .LVU411
 898:Drivers/STM32G4xx_HAL_Driver/Src/stm32g4xx_hal_pwr_ex.c **** 
 899:Drivers/STM32G4xx_HAL_Driver/Src/stm32g4xx_hal_pwr_ex.c ****   /* Stop 0 mode with Main Regulator */
 900:Drivers/STM32G4xx_HAL_Driver/Src/stm32g4xx_hal_pwr_ex.c ****   MODIFY_REG(PWR->CR1, PWR_CR1_LPMS, PWR_CR1_LPMS_STOP0);
 1800              		.loc 1 900 3 view .LVU412
 1801 0000 0B49     		ldr	r1, .L236
 901:Drivers/STM32G4xx_HAL_Driver/Src/stm32g4xx_hal_pwr_ex.c **** 
 902:Drivers/STM32G4xx_HAL_Driver/Src/stm32g4xx_hal_pwr_ex.c ****   /* Set SLEEPDEEP bit of Cortex System Control Register */
 903:Drivers/STM32G4xx_HAL_Driver/Src/stm32g4xx_hal_pwr_ex.c ****   SET_BIT(SCB->SCR, ((uint32_t)SCB_SCR_SLEEPDEEP_Msk));
 1802              		.loc 1 903 3 is_stmt 0 view .LVU413
 1803 0002 0C4A     		ldr	r2, .L236+4
 900:Drivers/STM32G4xx_HAL_Driver/Src/stm32g4xx_hal_pwr_ex.c **** 
 1804              		.loc 1 900 3 view .LVU414
 1805 0004 0B68     		ldr	r3, [r1]
 1806 0006 23F00703 		bic	r3, r3, #7
 1807 000a 0B60     		str	r3, [r1]
 1808              		.loc 1 903 3 is_stmt 1 view .LVU415
 1809 000c 1369     		ldr	r3, [r2, #16]
 904:Drivers/STM32G4xx_HAL_Driver/Src/stm32g4xx_hal_pwr_ex.c **** 
 905:Drivers/STM32G4xx_HAL_Driver/Src/stm32g4xx_hal_pwr_ex.c ****   /* Select Stop mode entry --------------------------------------------------*/
 906:Drivers/STM32G4xx_HAL_Driver/Src/stm32g4xx_hal_pwr_ex.c ****   if(STOPEntry == PWR_STOPENTRY_WFI)
 1810              		.loc 1 906 5 is_stmt 0 view .LVU416
 1811 000e 0128     		cmp	r0, #1
 903:Drivers/STM32G4xx_HAL_Driver/Src/stm32g4xx_hal_pwr_ex.c **** 
 1812              		.loc 1 903 3 view .LVU417
 1813 0010 43F00403 		orr	r3, r3, #4
 1814 0014 1361     		str	r3, [r2, #16]
 1815              		.loc 1 906 3 is_stmt 1 view .LVU418
 1816              		.loc 1 906 5 is_stmt 0 view .LVU419
 1817 0016 08D0     		beq	.L235
 907:Drivers/STM32G4xx_HAL_Driver/Src/stm32g4xx_hal_pwr_ex.c ****   {
 908:Drivers/STM32G4xx_HAL_Driver/Src/stm32g4xx_hal_pwr_ex.c ****     /* Request Wait For Interrupt */
ARM GAS  /tmp/ccnRFgyO.s 			page 52


 909:Drivers/STM32G4xx_HAL_Driver/Src/stm32g4xx_hal_pwr_ex.c ****     __WFI();
 910:Drivers/STM32G4xx_HAL_Driver/Src/stm32g4xx_hal_pwr_ex.c ****   }
 911:Drivers/STM32G4xx_HAL_Driver/Src/stm32g4xx_hal_pwr_ex.c ****   else
 912:Drivers/STM32G4xx_HAL_Driver/Src/stm32g4xx_hal_pwr_ex.c ****   {
 913:Drivers/STM32G4xx_HAL_Driver/Src/stm32g4xx_hal_pwr_ex.c ****     /* Request Wait For Event */
 914:Drivers/STM32G4xx_HAL_Driver/Src/stm32g4xx_hal_pwr_ex.c ****     __SEV();
 1818              		.loc 1 914 5 is_stmt 1 view .LVU420
 1819              		.syntax unified
 1820              	@ 914 "Drivers/STM32G4xx_HAL_Driver/Src/stm32g4xx_hal_pwr_ex.c" 1
 1821 0018 40BF     		sev
 1822              	@ 0 "" 2
 915:Drivers/STM32G4xx_HAL_Driver/Src/stm32g4xx_hal_pwr_ex.c ****     __WFE();
 1823              		.loc 1 915 5 view .LVU421
 1824              	@ 915 "Drivers/STM32G4xx_HAL_Driver/Src/stm32g4xx_hal_pwr_ex.c" 1
 1825 001a 20BF     		wfe
 1826              	@ 0 "" 2
 916:Drivers/STM32G4xx_HAL_Driver/Src/stm32g4xx_hal_pwr_ex.c ****     __WFE();
 1827              		.loc 1 916 5 view .LVU422
 1828              	@ 916 "Drivers/STM32G4xx_HAL_Driver/Src/stm32g4xx_hal_pwr_ex.c" 1
 1829 001c 20BF     		wfe
 1830              	@ 0 "" 2
 1831              		.thumb
 1832              		.syntax unified
 1833              	.L234:
 917:Drivers/STM32G4xx_HAL_Driver/Src/stm32g4xx_hal_pwr_ex.c ****   }
 918:Drivers/STM32G4xx_HAL_Driver/Src/stm32g4xx_hal_pwr_ex.c **** 
 919:Drivers/STM32G4xx_HAL_Driver/Src/stm32g4xx_hal_pwr_ex.c ****   /* Reset SLEEPDEEP bit of Cortex System Control Register */
 920:Drivers/STM32G4xx_HAL_Driver/Src/stm32g4xx_hal_pwr_ex.c ****   CLEAR_BIT(SCB->SCR, ((uint32_t)SCB_SCR_SLEEPDEEP_Msk));
 1834              		.loc 1 920 3 view .LVU423
 1835 001e 054A     		ldr	r2, .L236+4
 1836 0020 1369     		ldr	r3, [r2, #16]
 1837 0022 23F00403 		bic	r3, r3, #4
 1838 0026 1361     		str	r3, [r2, #16]
 921:Drivers/STM32G4xx_HAL_Driver/Src/stm32g4xx_hal_pwr_ex.c **** }
 1839              		.loc 1 921 1 is_stmt 0 view .LVU424
 1840 0028 7047     		bx	lr
 1841              	.L235:
 909:Drivers/STM32G4xx_HAL_Driver/Src/stm32g4xx_hal_pwr_ex.c ****   }
 1842              		.loc 1 909 5 is_stmt 1 view .LVU425
 1843              		.syntax unified
 1844              	@ 909 "Drivers/STM32G4xx_HAL_Driver/Src/stm32g4xx_hal_pwr_ex.c" 1
 1845 002a 30BF     		wfi
 1846              	@ 0 "" 2
 1847              		.thumb
 1848              		.syntax unified
 1849 002c F7E7     		b	.L234
 1850              	.L237:
 1851 002e 00BF     		.align	2
 1852              	.L236:
 1853 0030 00700040 		.word	1073770496
 1854 0034 00ED00E0 		.word	-536810240
 1855              		.cfi_endproc
 1856              	.LFE354:
 1858              		.section	.text.HAL_PWREx_EnterSTOP1Mode,"ax",%progbits
 1859              		.align	1
 1860              		.p2align 2,,3
 1861              		.global	HAL_PWREx_EnterSTOP1Mode
ARM GAS  /tmp/ccnRFgyO.s 			page 53


 1862              		.syntax unified
 1863              		.thumb
 1864              		.thumb_func
 1866              	HAL_PWREx_EnterSTOP1Mode:
 1867              	.LVL117:
 1868              	.LFB355:
 922:Drivers/STM32G4xx_HAL_Driver/Src/stm32g4xx_hal_pwr_ex.c **** 
 923:Drivers/STM32G4xx_HAL_Driver/Src/stm32g4xx_hal_pwr_ex.c **** 
 924:Drivers/STM32G4xx_HAL_Driver/Src/stm32g4xx_hal_pwr_ex.c **** /**
 925:Drivers/STM32G4xx_HAL_Driver/Src/stm32g4xx_hal_pwr_ex.c ****   * @brief Enter Stop 1 mode.
 926:Drivers/STM32G4xx_HAL_Driver/Src/stm32g4xx_hal_pwr_ex.c ****   * @note  In Stop 1 mode, only low power voltage regulator is ON.
 927:Drivers/STM32G4xx_HAL_Driver/Src/stm32g4xx_hal_pwr_ex.c ****   * @note  In Stop 1 mode, all I/O pins keep the same state as in Run mode.
 928:Drivers/STM32G4xx_HAL_Driver/Src/stm32g4xx_hal_pwr_ex.c ****   * @note  All clocks in the VCORE domain are stopped; the PLL, the HSI
 929:Drivers/STM32G4xx_HAL_Driver/Src/stm32g4xx_hal_pwr_ex.c ****   *        and the HSE oscillators are disabled. Some peripherals with the wakeup capability
 930:Drivers/STM32G4xx_HAL_Driver/Src/stm32g4xx_hal_pwr_ex.c ****   *        (I2Cx, USARTx and LPUART) can switch on the HSI to receive a frame, and switch off the H
 931:Drivers/STM32G4xx_HAL_Driver/Src/stm32g4xx_hal_pwr_ex.c ****   *        after receiving the frame if it is not a wakeup frame. In this case, the HSI clock is pr
 932:Drivers/STM32G4xx_HAL_Driver/Src/stm32g4xx_hal_pwr_ex.c ****   *        only to the peripheral requesting it.
 933:Drivers/STM32G4xx_HAL_Driver/Src/stm32g4xx_hal_pwr_ex.c ****   *        SRAM1, SRAM2 and register contents are preserved.
 934:Drivers/STM32G4xx_HAL_Driver/Src/stm32g4xx_hal_pwr_ex.c ****   *        The BOR is available.
 935:Drivers/STM32G4xx_HAL_Driver/Src/stm32g4xx_hal_pwr_ex.c ****   * @note  When exiting Stop 1 mode by issuing an interrupt or a wakeup event,
 936:Drivers/STM32G4xx_HAL_Driver/Src/stm32g4xx_hal_pwr_ex.c ****   *         the HSI RC oscillator is selected as system clock if STOPWUCK bit in RCC_CFGR register
 937:Drivers/STM32G4xx_HAL_Driver/Src/stm32g4xx_hal_pwr_ex.c ****   *         is set.
 938:Drivers/STM32G4xx_HAL_Driver/Src/stm32g4xx_hal_pwr_ex.c ****   * @note  Due to low power mode, an additional startup delay is incurred when waking up from Stop 
 939:Drivers/STM32G4xx_HAL_Driver/Src/stm32g4xx_hal_pwr_ex.c ****   * @param STOPEntry  specifies if Stop mode in entered with WFI or WFE instruction.
 940:Drivers/STM32G4xx_HAL_Driver/Src/stm32g4xx_hal_pwr_ex.c ****   *          This parameter can be one of the following values:
 941:Drivers/STM32G4xx_HAL_Driver/Src/stm32g4xx_hal_pwr_ex.c ****   *            @arg @ref PWR_STOPENTRY_WFI  Enter Stop mode with WFI instruction
 942:Drivers/STM32G4xx_HAL_Driver/Src/stm32g4xx_hal_pwr_ex.c ****   *            @arg @ref PWR_STOPENTRY_WFE  Enter Stop mode with WFE instruction
 943:Drivers/STM32G4xx_HAL_Driver/Src/stm32g4xx_hal_pwr_ex.c ****   * @retval None
 944:Drivers/STM32G4xx_HAL_Driver/Src/stm32g4xx_hal_pwr_ex.c ****   */
 945:Drivers/STM32G4xx_HAL_Driver/Src/stm32g4xx_hal_pwr_ex.c **** void HAL_PWREx_EnterSTOP1Mode(uint8_t STOPEntry)
 946:Drivers/STM32G4xx_HAL_Driver/Src/stm32g4xx_hal_pwr_ex.c **** {
 1869              		.loc 1 946 1 view -0
 1870              		.cfi_startproc
 1871              		@ args = 0, pretend = 0, frame = 0
 1872              		@ frame_needed = 0, uses_anonymous_args = 0
 1873              		@ link register save eliminated.
 947:Drivers/STM32G4xx_HAL_Driver/Src/stm32g4xx_hal_pwr_ex.c ****   /* Check the parameters */
 948:Drivers/STM32G4xx_HAL_Driver/Src/stm32g4xx_hal_pwr_ex.c ****   assert_param(IS_PWR_STOP_ENTRY(STOPEntry));
 1874              		.loc 1 948 3 view .LVU427
 949:Drivers/STM32G4xx_HAL_Driver/Src/stm32g4xx_hal_pwr_ex.c **** 
 950:Drivers/STM32G4xx_HAL_Driver/Src/stm32g4xx_hal_pwr_ex.c ****   /* Stop 1 mode with Low-Power Regulator */
 951:Drivers/STM32G4xx_HAL_Driver/Src/stm32g4xx_hal_pwr_ex.c ****   MODIFY_REG(PWR->CR1, PWR_CR1_LPMS, PWR_CR1_LPMS_STOP1);
 1875              		.loc 1 951 3 view .LVU428
 1876 0000 0C49     		ldr	r1, .L242
 952:Drivers/STM32G4xx_HAL_Driver/Src/stm32g4xx_hal_pwr_ex.c **** 
 953:Drivers/STM32G4xx_HAL_Driver/Src/stm32g4xx_hal_pwr_ex.c ****   /* Set SLEEPDEEP bit of Cortex System Control Register */
 954:Drivers/STM32G4xx_HAL_Driver/Src/stm32g4xx_hal_pwr_ex.c ****   SET_BIT(SCB->SCR, ((uint32_t)SCB_SCR_SLEEPDEEP_Msk));
 1877              		.loc 1 954 3 is_stmt 0 view .LVU429
 1878 0002 0D4A     		ldr	r2, .L242+4
 951:Drivers/STM32G4xx_HAL_Driver/Src/stm32g4xx_hal_pwr_ex.c **** 
 1879              		.loc 1 951 3 view .LVU430
 1880 0004 0B68     		ldr	r3, [r1]
 1881 0006 23F00703 		bic	r3, r3, #7
 1882 000a 43F00103 		orr	r3, r3, #1
 1883 000e 0B60     		str	r3, [r1]
 1884              		.loc 1 954 3 is_stmt 1 view .LVU431
 1885 0010 1369     		ldr	r3, [r2, #16]
ARM GAS  /tmp/ccnRFgyO.s 			page 54


 955:Drivers/STM32G4xx_HAL_Driver/Src/stm32g4xx_hal_pwr_ex.c **** 
 956:Drivers/STM32G4xx_HAL_Driver/Src/stm32g4xx_hal_pwr_ex.c ****   /* Select Stop mode entry --------------------------------------------------*/
 957:Drivers/STM32G4xx_HAL_Driver/Src/stm32g4xx_hal_pwr_ex.c ****   if(STOPEntry == PWR_STOPENTRY_WFI)
 1886              		.loc 1 957 5 is_stmt 0 view .LVU432
 1887 0012 0128     		cmp	r0, #1
 954:Drivers/STM32G4xx_HAL_Driver/Src/stm32g4xx_hal_pwr_ex.c **** 
 1888              		.loc 1 954 3 view .LVU433
 1889 0014 43F00403 		orr	r3, r3, #4
 1890 0018 1361     		str	r3, [r2, #16]
 1891              		.loc 1 957 3 is_stmt 1 view .LVU434
 1892              		.loc 1 957 5 is_stmt 0 view .LVU435
 1893 001a 08D0     		beq	.L241
 958:Drivers/STM32G4xx_HAL_Driver/Src/stm32g4xx_hal_pwr_ex.c ****   {
 959:Drivers/STM32G4xx_HAL_Driver/Src/stm32g4xx_hal_pwr_ex.c ****     /* Request Wait For Interrupt */
 960:Drivers/STM32G4xx_HAL_Driver/Src/stm32g4xx_hal_pwr_ex.c ****     __WFI();
 961:Drivers/STM32G4xx_HAL_Driver/Src/stm32g4xx_hal_pwr_ex.c ****   }
 962:Drivers/STM32G4xx_HAL_Driver/Src/stm32g4xx_hal_pwr_ex.c ****   else
 963:Drivers/STM32G4xx_HAL_Driver/Src/stm32g4xx_hal_pwr_ex.c ****   {
 964:Drivers/STM32G4xx_HAL_Driver/Src/stm32g4xx_hal_pwr_ex.c ****     /* Request Wait For Event */
 965:Drivers/STM32G4xx_HAL_Driver/Src/stm32g4xx_hal_pwr_ex.c ****     __SEV();
 1894              		.loc 1 965 5 is_stmt 1 view .LVU436
 1895              		.syntax unified
 1896              	@ 965 "Drivers/STM32G4xx_HAL_Driver/Src/stm32g4xx_hal_pwr_ex.c" 1
 1897 001c 40BF     		sev
 1898              	@ 0 "" 2
 966:Drivers/STM32G4xx_HAL_Driver/Src/stm32g4xx_hal_pwr_ex.c ****     __WFE();
 1899              		.loc 1 966 5 view .LVU437
 1900              	@ 966 "Drivers/STM32G4xx_HAL_Driver/Src/stm32g4xx_hal_pwr_ex.c" 1
 1901 001e 20BF     		wfe
 1902              	@ 0 "" 2
 967:Drivers/STM32G4xx_HAL_Driver/Src/stm32g4xx_hal_pwr_ex.c ****     __WFE();
 1903              		.loc 1 967 5 view .LVU438
 1904              	@ 967 "Drivers/STM32G4xx_HAL_Driver/Src/stm32g4xx_hal_pwr_ex.c" 1
 1905 0020 20BF     		wfe
 1906              	@ 0 "" 2
 1907              		.thumb
 1908              		.syntax unified
 1909              	.L240:
 968:Drivers/STM32G4xx_HAL_Driver/Src/stm32g4xx_hal_pwr_ex.c ****   }
 969:Drivers/STM32G4xx_HAL_Driver/Src/stm32g4xx_hal_pwr_ex.c **** 
 970:Drivers/STM32G4xx_HAL_Driver/Src/stm32g4xx_hal_pwr_ex.c ****   /* Reset SLEEPDEEP bit of Cortex System Control Register */
 971:Drivers/STM32G4xx_HAL_Driver/Src/stm32g4xx_hal_pwr_ex.c ****   CLEAR_BIT(SCB->SCR, ((uint32_t)SCB_SCR_SLEEPDEEP_Msk));
 1910              		.loc 1 971 3 view .LVU439
 1911 0022 054A     		ldr	r2, .L242+4
 1912 0024 1369     		ldr	r3, [r2, #16]
 1913 0026 23F00403 		bic	r3, r3, #4
 1914 002a 1361     		str	r3, [r2, #16]
 972:Drivers/STM32G4xx_HAL_Driver/Src/stm32g4xx_hal_pwr_ex.c **** }
 1915              		.loc 1 972 1 is_stmt 0 view .LVU440
 1916 002c 7047     		bx	lr
 1917              	.L241:
 960:Drivers/STM32G4xx_HAL_Driver/Src/stm32g4xx_hal_pwr_ex.c ****   }
 1918              		.loc 1 960 5 is_stmt 1 view .LVU441
 1919              		.syntax unified
 1920              	@ 960 "Drivers/STM32G4xx_HAL_Driver/Src/stm32g4xx_hal_pwr_ex.c" 1
 1921 002e 30BF     		wfi
 1922              	@ 0 "" 2
ARM GAS  /tmp/ccnRFgyO.s 			page 55


 1923              		.thumb
 1924              		.syntax unified
 1925 0030 F7E7     		b	.L240
 1926              	.L243:
 1927 0032 00BF     		.align	2
 1928              	.L242:
 1929 0034 00700040 		.word	1073770496
 1930 0038 00ED00E0 		.word	-536810240
 1931              		.cfi_endproc
 1932              	.LFE355:
 1934              		.section	.text.HAL_PWREx_EnterSHUTDOWNMode,"ax",%progbits
 1935              		.align	1
 1936              		.p2align 2,,3
 1937              		.global	HAL_PWREx_EnterSHUTDOWNMode
 1938              		.syntax unified
 1939              		.thumb
 1940              		.thumb_func
 1942              	HAL_PWREx_EnterSHUTDOWNMode:
 1943              	.LFB356:
 973:Drivers/STM32G4xx_HAL_Driver/Src/stm32g4xx_hal_pwr_ex.c **** 
 974:Drivers/STM32G4xx_HAL_Driver/Src/stm32g4xx_hal_pwr_ex.c **** 
 975:Drivers/STM32G4xx_HAL_Driver/Src/stm32g4xx_hal_pwr_ex.c **** 
 976:Drivers/STM32G4xx_HAL_Driver/Src/stm32g4xx_hal_pwr_ex.c **** 
 977:Drivers/STM32G4xx_HAL_Driver/Src/stm32g4xx_hal_pwr_ex.c **** /**
 978:Drivers/STM32G4xx_HAL_Driver/Src/stm32g4xx_hal_pwr_ex.c ****   * @brief Enter Shutdown mode.
 979:Drivers/STM32G4xx_HAL_Driver/Src/stm32g4xx_hal_pwr_ex.c ****   * @note  In Shutdown mode, the PLL, the HSI, the LSI and the HSE oscillators are switched
 980:Drivers/STM32G4xx_HAL_Driver/Src/stm32g4xx_hal_pwr_ex.c ****   *        off. The voltage regulator is disabled and Vcore domain is powered off.
 981:Drivers/STM32G4xx_HAL_Driver/Src/stm32g4xx_hal_pwr_ex.c ****   *        SRAM1, SRAM2 and registers contents are lost except for registers in the Backup domain.
 982:Drivers/STM32G4xx_HAL_Driver/Src/stm32g4xx_hal_pwr_ex.c ****   *        The BOR is not available.
 983:Drivers/STM32G4xx_HAL_Driver/Src/stm32g4xx_hal_pwr_ex.c ****   * @note  The I/Os can be configured either with a pull-up or pull-down or can be kept in analog s
 984:Drivers/STM32G4xx_HAL_Driver/Src/stm32g4xx_hal_pwr_ex.c ****   * @retval None
 985:Drivers/STM32G4xx_HAL_Driver/Src/stm32g4xx_hal_pwr_ex.c ****   */
 986:Drivers/STM32G4xx_HAL_Driver/Src/stm32g4xx_hal_pwr_ex.c **** void HAL_PWREx_EnterSHUTDOWNMode(void)
 987:Drivers/STM32G4xx_HAL_Driver/Src/stm32g4xx_hal_pwr_ex.c **** {
 1944              		.loc 1 987 1 view -0
 1945              		.cfi_startproc
 1946              		@ args = 0, pretend = 0, frame = 0
 1947              		@ frame_needed = 0, uses_anonymous_args = 0
 1948              		@ link register save eliminated.
 988:Drivers/STM32G4xx_HAL_Driver/Src/stm32g4xx_hal_pwr_ex.c **** 
 989:Drivers/STM32G4xx_HAL_Driver/Src/stm32g4xx_hal_pwr_ex.c ****   /* Set Shutdown mode */
 990:Drivers/STM32G4xx_HAL_Driver/Src/stm32g4xx_hal_pwr_ex.c ****   MODIFY_REG(PWR->CR1, PWR_CR1_LPMS, PWR_CR1_LPMS_SHUTDOWN);
 1949              		.loc 1 990 3 view .LVU443
 1950 0000 0649     		ldr	r1, .L245
 991:Drivers/STM32G4xx_HAL_Driver/Src/stm32g4xx_hal_pwr_ex.c **** 
 992:Drivers/STM32G4xx_HAL_Driver/Src/stm32g4xx_hal_pwr_ex.c ****   /* Set SLEEPDEEP bit of Cortex System Control Register */
 993:Drivers/STM32G4xx_HAL_Driver/Src/stm32g4xx_hal_pwr_ex.c ****   SET_BIT(SCB->SCR, ((uint32_t)SCB_SCR_SLEEPDEEP_Msk));
 1951              		.loc 1 993 3 is_stmt 0 view .LVU444
 1952 0002 074A     		ldr	r2, .L245+4
 990:Drivers/STM32G4xx_HAL_Driver/Src/stm32g4xx_hal_pwr_ex.c **** 
 1953              		.loc 1 990 3 view .LVU445
 1954 0004 0B68     		ldr	r3, [r1]
 1955 0006 23F00703 		bic	r3, r3, #7
 1956 000a 43F00403 		orr	r3, r3, #4
 1957 000e 0B60     		str	r3, [r1]
 1958              		.loc 1 993 3 is_stmt 1 view .LVU446
 1959 0010 1369     		ldr	r3, [r2, #16]
ARM GAS  /tmp/ccnRFgyO.s 			page 56


 1960 0012 43F00403 		orr	r3, r3, #4
 1961 0016 1361     		str	r3, [r2, #16]
 994:Drivers/STM32G4xx_HAL_Driver/Src/stm32g4xx_hal_pwr_ex.c **** 
 995:Drivers/STM32G4xx_HAL_Driver/Src/stm32g4xx_hal_pwr_ex.c **** /* This option is used to ensure that store operations are completed */
 996:Drivers/STM32G4xx_HAL_Driver/Src/stm32g4xx_hal_pwr_ex.c **** #if defined ( __CC_ARM)
 997:Drivers/STM32G4xx_HAL_Driver/Src/stm32g4xx_hal_pwr_ex.c ****   __force_stores();
 998:Drivers/STM32G4xx_HAL_Driver/Src/stm32g4xx_hal_pwr_ex.c **** #endif
 999:Drivers/STM32G4xx_HAL_Driver/Src/stm32g4xx_hal_pwr_ex.c ****   /* Request Wait For Interrupt */
1000:Drivers/STM32G4xx_HAL_Driver/Src/stm32g4xx_hal_pwr_ex.c ****   __WFI();
 1962              		.loc 1 1000 3 view .LVU447
 1963              		.syntax unified
 1964              	@ 1000 "Drivers/STM32G4xx_HAL_Driver/Src/stm32g4xx_hal_pwr_ex.c" 1
 1965 0018 30BF     		wfi
 1966              	@ 0 "" 2
1001:Drivers/STM32G4xx_HAL_Driver/Src/stm32g4xx_hal_pwr_ex.c **** }
 1967              		.loc 1 1001 1 is_stmt 0 view .LVU448
 1968              		.thumb
 1969              		.syntax unified
 1970 001a 7047     		bx	lr
 1971              	.L246:
 1972              		.align	2
 1973              	.L245:
 1974 001c 00700040 		.word	1073770496
 1975 0020 00ED00E0 		.word	-536810240
 1976              		.cfi_endproc
 1977              	.LFE356:
 1979              		.section	.text.HAL_PWREx_PVM1Callback,"ax",%progbits
 1980              		.align	1
 1981              		.p2align 2,,3
 1982              		.weak	HAL_PWREx_PVM1Callback
 1983              		.syntax unified
 1984              		.thumb
 1985              		.thumb_func
 1987              	HAL_PWREx_PVM1Callback:
 1988              	.LFB358:
1002:Drivers/STM32G4xx_HAL_Driver/Src/stm32g4xx_hal_pwr_ex.c **** 
1003:Drivers/STM32G4xx_HAL_Driver/Src/stm32g4xx_hal_pwr_ex.c **** 
1004:Drivers/STM32G4xx_HAL_Driver/Src/stm32g4xx_hal_pwr_ex.c **** 
1005:Drivers/STM32G4xx_HAL_Driver/Src/stm32g4xx_hal_pwr_ex.c **** 
1006:Drivers/STM32G4xx_HAL_Driver/Src/stm32g4xx_hal_pwr_ex.c **** /**
1007:Drivers/STM32G4xx_HAL_Driver/Src/stm32g4xx_hal_pwr_ex.c ****   * @brief This function handles the PWR PVD/PVMx interrupt request.
1008:Drivers/STM32G4xx_HAL_Driver/Src/stm32g4xx_hal_pwr_ex.c ****   * @note This API should be called under the PVD_PVM_IRQHandler().
1009:Drivers/STM32G4xx_HAL_Driver/Src/stm32g4xx_hal_pwr_ex.c ****   * @retval None
1010:Drivers/STM32G4xx_HAL_Driver/Src/stm32g4xx_hal_pwr_ex.c ****   */
1011:Drivers/STM32G4xx_HAL_Driver/Src/stm32g4xx_hal_pwr_ex.c **** void HAL_PWREx_PVD_PVM_IRQHandler(void)
1012:Drivers/STM32G4xx_HAL_Driver/Src/stm32g4xx_hal_pwr_ex.c **** {
1013:Drivers/STM32G4xx_HAL_Driver/Src/stm32g4xx_hal_pwr_ex.c ****   /* Check PWR exti flag */
1014:Drivers/STM32G4xx_HAL_Driver/Src/stm32g4xx_hal_pwr_ex.c ****   if(__HAL_PWR_PVD_EXTI_GET_FLAG() != 0U)
1015:Drivers/STM32G4xx_HAL_Driver/Src/stm32g4xx_hal_pwr_ex.c ****   {
1016:Drivers/STM32G4xx_HAL_Driver/Src/stm32g4xx_hal_pwr_ex.c ****     /* PWR PVD interrupt user callback */
1017:Drivers/STM32G4xx_HAL_Driver/Src/stm32g4xx_hal_pwr_ex.c ****     HAL_PWR_PVDCallback();
1018:Drivers/STM32G4xx_HAL_Driver/Src/stm32g4xx_hal_pwr_ex.c **** 
1019:Drivers/STM32G4xx_HAL_Driver/Src/stm32g4xx_hal_pwr_ex.c ****     /* Clear PVD exti pending bit */
1020:Drivers/STM32G4xx_HAL_Driver/Src/stm32g4xx_hal_pwr_ex.c ****     __HAL_PWR_PVD_EXTI_CLEAR_FLAG();
1021:Drivers/STM32G4xx_HAL_Driver/Src/stm32g4xx_hal_pwr_ex.c ****   }
1022:Drivers/STM32G4xx_HAL_Driver/Src/stm32g4xx_hal_pwr_ex.c ****   /* Next, successively check PVMx exti flags */
1023:Drivers/STM32G4xx_HAL_Driver/Src/stm32g4xx_hal_pwr_ex.c **** #if defined(PWR_CR2_PVME1)
ARM GAS  /tmp/ccnRFgyO.s 			page 57


1024:Drivers/STM32G4xx_HAL_Driver/Src/stm32g4xx_hal_pwr_ex.c ****   if(__HAL_PWR_PVM1_EXTI_GET_FLAG() != 0U)
1025:Drivers/STM32G4xx_HAL_Driver/Src/stm32g4xx_hal_pwr_ex.c ****   {
1026:Drivers/STM32G4xx_HAL_Driver/Src/stm32g4xx_hal_pwr_ex.c ****     /* PWR PVM1 interrupt user callback */
1027:Drivers/STM32G4xx_HAL_Driver/Src/stm32g4xx_hal_pwr_ex.c ****     HAL_PWREx_PVM1Callback();
1028:Drivers/STM32G4xx_HAL_Driver/Src/stm32g4xx_hal_pwr_ex.c **** 
1029:Drivers/STM32G4xx_HAL_Driver/Src/stm32g4xx_hal_pwr_ex.c ****     /* Clear PVM1 exti pending bit */
1030:Drivers/STM32G4xx_HAL_Driver/Src/stm32g4xx_hal_pwr_ex.c ****     __HAL_PWR_PVM1_EXTI_CLEAR_FLAG();
1031:Drivers/STM32G4xx_HAL_Driver/Src/stm32g4xx_hal_pwr_ex.c ****   }
1032:Drivers/STM32G4xx_HAL_Driver/Src/stm32g4xx_hal_pwr_ex.c **** #endif /* PWR_CR2_PVME1 */
1033:Drivers/STM32G4xx_HAL_Driver/Src/stm32g4xx_hal_pwr_ex.c **** #if defined(PWR_CR2_PVME2)
1034:Drivers/STM32G4xx_HAL_Driver/Src/stm32g4xx_hal_pwr_ex.c ****   if(__HAL_PWR_PVM2_EXTI_GET_FLAG() != 0U)
1035:Drivers/STM32G4xx_HAL_Driver/Src/stm32g4xx_hal_pwr_ex.c ****   {
1036:Drivers/STM32G4xx_HAL_Driver/Src/stm32g4xx_hal_pwr_ex.c ****     /* PWR PVM2 interrupt user callback */
1037:Drivers/STM32G4xx_HAL_Driver/Src/stm32g4xx_hal_pwr_ex.c ****     HAL_PWREx_PVM2Callback();
1038:Drivers/STM32G4xx_HAL_Driver/Src/stm32g4xx_hal_pwr_ex.c **** 
1039:Drivers/STM32G4xx_HAL_Driver/Src/stm32g4xx_hal_pwr_ex.c ****     /* Clear PVM2 exti pending bit */
1040:Drivers/STM32G4xx_HAL_Driver/Src/stm32g4xx_hal_pwr_ex.c ****     __HAL_PWR_PVM2_EXTI_CLEAR_FLAG();
1041:Drivers/STM32G4xx_HAL_Driver/Src/stm32g4xx_hal_pwr_ex.c ****   }
1042:Drivers/STM32G4xx_HAL_Driver/Src/stm32g4xx_hal_pwr_ex.c **** #endif /* PWR_CR2_PVME2 */
1043:Drivers/STM32G4xx_HAL_Driver/Src/stm32g4xx_hal_pwr_ex.c ****   if(__HAL_PWR_PVM3_EXTI_GET_FLAG() != 0U)
1044:Drivers/STM32G4xx_HAL_Driver/Src/stm32g4xx_hal_pwr_ex.c ****   {
1045:Drivers/STM32G4xx_HAL_Driver/Src/stm32g4xx_hal_pwr_ex.c ****     /* PWR PVM3 interrupt user callback */
1046:Drivers/STM32G4xx_HAL_Driver/Src/stm32g4xx_hal_pwr_ex.c ****     HAL_PWREx_PVM3Callback();
1047:Drivers/STM32G4xx_HAL_Driver/Src/stm32g4xx_hal_pwr_ex.c **** 
1048:Drivers/STM32G4xx_HAL_Driver/Src/stm32g4xx_hal_pwr_ex.c ****     /* Clear PVM3 exti pending bit */
1049:Drivers/STM32G4xx_HAL_Driver/Src/stm32g4xx_hal_pwr_ex.c ****     __HAL_PWR_PVM3_EXTI_CLEAR_FLAG();
1050:Drivers/STM32G4xx_HAL_Driver/Src/stm32g4xx_hal_pwr_ex.c ****   }
1051:Drivers/STM32G4xx_HAL_Driver/Src/stm32g4xx_hal_pwr_ex.c ****   if(__HAL_PWR_PVM4_EXTI_GET_FLAG() != 0U)
1052:Drivers/STM32G4xx_HAL_Driver/Src/stm32g4xx_hal_pwr_ex.c ****   {
1053:Drivers/STM32G4xx_HAL_Driver/Src/stm32g4xx_hal_pwr_ex.c ****     /* PWR PVM4 interrupt user callback */
1054:Drivers/STM32G4xx_HAL_Driver/Src/stm32g4xx_hal_pwr_ex.c ****     HAL_PWREx_PVM4Callback();
1055:Drivers/STM32G4xx_HAL_Driver/Src/stm32g4xx_hal_pwr_ex.c **** 
1056:Drivers/STM32G4xx_HAL_Driver/Src/stm32g4xx_hal_pwr_ex.c ****     /* Clear PVM4 exti pending bit */
1057:Drivers/STM32G4xx_HAL_Driver/Src/stm32g4xx_hal_pwr_ex.c ****     __HAL_PWR_PVM4_EXTI_CLEAR_FLAG();
1058:Drivers/STM32G4xx_HAL_Driver/Src/stm32g4xx_hal_pwr_ex.c ****   }
1059:Drivers/STM32G4xx_HAL_Driver/Src/stm32g4xx_hal_pwr_ex.c **** }
1060:Drivers/STM32G4xx_HAL_Driver/Src/stm32g4xx_hal_pwr_ex.c **** 
1061:Drivers/STM32G4xx_HAL_Driver/Src/stm32g4xx_hal_pwr_ex.c **** 
1062:Drivers/STM32G4xx_HAL_Driver/Src/stm32g4xx_hal_pwr_ex.c **** #if defined(PWR_CR2_PVME1)
1063:Drivers/STM32G4xx_HAL_Driver/Src/stm32g4xx_hal_pwr_ex.c **** /**
1064:Drivers/STM32G4xx_HAL_Driver/Src/stm32g4xx_hal_pwr_ex.c ****   * @brief PWR PVM1 interrupt callback
1065:Drivers/STM32G4xx_HAL_Driver/Src/stm32g4xx_hal_pwr_ex.c ****   * @retval None
1066:Drivers/STM32G4xx_HAL_Driver/Src/stm32g4xx_hal_pwr_ex.c ****   */
1067:Drivers/STM32G4xx_HAL_Driver/Src/stm32g4xx_hal_pwr_ex.c **** __weak void HAL_PWREx_PVM1Callback(void)
1068:Drivers/STM32G4xx_HAL_Driver/Src/stm32g4xx_hal_pwr_ex.c **** {
 1989              		.loc 1 1068 1 is_stmt 1 view -0
 1990              		.cfi_startproc
 1991              		@ args = 0, pretend = 0, frame = 0
 1992              		@ frame_needed = 0, uses_anonymous_args = 0
 1993              		@ link register save eliminated.
1069:Drivers/STM32G4xx_HAL_Driver/Src/stm32g4xx_hal_pwr_ex.c ****   /* NOTE : This function should not be modified; when the callback is needed,
1070:Drivers/STM32G4xx_HAL_Driver/Src/stm32g4xx_hal_pwr_ex.c ****             HAL_PWREx_PVM1Callback() API can be implemented in the user file
1071:Drivers/STM32G4xx_HAL_Driver/Src/stm32g4xx_hal_pwr_ex.c ****    */
1072:Drivers/STM32G4xx_HAL_Driver/Src/stm32g4xx_hal_pwr_ex.c **** }
 1994              		.loc 1 1072 1 view .LVU450
 1995 0000 7047     		bx	lr
 1996              		.cfi_endproc
ARM GAS  /tmp/ccnRFgyO.s 			page 58


 1997              	.LFE358:
 1999 0002 00BF     		.section	.text.HAL_PWREx_PVM2Callback,"ax",%progbits
 2000              		.align	1
 2001              		.p2align 2,,3
 2002              		.weak	HAL_PWREx_PVM2Callback
 2003              		.syntax unified
 2004              		.thumb
 2005              		.thumb_func
 2007              	HAL_PWREx_PVM2Callback:
 2008              	.LFB367:
 2009              		.cfi_startproc
1073:Drivers/STM32G4xx_HAL_Driver/Src/stm32g4xx_hal_pwr_ex.c **** #endif /* PWR_CR2_PVME1 */
1074:Drivers/STM32G4xx_HAL_Driver/Src/stm32g4xx_hal_pwr_ex.c **** 
1075:Drivers/STM32G4xx_HAL_Driver/Src/stm32g4xx_hal_pwr_ex.c **** #if defined(PWR_CR2_PVME2)
1076:Drivers/STM32G4xx_HAL_Driver/Src/stm32g4xx_hal_pwr_ex.c **** /**
1077:Drivers/STM32G4xx_HAL_Driver/Src/stm32g4xx_hal_pwr_ex.c ****   * @brief PWR PVM2 interrupt callback
1078:Drivers/STM32G4xx_HAL_Driver/Src/stm32g4xx_hal_pwr_ex.c ****   * @retval None
1079:Drivers/STM32G4xx_HAL_Driver/Src/stm32g4xx_hal_pwr_ex.c ****   */
1080:Drivers/STM32G4xx_HAL_Driver/Src/stm32g4xx_hal_pwr_ex.c **** __weak void HAL_PWREx_PVM2Callback(void)
 2010              		.loc 1 1080 13 view -0
 2011              		@ args = 0, pretend = 0, frame = 0
 2012              		@ frame_needed = 0, uses_anonymous_args = 0
 2013              		@ link register save eliminated.
 2014 0000 7047     		bx	lr
 2015              		.cfi_endproc
 2016              	.LFE367:
 2018 0002 00BF     		.section	.text.HAL_PWREx_PVM3Callback,"ax",%progbits
 2019              		.align	1
 2020              		.p2align 2,,3
 2021              		.weak	HAL_PWREx_PVM3Callback
 2022              		.syntax unified
 2023              		.thumb
 2024              		.thumb_func
 2026              	HAL_PWREx_PVM3Callback:
 2027              	.LFB369:
 2028              		.cfi_startproc
1081:Drivers/STM32G4xx_HAL_Driver/Src/stm32g4xx_hal_pwr_ex.c **** {
1082:Drivers/STM32G4xx_HAL_Driver/Src/stm32g4xx_hal_pwr_ex.c ****   /* NOTE : This function should not be modified; when the callback is needed,
1083:Drivers/STM32G4xx_HAL_Driver/Src/stm32g4xx_hal_pwr_ex.c ****             HAL_PWREx_PVM2Callback() API can be implemented in the user file
1084:Drivers/STM32G4xx_HAL_Driver/Src/stm32g4xx_hal_pwr_ex.c ****    */
1085:Drivers/STM32G4xx_HAL_Driver/Src/stm32g4xx_hal_pwr_ex.c **** }
1086:Drivers/STM32G4xx_HAL_Driver/Src/stm32g4xx_hal_pwr_ex.c **** #endif /* PWR_CR2_PVME2 */
1087:Drivers/STM32G4xx_HAL_Driver/Src/stm32g4xx_hal_pwr_ex.c **** 
1088:Drivers/STM32G4xx_HAL_Driver/Src/stm32g4xx_hal_pwr_ex.c **** /**
1089:Drivers/STM32G4xx_HAL_Driver/Src/stm32g4xx_hal_pwr_ex.c ****   * @brief PWR PVM3 interrupt callback
1090:Drivers/STM32G4xx_HAL_Driver/Src/stm32g4xx_hal_pwr_ex.c ****   * @retval None
1091:Drivers/STM32G4xx_HAL_Driver/Src/stm32g4xx_hal_pwr_ex.c ****   */
1092:Drivers/STM32G4xx_HAL_Driver/Src/stm32g4xx_hal_pwr_ex.c **** __weak void HAL_PWREx_PVM3Callback(void)
 2029              		.loc 1 1092 13 view -0
 2030              		@ args = 0, pretend = 0, frame = 0
 2031              		@ frame_needed = 0, uses_anonymous_args = 0
 2032              		@ link register save eliminated.
 2033 0000 7047     		bx	lr
 2034              		.cfi_endproc
 2035              	.LFE369:
 2037 0002 00BF     		.section	.text.HAL_PWREx_PVM4Callback,"ax",%progbits
 2038              		.align	1
ARM GAS  /tmp/ccnRFgyO.s 			page 59


 2039              		.p2align 2,,3
 2040              		.weak	HAL_PWREx_PVM4Callback
 2041              		.syntax unified
 2042              		.thumb
 2043              		.thumb_func
 2045              	HAL_PWREx_PVM4Callback:
 2046              	.LFB371:
 2047              		.cfi_startproc
1093:Drivers/STM32G4xx_HAL_Driver/Src/stm32g4xx_hal_pwr_ex.c **** {
1094:Drivers/STM32G4xx_HAL_Driver/Src/stm32g4xx_hal_pwr_ex.c ****   /* NOTE : This function should not be modified; when the callback is needed,
1095:Drivers/STM32G4xx_HAL_Driver/Src/stm32g4xx_hal_pwr_ex.c ****             HAL_PWREx_PVM3Callback() API can be implemented in the user file
1096:Drivers/STM32G4xx_HAL_Driver/Src/stm32g4xx_hal_pwr_ex.c ****    */
1097:Drivers/STM32G4xx_HAL_Driver/Src/stm32g4xx_hal_pwr_ex.c **** }
1098:Drivers/STM32G4xx_HAL_Driver/Src/stm32g4xx_hal_pwr_ex.c **** 
1099:Drivers/STM32G4xx_HAL_Driver/Src/stm32g4xx_hal_pwr_ex.c **** /**
1100:Drivers/STM32G4xx_HAL_Driver/Src/stm32g4xx_hal_pwr_ex.c ****   * @brief PWR PVM4 interrupt callback
1101:Drivers/STM32G4xx_HAL_Driver/Src/stm32g4xx_hal_pwr_ex.c ****   * @retval None
1102:Drivers/STM32G4xx_HAL_Driver/Src/stm32g4xx_hal_pwr_ex.c ****   */
1103:Drivers/STM32G4xx_HAL_Driver/Src/stm32g4xx_hal_pwr_ex.c **** __weak void HAL_PWREx_PVM4Callback(void)
 2048              		.loc 1 1103 13 view -0
 2049              		@ args = 0, pretend = 0, frame = 0
 2050              		@ frame_needed = 0, uses_anonymous_args = 0
 2051              		@ link register save eliminated.
 2052 0000 7047     		bx	lr
 2053              		.cfi_endproc
 2054              	.LFE371:
 2056 0002 00BF     		.section	.text.HAL_PWREx_PVD_PVM_IRQHandler,"ax",%progbits
 2057              		.align	1
 2058              		.p2align 2,,3
 2059              		.global	HAL_PWREx_PVD_PVM_IRQHandler
 2060              		.syntax unified
 2061              		.thumb
 2062              		.thumb_func
 2064              	HAL_PWREx_PVD_PVM_IRQHandler:
 2065              	.LFB357:
1012:Drivers/STM32G4xx_HAL_Driver/Src/stm32g4xx_hal_pwr_ex.c ****   /* Check PWR exti flag */
 2066              		.loc 1 1012 1 view -0
 2067              		.cfi_startproc
 2068              		@ args = 0, pretend = 0, frame = 0
 2069              		@ frame_needed = 0, uses_anonymous_args = 0
1014:Drivers/STM32G4xx_HAL_Driver/Src/stm32g4xx_hal_pwr_ex.c ****   {
 2070              		.loc 1 1014 3 view .LVU455
1012:Drivers/STM32G4xx_HAL_Driver/Src/stm32g4xx_hal_pwr_ex.c ****   /* Check PWR exti flag */
 2071              		.loc 1 1012 1 is_stmt 0 view .LVU456
 2072 0000 08B5     		push	{r3, lr}
 2073              	.LCFI0:
 2074              		.cfi_def_cfa_offset 8
 2075              		.cfi_offset 3, -8
 2076              		.cfi_offset 14, -4
1014:Drivers/STM32G4xx_HAL_Driver/Src/stm32g4xx_hal_pwr_ex.c ****   {
 2077              		.loc 1 1014 6 view .LVU457
 2078 0002 1A4B     		ldr	r3, .L278
 2079 0004 5A69     		ldr	r2, [r3, #20]
1014:Drivers/STM32G4xx_HAL_Driver/Src/stm32g4xx_hal_pwr_ex.c ****   {
 2080              		.loc 1 1014 5 view .LVU458
 2081 0006 D303     		lsls	r3, r2, #15
 2082 0008 28D4     		bmi	.L273
ARM GAS  /tmp/ccnRFgyO.s 			page 60


 2083              	.L252:
1024:Drivers/STM32G4xx_HAL_Driver/Src/stm32g4xx_hal_pwr_ex.c ****   {
 2084              		.loc 1 1024 3 is_stmt 1 view .LVU459
1024:Drivers/STM32G4xx_HAL_Driver/Src/stm32g4xx_hal_pwr_ex.c ****   {
 2085              		.loc 1 1024 6 is_stmt 0 view .LVU460
 2086 000a 184B     		ldr	r3, .L278
 2087 000c 5A6B     		ldr	r2, [r3, #52]
1024:Drivers/STM32G4xx_HAL_Driver/Src/stm32g4xx_hal_pwr_ex.c ****   {
 2088              		.loc 1 1024 5 view .LVU461
 2089 000e 1007     		lsls	r0, r2, #28
 2090 0010 1ED4     		bmi	.L274
 2091              	.L253:
1034:Drivers/STM32G4xx_HAL_Driver/Src/stm32g4xx_hal_pwr_ex.c ****   {
 2092              		.loc 1 1034 3 is_stmt 1 view .LVU462
1034:Drivers/STM32G4xx_HAL_Driver/Src/stm32g4xx_hal_pwr_ex.c ****   {
 2093              		.loc 1 1034 6 is_stmt 0 view .LVU463
 2094 0012 164B     		ldr	r3, .L278
 2095 0014 5A6B     		ldr	r2, [r3, #52]
1034:Drivers/STM32G4xx_HAL_Driver/Src/stm32g4xx_hal_pwr_ex.c ****   {
 2096              		.loc 1 1034 5 view .LVU464
 2097 0016 D106     		lsls	r1, r2, #27
 2098 0018 14D4     		bmi	.L275
 2099              	.L254:
1043:Drivers/STM32G4xx_HAL_Driver/Src/stm32g4xx_hal_pwr_ex.c ****   {
 2100              		.loc 1 1043 3 is_stmt 1 view .LVU465
1043:Drivers/STM32G4xx_HAL_Driver/Src/stm32g4xx_hal_pwr_ex.c ****   {
 2101              		.loc 1 1043 6 is_stmt 0 view .LVU466
 2102 001a 144B     		ldr	r3, .L278
 2103 001c 5A6B     		ldr	r2, [r3, #52]
1043:Drivers/STM32G4xx_HAL_Driver/Src/stm32g4xx_hal_pwr_ex.c ****   {
 2104              		.loc 1 1043 5 view .LVU467
 2105 001e 9206     		lsls	r2, r2, #26
 2106 0020 0AD4     		bmi	.L276
 2107              	.L255:
1051:Drivers/STM32G4xx_HAL_Driver/Src/stm32g4xx_hal_pwr_ex.c ****   {
 2108              		.loc 1 1051 3 is_stmt 1 view .LVU468
1051:Drivers/STM32G4xx_HAL_Driver/Src/stm32g4xx_hal_pwr_ex.c ****   {
 2109              		.loc 1 1051 6 is_stmt 0 view .LVU469
 2110 0022 124B     		ldr	r3, .L278
 2111 0024 5A6B     		ldr	r2, [r3, #52]
1051:Drivers/STM32G4xx_HAL_Driver/Src/stm32g4xx_hal_pwr_ex.c ****   {
 2112              		.loc 1 1051 5 view .LVU470
 2113 0026 5306     		lsls	r3, r2, #25
 2114 0028 00D4     		bmi	.L277
1059:Drivers/STM32G4xx_HAL_Driver/Src/stm32g4xx_hal_pwr_ex.c **** 
 2115              		.loc 1 1059 1 view .LVU471
 2116 002a 08BD     		pop	{r3, pc}
 2117              	.L277:
1054:Drivers/STM32G4xx_HAL_Driver/Src/stm32g4xx_hal_pwr_ex.c **** 
 2118              		.loc 1 1054 5 is_stmt 1 view .LVU472
 2119 002c FFF7FEFF 		bl	HAL_PWREx_PVM4Callback
 2120              	.LVL118:
1057:Drivers/STM32G4xx_HAL_Driver/Src/stm32g4xx_hal_pwr_ex.c ****   }
 2121              		.loc 1 1057 5 view .LVU473
 2122 0030 0E4B     		ldr	r3, .L278
 2123 0032 4022     		movs	r2, #64
 2124 0034 5A63     		str	r2, [r3, #52]
ARM GAS  /tmp/ccnRFgyO.s 			page 61


1059:Drivers/STM32G4xx_HAL_Driver/Src/stm32g4xx_hal_pwr_ex.c **** 
 2125              		.loc 1 1059 1 is_stmt 0 view .LVU474
 2126 0036 08BD     		pop	{r3, pc}
 2127              	.L276:
1046:Drivers/STM32G4xx_HAL_Driver/Src/stm32g4xx_hal_pwr_ex.c **** 
 2128              		.loc 1 1046 5 is_stmt 1 view .LVU475
 2129 0038 FFF7FEFF 		bl	HAL_PWREx_PVM3Callback
 2130              	.LVL119:
1049:Drivers/STM32G4xx_HAL_Driver/Src/stm32g4xx_hal_pwr_ex.c ****   }
 2131              		.loc 1 1049 5 view .LVU476
 2132 003c 0B4B     		ldr	r3, .L278
 2133 003e 2022     		movs	r2, #32
 2134 0040 5A63     		str	r2, [r3, #52]
 2135 0042 EEE7     		b	.L255
 2136              	.L275:
1037:Drivers/STM32G4xx_HAL_Driver/Src/stm32g4xx_hal_pwr_ex.c **** 
 2137              		.loc 1 1037 5 view .LVU477
 2138 0044 FFF7FEFF 		bl	HAL_PWREx_PVM2Callback
 2139              	.LVL120:
1040:Drivers/STM32G4xx_HAL_Driver/Src/stm32g4xx_hal_pwr_ex.c ****   }
 2140              		.loc 1 1040 5 view .LVU478
 2141 0048 084B     		ldr	r3, .L278
 2142 004a 1022     		movs	r2, #16
 2143 004c 5A63     		str	r2, [r3, #52]
 2144 004e E4E7     		b	.L254
 2145              	.L274:
1027:Drivers/STM32G4xx_HAL_Driver/Src/stm32g4xx_hal_pwr_ex.c **** 
 2146              		.loc 1 1027 5 view .LVU479
 2147 0050 FFF7FEFF 		bl	HAL_PWREx_PVM1Callback
 2148              	.LVL121:
1030:Drivers/STM32G4xx_HAL_Driver/Src/stm32g4xx_hal_pwr_ex.c ****   }
 2149              		.loc 1 1030 5 view .LVU480
 2150 0054 054B     		ldr	r3, .L278
 2151 0056 0822     		movs	r2, #8
 2152 0058 5A63     		str	r2, [r3, #52]
 2153 005a DAE7     		b	.L253
 2154              	.L273:
1017:Drivers/STM32G4xx_HAL_Driver/Src/stm32g4xx_hal_pwr_ex.c **** 
 2155              		.loc 1 1017 5 view .LVU481
 2156 005c FFF7FEFF 		bl	HAL_PWR_PVDCallback
 2157              	.LVL122:
1020:Drivers/STM32G4xx_HAL_Driver/Src/stm32g4xx_hal_pwr_ex.c ****   }
 2158              		.loc 1 1020 5 view .LVU482
 2159 0060 024B     		ldr	r3, .L278
 2160 0062 4FF48032 		mov	r2, #65536
 2161 0066 5A61     		str	r2, [r3, #20]
 2162 0068 CFE7     		b	.L252
 2163              	.L279:
 2164 006a 00BF     		.align	2
 2165              	.L278:
 2166 006c 00040140 		.word	1073808384
 2167              		.cfi_endproc
 2168              	.LFE357:
 2170              		.section	.text.HAL_PWREx_EnableUCPDStandbyMode,"ax",%progbits
 2171              		.align	1
 2172              		.p2align 2,,3
 2173              		.global	HAL_PWREx_EnableUCPDStandbyMode
ARM GAS  /tmp/ccnRFgyO.s 			page 62


 2174              		.syntax unified
 2175              		.thumb
 2176              		.thumb_func
 2178              	HAL_PWREx_EnableUCPDStandbyMode:
 2179              	.LFB362:
1104:Drivers/STM32G4xx_HAL_Driver/Src/stm32g4xx_hal_pwr_ex.c **** {
1105:Drivers/STM32G4xx_HAL_Driver/Src/stm32g4xx_hal_pwr_ex.c ****   /* NOTE : This function should not be modified; when the callback is needed,
1106:Drivers/STM32G4xx_HAL_Driver/Src/stm32g4xx_hal_pwr_ex.c ****             HAL_PWREx_PVM4Callback() API can be implemented in the user file
1107:Drivers/STM32G4xx_HAL_Driver/Src/stm32g4xx_hal_pwr_ex.c ****    */
1108:Drivers/STM32G4xx_HAL_Driver/Src/stm32g4xx_hal_pwr_ex.c **** }
1109:Drivers/STM32G4xx_HAL_Driver/Src/stm32g4xx_hal_pwr_ex.c **** 
1110:Drivers/STM32G4xx_HAL_Driver/Src/stm32g4xx_hal_pwr_ex.c **** #if defined(PWR_CR3_UCPD_STDBY)
1111:Drivers/STM32G4xx_HAL_Driver/Src/stm32g4xx_hal_pwr_ex.c **** /**
1112:Drivers/STM32G4xx_HAL_Driver/Src/stm32g4xx_hal_pwr_ex.c ****   * @brief Enable UCPD configuration memorization in Standby.
1113:Drivers/STM32G4xx_HAL_Driver/Src/stm32g4xx_hal_pwr_ex.c ****   * @retval None
1114:Drivers/STM32G4xx_HAL_Driver/Src/stm32g4xx_hal_pwr_ex.c ****   */
1115:Drivers/STM32G4xx_HAL_Driver/Src/stm32g4xx_hal_pwr_ex.c **** void HAL_PWREx_EnableUCPDStandbyMode(void)
1116:Drivers/STM32G4xx_HAL_Driver/Src/stm32g4xx_hal_pwr_ex.c **** {
 2180              		.loc 1 1116 1 view -0
 2181              		.cfi_startproc
 2182              		@ args = 0, pretend = 0, frame = 0
 2183              		@ frame_needed = 0, uses_anonymous_args = 0
 2184              		@ link register save eliminated.
1117:Drivers/STM32G4xx_HAL_Driver/Src/stm32g4xx_hal_pwr_ex.c ****   /* Memorize UCPD configuration when entering standby mode */
1118:Drivers/STM32G4xx_HAL_Driver/Src/stm32g4xx_hal_pwr_ex.c ****   SET_BIT(PWR->CR3, PWR_CR3_UCPD_STDBY);
 2185              		.loc 1 1118 3 view .LVU484
 2186 0000 024A     		ldr	r2, .L281
 2187 0002 9368     		ldr	r3, [r2, #8]
 2188 0004 43F40053 		orr	r3, r3, #8192
 2189 0008 9360     		str	r3, [r2, #8]
1119:Drivers/STM32G4xx_HAL_Driver/Src/stm32g4xx_hal_pwr_ex.c **** }
 2190              		.loc 1 1119 1 is_stmt 0 view .LVU485
 2191 000a 7047     		bx	lr
 2192              	.L282:
 2193              		.align	2
 2194              	.L281:
 2195 000c 00700040 		.word	1073770496
 2196              		.cfi_endproc
 2197              	.LFE362:
 2199              		.section	.text.HAL_PWREx_DisableUCPDStandbyMode,"ax",%progbits
 2200              		.align	1
 2201              		.p2align 2,,3
 2202              		.global	HAL_PWREx_DisableUCPDStandbyMode
 2203              		.syntax unified
 2204              		.thumb
 2205              		.thumb_func
 2207              	HAL_PWREx_DisableUCPDStandbyMode:
 2208              	.LFB363:
1120:Drivers/STM32G4xx_HAL_Driver/Src/stm32g4xx_hal_pwr_ex.c **** 
1121:Drivers/STM32G4xx_HAL_Driver/Src/stm32g4xx_hal_pwr_ex.c **** /**
1122:Drivers/STM32G4xx_HAL_Driver/Src/stm32g4xx_hal_pwr_ex.c ****   * @brief Disable UCPD configuration memorization in Standby.
1123:Drivers/STM32G4xx_HAL_Driver/Src/stm32g4xx_hal_pwr_ex.c ****   * @note  This function must be called on exiting the Standby mode and before any UCPD
1124:Drivers/STM32G4xx_HAL_Driver/Src/stm32g4xx_hal_pwr_ex.c ****   *        configuration update.
1125:Drivers/STM32G4xx_HAL_Driver/Src/stm32g4xx_hal_pwr_ex.c ****   * @retval None
1126:Drivers/STM32G4xx_HAL_Driver/Src/stm32g4xx_hal_pwr_ex.c ****   */
1127:Drivers/STM32G4xx_HAL_Driver/Src/stm32g4xx_hal_pwr_ex.c **** void HAL_PWREx_DisableUCPDStandbyMode(void)
1128:Drivers/STM32G4xx_HAL_Driver/Src/stm32g4xx_hal_pwr_ex.c **** {
ARM GAS  /tmp/ccnRFgyO.s 			page 63


 2209              		.loc 1 1128 1 is_stmt 1 view -0
 2210              		.cfi_startproc
 2211              		@ args = 0, pretend = 0, frame = 0
 2212              		@ frame_needed = 0, uses_anonymous_args = 0
 2213              		@ link register save eliminated.
1129:Drivers/STM32G4xx_HAL_Driver/Src/stm32g4xx_hal_pwr_ex.c ****   /* Write 0 immediately after Standby exit when using UCPD,
1130:Drivers/STM32G4xx_HAL_Driver/Src/stm32g4xx_hal_pwr_ex.c ****      and before writing any UCPD registers */
1131:Drivers/STM32G4xx_HAL_Driver/Src/stm32g4xx_hal_pwr_ex.c ****   CLEAR_BIT(PWR->CR3, PWR_CR3_UCPD_STDBY);
 2214              		.loc 1 1131 3 view .LVU487
 2215 0000 024A     		ldr	r2, .L284
 2216 0002 9368     		ldr	r3, [r2, #8]
 2217 0004 23F40053 		bic	r3, r3, #8192
 2218 0008 9360     		str	r3, [r2, #8]
1132:Drivers/STM32G4xx_HAL_Driver/Src/stm32g4xx_hal_pwr_ex.c **** }
 2219              		.loc 1 1132 1 is_stmt 0 view .LVU488
 2220 000a 7047     		bx	lr
 2221              	.L285:
 2222              		.align	2
 2223              	.L284:
 2224 000c 00700040 		.word	1073770496
 2225              		.cfi_endproc
 2226              	.LFE363:
 2228              		.section	.text.HAL_PWREx_EnableUCPDDeadBattery,"ax",%progbits
 2229              		.align	1
 2230              		.p2align 2,,3
 2231              		.global	HAL_PWREx_EnableUCPDDeadBattery
 2232              		.syntax unified
 2233              		.thumb
 2234              		.thumb_func
 2236              	HAL_PWREx_EnableUCPDDeadBattery:
 2237              	.LFB364:
1133:Drivers/STM32G4xx_HAL_Driver/Src/stm32g4xx_hal_pwr_ex.c **** #endif /* PWR_CR3_UCPD_STDBY */
1134:Drivers/STM32G4xx_HAL_Driver/Src/stm32g4xx_hal_pwr_ex.c **** 
1135:Drivers/STM32G4xx_HAL_Driver/Src/stm32g4xx_hal_pwr_ex.c **** #if defined(PWR_CR3_UCPD_DBDIS)
1136:Drivers/STM32G4xx_HAL_Driver/Src/stm32g4xx_hal_pwr_ex.c **** /**
1137:Drivers/STM32G4xx_HAL_Driver/Src/stm32g4xx_hal_pwr_ex.c ****   * @brief Enable the USB Type-C dead battery pull-down behavior
1138:Drivers/STM32G4xx_HAL_Driver/Src/stm32g4xx_hal_pwr_ex.c ****   *        on UCPDx_CC1 and UCPDx_CC2 pins
1139:Drivers/STM32G4xx_HAL_Driver/Src/stm32g4xx_hal_pwr_ex.c ****   * @retval None
1140:Drivers/STM32G4xx_HAL_Driver/Src/stm32g4xx_hal_pwr_ex.c ****   */
1141:Drivers/STM32G4xx_HAL_Driver/Src/stm32g4xx_hal_pwr_ex.c **** void HAL_PWREx_EnableUCPDDeadBattery(void)
1142:Drivers/STM32G4xx_HAL_Driver/Src/stm32g4xx_hal_pwr_ex.c **** {
 2238              		.loc 1 1142 1 is_stmt 1 view -0
 2239              		.cfi_startproc
 2240              		@ args = 0, pretend = 0, frame = 0
 2241              		@ frame_needed = 0, uses_anonymous_args = 0
 2242              		@ link register save eliminated.
1143:Drivers/STM32G4xx_HAL_Driver/Src/stm32g4xx_hal_pwr_ex.c ****   /* Write 0 to enable the USB Type-C dead battery pull-down behavior */
1144:Drivers/STM32G4xx_HAL_Driver/Src/stm32g4xx_hal_pwr_ex.c ****   CLEAR_BIT(PWR->CR3, PWR_CR3_UCPD_DBDIS);
 2243              		.loc 1 1144 3 view .LVU490
 2244 0000 024A     		ldr	r2, .L287
 2245 0002 9368     		ldr	r3, [r2, #8]
 2246 0004 23F48043 		bic	r3, r3, #16384
 2247 0008 9360     		str	r3, [r2, #8]
1145:Drivers/STM32G4xx_HAL_Driver/Src/stm32g4xx_hal_pwr_ex.c **** }
 2248              		.loc 1 1145 1 is_stmt 0 view .LVU491
 2249 000a 7047     		bx	lr
 2250              	.L288:
ARM GAS  /tmp/ccnRFgyO.s 			page 64


 2251              		.align	2
 2252              	.L287:
 2253 000c 00700040 		.word	1073770496
 2254              		.cfi_endproc
 2255              	.LFE364:
 2257              		.section	.text.HAL_PWREx_DisableUCPDDeadBattery,"ax",%progbits
 2258              		.align	1
 2259              		.p2align 2,,3
 2260              		.global	HAL_PWREx_DisableUCPDDeadBattery
 2261              		.syntax unified
 2262              		.thumb
 2263              		.thumb_func
 2265              	HAL_PWREx_DisableUCPDDeadBattery:
 2266              	.LFB365:
1146:Drivers/STM32G4xx_HAL_Driver/Src/stm32g4xx_hal_pwr_ex.c **** 
1147:Drivers/STM32G4xx_HAL_Driver/Src/stm32g4xx_hal_pwr_ex.c **** /**
1148:Drivers/STM32G4xx_HAL_Driver/Src/stm32g4xx_hal_pwr_ex.c ****   * @brief Disable the USB Type-C dead battery pull-down behavior
1149:Drivers/STM32G4xx_HAL_Driver/Src/stm32g4xx_hal_pwr_ex.c ****   *        on UCPDx_CC1 and UCPDx_CC2 pins
1150:Drivers/STM32G4xx_HAL_Driver/Src/stm32g4xx_hal_pwr_ex.c ****   * @note After exiting reset, the USB Type-C dead battery behavior will be enabled,
1151:Drivers/STM32G4xx_HAL_Driver/Src/stm32g4xx_hal_pwr_ex.c ****   *       which may have a pull-down effect on CC1 and CC2 pins.
1152:Drivers/STM32G4xx_HAL_Driver/Src/stm32g4xx_hal_pwr_ex.c ****   *       It is recommended to disable it in all cases, either to stop this pull-down
1153:Drivers/STM32G4xx_HAL_Driver/Src/stm32g4xx_hal_pwr_ex.c ****   *       or to hand over control to the UCPD (which should therefore be
1154:Drivers/STM32G4xx_HAL_Driver/Src/stm32g4xx_hal_pwr_ex.c ****   *       initialized before doing the disable).
1155:Drivers/STM32G4xx_HAL_Driver/Src/stm32g4xx_hal_pwr_ex.c ****   * @retval None
1156:Drivers/STM32G4xx_HAL_Driver/Src/stm32g4xx_hal_pwr_ex.c ****   */
1157:Drivers/STM32G4xx_HAL_Driver/Src/stm32g4xx_hal_pwr_ex.c **** void HAL_PWREx_DisableUCPDDeadBattery(void)
1158:Drivers/STM32G4xx_HAL_Driver/Src/stm32g4xx_hal_pwr_ex.c **** {
 2267              		.loc 1 1158 1 is_stmt 1 view -0
 2268              		.cfi_startproc
 2269              		@ args = 0, pretend = 0, frame = 0
 2270              		@ frame_needed = 0, uses_anonymous_args = 0
 2271              		@ link register save eliminated.
1159:Drivers/STM32G4xx_HAL_Driver/Src/stm32g4xx_hal_pwr_ex.c ****   /* Write 1 to disable the USB Type-C dead battery pull-down behavior */
1160:Drivers/STM32G4xx_HAL_Driver/Src/stm32g4xx_hal_pwr_ex.c ****   SET_BIT(PWR->CR3, PWR_CR3_UCPD_DBDIS);
 2272              		.loc 1 1160 3 view .LVU493
 2273 0000 024A     		ldr	r2, .L290
 2274 0002 9368     		ldr	r3, [r2, #8]
 2275 0004 43F48043 		orr	r3, r3, #16384
 2276 0008 9360     		str	r3, [r2, #8]
1161:Drivers/STM32G4xx_HAL_Driver/Src/stm32g4xx_hal_pwr_ex.c **** }
 2277              		.loc 1 1161 1 is_stmt 0 view .LVU494
 2278 000a 7047     		bx	lr
 2279              	.L291:
 2280              		.align	2
 2281              	.L290:
 2282 000c 00700040 		.word	1073770496
 2283              		.cfi_endproc
 2284              	.LFE365:
 2286              		.text
 2287              	.Letext0:
 2288              		.file 2 "/usr/arm-none-eabi/include/machine/_default_types.h"
 2289              		.file 3 "/usr/arm-none-eabi/include/sys/_stdint.h"
 2290              		.file 4 "Drivers/CMSIS/Include/core_cm4.h"
 2291              		.file 5 "Drivers/CMSIS/Device/ST/STM32G4xx/Include/stm32g474xx.h"
 2292              		.file 6 "Drivers/STM32G4xx_HAL_Driver/Inc/stm32g4xx_hal_def.h"
 2293              		.file 7 "Drivers/STM32G4xx_HAL_Driver/Inc/stm32g4xx_hal_pwr_ex.h"
 2294              		.file 8 "Drivers/STM32G4xx_HAL_Driver/Inc/stm32g4xx_hal_pwr.h"
ARM GAS  /tmp/ccnRFgyO.s 			page 65


 2295              		.file 9 "Drivers/CMSIS/Device/ST/STM32G4xx/Include/system_stm32g4xx.h"
ARM GAS  /tmp/ccnRFgyO.s 			page 66


DEFINED SYMBOLS
                            *ABS*:00000000 stm32g4xx_hal_pwr_ex.c
     /tmp/ccnRFgyO.s:21     .text.HAL_PWREx_GetVoltageRange:00000000 $t
     /tmp/ccnRFgyO.s:28     .text.HAL_PWREx_GetVoltageRange:00000000 HAL_PWREx_GetVoltageRange
     /tmp/ccnRFgyO.s:55     .text.HAL_PWREx_GetVoltageRange:0000001c $d
     /tmp/ccnRFgyO.s:60     .text.HAL_PWREx_ControlVoltageScaling:00000000 $t
     /tmp/ccnRFgyO.s:67     .text.HAL_PWREx_ControlVoltageScaling:00000000 HAL_PWREx_ControlVoltageScaling
     /tmp/ccnRFgyO.s:243    .text.HAL_PWREx_ControlVoltageScaling:000000bc $d
     /tmp/ccnRFgyO.s:250    .text.HAL_PWREx_EnableBatteryCharging:00000000 $t
     /tmp/ccnRFgyO.s:257    .text.HAL_PWREx_EnableBatteryCharging:00000000 HAL_PWREx_EnableBatteryCharging
     /tmp/ccnRFgyO.s:281    .text.HAL_PWREx_EnableBatteryCharging:00000018 $d
     /tmp/ccnRFgyO.s:286    .text.HAL_PWREx_DisableBatteryCharging:00000000 $t
     /tmp/ccnRFgyO.s:293    .text.HAL_PWREx_DisableBatteryCharging:00000000 HAL_PWREx_DisableBatteryCharging
     /tmp/ccnRFgyO.s:310    .text.HAL_PWREx_DisableBatteryCharging:0000000c $d
     /tmp/ccnRFgyO.s:315    .text.HAL_PWREx_EnableInternalWakeUpLine:00000000 $t
     /tmp/ccnRFgyO.s:322    .text.HAL_PWREx_EnableInternalWakeUpLine:00000000 HAL_PWREx_EnableInternalWakeUpLine
     /tmp/ccnRFgyO.s:339    .text.HAL_PWREx_EnableInternalWakeUpLine:0000000c $d
     /tmp/ccnRFgyO.s:344    .text.HAL_PWREx_DisableInternalWakeUpLine:00000000 $t
     /tmp/ccnRFgyO.s:351    .text.HAL_PWREx_DisableInternalWakeUpLine:00000000 HAL_PWREx_DisableInternalWakeUpLine
     /tmp/ccnRFgyO.s:368    .text.HAL_PWREx_DisableInternalWakeUpLine:0000000c $d
     /tmp/ccnRFgyO.s:373    .text.HAL_PWREx_EnableGPIOPullUp:00000000 $t
     /tmp/ccnRFgyO.s:380    .text.HAL_PWREx_EnableGPIOPullUp:00000000 HAL_PWREx_EnableGPIOPullUp
     /tmp/ccnRFgyO.s:396    .text.HAL_PWREx_EnableGPIOPullUp:00000008 $d
     /tmp/ccnRFgyO.s:545    .text.HAL_PWREx_EnableGPIOPullUp:000000b8 $d
     /tmp/ccnRFgyO.s:550    .text.HAL_PWREx_DisableGPIOPullUp:00000000 $t
     /tmp/ccnRFgyO.s:557    .text.HAL_PWREx_DisableGPIOPullUp:00000000 HAL_PWREx_DisableGPIOPullUp
     /tmp/ccnRFgyO.s:573    .text.HAL_PWREx_DisableGPIOPullUp:00000008 $d
     /tmp/ccnRFgyO.s:691    .text.HAL_PWREx_DisableGPIOPullUp:00000080 $d
     /tmp/ccnRFgyO.s:696    .text.HAL_PWREx_EnableGPIOPullDown:00000000 $t
     /tmp/ccnRFgyO.s:703    .text.HAL_PWREx_EnableGPIOPullDown:00000000 HAL_PWREx_EnableGPIOPullDown
     /tmp/ccnRFgyO.s:719    .text.HAL_PWREx_EnableGPIOPullDown:00000008 $d
     /tmp/ccnRFgyO.s:868    .text.HAL_PWREx_EnableGPIOPullDown:000000b8 $d
     /tmp/ccnRFgyO.s:873    .text.HAL_PWREx_DisableGPIOPullDown:00000000 $t
     /tmp/ccnRFgyO.s:880    .text.HAL_PWREx_DisableGPIOPullDown:00000000 HAL_PWREx_DisableGPIOPullDown
     /tmp/ccnRFgyO.s:896    .text.HAL_PWREx_DisableGPIOPullDown:00000008 $d
     /tmp/ccnRFgyO.s:1017   .text.HAL_PWREx_DisableGPIOPullDown:00000084 $d
     /tmp/ccnRFgyO.s:1022   .text.HAL_PWREx_EnablePullUpPullDownConfig:00000000 $t
     /tmp/ccnRFgyO.s:1029   .text.HAL_PWREx_EnablePullUpPullDownConfig:00000000 HAL_PWREx_EnablePullUpPullDownConfig
     /tmp/ccnRFgyO.s:1046   .text.HAL_PWREx_EnablePullUpPullDownConfig:0000000c $d
     /tmp/ccnRFgyO.s:1051   .text.HAL_PWREx_DisablePullUpPullDownConfig:00000000 $t
     /tmp/ccnRFgyO.s:1058   .text.HAL_PWREx_DisablePullUpPullDownConfig:00000000 HAL_PWREx_DisablePullUpPullDownConfig
     /tmp/ccnRFgyO.s:1075   .text.HAL_PWREx_DisablePullUpPullDownConfig:0000000c $d
     /tmp/ccnRFgyO.s:1080   .text.HAL_PWREx_EnableSRAM2ContentRetention:00000000 $t
     /tmp/ccnRFgyO.s:1087   .text.HAL_PWREx_EnableSRAM2ContentRetention:00000000 HAL_PWREx_EnableSRAM2ContentRetention
     /tmp/ccnRFgyO.s:1104   .text.HAL_PWREx_EnableSRAM2ContentRetention:0000000c $d
     /tmp/ccnRFgyO.s:1109   .text.HAL_PWREx_DisableSRAM2ContentRetention:00000000 $t
     /tmp/ccnRFgyO.s:1116   .text.HAL_PWREx_DisableSRAM2ContentRetention:00000000 HAL_PWREx_DisableSRAM2ContentRetention
     /tmp/ccnRFgyO.s:1133   .text.HAL_PWREx_DisableSRAM2ContentRetention:0000000c $d
     /tmp/ccnRFgyO.s:1138   .text.HAL_PWREx_EnablePVM1:00000000 $t
     /tmp/ccnRFgyO.s:1145   .text.HAL_PWREx_EnablePVM1:00000000 HAL_PWREx_EnablePVM1
     /tmp/ccnRFgyO.s:1162   .text.HAL_PWREx_EnablePVM1:0000000c $d
     /tmp/ccnRFgyO.s:1167   .text.HAL_PWREx_DisablePVM1:00000000 $t
     /tmp/ccnRFgyO.s:1174   .text.HAL_PWREx_DisablePVM1:00000000 HAL_PWREx_DisablePVM1
     /tmp/ccnRFgyO.s:1191   .text.HAL_PWREx_DisablePVM1:0000000c $d
     /tmp/ccnRFgyO.s:1196   .text.HAL_PWREx_EnablePVM2:00000000 $t
     /tmp/ccnRFgyO.s:1203   .text.HAL_PWREx_EnablePVM2:00000000 HAL_PWREx_EnablePVM2
     /tmp/ccnRFgyO.s:1220   .text.HAL_PWREx_EnablePVM2:0000000c $d
ARM GAS  /tmp/ccnRFgyO.s 			page 67


     /tmp/ccnRFgyO.s:1225   .text.HAL_PWREx_DisablePVM2:00000000 $t
     /tmp/ccnRFgyO.s:1232   .text.HAL_PWREx_DisablePVM2:00000000 HAL_PWREx_DisablePVM2
     /tmp/ccnRFgyO.s:1249   .text.HAL_PWREx_DisablePVM2:0000000c $d
     /tmp/ccnRFgyO.s:1254   .text.HAL_PWREx_EnablePVM3:00000000 $t
     /tmp/ccnRFgyO.s:1261   .text.HAL_PWREx_EnablePVM3:00000000 HAL_PWREx_EnablePVM3
     /tmp/ccnRFgyO.s:1278   .text.HAL_PWREx_EnablePVM3:0000000c $d
     /tmp/ccnRFgyO.s:1283   .text.HAL_PWREx_DisablePVM3:00000000 $t
     /tmp/ccnRFgyO.s:1290   .text.HAL_PWREx_DisablePVM3:00000000 HAL_PWREx_DisablePVM3
     /tmp/ccnRFgyO.s:1307   .text.HAL_PWREx_DisablePVM3:0000000c $d
     /tmp/ccnRFgyO.s:1312   .text.HAL_PWREx_EnablePVM4:00000000 $t
     /tmp/ccnRFgyO.s:1319   .text.HAL_PWREx_EnablePVM4:00000000 HAL_PWREx_EnablePVM4
     /tmp/ccnRFgyO.s:1336   .text.HAL_PWREx_EnablePVM4:0000000c $d
     /tmp/ccnRFgyO.s:1341   .text.HAL_PWREx_DisablePVM4:00000000 $t
     /tmp/ccnRFgyO.s:1348   .text.HAL_PWREx_DisablePVM4:00000000 HAL_PWREx_DisablePVM4
     /tmp/ccnRFgyO.s:1365   .text.HAL_PWREx_DisablePVM4:0000000c $d
     /tmp/ccnRFgyO.s:1370   .text.HAL_PWREx_ConfigPVM:00000000 $t
     /tmp/ccnRFgyO.s:1377   .text.HAL_PWREx_ConfigPVM:00000000 HAL_PWREx_ConfigPVM
     /tmp/ccnRFgyO.s:1668   .text.HAL_PWREx_ConfigPVM:00000194 $d
     /tmp/ccnRFgyO.s:1673   .text.HAL_PWREx_EnableLowPowerRunMode:00000000 $t
     /tmp/ccnRFgyO.s:1680   .text.HAL_PWREx_EnableLowPowerRunMode:00000000 HAL_PWREx_EnableLowPowerRunMode
     /tmp/ccnRFgyO.s:1697   .text.HAL_PWREx_EnableLowPowerRunMode:0000000c $d
     /tmp/ccnRFgyO.s:1702   .text.HAL_PWREx_DisableLowPowerRunMode:00000000 $t
     /tmp/ccnRFgyO.s:1709   .text.HAL_PWREx_DisableLowPowerRunMode:00000000 HAL_PWREx_DisableLowPowerRunMode
     /tmp/ccnRFgyO.s:1777   .text.HAL_PWREx_DisableLowPowerRunMode:00000040 $d
     /tmp/ccnRFgyO.s:1784   .text.HAL_PWREx_EnterSTOP0Mode:00000000 $t
     /tmp/ccnRFgyO.s:1791   .text.HAL_PWREx_EnterSTOP0Mode:00000000 HAL_PWREx_EnterSTOP0Mode
     /tmp/ccnRFgyO.s:1853   .text.HAL_PWREx_EnterSTOP0Mode:00000030 $d
     /tmp/ccnRFgyO.s:1859   .text.HAL_PWREx_EnterSTOP1Mode:00000000 $t
     /tmp/ccnRFgyO.s:1866   .text.HAL_PWREx_EnterSTOP1Mode:00000000 HAL_PWREx_EnterSTOP1Mode
     /tmp/ccnRFgyO.s:1929   .text.HAL_PWREx_EnterSTOP1Mode:00000034 $d
     /tmp/ccnRFgyO.s:1935   .text.HAL_PWREx_EnterSHUTDOWNMode:00000000 $t
     /tmp/ccnRFgyO.s:1942   .text.HAL_PWREx_EnterSHUTDOWNMode:00000000 HAL_PWREx_EnterSHUTDOWNMode
     /tmp/ccnRFgyO.s:1974   .text.HAL_PWREx_EnterSHUTDOWNMode:0000001c $d
     /tmp/ccnRFgyO.s:1980   .text.HAL_PWREx_PVM1Callback:00000000 $t
     /tmp/ccnRFgyO.s:1987   .text.HAL_PWREx_PVM1Callback:00000000 HAL_PWREx_PVM1Callback
     /tmp/ccnRFgyO.s:2000   .text.HAL_PWREx_PVM2Callback:00000000 $t
     /tmp/ccnRFgyO.s:2007   .text.HAL_PWREx_PVM2Callback:00000000 HAL_PWREx_PVM2Callback
     /tmp/ccnRFgyO.s:2019   .text.HAL_PWREx_PVM3Callback:00000000 $t
     /tmp/ccnRFgyO.s:2026   .text.HAL_PWREx_PVM3Callback:00000000 HAL_PWREx_PVM3Callback
     /tmp/ccnRFgyO.s:2038   .text.HAL_PWREx_PVM4Callback:00000000 $t
     /tmp/ccnRFgyO.s:2045   .text.HAL_PWREx_PVM4Callback:00000000 HAL_PWREx_PVM4Callback
     /tmp/ccnRFgyO.s:2057   .text.HAL_PWREx_PVD_PVM_IRQHandler:00000000 $t
     /tmp/ccnRFgyO.s:2064   .text.HAL_PWREx_PVD_PVM_IRQHandler:00000000 HAL_PWREx_PVD_PVM_IRQHandler
     /tmp/ccnRFgyO.s:2166   .text.HAL_PWREx_PVD_PVM_IRQHandler:0000006c $d
     /tmp/ccnRFgyO.s:2171   .text.HAL_PWREx_EnableUCPDStandbyMode:00000000 $t
     /tmp/ccnRFgyO.s:2178   .text.HAL_PWREx_EnableUCPDStandbyMode:00000000 HAL_PWREx_EnableUCPDStandbyMode
     /tmp/ccnRFgyO.s:2195   .text.HAL_PWREx_EnableUCPDStandbyMode:0000000c $d
     /tmp/ccnRFgyO.s:2200   .text.HAL_PWREx_DisableUCPDStandbyMode:00000000 $t
     /tmp/ccnRFgyO.s:2207   .text.HAL_PWREx_DisableUCPDStandbyMode:00000000 HAL_PWREx_DisableUCPDStandbyMode
     /tmp/ccnRFgyO.s:2224   .text.HAL_PWREx_DisableUCPDStandbyMode:0000000c $d
     /tmp/ccnRFgyO.s:2229   .text.HAL_PWREx_EnableUCPDDeadBattery:00000000 $t
     /tmp/ccnRFgyO.s:2236   .text.HAL_PWREx_EnableUCPDDeadBattery:00000000 HAL_PWREx_EnableUCPDDeadBattery
     /tmp/ccnRFgyO.s:2253   .text.HAL_PWREx_EnableUCPDDeadBattery:0000000c $d
     /tmp/ccnRFgyO.s:2258   .text.HAL_PWREx_DisableUCPDDeadBattery:00000000 $t
     /tmp/ccnRFgyO.s:2265   .text.HAL_PWREx_DisableUCPDDeadBattery:00000000 HAL_PWREx_DisableUCPDDeadBattery
     /tmp/ccnRFgyO.s:2282   .text.HAL_PWREx_DisableUCPDDeadBattery:0000000c $d
     /tmp/ccnRFgyO.s:403    .text.HAL_PWREx_EnableGPIOPullUp:0000000f $d
ARM GAS  /tmp/ccnRFgyO.s 			page 68


     /tmp/ccnRFgyO.s:403    .text.HAL_PWREx_EnableGPIOPullUp:00000010 $t
     /tmp/ccnRFgyO.s:580    .text.HAL_PWREx_DisableGPIOPullUp:0000000f $d
     /tmp/ccnRFgyO.s:580    .text.HAL_PWREx_DisableGPIOPullUp:00000010 $t
     /tmp/ccnRFgyO.s:726    .text.HAL_PWREx_EnableGPIOPullDown:0000000f $d
     /tmp/ccnRFgyO.s:726    .text.HAL_PWREx_EnableGPIOPullDown:00000010 $t
     /tmp/ccnRFgyO.s:903    .text.HAL_PWREx_DisableGPIOPullDown:0000000f $d
     /tmp/ccnRFgyO.s:903    .text.HAL_PWREx_DisableGPIOPullDown:00000010 $t

UNDEFINED SYMBOLS
SystemCoreClock
HAL_PWR_PVDCallback
