ARM GAS  /tmp/ccdNxUHJ.s 			page 1


   1              		.cpu cortex-m4
   2              		.arch armv7e-m
   3              		.fpu fpv4-sp-d16
   4              		.eabi_attribute 27, 1
   5              		.eabi_attribute 28, 1
   6              		.eabi_attribute 20, 1
   7              		.eabi_attribute 21, 1
   8              		.eabi_attribute 23, 3
   9              		.eabi_attribute 24, 1
  10              		.eabi_attribute 25, 1
  11              		.eabi_attribute 26, 1
  12              		.eabi_attribute 30, 2
  13              		.eabi_attribute 34, 1
  14              		.eabi_attribute 18, 4
  15              		.file	"stm32g4xx_hal_uart_ex.c"
  16              		.text
  17              	.Ltext0:
  18              		.cfi_sections	.debug_frame
  19              		.file 1 "Drivers/STM32G4xx_HAL_Driver/Src/stm32g4xx_hal_uart_ex.c"
  20              		.section	.text.UARTEx_SetNbDataToProcess,"ax",%progbits
  21              		.align	1
  22              		.p2align 2,,3
  23              		.syntax unified
  24              		.thumb
  25              		.thumb_func
  27              	UARTEx_SetNbDataToProcess:
  28              	.LVL0:
  29              	.LFB346:
   1:Drivers/STM32G4xx_HAL_Driver/Src/stm32g4xx_hal_uart_ex.c **** /**
   2:Drivers/STM32G4xx_HAL_Driver/Src/stm32g4xx_hal_uart_ex.c ****   ******************************************************************************
   3:Drivers/STM32G4xx_HAL_Driver/Src/stm32g4xx_hal_uart_ex.c ****   * @file    stm32g4xx_hal_uart_ex.c
   4:Drivers/STM32G4xx_HAL_Driver/Src/stm32g4xx_hal_uart_ex.c ****   * @author  MCD Application Team
   5:Drivers/STM32G4xx_HAL_Driver/Src/stm32g4xx_hal_uart_ex.c ****   * @brief   Extended UART HAL module driver.
   6:Drivers/STM32G4xx_HAL_Driver/Src/stm32g4xx_hal_uart_ex.c ****   *          This file provides firmware functions to manage the following extended
   7:Drivers/STM32G4xx_HAL_Driver/Src/stm32g4xx_hal_uart_ex.c ****   *          functionalities of the Universal Asynchronous Receiver Transmitter Peripheral (UART).
   8:Drivers/STM32G4xx_HAL_Driver/Src/stm32g4xx_hal_uart_ex.c ****   *           + Initialization and de-initialization functions
   9:Drivers/STM32G4xx_HAL_Driver/Src/stm32g4xx_hal_uart_ex.c ****   *           + Peripheral Control functions
  10:Drivers/STM32G4xx_HAL_Driver/Src/stm32g4xx_hal_uart_ex.c ****   *
  11:Drivers/STM32G4xx_HAL_Driver/Src/stm32g4xx_hal_uart_ex.c ****   *
  12:Drivers/STM32G4xx_HAL_Driver/Src/stm32g4xx_hal_uart_ex.c ****   ******************************************************************************
  13:Drivers/STM32G4xx_HAL_Driver/Src/stm32g4xx_hal_uart_ex.c ****   * @attention
  14:Drivers/STM32G4xx_HAL_Driver/Src/stm32g4xx_hal_uart_ex.c ****   *
  15:Drivers/STM32G4xx_HAL_Driver/Src/stm32g4xx_hal_uart_ex.c ****   * Copyright (c) 2019 STMicroelectronics.
  16:Drivers/STM32G4xx_HAL_Driver/Src/stm32g4xx_hal_uart_ex.c ****   * All rights reserved.
  17:Drivers/STM32G4xx_HAL_Driver/Src/stm32g4xx_hal_uart_ex.c ****   *
  18:Drivers/STM32G4xx_HAL_Driver/Src/stm32g4xx_hal_uart_ex.c ****   * This software is licensed under terms that can be found in the LICENSE file
  19:Drivers/STM32G4xx_HAL_Driver/Src/stm32g4xx_hal_uart_ex.c ****   * in the root directory of this software component.
  20:Drivers/STM32G4xx_HAL_Driver/Src/stm32g4xx_hal_uart_ex.c ****   * If no LICENSE file comes with this software, it is provided AS-IS.
  21:Drivers/STM32G4xx_HAL_Driver/Src/stm32g4xx_hal_uart_ex.c ****   *
  22:Drivers/STM32G4xx_HAL_Driver/Src/stm32g4xx_hal_uart_ex.c ****   ******************************************************************************
  23:Drivers/STM32G4xx_HAL_Driver/Src/stm32g4xx_hal_uart_ex.c ****   @verbatim
  24:Drivers/STM32G4xx_HAL_Driver/Src/stm32g4xx_hal_uart_ex.c ****   ==============================================================================
  25:Drivers/STM32G4xx_HAL_Driver/Src/stm32g4xx_hal_uart_ex.c ****                ##### UART peripheral extended features  #####
  26:Drivers/STM32G4xx_HAL_Driver/Src/stm32g4xx_hal_uart_ex.c ****   ==============================================================================
  27:Drivers/STM32G4xx_HAL_Driver/Src/stm32g4xx_hal_uart_ex.c ****   [..]
  28:Drivers/STM32G4xx_HAL_Driver/Src/stm32g4xx_hal_uart_ex.c ****     (#) Declare a UART_HandleTypeDef handle structure.
  29:Drivers/STM32G4xx_HAL_Driver/Src/stm32g4xx_hal_uart_ex.c **** 
ARM GAS  /tmp/ccdNxUHJ.s 			page 2


  30:Drivers/STM32G4xx_HAL_Driver/Src/stm32g4xx_hal_uart_ex.c ****     (#) For the UART RS485 Driver Enable mode, initialize the UART registers
  31:Drivers/STM32G4xx_HAL_Driver/Src/stm32g4xx_hal_uart_ex.c ****         by calling the HAL_RS485Ex_Init() API.
  32:Drivers/STM32G4xx_HAL_Driver/Src/stm32g4xx_hal_uart_ex.c **** 
  33:Drivers/STM32G4xx_HAL_Driver/Src/stm32g4xx_hal_uart_ex.c ****     (#) FIFO mode enabling/disabling and RX/TX FIFO threshold programming.
  34:Drivers/STM32G4xx_HAL_Driver/Src/stm32g4xx_hal_uart_ex.c **** 
  35:Drivers/STM32G4xx_HAL_Driver/Src/stm32g4xx_hal_uart_ex.c ****         -@- When UART operates in FIFO mode, FIFO mode must be enabled prior
  36:Drivers/STM32G4xx_HAL_Driver/Src/stm32g4xx_hal_uart_ex.c ****             starting RX/TX transfers. Also RX/TX FIFO thresholds must be
  37:Drivers/STM32G4xx_HAL_Driver/Src/stm32g4xx_hal_uart_ex.c ****             configured prior starting RX/TX transfers.
  38:Drivers/STM32G4xx_HAL_Driver/Src/stm32g4xx_hal_uart_ex.c **** 
  39:Drivers/STM32G4xx_HAL_Driver/Src/stm32g4xx_hal_uart_ex.c ****   @endverbatim
  40:Drivers/STM32G4xx_HAL_Driver/Src/stm32g4xx_hal_uart_ex.c ****   ******************************************************************************
  41:Drivers/STM32G4xx_HAL_Driver/Src/stm32g4xx_hal_uart_ex.c ****   */
  42:Drivers/STM32G4xx_HAL_Driver/Src/stm32g4xx_hal_uart_ex.c **** 
  43:Drivers/STM32G4xx_HAL_Driver/Src/stm32g4xx_hal_uart_ex.c **** /* Includes ------------------------------------------------------------------*/
  44:Drivers/STM32G4xx_HAL_Driver/Src/stm32g4xx_hal_uart_ex.c **** #include "stm32g4xx_hal.h"
  45:Drivers/STM32G4xx_HAL_Driver/Src/stm32g4xx_hal_uart_ex.c **** 
  46:Drivers/STM32G4xx_HAL_Driver/Src/stm32g4xx_hal_uart_ex.c **** /** @addtogroup STM32G4xx_HAL_Driver
  47:Drivers/STM32G4xx_HAL_Driver/Src/stm32g4xx_hal_uart_ex.c ****   * @{
  48:Drivers/STM32G4xx_HAL_Driver/Src/stm32g4xx_hal_uart_ex.c ****   */
  49:Drivers/STM32G4xx_HAL_Driver/Src/stm32g4xx_hal_uart_ex.c **** 
  50:Drivers/STM32G4xx_HAL_Driver/Src/stm32g4xx_hal_uart_ex.c **** /** @defgroup UARTEx UARTEx
  51:Drivers/STM32G4xx_HAL_Driver/Src/stm32g4xx_hal_uart_ex.c ****   * @brief UART Extended HAL module driver
  52:Drivers/STM32G4xx_HAL_Driver/Src/stm32g4xx_hal_uart_ex.c ****   * @{
  53:Drivers/STM32G4xx_HAL_Driver/Src/stm32g4xx_hal_uart_ex.c ****   */
  54:Drivers/STM32G4xx_HAL_Driver/Src/stm32g4xx_hal_uart_ex.c **** 
  55:Drivers/STM32G4xx_HAL_Driver/Src/stm32g4xx_hal_uart_ex.c **** #ifdef HAL_UART_MODULE_ENABLED
  56:Drivers/STM32G4xx_HAL_Driver/Src/stm32g4xx_hal_uart_ex.c **** 
  57:Drivers/STM32G4xx_HAL_Driver/Src/stm32g4xx_hal_uart_ex.c **** /* Private typedef -----------------------------------------------------------*/
  58:Drivers/STM32G4xx_HAL_Driver/Src/stm32g4xx_hal_uart_ex.c **** /* Private define ------------------------------------------------------------*/
  59:Drivers/STM32G4xx_HAL_Driver/Src/stm32g4xx_hal_uart_ex.c **** /** @defgroup UARTEX_Private_Constants UARTEx Private Constants
  60:Drivers/STM32G4xx_HAL_Driver/Src/stm32g4xx_hal_uart_ex.c ****   * @{
  61:Drivers/STM32G4xx_HAL_Driver/Src/stm32g4xx_hal_uart_ex.c ****   */
  62:Drivers/STM32G4xx_HAL_Driver/Src/stm32g4xx_hal_uart_ex.c **** /* UART RX FIFO depth */
  63:Drivers/STM32G4xx_HAL_Driver/Src/stm32g4xx_hal_uart_ex.c **** #define RX_FIFO_DEPTH 8U
  64:Drivers/STM32G4xx_HAL_Driver/Src/stm32g4xx_hal_uart_ex.c **** 
  65:Drivers/STM32G4xx_HAL_Driver/Src/stm32g4xx_hal_uart_ex.c **** /* UART TX FIFO depth */
  66:Drivers/STM32G4xx_HAL_Driver/Src/stm32g4xx_hal_uart_ex.c **** #define TX_FIFO_DEPTH 8U
  67:Drivers/STM32G4xx_HAL_Driver/Src/stm32g4xx_hal_uart_ex.c **** /**
  68:Drivers/STM32G4xx_HAL_Driver/Src/stm32g4xx_hal_uart_ex.c ****   * @}
  69:Drivers/STM32G4xx_HAL_Driver/Src/stm32g4xx_hal_uart_ex.c ****   */
  70:Drivers/STM32G4xx_HAL_Driver/Src/stm32g4xx_hal_uart_ex.c **** 
  71:Drivers/STM32G4xx_HAL_Driver/Src/stm32g4xx_hal_uart_ex.c **** /* Private macros ------------------------------------------------------------*/
  72:Drivers/STM32G4xx_HAL_Driver/Src/stm32g4xx_hal_uart_ex.c **** /* Private variables ---------------------------------------------------------*/
  73:Drivers/STM32G4xx_HAL_Driver/Src/stm32g4xx_hal_uart_ex.c **** /* Private function prototypes -----------------------------------------------*/
  74:Drivers/STM32G4xx_HAL_Driver/Src/stm32g4xx_hal_uart_ex.c **** /** @defgroup UARTEx_Private_Functions UARTEx Private Functions
  75:Drivers/STM32G4xx_HAL_Driver/Src/stm32g4xx_hal_uart_ex.c ****   * @{
  76:Drivers/STM32G4xx_HAL_Driver/Src/stm32g4xx_hal_uart_ex.c ****   */
  77:Drivers/STM32G4xx_HAL_Driver/Src/stm32g4xx_hal_uart_ex.c **** static void UARTEx_Wakeup_AddressConfig(UART_HandleTypeDef *huart, UART_WakeUpTypeDef WakeUpSelecti
  78:Drivers/STM32G4xx_HAL_Driver/Src/stm32g4xx_hal_uart_ex.c **** static void UARTEx_SetNbDataToProcess(UART_HandleTypeDef *huart);
  79:Drivers/STM32G4xx_HAL_Driver/Src/stm32g4xx_hal_uart_ex.c **** /**
  80:Drivers/STM32G4xx_HAL_Driver/Src/stm32g4xx_hal_uart_ex.c ****   * @}
  81:Drivers/STM32G4xx_HAL_Driver/Src/stm32g4xx_hal_uart_ex.c ****   */
  82:Drivers/STM32G4xx_HAL_Driver/Src/stm32g4xx_hal_uart_ex.c **** 
  83:Drivers/STM32G4xx_HAL_Driver/Src/stm32g4xx_hal_uart_ex.c **** /* Exported functions --------------------------------------------------------*/
  84:Drivers/STM32G4xx_HAL_Driver/Src/stm32g4xx_hal_uart_ex.c **** 
  85:Drivers/STM32G4xx_HAL_Driver/Src/stm32g4xx_hal_uart_ex.c **** /** @defgroup UARTEx_Exported_Functions  UARTEx Exported Functions
  86:Drivers/STM32G4xx_HAL_Driver/Src/stm32g4xx_hal_uart_ex.c ****   * @{
ARM GAS  /tmp/ccdNxUHJ.s 			page 3


  87:Drivers/STM32G4xx_HAL_Driver/Src/stm32g4xx_hal_uart_ex.c ****   */
  88:Drivers/STM32G4xx_HAL_Driver/Src/stm32g4xx_hal_uart_ex.c **** 
  89:Drivers/STM32G4xx_HAL_Driver/Src/stm32g4xx_hal_uart_ex.c **** /** @defgroup UARTEx_Exported_Functions_Group1 Initialization and de-initialization functions
  90:Drivers/STM32G4xx_HAL_Driver/Src/stm32g4xx_hal_uart_ex.c ****   * @brief    Extended Initialization and Configuration Functions
  91:Drivers/STM32G4xx_HAL_Driver/Src/stm32g4xx_hal_uart_ex.c ****   *
  92:Drivers/STM32G4xx_HAL_Driver/Src/stm32g4xx_hal_uart_ex.c **** @verbatim
  93:Drivers/STM32G4xx_HAL_Driver/Src/stm32g4xx_hal_uart_ex.c **** ===============================================================================
  94:Drivers/STM32G4xx_HAL_Driver/Src/stm32g4xx_hal_uart_ex.c ****             ##### Initialization and Configuration functions #####
  95:Drivers/STM32G4xx_HAL_Driver/Src/stm32g4xx_hal_uart_ex.c ****  ===============================================================================
  96:Drivers/STM32G4xx_HAL_Driver/Src/stm32g4xx_hal_uart_ex.c ****     [..]
  97:Drivers/STM32G4xx_HAL_Driver/Src/stm32g4xx_hal_uart_ex.c ****     This subsection provides a set of functions allowing to initialize the USARTx or the UARTy
  98:Drivers/STM32G4xx_HAL_Driver/Src/stm32g4xx_hal_uart_ex.c ****     in asynchronous mode.
  99:Drivers/STM32G4xx_HAL_Driver/Src/stm32g4xx_hal_uart_ex.c ****       (+) For the asynchronous mode the parameters below can be configured:
 100:Drivers/STM32G4xx_HAL_Driver/Src/stm32g4xx_hal_uart_ex.c ****         (++) Baud Rate
 101:Drivers/STM32G4xx_HAL_Driver/Src/stm32g4xx_hal_uart_ex.c ****         (++) Word Length
 102:Drivers/STM32G4xx_HAL_Driver/Src/stm32g4xx_hal_uart_ex.c ****         (++) Stop Bit
 103:Drivers/STM32G4xx_HAL_Driver/Src/stm32g4xx_hal_uart_ex.c ****         (++) Parity: If the parity is enabled, then the MSB bit of the data written
 104:Drivers/STM32G4xx_HAL_Driver/Src/stm32g4xx_hal_uart_ex.c ****              in the data register is transmitted but is changed by the parity bit.
 105:Drivers/STM32G4xx_HAL_Driver/Src/stm32g4xx_hal_uart_ex.c ****         (++) Hardware flow control
 106:Drivers/STM32G4xx_HAL_Driver/Src/stm32g4xx_hal_uart_ex.c ****         (++) Receiver/transmitter modes
 107:Drivers/STM32G4xx_HAL_Driver/Src/stm32g4xx_hal_uart_ex.c ****         (++) Over Sampling Method
 108:Drivers/STM32G4xx_HAL_Driver/Src/stm32g4xx_hal_uart_ex.c ****         (++) One-Bit Sampling Method
 109:Drivers/STM32G4xx_HAL_Driver/Src/stm32g4xx_hal_uart_ex.c ****       (+) For the asynchronous mode, the following advanced features can be configured as well:
 110:Drivers/STM32G4xx_HAL_Driver/Src/stm32g4xx_hal_uart_ex.c ****         (++) TX and/or RX pin level inversion
 111:Drivers/STM32G4xx_HAL_Driver/Src/stm32g4xx_hal_uart_ex.c ****         (++) data logical level inversion
 112:Drivers/STM32G4xx_HAL_Driver/Src/stm32g4xx_hal_uart_ex.c ****         (++) RX and TX pins swap
 113:Drivers/STM32G4xx_HAL_Driver/Src/stm32g4xx_hal_uart_ex.c ****         (++) RX overrun detection disabling
 114:Drivers/STM32G4xx_HAL_Driver/Src/stm32g4xx_hal_uart_ex.c ****         (++) DMA disabling on RX error
 115:Drivers/STM32G4xx_HAL_Driver/Src/stm32g4xx_hal_uart_ex.c ****         (++) MSB first on communication line
 116:Drivers/STM32G4xx_HAL_Driver/Src/stm32g4xx_hal_uart_ex.c ****         (++) auto Baud rate detection
 117:Drivers/STM32G4xx_HAL_Driver/Src/stm32g4xx_hal_uart_ex.c ****     [..]
 118:Drivers/STM32G4xx_HAL_Driver/Src/stm32g4xx_hal_uart_ex.c ****     The HAL_RS485Ex_Init() API follows the UART RS485 mode configuration
 119:Drivers/STM32G4xx_HAL_Driver/Src/stm32g4xx_hal_uart_ex.c ****      procedures (details for the procedures are available in reference manual).
 120:Drivers/STM32G4xx_HAL_Driver/Src/stm32g4xx_hal_uart_ex.c **** 
 121:Drivers/STM32G4xx_HAL_Driver/Src/stm32g4xx_hal_uart_ex.c **** @endverbatim
 122:Drivers/STM32G4xx_HAL_Driver/Src/stm32g4xx_hal_uart_ex.c **** 
 123:Drivers/STM32G4xx_HAL_Driver/Src/stm32g4xx_hal_uart_ex.c ****   Depending on the frame length defined by the M1 and M0 bits (7-bit,
 124:Drivers/STM32G4xx_HAL_Driver/Src/stm32g4xx_hal_uart_ex.c ****   8-bit or 9-bit), the possible UART formats are listed in the
 125:Drivers/STM32G4xx_HAL_Driver/Src/stm32g4xx_hal_uart_ex.c ****   following table.
 126:Drivers/STM32G4xx_HAL_Driver/Src/stm32g4xx_hal_uart_ex.c **** 
 127:Drivers/STM32G4xx_HAL_Driver/Src/stm32g4xx_hal_uart_ex.c ****     Table 1. UART frame format.
 128:Drivers/STM32G4xx_HAL_Driver/Src/stm32g4xx_hal_uart_ex.c ****     +-----------------------------------------------------------------------+
 129:Drivers/STM32G4xx_HAL_Driver/Src/stm32g4xx_hal_uart_ex.c ****     |  M1 bit |  M0 bit |  PCE bit  |             UART frame                |
 130:Drivers/STM32G4xx_HAL_Driver/Src/stm32g4xx_hal_uart_ex.c ****     |---------|---------|-----------|---------------------------------------|
 131:Drivers/STM32G4xx_HAL_Driver/Src/stm32g4xx_hal_uart_ex.c ****     |    0    |    0    |    0      |    | SB |    8 bit data   | STB |     |
 132:Drivers/STM32G4xx_HAL_Driver/Src/stm32g4xx_hal_uart_ex.c ****     |---------|---------|-----------|---------------------------------------|
 133:Drivers/STM32G4xx_HAL_Driver/Src/stm32g4xx_hal_uart_ex.c ****     |    0    |    0    |    1      |    | SB | 7 bit data | PB | STB |     |
 134:Drivers/STM32G4xx_HAL_Driver/Src/stm32g4xx_hal_uart_ex.c ****     |---------|---------|-----------|---------------------------------------|
 135:Drivers/STM32G4xx_HAL_Driver/Src/stm32g4xx_hal_uart_ex.c ****     |    0    |    1    |    0      |    | SB |    9 bit data   | STB |     |
 136:Drivers/STM32G4xx_HAL_Driver/Src/stm32g4xx_hal_uart_ex.c ****     |---------|---------|-----------|---------------------------------------|
 137:Drivers/STM32G4xx_HAL_Driver/Src/stm32g4xx_hal_uart_ex.c ****     |    0    |    1    |    1      |    | SB | 8 bit data | PB | STB |     |
 138:Drivers/STM32G4xx_HAL_Driver/Src/stm32g4xx_hal_uart_ex.c ****     |---------|---------|-----------|---------------------------------------|
 139:Drivers/STM32G4xx_HAL_Driver/Src/stm32g4xx_hal_uart_ex.c ****     |    1    |    0    |    0      |    | SB |    7 bit data   | STB |     |
 140:Drivers/STM32G4xx_HAL_Driver/Src/stm32g4xx_hal_uart_ex.c ****     |---------|---------|-----------|---------------------------------------|
 141:Drivers/STM32G4xx_HAL_Driver/Src/stm32g4xx_hal_uart_ex.c ****     |    1    |    0    |    1      |    | SB | 6 bit data | PB | STB |     |
 142:Drivers/STM32G4xx_HAL_Driver/Src/stm32g4xx_hal_uart_ex.c ****     +-----------------------------------------------------------------------+
 143:Drivers/STM32G4xx_HAL_Driver/Src/stm32g4xx_hal_uart_ex.c **** 
ARM GAS  /tmp/ccdNxUHJ.s 			page 4


 144:Drivers/STM32G4xx_HAL_Driver/Src/stm32g4xx_hal_uart_ex.c ****   * @{
 145:Drivers/STM32G4xx_HAL_Driver/Src/stm32g4xx_hal_uart_ex.c ****   */
 146:Drivers/STM32G4xx_HAL_Driver/Src/stm32g4xx_hal_uart_ex.c **** 
 147:Drivers/STM32G4xx_HAL_Driver/Src/stm32g4xx_hal_uart_ex.c **** /**
 148:Drivers/STM32G4xx_HAL_Driver/Src/stm32g4xx_hal_uart_ex.c ****   * @brief Initialize the RS485 Driver enable feature according to the specified
 149:Drivers/STM32G4xx_HAL_Driver/Src/stm32g4xx_hal_uart_ex.c ****   *         parameters in the UART_InitTypeDef and creates the associated handle.
 150:Drivers/STM32G4xx_HAL_Driver/Src/stm32g4xx_hal_uart_ex.c ****   * @param huart            UART handle.
 151:Drivers/STM32G4xx_HAL_Driver/Src/stm32g4xx_hal_uart_ex.c ****   * @param Polarity         Select the driver enable polarity.
 152:Drivers/STM32G4xx_HAL_Driver/Src/stm32g4xx_hal_uart_ex.c ****   *          This parameter can be one of the following values:
 153:Drivers/STM32G4xx_HAL_Driver/Src/stm32g4xx_hal_uart_ex.c ****   *          @arg @ref UART_DE_POLARITY_HIGH DE signal is active high
 154:Drivers/STM32G4xx_HAL_Driver/Src/stm32g4xx_hal_uart_ex.c ****   *          @arg @ref UART_DE_POLARITY_LOW  DE signal is active low
 155:Drivers/STM32G4xx_HAL_Driver/Src/stm32g4xx_hal_uart_ex.c ****   * @param AssertionTime    Driver Enable assertion time:
 156:Drivers/STM32G4xx_HAL_Driver/Src/stm32g4xx_hal_uart_ex.c ****   *       5-bit value defining the time between the activation of the DE (Driver Enable)
 157:Drivers/STM32G4xx_HAL_Driver/Src/stm32g4xx_hal_uart_ex.c ****   *       signal and the beginning of the start bit. It is expressed in sample time
 158:Drivers/STM32G4xx_HAL_Driver/Src/stm32g4xx_hal_uart_ex.c ****   *       units (1/8 or 1/16 bit time, depending on the oversampling rate)
 159:Drivers/STM32G4xx_HAL_Driver/Src/stm32g4xx_hal_uart_ex.c ****   * @param DeassertionTime  Driver Enable deassertion time:
 160:Drivers/STM32G4xx_HAL_Driver/Src/stm32g4xx_hal_uart_ex.c ****   *       5-bit value defining the time between the end of the last stop bit, in a
 161:Drivers/STM32G4xx_HAL_Driver/Src/stm32g4xx_hal_uart_ex.c ****   *       transmitted message, and the de-activation of the DE (Driver Enable) signal.
 162:Drivers/STM32G4xx_HAL_Driver/Src/stm32g4xx_hal_uart_ex.c ****   *       It is expressed in sample time units (1/8 or 1/16 bit time, depending on the
 163:Drivers/STM32G4xx_HAL_Driver/Src/stm32g4xx_hal_uart_ex.c ****   *       oversampling rate).
 164:Drivers/STM32G4xx_HAL_Driver/Src/stm32g4xx_hal_uart_ex.c ****   * @retval HAL status
 165:Drivers/STM32G4xx_HAL_Driver/Src/stm32g4xx_hal_uart_ex.c ****   */
 166:Drivers/STM32G4xx_HAL_Driver/Src/stm32g4xx_hal_uart_ex.c **** HAL_StatusTypeDef HAL_RS485Ex_Init(UART_HandleTypeDef *huart, uint32_t Polarity, uint32_t Assertion
 167:Drivers/STM32G4xx_HAL_Driver/Src/stm32g4xx_hal_uart_ex.c ****                                    uint32_t DeassertionTime)
 168:Drivers/STM32G4xx_HAL_Driver/Src/stm32g4xx_hal_uart_ex.c **** {
 169:Drivers/STM32G4xx_HAL_Driver/Src/stm32g4xx_hal_uart_ex.c ****   uint32_t temp;
 170:Drivers/STM32G4xx_HAL_Driver/Src/stm32g4xx_hal_uart_ex.c **** 
 171:Drivers/STM32G4xx_HAL_Driver/Src/stm32g4xx_hal_uart_ex.c ****   /* Check the UART handle allocation */
 172:Drivers/STM32G4xx_HAL_Driver/Src/stm32g4xx_hal_uart_ex.c ****   if (huart == NULL)
 173:Drivers/STM32G4xx_HAL_Driver/Src/stm32g4xx_hal_uart_ex.c ****   {
 174:Drivers/STM32G4xx_HAL_Driver/Src/stm32g4xx_hal_uart_ex.c ****     return HAL_ERROR;
 175:Drivers/STM32G4xx_HAL_Driver/Src/stm32g4xx_hal_uart_ex.c ****   }
 176:Drivers/STM32G4xx_HAL_Driver/Src/stm32g4xx_hal_uart_ex.c ****   /* Check the Driver Enable UART instance */
 177:Drivers/STM32G4xx_HAL_Driver/Src/stm32g4xx_hal_uart_ex.c ****   assert_param(IS_UART_DRIVER_ENABLE_INSTANCE(huart->Instance));
 178:Drivers/STM32G4xx_HAL_Driver/Src/stm32g4xx_hal_uart_ex.c **** 
 179:Drivers/STM32G4xx_HAL_Driver/Src/stm32g4xx_hal_uart_ex.c ****   /* Check the Driver Enable polarity */
 180:Drivers/STM32G4xx_HAL_Driver/Src/stm32g4xx_hal_uart_ex.c ****   assert_param(IS_UART_DE_POLARITY(Polarity));
 181:Drivers/STM32G4xx_HAL_Driver/Src/stm32g4xx_hal_uart_ex.c **** 
 182:Drivers/STM32G4xx_HAL_Driver/Src/stm32g4xx_hal_uart_ex.c ****   /* Check the Driver Enable assertion time */
 183:Drivers/STM32G4xx_HAL_Driver/Src/stm32g4xx_hal_uart_ex.c ****   assert_param(IS_UART_ASSERTIONTIME(AssertionTime));
 184:Drivers/STM32G4xx_HAL_Driver/Src/stm32g4xx_hal_uart_ex.c **** 
 185:Drivers/STM32G4xx_HAL_Driver/Src/stm32g4xx_hal_uart_ex.c ****   /* Check the Driver Enable deassertion time */
 186:Drivers/STM32G4xx_HAL_Driver/Src/stm32g4xx_hal_uart_ex.c ****   assert_param(IS_UART_DEASSERTIONTIME(DeassertionTime));
 187:Drivers/STM32G4xx_HAL_Driver/Src/stm32g4xx_hal_uart_ex.c **** 
 188:Drivers/STM32G4xx_HAL_Driver/Src/stm32g4xx_hal_uart_ex.c ****   if (huart->gState == HAL_UART_STATE_RESET)
 189:Drivers/STM32G4xx_HAL_Driver/Src/stm32g4xx_hal_uart_ex.c ****   {
 190:Drivers/STM32G4xx_HAL_Driver/Src/stm32g4xx_hal_uart_ex.c ****     /* Allocate lock resource and initialize it */
 191:Drivers/STM32G4xx_HAL_Driver/Src/stm32g4xx_hal_uart_ex.c ****     huart->Lock = HAL_UNLOCKED;
 192:Drivers/STM32G4xx_HAL_Driver/Src/stm32g4xx_hal_uart_ex.c **** 
 193:Drivers/STM32G4xx_HAL_Driver/Src/stm32g4xx_hal_uart_ex.c **** #if (USE_HAL_UART_REGISTER_CALLBACKS == 1)
 194:Drivers/STM32G4xx_HAL_Driver/Src/stm32g4xx_hal_uart_ex.c ****     UART_InitCallbacksToDefault(huart);
 195:Drivers/STM32G4xx_HAL_Driver/Src/stm32g4xx_hal_uart_ex.c **** 
 196:Drivers/STM32G4xx_HAL_Driver/Src/stm32g4xx_hal_uart_ex.c ****     if (huart->MspInitCallback == NULL)
 197:Drivers/STM32G4xx_HAL_Driver/Src/stm32g4xx_hal_uart_ex.c ****     {
 198:Drivers/STM32G4xx_HAL_Driver/Src/stm32g4xx_hal_uart_ex.c ****       huart->MspInitCallback = HAL_UART_MspInit;
 199:Drivers/STM32G4xx_HAL_Driver/Src/stm32g4xx_hal_uart_ex.c ****     }
 200:Drivers/STM32G4xx_HAL_Driver/Src/stm32g4xx_hal_uart_ex.c **** 
ARM GAS  /tmp/ccdNxUHJ.s 			page 5


 201:Drivers/STM32G4xx_HAL_Driver/Src/stm32g4xx_hal_uart_ex.c ****     /* Init the low level hardware */
 202:Drivers/STM32G4xx_HAL_Driver/Src/stm32g4xx_hal_uart_ex.c ****     huart->MspInitCallback(huart);
 203:Drivers/STM32G4xx_HAL_Driver/Src/stm32g4xx_hal_uart_ex.c **** #else
 204:Drivers/STM32G4xx_HAL_Driver/Src/stm32g4xx_hal_uart_ex.c ****     /* Init the low level hardware : GPIO, CLOCK, CORTEX */
 205:Drivers/STM32G4xx_HAL_Driver/Src/stm32g4xx_hal_uart_ex.c ****     HAL_UART_MspInit(huart);
 206:Drivers/STM32G4xx_HAL_Driver/Src/stm32g4xx_hal_uart_ex.c **** #endif /* (USE_HAL_UART_REGISTER_CALLBACKS) */
 207:Drivers/STM32G4xx_HAL_Driver/Src/stm32g4xx_hal_uart_ex.c ****   }
 208:Drivers/STM32G4xx_HAL_Driver/Src/stm32g4xx_hal_uart_ex.c **** 
 209:Drivers/STM32G4xx_HAL_Driver/Src/stm32g4xx_hal_uart_ex.c ****   huart->gState = HAL_UART_STATE_BUSY;
 210:Drivers/STM32G4xx_HAL_Driver/Src/stm32g4xx_hal_uart_ex.c **** 
 211:Drivers/STM32G4xx_HAL_Driver/Src/stm32g4xx_hal_uart_ex.c ****   /* Disable the Peripheral */
 212:Drivers/STM32G4xx_HAL_Driver/Src/stm32g4xx_hal_uart_ex.c ****   __HAL_UART_DISABLE(huart);
 213:Drivers/STM32G4xx_HAL_Driver/Src/stm32g4xx_hal_uart_ex.c **** 
 214:Drivers/STM32G4xx_HAL_Driver/Src/stm32g4xx_hal_uart_ex.c ****   /* Perform advanced settings configuration */
 215:Drivers/STM32G4xx_HAL_Driver/Src/stm32g4xx_hal_uart_ex.c ****   /* For some items, configuration requires to be done prior TE and RE bits are set */
 216:Drivers/STM32G4xx_HAL_Driver/Src/stm32g4xx_hal_uart_ex.c ****   if (huart->AdvancedInit.AdvFeatureInit != UART_ADVFEATURE_NO_INIT)
 217:Drivers/STM32G4xx_HAL_Driver/Src/stm32g4xx_hal_uart_ex.c ****   {
 218:Drivers/STM32G4xx_HAL_Driver/Src/stm32g4xx_hal_uart_ex.c ****     UART_AdvFeatureConfig(huart);
 219:Drivers/STM32G4xx_HAL_Driver/Src/stm32g4xx_hal_uart_ex.c ****   }
 220:Drivers/STM32G4xx_HAL_Driver/Src/stm32g4xx_hal_uart_ex.c **** 
 221:Drivers/STM32G4xx_HAL_Driver/Src/stm32g4xx_hal_uart_ex.c ****   /* Set the UART Communication parameters */
 222:Drivers/STM32G4xx_HAL_Driver/Src/stm32g4xx_hal_uart_ex.c ****   if (UART_SetConfig(huart) == HAL_ERROR)
 223:Drivers/STM32G4xx_HAL_Driver/Src/stm32g4xx_hal_uart_ex.c ****   {
 224:Drivers/STM32G4xx_HAL_Driver/Src/stm32g4xx_hal_uart_ex.c ****     return HAL_ERROR;
 225:Drivers/STM32G4xx_HAL_Driver/Src/stm32g4xx_hal_uart_ex.c ****   }
 226:Drivers/STM32G4xx_HAL_Driver/Src/stm32g4xx_hal_uart_ex.c **** 
 227:Drivers/STM32G4xx_HAL_Driver/Src/stm32g4xx_hal_uart_ex.c ****   /* Enable the Driver Enable mode by setting the DEM bit in the CR3 register */
 228:Drivers/STM32G4xx_HAL_Driver/Src/stm32g4xx_hal_uart_ex.c ****   SET_BIT(huart->Instance->CR3, USART_CR3_DEM);
 229:Drivers/STM32G4xx_HAL_Driver/Src/stm32g4xx_hal_uart_ex.c **** 
 230:Drivers/STM32G4xx_HAL_Driver/Src/stm32g4xx_hal_uart_ex.c ****   /* Set the Driver Enable polarity */
 231:Drivers/STM32G4xx_HAL_Driver/Src/stm32g4xx_hal_uart_ex.c ****   MODIFY_REG(huart->Instance->CR3, USART_CR3_DEP, Polarity);
 232:Drivers/STM32G4xx_HAL_Driver/Src/stm32g4xx_hal_uart_ex.c **** 
 233:Drivers/STM32G4xx_HAL_Driver/Src/stm32g4xx_hal_uart_ex.c ****   /* Set the Driver Enable assertion and deassertion times */
 234:Drivers/STM32G4xx_HAL_Driver/Src/stm32g4xx_hal_uart_ex.c ****   temp = (AssertionTime << UART_CR1_DEAT_ADDRESS_LSB_POS);
 235:Drivers/STM32G4xx_HAL_Driver/Src/stm32g4xx_hal_uart_ex.c ****   temp |= (DeassertionTime << UART_CR1_DEDT_ADDRESS_LSB_POS);
 236:Drivers/STM32G4xx_HAL_Driver/Src/stm32g4xx_hal_uart_ex.c ****   MODIFY_REG(huart->Instance->CR1, (USART_CR1_DEDT | USART_CR1_DEAT), temp);
 237:Drivers/STM32G4xx_HAL_Driver/Src/stm32g4xx_hal_uart_ex.c **** 
 238:Drivers/STM32G4xx_HAL_Driver/Src/stm32g4xx_hal_uart_ex.c ****   /* Enable the Peripheral */
 239:Drivers/STM32G4xx_HAL_Driver/Src/stm32g4xx_hal_uart_ex.c ****   __HAL_UART_ENABLE(huart);
 240:Drivers/STM32G4xx_HAL_Driver/Src/stm32g4xx_hal_uart_ex.c **** 
 241:Drivers/STM32G4xx_HAL_Driver/Src/stm32g4xx_hal_uart_ex.c ****   /* TEACK and/or REACK to check before moving huart->gState and huart->RxState to Ready */
 242:Drivers/STM32G4xx_HAL_Driver/Src/stm32g4xx_hal_uart_ex.c ****   return (UART_CheckIdleState(huart));
 243:Drivers/STM32G4xx_HAL_Driver/Src/stm32g4xx_hal_uart_ex.c **** }
 244:Drivers/STM32G4xx_HAL_Driver/Src/stm32g4xx_hal_uart_ex.c **** 
 245:Drivers/STM32G4xx_HAL_Driver/Src/stm32g4xx_hal_uart_ex.c **** /**
 246:Drivers/STM32G4xx_HAL_Driver/Src/stm32g4xx_hal_uart_ex.c ****   * @}
 247:Drivers/STM32G4xx_HAL_Driver/Src/stm32g4xx_hal_uart_ex.c ****   */
 248:Drivers/STM32G4xx_HAL_Driver/Src/stm32g4xx_hal_uart_ex.c **** 
 249:Drivers/STM32G4xx_HAL_Driver/Src/stm32g4xx_hal_uart_ex.c **** /** @defgroup UARTEx_Exported_Functions_Group2 IO operation functions
 250:Drivers/STM32G4xx_HAL_Driver/Src/stm32g4xx_hal_uart_ex.c ****   *  @brief Extended functions
 251:Drivers/STM32G4xx_HAL_Driver/Src/stm32g4xx_hal_uart_ex.c ****   *
 252:Drivers/STM32G4xx_HAL_Driver/Src/stm32g4xx_hal_uart_ex.c **** @verbatim
 253:Drivers/STM32G4xx_HAL_Driver/Src/stm32g4xx_hal_uart_ex.c ****  ===============================================================================
 254:Drivers/STM32G4xx_HAL_Driver/Src/stm32g4xx_hal_uart_ex.c ****                       ##### IO operation functions #####
 255:Drivers/STM32G4xx_HAL_Driver/Src/stm32g4xx_hal_uart_ex.c ****  ===============================================================================
 256:Drivers/STM32G4xx_HAL_Driver/Src/stm32g4xx_hal_uart_ex.c ****     [..]
 257:Drivers/STM32G4xx_HAL_Driver/Src/stm32g4xx_hal_uart_ex.c ****     This subsection provides a set of Wakeup and FIFO mode related callback functions.
ARM GAS  /tmp/ccdNxUHJ.s 			page 6


 258:Drivers/STM32G4xx_HAL_Driver/Src/stm32g4xx_hal_uart_ex.c ****     (#) Wakeup from Stop mode Callback:
 259:Drivers/STM32G4xx_HAL_Driver/Src/stm32g4xx_hal_uart_ex.c ****         (++) HAL_UARTEx_WakeupCallback()
 260:Drivers/STM32G4xx_HAL_Driver/Src/stm32g4xx_hal_uart_ex.c ****     (#) TX/RX Fifos Callbacks:
 261:Drivers/STM32G4xx_HAL_Driver/Src/stm32g4xx_hal_uart_ex.c ****         (++) HAL_UARTEx_RxFifoFullCallback()
 262:Drivers/STM32G4xx_HAL_Driver/Src/stm32g4xx_hal_uart_ex.c ****         (++) HAL_UARTEx_TxFifoEmptyCallback()
 263:Drivers/STM32G4xx_HAL_Driver/Src/stm32g4xx_hal_uart_ex.c **** @endverbatim
 264:Drivers/STM32G4xx_HAL_Driver/Src/stm32g4xx_hal_uart_ex.c ****   * @{
 265:Drivers/STM32G4xx_HAL_Driver/Src/stm32g4xx_hal_uart_ex.c ****   */
 266:Drivers/STM32G4xx_HAL_Driver/Src/stm32g4xx_hal_uart_ex.c **** 
 267:Drivers/STM32G4xx_HAL_Driver/Src/stm32g4xx_hal_uart_ex.c **** /**
 268:Drivers/STM32G4xx_HAL_Driver/Src/stm32g4xx_hal_uart_ex.c ****   * @brief UART wakeup from Stop mode callback.
 269:Drivers/STM32G4xx_HAL_Driver/Src/stm32g4xx_hal_uart_ex.c ****   * @param huart UART handle.
 270:Drivers/STM32G4xx_HAL_Driver/Src/stm32g4xx_hal_uart_ex.c ****   * @retval None
 271:Drivers/STM32G4xx_HAL_Driver/Src/stm32g4xx_hal_uart_ex.c ****   */
 272:Drivers/STM32G4xx_HAL_Driver/Src/stm32g4xx_hal_uart_ex.c **** __weak void HAL_UARTEx_WakeupCallback(UART_HandleTypeDef *huart)
 273:Drivers/STM32G4xx_HAL_Driver/Src/stm32g4xx_hal_uart_ex.c **** {
 274:Drivers/STM32G4xx_HAL_Driver/Src/stm32g4xx_hal_uart_ex.c ****   /* Prevent unused argument(s) compilation warning */
 275:Drivers/STM32G4xx_HAL_Driver/Src/stm32g4xx_hal_uart_ex.c ****   UNUSED(huart);
 276:Drivers/STM32G4xx_HAL_Driver/Src/stm32g4xx_hal_uart_ex.c **** 
 277:Drivers/STM32G4xx_HAL_Driver/Src/stm32g4xx_hal_uart_ex.c ****   /* NOTE : This function should not be modified, when the callback is needed,
 278:Drivers/STM32G4xx_HAL_Driver/Src/stm32g4xx_hal_uart_ex.c ****             the HAL_UARTEx_WakeupCallback can be implemented in the user file.
 279:Drivers/STM32G4xx_HAL_Driver/Src/stm32g4xx_hal_uart_ex.c ****    */
 280:Drivers/STM32G4xx_HAL_Driver/Src/stm32g4xx_hal_uart_ex.c **** }
 281:Drivers/STM32G4xx_HAL_Driver/Src/stm32g4xx_hal_uart_ex.c **** 
 282:Drivers/STM32G4xx_HAL_Driver/Src/stm32g4xx_hal_uart_ex.c **** /**
 283:Drivers/STM32G4xx_HAL_Driver/Src/stm32g4xx_hal_uart_ex.c ****   * @brief  UART RX Fifo full callback.
 284:Drivers/STM32G4xx_HAL_Driver/Src/stm32g4xx_hal_uart_ex.c ****   * @param  huart UART handle.
 285:Drivers/STM32G4xx_HAL_Driver/Src/stm32g4xx_hal_uart_ex.c ****   * @retval None
 286:Drivers/STM32G4xx_HAL_Driver/Src/stm32g4xx_hal_uart_ex.c ****   */
 287:Drivers/STM32G4xx_HAL_Driver/Src/stm32g4xx_hal_uart_ex.c **** __weak void HAL_UARTEx_RxFifoFullCallback(UART_HandleTypeDef *huart)
 288:Drivers/STM32G4xx_HAL_Driver/Src/stm32g4xx_hal_uart_ex.c **** {
 289:Drivers/STM32G4xx_HAL_Driver/Src/stm32g4xx_hal_uart_ex.c ****   /* Prevent unused argument(s) compilation warning */
 290:Drivers/STM32G4xx_HAL_Driver/Src/stm32g4xx_hal_uart_ex.c ****   UNUSED(huart);
 291:Drivers/STM32G4xx_HAL_Driver/Src/stm32g4xx_hal_uart_ex.c **** 
 292:Drivers/STM32G4xx_HAL_Driver/Src/stm32g4xx_hal_uart_ex.c ****   /* NOTE : This function should not be modified, when the callback is needed,
 293:Drivers/STM32G4xx_HAL_Driver/Src/stm32g4xx_hal_uart_ex.c ****             the HAL_UARTEx_RxFifoFullCallback can be implemented in the user file.
 294:Drivers/STM32G4xx_HAL_Driver/Src/stm32g4xx_hal_uart_ex.c ****    */
 295:Drivers/STM32G4xx_HAL_Driver/Src/stm32g4xx_hal_uart_ex.c **** }
 296:Drivers/STM32G4xx_HAL_Driver/Src/stm32g4xx_hal_uart_ex.c **** 
 297:Drivers/STM32G4xx_HAL_Driver/Src/stm32g4xx_hal_uart_ex.c **** /**
 298:Drivers/STM32G4xx_HAL_Driver/Src/stm32g4xx_hal_uart_ex.c ****   * @brief  UART TX Fifo empty callback.
 299:Drivers/STM32G4xx_HAL_Driver/Src/stm32g4xx_hal_uart_ex.c ****   * @param  huart UART handle.
 300:Drivers/STM32G4xx_HAL_Driver/Src/stm32g4xx_hal_uart_ex.c ****   * @retval None
 301:Drivers/STM32G4xx_HAL_Driver/Src/stm32g4xx_hal_uart_ex.c ****   */
 302:Drivers/STM32G4xx_HAL_Driver/Src/stm32g4xx_hal_uart_ex.c **** __weak void HAL_UARTEx_TxFifoEmptyCallback(UART_HandleTypeDef *huart)
 303:Drivers/STM32G4xx_HAL_Driver/Src/stm32g4xx_hal_uart_ex.c **** {
 304:Drivers/STM32G4xx_HAL_Driver/Src/stm32g4xx_hal_uart_ex.c ****   /* Prevent unused argument(s) compilation warning */
 305:Drivers/STM32G4xx_HAL_Driver/Src/stm32g4xx_hal_uart_ex.c ****   UNUSED(huart);
 306:Drivers/STM32G4xx_HAL_Driver/Src/stm32g4xx_hal_uart_ex.c **** 
 307:Drivers/STM32G4xx_HAL_Driver/Src/stm32g4xx_hal_uart_ex.c ****   /* NOTE : This function should not be modified, when the callback is needed,
 308:Drivers/STM32G4xx_HAL_Driver/Src/stm32g4xx_hal_uart_ex.c ****             the HAL_UARTEx_TxFifoEmptyCallback can be implemented in the user file.
 309:Drivers/STM32G4xx_HAL_Driver/Src/stm32g4xx_hal_uart_ex.c ****    */
 310:Drivers/STM32G4xx_HAL_Driver/Src/stm32g4xx_hal_uart_ex.c **** }
 311:Drivers/STM32G4xx_HAL_Driver/Src/stm32g4xx_hal_uart_ex.c **** 
 312:Drivers/STM32G4xx_HAL_Driver/Src/stm32g4xx_hal_uart_ex.c **** /**
 313:Drivers/STM32G4xx_HAL_Driver/Src/stm32g4xx_hal_uart_ex.c ****   * @}
 314:Drivers/STM32G4xx_HAL_Driver/Src/stm32g4xx_hal_uart_ex.c ****   */
ARM GAS  /tmp/ccdNxUHJ.s 			page 7


 315:Drivers/STM32G4xx_HAL_Driver/Src/stm32g4xx_hal_uart_ex.c **** 
 316:Drivers/STM32G4xx_HAL_Driver/Src/stm32g4xx_hal_uart_ex.c **** /** @defgroup UARTEx_Exported_Functions_Group3 Peripheral Control functions
 317:Drivers/STM32G4xx_HAL_Driver/Src/stm32g4xx_hal_uart_ex.c ****   * @brief    Extended Peripheral Control functions
 318:Drivers/STM32G4xx_HAL_Driver/Src/stm32g4xx_hal_uart_ex.c ****   *
 319:Drivers/STM32G4xx_HAL_Driver/Src/stm32g4xx_hal_uart_ex.c **** @verbatim
 320:Drivers/STM32G4xx_HAL_Driver/Src/stm32g4xx_hal_uart_ex.c ****  ===============================================================================
 321:Drivers/STM32G4xx_HAL_Driver/Src/stm32g4xx_hal_uart_ex.c ****                       ##### Peripheral Control functions #####
 322:Drivers/STM32G4xx_HAL_Driver/Src/stm32g4xx_hal_uart_ex.c ****  ===============================================================================
 323:Drivers/STM32G4xx_HAL_Driver/Src/stm32g4xx_hal_uart_ex.c ****     [..] This section provides the following functions:
 324:Drivers/STM32G4xx_HAL_Driver/Src/stm32g4xx_hal_uart_ex.c ****      (+) HAL_MultiProcessorEx_AddressLength_Set() API optionally sets the UART node address
 325:Drivers/STM32G4xx_HAL_Driver/Src/stm32g4xx_hal_uart_ex.c ****          detection length to more than 4 bits for multiprocessor address mark wake up.
 326:Drivers/STM32G4xx_HAL_Driver/Src/stm32g4xx_hal_uart_ex.c ****      (+) HAL_UARTEx_StopModeWakeUpSourceConfig() API defines the wake-up from stop mode
 327:Drivers/STM32G4xx_HAL_Driver/Src/stm32g4xx_hal_uart_ex.c ****          trigger: address match, Start Bit detection or RXNE bit status.
 328:Drivers/STM32G4xx_HAL_Driver/Src/stm32g4xx_hal_uart_ex.c ****      (+) HAL_UARTEx_EnableStopMode() API enables the UART to wake up the MCU from stop mode
 329:Drivers/STM32G4xx_HAL_Driver/Src/stm32g4xx_hal_uart_ex.c ****      (+) HAL_UARTEx_DisableStopMode() API disables the above functionality
 330:Drivers/STM32G4xx_HAL_Driver/Src/stm32g4xx_hal_uart_ex.c ****      (+) HAL_UARTEx_EnableFifoMode() API enables the FIFO mode
 331:Drivers/STM32G4xx_HAL_Driver/Src/stm32g4xx_hal_uart_ex.c ****      (+) HAL_UARTEx_DisableFifoMode() API disables the FIFO mode
 332:Drivers/STM32G4xx_HAL_Driver/Src/stm32g4xx_hal_uart_ex.c ****      (+) HAL_UARTEx_SetTxFifoThreshold() API sets the TX FIFO threshold
 333:Drivers/STM32G4xx_HAL_Driver/Src/stm32g4xx_hal_uart_ex.c ****      (+) HAL_UARTEx_SetRxFifoThreshold() API sets the RX FIFO threshold
 334:Drivers/STM32G4xx_HAL_Driver/Src/stm32g4xx_hal_uart_ex.c **** 
 335:Drivers/STM32G4xx_HAL_Driver/Src/stm32g4xx_hal_uart_ex.c ****     [..] This subsection also provides a set of additional functions providing enhanced reception
 336:Drivers/STM32G4xx_HAL_Driver/Src/stm32g4xx_hal_uart_ex.c ****     services to user. (For example, these functions allow application to handle use cases
 337:Drivers/STM32G4xx_HAL_Driver/Src/stm32g4xx_hal_uart_ex.c ****     where number of data to be received is unknown).
 338:Drivers/STM32G4xx_HAL_Driver/Src/stm32g4xx_hal_uart_ex.c **** 
 339:Drivers/STM32G4xx_HAL_Driver/Src/stm32g4xx_hal_uart_ex.c ****     (#) Compared to standard reception services which only consider number of received
 340:Drivers/STM32G4xx_HAL_Driver/Src/stm32g4xx_hal_uart_ex.c ****         data elements as reception completion criteria, these functions also consider additional ev
 341:Drivers/STM32G4xx_HAL_Driver/Src/stm32g4xx_hal_uart_ex.c ****         as triggers for updating reception status to caller :
 342:Drivers/STM32G4xx_HAL_Driver/Src/stm32g4xx_hal_uart_ex.c ****        (++) Detection of inactivity period (RX line has not been active for a given period).
 343:Drivers/STM32G4xx_HAL_Driver/Src/stm32g4xx_hal_uart_ex.c ****           (+++) RX inactivity detected by IDLE event, i.e. RX line has been in idle state (normally
 344:Drivers/STM32G4xx_HAL_Driver/Src/stm32g4xx_hal_uart_ex.c ****                for 1 frame time, after last received byte.
 345:Drivers/STM32G4xx_HAL_Driver/Src/stm32g4xx_hal_uart_ex.c ****           (+++) RX inactivity detected by RTO, i.e. line has been in idle state
 346:Drivers/STM32G4xx_HAL_Driver/Src/stm32g4xx_hal_uart_ex.c ****                for a programmable time, after last received byte.
 347:Drivers/STM32G4xx_HAL_Driver/Src/stm32g4xx_hal_uart_ex.c ****        (++) Detection that a specific character has been received.
 348:Drivers/STM32G4xx_HAL_Driver/Src/stm32g4xx_hal_uart_ex.c **** 
 349:Drivers/STM32G4xx_HAL_Driver/Src/stm32g4xx_hal_uart_ex.c ****     (#) There are two modes of transfer:
 350:Drivers/STM32G4xx_HAL_Driver/Src/stm32g4xx_hal_uart_ex.c ****        (++) Blocking mode: The reception is performed in polling mode, until either expected number
 351:Drivers/STM32G4xx_HAL_Driver/Src/stm32g4xx_hal_uart_ex.c ****            or till IDLE event occurs. Reception is handled only during function execution.
 352:Drivers/STM32G4xx_HAL_Driver/Src/stm32g4xx_hal_uart_ex.c ****            When function exits, no data reception could occur. HAL status and number of actually re
 353:Drivers/STM32G4xx_HAL_Driver/Src/stm32g4xx_hal_uart_ex.c ****            are returned by function after finishing transfer.
 354:Drivers/STM32G4xx_HAL_Driver/Src/stm32g4xx_hal_uart_ex.c ****        (++) Non-Blocking mode: The reception is performed using Interrupts or DMA.
 355:Drivers/STM32G4xx_HAL_Driver/Src/stm32g4xx_hal_uart_ex.c ****            These API's return the HAL status.
 356:Drivers/STM32G4xx_HAL_Driver/Src/stm32g4xx_hal_uart_ex.c ****            The end of the data processing will be indicated through the
 357:Drivers/STM32G4xx_HAL_Driver/Src/stm32g4xx_hal_uart_ex.c ****            dedicated UART IRQ when using Interrupt mode or the DMA IRQ when using DMA mode.
 358:Drivers/STM32G4xx_HAL_Driver/Src/stm32g4xx_hal_uart_ex.c ****            The HAL_UARTEx_RxEventCallback() user callback will be executed during Receive process
 359:Drivers/STM32G4xx_HAL_Driver/Src/stm32g4xx_hal_uart_ex.c ****            The HAL_UART_ErrorCallback()user callback will be executed when a reception error is det
 360:Drivers/STM32G4xx_HAL_Driver/Src/stm32g4xx_hal_uart_ex.c **** 
 361:Drivers/STM32G4xx_HAL_Driver/Src/stm32g4xx_hal_uart_ex.c ****     (#) Blocking mode API:
 362:Drivers/STM32G4xx_HAL_Driver/Src/stm32g4xx_hal_uart_ex.c ****         (++) HAL_UARTEx_ReceiveToIdle()
 363:Drivers/STM32G4xx_HAL_Driver/Src/stm32g4xx_hal_uart_ex.c **** 
 364:Drivers/STM32G4xx_HAL_Driver/Src/stm32g4xx_hal_uart_ex.c ****     (#) Non-Blocking mode API with Interrupt:
 365:Drivers/STM32G4xx_HAL_Driver/Src/stm32g4xx_hal_uart_ex.c ****         (++) HAL_UARTEx_ReceiveToIdle_IT()
 366:Drivers/STM32G4xx_HAL_Driver/Src/stm32g4xx_hal_uart_ex.c **** 
 367:Drivers/STM32G4xx_HAL_Driver/Src/stm32g4xx_hal_uart_ex.c ****     (#) Non-Blocking mode API with DMA:
 368:Drivers/STM32G4xx_HAL_Driver/Src/stm32g4xx_hal_uart_ex.c ****         (++) HAL_UARTEx_ReceiveToIdle_DMA()
 369:Drivers/STM32G4xx_HAL_Driver/Src/stm32g4xx_hal_uart_ex.c **** 
 370:Drivers/STM32G4xx_HAL_Driver/Src/stm32g4xx_hal_uart_ex.c **** @endverbatim
 371:Drivers/STM32G4xx_HAL_Driver/Src/stm32g4xx_hal_uart_ex.c ****   * @{
ARM GAS  /tmp/ccdNxUHJ.s 			page 8


 372:Drivers/STM32G4xx_HAL_Driver/Src/stm32g4xx_hal_uart_ex.c ****   */
 373:Drivers/STM32G4xx_HAL_Driver/Src/stm32g4xx_hal_uart_ex.c **** 
 374:Drivers/STM32G4xx_HAL_Driver/Src/stm32g4xx_hal_uart_ex.c **** /**
 375:Drivers/STM32G4xx_HAL_Driver/Src/stm32g4xx_hal_uart_ex.c ****   * @brief By default in multiprocessor mode, when the wake up method is set
 376:Drivers/STM32G4xx_HAL_Driver/Src/stm32g4xx_hal_uart_ex.c ****   *        to address mark, the UART handles only 4-bit long addresses detection;
 377:Drivers/STM32G4xx_HAL_Driver/Src/stm32g4xx_hal_uart_ex.c ****   *        this API allows to enable longer addresses detection (6-, 7- or 8-bit
 378:Drivers/STM32G4xx_HAL_Driver/Src/stm32g4xx_hal_uart_ex.c ****   *        long).
 379:Drivers/STM32G4xx_HAL_Driver/Src/stm32g4xx_hal_uart_ex.c ****   * @note  Addresses detection lengths are: 6-bit address detection in 7-bit data mode,
 380:Drivers/STM32G4xx_HAL_Driver/Src/stm32g4xx_hal_uart_ex.c ****   *        7-bit address detection in 8-bit data mode, 8-bit address detection in 9-bit data mode.
 381:Drivers/STM32G4xx_HAL_Driver/Src/stm32g4xx_hal_uart_ex.c ****   * @param huart         UART handle.
 382:Drivers/STM32G4xx_HAL_Driver/Src/stm32g4xx_hal_uart_ex.c ****   * @param AddressLength This parameter can be one of the following values:
 383:Drivers/STM32G4xx_HAL_Driver/Src/stm32g4xx_hal_uart_ex.c ****   *          @arg @ref UART_ADDRESS_DETECT_4B 4-bit long address
 384:Drivers/STM32G4xx_HAL_Driver/Src/stm32g4xx_hal_uart_ex.c ****   *          @arg @ref UART_ADDRESS_DETECT_7B 6-, 7- or 8-bit long address
 385:Drivers/STM32G4xx_HAL_Driver/Src/stm32g4xx_hal_uart_ex.c ****   * @retval HAL status
 386:Drivers/STM32G4xx_HAL_Driver/Src/stm32g4xx_hal_uart_ex.c ****   */
 387:Drivers/STM32G4xx_HAL_Driver/Src/stm32g4xx_hal_uart_ex.c **** HAL_StatusTypeDef HAL_MultiProcessorEx_AddressLength_Set(UART_HandleTypeDef *huart, uint32_t Addres
 388:Drivers/STM32G4xx_HAL_Driver/Src/stm32g4xx_hal_uart_ex.c **** {
 389:Drivers/STM32G4xx_HAL_Driver/Src/stm32g4xx_hal_uart_ex.c ****   /* Check the UART handle allocation */
 390:Drivers/STM32G4xx_HAL_Driver/Src/stm32g4xx_hal_uart_ex.c ****   if (huart == NULL)
 391:Drivers/STM32G4xx_HAL_Driver/Src/stm32g4xx_hal_uart_ex.c ****   {
 392:Drivers/STM32G4xx_HAL_Driver/Src/stm32g4xx_hal_uart_ex.c ****     return HAL_ERROR;
 393:Drivers/STM32G4xx_HAL_Driver/Src/stm32g4xx_hal_uart_ex.c ****   }
 394:Drivers/STM32G4xx_HAL_Driver/Src/stm32g4xx_hal_uart_ex.c **** 
 395:Drivers/STM32G4xx_HAL_Driver/Src/stm32g4xx_hal_uart_ex.c ****   /* Check the address length parameter */
 396:Drivers/STM32G4xx_HAL_Driver/Src/stm32g4xx_hal_uart_ex.c ****   assert_param(IS_UART_ADDRESSLENGTH_DETECT(AddressLength));
 397:Drivers/STM32G4xx_HAL_Driver/Src/stm32g4xx_hal_uart_ex.c **** 
 398:Drivers/STM32G4xx_HAL_Driver/Src/stm32g4xx_hal_uart_ex.c ****   huart->gState = HAL_UART_STATE_BUSY;
 399:Drivers/STM32G4xx_HAL_Driver/Src/stm32g4xx_hal_uart_ex.c **** 
 400:Drivers/STM32G4xx_HAL_Driver/Src/stm32g4xx_hal_uart_ex.c ****   /* Disable the Peripheral */
 401:Drivers/STM32G4xx_HAL_Driver/Src/stm32g4xx_hal_uart_ex.c ****   __HAL_UART_DISABLE(huart);
 402:Drivers/STM32G4xx_HAL_Driver/Src/stm32g4xx_hal_uart_ex.c **** 
 403:Drivers/STM32G4xx_HAL_Driver/Src/stm32g4xx_hal_uart_ex.c ****   /* Set the address length */
 404:Drivers/STM32G4xx_HAL_Driver/Src/stm32g4xx_hal_uart_ex.c ****   MODIFY_REG(huart->Instance->CR2, USART_CR2_ADDM7, AddressLength);
 405:Drivers/STM32G4xx_HAL_Driver/Src/stm32g4xx_hal_uart_ex.c **** 
 406:Drivers/STM32G4xx_HAL_Driver/Src/stm32g4xx_hal_uart_ex.c ****   /* Enable the Peripheral */
 407:Drivers/STM32G4xx_HAL_Driver/Src/stm32g4xx_hal_uart_ex.c ****   __HAL_UART_ENABLE(huart);
 408:Drivers/STM32G4xx_HAL_Driver/Src/stm32g4xx_hal_uart_ex.c **** 
 409:Drivers/STM32G4xx_HAL_Driver/Src/stm32g4xx_hal_uart_ex.c ****   /* TEACK and/or REACK to check before moving huart->gState to Ready */
 410:Drivers/STM32G4xx_HAL_Driver/Src/stm32g4xx_hal_uart_ex.c ****   return (UART_CheckIdleState(huart));
 411:Drivers/STM32G4xx_HAL_Driver/Src/stm32g4xx_hal_uart_ex.c **** }
 412:Drivers/STM32G4xx_HAL_Driver/Src/stm32g4xx_hal_uart_ex.c **** 
 413:Drivers/STM32G4xx_HAL_Driver/Src/stm32g4xx_hal_uart_ex.c **** /**
 414:Drivers/STM32G4xx_HAL_Driver/Src/stm32g4xx_hal_uart_ex.c ****   * @brief Set Wakeup from Stop mode interrupt flag selection.
 415:Drivers/STM32G4xx_HAL_Driver/Src/stm32g4xx_hal_uart_ex.c ****   * @note It is the application responsibility to enable the interrupt used as
 416:Drivers/STM32G4xx_HAL_Driver/Src/stm32g4xx_hal_uart_ex.c ****   *       usart_wkup interrupt source before entering low-power mode.
 417:Drivers/STM32G4xx_HAL_Driver/Src/stm32g4xx_hal_uart_ex.c ****   * @param huart           UART handle.
 418:Drivers/STM32G4xx_HAL_Driver/Src/stm32g4xx_hal_uart_ex.c ****   * @param WakeUpSelection Address match, Start Bit detection or RXNE/RXFNE bit status.
 419:Drivers/STM32G4xx_HAL_Driver/Src/stm32g4xx_hal_uart_ex.c ****   *          This parameter can be one of the following values:
 420:Drivers/STM32G4xx_HAL_Driver/Src/stm32g4xx_hal_uart_ex.c ****   *          @arg @ref UART_WAKEUP_ON_ADDRESS
 421:Drivers/STM32G4xx_HAL_Driver/Src/stm32g4xx_hal_uart_ex.c ****   *          @arg @ref UART_WAKEUP_ON_STARTBIT
 422:Drivers/STM32G4xx_HAL_Driver/Src/stm32g4xx_hal_uart_ex.c ****   *          @arg @ref UART_WAKEUP_ON_READDATA_NONEMPTY
 423:Drivers/STM32G4xx_HAL_Driver/Src/stm32g4xx_hal_uart_ex.c ****   * @retval HAL status
 424:Drivers/STM32G4xx_HAL_Driver/Src/stm32g4xx_hal_uart_ex.c ****   */
 425:Drivers/STM32G4xx_HAL_Driver/Src/stm32g4xx_hal_uart_ex.c **** HAL_StatusTypeDef HAL_UARTEx_StopModeWakeUpSourceConfig(UART_HandleTypeDef *huart, UART_WakeUpTypeD
 426:Drivers/STM32G4xx_HAL_Driver/Src/stm32g4xx_hal_uart_ex.c **** {
 427:Drivers/STM32G4xx_HAL_Driver/Src/stm32g4xx_hal_uart_ex.c ****   HAL_StatusTypeDef status = HAL_OK;
 428:Drivers/STM32G4xx_HAL_Driver/Src/stm32g4xx_hal_uart_ex.c ****   uint32_t tickstart;
ARM GAS  /tmp/ccdNxUHJ.s 			page 9


 429:Drivers/STM32G4xx_HAL_Driver/Src/stm32g4xx_hal_uart_ex.c **** 
 430:Drivers/STM32G4xx_HAL_Driver/Src/stm32g4xx_hal_uart_ex.c ****   /* check the wake-up from stop mode UART instance */
 431:Drivers/STM32G4xx_HAL_Driver/Src/stm32g4xx_hal_uart_ex.c ****   assert_param(IS_UART_WAKEUP_FROMSTOP_INSTANCE(huart->Instance));
 432:Drivers/STM32G4xx_HAL_Driver/Src/stm32g4xx_hal_uart_ex.c ****   /* check the wake-up selection parameter */
 433:Drivers/STM32G4xx_HAL_Driver/Src/stm32g4xx_hal_uart_ex.c ****   assert_param(IS_UART_WAKEUP_SELECTION(WakeUpSelection.WakeUpEvent));
 434:Drivers/STM32G4xx_HAL_Driver/Src/stm32g4xx_hal_uart_ex.c **** 
 435:Drivers/STM32G4xx_HAL_Driver/Src/stm32g4xx_hal_uart_ex.c ****   /* Process Locked */
 436:Drivers/STM32G4xx_HAL_Driver/Src/stm32g4xx_hal_uart_ex.c ****   __HAL_LOCK(huart);
 437:Drivers/STM32G4xx_HAL_Driver/Src/stm32g4xx_hal_uart_ex.c **** 
 438:Drivers/STM32G4xx_HAL_Driver/Src/stm32g4xx_hal_uart_ex.c ****   huart->gState = HAL_UART_STATE_BUSY;
 439:Drivers/STM32G4xx_HAL_Driver/Src/stm32g4xx_hal_uart_ex.c **** 
 440:Drivers/STM32G4xx_HAL_Driver/Src/stm32g4xx_hal_uart_ex.c ****   /* Disable the Peripheral */
 441:Drivers/STM32G4xx_HAL_Driver/Src/stm32g4xx_hal_uart_ex.c ****   __HAL_UART_DISABLE(huart);
 442:Drivers/STM32G4xx_HAL_Driver/Src/stm32g4xx_hal_uart_ex.c **** 
 443:Drivers/STM32G4xx_HAL_Driver/Src/stm32g4xx_hal_uart_ex.c ****   /* Set the wake-up selection scheme */
 444:Drivers/STM32G4xx_HAL_Driver/Src/stm32g4xx_hal_uart_ex.c ****   MODIFY_REG(huart->Instance->CR3, USART_CR3_WUS, WakeUpSelection.WakeUpEvent);
 445:Drivers/STM32G4xx_HAL_Driver/Src/stm32g4xx_hal_uart_ex.c **** 
 446:Drivers/STM32G4xx_HAL_Driver/Src/stm32g4xx_hal_uart_ex.c ****   if (WakeUpSelection.WakeUpEvent == UART_WAKEUP_ON_ADDRESS)
 447:Drivers/STM32G4xx_HAL_Driver/Src/stm32g4xx_hal_uart_ex.c ****   {
 448:Drivers/STM32G4xx_HAL_Driver/Src/stm32g4xx_hal_uart_ex.c ****     UARTEx_Wakeup_AddressConfig(huart, WakeUpSelection);
 449:Drivers/STM32G4xx_HAL_Driver/Src/stm32g4xx_hal_uart_ex.c ****   }
 450:Drivers/STM32G4xx_HAL_Driver/Src/stm32g4xx_hal_uart_ex.c **** 
 451:Drivers/STM32G4xx_HAL_Driver/Src/stm32g4xx_hal_uart_ex.c ****   /* Enable the Peripheral */
 452:Drivers/STM32G4xx_HAL_Driver/Src/stm32g4xx_hal_uart_ex.c ****   __HAL_UART_ENABLE(huart);
 453:Drivers/STM32G4xx_HAL_Driver/Src/stm32g4xx_hal_uart_ex.c **** 
 454:Drivers/STM32G4xx_HAL_Driver/Src/stm32g4xx_hal_uart_ex.c ****   /* Init tickstart for timeout management */
 455:Drivers/STM32G4xx_HAL_Driver/Src/stm32g4xx_hal_uart_ex.c ****   tickstart = HAL_GetTick();
 456:Drivers/STM32G4xx_HAL_Driver/Src/stm32g4xx_hal_uart_ex.c **** 
 457:Drivers/STM32G4xx_HAL_Driver/Src/stm32g4xx_hal_uart_ex.c ****   /* Wait until REACK flag is set */
 458:Drivers/STM32G4xx_HAL_Driver/Src/stm32g4xx_hal_uart_ex.c ****   if (UART_WaitOnFlagUntilTimeout(huart, USART_ISR_REACK, RESET, tickstart, HAL_UART_TIMEOUT_VALUE)
 459:Drivers/STM32G4xx_HAL_Driver/Src/stm32g4xx_hal_uart_ex.c ****   {
 460:Drivers/STM32G4xx_HAL_Driver/Src/stm32g4xx_hal_uart_ex.c ****     status = HAL_TIMEOUT;
 461:Drivers/STM32G4xx_HAL_Driver/Src/stm32g4xx_hal_uart_ex.c ****   }
 462:Drivers/STM32G4xx_HAL_Driver/Src/stm32g4xx_hal_uart_ex.c ****   else
 463:Drivers/STM32G4xx_HAL_Driver/Src/stm32g4xx_hal_uart_ex.c ****   {
 464:Drivers/STM32G4xx_HAL_Driver/Src/stm32g4xx_hal_uart_ex.c ****     /* Initialize the UART State */
 465:Drivers/STM32G4xx_HAL_Driver/Src/stm32g4xx_hal_uart_ex.c ****     huart->gState = HAL_UART_STATE_READY;
 466:Drivers/STM32G4xx_HAL_Driver/Src/stm32g4xx_hal_uart_ex.c ****   }
 467:Drivers/STM32G4xx_HAL_Driver/Src/stm32g4xx_hal_uart_ex.c **** 
 468:Drivers/STM32G4xx_HAL_Driver/Src/stm32g4xx_hal_uart_ex.c ****   /* Process Unlocked */
 469:Drivers/STM32G4xx_HAL_Driver/Src/stm32g4xx_hal_uart_ex.c ****   __HAL_UNLOCK(huart);
 470:Drivers/STM32G4xx_HAL_Driver/Src/stm32g4xx_hal_uart_ex.c **** 
 471:Drivers/STM32G4xx_HAL_Driver/Src/stm32g4xx_hal_uart_ex.c ****   return status;
 472:Drivers/STM32G4xx_HAL_Driver/Src/stm32g4xx_hal_uart_ex.c **** }
 473:Drivers/STM32G4xx_HAL_Driver/Src/stm32g4xx_hal_uart_ex.c **** 
 474:Drivers/STM32G4xx_HAL_Driver/Src/stm32g4xx_hal_uart_ex.c **** /**
 475:Drivers/STM32G4xx_HAL_Driver/Src/stm32g4xx_hal_uart_ex.c ****   * @brief Enable UART Stop Mode.
 476:Drivers/STM32G4xx_HAL_Driver/Src/stm32g4xx_hal_uart_ex.c ****   * @note The UART is able to wake up the MCU from Stop 1 mode as long as UART clock is HSI or LSE.
 477:Drivers/STM32G4xx_HAL_Driver/Src/stm32g4xx_hal_uart_ex.c ****   * @param huart UART handle.
 478:Drivers/STM32G4xx_HAL_Driver/Src/stm32g4xx_hal_uart_ex.c ****   * @retval HAL status
 479:Drivers/STM32G4xx_HAL_Driver/Src/stm32g4xx_hal_uart_ex.c ****   */
 480:Drivers/STM32G4xx_HAL_Driver/Src/stm32g4xx_hal_uart_ex.c **** HAL_StatusTypeDef HAL_UARTEx_EnableStopMode(UART_HandleTypeDef *huart)
 481:Drivers/STM32G4xx_HAL_Driver/Src/stm32g4xx_hal_uart_ex.c **** {
 482:Drivers/STM32G4xx_HAL_Driver/Src/stm32g4xx_hal_uart_ex.c ****   /* Process Locked */
 483:Drivers/STM32G4xx_HAL_Driver/Src/stm32g4xx_hal_uart_ex.c ****   __HAL_LOCK(huart);
 484:Drivers/STM32G4xx_HAL_Driver/Src/stm32g4xx_hal_uart_ex.c **** 
 485:Drivers/STM32G4xx_HAL_Driver/Src/stm32g4xx_hal_uart_ex.c ****   /* Set UESM bit */
ARM GAS  /tmp/ccdNxUHJ.s 			page 10


 486:Drivers/STM32G4xx_HAL_Driver/Src/stm32g4xx_hal_uart_ex.c ****   ATOMIC_SET_BIT(huart->Instance->CR1, USART_CR1_UESM);
 487:Drivers/STM32G4xx_HAL_Driver/Src/stm32g4xx_hal_uart_ex.c **** 
 488:Drivers/STM32G4xx_HAL_Driver/Src/stm32g4xx_hal_uart_ex.c ****   /* Process Unlocked */
 489:Drivers/STM32G4xx_HAL_Driver/Src/stm32g4xx_hal_uart_ex.c ****   __HAL_UNLOCK(huart);
 490:Drivers/STM32G4xx_HAL_Driver/Src/stm32g4xx_hal_uart_ex.c **** 
 491:Drivers/STM32G4xx_HAL_Driver/Src/stm32g4xx_hal_uart_ex.c ****   return HAL_OK;
 492:Drivers/STM32G4xx_HAL_Driver/Src/stm32g4xx_hal_uart_ex.c **** }
 493:Drivers/STM32G4xx_HAL_Driver/Src/stm32g4xx_hal_uart_ex.c **** 
 494:Drivers/STM32G4xx_HAL_Driver/Src/stm32g4xx_hal_uart_ex.c **** /**
 495:Drivers/STM32G4xx_HAL_Driver/Src/stm32g4xx_hal_uart_ex.c ****   * @brief Disable UART Stop Mode.
 496:Drivers/STM32G4xx_HAL_Driver/Src/stm32g4xx_hal_uart_ex.c ****   * @param huart UART handle.
 497:Drivers/STM32G4xx_HAL_Driver/Src/stm32g4xx_hal_uart_ex.c ****   * @retval HAL status
 498:Drivers/STM32G4xx_HAL_Driver/Src/stm32g4xx_hal_uart_ex.c ****   */
 499:Drivers/STM32G4xx_HAL_Driver/Src/stm32g4xx_hal_uart_ex.c **** HAL_StatusTypeDef HAL_UARTEx_DisableStopMode(UART_HandleTypeDef *huart)
 500:Drivers/STM32G4xx_HAL_Driver/Src/stm32g4xx_hal_uart_ex.c **** {
 501:Drivers/STM32G4xx_HAL_Driver/Src/stm32g4xx_hal_uart_ex.c ****   /* Process Locked */
 502:Drivers/STM32G4xx_HAL_Driver/Src/stm32g4xx_hal_uart_ex.c ****   __HAL_LOCK(huart);
 503:Drivers/STM32G4xx_HAL_Driver/Src/stm32g4xx_hal_uart_ex.c **** 
 504:Drivers/STM32G4xx_HAL_Driver/Src/stm32g4xx_hal_uart_ex.c ****   /* Clear UESM bit */
 505:Drivers/STM32G4xx_HAL_Driver/Src/stm32g4xx_hal_uart_ex.c ****   ATOMIC_CLEAR_BIT(huart->Instance->CR1, USART_CR1_UESM);
 506:Drivers/STM32G4xx_HAL_Driver/Src/stm32g4xx_hal_uart_ex.c **** 
 507:Drivers/STM32G4xx_HAL_Driver/Src/stm32g4xx_hal_uart_ex.c ****   /* Process Unlocked */
 508:Drivers/STM32G4xx_HAL_Driver/Src/stm32g4xx_hal_uart_ex.c ****   __HAL_UNLOCK(huart);
 509:Drivers/STM32G4xx_HAL_Driver/Src/stm32g4xx_hal_uart_ex.c **** 
 510:Drivers/STM32G4xx_HAL_Driver/Src/stm32g4xx_hal_uart_ex.c ****   return HAL_OK;
 511:Drivers/STM32G4xx_HAL_Driver/Src/stm32g4xx_hal_uart_ex.c **** }
 512:Drivers/STM32G4xx_HAL_Driver/Src/stm32g4xx_hal_uart_ex.c **** 
 513:Drivers/STM32G4xx_HAL_Driver/Src/stm32g4xx_hal_uart_ex.c **** /**
 514:Drivers/STM32G4xx_HAL_Driver/Src/stm32g4xx_hal_uart_ex.c ****   * @brief  Enable the FIFO mode.
 515:Drivers/STM32G4xx_HAL_Driver/Src/stm32g4xx_hal_uart_ex.c ****   * @param huart      UART handle.
 516:Drivers/STM32G4xx_HAL_Driver/Src/stm32g4xx_hal_uart_ex.c ****   * @retval HAL status
 517:Drivers/STM32G4xx_HAL_Driver/Src/stm32g4xx_hal_uart_ex.c ****   */
 518:Drivers/STM32G4xx_HAL_Driver/Src/stm32g4xx_hal_uart_ex.c **** HAL_StatusTypeDef HAL_UARTEx_EnableFifoMode(UART_HandleTypeDef *huart)
 519:Drivers/STM32G4xx_HAL_Driver/Src/stm32g4xx_hal_uart_ex.c **** {
 520:Drivers/STM32G4xx_HAL_Driver/Src/stm32g4xx_hal_uart_ex.c ****   uint32_t tmpcr1;
 521:Drivers/STM32G4xx_HAL_Driver/Src/stm32g4xx_hal_uart_ex.c **** 
 522:Drivers/STM32G4xx_HAL_Driver/Src/stm32g4xx_hal_uart_ex.c ****   /* Check parameters */
 523:Drivers/STM32G4xx_HAL_Driver/Src/stm32g4xx_hal_uart_ex.c ****   assert_param(IS_UART_FIFO_INSTANCE(huart->Instance));
 524:Drivers/STM32G4xx_HAL_Driver/Src/stm32g4xx_hal_uart_ex.c **** 
 525:Drivers/STM32G4xx_HAL_Driver/Src/stm32g4xx_hal_uart_ex.c ****   /* Process Locked */
 526:Drivers/STM32G4xx_HAL_Driver/Src/stm32g4xx_hal_uart_ex.c ****   __HAL_LOCK(huart);
 527:Drivers/STM32G4xx_HAL_Driver/Src/stm32g4xx_hal_uart_ex.c **** 
 528:Drivers/STM32G4xx_HAL_Driver/Src/stm32g4xx_hal_uart_ex.c ****   huart->gState = HAL_UART_STATE_BUSY;
 529:Drivers/STM32G4xx_HAL_Driver/Src/stm32g4xx_hal_uart_ex.c **** 
 530:Drivers/STM32G4xx_HAL_Driver/Src/stm32g4xx_hal_uart_ex.c ****   /* Save actual UART configuration */
 531:Drivers/STM32G4xx_HAL_Driver/Src/stm32g4xx_hal_uart_ex.c ****   tmpcr1 = READ_REG(huart->Instance->CR1);
 532:Drivers/STM32G4xx_HAL_Driver/Src/stm32g4xx_hal_uart_ex.c **** 
 533:Drivers/STM32G4xx_HAL_Driver/Src/stm32g4xx_hal_uart_ex.c ****   /* Disable UART */
 534:Drivers/STM32G4xx_HAL_Driver/Src/stm32g4xx_hal_uart_ex.c ****   __HAL_UART_DISABLE(huart);
 535:Drivers/STM32G4xx_HAL_Driver/Src/stm32g4xx_hal_uart_ex.c **** 
 536:Drivers/STM32G4xx_HAL_Driver/Src/stm32g4xx_hal_uart_ex.c ****   /* Enable FIFO mode */
 537:Drivers/STM32G4xx_HAL_Driver/Src/stm32g4xx_hal_uart_ex.c ****   SET_BIT(tmpcr1, USART_CR1_FIFOEN);
 538:Drivers/STM32G4xx_HAL_Driver/Src/stm32g4xx_hal_uart_ex.c ****   huart->FifoMode = UART_FIFOMODE_ENABLE;
 539:Drivers/STM32G4xx_HAL_Driver/Src/stm32g4xx_hal_uart_ex.c **** 
 540:Drivers/STM32G4xx_HAL_Driver/Src/stm32g4xx_hal_uart_ex.c ****   /* Restore UART configuration */
 541:Drivers/STM32G4xx_HAL_Driver/Src/stm32g4xx_hal_uart_ex.c ****   WRITE_REG(huart->Instance->CR1, tmpcr1);
 542:Drivers/STM32G4xx_HAL_Driver/Src/stm32g4xx_hal_uart_ex.c **** 
ARM GAS  /tmp/ccdNxUHJ.s 			page 11


 543:Drivers/STM32G4xx_HAL_Driver/Src/stm32g4xx_hal_uart_ex.c ****   /* Determine the number of data to process during RX/TX ISR execution */
 544:Drivers/STM32G4xx_HAL_Driver/Src/stm32g4xx_hal_uart_ex.c ****   UARTEx_SetNbDataToProcess(huart);
 545:Drivers/STM32G4xx_HAL_Driver/Src/stm32g4xx_hal_uart_ex.c **** 
 546:Drivers/STM32G4xx_HAL_Driver/Src/stm32g4xx_hal_uart_ex.c ****   huart->gState = HAL_UART_STATE_READY;
 547:Drivers/STM32G4xx_HAL_Driver/Src/stm32g4xx_hal_uart_ex.c **** 
 548:Drivers/STM32G4xx_HAL_Driver/Src/stm32g4xx_hal_uart_ex.c ****   /* Process Unlocked */
 549:Drivers/STM32G4xx_HAL_Driver/Src/stm32g4xx_hal_uart_ex.c ****   __HAL_UNLOCK(huart);
 550:Drivers/STM32G4xx_HAL_Driver/Src/stm32g4xx_hal_uart_ex.c **** 
 551:Drivers/STM32G4xx_HAL_Driver/Src/stm32g4xx_hal_uart_ex.c ****   return HAL_OK;
 552:Drivers/STM32G4xx_HAL_Driver/Src/stm32g4xx_hal_uart_ex.c **** }
 553:Drivers/STM32G4xx_HAL_Driver/Src/stm32g4xx_hal_uart_ex.c **** 
 554:Drivers/STM32G4xx_HAL_Driver/Src/stm32g4xx_hal_uart_ex.c **** /**
 555:Drivers/STM32G4xx_HAL_Driver/Src/stm32g4xx_hal_uart_ex.c ****   * @brief  Disable the FIFO mode.
 556:Drivers/STM32G4xx_HAL_Driver/Src/stm32g4xx_hal_uart_ex.c ****   * @param huart      UART handle.
 557:Drivers/STM32G4xx_HAL_Driver/Src/stm32g4xx_hal_uart_ex.c ****   * @retval HAL status
 558:Drivers/STM32G4xx_HAL_Driver/Src/stm32g4xx_hal_uart_ex.c ****   */
 559:Drivers/STM32G4xx_HAL_Driver/Src/stm32g4xx_hal_uart_ex.c **** HAL_StatusTypeDef HAL_UARTEx_DisableFifoMode(UART_HandleTypeDef *huart)
 560:Drivers/STM32G4xx_HAL_Driver/Src/stm32g4xx_hal_uart_ex.c **** {
 561:Drivers/STM32G4xx_HAL_Driver/Src/stm32g4xx_hal_uart_ex.c ****   uint32_t tmpcr1;
 562:Drivers/STM32G4xx_HAL_Driver/Src/stm32g4xx_hal_uart_ex.c **** 
 563:Drivers/STM32G4xx_HAL_Driver/Src/stm32g4xx_hal_uart_ex.c ****   /* Check parameters */
 564:Drivers/STM32G4xx_HAL_Driver/Src/stm32g4xx_hal_uart_ex.c ****   assert_param(IS_UART_FIFO_INSTANCE(huart->Instance));
 565:Drivers/STM32G4xx_HAL_Driver/Src/stm32g4xx_hal_uart_ex.c **** 
 566:Drivers/STM32G4xx_HAL_Driver/Src/stm32g4xx_hal_uart_ex.c ****   /* Process Locked */
 567:Drivers/STM32G4xx_HAL_Driver/Src/stm32g4xx_hal_uart_ex.c ****   __HAL_LOCK(huart);
 568:Drivers/STM32G4xx_HAL_Driver/Src/stm32g4xx_hal_uart_ex.c **** 
 569:Drivers/STM32G4xx_HAL_Driver/Src/stm32g4xx_hal_uart_ex.c ****   huart->gState = HAL_UART_STATE_BUSY;
 570:Drivers/STM32G4xx_HAL_Driver/Src/stm32g4xx_hal_uart_ex.c **** 
 571:Drivers/STM32G4xx_HAL_Driver/Src/stm32g4xx_hal_uart_ex.c ****   /* Save actual UART configuration */
 572:Drivers/STM32G4xx_HAL_Driver/Src/stm32g4xx_hal_uart_ex.c ****   tmpcr1 = READ_REG(huart->Instance->CR1);
 573:Drivers/STM32G4xx_HAL_Driver/Src/stm32g4xx_hal_uart_ex.c **** 
 574:Drivers/STM32G4xx_HAL_Driver/Src/stm32g4xx_hal_uart_ex.c ****   /* Disable UART */
 575:Drivers/STM32G4xx_HAL_Driver/Src/stm32g4xx_hal_uart_ex.c ****   __HAL_UART_DISABLE(huart);
 576:Drivers/STM32G4xx_HAL_Driver/Src/stm32g4xx_hal_uart_ex.c **** 
 577:Drivers/STM32G4xx_HAL_Driver/Src/stm32g4xx_hal_uart_ex.c ****   /* Disable FIFO mode */
 578:Drivers/STM32G4xx_HAL_Driver/Src/stm32g4xx_hal_uart_ex.c ****   CLEAR_BIT(tmpcr1, USART_CR1_FIFOEN);
 579:Drivers/STM32G4xx_HAL_Driver/Src/stm32g4xx_hal_uart_ex.c ****   huart->FifoMode = UART_FIFOMODE_DISABLE;
 580:Drivers/STM32G4xx_HAL_Driver/Src/stm32g4xx_hal_uart_ex.c **** 
 581:Drivers/STM32G4xx_HAL_Driver/Src/stm32g4xx_hal_uart_ex.c ****   /* Restore UART configuration */
 582:Drivers/STM32G4xx_HAL_Driver/Src/stm32g4xx_hal_uart_ex.c ****   WRITE_REG(huart->Instance->CR1, tmpcr1);
 583:Drivers/STM32G4xx_HAL_Driver/Src/stm32g4xx_hal_uart_ex.c **** 
 584:Drivers/STM32G4xx_HAL_Driver/Src/stm32g4xx_hal_uart_ex.c ****   huart->gState = HAL_UART_STATE_READY;
 585:Drivers/STM32G4xx_HAL_Driver/Src/stm32g4xx_hal_uart_ex.c **** 
 586:Drivers/STM32G4xx_HAL_Driver/Src/stm32g4xx_hal_uart_ex.c ****   /* Process Unlocked */
 587:Drivers/STM32G4xx_HAL_Driver/Src/stm32g4xx_hal_uart_ex.c ****   __HAL_UNLOCK(huart);
 588:Drivers/STM32G4xx_HAL_Driver/Src/stm32g4xx_hal_uart_ex.c **** 
 589:Drivers/STM32G4xx_HAL_Driver/Src/stm32g4xx_hal_uart_ex.c ****   return HAL_OK;
 590:Drivers/STM32G4xx_HAL_Driver/Src/stm32g4xx_hal_uart_ex.c **** }
 591:Drivers/STM32G4xx_HAL_Driver/Src/stm32g4xx_hal_uart_ex.c **** 
 592:Drivers/STM32G4xx_HAL_Driver/Src/stm32g4xx_hal_uart_ex.c **** /**
 593:Drivers/STM32G4xx_HAL_Driver/Src/stm32g4xx_hal_uart_ex.c ****   * @brief  Set the TXFIFO threshold.
 594:Drivers/STM32G4xx_HAL_Driver/Src/stm32g4xx_hal_uart_ex.c ****   * @param huart      UART handle.
 595:Drivers/STM32G4xx_HAL_Driver/Src/stm32g4xx_hal_uart_ex.c ****   * @param Threshold  TX FIFO threshold value
 596:Drivers/STM32G4xx_HAL_Driver/Src/stm32g4xx_hal_uart_ex.c ****   *          This parameter can be one of the following values:
 597:Drivers/STM32G4xx_HAL_Driver/Src/stm32g4xx_hal_uart_ex.c ****   *            @arg @ref UART_TXFIFO_THRESHOLD_1_8
 598:Drivers/STM32G4xx_HAL_Driver/Src/stm32g4xx_hal_uart_ex.c ****   *            @arg @ref UART_TXFIFO_THRESHOLD_1_4
 599:Drivers/STM32G4xx_HAL_Driver/Src/stm32g4xx_hal_uart_ex.c ****   *            @arg @ref UART_TXFIFO_THRESHOLD_1_2
ARM GAS  /tmp/ccdNxUHJ.s 			page 12


 600:Drivers/STM32G4xx_HAL_Driver/Src/stm32g4xx_hal_uart_ex.c ****   *            @arg @ref UART_TXFIFO_THRESHOLD_3_4
 601:Drivers/STM32G4xx_HAL_Driver/Src/stm32g4xx_hal_uart_ex.c ****   *            @arg @ref UART_TXFIFO_THRESHOLD_7_8
 602:Drivers/STM32G4xx_HAL_Driver/Src/stm32g4xx_hal_uart_ex.c ****   *            @arg @ref UART_TXFIFO_THRESHOLD_8_8
 603:Drivers/STM32G4xx_HAL_Driver/Src/stm32g4xx_hal_uart_ex.c ****   * @retval HAL status
 604:Drivers/STM32G4xx_HAL_Driver/Src/stm32g4xx_hal_uart_ex.c ****   */
 605:Drivers/STM32G4xx_HAL_Driver/Src/stm32g4xx_hal_uart_ex.c **** HAL_StatusTypeDef HAL_UARTEx_SetTxFifoThreshold(UART_HandleTypeDef *huart, uint32_t Threshold)
 606:Drivers/STM32G4xx_HAL_Driver/Src/stm32g4xx_hal_uart_ex.c **** {
 607:Drivers/STM32G4xx_HAL_Driver/Src/stm32g4xx_hal_uart_ex.c ****   uint32_t tmpcr1;
 608:Drivers/STM32G4xx_HAL_Driver/Src/stm32g4xx_hal_uart_ex.c **** 
 609:Drivers/STM32G4xx_HAL_Driver/Src/stm32g4xx_hal_uart_ex.c ****   /* Check parameters */
 610:Drivers/STM32G4xx_HAL_Driver/Src/stm32g4xx_hal_uart_ex.c ****   assert_param(IS_UART_FIFO_INSTANCE(huart->Instance));
 611:Drivers/STM32G4xx_HAL_Driver/Src/stm32g4xx_hal_uart_ex.c ****   assert_param(IS_UART_TXFIFO_THRESHOLD(Threshold));
 612:Drivers/STM32G4xx_HAL_Driver/Src/stm32g4xx_hal_uart_ex.c **** 
 613:Drivers/STM32G4xx_HAL_Driver/Src/stm32g4xx_hal_uart_ex.c ****   /* Process Locked */
 614:Drivers/STM32G4xx_HAL_Driver/Src/stm32g4xx_hal_uart_ex.c ****   __HAL_LOCK(huart);
 615:Drivers/STM32G4xx_HAL_Driver/Src/stm32g4xx_hal_uart_ex.c **** 
 616:Drivers/STM32G4xx_HAL_Driver/Src/stm32g4xx_hal_uart_ex.c ****   huart->gState = HAL_UART_STATE_BUSY;
 617:Drivers/STM32G4xx_HAL_Driver/Src/stm32g4xx_hal_uart_ex.c **** 
 618:Drivers/STM32G4xx_HAL_Driver/Src/stm32g4xx_hal_uart_ex.c ****   /* Save actual UART configuration */
 619:Drivers/STM32G4xx_HAL_Driver/Src/stm32g4xx_hal_uart_ex.c ****   tmpcr1 = READ_REG(huart->Instance->CR1);
 620:Drivers/STM32G4xx_HAL_Driver/Src/stm32g4xx_hal_uart_ex.c **** 
 621:Drivers/STM32G4xx_HAL_Driver/Src/stm32g4xx_hal_uart_ex.c ****   /* Disable UART */
 622:Drivers/STM32G4xx_HAL_Driver/Src/stm32g4xx_hal_uart_ex.c ****   __HAL_UART_DISABLE(huart);
 623:Drivers/STM32G4xx_HAL_Driver/Src/stm32g4xx_hal_uart_ex.c **** 
 624:Drivers/STM32G4xx_HAL_Driver/Src/stm32g4xx_hal_uart_ex.c ****   /* Update TX threshold configuration */
 625:Drivers/STM32G4xx_HAL_Driver/Src/stm32g4xx_hal_uart_ex.c ****   MODIFY_REG(huart->Instance->CR3, USART_CR3_TXFTCFG, Threshold);
 626:Drivers/STM32G4xx_HAL_Driver/Src/stm32g4xx_hal_uart_ex.c **** 
 627:Drivers/STM32G4xx_HAL_Driver/Src/stm32g4xx_hal_uart_ex.c ****   /* Determine the number of data to process during RX/TX ISR execution */
 628:Drivers/STM32G4xx_HAL_Driver/Src/stm32g4xx_hal_uart_ex.c ****   UARTEx_SetNbDataToProcess(huart);
 629:Drivers/STM32G4xx_HAL_Driver/Src/stm32g4xx_hal_uart_ex.c **** 
 630:Drivers/STM32G4xx_HAL_Driver/Src/stm32g4xx_hal_uart_ex.c ****   /* Restore UART configuration */
 631:Drivers/STM32G4xx_HAL_Driver/Src/stm32g4xx_hal_uart_ex.c ****   WRITE_REG(huart->Instance->CR1, tmpcr1);
 632:Drivers/STM32G4xx_HAL_Driver/Src/stm32g4xx_hal_uart_ex.c **** 
 633:Drivers/STM32G4xx_HAL_Driver/Src/stm32g4xx_hal_uart_ex.c ****   huart->gState = HAL_UART_STATE_READY;
 634:Drivers/STM32G4xx_HAL_Driver/Src/stm32g4xx_hal_uart_ex.c **** 
 635:Drivers/STM32G4xx_HAL_Driver/Src/stm32g4xx_hal_uart_ex.c ****   /* Process Unlocked */
 636:Drivers/STM32G4xx_HAL_Driver/Src/stm32g4xx_hal_uart_ex.c ****   __HAL_UNLOCK(huart);
 637:Drivers/STM32G4xx_HAL_Driver/Src/stm32g4xx_hal_uart_ex.c **** 
 638:Drivers/STM32G4xx_HAL_Driver/Src/stm32g4xx_hal_uart_ex.c ****   return HAL_OK;
 639:Drivers/STM32G4xx_HAL_Driver/Src/stm32g4xx_hal_uart_ex.c **** }
 640:Drivers/STM32G4xx_HAL_Driver/Src/stm32g4xx_hal_uart_ex.c **** 
 641:Drivers/STM32G4xx_HAL_Driver/Src/stm32g4xx_hal_uart_ex.c **** /**
 642:Drivers/STM32G4xx_HAL_Driver/Src/stm32g4xx_hal_uart_ex.c ****   * @brief  Set the RXFIFO threshold.
 643:Drivers/STM32G4xx_HAL_Driver/Src/stm32g4xx_hal_uart_ex.c ****   * @param huart      UART handle.
 644:Drivers/STM32G4xx_HAL_Driver/Src/stm32g4xx_hal_uart_ex.c ****   * @param Threshold  RX FIFO threshold value
 645:Drivers/STM32G4xx_HAL_Driver/Src/stm32g4xx_hal_uart_ex.c ****   *          This parameter can be one of the following values:
 646:Drivers/STM32G4xx_HAL_Driver/Src/stm32g4xx_hal_uart_ex.c ****   *            @arg @ref UART_RXFIFO_THRESHOLD_1_8
 647:Drivers/STM32G4xx_HAL_Driver/Src/stm32g4xx_hal_uart_ex.c ****   *            @arg @ref UART_RXFIFO_THRESHOLD_1_4
 648:Drivers/STM32G4xx_HAL_Driver/Src/stm32g4xx_hal_uart_ex.c ****   *            @arg @ref UART_RXFIFO_THRESHOLD_1_2
 649:Drivers/STM32G4xx_HAL_Driver/Src/stm32g4xx_hal_uart_ex.c ****   *            @arg @ref UART_RXFIFO_THRESHOLD_3_4
 650:Drivers/STM32G4xx_HAL_Driver/Src/stm32g4xx_hal_uart_ex.c ****   *            @arg @ref UART_RXFIFO_THRESHOLD_7_8
 651:Drivers/STM32G4xx_HAL_Driver/Src/stm32g4xx_hal_uart_ex.c ****   *            @arg @ref UART_RXFIFO_THRESHOLD_8_8
 652:Drivers/STM32G4xx_HAL_Driver/Src/stm32g4xx_hal_uart_ex.c ****   * @retval HAL status
 653:Drivers/STM32G4xx_HAL_Driver/Src/stm32g4xx_hal_uart_ex.c ****   */
 654:Drivers/STM32G4xx_HAL_Driver/Src/stm32g4xx_hal_uart_ex.c **** HAL_StatusTypeDef HAL_UARTEx_SetRxFifoThreshold(UART_HandleTypeDef *huart, uint32_t Threshold)
 655:Drivers/STM32G4xx_HAL_Driver/Src/stm32g4xx_hal_uart_ex.c **** {
 656:Drivers/STM32G4xx_HAL_Driver/Src/stm32g4xx_hal_uart_ex.c ****   uint32_t tmpcr1;
ARM GAS  /tmp/ccdNxUHJ.s 			page 13


 657:Drivers/STM32G4xx_HAL_Driver/Src/stm32g4xx_hal_uart_ex.c **** 
 658:Drivers/STM32G4xx_HAL_Driver/Src/stm32g4xx_hal_uart_ex.c ****   /* Check the parameters */
 659:Drivers/STM32G4xx_HAL_Driver/Src/stm32g4xx_hal_uart_ex.c ****   assert_param(IS_UART_FIFO_INSTANCE(huart->Instance));
 660:Drivers/STM32G4xx_HAL_Driver/Src/stm32g4xx_hal_uart_ex.c ****   assert_param(IS_UART_RXFIFO_THRESHOLD(Threshold));
 661:Drivers/STM32G4xx_HAL_Driver/Src/stm32g4xx_hal_uart_ex.c **** 
 662:Drivers/STM32G4xx_HAL_Driver/Src/stm32g4xx_hal_uart_ex.c ****   /* Process Locked */
 663:Drivers/STM32G4xx_HAL_Driver/Src/stm32g4xx_hal_uart_ex.c ****   __HAL_LOCK(huart);
 664:Drivers/STM32G4xx_HAL_Driver/Src/stm32g4xx_hal_uart_ex.c **** 
 665:Drivers/STM32G4xx_HAL_Driver/Src/stm32g4xx_hal_uart_ex.c ****   huart->gState = HAL_UART_STATE_BUSY;
 666:Drivers/STM32G4xx_HAL_Driver/Src/stm32g4xx_hal_uart_ex.c **** 
 667:Drivers/STM32G4xx_HAL_Driver/Src/stm32g4xx_hal_uart_ex.c ****   /* Save actual UART configuration */
 668:Drivers/STM32G4xx_HAL_Driver/Src/stm32g4xx_hal_uart_ex.c ****   tmpcr1 = READ_REG(huart->Instance->CR1);
 669:Drivers/STM32G4xx_HAL_Driver/Src/stm32g4xx_hal_uart_ex.c **** 
 670:Drivers/STM32G4xx_HAL_Driver/Src/stm32g4xx_hal_uart_ex.c ****   /* Disable UART */
 671:Drivers/STM32G4xx_HAL_Driver/Src/stm32g4xx_hal_uart_ex.c ****   __HAL_UART_DISABLE(huart);
 672:Drivers/STM32G4xx_HAL_Driver/Src/stm32g4xx_hal_uart_ex.c **** 
 673:Drivers/STM32G4xx_HAL_Driver/Src/stm32g4xx_hal_uart_ex.c ****   /* Update RX threshold configuration */
 674:Drivers/STM32G4xx_HAL_Driver/Src/stm32g4xx_hal_uart_ex.c ****   MODIFY_REG(huart->Instance->CR3, USART_CR3_RXFTCFG, Threshold);
 675:Drivers/STM32G4xx_HAL_Driver/Src/stm32g4xx_hal_uart_ex.c **** 
 676:Drivers/STM32G4xx_HAL_Driver/Src/stm32g4xx_hal_uart_ex.c ****   /* Determine the number of data to process during RX/TX ISR execution */
 677:Drivers/STM32G4xx_HAL_Driver/Src/stm32g4xx_hal_uart_ex.c ****   UARTEx_SetNbDataToProcess(huart);
 678:Drivers/STM32G4xx_HAL_Driver/Src/stm32g4xx_hal_uart_ex.c **** 
 679:Drivers/STM32G4xx_HAL_Driver/Src/stm32g4xx_hal_uart_ex.c ****   /* Restore UART configuration */
 680:Drivers/STM32G4xx_HAL_Driver/Src/stm32g4xx_hal_uart_ex.c ****   WRITE_REG(huart->Instance->CR1, tmpcr1);
 681:Drivers/STM32G4xx_HAL_Driver/Src/stm32g4xx_hal_uart_ex.c **** 
 682:Drivers/STM32G4xx_HAL_Driver/Src/stm32g4xx_hal_uart_ex.c ****   huart->gState = HAL_UART_STATE_READY;
 683:Drivers/STM32G4xx_HAL_Driver/Src/stm32g4xx_hal_uart_ex.c **** 
 684:Drivers/STM32G4xx_HAL_Driver/Src/stm32g4xx_hal_uart_ex.c ****   /* Process Unlocked */
 685:Drivers/STM32G4xx_HAL_Driver/Src/stm32g4xx_hal_uart_ex.c ****   __HAL_UNLOCK(huart);
 686:Drivers/STM32G4xx_HAL_Driver/Src/stm32g4xx_hal_uart_ex.c **** 
 687:Drivers/STM32G4xx_HAL_Driver/Src/stm32g4xx_hal_uart_ex.c ****   return HAL_OK;
 688:Drivers/STM32G4xx_HAL_Driver/Src/stm32g4xx_hal_uart_ex.c **** }
 689:Drivers/STM32G4xx_HAL_Driver/Src/stm32g4xx_hal_uart_ex.c **** 
 690:Drivers/STM32G4xx_HAL_Driver/Src/stm32g4xx_hal_uart_ex.c **** /**
 691:Drivers/STM32G4xx_HAL_Driver/Src/stm32g4xx_hal_uart_ex.c ****   * @brief Receive an amount of data in blocking mode till either the expected number of data
 692:Drivers/STM32G4xx_HAL_Driver/Src/stm32g4xx_hal_uart_ex.c ****   *        is received or an IDLE event occurs.
 693:Drivers/STM32G4xx_HAL_Driver/Src/stm32g4xx_hal_uart_ex.c ****   * @note  HAL_OK is returned if reception is completed (expected number of data has been received)
 694:Drivers/STM32G4xx_HAL_Driver/Src/stm32g4xx_hal_uart_ex.c ****   *        or if reception is stopped after IDLE event (less than the expected number of data has b
 695:Drivers/STM32G4xx_HAL_Driver/Src/stm32g4xx_hal_uart_ex.c ****   *        In this case, RxLen output parameter indicates number of data available in reception buf
 696:Drivers/STM32G4xx_HAL_Driver/Src/stm32g4xx_hal_uart_ex.c ****   * @note  When UART parity is not enabled (PCE = 0), and Word Length is configured to 9 bits (M1-M
 697:Drivers/STM32G4xx_HAL_Driver/Src/stm32g4xx_hal_uart_ex.c ****   *        the received data is handled as a set of uint16_t. In this case, Size must indicate the 
 698:Drivers/STM32G4xx_HAL_Driver/Src/stm32g4xx_hal_uart_ex.c ****   *        of uint16_t available through pData.
 699:Drivers/STM32G4xx_HAL_Driver/Src/stm32g4xx_hal_uart_ex.c ****   * @note When FIFO mode is enabled, the RXFNE flag is set as long as the RXFIFO
 700:Drivers/STM32G4xx_HAL_Driver/Src/stm32g4xx_hal_uart_ex.c ****   *       is not empty. Read operations from the RDR register are performed when
 701:Drivers/STM32G4xx_HAL_Driver/Src/stm32g4xx_hal_uart_ex.c ****   *       RXFNE flag is set. From hardware perspective, RXFNE flag and
 702:Drivers/STM32G4xx_HAL_Driver/Src/stm32g4xx_hal_uart_ex.c ****   *       RXNE are mapped on the same bit-field.
 703:Drivers/STM32G4xx_HAL_Driver/Src/stm32g4xx_hal_uart_ex.c ****   * @param huart   UART handle.
 704:Drivers/STM32G4xx_HAL_Driver/Src/stm32g4xx_hal_uart_ex.c ****   * @param pData   Pointer to data buffer (uint8_t or uint16_t data elements).
 705:Drivers/STM32G4xx_HAL_Driver/Src/stm32g4xx_hal_uart_ex.c ****   * @param Size    Amount of data elements (uint8_t or uint16_t) to be received.
 706:Drivers/STM32G4xx_HAL_Driver/Src/stm32g4xx_hal_uart_ex.c ****   * @param RxLen   Number of data elements finally received
 707:Drivers/STM32G4xx_HAL_Driver/Src/stm32g4xx_hal_uart_ex.c ****   *                (could be lower than Size, in case reception ends on IDLE event)
 708:Drivers/STM32G4xx_HAL_Driver/Src/stm32g4xx_hal_uart_ex.c ****   * @param Timeout Timeout duration expressed in ms (covers the whole reception sequence).
 709:Drivers/STM32G4xx_HAL_Driver/Src/stm32g4xx_hal_uart_ex.c ****   * @retval HAL status
 710:Drivers/STM32G4xx_HAL_Driver/Src/stm32g4xx_hal_uart_ex.c ****   */
 711:Drivers/STM32G4xx_HAL_Driver/Src/stm32g4xx_hal_uart_ex.c **** HAL_StatusTypeDef HAL_UARTEx_ReceiveToIdle(UART_HandleTypeDef *huart, uint8_t *pData, uint16_t Size
 712:Drivers/STM32G4xx_HAL_Driver/Src/stm32g4xx_hal_uart_ex.c ****                                            uint32_t Timeout)
 713:Drivers/STM32G4xx_HAL_Driver/Src/stm32g4xx_hal_uart_ex.c **** {
ARM GAS  /tmp/ccdNxUHJ.s 			page 14


 714:Drivers/STM32G4xx_HAL_Driver/Src/stm32g4xx_hal_uart_ex.c ****   uint8_t  *pdata8bits;
 715:Drivers/STM32G4xx_HAL_Driver/Src/stm32g4xx_hal_uart_ex.c ****   uint16_t *pdata16bits;
 716:Drivers/STM32G4xx_HAL_Driver/Src/stm32g4xx_hal_uart_ex.c ****   uint16_t uhMask;
 717:Drivers/STM32G4xx_HAL_Driver/Src/stm32g4xx_hal_uart_ex.c ****   uint32_t tickstart;
 718:Drivers/STM32G4xx_HAL_Driver/Src/stm32g4xx_hal_uart_ex.c **** 
 719:Drivers/STM32G4xx_HAL_Driver/Src/stm32g4xx_hal_uart_ex.c ****   /* Check that a Rx process is not already ongoing */
 720:Drivers/STM32G4xx_HAL_Driver/Src/stm32g4xx_hal_uart_ex.c ****   if (huart->RxState == HAL_UART_STATE_READY)
 721:Drivers/STM32G4xx_HAL_Driver/Src/stm32g4xx_hal_uart_ex.c ****   {
 722:Drivers/STM32G4xx_HAL_Driver/Src/stm32g4xx_hal_uart_ex.c ****     if ((pData == NULL) || (Size == 0U))
 723:Drivers/STM32G4xx_HAL_Driver/Src/stm32g4xx_hal_uart_ex.c ****     {
 724:Drivers/STM32G4xx_HAL_Driver/Src/stm32g4xx_hal_uart_ex.c ****       return  HAL_ERROR;
 725:Drivers/STM32G4xx_HAL_Driver/Src/stm32g4xx_hal_uart_ex.c ****     }
 726:Drivers/STM32G4xx_HAL_Driver/Src/stm32g4xx_hal_uart_ex.c **** 
 727:Drivers/STM32G4xx_HAL_Driver/Src/stm32g4xx_hal_uart_ex.c ****     huart->ErrorCode = HAL_UART_ERROR_NONE;
 728:Drivers/STM32G4xx_HAL_Driver/Src/stm32g4xx_hal_uart_ex.c ****     huart->RxState = HAL_UART_STATE_BUSY_RX;
 729:Drivers/STM32G4xx_HAL_Driver/Src/stm32g4xx_hal_uart_ex.c ****     huart->ReceptionType = HAL_UART_RECEPTION_TOIDLE;
 730:Drivers/STM32G4xx_HAL_Driver/Src/stm32g4xx_hal_uart_ex.c ****     huart->RxEventType = HAL_UART_RXEVENT_TC;
 731:Drivers/STM32G4xx_HAL_Driver/Src/stm32g4xx_hal_uart_ex.c **** 
 732:Drivers/STM32G4xx_HAL_Driver/Src/stm32g4xx_hal_uart_ex.c ****     /* Init tickstart for timeout management */
 733:Drivers/STM32G4xx_HAL_Driver/Src/stm32g4xx_hal_uart_ex.c ****     tickstart = HAL_GetTick();
 734:Drivers/STM32G4xx_HAL_Driver/Src/stm32g4xx_hal_uart_ex.c **** 
 735:Drivers/STM32G4xx_HAL_Driver/Src/stm32g4xx_hal_uart_ex.c ****     huart->RxXferSize  = Size;
 736:Drivers/STM32G4xx_HAL_Driver/Src/stm32g4xx_hal_uart_ex.c ****     huart->RxXferCount = Size;
 737:Drivers/STM32G4xx_HAL_Driver/Src/stm32g4xx_hal_uart_ex.c **** 
 738:Drivers/STM32G4xx_HAL_Driver/Src/stm32g4xx_hal_uart_ex.c ****     /* Computation of UART mask to apply to RDR register */
 739:Drivers/STM32G4xx_HAL_Driver/Src/stm32g4xx_hal_uart_ex.c ****     UART_MASK_COMPUTATION(huart);
 740:Drivers/STM32G4xx_HAL_Driver/Src/stm32g4xx_hal_uart_ex.c ****     uhMask = huart->Mask;
 741:Drivers/STM32G4xx_HAL_Driver/Src/stm32g4xx_hal_uart_ex.c **** 
 742:Drivers/STM32G4xx_HAL_Driver/Src/stm32g4xx_hal_uart_ex.c ****     /* In case of 9bits/No Parity transfer, pRxData needs to be handled as a uint16_t pointer */
 743:Drivers/STM32G4xx_HAL_Driver/Src/stm32g4xx_hal_uart_ex.c ****     if ((huart->Init.WordLength == UART_WORDLENGTH_9B) && (huart->Init.Parity == UART_PARITY_NONE))
 744:Drivers/STM32G4xx_HAL_Driver/Src/stm32g4xx_hal_uart_ex.c ****     {
 745:Drivers/STM32G4xx_HAL_Driver/Src/stm32g4xx_hal_uart_ex.c ****       pdata8bits  = NULL;
 746:Drivers/STM32G4xx_HAL_Driver/Src/stm32g4xx_hal_uart_ex.c ****       pdata16bits = (uint16_t *) pData;
 747:Drivers/STM32G4xx_HAL_Driver/Src/stm32g4xx_hal_uart_ex.c ****     }
 748:Drivers/STM32G4xx_HAL_Driver/Src/stm32g4xx_hal_uart_ex.c ****     else
 749:Drivers/STM32G4xx_HAL_Driver/Src/stm32g4xx_hal_uart_ex.c ****     {
 750:Drivers/STM32G4xx_HAL_Driver/Src/stm32g4xx_hal_uart_ex.c ****       pdata8bits  = pData;
 751:Drivers/STM32G4xx_HAL_Driver/Src/stm32g4xx_hal_uart_ex.c ****       pdata16bits = NULL;
 752:Drivers/STM32G4xx_HAL_Driver/Src/stm32g4xx_hal_uart_ex.c ****     }
 753:Drivers/STM32G4xx_HAL_Driver/Src/stm32g4xx_hal_uart_ex.c **** 
 754:Drivers/STM32G4xx_HAL_Driver/Src/stm32g4xx_hal_uart_ex.c ****     /* Initialize output number of received elements */
 755:Drivers/STM32G4xx_HAL_Driver/Src/stm32g4xx_hal_uart_ex.c ****     *RxLen = 0U;
 756:Drivers/STM32G4xx_HAL_Driver/Src/stm32g4xx_hal_uart_ex.c **** 
 757:Drivers/STM32G4xx_HAL_Driver/Src/stm32g4xx_hal_uart_ex.c ****     /* as long as data have to be received */
 758:Drivers/STM32G4xx_HAL_Driver/Src/stm32g4xx_hal_uart_ex.c ****     while (huart->RxXferCount > 0U)
 759:Drivers/STM32G4xx_HAL_Driver/Src/stm32g4xx_hal_uart_ex.c ****     {
 760:Drivers/STM32G4xx_HAL_Driver/Src/stm32g4xx_hal_uart_ex.c ****       /* Check if IDLE flag is set */
 761:Drivers/STM32G4xx_HAL_Driver/Src/stm32g4xx_hal_uart_ex.c ****       if (__HAL_UART_GET_FLAG(huart, UART_FLAG_IDLE))
 762:Drivers/STM32G4xx_HAL_Driver/Src/stm32g4xx_hal_uart_ex.c ****       {
 763:Drivers/STM32G4xx_HAL_Driver/Src/stm32g4xx_hal_uart_ex.c ****         /* Clear IDLE flag in ISR */
 764:Drivers/STM32G4xx_HAL_Driver/Src/stm32g4xx_hal_uart_ex.c ****         __HAL_UART_CLEAR_FLAG(huart, UART_CLEAR_IDLEF);
 765:Drivers/STM32G4xx_HAL_Driver/Src/stm32g4xx_hal_uart_ex.c **** 
 766:Drivers/STM32G4xx_HAL_Driver/Src/stm32g4xx_hal_uart_ex.c ****         /* If Set, but no data ever received, clear flag without exiting loop */
 767:Drivers/STM32G4xx_HAL_Driver/Src/stm32g4xx_hal_uart_ex.c ****         /* If Set, and data has already been received, this means Idle Event is valid : End recepti
 768:Drivers/STM32G4xx_HAL_Driver/Src/stm32g4xx_hal_uart_ex.c ****         if (*RxLen > 0U)
 769:Drivers/STM32G4xx_HAL_Driver/Src/stm32g4xx_hal_uart_ex.c ****         {
 770:Drivers/STM32G4xx_HAL_Driver/Src/stm32g4xx_hal_uart_ex.c ****           huart->RxEventType = HAL_UART_RXEVENT_IDLE;
ARM GAS  /tmp/ccdNxUHJ.s 			page 15


 771:Drivers/STM32G4xx_HAL_Driver/Src/stm32g4xx_hal_uart_ex.c ****           huart->RxState = HAL_UART_STATE_READY;
 772:Drivers/STM32G4xx_HAL_Driver/Src/stm32g4xx_hal_uart_ex.c **** 
 773:Drivers/STM32G4xx_HAL_Driver/Src/stm32g4xx_hal_uart_ex.c ****           return HAL_OK;
 774:Drivers/STM32G4xx_HAL_Driver/Src/stm32g4xx_hal_uart_ex.c ****         }
 775:Drivers/STM32G4xx_HAL_Driver/Src/stm32g4xx_hal_uart_ex.c ****       }
 776:Drivers/STM32G4xx_HAL_Driver/Src/stm32g4xx_hal_uart_ex.c **** 
 777:Drivers/STM32G4xx_HAL_Driver/Src/stm32g4xx_hal_uart_ex.c ****       /* Check if RXNE flag is set */
 778:Drivers/STM32G4xx_HAL_Driver/Src/stm32g4xx_hal_uart_ex.c ****       if (__HAL_UART_GET_FLAG(huart, UART_FLAG_RXNE))
 779:Drivers/STM32G4xx_HAL_Driver/Src/stm32g4xx_hal_uart_ex.c ****       {
 780:Drivers/STM32G4xx_HAL_Driver/Src/stm32g4xx_hal_uart_ex.c ****         if (pdata8bits == NULL)
 781:Drivers/STM32G4xx_HAL_Driver/Src/stm32g4xx_hal_uart_ex.c ****         {
 782:Drivers/STM32G4xx_HAL_Driver/Src/stm32g4xx_hal_uart_ex.c ****           *pdata16bits = (uint16_t)(huart->Instance->RDR & uhMask);
 783:Drivers/STM32G4xx_HAL_Driver/Src/stm32g4xx_hal_uart_ex.c ****           pdata16bits++;
 784:Drivers/STM32G4xx_HAL_Driver/Src/stm32g4xx_hal_uart_ex.c ****         }
 785:Drivers/STM32G4xx_HAL_Driver/Src/stm32g4xx_hal_uart_ex.c ****         else
 786:Drivers/STM32G4xx_HAL_Driver/Src/stm32g4xx_hal_uart_ex.c ****         {
 787:Drivers/STM32G4xx_HAL_Driver/Src/stm32g4xx_hal_uart_ex.c ****           *pdata8bits = (uint8_t)(huart->Instance->RDR & (uint8_t)uhMask);
 788:Drivers/STM32G4xx_HAL_Driver/Src/stm32g4xx_hal_uart_ex.c ****           pdata8bits++;
 789:Drivers/STM32G4xx_HAL_Driver/Src/stm32g4xx_hal_uart_ex.c ****         }
 790:Drivers/STM32G4xx_HAL_Driver/Src/stm32g4xx_hal_uart_ex.c ****         /* Increment number of received elements */
 791:Drivers/STM32G4xx_HAL_Driver/Src/stm32g4xx_hal_uart_ex.c ****         *RxLen += 1U;
 792:Drivers/STM32G4xx_HAL_Driver/Src/stm32g4xx_hal_uart_ex.c ****         huart->RxXferCount--;
 793:Drivers/STM32G4xx_HAL_Driver/Src/stm32g4xx_hal_uart_ex.c ****       }
 794:Drivers/STM32G4xx_HAL_Driver/Src/stm32g4xx_hal_uart_ex.c **** 
 795:Drivers/STM32G4xx_HAL_Driver/Src/stm32g4xx_hal_uart_ex.c ****       /* Check for the Timeout */
 796:Drivers/STM32G4xx_HAL_Driver/Src/stm32g4xx_hal_uart_ex.c ****       if (Timeout != HAL_MAX_DELAY)
 797:Drivers/STM32G4xx_HAL_Driver/Src/stm32g4xx_hal_uart_ex.c ****       {
 798:Drivers/STM32G4xx_HAL_Driver/Src/stm32g4xx_hal_uart_ex.c ****         if (((HAL_GetTick() - tickstart) > Timeout) || (Timeout == 0U))
 799:Drivers/STM32G4xx_HAL_Driver/Src/stm32g4xx_hal_uart_ex.c ****         {
 800:Drivers/STM32G4xx_HAL_Driver/Src/stm32g4xx_hal_uart_ex.c ****           huart->RxState = HAL_UART_STATE_READY;
 801:Drivers/STM32G4xx_HAL_Driver/Src/stm32g4xx_hal_uart_ex.c **** 
 802:Drivers/STM32G4xx_HAL_Driver/Src/stm32g4xx_hal_uart_ex.c ****           return HAL_TIMEOUT;
 803:Drivers/STM32G4xx_HAL_Driver/Src/stm32g4xx_hal_uart_ex.c ****         }
 804:Drivers/STM32G4xx_HAL_Driver/Src/stm32g4xx_hal_uart_ex.c ****       }
 805:Drivers/STM32G4xx_HAL_Driver/Src/stm32g4xx_hal_uart_ex.c ****     }
 806:Drivers/STM32G4xx_HAL_Driver/Src/stm32g4xx_hal_uart_ex.c **** 
 807:Drivers/STM32G4xx_HAL_Driver/Src/stm32g4xx_hal_uart_ex.c ****     /* Set number of received elements in output parameter : RxLen */
 808:Drivers/STM32G4xx_HAL_Driver/Src/stm32g4xx_hal_uart_ex.c ****     *RxLen = huart->RxXferSize - huart->RxXferCount;
 809:Drivers/STM32G4xx_HAL_Driver/Src/stm32g4xx_hal_uart_ex.c ****     /* At end of Rx process, restore huart->RxState to Ready */
 810:Drivers/STM32G4xx_HAL_Driver/Src/stm32g4xx_hal_uart_ex.c ****     huart->RxState = HAL_UART_STATE_READY;
 811:Drivers/STM32G4xx_HAL_Driver/Src/stm32g4xx_hal_uart_ex.c **** 
 812:Drivers/STM32G4xx_HAL_Driver/Src/stm32g4xx_hal_uart_ex.c ****     return HAL_OK;
 813:Drivers/STM32G4xx_HAL_Driver/Src/stm32g4xx_hal_uart_ex.c ****   }
 814:Drivers/STM32G4xx_HAL_Driver/Src/stm32g4xx_hal_uart_ex.c ****   else
 815:Drivers/STM32G4xx_HAL_Driver/Src/stm32g4xx_hal_uart_ex.c ****   {
 816:Drivers/STM32G4xx_HAL_Driver/Src/stm32g4xx_hal_uart_ex.c ****     return HAL_BUSY;
 817:Drivers/STM32G4xx_HAL_Driver/Src/stm32g4xx_hal_uart_ex.c ****   }
 818:Drivers/STM32G4xx_HAL_Driver/Src/stm32g4xx_hal_uart_ex.c **** }
 819:Drivers/STM32G4xx_HAL_Driver/Src/stm32g4xx_hal_uart_ex.c **** 
 820:Drivers/STM32G4xx_HAL_Driver/Src/stm32g4xx_hal_uart_ex.c **** /**
 821:Drivers/STM32G4xx_HAL_Driver/Src/stm32g4xx_hal_uart_ex.c ****   * @brief Receive an amount of data in interrupt mode till either the expected number of data
 822:Drivers/STM32G4xx_HAL_Driver/Src/stm32g4xx_hal_uart_ex.c ****   *        is received or an IDLE event occurs.
 823:Drivers/STM32G4xx_HAL_Driver/Src/stm32g4xx_hal_uart_ex.c ****   * @note  Reception is initiated by this function call. Further progress of reception is achieved 
 824:Drivers/STM32G4xx_HAL_Driver/Src/stm32g4xx_hal_uart_ex.c ****   *        to UART interrupts raised by RXNE and IDLE events. Callback is called at end of receptio
 825:Drivers/STM32G4xx_HAL_Driver/Src/stm32g4xx_hal_uart_ex.c ****   *        number of received data elements.
 826:Drivers/STM32G4xx_HAL_Driver/Src/stm32g4xx_hal_uart_ex.c ****   * @note  When UART parity is not enabled (PCE = 0), and Word Length is configured to 9 bits (M1-M
 827:Drivers/STM32G4xx_HAL_Driver/Src/stm32g4xx_hal_uart_ex.c ****   *        the received data is handled as a set of uint16_t. In this case, Size must indicate the 
ARM GAS  /tmp/ccdNxUHJ.s 			page 16


 828:Drivers/STM32G4xx_HAL_Driver/Src/stm32g4xx_hal_uart_ex.c ****   *        of uint16_t available through pData.
 829:Drivers/STM32G4xx_HAL_Driver/Src/stm32g4xx_hal_uart_ex.c ****   * @param huart UART handle.
 830:Drivers/STM32G4xx_HAL_Driver/Src/stm32g4xx_hal_uart_ex.c ****   * @param pData Pointer to data buffer (uint8_t or uint16_t data elements).
 831:Drivers/STM32G4xx_HAL_Driver/Src/stm32g4xx_hal_uart_ex.c ****   * @param Size  Amount of data elements (uint8_t or uint16_t) to be received.
 832:Drivers/STM32G4xx_HAL_Driver/Src/stm32g4xx_hal_uart_ex.c ****   * @retval HAL status
 833:Drivers/STM32G4xx_HAL_Driver/Src/stm32g4xx_hal_uart_ex.c ****   */
 834:Drivers/STM32G4xx_HAL_Driver/Src/stm32g4xx_hal_uart_ex.c **** HAL_StatusTypeDef HAL_UARTEx_ReceiveToIdle_IT(UART_HandleTypeDef *huart, uint8_t *pData, uint16_t S
 835:Drivers/STM32G4xx_HAL_Driver/Src/stm32g4xx_hal_uart_ex.c **** {
 836:Drivers/STM32G4xx_HAL_Driver/Src/stm32g4xx_hal_uart_ex.c ****   HAL_StatusTypeDef status = HAL_OK;
 837:Drivers/STM32G4xx_HAL_Driver/Src/stm32g4xx_hal_uart_ex.c **** 
 838:Drivers/STM32G4xx_HAL_Driver/Src/stm32g4xx_hal_uart_ex.c ****   /* Check that a Rx process is not already ongoing */
 839:Drivers/STM32G4xx_HAL_Driver/Src/stm32g4xx_hal_uart_ex.c ****   if (huart->RxState == HAL_UART_STATE_READY)
 840:Drivers/STM32G4xx_HAL_Driver/Src/stm32g4xx_hal_uart_ex.c ****   {
 841:Drivers/STM32G4xx_HAL_Driver/Src/stm32g4xx_hal_uart_ex.c ****     if ((pData == NULL) || (Size == 0U))
 842:Drivers/STM32G4xx_HAL_Driver/Src/stm32g4xx_hal_uart_ex.c ****     {
 843:Drivers/STM32G4xx_HAL_Driver/Src/stm32g4xx_hal_uart_ex.c ****       return HAL_ERROR;
 844:Drivers/STM32G4xx_HAL_Driver/Src/stm32g4xx_hal_uart_ex.c ****     }
 845:Drivers/STM32G4xx_HAL_Driver/Src/stm32g4xx_hal_uart_ex.c **** 
 846:Drivers/STM32G4xx_HAL_Driver/Src/stm32g4xx_hal_uart_ex.c ****     /* Set Reception type to reception till IDLE Event*/
 847:Drivers/STM32G4xx_HAL_Driver/Src/stm32g4xx_hal_uart_ex.c ****     huart->ReceptionType = HAL_UART_RECEPTION_TOIDLE;
 848:Drivers/STM32G4xx_HAL_Driver/Src/stm32g4xx_hal_uart_ex.c ****     huart->RxEventType = HAL_UART_RXEVENT_TC;
 849:Drivers/STM32G4xx_HAL_Driver/Src/stm32g4xx_hal_uart_ex.c **** 
 850:Drivers/STM32G4xx_HAL_Driver/Src/stm32g4xx_hal_uart_ex.c ****     (void)UART_Start_Receive_IT(huart, pData, Size);
 851:Drivers/STM32G4xx_HAL_Driver/Src/stm32g4xx_hal_uart_ex.c **** 
 852:Drivers/STM32G4xx_HAL_Driver/Src/stm32g4xx_hal_uart_ex.c ****     if (huart->ReceptionType == HAL_UART_RECEPTION_TOIDLE)
 853:Drivers/STM32G4xx_HAL_Driver/Src/stm32g4xx_hal_uart_ex.c ****     {
 854:Drivers/STM32G4xx_HAL_Driver/Src/stm32g4xx_hal_uart_ex.c ****       __HAL_UART_CLEAR_FLAG(huart, UART_CLEAR_IDLEF);
 855:Drivers/STM32G4xx_HAL_Driver/Src/stm32g4xx_hal_uart_ex.c ****       ATOMIC_SET_BIT(huart->Instance->CR1, USART_CR1_IDLEIE);
 856:Drivers/STM32G4xx_HAL_Driver/Src/stm32g4xx_hal_uart_ex.c ****     }
 857:Drivers/STM32G4xx_HAL_Driver/Src/stm32g4xx_hal_uart_ex.c ****     else
 858:Drivers/STM32G4xx_HAL_Driver/Src/stm32g4xx_hal_uart_ex.c ****     {
 859:Drivers/STM32G4xx_HAL_Driver/Src/stm32g4xx_hal_uart_ex.c ****       /* In case of errors already pending when reception is started,
 860:Drivers/STM32G4xx_HAL_Driver/Src/stm32g4xx_hal_uart_ex.c ****          Interrupts may have already been raised and lead to reception abortion.
 861:Drivers/STM32G4xx_HAL_Driver/Src/stm32g4xx_hal_uart_ex.c ****          (Overrun error for instance).
 862:Drivers/STM32G4xx_HAL_Driver/Src/stm32g4xx_hal_uart_ex.c ****          In such case Reception Type has been reset to HAL_UART_RECEPTION_STANDARD. */
 863:Drivers/STM32G4xx_HAL_Driver/Src/stm32g4xx_hal_uart_ex.c ****       status = HAL_ERROR;
 864:Drivers/STM32G4xx_HAL_Driver/Src/stm32g4xx_hal_uart_ex.c ****     }
 865:Drivers/STM32G4xx_HAL_Driver/Src/stm32g4xx_hal_uart_ex.c **** 
 866:Drivers/STM32G4xx_HAL_Driver/Src/stm32g4xx_hal_uart_ex.c ****     return status;
 867:Drivers/STM32G4xx_HAL_Driver/Src/stm32g4xx_hal_uart_ex.c ****   }
 868:Drivers/STM32G4xx_HAL_Driver/Src/stm32g4xx_hal_uart_ex.c ****   else
 869:Drivers/STM32G4xx_HAL_Driver/Src/stm32g4xx_hal_uart_ex.c ****   {
 870:Drivers/STM32G4xx_HAL_Driver/Src/stm32g4xx_hal_uart_ex.c ****     return HAL_BUSY;
 871:Drivers/STM32G4xx_HAL_Driver/Src/stm32g4xx_hal_uart_ex.c ****   }
 872:Drivers/STM32G4xx_HAL_Driver/Src/stm32g4xx_hal_uart_ex.c **** }
 873:Drivers/STM32G4xx_HAL_Driver/Src/stm32g4xx_hal_uart_ex.c **** 
 874:Drivers/STM32G4xx_HAL_Driver/Src/stm32g4xx_hal_uart_ex.c **** /**
 875:Drivers/STM32G4xx_HAL_Driver/Src/stm32g4xx_hal_uart_ex.c ****   * @brief Receive an amount of data in DMA mode till either the expected number
 876:Drivers/STM32G4xx_HAL_Driver/Src/stm32g4xx_hal_uart_ex.c ****   *        of data is received or an IDLE event occurs.
 877:Drivers/STM32G4xx_HAL_Driver/Src/stm32g4xx_hal_uart_ex.c ****   * @note  Reception is initiated by this function call. Further progress of reception is achieved 
 878:Drivers/STM32G4xx_HAL_Driver/Src/stm32g4xx_hal_uart_ex.c ****   *        to DMA services, transferring automatically received data elements in user reception buf
 879:Drivers/STM32G4xx_HAL_Driver/Src/stm32g4xx_hal_uart_ex.c ****   *        calling registered callbacks at half/end of reception. UART IDLE events are also used to
 880:Drivers/STM32G4xx_HAL_Driver/Src/stm32g4xx_hal_uart_ex.c ****   *        reception phase as ended. In all cases, callback execution will indicate number of recei
 881:Drivers/STM32G4xx_HAL_Driver/Src/stm32g4xx_hal_uart_ex.c ****   * @note  When the UART parity is enabled (PCE = 1), the received data contain
 882:Drivers/STM32G4xx_HAL_Driver/Src/stm32g4xx_hal_uart_ex.c ****   *        the parity bit (MSB position).
 883:Drivers/STM32G4xx_HAL_Driver/Src/stm32g4xx_hal_uart_ex.c ****   * @note  When UART parity is not enabled (PCE = 0), and Word Length is configured to 9 bits (M1-M
 884:Drivers/STM32G4xx_HAL_Driver/Src/stm32g4xx_hal_uart_ex.c ****   *        the received data is handled as a set of uint16_t. In this case, Size must indicate the 
ARM GAS  /tmp/ccdNxUHJ.s 			page 17


 885:Drivers/STM32G4xx_HAL_Driver/Src/stm32g4xx_hal_uart_ex.c ****   *        of uint16_t available through pData.
 886:Drivers/STM32G4xx_HAL_Driver/Src/stm32g4xx_hal_uart_ex.c ****   * @param huart UART handle.
 887:Drivers/STM32G4xx_HAL_Driver/Src/stm32g4xx_hal_uart_ex.c ****   * @param pData Pointer to data buffer (uint8_t or uint16_t data elements).
 888:Drivers/STM32G4xx_HAL_Driver/Src/stm32g4xx_hal_uart_ex.c ****   * @param Size  Amount of data elements (uint8_t or uint16_t) to be received.
 889:Drivers/STM32G4xx_HAL_Driver/Src/stm32g4xx_hal_uart_ex.c ****   * @retval HAL status
 890:Drivers/STM32G4xx_HAL_Driver/Src/stm32g4xx_hal_uart_ex.c ****   */
 891:Drivers/STM32G4xx_HAL_Driver/Src/stm32g4xx_hal_uart_ex.c **** HAL_StatusTypeDef HAL_UARTEx_ReceiveToIdle_DMA(UART_HandleTypeDef *huart, uint8_t *pData, uint16_t 
 892:Drivers/STM32G4xx_HAL_Driver/Src/stm32g4xx_hal_uart_ex.c **** {
 893:Drivers/STM32G4xx_HAL_Driver/Src/stm32g4xx_hal_uart_ex.c ****   HAL_StatusTypeDef status;
 894:Drivers/STM32G4xx_HAL_Driver/Src/stm32g4xx_hal_uart_ex.c **** 
 895:Drivers/STM32G4xx_HAL_Driver/Src/stm32g4xx_hal_uart_ex.c ****   /* Check that a Rx process is not already ongoing */
 896:Drivers/STM32G4xx_HAL_Driver/Src/stm32g4xx_hal_uart_ex.c ****   if (huart->RxState == HAL_UART_STATE_READY)
 897:Drivers/STM32G4xx_HAL_Driver/Src/stm32g4xx_hal_uart_ex.c ****   {
 898:Drivers/STM32G4xx_HAL_Driver/Src/stm32g4xx_hal_uart_ex.c ****     if ((pData == NULL) || (Size == 0U))
 899:Drivers/STM32G4xx_HAL_Driver/Src/stm32g4xx_hal_uart_ex.c ****     {
 900:Drivers/STM32G4xx_HAL_Driver/Src/stm32g4xx_hal_uart_ex.c ****       return HAL_ERROR;
 901:Drivers/STM32G4xx_HAL_Driver/Src/stm32g4xx_hal_uart_ex.c ****     }
 902:Drivers/STM32G4xx_HAL_Driver/Src/stm32g4xx_hal_uart_ex.c **** 
 903:Drivers/STM32G4xx_HAL_Driver/Src/stm32g4xx_hal_uart_ex.c ****     /* Set Reception type to reception till IDLE Event*/
 904:Drivers/STM32G4xx_HAL_Driver/Src/stm32g4xx_hal_uart_ex.c ****     huart->ReceptionType = HAL_UART_RECEPTION_TOIDLE;
 905:Drivers/STM32G4xx_HAL_Driver/Src/stm32g4xx_hal_uart_ex.c ****     huart->RxEventType = HAL_UART_RXEVENT_TC;
 906:Drivers/STM32G4xx_HAL_Driver/Src/stm32g4xx_hal_uart_ex.c **** 
 907:Drivers/STM32G4xx_HAL_Driver/Src/stm32g4xx_hal_uart_ex.c ****     status =  UART_Start_Receive_DMA(huart, pData, Size);
 908:Drivers/STM32G4xx_HAL_Driver/Src/stm32g4xx_hal_uart_ex.c **** 
 909:Drivers/STM32G4xx_HAL_Driver/Src/stm32g4xx_hal_uart_ex.c ****     /* Check Rx process has been successfully started */
 910:Drivers/STM32G4xx_HAL_Driver/Src/stm32g4xx_hal_uart_ex.c ****     if (status == HAL_OK)
 911:Drivers/STM32G4xx_HAL_Driver/Src/stm32g4xx_hal_uart_ex.c ****     {
 912:Drivers/STM32G4xx_HAL_Driver/Src/stm32g4xx_hal_uart_ex.c ****       if (huart->ReceptionType == HAL_UART_RECEPTION_TOIDLE)
 913:Drivers/STM32G4xx_HAL_Driver/Src/stm32g4xx_hal_uart_ex.c ****       {
 914:Drivers/STM32G4xx_HAL_Driver/Src/stm32g4xx_hal_uart_ex.c ****         __HAL_UART_CLEAR_FLAG(huart, UART_CLEAR_IDLEF);
 915:Drivers/STM32G4xx_HAL_Driver/Src/stm32g4xx_hal_uart_ex.c ****         ATOMIC_SET_BIT(huart->Instance->CR1, USART_CR1_IDLEIE);
 916:Drivers/STM32G4xx_HAL_Driver/Src/stm32g4xx_hal_uart_ex.c ****       }
 917:Drivers/STM32G4xx_HAL_Driver/Src/stm32g4xx_hal_uart_ex.c ****       else
 918:Drivers/STM32G4xx_HAL_Driver/Src/stm32g4xx_hal_uart_ex.c ****       {
 919:Drivers/STM32G4xx_HAL_Driver/Src/stm32g4xx_hal_uart_ex.c ****         /* In case of errors already pending when reception is started,
 920:Drivers/STM32G4xx_HAL_Driver/Src/stm32g4xx_hal_uart_ex.c ****            Interrupts may have already been raised and lead to reception abortion.
 921:Drivers/STM32G4xx_HAL_Driver/Src/stm32g4xx_hal_uart_ex.c ****            (Overrun error for instance).
 922:Drivers/STM32G4xx_HAL_Driver/Src/stm32g4xx_hal_uart_ex.c ****            In such case Reception Type has been reset to HAL_UART_RECEPTION_STANDARD. */
 923:Drivers/STM32G4xx_HAL_Driver/Src/stm32g4xx_hal_uart_ex.c ****         status = HAL_ERROR;
 924:Drivers/STM32G4xx_HAL_Driver/Src/stm32g4xx_hal_uart_ex.c ****       }
 925:Drivers/STM32G4xx_HAL_Driver/Src/stm32g4xx_hal_uart_ex.c ****     }
 926:Drivers/STM32G4xx_HAL_Driver/Src/stm32g4xx_hal_uart_ex.c **** 
 927:Drivers/STM32G4xx_HAL_Driver/Src/stm32g4xx_hal_uart_ex.c ****     return status;
 928:Drivers/STM32G4xx_HAL_Driver/Src/stm32g4xx_hal_uart_ex.c ****   }
 929:Drivers/STM32G4xx_HAL_Driver/Src/stm32g4xx_hal_uart_ex.c ****   else
 930:Drivers/STM32G4xx_HAL_Driver/Src/stm32g4xx_hal_uart_ex.c ****   {
 931:Drivers/STM32G4xx_HAL_Driver/Src/stm32g4xx_hal_uart_ex.c ****     return HAL_BUSY;
 932:Drivers/STM32G4xx_HAL_Driver/Src/stm32g4xx_hal_uart_ex.c ****   }
 933:Drivers/STM32G4xx_HAL_Driver/Src/stm32g4xx_hal_uart_ex.c **** }
 934:Drivers/STM32G4xx_HAL_Driver/Src/stm32g4xx_hal_uart_ex.c **** 
 935:Drivers/STM32G4xx_HAL_Driver/Src/stm32g4xx_hal_uart_ex.c **** /**
 936:Drivers/STM32G4xx_HAL_Driver/Src/stm32g4xx_hal_uart_ex.c ****   * @brief Provide Rx Event type that has lead to RxEvent callback execution.
 937:Drivers/STM32G4xx_HAL_Driver/Src/stm32g4xx_hal_uart_ex.c ****   * @note  When HAL_UARTEx_ReceiveToIdle_IT() or HAL_UARTEx_ReceiveToIdle_DMA() API are called, pro
 938:Drivers/STM32G4xx_HAL_Driver/Src/stm32g4xx_hal_uart_ex.c ****   *        of reception process is provided to application through calls of Rx Event callback (eith
 939:Drivers/STM32G4xx_HAL_Driver/Src/stm32g4xx_hal_uart_ex.c ****   *        HAL_UARTEx_RxEventCallback() or user registered one). As several types of events could o
 940:Drivers/STM32G4xx_HAL_Driver/Src/stm32g4xx_hal_uart_ex.c ****   *        Half Transfer, or Transfer Complete), this function allows to retrieve the Rx Event type
 941:Drivers/STM32G4xx_HAL_Driver/Src/stm32g4xx_hal_uart_ex.c ****   *        to Rx Event callback execution.
ARM GAS  /tmp/ccdNxUHJ.s 			page 18


 942:Drivers/STM32G4xx_HAL_Driver/Src/stm32g4xx_hal_uart_ex.c ****   * @note  This function is expected to be called within the user implementation of Rx Event Callba
 943:Drivers/STM32G4xx_HAL_Driver/Src/stm32g4xx_hal_uart_ex.c ****   *        in order to provide the accurate value.
 944:Drivers/STM32G4xx_HAL_Driver/Src/stm32g4xx_hal_uart_ex.c ****   * @note  In Interrupt Mode:
 945:Drivers/STM32G4xx_HAL_Driver/Src/stm32g4xx_hal_uart_ex.c ****   *        - HAL_UART_RXEVENT_TC : when Reception has been completed (expected nb of data has been 
 946:Drivers/STM32G4xx_HAL_Driver/Src/stm32g4xx_hal_uart_ex.c ****   *        - HAL_UART_RXEVENT_IDLE : when Idle event occurred prior reception has been completed.
 947:Drivers/STM32G4xx_HAL_Driver/Src/stm32g4xx_hal_uart_ex.c ****   * @note  In DMA Mode:
 948:Drivers/STM32G4xx_HAL_Driver/Src/stm32g4xx_hal_uart_ex.c ****   *        - HAL_UART_RXEVENT_TC : when Reception has been completed (expected nb of data has been 
 949:Drivers/STM32G4xx_HAL_Driver/Src/stm32g4xx_hal_uart_ex.c ****   *        - HAL_UART_RXEVENT_HT : when half of expected nb of data has been received.
 950:Drivers/STM32G4xx_HAL_Driver/Src/stm32g4xx_hal_uart_ex.c ****   *        - HAL_UART_RXEVENT_IDLE : when Idle event occurred prior reception has been completed.
 951:Drivers/STM32G4xx_HAL_Driver/Src/stm32g4xx_hal_uart_ex.c ****   * @note  In DMA mode, RxEvent callback could be called several times;
 952:Drivers/STM32G4xx_HAL_Driver/Src/stm32g4xx_hal_uart_ex.c ****   *        When DMA is configured in Normal Mode, HT event does not stop Reception process;
 953:Drivers/STM32G4xx_HAL_Driver/Src/stm32g4xx_hal_uart_ex.c ****   *        When DMA is configured in Circular Mode, HT, TC or IDLE events don't stop Reception proc
 954:Drivers/STM32G4xx_HAL_Driver/Src/stm32g4xx_hal_uart_ex.c ****   * @param  huart UART handle.
 955:Drivers/STM32G4xx_HAL_Driver/Src/stm32g4xx_hal_uart_ex.c ****   * @retval Rx Event Type (return vale will be a value of @ref UART_RxEvent_Type_Values)
 956:Drivers/STM32G4xx_HAL_Driver/Src/stm32g4xx_hal_uart_ex.c ****   */
 957:Drivers/STM32G4xx_HAL_Driver/Src/stm32g4xx_hal_uart_ex.c **** HAL_UART_RxEventTypeTypeDef HAL_UARTEx_GetRxEventType(const UART_HandleTypeDef *huart)
 958:Drivers/STM32G4xx_HAL_Driver/Src/stm32g4xx_hal_uart_ex.c **** {
 959:Drivers/STM32G4xx_HAL_Driver/Src/stm32g4xx_hal_uart_ex.c ****   /* Return Rx Event type value, as stored in UART handle */
 960:Drivers/STM32G4xx_HAL_Driver/Src/stm32g4xx_hal_uart_ex.c ****   return (huart->RxEventType);
 961:Drivers/STM32G4xx_HAL_Driver/Src/stm32g4xx_hal_uart_ex.c **** }
 962:Drivers/STM32G4xx_HAL_Driver/Src/stm32g4xx_hal_uart_ex.c **** 
 963:Drivers/STM32G4xx_HAL_Driver/Src/stm32g4xx_hal_uart_ex.c **** /**
 964:Drivers/STM32G4xx_HAL_Driver/Src/stm32g4xx_hal_uart_ex.c ****   * @}
 965:Drivers/STM32G4xx_HAL_Driver/Src/stm32g4xx_hal_uart_ex.c ****   */
 966:Drivers/STM32G4xx_HAL_Driver/Src/stm32g4xx_hal_uart_ex.c **** 
 967:Drivers/STM32G4xx_HAL_Driver/Src/stm32g4xx_hal_uart_ex.c **** /**
 968:Drivers/STM32G4xx_HAL_Driver/Src/stm32g4xx_hal_uart_ex.c ****   * @}
 969:Drivers/STM32G4xx_HAL_Driver/Src/stm32g4xx_hal_uart_ex.c ****   */
 970:Drivers/STM32G4xx_HAL_Driver/Src/stm32g4xx_hal_uart_ex.c **** 
 971:Drivers/STM32G4xx_HAL_Driver/Src/stm32g4xx_hal_uart_ex.c **** /** @addtogroup UARTEx_Private_Functions
 972:Drivers/STM32G4xx_HAL_Driver/Src/stm32g4xx_hal_uart_ex.c ****   * @{
 973:Drivers/STM32G4xx_HAL_Driver/Src/stm32g4xx_hal_uart_ex.c ****   */
 974:Drivers/STM32G4xx_HAL_Driver/Src/stm32g4xx_hal_uart_ex.c **** 
 975:Drivers/STM32G4xx_HAL_Driver/Src/stm32g4xx_hal_uart_ex.c **** /**
 976:Drivers/STM32G4xx_HAL_Driver/Src/stm32g4xx_hal_uart_ex.c ****   * @brief Initialize the UART wake-up from stop mode parameters when triggered by address detectio
 977:Drivers/STM32G4xx_HAL_Driver/Src/stm32g4xx_hal_uart_ex.c ****   * @param huart           UART handle.
 978:Drivers/STM32G4xx_HAL_Driver/Src/stm32g4xx_hal_uart_ex.c ****   * @param WakeUpSelection UART wake up from stop mode parameters.
 979:Drivers/STM32G4xx_HAL_Driver/Src/stm32g4xx_hal_uart_ex.c ****   * @retval None
 980:Drivers/STM32G4xx_HAL_Driver/Src/stm32g4xx_hal_uart_ex.c ****   */
 981:Drivers/STM32G4xx_HAL_Driver/Src/stm32g4xx_hal_uart_ex.c **** static void UARTEx_Wakeup_AddressConfig(UART_HandleTypeDef *huart, UART_WakeUpTypeDef WakeUpSelecti
 982:Drivers/STM32G4xx_HAL_Driver/Src/stm32g4xx_hal_uart_ex.c **** {
 983:Drivers/STM32G4xx_HAL_Driver/Src/stm32g4xx_hal_uart_ex.c ****   assert_param(IS_UART_ADDRESSLENGTH_DETECT(WakeUpSelection.AddressLength));
 984:Drivers/STM32G4xx_HAL_Driver/Src/stm32g4xx_hal_uart_ex.c **** 
 985:Drivers/STM32G4xx_HAL_Driver/Src/stm32g4xx_hal_uart_ex.c ****   /* Set the USART address length */
 986:Drivers/STM32G4xx_HAL_Driver/Src/stm32g4xx_hal_uart_ex.c ****   MODIFY_REG(huart->Instance->CR2, USART_CR2_ADDM7, WakeUpSelection.AddressLength);
 987:Drivers/STM32G4xx_HAL_Driver/Src/stm32g4xx_hal_uart_ex.c **** 
 988:Drivers/STM32G4xx_HAL_Driver/Src/stm32g4xx_hal_uart_ex.c ****   /* Set the USART address node */
 989:Drivers/STM32G4xx_HAL_Driver/Src/stm32g4xx_hal_uart_ex.c ****   MODIFY_REG(huart->Instance->CR2, USART_CR2_ADD, ((uint32_t)WakeUpSelection.Address << UART_CR2_AD
 990:Drivers/STM32G4xx_HAL_Driver/Src/stm32g4xx_hal_uart_ex.c **** }
 991:Drivers/STM32G4xx_HAL_Driver/Src/stm32g4xx_hal_uart_ex.c **** 
 992:Drivers/STM32G4xx_HAL_Driver/Src/stm32g4xx_hal_uart_ex.c **** /**
 993:Drivers/STM32G4xx_HAL_Driver/Src/stm32g4xx_hal_uart_ex.c ****   * @brief Calculate the number of data to process in RX/TX ISR.
 994:Drivers/STM32G4xx_HAL_Driver/Src/stm32g4xx_hal_uart_ex.c ****   * @note The RX FIFO depth and the TX FIFO depth is extracted from
 995:Drivers/STM32G4xx_HAL_Driver/Src/stm32g4xx_hal_uart_ex.c ****   *       the UART configuration registers.
 996:Drivers/STM32G4xx_HAL_Driver/Src/stm32g4xx_hal_uart_ex.c ****   * @param huart UART handle.
 997:Drivers/STM32G4xx_HAL_Driver/Src/stm32g4xx_hal_uart_ex.c ****   * @retval None
 998:Drivers/STM32G4xx_HAL_Driver/Src/stm32g4xx_hal_uart_ex.c ****   */
ARM GAS  /tmp/ccdNxUHJ.s 			page 19


 999:Drivers/STM32G4xx_HAL_Driver/Src/stm32g4xx_hal_uart_ex.c **** static void UARTEx_SetNbDataToProcess(UART_HandleTypeDef *huart)
1000:Drivers/STM32G4xx_HAL_Driver/Src/stm32g4xx_hal_uart_ex.c **** {
  30              		.loc 1 1000 1 view -0
  31              		.cfi_startproc
  32              		@ args = 0, pretend = 0, frame = 0
  33              		@ frame_needed = 0, uses_anonymous_args = 0
1001:Drivers/STM32G4xx_HAL_Driver/Src/stm32g4xx_hal_uart_ex.c ****   uint8_t rx_fifo_depth;
  34              		.loc 1 1001 3 view .LVU1
1002:Drivers/STM32G4xx_HAL_Driver/Src/stm32g4xx_hal_uart_ex.c ****   uint8_t tx_fifo_depth;
  35              		.loc 1 1002 3 view .LVU2
1003:Drivers/STM32G4xx_HAL_Driver/Src/stm32g4xx_hal_uart_ex.c ****   uint8_t rx_fifo_threshold;
  36              		.loc 1 1003 3 view .LVU3
1004:Drivers/STM32G4xx_HAL_Driver/Src/stm32g4xx_hal_uart_ex.c ****   uint8_t tx_fifo_threshold;
  37              		.loc 1 1004 3 view .LVU4
1005:Drivers/STM32G4xx_HAL_Driver/Src/stm32g4xx_hal_uart_ex.c ****   static const uint8_t numerator[] = {1U, 1U, 1U, 3U, 7U, 1U, 0U, 0U};
  38              		.loc 1 1005 3 view .LVU5
1006:Drivers/STM32G4xx_HAL_Driver/Src/stm32g4xx_hal_uart_ex.c ****   static const uint8_t denominator[] = {8U, 4U, 2U, 4U, 8U, 1U, 1U, 1U};
  39              		.loc 1 1006 3 view .LVU6
1007:Drivers/STM32G4xx_HAL_Driver/Src/stm32g4xx_hal_uart_ex.c **** 
1008:Drivers/STM32G4xx_HAL_Driver/Src/stm32g4xx_hal_uart_ex.c ****   if (huart->FifoMode == UART_FIFOMODE_DISABLE)
  40              		.loc 1 1008 3 view .LVU7
  41              		.loc 1 1008 6 is_stmt 0 view .LVU8
  42 0000 436E     		ldr	r3, [r0, #100]
  43 0002 E3B1     		cbz	r3, .L3
1009:Drivers/STM32G4xx_HAL_Driver/Src/stm32g4xx_hal_uart_ex.c ****   {
1010:Drivers/STM32G4xx_HAL_Driver/Src/stm32g4xx_hal_uart_ex.c ****     huart->NbTxDataToProcess = 1U;
1011:Drivers/STM32G4xx_HAL_Driver/Src/stm32g4xx_hal_uart_ex.c ****     huart->NbRxDataToProcess = 1U;
1012:Drivers/STM32G4xx_HAL_Driver/Src/stm32g4xx_hal_uart_ex.c ****   }
1013:Drivers/STM32G4xx_HAL_Driver/Src/stm32g4xx_hal_uart_ex.c ****   else
1014:Drivers/STM32G4xx_HAL_Driver/Src/stm32g4xx_hal_uart_ex.c ****   {
1015:Drivers/STM32G4xx_HAL_Driver/Src/stm32g4xx_hal_uart_ex.c ****     rx_fifo_depth = RX_FIFO_DEPTH;
  44              		.loc 1 1015 5 is_stmt 1 view .LVU9
  45              	.LVL1:
1016:Drivers/STM32G4xx_HAL_Driver/Src/stm32g4xx_hal_uart_ex.c ****     tx_fifo_depth = TX_FIFO_DEPTH;
  46              		.loc 1 1016 5 view .LVU10
1017:Drivers/STM32G4xx_HAL_Driver/Src/stm32g4xx_hal_uart_ex.c ****     rx_fifo_threshold = (uint8_t)(READ_BIT(huart->Instance->CR3, USART_CR3_RXFTCFG) >> USART_CR3_RX
  47              		.loc 1 1017 5 view .LVU11
  48              		.loc 1 1017 35 is_stmt 0 view .LVU12
  49 0004 0368     		ldr	r3, [r0]
1018:Drivers/STM32G4xx_HAL_Driver/Src/stm32g4xx_hal_uart_ex.c ****     tx_fifo_threshold = (uint8_t)(READ_BIT(huart->Instance->CR3, USART_CR3_TXFTCFG) >> USART_CR3_TX
1019:Drivers/STM32G4xx_HAL_Driver/Src/stm32g4xx_hal_uart_ex.c ****     huart->NbTxDataToProcess = ((uint16_t)tx_fifo_depth * numerator[tx_fifo_threshold]) /
  50              		.loc 1 1019 68 view .LVU13
  51 0006 114A     		ldr	r2, .L9
1017:Drivers/STM32G4xx_HAL_Driver/Src/stm32g4xx_hal_uart_ex.c ****     rx_fifo_threshold = (uint8_t)(READ_BIT(huart->Instance->CR3, USART_CR3_RXFTCFG) >> USART_CR3_RX
  52              		.loc 1 1017 35 view .LVU14
  53 0008 9968     		ldr	r1, [r3, #8]
  54              	.LVL2:
1018:Drivers/STM32G4xx_HAL_Driver/Src/stm32g4xx_hal_uart_ex.c ****     tx_fifo_threshold = (uint8_t)(READ_BIT(huart->Instance->CR3, USART_CR3_TXFTCFG) >> USART_CR3_TX
  55              		.loc 1 1018 5 is_stmt 1 view .LVU15
1018:Drivers/STM32G4xx_HAL_Driver/Src/stm32g4xx_hal_uart_ex.c ****     tx_fifo_threshold = (uint8_t)(READ_BIT(huart->Instance->CR3, USART_CR3_TXFTCFG) >> USART_CR3_TX
  56              		.loc 1 1018 35 is_stmt 0 view .LVU16
  57 000a 9B68     		ldr	r3, [r3, #8]
  58              	.LVL3:
  59              		.loc 1 1019 5 is_stmt 1 view .LVU17
1000:Drivers/STM32G4xx_HAL_Driver/Src/stm32g4xx_hal_uart_ex.c ****   uint8_t rx_fifo_depth;
  60              		.loc 1 1000 1 is_stmt 0 view .LVU18
  61 000c 00B5     		push	{lr}
ARM GAS  /tmp/ccdNxUHJ.s 			page 20


  62              	.LCFI0:
  63              		.cfi_def_cfa_offset 4
  64              		.cfi_offset 14, -4
1020:Drivers/STM32G4xx_HAL_Driver/Src/stm32g4xx_hal_uart_ex.c ****                                (uint16_t)denominator[tx_fifo_threshold];
1021:Drivers/STM32G4xx_HAL_Driver/Src/stm32g4xx_hal_uart_ex.c ****     huart->NbRxDataToProcess = ((uint16_t)rx_fifo_depth * numerator[rx_fifo_threshold]) /
  65              		.loc 1 1021 68 view .LVU19
  66 000e C1F34261 		ubfx	r1, r1, #25, #3
  67              	.LVL4:
1018:Drivers/STM32G4xx_HAL_Driver/Src/stm32g4xx_hal_uart_ex.c ****     huart->NbTxDataToProcess = ((uint16_t)tx_fifo_depth * numerator[tx_fifo_threshold]) /
  68              		.loc 1 1018 85 view .LVU20
  69 0012 4FEA537C 		lsr	ip, r3, #29
1020:Drivers/STM32G4xx_HAL_Driver/Src/stm32g4xx_hal_uart_ex.c ****                                (uint16_t)denominator[tx_fifo_threshold];
  70              		.loc 1 1020 53 view .LVU21
  71 0016 DFF838E0 		ldr	lr, .L9+4
1019:Drivers/STM32G4xx_HAL_Driver/Src/stm32g4xx_hal_uart_ex.c ****                                (uint16_t)denominator[tx_fifo_threshold];
  72              		.loc 1 1019 57 view .LVU22
  73 001a 12F80C30 		ldrb	r3, [r2, ip]	@ zero_extendqisi2
  74              	.LVL5:
  75              		.loc 1 1021 57 view .LVU23
  76 001e 525C     		ldrb	r2, [r2, r1]	@ zero_extendqisi2
1020:Drivers/STM32G4xx_HAL_Driver/Src/stm32g4xx_hal_uart_ex.c ****                                (uint16_t)denominator[tx_fifo_threshold];
  77              		.loc 1 1020 32 view .LVU24
  78 0020 1EF80CC0 		ldrb	ip, [lr, ip]	@ zero_extendqisi2
1022:Drivers/STM32G4xx_HAL_Driver/Src/stm32g4xx_hal_uart_ex.c ****                                (uint16_t)denominator[rx_fifo_threshold];
  79              		.loc 1 1022 32 view .LVU25
  80 0024 1EF80110 		ldrb	r1, [lr, r1]	@ zero_extendqisi2
1019:Drivers/STM32G4xx_HAL_Driver/Src/stm32g4xx_hal_uart_ex.c ****                                (uint16_t)denominator[tx_fifo_threshold];
  81              		.loc 1 1019 57 view .LVU26
  82 0028 DB00     		lsls	r3, r3, #3
1021:Drivers/STM32G4xx_HAL_Driver/Src/stm32g4xx_hal_uart_ex.c ****                                (uint16_t)denominator[rx_fifo_threshold];
  83              		.loc 1 1021 57 view .LVU27
  84 002a D200     		lsls	r2, r2, #3
1019:Drivers/STM32G4xx_HAL_Driver/Src/stm32g4xx_hal_uart_ex.c ****                                (uint16_t)denominator[tx_fifo_threshold];
  85              		.loc 1 1019 30 view .LVU28
  86 002c B3FBFCF3 		udiv	r3, r3, ip
1021:Drivers/STM32G4xx_HAL_Driver/Src/stm32g4xx_hal_uart_ex.c ****                                (uint16_t)denominator[rx_fifo_threshold];
  87              		.loc 1 1021 5 is_stmt 1 view .LVU29
1021:Drivers/STM32G4xx_HAL_Driver/Src/stm32g4xx_hal_uart_ex.c ****                                (uint16_t)denominator[rx_fifo_threshold];
  88              		.loc 1 1021 30 is_stmt 0 view .LVU30
  89 0030 B2FBF1F2 		udiv	r2, r2, r1
  90 0034 A0F86A30 		strh	r3, [r0, #106]	@ movhi
  91 0038 A0F86820 		strh	r2, [r0, #104]	@ movhi
1023:Drivers/STM32G4xx_HAL_Driver/Src/stm32g4xx_hal_uart_ex.c ****   }
1024:Drivers/STM32G4xx_HAL_Driver/Src/stm32g4xx_hal_uart_ex.c **** }
  92              		.loc 1 1024 1 view .LVU31
  93 003c 00BD     		pop	{pc}
  94              	.LVL6:
  95              	.L3:
  96              	.LCFI1:
  97              		.cfi_def_cfa_offset 0
  98              		.cfi_restore 14
1010:Drivers/STM32G4xx_HAL_Driver/Src/stm32g4xx_hal_uart_ex.c ****     huart->NbRxDataToProcess = 1U;
  99              		.loc 1 1010 30 view .LVU32
 100 003e 0123     		movs	r3, #1
 101 0040 A0F86A30 		strh	r3, [r0, #106]	@ movhi
 102 0044 A0F86830 		strh	r3, [r0, #104]	@ movhi
 103 0048 7047     		bx	lr
ARM GAS  /tmp/ccdNxUHJ.s 			page 21


 104              	.L10:
 105 004a 00BF     		.align	2
 106              	.L9:
 107 004c 00000000 		.word	numerator.1
 108 0050 00000000 		.word	denominator.0
 109              		.cfi_endproc
 110              	.LFE346:
 112              		.section	.text.HAL_RS485Ex_Init,"ax",%progbits
 113              		.align	1
 114              		.p2align 2,,3
 115              		.global	HAL_RS485Ex_Init
 116              		.syntax unified
 117              		.thumb
 118              		.thumb_func
 120              	HAL_RS485Ex_Init:
 121              	.LVL7:
 122              	.LFB329:
 168:Drivers/STM32G4xx_HAL_Driver/Src/stm32g4xx_hal_uart_ex.c ****   uint32_t temp;
 123              		.loc 1 168 1 is_stmt 1 view -0
 124              		.cfi_startproc
 125              		@ args = 0, pretend = 0, frame = 0
 126              		@ frame_needed = 0, uses_anonymous_args = 0
 169:Drivers/STM32G4xx_HAL_Driver/Src/stm32g4xx_hal_uart_ex.c **** 
 127              		.loc 1 169 3 view .LVU34
 172:Drivers/STM32G4xx_HAL_Driver/Src/stm32g4xx_hal_uart_ex.c ****   {
 128              		.loc 1 172 3 view .LVU35
 172:Drivers/STM32G4xx_HAL_Driver/Src/stm32g4xx_hal_uart_ex.c ****   {
 129              		.loc 1 172 6 is_stmt 0 view .LVU36
 130 0000 0028     		cmp	r0, #0
 131 0002 45D0     		beq	.L23
 177:Drivers/STM32G4xx_HAL_Driver/Src/stm32g4xx_hal_uart_ex.c **** 
 132              		.loc 1 177 3 is_stmt 1 view .LVU37
 180:Drivers/STM32G4xx_HAL_Driver/Src/stm32g4xx_hal_uart_ex.c **** 
 133              		.loc 1 180 3 view .LVU38
 183:Drivers/STM32G4xx_HAL_Driver/Src/stm32g4xx_hal_uart_ex.c **** 
 134              		.loc 1 183 3 view .LVU39
 186:Drivers/STM32G4xx_HAL_Driver/Src/stm32g4xx_hal_uart_ex.c **** 
 135              		.loc 1 186 3 view .LVU40
 188:Drivers/STM32G4xx_HAL_Driver/Src/stm32g4xx_hal_uart_ex.c ****   {
 136              		.loc 1 188 3 view .LVU41
 168:Drivers/STM32G4xx_HAL_Driver/Src/stm32g4xx_hal_uart_ex.c ****   uint32_t temp;
 137              		.loc 1 168 1 is_stmt 0 view .LVU42
 138 0004 F8B5     		push	{r3, r4, r5, r6, r7, lr}
 139              	.LCFI2:
 140              		.cfi_def_cfa_offset 24
 141              		.cfi_offset 3, -24
 142              		.cfi_offset 4, -20
 143              		.cfi_offset 5, -16
 144              		.cfi_offset 6, -12
 145              		.cfi_offset 7, -8
 146              		.cfi_offset 14, -4
 147 0006 1F46     		mov	r7, r3
 188:Drivers/STM32G4xx_HAL_Driver/Src/stm32g4xx_hal_uart_ex.c ****   {
 148              		.loc 1 188 12 view .LVU43
 149 0008 D0F88830 		ldr	r3, [r0, #136]
 150              	.LVL8:
 188:Drivers/STM32G4xx_HAL_Driver/Src/stm32g4xx_hal_uart_ex.c ****   {
ARM GAS  /tmp/ccdNxUHJ.s 			page 22


 151              		.loc 1 188 12 view .LVU44
 152 000c 0446     		mov	r4, r0
 153 000e 1646     		mov	r6, r2
 154 0010 0D46     		mov	r5, r1
 188:Drivers/STM32G4xx_HAL_Driver/Src/stm32g4xx_hal_uart_ex.c ****   {
 155              		.loc 1 188 6 view .LVU45
 156 0012 C3B3     		cbz	r3, .L26
 157              	.LVL9:
 158              	.L13:
 209:Drivers/STM32G4xx_HAL_Driver/Src/stm32g4xx_hal_uart_ex.c **** 
 159              		.loc 1 209 3 is_stmt 1 view .LVU46
 209:Drivers/STM32G4xx_HAL_Driver/Src/stm32g4xx_hal_uart_ex.c **** 
 160              		.loc 1 209 17 is_stmt 0 view .LVU47
 161 0014 2423     		movs	r3, #36
 162 0016 C4F88830 		str	r3, [r4, #136]
 212:Drivers/STM32G4xx_HAL_Driver/Src/stm32g4xx_hal_uart_ex.c **** 
 163              		.loc 1 212 3 is_stmt 1 view .LVU48
 164 001a 2368     		ldr	r3, [r4]
 216:Drivers/STM32G4xx_HAL_Driver/Src/stm32g4xx_hal_uart_ex.c ****   {
 165              		.loc 1 216 6 is_stmt 0 view .LVU49
 166 001c A26A     		ldr	r2, [r4, #40]
 212:Drivers/STM32G4xx_HAL_Driver/Src/stm32g4xx_hal_uart_ex.c **** 
 167              		.loc 1 212 3 view .LVU50
 168 001e 1868     		ldr	r0, [r3]
 169 0020 20F00100 		bic	r0, r0, #1
 170 0024 1860     		str	r0, [r3]
 216:Drivers/STM32G4xx_HAL_Driver/Src/stm32g4xx_hal_uart_ex.c ****   {
 171              		.loc 1 216 3 is_stmt 1 view .LVU51
 216:Drivers/STM32G4xx_HAL_Driver/Src/stm32g4xx_hal_uart_ex.c ****   {
 172              		.loc 1 216 6 is_stmt 0 view .LVU52
 173 0026 52BB     		cbnz	r2, .L27
 174              	.L14:
 222:Drivers/STM32G4xx_HAL_Driver/Src/stm32g4xx_hal_uart_ex.c ****   {
 175              		.loc 1 222 3 is_stmt 1 view .LVU53
 222:Drivers/STM32G4xx_HAL_Driver/Src/stm32g4xx_hal_uart_ex.c ****   {
 176              		.loc 1 222 7 is_stmt 0 view .LVU54
 177 0028 2046     		mov	r0, r4
 178 002a FFF7FEFF 		bl	UART_SetConfig
 179              	.LVL10:
 222:Drivers/STM32G4xx_HAL_Driver/Src/stm32g4xx_hal_uart_ex.c ****   {
 180              		.loc 1 222 6 discriminator 1 view .LVU55
 181 002e 0128     		cmp	r0, #1
 182 0030 23D0     		beq	.L12
 228:Drivers/STM32G4xx_HAL_Driver/Src/stm32g4xx_hal_uart_ex.c **** 
 183              		.loc 1 228 3 is_stmt 1 view .LVU56
 184 0032 D4F800C0 		ldr	ip, [r4]
 235:Drivers/STM32G4xx_HAL_Driver/Src/stm32g4xx_hal_uart_ex.c ****   MODIFY_REG(huart->Instance->CR1, (USART_CR1_DEDT | USART_CR1_DEAT), temp);
 185              		.loc 1 235 28 is_stmt 0 view .LVU57
 186 0036 3B04     		lsls	r3, r7, #16
 235:Drivers/STM32G4xx_HAL_Driver/Src/stm32g4xx_hal_uart_ex.c ****   MODIFY_REG(huart->Instance->CR1, (USART_CR1_DEDT | USART_CR1_DEAT), temp);
 187              		.loc 1 235 8 view .LVU58
 188 0038 43EA4652 		orr	r2, r3, r6, lsl #21
 228:Drivers/STM32G4xx_HAL_Driver/Src/stm32g4xx_hal_uart_ex.c **** 
 189              		.loc 1 228 3 view .LVU59
 190 003c DCF80830 		ldr	r3, [ip, #8]
 191 0040 43F48043 		orr	r3, r3, #16384
 192 0044 CCF80830 		str	r3, [ip, #8]
ARM GAS  /tmp/ccdNxUHJ.s 			page 23


 231:Drivers/STM32G4xx_HAL_Driver/Src/stm32g4xx_hal_uart_ex.c **** 
 193              		.loc 1 231 3 is_stmt 1 view .LVU60
 194 0048 DCF80830 		ldr	r3, [ip, #8]
 195 004c 23F40043 		bic	r3, r3, #32768
 196 0050 2B43     		orrs	r3, r3, r5
 197 0052 CCF80830 		str	r3, [ip, #8]
 234:Drivers/STM32G4xx_HAL_Driver/Src/stm32g4xx_hal_uart_ex.c ****   temp |= (DeassertionTime << UART_CR1_DEDT_ADDRESS_LSB_POS);
 198              		.loc 1 234 3 view .LVU61
 199              	.LVL11:
 235:Drivers/STM32G4xx_HAL_Driver/Src/stm32g4xx_hal_uart_ex.c ****   MODIFY_REG(huart->Instance->CR1, (USART_CR1_DEDT | USART_CR1_DEAT), temp);
 200              		.loc 1 235 3 view .LVU62
 236:Drivers/STM32G4xx_HAL_Driver/Src/stm32g4xx_hal_uart_ex.c **** 
 201              		.loc 1 236 3 view .LVU63
 202 0056 DCF80030 		ldr	r3, [ip]
 203 005a 6FF31943 		bfc	r3, #16, #10
 204 005e 1A43     		orrs	r2, r2, r3
 205 0060 CCF80020 		str	r2, [ip]
 239:Drivers/STM32G4xx_HAL_Driver/Src/stm32g4xx_hal_uart_ex.c **** 
 206              		.loc 1 239 3 view .LVU64
 207 0064 DCF80030 		ldr	r3, [ip]
 208 0068 43F00103 		orr	r3, r3, #1
 242:Drivers/STM32G4xx_HAL_Driver/Src/stm32g4xx_hal_uart_ex.c **** }
 209              		.loc 1 242 11 is_stmt 0 view .LVU65
 210 006c 2046     		mov	r0, r4
 239:Drivers/STM32G4xx_HAL_Driver/Src/stm32g4xx_hal_uart_ex.c **** 
 211              		.loc 1 239 3 view .LVU66
 212 006e CCF80030 		str	r3, [ip]
 242:Drivers/STM32G4xx_HAL_Driver/Src/stm32g4xx_hal_uart_ex.c **** }
 213              		.loc 1 242 3 is_stmt 1 view .LVU67
 243:Drivers/STM32G4xx_HAL_Driver/Src/stm32g4xx_hal_uart_ex.c **** 
 214              		.loc 1 243 1 is_stmt 0 view .LVU68
 215 0072 BDE8F840 		pop	{r3, r4, r5, r6, r7, lr}
 216              	.LCFI3:
 217              		.cfi_remember_state
 218              		.cfi_restore 14
 219              		.cfi_restore 7
 220              		.cfi_restore 6
 221              		.cfi_restore 5
 222              		.cfi_restore 4
 223              		.cfi_restore 3
 224              		.cfi_def_cfa_offset 0
 225              	.LVL12:
 242:Drivers/STM32G4xx_HAL_Driver/Src/stm32g4xx_hal_uart_ex.c **** }
 226              		.loc 1 242 11 view .LVU69
 227 0076 FFF7FEBF 		b	UART_CheckIdleState
 228              	.LVL13:
 229              	.L12:
 230              	.LCFI4:
 231              		.cfi_restore_state
 243:Drivers/STM32G4xx_HAL_Driver/Src/stm32g4xx_hal_uart_ex.c **** 
 232              		.loc 1 243 1 view .LVU70
 233 007a 0120     		movs	r0, #1
 234 007c F8BD     		pop	{r3, r4, r5, r6, r7, pc}
 235              	.LVL14:
 236              	.L27:
 218:Drivers/STM32G4xx_HAL_Driver/Src/stm32g4xx_hal_uart_ex.c ****   }
 237              		.loc 1 218 5 is_stmt 1 view .LVU71
ARM GAS  /tmp/ccdNxUHJ.s 			page 24


 238 007e 2046     		mov	r0, r4
 239 0080 FFF7FEFF 		bl	UART_AdvFeatureConfig
 240              	.LVL15:
 241 0084 D0E7     		b	.L14
 242              	.LVL16:
 243              	.L26:
 191:Drivers/STM32G4xx_HAL_Driver/Src/stm32g4xx_hal_uart_ex.c **** 
 244              		.loc 1 191 5 view .LVU72
 191:Drivers/STM32G4xx_HAL_Driver/Src/stm32g4xx_hal_uart_ex.c **** 
 245              		.loc 1 191 17 is_stmt 0 view .LVU73
 246 0086 80F88430 		strb	r3, [r0, #132]
 205:Drivers/STM32G4xx_HAL_Driver/Src/stm32g4xx_hal_uart_ex.c **** #endif /* (USE_HAL_UART_REGISTER_CALLBACKS) */
 247              		.loc 1 205 5 is_stmt 1 view .LVU74
 248 008a FFF7FEFF 		bl	HAL_UART_MspInit
 249              	.LVL17:
 205:Drivers/STM32G4xx_HAL_Driver/Src/stm32g4xx_hal_uart_ex.c **** #endif /* (USE_HAL_UART_REGISTER_CALLBACKS) */
 250              		.loc 1 205 5 is_stmt 0 view .LVU75
 251 008e C1E7     		b	.L13
 252              	.LVL18:
 253              	.L23:
 254              	.LCFI5:
 255              		.cfi_def_cfa_offset 0
 256              		.cfi_restore 3
 257              		.cfi_restore 4
 258              		.cfi_restore 5
 259              		.cfi_restore 6
 260              		.cfi_restore 7
 261              		.cfi_restore 14
 243:Drivers/STM32G4xx_HAL_Driver/Src/stm32g4xx_hal_uart_ex.c **** 
 262              		.loc 1 243 1 view .LVU76
 263 0090 0120     		movs	r0, #1
 264              	.LVL19:
 243:Drivers/STM32G4xx_HAL_Driver/Src/stm32g4xx_hal_uart_ex.c **** 
 265              		.loc 1 243 1 view .LVU77
 266 0092 7047     		bx	lr
 267              		.cfi_endproc
 268              	.LFE329:
 270              		.section	.text.HAL_UARTEx_WakeupCallback,"ax",%progbits
 271              		.align	1
 272              		.p2align 2,,3
 273              		.weak	HAL_UARTEx_WakeupCallback
 274              		.syntax unified
 275              		.thumb
 276              		.thumb_func
 278              	HAL_UARTEx_WakeupCallback:
 279              	.LVL20:
 280              	.LFB330:
 273:Drivers/STM32G4xx_HAL_Driver/Src/stm32g4xx_hal_uart_ex.c ****   /* Prevent unused argument(s) compilation warning */
 281              		.loc 1 273 1 is_stmt 1 view -0
 282              		.cfi_startproc
 283              		@ args = 0, pretend = 0, frame = 0
 284              		@ frame_needed = 0, uses_anonymous_args = 0
 285              		@ link register save eliminated.
 275:Drivers/STM32G4xx_HAL_Driver/Src/stm32g4xx_hal_uart_ex.c **** 
 286              		.loc 1 275 3 view .LVU79
 280:Drivers/STM32G4xx_HAL_Driver/Src/stm32g4xx_hal_uart_ex.c **** 
 287              		.loc 1 280 1 is_stmt 0 view .LVU80
ARM GAS  /tmp/ccdNxUHJ.s 			page 25


 288 0000 7047     		bx	lr
 289              		.cfi_endproc
 290              	.LFE330:
 292 0002 00BF     		.section	.text.HAL_UARTEx_RxFifoFullCallback,"ax",%progbits
 293              		.align	1
 294              		.p2align 2,,3
 295              		.weak	HAL_UARTEx_RxFifoFullCallback
 296              		.syntax unified
 297              		.thumb
 298              		.thumb_func
 300              	HAL_UARTEx_RxFifoFullCallback:
 301              	.LFB348:
 302              		.cfi_startproc
 287:Drivers/STM32G4xx_HAL_Driver/Src/stm32g4xx_hal_uart_ex.c **** {
 303              		.loc 1 287 13 is_stmt 1 view -0
 304              		@ args = 0, pretend = 0, frame = 0
 305              		@ frame_needed = 0, uses_anonymous_args = 0
 306              		@ link register save eliminated.
 307 0000 7047     		bx	lr
 308              		.cfi_endproc
 309              	.LFE348:
 311 0002 00BF     		.section	.text.HAL_UARTEx_TxFifoEmptyCallback,"ax",%progbits
 312              		.align	1
 313              		.p2align 2,,3
 314              		.weak	HAL_UARTEx_TxFifoEmptyCallback
 315              		.syntax unified
 316              		.thumb
 317              		.thumb_func
 319              	HAL_UARTEx_TxFifoEmptyCallback:
 320              	.LFB350:
 321              		.cfi_startproc
 302:Drivers/STM32G4xx_HAL_Driver/Src/stm32g4xx_hal_uart_ex.c **** {
 322              		.loc 1 302 13 view -0
 323              		@ args = 0, pretend = 0, frame = 0
 324              		@ frame_needed = 0, uses_anonymous_args = 0
 325              		@ link register save eliminated.
 326 0000 7047     		bx	lr
 327              		.cfi_endproc
 328              	.LFE350:
 330 0002 00BF     		.section	.text.HAL_MultiProcessorEx_AddressLength_Set,"ax",%progbits
 331              		.align	1
 332              		.p2align 2,,3
 333              		.global	HAL_MultiProcessorEx_AddressLength_Set
 334              		.syntax unified
 335              		.thumb
 336              		.thumb_func
 338              	HAL_MultiProcessorEx_AddressLength_Set:
 339              	.LVL21:
 340              	.LFB333:
 388:Drivers/STM32G4xx_HAL_Driver/Src/stm32g4xx_hal_uart_ex.c ****   /* Check the UART handle allocation */
 341              		.loc 1 388 1 view -0
 342              		.cfi_startproc
 343              		@ args = 0, pretend = 0, frame = 0
 344              		@ frame_needed = 0, uses_anonymous_args = 0
 345              		@ link register save eliminated.
 390:Drivers/STM32G4xx_HAL_Driver/Src/stm32g4xx_hal_uart_ex.c ****   {
 346              		.loc 1 390 3 view .LVU84
ARM GAS  /tmp/ccdNxUHJ.s 			page 26


 390:Drivers/STM32G4xx_HAL_Driver/Src/stm32g4xx_hal_uart_ex.c ****   {
 347              		.loc 1 390 6 is_stmt 0 view .LVU85
 348 0000 98B1     		cbz	r0, .L32
 396:Drivers/STM32G4xx_HAL_Driver/Src/stm32g4xx_hal_uart_ex.c **** 
 349              		.loc 1 396 3 is_stmt 1 view .LVU86
 398:Drivers/STM32G4xx_HAL_Driver/Src/stm32g4xx_hal_uart_ex.c **** 
 350              		.loc 1 398 3 view .LVU87
 401:Drivers/STM32G4xx_HAL_Driver/Src/stm32g4xx_hal_uart_ex.c **** 
 351              		.loc 1 401 3 is_stmt 0 view .LVU88
 352 0002 0368     		ldr	r3, [r0]
 398:Drivers/STM32G4xx_HAL_Driver/Src/stm32g4xx_hal_uart_ex.c **** 
 353              		.loc 1 398 17 view .LVU89
 354 0004 4FF0240C 		mov	ip, #36
 355 0008 C0F888C0 		str	ip, [r0, #136]
 401:Drivers/STM32G4xx_HAL_Driver/Src/stm32g4xx_hal_uart_ex.c **** 
 356              		.loc 1 401 3 is_stmt 1 view .LVU90
 357 000c 1A68     		ldr	r2, [r3]
 358 000e 22F00102 		bic	r2, r2, #1
 359 0012 1A60     		str	r2, [r3]
 404:Drivers/STM32G4xx_HAL_Driver/Src/stm32g4xx_hal_uart_ex.c **** 
 360              		.loc 1 404 3 view .LVU91
 361 0014 5A68     		ldr	r2, [r3, #4]
 362 0016 22F01002 		bic	r2, r2, #16
 363 001a 0A43     		orrs	r2, r2, r1
 364 001c 5A60     		str	r2, [r3, #4]
 407:Drivers/STM32G4xx_HAL_Driver/Src/stm32g4xx_hal_uart_ex.c **** 
 365              		.loc 1 407 3 view .LVU92
 366 001e 1A68     		ldr	r2, [r3]
 367 0020 42F00102 		orr	r2, r2, #1
 368 0024 1A60     		str	r2, [r3]
 410:Drivers/STM32G4xx_HAL_Driver/Src/stm32g4xx_hal_uart_ex.c **** }
 369              		.loc 1 410 3 view .LVU93
 410:Drivers/STM32G4xx_HAL_Driver/Src/stm32g4xx_hal_uart_ex.c **** }
 370              		.loc 1 410 11 is_stmt 0 view .LVU94
 371 0026 FFF7FEBF 		b	UART_CheckIdleState
 372              	.LVL22:
 373              	.L32:
 411:Drivers/STM32G4xx_HAL_Driver/Src/stm32g4xx_hal_uart_ex.c **** 
 374              		.loc 1 411 1 view .LVU95
 375 002a 0120     		movs	r0, #1
 376              	.LVL23:
 411:Drivers/STM32G4xx_HAL_Driver/Src/stm32g4xx_hal_uart_ex.c **** 
 377              		.loc 1 411 1 view .LVU96
 378 002c 7047     		bx	lr
 379              		.cfi_endproc
 380              	.LFE333:
 382 002e 00BF     		.section	.text.HAL_UARTEx_StopModeWakeUpSourceConfig,"ax",%progbits
 383              		.align	1
 384              		.p2align 2,,3
 385              		.global	HAL_UARTEx_StopModeWakeUpSourceConfig
 386              		.syntax unified
 387              		.thumb
 388              		.thumb_func
 390              	HAL_UARTEx_StopModeWakeUpSourceConfig:
 391              	.LVL24:
 392              	.LFB334:
 426:Drivers/STM32G4xx_HAL_Driver/Src/stm32g4xx_hal_uart_ex.c ****   HAL_StatusTypeDef status = HAL_OK;
ARM GAS  /tmp/ccdNxUHJ.s 			page 27


 393              		.loc 1 426 1 is_stmt 1 view -0
 394              		.cfi_startproc
 395              		@ args = 0, pretend = 0, frame = 8
 396              		@ frame_needed = 0, uses_anonymous_args = 0
 426:Drivers/STM32G4xx_HAL_Driver/Src/stm32g4xx_hal_uart_ex.c ****   HAL_StatusTypeDef status = HAL_OK;
 397              		.loc 1 426 1 is_stmt 0 view .LVU98
 398 0000 10B5     		push	{r4, lr}
 399              	.LCFI6:
 400              		.cfi_def_cfa_offset 8
 401              		.cfi_offset 4, -8
 402              		.cfi_offset 14, -4
 436:Drivers/STM32G4xx_HAL_Driver/Src/stm32g4xx_hal_uart_ex.c **** 
 403              		.loc 1 436 3 view .LVU99
 404 0002 90F88430 		ldrb	r3, [r0, #132]	@ zero_extendqisi2
 426:Drivers/STM32G4xx_HAL_Driver/Src/stm32g4xx_hal_uart_ex.c ****   HAL_StatusTypeDef status = HAL_OK;
 405              		.loc 1 426 1 view .LVU100
 406 0006 84B0     		sub	sp, sp, #16
 407              	.LCFI7:
 408              		.cfi_def_cfa_offset 24
 409              	.LVL25:
 427:Drivers/STM32G4xx_HAL_Driver/Src/stm32g4xx_hal_uart_ex.c ****   uint32_t tickstart;
 410              		.loc 1 427 3 is_stmt 1 view .LVU101
 428:Drivers/STM32G4xx_HAL_Driver/Src/stm32g4xx_hal_uart_ex.c **** 
 411              		.loc 1 428 3 view .LVU102
 431:Drivers/STM32G4xx_HAL_Driver/Src/stm32g4xx_hal_uart_ex.c ****   /* check the wake-up selection parameter */
 412              		.loc 1 431 3 view .LVU103
 433:Drivers/STM32G4xx_HAL_Driver/Src/stm32g4xx_hal_uart_ex.c **** 
 413              		.loc 1 433 3 view .LVU104
 436:Drivers/STM32G4xx_HAL_Driver/Src/stm32g4xx_hal_uart_ex.c **** 
 414              		.loc 1 436 3 view .LVU105
 436:Drivers/STM32G4xx_HAL_Driver/Src/stm32g4xx_hal_uart_ex.c **** 
 415              		.loc 1 436 3 view .LVU106
 416 0008 012B     		cmp	r3, #1
 426:Drivers/STM32G4xx_HAL_Driver/Src/stm32g4xx_hal_uart_ex.c ****   HAL_StatusTypeDef status = HAL_OK;
 417              		.loc 1 426 1 is_stmt 0 view .LVU107
 418 000a CDE90212 		strd	r1, r2, [sp, #8]
 419              	.LVL26:
 436:Drivers/STM32G4xx_HAL_Driver/Src/stm32g4xx_hal_uart_ex.c **** 
 420              		.loc 1 436 3 view .LVU108
 421 000e 3CD0     		beq	.L37
 441:Drivers/STM32G4xx_HAL_Driver/Src/stm32g4xx_hal_uart_ex.c **** 
 422              		.loc 1 441 3 view .LVU109
 423 0010 0268     		ldr	r2, [r0]
 436:Drivers/STM32G4xx_HAL_Driver/Src/stm32g4xx_hal_uart_ex.c **** 
 424              		.loc 1 436 3 discriminator 2 view .LVU110
 425 0012 0121     		movs	r1, #1
 438:Drivers/STM32G4xx_HAL_Driver/Src/stm32g4xx_hal_uart_ex.c **** 
 426              		.loc 1 438 17 view .LVU111
 427 0014 2423     		movs	r3, #36
 436:Drivers/STM32G4xx_HAL_Driver/Src/stm32g4xx_hal_uart_ex.c **** 
 428              		.loc 1 436 3 discriminator 2 view .LVU112
 429 0016 80F88410 		strb	r1, [r0, #132]
 438:Drivers/STM32G4xx_HAL_Driver/Src/stm32g4xx_hal_uart_ex.c **** 
 430              		.loc 1 438 17 view .LVU113
 431 001a C0F88830 		str	r3, [r0, #136]
 441:Drivers/STM32G4xx_HAL_Driver/Src/stm32g4xx_hal_uart_ex.c **** 
 432              		.loc 1 441 3 view .LVU114
ARM GAS  /tmp/ccdNxUHJ.s 			page 28


 433 001e 1368     		ldr	r3, [r2]
 434 0020 0299     		ldr	r1, [sp, #8]
 436:Drivers/STM32G4xx_HAL_Driver/Src/stm32g4xx_hal_uart_ex.c **** 
 435              		.loc 1 436 3 is_stmt 1 discriminator 2 view .LVU115
 436:Drivers/STM32G4xx_HAL_Driver/Src/stm32g4xx_hal_uart_ex.c **** 
 436              		.loc 1 436 3 discriminator 2 view .LVU116
 438:Drivers/STM32G4xx_HAL_Driver/Src/stm32g4xx_hal_uart_ex.c **** 
 437              		.loc 1 438 3 view .LVU117
 441:Drivers/STM32G4xx_HAL_Driver/Src/stm32g4xx_hal_uart_ex.c **** 
 438              		.loc 1 441 3 view .LVU118
 439 0022 23F00103 		bic	r3, r3, #1
 440 0026 1360     		str	r3, [r2]
 444:Drivers/STM32G4xx_HAL_Driver/Src/stm32g4xx_hal_uart_ex.c **** 
 441              		.loc 1 444 3 view .LVU119
 442 0028 9368     		ldr	r3, [r2, #8]
 443 002a 23F44013 		bic	r3, r3, #3145728
 444 002e 0B43     		orrs	r3, r3, r1
 445 0030 9360     		str	r3, [r2, #8]
 446:Drivers/STM32G4xx_HAL_Driver/Src/stm32g4xx_hal_uart_ex.c ****   {
 446              		.loc 1 446 3 view .LVU120
 446:Drivers/STM32G4xx_HAL_Driver/Src/stm32g4xx_hal_uart_ex.c ****   {
 447              		.loc 1 446 6 is_stmt 0 view .LVU121
 448 0032 71B9     		cbnz	r1, .L35
 448:Drivers/STM32G4xx_HAL_Driver/Src/stm32g4xx_hal_uart_ex.c ****   }
 449              		.loc 1 448 5 is_stmt 1 view .LVU122
 450              	.LVL27:
 451              	.LBB24:
 452              	.LBB25:
 986:Drivers/STM32G4xx_HAL_Driver/Src/stm32g4xx_hal_uart_ex.c **** 
 453              		.loc 1 986 3 is_stmt 0 view .LVU123
 454 0034 5368     		ldr	r3, [r2, #4]
 455 0036 BDF80C10 		ldrh	r1, [sp, #12]
 456 003a 23F01003 		bic	r3, r3, #16
 457 003e 0B43     		orrs	r3, r3, r1
 458 0040 5360     		str	r3, [r2, #4]
 989:Drivers/STM32G4xx_HAL_Driver/Src/stm32g4xx_hal_uart_ex.c **** }
 459              		.loc 1 989 3 view .LVU124
 460 0042 5368     		ldr	r3, [r2, #4]
 461 0044 9DF80E10 		ldrb	r1, [sp, #14]	@ zero_extendqisi2
 462              	.LVL28:
 989:Drivers/STM32G4xx_HAL_Driver/Src/stm32g4xx_hal_uart_ex.c **** }
 463              		.loc 1 989 3 view .LVU125
 464              	.LBE25:
 465              	.LBI24:
 981:Drivers/STM32G4xx_HAL_Driver/Src/stm32g4xx_hal_uart_ex.c **** {
 466              		.loc 1 981 13 is_stmt 1 view .LVU126
 467              	.LBB26:
 983:Drivers/STM32G4xx_HAL_Driver/Src/stm32g4xx_hal_uart_ex.c **** 
 468              		.loc 1 983 3 view .LVU127
 986:Drivers/STM32G4xx_HAL_Driver/Src/stm32g4xx_hal_uart_ex.c **** 
 469              		.loc 1 986 3 view .LVU128
 989:Drivers/STM32G4xx_HAL_Driver/Src/stm32g4xx_hal_uart_ex.c **** }
 470              		.loc 1 989 3 view .LVU129
 471 0048 23F07F43 		bic	r3, r3, #-16777216
 472 004c 43EA0163 		orr	r3, r3, r1, lsl #24
 473 0050 5360     		str	r3, [r2, #4]
 474              	.LVL29:
ARM GAS  /tmp/ccdNxUHJ.s 			page 29


 475              	.L35:
 989:Drivers/STM32G4xx_HAL_Driver/Src/stm32g4xx_hal_uart_ex.c **** }
 476              		.loc 1 989 3 is_stmt 0 view .LVU130
 477              	.LBE26:
 478              	.LBE24:
 452:Drivers/STM32G4xx_HAL_Driver/Src/stm32g4xx_hal_uart_ex.c **** 
 479              		.loc 1 452 3 is_stmt 1 view .LVU131
 480 0052 1368     		ldr	r3, [r2]
 481 0054 43F00103 		orr	r3, r3, #1
 482 0058 1360     		str	r3, [r2]
 455:Drivers/STM32G4xx_HAL_Driver/Src/stm32g4xx_hal_uart_ex.c **** 
 483              		.loc 1 455 3 view .LVU132
 484 005a 0446     		mov	r4, r0
 455:Drivers/STM32G4xx_HAL_Driver/Src/stm32g4xx_hal_uart_ex.c **** 
 485              		.loc 1 455 15 is_stmt 0 view .LVU133
 486 005c FFF7FEFF 		bl	HAL_GetTick
 487              	.LVL30:
 458:Drivers/STM32G4xx_HAL_Driver/Src/stm32g4xx_hal_uart_ex.c ****   {
 488              		.loc 1 458 7 view .LVU134
 489 0060 6FF07E42 		mvn	r2, #-33554432
 455:Drivers/STM32G4xx_HAL_Driver/Src/stm32g4xx_hal_uart_ex.c **** 
 490              		.loc 1 455 15 view .LVU135
 491 0064 0346     		mov	r3, r0
 492              	.LVL31:
 458:Drivers/STM32G4xx_HAL_Driver/Src/stm32g4xx_hal_uart_ex.c ****   {
 493              		.loc 1 458 3 is_stmt 1 view .LVU136
 458:Drivers/STM32G4xx_HAL_Driver/Src/stm32g4xx_hal_uart_ex.c ****   {
 494              		.loc 1 458 7 is_stmt 0 view .LVU137
 495 0066 0092     		str	r2, [sp]
 496 0068 4FF48001 		mov	r1, #4194304
 497 006c 0022     		movs	r2, #0
 498 006e 2046     		mov	r0, r4
 499              	.LVL32:
 458:Drivers/STM32G4xx_HAL_Driver/Src/stm32g4xx_hal_uart_ex.c ****   {
 500              		.loc 1 458 7 view .LVU138
 501 0070 FFF7FEFF 		bl	UART_WaitOnFlagUntilTimeout
 502              	.LVL33:
 458:Drivers/STM32G4xx_HAL_Driver/Src/stm32g4xx_hal_uart_ex.c ****   {
 503              		.loc 1 458 6 discriminator 1 view .LVU139
 504 0074 38B9     		cbnz	r0, .L38
 465:Drivers/STM32G4xx_HAL_Driver/Src/stm32g4xx_hal_uart_ex.c ****   }
 505              		.loc 1 465 5 is_stmt 1 view .LVU140
 465:Drivers/STM32G4xx_HAL_Driver/Src/stm32g4xx_hal_uart_ex.c ****   }
 506              		.loc 1 465 19 is_stmt 0 view .LVU141
 507 0076 2023     		movs	r3, #32
 508 0078 C4F88830 		str	r3, [r4, #136]
 509              	.L36:
 510              	.LVL34:
 469:Drivers/STM32G4xx_HAL_Driver/Src/stm32g4xx_hal_uart_ex.c **** 
 511              		.loc 1 469 3 is_stmt 1 view .LVU142
 469:Drivers/STM32G4xx_HAL_Driver/Src/stm32g4xx_hal_uart_ex.c **** 
 512              		.loc 1 469 3 view .LVU143
 513 007c 0023     		movs	r3, #0
 514 007e 84F88430 		strb	r3, [r4, #132]
 469:Drivers/STM32G4xx_HAL_Driver/Src/stm32g4xx_hal_uart_ex.c **** 
 515              		.loc 1 469 3 view .LVU144
 471:Drivers/STM32G4xx_HAL_Driver/Src/stm32g4xx_hal_uart_ex.c **** }
ARM GAS  /tmp/ccdNxUHJ.s 			page 30


 516              		.loc 1 471 3 view .LVU145
 472:Drivers/STM32G4xx_HAL_Driver/Src/stm32g4xx_hal_uart_ex.c **** 
 517              		.loc 1 472 1 is_stmt 0 view .LVU146
 518 0082 04B0     		add	sp, sp, #16
 519              	.LCFI8:
 520              		.cfi_remember_state
 521              		.cfi_def_cfa_offset 8
 522              		@ sp needed
 523 0084 10BD     		pop	{r4, pc}
 524              	.LVL35:
 525              	.L38:
 526              	.LCFI9:
 527              		.cfi_restore_state
 460:Drivers/STM32G4xx_HAL_Driver/Src/stm32g4xx_hal_uart_ex.c ****   }
 528              		.loc 1 460 12 view .LVU147
 529 0086 0320     		movs	r0, #3
 530 0088 F8E7     		b	.L36
 531              	.LVL36:
 532              	.L37:
 436:Drivers/STM32G4xx_HAL_Driver/Src/stm32g4xx_hal_uart_ex.c **** 
 533              		.loc 1 436 3 discriminator 1 view .LVU148
 534 008a 0220     		movs	r0, #2
 535              	.LVL37:
 472:Drivers/STM32G4xx_HAL_Driver/Src/stm32g4xx_hal_uart_ex.c **** 
 536              		.loc 1 472 1 view .LVU149
 537 008c 04B0     		add	sp, sp, #16
 538              	.LCFI10:
 539              		.cfi_def_cfa_offset 8
 540              		@ sp needed
 541 008e 10BD     		pop	{r4, pc}
 542              		.cfi_endproc
 543              	.LFE334:
 545              		.section	.text.HAL_UARTEx_EnableStopMode,"ax",%progbits
 546              		.align	1
 547              		.p2align 2,,3
 548              		.global	HAL_UARTEx_EnableStopMode
 549              		.syntax unified
 550              		.thumb
 551              		.thumb_func
 553              	HAL_UARTEx_EnableStopMode:
 554              	.LVL38:
 555              	.LFB335:
 481:Drivers/STM32G4xx_HAL_Driver/Src/stm32g4xx_hal_uart_ex.c ****   /* Process Locked */
 556              		.loc 1 481 1 is_stmt 1 view -0
 557              		.cfi_startproc
 558              		@ args = 0, pretend = 0, frame = 0
 559              		@ frame_needed = 0, uses_anonymous_args = 0
 560              		@ link register save eliminated.
 483:Drivers/STM32G4xx_HAL_Driver/Src/stm32g4xx_hal_uart_ex.c **** 
 561              		.loc 1 483 3 view .LVU151
 483:Drivers/STM32G4xx_HAL_Driver/Src/stm32g4xx_hal_uart_ex.c **** 
 562              		.loc 1 483 3 view .LVU152
 563 0000 90F88430 		ldrb	r3, [r0, #132]	@ zero_extendqisi2
 564 0004 012B     		cmp	r3, #1
 565 0006 0FD0     		beq	.L43
 483:Drivers/STM32G4xx_HAL_Driver/Src/stm32g4xx_hal_uart_ex.c **** 
 566              		.loc 1 483 3 discriminator 2 view .LVU153
ARM GAS  /tmp/ccdNxUHJ.s 			page 31


 567 0008 0123     		movs	r3, #1
 568 000a 0168     		ldr	r1, [r0]
 569 000c 80F88430 		strb	r3, [r0, #132]
 570              	.L42:
 483:Drivers/STM32G4xx_HAL_Driver/Src/stm32g4xx_hal_uart_ex.c **** 
 571              		.loc 1 483 3 discriminator 3 view .LVU154
 486:Drivers/STM32G4xx_HAL_Driver/Src/stm32g4xx_hal_uart_ex.c **** 
 572              		.loc 1 486 3 view .LVU155
 573              	.LBB27:
 486:Drivers/STM32G4xx_HAL_Driver/Src/stm32g4xx_hal_uart_ex.c **** 
 574              		.loc 1 486 3 view .LVU156
 486:Drivers/STM32G4xx_HAL_Driver/Src/stm32g4xx_hal_uart_ex.c **** 
 575              		.loc 1 486 3 view .LVU157
 486:Drivers/STM32G4xx_HAL_Driver/Src/stm32g4xx_hal_uart_ex.c **** 
 576              		.loc 1 486 3 view .LVU158
 577              	.LVL39:
 578              	.LBB28:
 579              	.LBI28:
 580              		.file 2 "Drivers/CMSIS/Include/cmsis_gcc.h"
   1:Drivers/CMSIS/Include/cmsis_gcc.h **** /**************************************************************************//**
   2:Drivers/CMSIS/Include/cmsis_gcc.h ****  * @file     cmsis_gcc.h
   3:Drivers/CMSIS/Include/cmsis_gcc.h ****  * @brief    CMSIS compiler GCC header file
   4:Drivers/CMSIS/Include/cmsis_gcc.h ****  * @version  V5.2.0
   5:Drivers/CMSIS/Include/cmsis_gcc.h ****  * @date     08. May 2019
   6:Drivers/CMSIS/Include/cmsis_gcc.h ****  ******************************************************************************/
   7:Drivers/CMSIS/Include/cmsis_gcc.h **** /*
   8:Drivers/CMSIS/Include/cmsis_gcc.h ****  * Copyright (c) 2009-2019 Arm Limited. All rights reserved.
   9:Drivers/CMSIS/Include/cmsis_gcc.h ****  *
  10:Drivers/CMSIS/Include/cmsis_gcc.h ****  * SPDX-License-Identifier: Apache-2.0
  11:Drivers/CMSIS/Include/cmsis_gcc.h ****  *
  12:Drivers/CMSIS/Include/cmsis_gcc.h ****  * Licensed under the Apache License, Version 2.0 (the License); you may
  13:Drivers/CMSIS/Include/cmsis_gcc.h ****  * not use this file except in compliance with the License.
  14:Drivers/CMSIS/Include/cmsis_gcc.h ****  * You may obtain a copy of the License at
  15:Drivers/CMSIS/Include/cmsis_gcc.h ****  *
  16:Drivers/CMSIS/Include/cmsis_gcc.h ****  * www.apache.org/licenses/LICENSE-2.0
  17:Drivers/CMSIS/Include/cmsis_gcc.h ****  *
  18:Drivers/CMSIS/Include/cmsis_gcc.h ****  * Unless required by applicable law or agreed to in writing, software
  19:Drivers/CMSIS/Include/cmsis_gcc.h ****  * distributed under the License is distributed on an AS IS BASIS, WITHOUT
  20:Drivers/CMSIS/Include/cmsis_gcc.h ****  * WARRANTIES OR CONDITIONS OF ANY KIND, either express or implied.
  21:Drivers/CMSIS/Include/cmsis_gcc.h ****  * See the License for the specific language governing permissions and
  22:Drivers/CMSIS/Include/cmsis_gcc.h ****  * limitations under the License.
  23:Drivers/CMSIS/Include/cmsis_gcc.h ****  */
  24:Drivers/CMSIS/Include/cmsis_gcc.h **** 
  25:Drivers/CMSIS/Include/cmsis_gcc.h **** #ifndef __CMSIS_GCC_H
  26:Drivers/CMSIS/Include/cmsis_gcc.h **** #define __CMSIS_GCC_H
  27:Drivers/CMSIS/Include/cmsis_gcc.h **** 
  28:Drivers/CMSIS/Include/cmsis_gcc.h **** /* ignore some GCC warnings */
  29:Drivers/CMSIS/Include/cmsis_gcc.h **** #pragma GCC diagnostic push
  30:Drivers/CMSIS/Include/cmsis_gcc.h **** #pragma GCC diagnostic ignored "-Wsign-conversion"
  31:Drivers/CMSIS/Include/cmsis_gcc.h **** #pragma GCC diagnostic ignored "-Wconversion"
  32:Drivers/CMSIS/Include/cmsis_gcc.h **** #pragma GCC diagnostic ignored "-Wunused-parameter"
  33:Drivers/CMSIS/Include/cmsis_gcc.h **** 
  34:Drivers/CMSIS/Include/cmsis_gcc.h **** /* Fallback for __has_builtin */
  35:Drivers/CMSIS/Include/cmsis_gcc.h **** #ifndef __has_builtin
  36:Drivers/CMSIS/Include/cmsis_gcc.h ****   #define __has_builtin(x) (0)
  37:Drivers/CMSIS/Include/cmsis_gcc.h **** #endif
  38:Drivers/CMSIS/Include/cmsis_gcc.h **** 
ARM GAS  /tmp/ccdNxUHJ.s 			page 32


  39:Drivers/CMSIS/Include/cmsis_gcc.h **** /* CMSIS compiler specific defines */
  40:Drivers/CMSIS/Include/cmsis_gcc.h **** #ifndef   __ASM
  41:Drivers/CMSIS/Include/cmsis_gcc.h ****   #define __ASM                                  __asm
  42:Drivers/CMSIS/Include/cmsis_gcc.h **** #endif
  43:Drivers/CMSIS/Include/cmsis_gcc.h **** #ifndef   __INLINE
  44:Drivers/CMSIS/Include/cmsis_gcc.h ****   #define __INLINE                               inline
  45:Drivers/CMSIS/Include/cmsis_gcc.h **** #endif
  46:Drivers/CMSIS/Include/cmsis_gcc.h **** #ifndef   __STATIC_INLINE
  47:Drivers/CMSIS/Include/cmsis_gcc.h ****   #define __STATIC_INLINE                        static inline
  48:Drivers/CMSIS/Include/cmsis_gcc.h **** #endif
  49:Drivers/CMSIS/Include/cmsis_gcc.h **** #ifndef   __STATIC_FORCEINLINE                 
  50:Drivers/CMSIS/Include/cmsis_gcc.h ****   #define __STATIC_FORCEINLINE                   __attribute__((always_inline)) static inline
  51:Drivers/CMSIS/Include/cmsis_gcc.h **** #endif                                           
  52:Drivers/CMSIS/Include/cmsis_gcc.h **** #ifndef   __NO_RETURN
  53:Drivers/CMSIS/Include/cmsis_gcc.h ****   #define __NO_RETURN                            __attribute__((__noreturn__))
  54:Drivers/CMSIS/Include/cmsis_gcc.h **** #endif
  55:Drivers/CMSIS/Include/cmsis_gcc.h **** #ifndef   __USED
  56:Drivers/CMSIS/Include/cmsis_gcc.h ****   #define __USED                                 __attribute__((used))
  57:Drivers/CMSIS/Include/cmsis_gcc.h **** #endif
  58:Drivers/CMSIS/Include/cmsis_gcc.h **** #ifndef   __WEAK
  59:Drivers/CMSIS/Include/cmsis_gcc.h ****   #define __WEAK                                 __attribute__((weak))
  60:Drivers/CMSIS/Include/cmsis_gcc.h **** #endif
  61:Drivers/CMSIS/Include/cmsis_gcc.h **** #ifndef   __PACKED
  62:Drivers/CMSIS/Include/cmsis_gcc.h ****   #define __PACKED                               __attribute__((packed, aligned(1)))
  63:Drivers/CMSIS/Include/cmsis_gcc.h **** #endif
  64:Drivers/CMSIS/Include/cmsis_gcc.h **** #ifndef   __PACKED_STRUCT
  65:Drivers/CMSIS/Include/cmsis_gcc.h ****   #define __PACKED_STRUCT                        struct __attribute__((packed, aligned(1)))
  66:Drivers/CMSIS/Include/cmsis_gcc.h **** #endif
  67:Drivers/CMSIS/Include/cmsis_gcc.h **** #ifndef   __PACKED_UNION
  68:Drivers/CMSIS/Include/cmsis_gcc.h ****   #define __PACKED_UNION                         union __attribute__((packed, aligned(1)))
  69:Drivers/CMSIS/Include/cmsis_gcc.h **** #endif
  70:Drivers/CMSIS/Include/cmsis_gcc.h **** #ifndef   __UNALIGNED_UINT32        /* deprecated */
  71:Drivers/CMSIS/Include/cmsis_gcc.h ****   #pragma GCC diagnostic push
  72:Drivers/CMSIS/Include/cmsis_gcc.h ****   #pragma GCC diagnostic ignored "-Wpacked"
  73:Drivers/CMSIS/Include/cmsis_gcc.h ****   #pragma GCC diagnostic ignored "-Wattributes"
  74:Drivers/CMSIS/Include/cmsis_gcc.h ****   struct __attribute__((packed)) T_UINT32 { uint32_t v; };
  75:Drivers/CMSIS/Include/cmsis_gcc.h ****   #pragma GCC diagnostic pop
  76:Drivers/CMSIS/Include/cmsis_gcc.h ****   #define __UNALIGNED_UINT32(x)                  (((struct T_UINT32 *)(x))->v)
  77:Drivers/CMSIS/Include/cmsis_gcc.h **** #endif
  78:Drivers/CMSIS/Include/cmsis_gcc.h **** #ifndef   __UNALIGNED_UINT16_WRITE
  79:Drivers/CMSIS/Include/cmsis_gcc.h ****   #pragma GCC diagnostic push
  80:Drivers/CMSIS/Include/cmsis_gcc.h ****   #pragma GCC diagnostic ignored "-Wpacked"
  81:Drivers/CMSIS/Include/cmsis_gcc.h ****   #pragma GCC diagnostic ignored "-Wattributes"
  82:Drivers/CMSIS/Include/cmsis_gcc.h ****   __PACKED_STRUCT T_UINT16_WRITE { uint16_t v; };
  83:Drivers/CMSIS/Include/cmsis_gcc.h ****   #pragma GCC diagnostic pop
  84:Drivers/CMSIS/Include/cmsis_gcc.h ****   #define __UNALIGNED_UINT16_WRITE(addr, val)    (void)((((struct T_UINT16_WRITE *)(void *)(addr))-
  85:Drivers/CMSIS/Include/cmsis_gcc.h **** #endif
  86:Drivers/CMSIS/Include/cmsis_gcc.h **** #ifndef   __UNALIGNED_UINT16_READ
  87:Drivers/CMSIS/Include/cmsis_gcc.h ****   #pragma GCC diagnostic push
  88:Drivers/CMSIS/Include/cmsis_gcc.h ****   #pragma GCC diagnostic ignored "-Wpacked"
  89:Drivers/CMSIS/Include/cmsis_gcc.h ****   #pragma GCC diagnostic ignored "-Wattributes"
  90:Drivers/CMSIS/Include/cmsis_gcc.h ****   __PACKED_STRUCT T_UINT16_READ { uint16_t v; };
  91:Drivers/CMSIS/Include/cmsis_gcc.h ****   #pragma GCC diagnostic pop
  92:Drivers/CMSIS/Include/cmsis_gcc.h ****   #define __UNALIGNED_UINT16_READ(addr)          (((const struct T_UINT16_READ *)(const void *)(add
  93:Drivers/CMSIS/Include/cmsis_gcc.h **** #endif
  94:Drivers/CMSIS/Include/cmsis_gcc.h **** #ifndef   __UNALIGNED_UINT32_WRITE
  95:Drivers/CMSIS/Include/cmsis_gcc.h ****   #pragma GCC diagnostic push
ARM GAS  /tmp/ccdNxUHJ.s 			page 33


  96:Drivers/CMSIS/Include/cmsis_gcc.h ****   #pragma GCC diagnostic ignored "-Wpacked"
  97:Drivers/CMSIS/Include/cmsis_gcc.h ****   #pragma GCC diagnostic ignored "-Wattributes"
  98:Drivers/CMSIS/Include/cmsis_gcc.h ****   __PACKED_STRUCT T_UINT32_WRITE { uint32_t v; };
  99:Drivers/CMSIS/Include/cmsis_gcc.h ****   #pragma GCC diagnostic pop
 100:Drivers/CMSIS/Include/cmsis_gcc.h ****   #define __UNALIGNED_UINT32_WRITE(addr, val)    (void)((((struct T_UINT32_WRITE *)(void *)(addr))-
 101:Drivers/CMSIS/Include/cmsis_gcc.h **** #endif
 102:Drivers/CMSIS/Include/cmsis_gcc.h **** #ifndef   __UNALIGNED_UINT32_READ
 103:Drivers/CMSIS/Include/cmsis_gcc.h ****   #pragma GCC diagnostic push
 104:Drivers/CMSIS/Include/cmsis_gcc.h ****   #pragma GCC diagnostic ignored "-Wpacked"
 105:Drivers/CMSIS/Include/cmsis_gcc.h ****   #pragma GCC diagnostic ignored "-Wattributes"
 106:Drivers/CMSIS/Include/cmsis_gcc.h ****   __PACKED_STRUCT T_UINT32_READ { uint32_t v; };
 107:Drivers/CMSIS/Include/cmsis_gcc.h ****   #pragma GCC diagnostic pop
 108:Drivers/CMSIS/Include/cmsis_gcc.h ****   #define __UNALIGNED_UINT32_READ(addr)          (((const struct T_UINT32_READ *)(const void *)(add
 109:Drivers/CMSIS/Include/cmsis_gcc.h **** #endif
 110:Drivers/CMSIS/Include/cmsis_gcc.h **** #ifndef   __ALIGNED
 111:Drivers/CMSIS/Include/cmsis_gcc.h ****   #define __ALIGNED(x)                           __attribute__((aligned(x)))
 112:Drivers/CMSIS/Include/cmsis_gcc.h **** #endif
 113:Drivers/CMSIS/Include/cmsis_gcc.h **** #ifndef   __RESTRICT
 114:Drivers/CMSIS/Include/cmsis_gcc.h ****   #define __RESTRICT                             __restrict
 115:Drivers/CMSIS/Include/cmsis_gcc.h **** #endif
 116:Drivers/CMSIS/Include/cmsis_gcc.h **** #ifndef   __COMPILER_BARRIER
 117:Drivers/CMSIS/Include/cmsis_gcc.h ****   #define __COMPILER_BARRIER()                   __ASM volatile("":::"memory")
 118:Drivers/CMSIS/Include/cmsis_gcc.h **** #endif
 119:Drivers/CMSIS/Include/cmsis_gcc.h **** 
 120:Drivers/CMSIS/Include/cmsis_gcc.h **** /* #########################  Startup and Lowlevel Init  ######################## */
 121:Drivers/CMSIS/Include/cmsis_gcc.h **** 
 122:Drivers/CMSIS/Include/cmsis_gcc.h **** #ifndef __PROGRAM_START
 123:Drivers/CMSIS/Include/cmsis_gcc.h **** 
 124:Drivers/CMSIS/Include/cmsis_gcc.h **** /**
 125:Drivers/CMSIS/Include/cmsis_gcc.h ****   \brief   Initializes data and bss sections
 126:Drivers/CMSIS/Include/cmsis_gcc.h ****   \details This default implementations initialized all data and additional bss
 127:Drivers/CMSIS/Include/cmsis_gcc.h ****            sections relying on .copy.table and .zero.table specified properly
 128:Drivers/CMSIS/Include/cmsis_gcc.h ****            in the used linker script.
 129:Drivers/CMSIS/Include/cmsis_gcc.h ****   
 130:Drivers/CMSIS/Include/cmsis_gcc.h ****  */
 131:Drivers/CMSIS/Include/cmsis_gcc.h **** __STATIC_FORCEINLINE __NO_RETURN void __cmsis_start(void)
 132:Drivers/CMSIS/Include/cmsis_gcc.h **** {
 133:Drivers/CMSIS/Include/cmsis_gcc.h ****   extern void _start(void) __NO_RETURN;
 134:Drivers/CMSIS/Include/cmsis_gcc.h ****   
 135:Drivers/CMSIS/Include/cmsis_gcc.h ****   typedef struct {
 136:Drivers/CMSIS/Include/cmsis_gcc.h ****     uint32_t const* src;
 137:Drivers/CMSIS/Include/cmsis_gcc.h ****     uint32_t* dest;
 138:Drivers/CMSIS/Include/cmsis_gcc.h ****     uint32_t  wlen;
 139:Drivers/CMSIS/Include/cmsis_gcc.h ****   } __copy_table_t;
 140:Drivers/CMSIS/Include/cmsis_gcc.h ****   
 141:Drivers/CMSIS/Include/cmsis_gcc.h ****   typedef struct {
 142:Drivers/CMSIS/Include/cmsis_gcc.h ****     uint32_t* dest;
 143:Drivers/CMSIS/Include/cmsis_gcc.h ****     uint32_t  wlen;
 144:Drivers/CMSIS/Include/cmsis_gcc.h ****   } __zero_table_t;
 145:Drivers/CMSIS/Include/cmsis_gcc.h ****   
 146:Drivers/CMSIS/Include/cmsis_gcc.h ****   extern const __copy_table_t __copy_table_start__;
 147:Drivers/CMSIS/Include/cmsis_gcc.h ****   extern const __copy_table_t __copy_table_end__;
 148:Drivers/CMSIS/Include/cmsis_gcc.h ****   extern const __zero_table_t __zero_table_start__;
 149:Drivers/CMSIS/Include/cmsis_gcc.h ****   extern const __zero_table_t __zero_table_end__;
 150:Drivers/CMSIS/Include/cmsis_gcc.h **** 
 151:Drivers/CMSIS/Include/cmsis_gcc.h ****   for (__copy_table_t const* pTable = &__copy_table_start__; pTable < &__copy_table_end__; ++pTable
 152:Drivers/CMSIS/Include/cmsis_gcc.h ****     for(uint32_t i=0u; i<pTable->wlen; ++i) {
ARM GAS  /tmp/ccdNxUHJ.s 			page 34


 153:Drivers/CMSIS/Include/cmsis_gcc.h ****       pTable->dest[i] = pTable->src[i];
 154:Drivers/CMSIS/Include/cmsis_gcc.h ****     }
 155:Drivers/CMSIS/Include/cmsis_gcc.h ****   }
 156:Drivers/CMSIS/Include/cmsis_gcc.h ****  
 157:Drivers/CMSIS/Include/cmsis_gcc.h ****   for (__zero_table_t const* pTable = &__zero_table_start__; pTable < &__zero_table_end__; ++pTable
 158:Drivers/CMSIS/Include/cmsis_gcc.h ****     for(uint32_t i=0u; i<pTable->wlen; ++i) {
 159:Drivers/CMSIS/Include/cmsis_gcc.h ****       pTable->dest[i] = 0u;
 160:Drivers/CMSIS/Include/cmsis_gcc.h ****     }
 161:Drivers/CMSIS/Include/cmsis_gcc.h ****   }
 162:Drivers/CMSIS/Include/cmsis_gcc.h ****  
 163:Drivers/CMSIS/Include/cmsis_gcc.h ****   _start();
 164:Drivers/CMSIS/Include/cmsis_gcc.h **** }
 165:Drivers/CMSIS/Include/cmsis_gcc.h ****   
 166:Drivers/CMSIS/Include/cmsis_gcc.h **** #define __PROGRAM_START           __cmsis_start
 167:Drivers/CMSIS/Include/cmsis_gcc.h **** #endif
 168:Drivers/CMSIS/Include/cmsis_gcc.h **** 
 169:Drivers/CMSIS/Include/cmsis_gcc.h **** #ifndef __INITIAL_SP
 170:Drivers/CMSIS/Include/cmsis_gcc.h **** #define __INITIAL_SP              __StackTop
 171:Drivers/CMSIS/Include/cmsis_gcc.h **** #endif
 172:Drivers/CMSIS/Include/cmsis_gcc.h **** 
 173:Drivers/CMSIS/Include/cmsis_gcc.h **** #ifndef __STACK_LIMIT
 174:Drivers/CMSIS/Include/cmsis_gcc.h **** #define __STACK_LIMIT             __StackLimit
 175:Drivers/CMSIS/Include/cmsis_gcc.h **** #endif
 176:Drivers/CMSIS/Include/cmsis_gcc.h **** 
 177:Drivers/CMSIS/Include/cmsis_gcc.h **** #ifndef __VECTOR_TABLE
 178:Drivers/CMSIS/Include/cmsis_gcc.h **** #define __VECTOR_TABLE            __Vectors
 179:Drivers/CMSIS/Include/cmsis_gcc.h **** #endif
 180:Drivers/CMSIS/Include/cmsis_gcc.h **** 
 181:Drivers/CMSIS/Include/cmsis_gcc.h **** #ifndef __VECTOR_TABLE_ATTRIBUTE
 182:Drivers/CMSIS/Include/cmsis_gcc.h **** #define __VECTOR_TABLE_ATTRIBUTE  __attribute((used, section(".vectors")))
 183:Drivers/CMSIS/Include/cmsis_gcc.h **** #endif
 184:Drivers/CMSIS/Include/cmsis_gcc.h **** 
 185:Drivers/CMSIS/Include/cmsis_gcc.h **** /* ###########################  Core Function Access  ########################### */
 186:Drivers/CMSIS/Include/cmsis_gcc.h **** /** \ingroup  CMSIS_Core_FunctionInterface
 187:Drivers/CMSIS/Include/cmsis_gcc.h ****     \defgroup CMSIS_Core_RegAccFunctions CMSIS Core Register Access Functions
 188:Drivers/CMSIS/Include/cmsis_gcc.h ****   @{
 189:Drivers/CMSIS/Include/cmsis_gcc.h ****  */
 190:Drivers/CMSIS/Include/cmsis_gcc.h **** 
 191:Drivers/CMSIS/Include/cmsis_gcc.h **** /**
 192:Drivers/CMSIS/Include/cmsis_gcc.h ****   \brief   Enable IRQ Interrupts
 193:Drivers/CMSIS/Include/cmsis_gcc.h ****   \details Enables IRQ interrupts by clearing the I-bit in the CPSR.
 194:Drivers/CMSIS/Include/cmsis_gcc.h ****            Can only be executed in Privileged modes.
 195:Drivers/CMSIS/Include/cmsis_gcc.h ****  */
 196:Drivers/CMSIS/Include/cmsis_gcc.h **** __STATIC_FORCEINLINE void __enable_irq(void)
 197:Drivers/CMSIS/Include/cmsis_gcc.h **** {
 198:Drivers/CMSIS/Include/cmsis_gcc.h ****   __ASM volatile ("cpsie i" : : : "memory");
 199:Drivers/CMSIS/Include/cmsis_gcc.h **** }
 200:Drivers/CMSIS/Include/cmsis_gcc.h **** 
 201:Drivers/CMSIS/Include/cmsis_gcc.h **** 
 202:Drivers/CMSIS/Include/cmsis_gcc.h **** /**
 203:Drivers/CMSIS/Include/cmsis_gcc.h ****   \brief   Disable IRQ Interrupts
 204:Drivers/CMSIS/Include/cmsis_gcc.h ****   \details Disables IRQ interrupts by setting the I-bit in the CPSR.
 205:Drivers/CMSIS/Include/cmsis_gcc.h ****            Can only be executed in Privileged modes.
 206:Drivers/CMSIS/Include/cmsis_gcc.h ****  */
 207:Drivers/CMSIS/Include/cmsis_gcc.h **** __STATIC_FORCEINLINE void __disable_irq(void)
 208:Drivers/CMSIS/Include/cmsis_gcc.h **** {
 209:Drivers/CMSIS/Include/cmsis_gcc.h ****   __ASM volatile ("cpsid i" : : : "memory");
ARM GAS  /tmp/ccdNxUHJ.s 			page 35


 210:Drivers/CMSIS/Include/cmsis_gcc.h **** }
 211:Drivers/CMSIS/Include/cmsis_gcc.h **** 
 212:Drivers/CMSIS/Include/cmsis_gcc.h **** 
 213:Drivers/CMSIS/Include/cmsis_gcc.h **** /**
 214:Drivers/CMSIS/Include/cmsis_gcc.h ****   \brief   Get Control Register
 215:Drivers/CMSIS/Include/cmsis_gcc.h ****   \details Returns the content of the Control Register.
 216:Drivers/CMSIS/Include/cmsis_gcc.h ****   \return               Control Register value
 217:Drivers/CMSIS/Include/cmsis_gcc.h ****  */
 218:Drivers/CMSIS/Include/cmsis_gcc.h **** __STATIC_FORCEINLINE uint32_t __get_CONTROL(void)
 219:Drivers/CMSIS/Include/cmsis_gcc.h **** {
 220:Drivers/CMSIS/Include/cmsis_gcc.h ****   uint32_t result;
 221:Drivers/CMSIS/Include/cmsis_gcc.h **** 
 222:Drivers/CMSIS/Include/cmsis_gcc.h ****   __ASM volatile ("MRS %0, control" : "=r" (result) );
 223:Drivers/CMSIS/Include/cmsis_gcc.h ****   return(result);
 224:Drivers/CMSIS/Include/cmsis_gcc.h **** }
 225:Drivers/CMSIS/Include/cmsis_gcc.h **** 
 226:Drivers/CMSIS/Include/cmsis_gcc.h **** 
 227:Drivers/CMSIS/Include/cmsis_gcc.h **** #if (defined (__ARM_FEATURE_CMSE ) && (__ARM_FEATURE_CMSE == 3))
 228:Drivers/CMSIS/Include/cmsis_gcc.h **** /**
 229:Drivers/CMSIS/Include/cmsis_gcc.h ****   \brief   Get Control Register (non-secure)
 230:Drivers/CMSIS/Include/cmsis_gcc.h ****   \details Returns the content of the non-secure Control Register when in secure mode.
 231:Drivers/CMSIS/Include/cmsis_gcc.h ****   \return               non-secure Control Register value
 232:Drivers/CMSIS/Include/cmsis_gcc.h ****  */
 233:Drivers/CMSIS/Include/cmsis_gcc.h **** __STATIC_FORCEINLINE uint32_t __TZ_get_CONTROL_NS(void)
 234:Drivers/CMSIS/Include/cmsis_gcc.h **** {
 235:Drivers/CMSIS/Include/cmsis_gcc.h ****   uint32_t result;
 236:Drivers/CMSIS/Include/cmsis_gcc.h **** 
 237:Drivers/CMSIS/Include/cmsis_gcc.h ****   __ASM volatile ("MRS %0, control_ns" : "=r" (result) );
 238:Drivers/CMSIS/Include/cmsis_gcc.h ****   return(result);
 239:Drivers/CMSIS/Include/cmsis_gcc.h **** }
 240:Drivers/CMSIS/Include/cmsis_gcc.h **** #endif
 241:Drivers/CMSIS/Include/cmsis_gcc.h **** 
 242:Drivers/CMSIS/Include/cmsis_gcc.h **** 
 243:Drivers/CMSIS/Include/cmsis_gcc.h **** /**
 244:Drivers/CMSIS/Include/cmsis_gcc.h ****   \brief   Set Control Register
 245:Drivers/CMSIS/Include/cmsis_gcc.h ****   \details Writes the given value to the Control Register.
 246:Drivers/CMSIS/Include/cmsis_gcc.h ****   \param [in]    control  Control Register value to set
 247:Drivers/CMSIS/Include/cmsis_gcc.h ****  */
 248:Drivers/CMSIS/Include/cmsis_gcc.h **** __STATIC_FORCEINLINE void __set_CONTROL(uint32_t control)
 249:Drivers/CMSIS/Include/cmsis_gcc.h **** {
 250:Drivers/CMSIS/Include/cmsis_gcc.h ****   __ASM volatile ("MSR control, %0" : : "r" (control) : "memory");
 251:Drivers/CMSIS/Include/cmsis_gcc.h **** }
 252:Drivers/CMSIS/Include/cmsis_gcc.h **** 
 253:Drivers/CMSIS/Include/cmsis_gcc.h **** 
 254:Drivers/CMSIS/Include/cmsis_gcc.h **** #if (defined (__ARM_FEATURE_CMSE ) && (__ARM_FEATURE_CMSE == 3))
 255:Drivers/CMSIS/Include/cmsis_gcc.h **** /**
 256:Drivers/CMSIS/Include/cmsis_gcc.h ****   \brief   Set Control Register (non-secure)
 257:Drivers/CMSIS/Include/cmsis_gcc.h ****   \details Writes the given value to the non-secure Control Register when in secure state.
 258:Drivers/CMSIS/Include/cmsis_gcc.h ****   \param [in]    control  Control Register value to set
 259:Drivers/CMSIS/Include/cmsis_gcc.h ****  */
 260:Drivers/CMSIS/Include/cmsis_gcc.h **** __STATIC_FORCEINLINE void __TZ_set_CONTROL_NS(uint32_t control)
 261:Drivers/CMSIS/Include/cmsis_gcc.h **** {
 262:Drivers/CMSIS/Include/cmsis_gcc.h ****   __ASM volatile ("MSR control_ns, %0" : : "r" (control) : "memory");
 263:Drivers/CMSIS/Include/cmsis_gcc.h **** }
 264:Drivers/CMSIS/Include/cmsis_gcc.h **** #endif
 265:Drivers/CMSIS/Include/cmsis_gcc.h **** 
 266:Drivers/CMSIS/Include/cmsis_gcc.h **** 
ARM GAS  /tmp/ccdNxUHJ.s 			page 36


 267:Drivers/CMSIS/Include/cmsis_gcc.h **** /**
 268:Drivers/CMSIS/Include/cmsis_gcc.h ****   \brief   Get IPSR Register
 269:Drivers/CMSIS/Include/cmsis_gcc.h ****   \details Returns the content of the IPSR Register.
 270:Drivers/CMSIS/Include/cmsis_gcc.h ****   \return               IPSR Register value
 271:Drivers/CMSIS/Include/cmsis_gcc.h ****  */
 272:Drivers/CMSIS/Include/cmsis_gcc.h **** __STATIC_FORCEINLINE uint32_t __get_IPSR(void)
 273:Drivers/CMSIS/Include/cmsis_gcc.h **** {
 274:Drivers/CMSIS/Include/cmsis_gcc.h ****   uint32_t result;
 275:Drivers/CMSIS/Include/cmsis_gcc.h **** 
 276:Drivers/CMSIS/Include/cmsis_gcc.h ****   __ASM volatile ("MRS %0, ipsr" : "=r" (result) );
 277:Drivers/CMSIS/Include/cmsis_gcc.h ****   return(result);
 278:Drivers/CMSIS/Include/cmsis_gcc.h **** }
 279:Drivers/CMSIS/Include/cmsis_gcc.h **** 
 280:Drivers/CMSIS/Include/cmsis_gcc.h **** 
 281:Drivers/CMSIS/Include/cmsis_gcc.h **** /**
 282:Drivers/CMSIS/Include/cmsis_gcc.h ****   \brief   Get APSR Register
 283:Drivers/CMSIS/Include/cmsis_gcc.h ****   \details Returns the content of the APSR Register.
 284:Drivers/CMSIS/Include/cmsis_gcc.h ****   \return               APSR Register value
 285:Drivers/CMSIS/Include/cmsis_gcc.h ****  */
 286:Drivers/CMSIS/Include/cmsis_gcc.h **** __STATIC_FORCEINLINE uint32_t __get_APSR(void)
 287:Drivers/CMSIS/Include/cmsis_gcc.h **** {
 288:Drivers/CMSIS/Include/cmsis_gcc.h ****   uint32_t result;
 289:Drivers/CMSIS/Include/cmsis_gcc.h **** 
 290:Drivers/CMSIS/Include/cmsis_gcc.h ****   __ASM volatile ("MRS %0, apsr" : "=r" (result) );
 291:Drivers/CMSIS/Include/cmsis_gcc.h ****   return(result);
 292:Drivers/CMSIS/Include/cmsis_gcc.h **** }
 293:Drivers/CMSIS/Include/cmsis_gcc.h **** 
 294:Drivers/CMSIS/Include/cmsis_gcc.h **** 
 295:Drivers/CMSIS/Include/cmsis_gcc.h **** /**
 296:Drivers/CMSIS/Include/cmsis_gcc.h ****   \brief   Get xPSR Register
 297:Drivers/CMSIS/Include/cmsis_gcc.h ****   \details Returns the content of the xPSR Register.
 298:Drivers/CMSIS/Include/cmsis_gcc.h ****   \return               xPSR Register value
 299:Drivers/CMSIS/Include/cmsis_gcc.h ****  */
 300:Drivers/CMSIS/Include/cmsis_gcc.h **** __STATIC_FORCEINLINE uint32_t __get_xPSR(void)
 301:Drivers/CMSIS/Include/cmsis_gcc.h **** {
 302:Drivers/CMSIS/Include/cmsis_gcc.h ****   uint32_t result;
 303:Drivers/CMSIS/Include/cmsis_gcc.h **** 
 304:Drivers/CMSIS/Include/cmsis_gcc.h ****   __ASM volatile ("MRS %0, xpsr" : "=r" (result) );
 305:Drivers/CMSIS/Include/cmsis_gcc.h ****   return(result);
 306:Drivers/CMSIS/Include/cmsis_gcc.h **** }
 307:Drivers/CMSIS/Include/cmsis_gcc.h **** 
 308:Drivers/CMSIS/Include/cmsis_gcc.h **** 
 309:Drivers/CMSIS/Include/cmsis_gcc.h **** /**
 310:Drivers/CMSIS/Include/cmsis_gcc.h ****   \brief   Get Process Stack Pointer
 311:Drivers/CMSIS/Include/cmsis_gcc.h ****   \details Returns the current value of the Process Stack Pointer (PSP).
 312:Drivers/CMSIS/Include/cmsis_gcc.h ****   \return               PSP Register value
 313:Drivers/CMSIS/Include/cmsis_gcc.h ****  */
 314:Drivers/CMSIS/Include/cmsis_gcc.h **** __STATIC_FORCEINLINE uint32_t __get_PSP(void)
 315:Drivers/CMSIS/Include/cmsis_gcc.h **** {
 316:Drivers/CMSIS/Include/cmsis_gcc.h ****   uint32_t result;
 317:Drivers/CMSIS/Include/cmsis_gcc.h **** 
 318:Drivers/CMSIS/Include/cmsis_gcc.h ****   __ASM volatile ("MRS %0, psp"  : "=r" (result) );
 319:Drivers/CMSIS/Include/cmsis_gcc.h ****   return(result);
 320:Drivers/CMSIS/Include/cmsis_gcc.h **** }
 321:Drivers/CMSIS/Include/cmsis_gcc.h **** 
 322:Drivers/CMSIS/Include/cmsis_gcc.h **** 
 323:Drivers/CMSIS/Include/cmsis_gcc.h **** #if (defined (__ARM_FEATURE_CMSE ) && (__ARM_FEATURE_CMSE == 3))
ARM GAS  /tmp/ccdNxUHJ.s 			page 37


 324:Drivers/CMSIS/Include/cmsis_gcc.h **** /**
 325:Drivers/CMSIS/Include/cmsis_gcc.h ****   \brief   Get Process Stack Pointer (non-secure)
 326:Drivers/CMSIS/Include/cmsis_gcc.h ****   \details Returns the current value of the non-secure Process Stack Pointer (PSP) when in secure s
 327:Drivers/CMSIS/Include/cmsis_gcc.h ****   \return               PSP Register value
 328:Drivers/CMSIS/Include/cmsis_gcc.h ****  */
 329:Drivers/CMSIS/Include/cmsis_gcc.h **** __STATIC_FORCEINLINE uint32_t __TZ_get_PSP_NS(void)
 330:Drivers/CMSIS/Include/cmsis_gcc.h **** {
 331:Drivers/CMSIS/Include/cmsis_gcc.h ****   uint32_t result;
 332:Drivers/CMSIS/Include/cmsis_gcc.h **** 
 333:Drivers/CMSIS/Include/cmsis_gcc.h ****   __ASM volatile ("MRS %0, psp_ns"  : "=r" (result) );
 334:Drivers/CMSIS/Include/cmsis_gcc.h ****   return(result);
 335:Drivers/CMSIS/Include/cmsis_gcc.h **** }
 336:Drivers/CMSIS/Include/cmsis_gcc.h **** #endif
 337:Drivers/CMSIS/Include/cmsis_gcc.h **** 
 338:Drivers/CMSIS/Include/cmsis_gcc.h **** 
 339:Drivers/CMSIS/Include/cmsis_gcc.h **** /**
 340:Drivers/CMSIS/Include/cmsis_gcc.h ****   \brief   Set Process Stack Pointer
 341:Drivers/CMSIS/Include/cmsis_gcc.h ****   \details Assigns the given value to the Process Stack Pointer (PSP).
 342:Drivers/CMSIS/Include/cmsis_gcc.h ****   \param [in]    topOfProcStack  Process Stack Pointer value to set
 343:Drivers/CMSIS/Include/cmsis_gcc.h ****  */
 344:Drivers/CMSIS/Include/cmsis_gcc.h **** __STATIC_FORCEINLINE void __set_PSP(uint32_t topOfProcStack)
 345:Drivers/CMSIS/Include/cmsis_gcc.h **** {
 346:Drivers/CMSIS/Include/cmsis_gcc.h ****   __ASM volatile ("MSR psp, %0" : : "r" (topOfProcStack) : );
 347:Drivers/CMSIS/Include/cmsis_gcc.h **** }
 348:Drivers/CMSIS/Include/cmsis_gcc.h **** 
 349:Drivers/CMSIS/Include/cmsis_gcc.h **** 
 350:Drivers/CMSIS/Include/cmsis_gcc.h **** #if (defined (__ARM_FEATURE_CMSE ) && (__ARM_FEATURE_CMSE == 3))
 351:Drivers/CMSIS/Include/cmsis_gcc.h **** /**
 352:Drivers/CMSIS/Include/cmsis_gcc.h ****   \brief   Set Process Stack Pointer (non-secure)
 353:Drivers/CMSIS/Include/cmsis_gcc.h ****   \details Assigns the given value to the non-secure Process Stack Pointer (PSP) when in secure sta
 354:Drivers/CMSIS/Include/cmsis_gcc.h ****   \param [in]    topOfProcStack  Process Stack Pointer value to set
 355:Drivers/CMSIS/Include/cmsis_gcc.h ****  */
 356:Drivers/CMSIS/Include/cmsis_gcc.h **** __STATIC_FORCEINLINE void __TZ_set_PSP_NS(uint32_t topOfProcStack)
 357:Drivers/CMSIS/Include/cmsis_gcc.h **** {
 358:Drivers/CMSIS/Include/cmsis_gcc.h ****   __ASM volatile ("MSR psp_ns, %0" : : "r" (topOfProcStack) : );
 359:Drivers/CMSIS/Include/cmsis_gcc.h **** }
 360:Drivers/CMSIS/Include/cmsis_gcc.h **** #endif
 361:Drivers/CMSIS/Include/cmsis_gcc.h **** 
 362:Drivers/CMSIS/Include/cmsis_gcc.h **** 
 363:Drivers/CMSIS/Include/cmsis_gcc.h **** /**
 364:Drivers/CMSIS/Include/cmsis_gcc.h ****   \brief   Get Main Stack Pointer
 365:Drivers/CMSIS/Include/cmsis_gcc.h ****   \details Returns the current value of the Main Stack Pointer (MSP).
 366:Drivers/CMSIS/Include/cmsis_gcc.h ****   \return               MSP Register value
 367:Drivers/CMSIS/Include/cmsis_gcc.h ****  */
 368:Drivers/CMSIS/Include/cmsis_gcc.h **** __STATIC_FORCEINLINE uint32_t __get_MSP(void)
 369:Drivers/CMSIS/Include/cmsis_gcc.h **** {
 370:Drivers/CMSIS/Include/cmsis_gcc.h ****   uint32_t result;
 371:Drivers/CMSIS/Include/cmsis_gcc.h **** 
 372:Drivers/CMSIS/Include/cmsis_gcc.h ****   __ASM volatile ("MRS %0, msp" : "=r" (result) );
 373:Drivers/CMSIS/Include/cmsis_gcc.h ****   return(result);
 374:Drivers/CMSIS/Include/cmsis_gcc.h **** }
 375:Drivers/CMSIS/Include/cmsis_gcc.h **** 
 376:Drivers/CMSIS/Include/cmsis_gcc.h **** 
 377:Drivers/CMSIS/Include/cmsis_gcc.h **** #if (defined (__ARM_FEATURE_CMSE ) && (__ARM_FEATURE_CMSE == 3))
 378:Drivers/CMSIS/Include/cmsis_gcc.h **** /**
 379:Drivers/CMSIS/Include/cmsis_gcc.h ****   \brief   Get Main Stack Pointer (non-secure)
 380:Drivers/CMSIS/Include/cmsis_gcc.h ****   \details Returns the current value of the non-secure Main Stack Pointer (MSP) when in secure stat
ARM GAS  /tmp/ccdNxUHJ.s 			page 38


 381:Drivers/CMSIS/Include/cmsis_gcc.h ****   \return               MSP Register value
 382:Drivers/CMSIS/Include/cmsis_gcc.h ****  */
 383:Drivers/CMSIS/Include/cmsis_gcc.h **** __STATIC_FORCEINLINE uint32_t __TZ_get_MSP_NS(void)
 384:Drivers/CMSIS/Include/cmsis_gcc.h **** {
 385:Drivers/CMSIS/Include/cmsis_gcc.h ****   uint32_t result;
 386:Drivers/CMSIS/Include/cmsis_gcc.h **** 
 387:Drivers/CMSIS/Include/cmsis_gcc.h ****   __ASM volatile ("MRS %0, msp_ns" : "=r" (result) );
 388:Drivers/CMSIS/Include/cmsis_gcc.h ****   return(result);
 389:Drivers/CMSIS/Include/cmsis_gcc.h **** }
 390:Drivers/CMSIS/Include/cmsis_gcc.h **** #endif
 391:Drivers/CMSIS/Include/cmsis_gcc.h **** 
 392:Drivers/CMSIS/Include/cmsis_gcc.h **** 
 393:Drivers/CMSIS/Include/cmsis_gcc.h **** /**
 394:Drivers/CMSIS/Include/cmsis_gcc.h ****   \brief   Set Main Stack Pointer
 395:Drivers/CMSIS/Include/cmsis_gcc.h ****   \details Assigns the given value to the Main Stack Pointer (MSP).
 396:Drivers/CMSIS/Include/cmsis_gcc.h ****   \param [in]    topOfMainStack  Main Stack Pointer value to set
 397:Drivers/CMSIS/Include/cmsis_gcc.h ****  */
 398:Drivers/CMSIS/Include/cmsis_gcc.h **** __STATIC_FORCEINLINE void __set_MSP(uint32_t topOfMainStack)
 399:Drivers/CMSIS/Include/cmsis_gcc.h **** {
 400:Drivers/CMSIS/Include/cmsis_gcc.h ****   __ASM volatile ("MSR msp, %0" : : "r" (topOfMainStack) : );
 401:Drivers/CMSIS/Include/cmsis_gcc.h **** }
 402:Drivers/CMSIS/Include/cmsis_gcc.h **** 
 403:Drivers/CMSIS/Include/cmsis_gcc.h **** 
 404:Drivers/CMSIS/Include/cmsis_gcc.h **** #if (defined (__ARM_FEATURE_CMSE ) && (__ARM_FEATURE_CMSE == 3))
 405:Drivers/CMSIS/Include/cmsis_gcc.h **** /**
 406:Drivers/CMSIS/Include/cmsis_gcc.h ****   \brief   Set Main Stack Pointer (non-secure)
 407:Drivers/CMSIS/Include/cmsis_gcc.h ****   \details Assigns the given value to the non-secure Main Stack Pointer (MSP) when in secure state.
 408:Drivers/CMSIS/Include/cmsis_gcc.h ****   \param [in]    topOfMainStack  Main Stack Pointer value to set
 409:Drivers/CMSIS/Include/cmsis_gcc.h ****  */
 410:Drivers/CMSIS/Include/cmsis_gcc.h **** __STATIC_FORCEINLINE void __TZ_set_MSP_NS(uint32_t topOfMainStack)
 411:Drivers/CMSIS/Include/cmsis_gcc.h **** {
 412:Drivers/CMSIS/Include/cmsis_gcc.h ****   __ASM volatile ("MSR msp_ns, %0" : : "r" (topOfMainStack) : );
 413:Drivers/CMSIS/Include/cmsis_gcc.h **** }
 414:Drivers/CMSIS/Include/cmsis_gcc.h **** #endif
 415:Drivers/CMSIS/Include/cmsis_gcc.h **** 
 416:Drivers/CMSIS/Include/cmsis_gcc.h **** 
 417:Drivers/CMSIS/Include/cmsis_gcc.h **** #if (defined (__ARM_FEATURE_CMSE ) && (__ARM_FEATURE_CMSE == 3))
 418:Drivers/CMSIS/Include/cmsis_gcc.h **** /**
 419:Drivers/CMSIS/Include/cmsis_gcc.h ****   \brief   Get Stack Pointer (non-secure)
 420:Drivers/CMSIS/Include/cmsis_gcc.h ****   \details Returns the current value of the non-secure Stack Pointer (SP) when in secure state.
 421:Drivers/CMSIS/Include/cmsis_gcc.h ****   \return               SP Register value
 422:Drivers/CMSIS/Include/cmsis_gcc.h ****  */
 423:Drivers/CMSIS/Include/cmsis_gcc.h **** __STATIC_FORCEINLINE uint32_t __TZ_get_SP_NS(void)
 424:Drivers/CMSIS/Include/cmsis_gcc.h **** {
 425:Drivers/CMSIS/Include/cmsis_gcc.h ****   uint32_t result;
 426:Drivers/CMSIS/Include/cmsis_gcc.h **** 
 427:Drivers/CMSIS/Include/cmsis_gcc.h ****   __ASM volatile ("MRS %0, sp_ns" : "=r" (result) );
 428:Drivers/CMSIS/Include/cmsis_gcc.h ****   return(result);
 429:Drivers/CMSIS/Include/cmsis_gcc.h **** }
 430:Drivers/CMSIS/Include/cmsis_gcc.h **** 
 431:Drivers/CMSIS/Include/cmsis_gcc.h **** 
 432:Drivers/CMSIS/Include/cmsis_gcc.h **** /**
 433:Drivers/CMSIS/Include/cmsis_gcc.h ****   \brief   Set Stack Pointer (non-secure)
 434:Drivers/CMSIS/Include/cmsis_gcc.h ****   \details Assigns the given value to the non-secure Stack Pointer (SP) when in secure state.
 435:Drivers/CMSIS/Include/cmsis_gcc.h ****   \param [in]    topOfStack  Stack Pointer value to set
 436:Drivers/CMSIS/Include/cmsis_gcc.h ****  */
 437:Drivers/CMSIS/Include/cmsis_gcc.h **** __STATIC_FORCEINLINE void __TZ_set_SP_NS(uint32_t topOfStack)
ARM GAS  /tmp/ccdNxUHJ.s 			page 39


 438:Drivers/CMSIS/Include/cmsis_gcc.h **** {
 439:Drivers/CMSIS/Include/cmsis_gcc.h ****   __ASM volatile ("MSR sp_ns, %0" : : "r" (topOfStack) : );
 440:Drivers/CMSIS/Include/cmsis_gcc.h **** }
 441:Drivers/CMSIS/Include/cmsis_gcc.h **** #endif
 442:Drivers/CMSIS/Include/cmsis_gcc.h **** 
 443:Drivers/CMSIS/Include/cmsis_gcc.h **** 
 444:Drivers/CMSIS/Include/cmsis_gcc.h **** /**
 445:Drivers/CMSIS/Include/cmsis_gcc.h ****   \brief   Get Priority Mask
 446:Drivers/CMSIS/Include/cmsis_gcc.h ****   \details Returns the current state of the priority mask bit from the Priority Mask Register.
 447:Drivers/CMSIS/Include/cmsis_gcc.h ****   \return               Priority Mask value
 448:Drivers/CMSIS/Include/cmsis_gcc.h ****  */
 449:Drivers/CMSIS/Include/cmsis_gcc.h **** __STATIC_FORCEINLINE uint32_t __get_PRIMASK(void)
 450:Drivers/CMSIS/Include/cmsis_gcc.h **** {
 451:Drivers/CMSIS/Include/cmsis_gcc.h ****   uint32_t result;
 452:Drivers/CMSIS/Include/cmsis_gcc.h **** 
 453:Drivers/CMSIS/Include/cmsis_gcc.h ****   __ASM volatile ("MRS %0, primask" : "=r" (result) :: "memory");
 454:Drivers/CMSIS/Include/cmsis_gcc.h ****   return(result);
 455:Drivers/CMSIS/Include/cmsis_gcc.h **** }
 456:Drivers/CMSIS/Include/cmsis_gcc.h **** 
 457:Drivers/CMSIS/Include/cmsis_gcc.h **** 
 458:Drivers/CMSIS/Include/cmsis_gcc.h **** #if (defined (__ARM_FEATURE_CMSE ) && (__ARM_FEATURE_CMSE == 3))
 459:Drivers/CMSIS/Include/cmsis_gcc.h **** /**
 460:Drivers/CMSIS/Include/cmsis_gcc.h ****   \brief   Get Priority Mask (non-secure)
 461:Drivers/CMSIS/Include/cmsis_gcc.h ****   \details Returns the current state of the non-secure priority mask bit from the Priority Mask Reg
 462:Drivers/CMSIS/Include/cmsis_gcc.h ****   \return               Priority Mask value
 463:Drivers/CMSIS/Include/cmsis_gcc.h ****  */
 464:Drivers/CMSIS/Include/cmsis_gcc.h **** __STATIC_FORCEINLINE uint32_t __TZ_get_PRIMASK_NS(void)
 465:Drivers/CMSIS/Include/cmsis_gcc.h **** {
 466:Drivers/CMSIS/Include/cmsis_gcc.h ****   uint32_t result;
 467:Drivers/CMSIS/Include/cmsis_gcc.h **** 
 468:Drivers/CMSIS/Include/cmsis_gcc.h ****   __ASM volatile ("MRS %0, primask_ns" : "=r" (result) :: "memory");
 469:Drivers/CMSIS/Include/cmsis_gcc.h ****   return(result);
 470:Drivers/CMSIS/Include/cmsis_gcc.h **** }
 471:Drivers/CMSIS/Include/cmsis_gcc.h **** #endif
 472:Drivers/CMSIS/Include/cmsis_gcc.h **** 
 473:Drivers/CMSIS/Include/cmsis_gcc.h **** 
 474:Drivers/CMSIS/Include/cmsis_gcc.h **** /**
 475:Drivers/CMSIS/Include/cmsis_gcc.h ****   \brief   Set Priority Mask
 476:Drivers/CMSIS/Include/cmsis_gcc.h ****   \details Assigns the given value to the Priority Mask Register.
 477:Drivers/CMSIS/Include/cmsis_gcc.h ****   \param [in]    priMask  Priority Mask
 478:Drivers/CMSIS/Include/cmsis_gcc.h ****  */
 479:Drivers/CMSIS/Include/cmsis_gcc.h **** __STATIC_FORCEINLINE void __set_PRIMASK(uint32_t priMask)
 480:Drivers/CMSIS/Include/cmsis_gcc.h **** {
 481:Drivers/CMSIS/Include/cmsis_gcc.h ****   __ASM volatile ("MSR primask, %0" : : "r" (priMask) : "memory");
 482:Drivers/CMSIS/Include/cmsis_gcc.h **** }
 483:Drivers/CMSIS/Include/cmsis_gcc.h **** 
 484:Drivers/CMSIS/Include/cmsis_gcc.h **** 
 485:Drivers/CMSIS/Include/cmsis_gcc.h **** #if (defined (__ARM_FEATURE_CMSE ) && (__ARM_FEATURE_CMSE == 3))
 486:Drivers/CMSIS/Include/cmsis_gcc.h **** /**
 487:Drivers/CMSIS/Include/cmsis_gcc.h ****   \brief   Set Priority Mask (non-secure)
 488:Drivers/CMSIS/Include/cmsis_gcc.h ****   \details Assigns the given value to the non-secure Priority Mask Register when in secure state.
 489:Drivers/CMSIS/Include/cmsis_gcc.h ****   \param [in]    priMask  Priority Mask
 490:Drivers/CMSIS/Include/cmsis_gcc.h ****  */
 491:Drivers/CMSIS/Include/cmsis_gcc.h **** __STATIC_FORCEINLINE void __TZ_set_PRIMASK_NS(uint32_t priMask)
 492:Drivers/CMSIS/Include/cmsis_gcc.h **** {
 493:Drivers/CMSIS/Include/cmsis_gcc.h ****   __ASM volatile ("MSR primask_ns, %0" : : "r" (priMask) : "memory");
 494:Drivers/CMSIS/Include/cmsis_gcc.h **** }
ARM GAS  /tmp/ccdNxUHJ.s 			page 40


 495:Drivers/CMSIS/Include/cmsis_gcc.h **** #endif
 496:Drivers/CMSIS/Include/cmsis_gcc.h **** 
 497:Drivers/CMSIS/Include/cmsis_gcc.h **** 
 498:Drivers/CMSIS/Include/cmsis_gcc.h **** #if ((defined (__ARM_ARCH_7M__      ) && (__ARM_ARCH_7M__      == 1)) || \
 499:Drivers/CMSIS/Include/cmsis_gcc.h ****      (defined (__ARM_ARCH_7EM__     ) && (__ARM_ARCH_7EM__     == 1)) || \
 500:Drivers/CMSIS/Include/cmsis_gcc.h ****      (defined (__ARM_ARCH_8M_MAIN__ ) && (__ARM_ARCH_8M_MAIN__ == 1))    )
 501:Drivers/CMSIS/Include/cmsis_gcc.h **** /**
 502:Drivers/CMSIS/Include/cmsis_gcc.h ****   \brief   Enable FIQ
 503:Drivers/CMSIS/Include/cmsis_gcc.h ****   \details Enables FIQ interrupts by clearing the F-bit in the CPSR.
 504:Drivers/CMSIS/Include/cmsis_gcc.h ****            Can only be executed in Privileged modes.
 505:Drivers/CMSIS/Include/cmsis_gcc.h ****  */
 506:Drivers/CMSIS/Include/cmsis_gcc.h **** __STATIC_FORCEINLINE void __enable_fault_irq(void)
 507:Drivers/CMSIS/Include/cmsis_gcc.h **** {
 508:Drivers/CMSIS/Include/cmsis_gcc.h ****   __ASM volatile ("cpsie f" : : : "memory");
 509:Drivers/CMSIS/Include/cmsis_gcc.h **** }
 510:Drivers/CMSIS/Include/cmsis_gcc.h **** 
 511:Drivers/CMSIS/Include/cmsis_gcc.h **** 
 512:Drivers/CMSIS/Include/cmsis_gcc.h **** /**
 513:Drivers/CMSIS/Include/cmsis_gcc.h ****   \brief   Disable FIQ
 514:Drivers/CMSIS/Include/cmsis_gcc.h ****   \details Disables FIQ interrupts by setting the F-bit in the CPSR.
 515:Drivers/CMSIS/Include/cmsis_gcc.h ****            Can only be executed in Privileged modes.
 516:Drivers/CMSIS/Include/cmsis_gcc.h ****  */
 517:Drivers/CMSIS/Include/cmsis_gcc.h **** __STATIC_FORCEINLINE void __disable_fault_irq(void)
 518:Drivers/CMSIS/Include/cmsis_gcc.h **** {
 519:Drivers/CMSIS/Include/cmsis_gcc.h ****   __ASM volatile ("cpsid f" : : : "memory");
 520:Drivers/CMSIS/Include/cmsis_gcc.h **** }
 521:Drivers/CMSIS/Include/cmsis_gcc.h **** 
 522:Drivers/CMSIS/Include/cmsis_gcc.h **** 
 523:Drivers/CMSIS/Include/cmsis_gcc.h **** /**
 524:Drivers/CMSIS/Include/cmsis_gcc.h ****   \brief   Get Base Priority
 525:Drivers/CMSIS/Include/cmsis_gcc.h ****   \details Returns the current value of the Base Priority register.
 526:Drivers/CMSIS/Include/cmsis_gcc.h ****   \return               Base Priority register value
 527:Drivers/CMSIS/Include/cmsis_gcc.h ****  */
 528:Drivers/CMSIS/Include/cmsis_gcc.h **** __STATIC_FORCEINLINE uint32_t __get_BASEPRI(void)
 529:Drivers/CMSIS/Include/cmsis_gcc.h **** {
 530:Drivers/CMSIS/Include/cmsis_gcc.h ****   uint32_t result;
 531:Drivers/CMSIS/Include/cmsis_gcc.h **** 
 532:Drivers/CMSIS/Include/cmsis_gcc.h ****   __ASM volatile ("MRS %0, basepri" : "=r" (result) );
 533:Drivers/CMSIS/Include/cmsis_gcc.h ****   return(result);
 534:Drivers/CMSIS/Include/cmsis_gcc.h **** }
 535:Drivers/CMSIS/Include/cmsis_gcc.h **** 
 536:Drivers/CMSIS/Include/cmsis_gcc.h **** 
 537:Drivers/CMSIS/Include/cmsis_gcc.h **** #if (defined (__ARM_FEATURE_CMSE ) && (__ARM_FEATURE_CMSE == 3))
 538:Drivers/CMSIS/Include/cmsis_gcc.h **** /**
 539:Drivers/CMSIS/Include/cmsis_gcc.h ****   \brief   Get Base Priority (non-secure)
 540:Drivers/CMSIS/Include/cmsis_gcc.h ****   \details Returns the current value of the non-secure Base Priority register when in secure state.
 541:Drivers/CMSIS/Include/cmsis_gcc.h ****   \return               Base Priority register value
 542:Drivers/CMSIS/Include/cmsis_gcc.h ****  */
 543:Drivers/CMSIS/Include/cmsis_gcc.h **** __STATIC_FORCEINLINE uint32_t __TZ_get_BASEPRI_NS(void)
 544:Drivers/CMSIS/Include/cmsis_gcc.h **** {
 545:Drivers/CMSIS/Include/cmsis_gcc.h ****   uint32_t result;
 546:Drivers/CMSIS/Include/cmsis_gcc.h **** 
 547:Drivers/CMSIS/Include/cmsis_gcc.h ****   __ASM volatile ("MRS %0, basepri_ns" : "=r" (result) );
 548:Drivers/CMSIS/Include/cmsis_gcc.h ****   return(result);
 549:Drivers/CMSIS/Include/cmsis_gcc.h **** }
 550:Drivers/CMSIS/Include/cmsis_gcc.h **** #endif
 551:Drivers/CMSIS/Include/cmsis_gcc.h **** 
ARM GAS  /tmp/ccdNxUHJ.s 			page 41


 552:Drivers/CMSIS/Include/cmsis_gcc.h **** 
 553:Drivers/CMSIS/Include/cmsis_gcc.h **** /**
 554:Drivers/CMSIS/Include/cmsis_gcc.h ****   \brief   Set Base Priority
 555:Drivers/CMSIS/Include/cmsis_gcc.h ****   \details Assigns the given value to the Base Priority register.
 556:Drivers/CMSIS/Include/cmsis_gcc.h ****   \param [in]    basePri  Base Priority value to set
 557:Drivers/CMSIS/Include/cmsis_gcc.h ****  */
 558:Drivers/CMSIS/Include/cmsis_gcc.h **** __STATIC_FORCEINLINE void __set_BASEPRI(uint32_t basePri)
 559:Drivers/CMSIS/Include/cmsis_gcc.h **** {
 560:Drivers/CMSIS/Include/cmsis_gcc.h ****   __ASM volatile ("MSR basepri, %0" : : "r" (basePri) : "memory");
 561:Drivers/CMSIS/Include/cmsis_gcc.h **** }
 562:Drivers/CMSIS/Include/cmsis_gcc.h **** 
 563:Drivers/CMSIS/Include/cmsis_gcc.h **** 
 564:Drivers/CMSIS/Include/cmsis_gcc.h **** #if (defined (__ARM_FEATURE_CMSE ) && (__ARM_FEATURE_CMSE == 3))
 565:Drivers/CMSIS/Include/cmsis_gcc.h **** /**
 566:Drivers/CMSIS/Include/cmsis_gcc.h ****   \brief   Set Base Priority (non-secure)
 567:Drivers/CMSIS/Include/cmsis_gcc.h ****   \details Assigns the given value to the non-secure Base Priority register when in secure state.
 568:Drivers/CMSIS/Include/cmsis_gcc.h ****   \param [in]    basePri  Base Priority value to set
 569:Drivers/CMSIS/Include/cmsis_gcc.h ****  */
 570:Drivers/CMSIS/Include/cmsis_gcc.h **** __STATIC_FORCEINLINE void __TZ_set_BASEPRI_NS(uint32_t basePri)
 571:Drivers/CMSIS/Include/cmsis_gcc.h **** {
 572:Drivers/CMSIS/Include/cmsis_gcc.h ****   __ASM volatile ("MSR basepri_ns, %0" : : "r" (basePri) : "memory");
 573:Drivers/CMSIS/Include/cmsis_gcc.h **** }
 574:Drivers/CMSIS/Include/cmsis_gcc.h **** #endif
 575:Drivers/CMSIS/Include/cmsis_gcc.h **** 
 576:Drivers/CMSIS/Include/cmsis_gcc.h **** 
 577:Drivers/CMSIS/Include/cmsis_gcc.h **** /**
 578:Drivers/CMSIS/Include/cmsis_gcc.h ****   \brief   Set Base Priority with condition
 579:Drivers/CMSIS/Include/cmsis_gcc.h ****   \details Assigns the given value to the Base Priority register only if BASEPRI masking is disable
 580:Drivers/CMSIS/Include/cmsis_gcc.h ****            or the new value increases the BASEPRI priority level.
 581:Drivers/CMSIS/Include/cmsis_gcc.h ****   \param [in]    basePri  Base Priority value to set
 582:Drivers/CMSIS/Include/cmsis_gcc.h ****  */
 583:Drivers/CMSIS/Include/cmsis_gcc.h **** __STATIC_FORCEINLINE void __set_BASEPRI_MAX(uint32_t basePri)
 584:Drivers/CMSIS/Include/cmsis_gcc.h **** {
 585:Drivers/CMSIS/Include/cmsis_gcc.h ****   __ASM volatile ("MSR basepri_max, %0" : : "r" (basePri) : "memory");
 586:Drivers/CMSIS/Include/cmsis_gcc.h **** }
 587:Drivers/CMSIS/Include/cmsis_gcc.h **** 
 588:Drivers/CMSIS/Include/cmsis_gcc.h **** 
 589:Drivers/CMSIS/Include/cmsis_gcc.h **** /**
 590:Drivers/CMSIS/Include/cmsis_gcc.h ****   \brief   Get Fault Mask
 591:Drivers/CMSIS/Include/cmsis_gcc.h ****   \details Returns the current value of the Fault Mask register.
 592:Drivers/CMSIS/Include/cmsis_gcc.h ****   \return               Fault Mask register value
 593:Drivers/CMSIS/Include/cmsis_gcc.h ****  */
 594:Drivers/CMSIS/Include/cmsis_gcc.h **** __STATIC_FORCEINLINE uint32_t __get_FAULTMASK(void)
 595:Drivers/CMSIS/Include/cmsis_gcc.h **** {
 596:Drivers/CMSIS/Include/cmsis_gcc.h ****   uint32_t result;
 597:Drivers/CMSIS/Include/cmsis_gcc.h **** 
 598:Drivers/CMSIS/Include/cmsis_gcc.h ****   __ASM volatile ("MRS %0, faultmask" : "=r" (result) );
 599:Drivers/CMSIS/Include/cmsis_gcc.h ****   return(result);
 600:Drivers/CMSIS/Include/cmsis_gcc.h **** }
 601:Drivers/CMSIS/Include/cmsis_gcc.h **** 
 602:Drivers/CMSIS/Include/cmsis_gcc.h **** 
 603:Drivers/CMSIS/Include/cmsis_gcc.h **** #if (defined (__ARM_FEATURE_CMSE ) && (__ARM_FEATURE_CMSE == 3))
 604:Drivers/CMSIS/Include/cmsis_gcc.h **** /**
 605:Drivers/CMSIS/Include/cmsis_gcc.h ****   \brief   Get Fault Mask (non-secure)
 606:Drivers/CMSIS/Include/cmsis_gcc.h ****   \details Returns the current value of the non-secure Fault Mask register when in secure state.
 607:Drivers/CMSIS/Include/cmsis_gcc.h ****   \return               Fault Mask register value
 608:Drivers/CMSIS/Include/cmsis_gcc.h ****  */
ARM GAS  /tmp/ccdNxUHJ.s 			page 42


 609:Drivers/CMSIS/Include/cmsis_gcc.h **** __STATIC_FORCEINLINE uint32_t __TZ_get_FAULTMASK_NS(void)
 610:Drivers/CMSIS/Include/cmsis_gcc.h **** {
 611:Drivers/CMSIS/Include/cmsis_gcc.h ****   uint32_t result;
 612:Drivers/CMSIS/Include/cmsis_gcc.h **** 
 613:Drivers/CMSIS/Include/cmsis_gcc.h ****   __ASM volatile ("MRS %0, faultmask_ns" : "=r" (result) );
 614:Drivers/CMSIS/Include/cmsis_gcc.h ****   return(result);
 615:Drivers/CMSIS/Include/cmsis_gcc.h **** }
 616:Drivers/CMSIS/Include/cmsis_gcc.h **** #endif
 617:Drivers/CMSIS/Include/cmsis_gcc.h **** 
 618:Drivers/CMSIS/Include/cmsis_gcc.h **** 
 619:Drivers/CMSIS/Include/cmsis_gcc.h **** /**
 620:Drivers/CMSIS/Include/cmsis_gcc.h ****   \brief   Set Fault Mask
 621:Drivers/CMSIS/Include/cmsis_gcc.h ****   \details Assigns the given value to the Fault Mask register.
 622:Drivers/CMSIS/Include/cmsis_gcc.h ****   \param [in]    faultMask  Fault Mask value to set
 623:Drivers/CMSIS/Include/cmsis_gcc.h ****  */
 624:Drivers/CMSIS/Include/cmsis_gcc.h **** __STATIC_FORCEINLINE void __set_FAULTMASK(uint32_t faultMask)
 625:Drivers/CMSIS/Include/cmsis_gcc.h **** {
 626:Drivers/CMSIS/Include/cmsis_gcc.h ****   __ASM volatile ("MSR faultmask, %0" : : "r" (faultMask) : "memory");
 627:Drivers/CMSIS/Include/cmsis_gcc.h **** }
 628:Drivers/CMSIS/Include/cmsis_gcc.h **** 
 629:Drivers/CMSIS/Include/cmsis_gcc.h **** 
 630:Drivers/CMSIS/Include/cmsis_gcc.h **** #if (defined (__ARM_FEATURE_CMSE ) && (__ARM_FEATURE_CMSE == 3))
 631:Drivers/CMSIS/Include/cmsis_gcc.h **** /**
 632:Drivers/CMSIS/Include/cmsis_gcc.h ****   \brief   Set Fault Mask (non-secure)
 633:Drivers/CMSIS/Include/cmsis_gcc.h ****   \details Assigns the given value to the non-secure Fault Mask register when in secure state.
 634:Drivers/CMSIS/Include/cmsis_gcc.h ****   \param [in]    faultMask  Fault Mask value to set
 635:Drivers/CMSIS/Include/cmsis_gcc.h ****  */
 636:Drivers/CMSIS/Include/cmsis_gcc.h **** __STATIC_FORCEINLINE void __TZ_set_FAULTMASK_NS(uint32_t faultMask)
 637:Drivers/CMSIS/Include/cmsis_gcc.h **** {
 638:Drivers/CMSIS/Include/cmsis_gcc.h ****   __ASM volatile ("MSR faultmask_ns, %0" : : "r" (faultMask) : "memory");
 639:Drivers/CMSIS/Include/cmsis_gcc.h **** }
 640:Drivers/CMSIS/Include/cmsis_gcc.h **** #endif
 641:Drivers/CMSIS/Include/cmsis_gcc.h **** 
 642:Drivers/CMSIS/Include/cmsis_gcc.h **** #endif /* ((defined (__ARM_ARCH_7M__      ) && (__ARM_ARCH_7M__      == 1)) || \
 643:Drivers/CMSIS/Include/cmsis_gcc.h ****            (defined (__ARM_ARCH_7EM__     ) && (__ARM_ARCH_7EM__     == 1)) || \
 644:Drivers/CMSIS/Include/cmsis_gcc.h ****            (defined (__ARM_ARCH_8M_MAIN__ ) && (__ARM_ARCH_8M_MAIN__ == 1))    ) */
 645:Drivers/CMSIS/Include/cmsis_gcc.h **** 
 646:Drivers/CMSIS/Include/cmsis_gcc.h **** 
 647:Drivers/CMSIS/Include/cmsis_gcc.h **** #if ((defined (__ARM_ARCH_8M_MAIN__ ) && (__ARM_ARCH_8M_MAIN__ == 1)) || \
 648:Drivers/CMSIS/Include/cmsis_gcc.h ****      (defined (__ARM_ARCH_8M_BASE__ ) && (__ARM_ARCH_8M_BASE__ == 1))    )
 649:Drivers/CMSIS/Include/cmsis_gcc.h **** 
 650:Drivers/CMSIS/Include/cmsis_gcc.h **** /**
 651:Drivers/CMSIS/Include/cmsis_gcc.h ****   \brief   Get Process Stack Pointer Limit
 652:Drivers/CMSIS/Include/cmsis_gcc.h ****   Devices without ARMv8-M Main Extensions (i.e. Cortex-M23) lack the non-secure
 653:Drivers/CMSIS/Include/cmsis_gcc.h ****   Stack Pointer Limit register hence zero is returned always in non-secure
 654:Drivers/CMSIS/Include/cmsis_gcc.h ****   mode.
 655:Drivers/CMSIS/Include/cmsis_gcc.h ****   
 656:Drivers/CMSIS/Include/cmsis_gcc.h ****   \details Returns the current value of the Process Stack Pointer Limit (PSPLIM).
 657:Drivers/CMSIS/Include/cmsis_gcc.h ****   \return               PSPLIM Register value
 658:Drivers/CMSIS/Include/cmsis_gcc.h ****  */
 659:Drivers/CMSIS/Include/cmsis_gcc.h **** __STATIC_FORCEINLINE uint32_t __get_PSPLIM(void)
 660:Drivers/CMSIS/Include/cmsis_gcc.h **** {
 661:Drivers/CMSIS/Include/cmsis_gcc.h **** #if (!(defined (__ARM_ARCH_8M_MAIN__ ) && (__ARM_ARCH_8M_MAIN__ == 1)) && \
 662:Drivers/CMSIS/Include/cmsis_gcc.h ****     (!defined (__ARM_FEATURE_CMSE) || (__ARM_FEATURE_CMSE < 3)))
 663:Drivers/CMSIS/Include/cmsis_gcc.h ****     // without main extensions, the non-secure PSPLIM is RAZ/WI
 664:Drivers/CMSIS/Include/cmsis_gcc.h ****   return 0U;
 665:Drivers/CMSIS/Include/cmsis_gcc.h **** #else
ARM GAS  /tmp/ccdNxUHJ.s 			page 43


 666:Drivers/CMSIS/Include/cmsis_gcc.h ****   uint32_t result;
 667:Drivers/CMSIS/Include/cmsis_gcc.h ****   __ASM volatile ("MRS %0, psplim"  : "=r" (result) );
 668:Drivers/CMSIS/Include/cmsis_gcc.h ****   return result;
 669:Drivers/CMSIS/Include/cmsis_gcc.h **** #endif
 670:Drivers/CMSIS/Include/cmsis_gcc.h **** }
 671:Drivers/CMSIS/Include/cmsis_gcc.h **** 
 672:Drivers/CMSIS/Include/cmsis_gcc.h **** #if (defined (__ARM_FEATURE_CMSE) && (__ARM_FEATURE_CMSE == 3))
 673:Drivers/CMSIS/Include/cmsis_gcc.h **** /**
 674:Drivers/CMSIS/Include/cmsis_gcc.h ****   \brief   Get Process Stack Pointer Limit (non-secure)
 675:Drivers/CMSIS/Include/cmsis_gcc.h ****   Devices without ARMv8-M Main Extensions (i.e. Cortex-M23) lack the non-secure
 676:Drivers/CMSIS/Include/cmsis_gcc.h ****   Stack Pointer Limit register hence zero is returned always.
 677:Drivers/CMSIS/Include/cmsis_gcc.h **** 
 678:Drivers/CMSIS/Include/cmsis_gcc.h ****   \details Returns the current value of the non-secure Process Stack Pointer Limit (PSPLIM) when in
 679:Drivers/CMSIS/Include/cmsis_gcc.h ****   \return               PSPLIM Register value
 680:Drivers/CMSIS/Include/cmsis_gcc.h ****  */
 681:Drivers/CMSIS/Include/cmsis_gcc.h **** __STATIC_FORCEINLINE uint32_t __TZ_get_PSPLIM_NS(void)
 682:Drivers/CMSIS/Include/cmsis_gcc.h **** {
 683:Drivers/CMSIS/Include/cmsis_gcc.h **** #if (!(defined (__ARM_ARCH_8M_MAIN__ ) && (__ARM_ARCH_8M_MAIN__ == 1)))
 684:Drivers/CMSIS/Include/cmsis_gcc.h ****   // without main extensions, the non-secure PSPLIM is RAZ/WI
 685:Drivers/CMSIS/Include/cmsis_gcc.h ****   return 0U;
 686:Drivers/CMSIS/Include/cmsis_gcc.h **** #else
 687:Drivers/CMSIS/Include/cmsis_gcc.h ****   uint32_t result;
 688:Drivers/CMSIS/Include/cmsis_gcc.h ****   __ASM volatile ("MRS %0, psplim_ns"  : "=r" (result) );
 689:Drivers/CMSIS/Include/cmsis_gcc.h ****   return result;
 690:Drivers/CMSIS/Include/cmsis_gcc.h **** #endif
 691:Drivers/CMSIS/Include/cmsis_gcc.h **** }
 692:Drivers/CMSIS/Include/cmsis_gcc.h **** #endif
 693:Drivers/CMSIS/Include/cmsis_gcc.h **** 
 694:Drivers/CMSIS/Include/cmsis_gcc.h **** 
 695:Drivers/CMSIS/Include/cmsis_gcc.h **** /**
 696:Drivers/CMSIS/Include/cmsis_gcc.h ****   \brief   Set Process Stack Pointer Limit
 697:Drivers/CMSIS/Include/cmsis_gcc.h ****   Devices without ARMv8-M Main Extensions (i.e. Cortex-M23) lack the non-secure
 698:Drivers/CMSIS/Include/cmsis_gcc.h ****   Stack Pointer Limit register hence the write is silently ignored in non-secure
 699:Drivers/CMSIS/Include/cmsis_gcc.h ****   mode.
 700:Drivers/CMSIS/Include/cmsis_gcc.h ****   
 701:Drivers/CMSIS/Include/cmsis_gcc.h ****   \details Assigns the given value to the Process Stack Pointer Limit (PSPLIM).
 702:Drivers/CMSIS/Include/cmsis_gcc.h ****   \param [in]    ProcStackPtrLimit  Process Stack Pointer Limit value to set
 703:Drivers/CMSIS/Include/cmsis_gcc.h ****  */
 704:Drivers/CMSIS/Include/cmsis_gcc.h **** __STATIC_FORCEINLINE void __set_PSPLIM(uint32_t ProcStackPtrLimit)
 705:Drivers/CMSIS/Include/cmsis_gcc.h **** {
 706:Drivers/CMSIS/Include/cmsis_gcc.h **** #if (!(defined (__ARM_ARCH_8M_MAIN__ ) && (__ARM_ARCH_8M_MAIN__ == 1)) && \
 707:Drivers/CMSIS/Include/cmsis_gcc.h ****     (!defined (__ARM_FEATURE_CMSE) || (__ARM_FEATURE_CMSE < 3)))
 708:Drivers/CMSIS/Include/cmsis_gcc.h ****   // without main extensions, the non-secure PSPLIM is RAZ/WI
 709:Drivers/CMSIS/Include/cmsis_gcc.h ****   (void)ProcStackPtrLimit;
 710:Drivers/CMSIS/Include/cmsis_gcc.h **** #else
 711:Drivers/CMSIS/Include/cmsis_gcc.h ****   __ASM volatile ("MSR psplim, %0" : : "r" (ProcStackPtrLimit));
 712:Drivers/CMSIS/Include/cmsis_gcc.h **** #endif
 713:Drivers/CMSIS/Include/cmsis_gcc.h **** }
 714:Drivers/CMSIS/Include/cmsis_gcc.h **** 
 715:Drivers/CMSIS/Include/cmsis_gcc.h **** 
 716:Drivers/CMSIS/Include/cmsis_gcc.h **** #if (defined (__ARM_FEATURE_CMSE  ) && (__ARM_FEATURE_CMSE   == 3))
 717:Drivers/CMSIS/Include/cmsis_gcc.h **** /**
 718:Drivers/CMSIS/Include/cmsis_gcc.h ****   \brief   Set Process Stack Pointer (non-secure)
 719:Drivers/CMSIS/Include/cmsis_gcc.h ****   Devices without ARMv8-M Main Extensions (i.e. Cortex-M23) lack the non-secure
 720:Drivers/CMSIS/Include/cmsis_gcc.h ****   Stack Pointer Limit register hence the write is silently ignored.
 721:Drivers/CMSIS/Include/cmsis_gcc.h **** 
 722:Drivers/CMSIS/Include/cmsis_gcc.h ****   \details Assigns the given value to the non-secure Process Stack Pointer Limit (PSPLIM) when in s
ARM GAS  /tmp/ccdNxUHJ.s 			page 44


 723:Drivers/CMSIS/Include/cmsis_gcc.h ****   \param [in]    ProcStackPtrLimit  Process Stack Pointer Limit value to set
 724:Drivers/CMSIS/Include/cmsis_gcc.h ****  */
 725:Drivers/CMSIS/Include/cmsis_gcc.h **** __STATIC_FORCEINLINE void __TZ_set_PSPLIM_NS(uint32_t ProcStackPtrLimit)
 726:Drivers/CMSIS/Include/cmsis_gcc.h **** {
 727:Drivers/CMSIS/Include/cmsis_gcc.h **** #if (!(defined (__ARM_ARCH_8M_MAIN__ ) && (__ARM_ARCH_8M_MAIN__ == 1)))
 728:Drivers/CMSIS/Include/cmsis_gcc.h ****   // without main extensions, the non-secure PSPLIM is RAZ/WI
 729:Drivers/CMSIS/Include/cmsis_gcc.h ****   (void)ProcStackPtrLimit;
 730:Drivers/CMSIS/Include/cmsis_gcc.h **** #else
 731:Drivers/CMSIS/Include/cmsis_gcc.h ****   __ASM volatile ("MSR psplim_ns, %0\n" : : "r" (ProcStackPtrLimit));
 732:Drivers/CMSIS/Include/cmsis_gcc.h **** #endif
 733:Drivers/CMSIS/Include/cmsis_gcc.h **** }
 734:Drivers/CMSIS/Include/cmsis_gcc.h **** #endif
 735:Drivers/CMSIS/Include/cmsis_gcc.h **** 
 736:Drivers/CMSIS/Include/cmsis_gcc.h **** 
 737:Drivers/CMSIS/Include/cmsis_gcc.h **** /**
 738:Drivers/CMSIS/Include/cmsis_gcc.h ****   \brief   Get Main Stack Pointer Limit
 739:Drivers/CMSIS/Include/cmsis_gcc.h ****   Devices without ARMv8-M Main Extensions (i.e. Cortex-M23) lack the non-secure
 740:Drivers/CMSIS/Include/cmsis_gcc.h ****   Stack Pointer Limit register hence zero is returned always in non-secure
 741:Drivers/CMSIS/Include/cmsis_gcc.h ****   mode.
 742:Drivers/CMSIS/Include/cmsis_gcc.h **** 
 743:Drivers/CMSIS/Include/cmsis_gcc.h ****   \details Returns the current value of the Main Stack Pointer Limit (MSPLIM).
 744:Drivers/CMSIS/Include/cmsis_gcc.h ****   \return               MSPLIM Register value
 745:Drivers/CMSIS/Include/cmsis_gcc.h ****  */
 746:Drivers/CMSIS/Include/cmsis_gcc.h **** __STATIC_FORCEINLINE uint32_t __get_MSPLIM(void)
 747:Drivers/CMSIS/Include/cmsis_gcc.h **** {
 748:Drivers/CMSIS/Include/cmsis_gcc.h **** #if (!(defined (__ARM_ARCH_8M_MAIN__ ) && (__ARM_ARCH_8M_MAIN__ == 1)) && \
 749:Drivers/CMSIS/Include/cmsis_gcc.h ****     (!defined (__ARM_FEATURE_CMSE) || (__ARM_FEATURE_CMSE < 3)))
 750:Drivers/CMSIS/Include/cmsis_gcc.h ****   // without main extensions, the non-secure MSPLIM is RAZ/WI
 751:Drivers/CMSIS/Include/cmsis_gcc.h ****   return 0U;
 752:Drivers/CMSIS/Include/cmsis_gcc.h **** #else
 753:Drivers/CMSIS/Include/cmsis_gcc.h ****   uint32_t result;
 754:Drivers/CMSIS/Include/cmsis_gcc.h ****   __ASM volatile ("MRS %0, msplim" : "=r" (result) );
 755:Drivers/CMSIS/Include/cmsis_gcc.h ****   return result;
 756:Drivers/CMSIS/Include/cmsis_gcc.h **** #endif
 757:Drivers/CMSIS/Include/cmsis_gcc.h **** }
 758:Drivers/CMSIS/Include/cmsis_gcc.h **** 
 759:Drivers/CMSIS/Include/cmsis_gcc.h **** 
 760:Drivers/CMSIS/Include/cmsis_gcc.h **** #if (defined (__ARM_FEATURE_CMSE  ) && (__ARM_FEATURE_CMSE   == 3))
 761:Drivers/CMSIS/Include/cmsis_gcc.h **** /**
 762:Drivers/CMSIS/Include/cmsis_gcc.h ****   \brief   Get Main Stack Pointer Limit (non-secure)
 763:Drivers/CMSIS/Include/cmsis_gcc.h ****   Devices without ARMv8-M Main Extensions (i.e. Cortex-M23) lack the non-secure
 764:Drivers/CMSIS/Include/cmsis_gcc.h ****   Stack Pointer Limit register hence zero is returned always.
 765:Drivers/CMSIS/Include/cmsis_gcc.h **** 
 766:Drivers/CMSIS/Include/cmsis_gcc.h ****   \details Returns the current value of the non-secure Main Stack Pointer Limit(MSPLIM) when in sec
 767:Drivers/CMSIS/Include/cmsis_gcc.h ****   \return               MSPLIM Register value
 768:Drivers/CMSIS/Include/cmsis_gcc.h ****  */
 769:Drivers/CMSIS/Include/cmsis_gcc.h **** __STATIC_FORCEINLINE uint32_t __TZ_get_MSPLIM_NS(void)
 770:Drivers/CMSIS/Include/cmsis_gcc.h **** {
 771:Drivers/CMSIS/Include/cmsis_gcc.h **** #if (!(defined (__ARM_ARCH_8M_MAIN__ ) && (__ARM_ARCH_8M_MAIN__ == 1)))
 772:Drivers/CMSIS/Include/cmsis_gcc.h ****   // without main extensions, the non-secure MSPLIM is RAZ/WI
 773:Drivers/CMSIS/Include/cmsis_gcc.h ****   return 0U;
 774:Drivers/CMSIS/Include/cmsis_gcc.h **** #else
 775:Drivers/CMSIS/Include/cmsis_gcc.h ****   uint32_t result;
 776:Drivers/CMSIS/Include/cmsis_gcc.h ****   __ASM volatile ("MRS %0, msplim_ns" : "=r" (result) );
 777:Drivers/CMSIS/Include/cmsis_gcc.h ****   return result;
 778:Drivers/CMSIS/Include/cmsis_gcc.h **** #endif
 779:Drivers/CMSIS/Include/cmsis_gcc.h **** }
ARM GAS  /tmp/ccdNxUHJ.s 			page 45


 780:Drivers/CMSIS/Include/cmsis_gcc.h **** #endif
 781:Drivers/CMSIS/Include/cmsis_gcc.h **** 
 782:Drivers/CMSIS/Include/cmsis_gcc.h **** 
 783:Drivers/CMSIS/Include/cmsis_gcc.h **** /**
 784:Drivers/CMSIS/Include/cmsis_gcc.h ****   \brief   Set Main Stack Pointer Limit
 785:Drivers/CMSIS/Include/cmsis_gcc.h ****   Devices without ARMv8-M Main Extensions (i.e. Cortex-M23) lack the non-secure
 786:Drivers/CMSIS/Include/cmsis_gcc.h ****   Stack Pointer Limit register hence the write is silently ignored in non-secure
 787:Drivers/CMSIS/Include/cmsis_gcc.h ****   mode.
 788:Drivers/CMSIS/Include/cmsis_gcc.h **** 
 789:Drivers/CMSIS/Include/cmsis_gcc.h ****   \details Assigns the given value to the Main Stack Pointer Limit (MSPLIM).
 790:Drivers/CMSIS/Include/cmsis_gcc.h ****   \param [in]    MainStackPtrLimit  Main Stack Pointer Limit value to set
 791:Drivers/CMSIS/Include/cmsis_gcc.h ****  */
 792:Drivers/CMSIS/Include/cmsis_gcc.h **** __STATIC_FORCEINLINE void __set_MSPLIM(uint32_t MainStackPtrLimit)
 793:Drivers/CMSIS/Include/cmsis_gcc.h **** {
 794:Drivers/CMSIS/Include/cmsis_gcc.h **** #if (!(defined (__ARM_ARCH_8M_MAIN__ ) && (__ARM_ARCH_8M_MAIN__ == 1)) && \
 795:Drivers/CMSIS/Include/cmsis_gcc.h ****     (!defined (__ARM_FEATURE_CMSE) || (__ARM_FEATURE_CMSE < 3)))
 796:Drivers/CMSIS/Include/cmsis_gcc.h ****   // without main extensions, the non-secure MSPLIM is RAZ/WI
 797:Drivers/CMSIS/Include/cmsis_gcc.h ****   (void)MainStackPtrLimit;
 798:Drivers/CMSIS/Include/cmsis_gcc.h **** #else
 799:Drivers/CMSIS/Include/cmsis_gcc.h ****   __ASM volatile ("MSR msplim, %0" : : "r" (MainStackPtrLimit));
 800:Drivers/CMSIS/Include/cmsis_gcc.h **** #endif
 801:Drivers/CMSIS/Include/cmsis_gcc.h **** }
 802:Drivers/CMSIS/Include/cmsis_gcc.h **** 
 803:Drivers/CMSIS/Include/cmsis_gcc.h **** 
 804:Drivers/CMSIS/Include/cmsis_gcc.h **** #if (defined (__ARM_FEATURE_CMSE  ) && (__ARM_FEATURE_CMSE   == 3))
 805:Drivers/CMSIS/Include/cmsis_gcc.h **** /**
 806:Drivers/CMSIS/Include/cmsis_gcc.h ****   \brief   Set Main Stack Pointer Limit (non-secure)
 807:Drivers/CMSIS/Include/cmsis_gcc.h ****   Devices without ARMv8-M Main Extensions (i.e. Cortex-M23) lack the non-secure
 808:Drivers/CMSIS/Include/cmsis_gcc.h ****   Stack Pointer Limit register hence the write is silently ignored.
 809:Drivers/CMSIS/Include/cmsis_gcc.h **** 
 810:Drivers/CMSIS/Include/cmsis_gcc.h ****   \details Assigns the given value to the non-secure Main Stack Pointer Limit (MSPLIM) when in secu
 811:Drivers/CMSIS/Include/cmsis_gcc.h ****   \param [in]    MainStackPtrLimit  Main Stack Pointer value to set
 812:Drivers/CMSIS/Include/cmsis_gcc.h ****  */
 813:Drivers/CMSIS/Include/cmsis_gcc.h **** __STATIC_FORCEINLINE void __TZ_set_MSPLIM_NS(uint32_t MainStackPtrLimit)
 814:Drivers/CMSIS/Include/cmsis_gcc.h **** {
 815:Drivers/CMSIS/Include/cmsis_gcc.h **** #if (!(defined (__ARM_ARCH_8M_MAIN__ ) && (__ARM_ARCH_8M_MAIN__ == 1)))
 816:Drivers/CMSIS/Include/cmsis_gcc.h ****   // without main extensions, the non-secure MSPLIM is RAZ/WI
 817:Drivers/CMSIS/Include/cmsis_gcc.h ****   (void)MainStackPtrLimit;
 818:Drivers/CMSIS/Include/cmsis_gcc.h **** #else
 819:Drivers/CMSIS/Include/cmsis_gcc.h ****   __ASM volatile ("MSR msplim_ns, %0" : : "r" (MainStackPtrLimit));
 820:Drivers/CMSIS/Include/cmsis_gcc.h **** #endif
 821:Drivers/CMSIS/Include/cmsis_gcc.h **** }
 822:Drivers/CMSIS/Include/cmsis_gcc.h **** #endif
 823:Drivers/CMSIS/Include/cmsis_gcc.h **** 
 824:Drivers/CMSIS/Include/cmsis_gcc.h **** #endif /* ((defined (__ARM_ARCH_8M_MAIN__ ) && (__ARM_ARCH_8M_MAIN__ == 1)) || \
 825:Drivers/CMSIS/Include/cmsis_gcc.h ****            (defined (__ARM_ARCH_8M_BASE__ ) && (__ARM_ARCH_8M_BASE__ == 1))    ) */
 826:Drivers/CMSIS/Include/cmsis_gcc.h **** 
 827:Drivers/CMSIS/Include/cmsis_gcc.h **** 
 828:Drivers/CMSIS/Include/cmsis_gcc.h **** /**
 829:Drivers/CMSIS/Include/cmsis_gcc.h ****   \brief   Get FPSCR
 830:Drivers/CMSIS/Include/cmsis_gcc.h ****   \details Returns the current value of the Floating Point Status/Control register.
 831:Drivers/CMSIS/Include/cmsis_gcc.h ****   \return               Floating Point Status/Control register value
 832:Drivers/CMSIS/Include/cmsis_gcc.h ****  */
 833:Drivers/CMSIS/Include/cmsis_gcc.h **** __STATIC_FORCEINLINE uint32_t __get_FPSCR(void)
 834:Drivers/CMSIS/Include/cmsis_gcc.h **** {
 835:Drivers/CMSIS/Include/cmsis_gcc.h **** #if ((defined (__FPU_PRESENT) && (__FPU_PRESENT == 1U)) && \
 836:Drivers/CMSIS/Include/cmsis_gcc.h ****      (defined (__FPU_USED   ) && (__FPU_USED    == 1U))     )
ARM GAS  /tmp/ccdNxUHJ.s 			page 46


 837:Drivers/CMSIS/Include/cmsis_gcc.h **** #if __has_builtin(__builtin_arm_get_fpscr) 
 838:Drivers/CMSIS/Include/cmsis_gcc.h **** // Re-enable using built-in when GCC has been fixed
 839:Drivers/CMSIS/Include/cmsis_gcc.h **** // || (__GNUC__ > 7) || (__GNUC__ == 7 && __GNUC_MINOR__ >= 2)
 840:Drivers/CMSIS/Include/cmsis_gcc.h ****   /* see https://gcc.gnu.org/ml/gcc-patches/2017-04/msg00443.html */
 841:Drivers/CMSIS/Include/cmsis_gcc.h ****   return __builtin_arm_get_fpscr();
 842:Drivers/CMSIS/Include/cmsis_gcc.h **** #else
 843:Drivers/CMSIS/Include/cmsis_gcc.h ****   uint32_t result;
 844:Drivers/CMSIS/Include/cmsis_gcc.h **** 
 845:Drivers/CMSIS/Include/cmsis_gcc.h ****   __ASM volatile ("VMRS %0, fpscr" : "=r" (result) );
 846:Drivers/CMSIS/Include/cmsis_gcc.h ****   return(result);
 847:Drivers/CMSIS/Include/cmsis_gcc.h **** #endif
 848:Drivers/CMSIS/Include/cmsis_gcc.h **** #else
 849:Drivers/CMSIS/Include/cmsis_gcc.h ****   return(0U);
 850:Drivers/CMSIS/Include/cmsis_gcc.h **** #endif
 851:Drivers/CMSIS/Include/cmsis_gcc.h **** }
 852:Drivers/CMSIS/Include/cmsis_gcc.h **** 
 853:Drivers/CMSIS/Include/cmsis_gcc.h **** 
 854:Drivers/CMSIS/Include/cmsis_gcc.h **** /**
 855:Drivers/CMSIS/Include/cmsis_gcc.h ****   \brief   Set FPSCR
 856:Drivers/CMSIS/Include/cmsis_gcc.h ****   \details Assigns the given value to the Floating Point Status/Control register.
 857:Drivers/CMSIS/Include/cmsis_gcc.h ****   \param [in]    fpscr  Floating Point Status/Control value to set
 858:Drivers/CMSIS/Include/cmsis_gcc.h ****  */
 859:Drivers/CMSIS/Include/cmsis_gcc.h **** __STATIC_FORCEINLINE void __set_FPSCR(uint32_t fpscr)
 860:Drivers/CMSIS/Include/cmsis_gcc.h **** {
 861:Drivers/CMSIS/Include/cmsis_gcc.h **** #if ((defined (__FPU_PRESENT) && (__FPU_PRESENT == 1U)) && \
 862:Drivers/CMSIS/Include/cmsis_gcc.h ****      (defined (__FPU_USED   ) && (__FPU_USED    == 1U))     )
 863:Drivers/CMSIS/Include/cmsis_gcc.h **** #if __has_builtin(__builtin_arm_set_fpscr)
 864:Drivers/CMSIS/Include/cmsis_gcc.h **** // Re-enable using built-in when GCC has been fixed
 865:Drivers/CMSIS/Include/cmsis_gcc.h **** // || (__GNUC__ > 7) || (__GNUC__ == 7 && __GNUC_MINOR__ >= 2)
 866:Drivers/CMSIS/Include/cmsis_gcc.h ****   /* see https://gcc.gnu.org/ml/gcc-patches/2017-04/msg00443.html */
 867:Drivers/CMSIS/Include/cmsis_gcc.h ****   __builtin_arm_set_fpscr(fpscr);
 868:Drivers/CMSIS/Include/cmsis_gcc.h **** #else
 869:Drivers/CMSIS/Include/cmsis_gcc.h ****   __ASM volatile ("VMSR fpscr, %0" : : "r" (fpscr) : "vfpcc", "memory");
 870:Drivers/CMSIS/Include/cmsis_gcc.h **** #endif
 871:Drivers/CMSIS/Include/cmsis_gcc.h **** #else
 872:Drivers/CMSIS/Include/cmsis_gcc.h ****   (void)fpscr;
 873:Drivers/CMSIS/Include/cmsis_gcc.h **** #endif
 874:Drivers/CMSIS/Include/cmsis_gcc.h **** }
 875:Drivers/CMSIS/Include/cmsis_gcc.h **** 
 876:Drivers/CMSIS/Include/cmsis_gcc.h **** 
 877:Drivers/CMSIS/Include/cmsis_gcc.h **** /*@} end of CMSIS_Core_RegAccFunctions */
 878:Drivers/CMSIS/Include/cmsis_gcc.h **** 
 879:Drivers/CMSIS/Include/cmsis_gcc.h **** 
 880:Drivers/CMSIS/Include/cmsis_gcc.h **** /* ##########################  Core Instruction Access  ######################### */
 881:Drivers/CMSIS/Include/cmsis_gcc.h **** /** \defgroup CMSIS_Core_InstructionInterface CMSIS Core Instruction Interface
 882:Drivers/CMSIS/Include/cmsis_gcc.h ****   Access to dedicated instructions
 883:Drivers/CMSIS/Include/cmsis_gcc.h ****   @{
 884:Drivers/CMSIS/Include/cmsis_gcc.h **** */
 885:Drivers/CMSIS/Include/cmsis_gcc.h **** 
 886:Drivers/CMSIS/Include/cmsis_gcc.h **** /* Define macros for porting to both thumb1 and thumb2.
 887:Drivers/CMSIS/Include/cmsis_gcc.h ****  * For thumb1, use low register (r0-r7), specified by constraint "l"
 888:Drivers/CMSIS/Include/cmsis_gcc.h ****  * Otherwise, use general registers, specified by constraint "r" */
 889:Drivers/CMSIS/Include/cmsis_gcc.h **** #if defined (__thumb__) && !defined (__thumb2__)
 890:Drivers/CMSIS/Include/cmsis_gcc.h **** #define __CMSIS_GCC_OUT_REG(r) "=l" (r)
 891:Drivers/CMSIS/Include/cmsis_gcc.h **** #define __CMSIS_GCC_RW_REG(r) "+l" (r)
 892:Drivers/CMSIS/Include/cmsis_gcc.h **** #define __CMSIS_GCC_USE_REG(r) "l" (r)
 893:Drivers/CMSIS/Include/cmsis_gcc.h **** #else
ARM GAS  /tmp/ccdNxUHJ.s 			page 47


 894:Drivers/CMSIS/Include/cmsis_gcc.h **** #define __CMSIS_GCC_OUT_REG(r) "=r" (r)
 895:Drivers/CMSIS/Include/cmsis_gcc.h **** #define __CMSIS_GCC_RW_REG(r) "+r" (r)
 896:Drivers/CMSIS/Include/cmsis_gcc.h **** #define __CMSIS_GCC_USE_REG(r) "r" (r)
 897:Drivers/CMSIS/Include/cmsis_gcc.h **** #endif
 898:Drivers/CMSIS/Include/cmsis_gcc.h **** 
 899:Drivers/CMSIS/Include/cmsis_gcc.h **** /**
 900:Drivers/CMSIS/Include/cmsis_gcc.h ****   \brief   No Operation
 901:Drivers/CMSIS/Include/cmsis_gcc.h ****   \details No Operation does nothing. This instruction can be used for code alignment purposes.
 902:Drivers/CMSIS/Include/cmsis_gcc.h ****  */
 903:Drivers/CMSIS/Include/cmsis_gcc.h **** #define __NOP()                             __ASM volatile ("nop")
 904:Drivers/CMSIS/Include/cmsis_gcc.h **** 
 905:Drivers/CMSIS/Include/cmsis_gcc.h **** /**
 906:Drivers/CMSIS/Include/cmsis_gcc.h ****   \brief   Wait For Interrupt
 907:Drivers/CMSIS/Include/cmsis_gcc.h ****   \details Wait For Interrupt is a hint instruction that suspends execution until one of a number o
 908:Drivers/CMSIS/Include/cmsis_gcc.h ****  */
 909:Drivers/CMSIS/Include/cmsis_gcc.h **** #define __WFI()                             __ASM volatile ("wfi")
 910:Drivers/CMSIS/Include/cmsis_gcc.h **** 
 911:Drivers/CMSIS/Include/cmsis_gcc.h **** 
 912:Drivers/CMSIS/Include/cmsis_gcc.h **** /**
 913:Drivers/CMSIS/Include/cmsis_gcc.h ****   \brief   Wait For Event
 914:Drivers/CMSIS/Include/cmsis_gcc.h ****   \details Wait For Event is a hint instruction that permits the processor to enter
 915:Drivers/CMSIS/Include/cmsis_gcc.h ****            a low-power state until one of a number of events occurs.
 916:Drivers/CMSIS/Include/cmsis_gcc.h ****  */
 917:Drivers/CMSIS/Include/cmsis_gcc.h **** #define __WFE()                             __ASM volatile ("wfe")
 918:Drivers/CMSIS/Include/cmsis_gcc.h **** 
 919:Drivers/CMSIS/Include/cmsis_gcc.h **** 
 920:Drivers/CMSIS/Include/cmsis_gcc.h **** /**
 921:Drivers/CMSIS/Include/cmsis_gcc.h ****   \brief   Send Event
 922:Drivers/CMSIS/Include/cmsis_gcc.h ****   \details Send Event is a hint instruction. It causes an event to be signaled to the CPU.
 923:Drivers/CMSIS/Include/cmsis_gcc.h ****  */
 924:Drivers/CMSIS/Include/cmsis_gcc.h **** #define __SEV()                             __ASM volatile ("sev")
 925:Drivers/CMSIS/Include/cmsis_gcc.h **** 
 926:Drivers/CMSIS/Include/cmsis_gcc.h **** 
 927:Drivers/CMSIS/Include/cmsis_gcc.h **** /**
 928:Drivers/CMSIS/Include/cmsis_gcc.h ****   \brief   Instruction Synchronization Barrier
 929:Drivers/CMSIS/Include/cmsis_gcc.h ****   \details Instruction Synchronization Barrier flushes the pipeline in the processor,
 930:Drivers/CMSIS/Include/cmsis_gcc.h ****            so that all instructions following the ISB are fetched from cache or memory,
 931:Drivers/CMSIS/Include/cmsis_gcc.h ****            after the instruction has been completed.
 932:Drivers/CMSIS/Include/cmsis_gcc.h ****  */
 933:Drivers/CMSIS/Include/cmsis_gcc.h **** __STATIC_FORCEINLINE void __ISB(void)
 934:Drivers/CMSIS/Include/cmsis_gcc.h **** {
 935:Drivers/CMSIS/Include/cmsis_gcc.h ****   __ASM volatile ("isb 0xF":::"memory");
 936:Drivers/CMSIS/Include/cmsis_gcc.h **** }
 937:Drivers/CMSIS/Include/cmsis_gcc.h **** 
 938:Drivers/CMSIS/Include/cmsis_gcc.h **** 
 939:Drivers/CMSIS/Include/cmsis_gcc.h **** /**
 940:Drivers/CMSIS/Include/cmsis_gcc.h ****   \brief   Data Synchronization Barrier
 941:Drivers/CMSIS/Include/cmsis_gcc.h ****   \details Acts as a special kind of Data Memory Barrier.
 942:Drivers/CMSIS/Include/cmsis_gcc.h ****            It completes when all explicit memory accesses before this instruction complete.
 943:Drivers/CMSIS/Include/cmsis_gcc.h ****  */
 944:Drivers/CMSIS/Include/cmsis_gcc.h **** __STATIC_FORCEINLINE void __DSB(void)
 945:Drivers/CMSIS/Include/cmsis_gcc.h **** {
 946:Drivers/CMSIS/Include/cmsis_gcc.h ****   __ASM volatile ("dsb 0xF":::"memory");
 947:Drivers/CMSIS/Include/cmsis_gcc.h **** }
 948:Drivers/CMSIS/Include/cmsis_gcc.h **** 
 949:Drivers/CMSIS/Include/cmsis_gcc.h **** 
 950:Drivers/CMSIS/Include/cmsis_gcc.h **** /**
ARM GAS  /tmp/ccdNxUHJ.s 			page 48


 951:Drivers/CMSIS/Include/cmsis_gcc.h ****   \brief   Data Memory Barrier
 952:Drivers/CMSIS/Include/cmsis_gcc.h ****   \details Ensures the apparent order of the explicit memory operations before
 953:Drivers/CMSIS/Include/cmsis_gcc.h ****            and after the instruction, without ensuring their completion.
 954:Drivers/CMSIS/Include/cmsis_gcc.h ****  */
 955:Drivers/CMSIS/Include/cmsis_gcc.h **** __STATIC_FORCEINLINE void __DMB(void)
 956:Drivers/CMSIS/Include/cmsis_gcc.h **** {
 957:Drivers/CMSIS/Include/cmsis_gcc.h ****   __ASM volatile ("dmb 0xF":::"memory");
 958:Drivers/CMSIS/Include/cmsis_gcc.h **** }
 959:Drivers/CMSIS/Include/cmsis_gcc.h **** 
 960:Drivers/CMSIS/Include/cmsis_gcc.h **** 
 961:Drivers/CMSIS/Include/cmsis_gcc.h **** /**
 962:Drivers/CMSIS/Include/cmsis_gcc.h ****   \brief   Reverse byte order (32 bit)
 963:Drivers/CMSIS/Include/cmsis_gcc.h ****   \details Reverses the byte order in unsigned integer value. For example, 0x12345678 becomes 0x785
 964:Drivers/CMSIS/Include/cmsis_gcc.h ****   \param [in]    value  Value to reverse
 965:Drivers/CMSIS/Include/cmsis_gcc.h ****   \return               Reversed value
 966:Drivers/CMSIS/Include/cmsis_gcc.h ****  */
 967:Drivers/CMSIS/Include/cmsis_gcc.h **** __STATIC_FORCEINLINE uint32_t __REV(uint32_t value)
 968:Drivers/CMSIS/Include/cmsis_gcc.h **** {
 969:Drivers/CMSIS/Include/cmsis_gcc.h **** #if (__GNUC__ > 4) || (__GNUC__ == 4 && __GNUC_MINOR__ >= 5)
 970:Drivers/CMSIS/Include/cmsis_gcc.h ****   return __builtin_bswap32(value);
 971:Drivers/CMSIS/Include/cmsis_gcc.h **** #else
 972:Drivers/CMSIS/Include/cmsis_gcc.h ****   uint32_t result;
 973:Drivers/CMSIS/Include/cmsis_gcc.h **** 
 974:Drivers/CMSIS/Include/cmsis_gcc.h ****   __ASM volatile ("rev %0, %1" : __CMSIS_GCC_OUT_REG (result) : __CMSIS_GCC_USE_REG (value) );
 975:Drivers/CMSIS/Include/cmsis_gcc.h ****   return result;
 976:Drivers/CMSIS/Include/cmsis_gcc.h **** #endif
 977:Drivers/CMSIS/Include/cmsis_gcc.h **** }
 978:Drivers/CMSIS/Include/cmsis_gcc.h **** 
 979:Drivers/CMSIS/Include/cmsis_gcc.h **** 
 980:Drivers/CMSIS/Include/cmsis_gcc.h **** /**
 981:Drivers/CMSIS/Include/cmsis_gcc.h ****   \brief   Reverse byte order (16 bit)
 982:Drivers/CMSIS/Include/cmsis_gcc.h ****   \details Reverses the byte order within each halfword of a word. For example, 0x12345678 becomes 
 983:Drivers/CMSIS/Include/cmsis_gcc.h ****   \param [in]    value  Value to reverse
 984:Drivers/CMSIS/Include/cmsis_gcc.h ****   \return               Reversed value
 985:Drivers/CMSIS/Include/cmsis_gcc.h ****  */
 986:Drivers/CMSIS/Include/cmsis_gcc.h **** __STATIC_FORCEINLINE uint32_t __REV16(uint32_t value)
 987:Drivers/CMSIS/Include/cmsis_gcc.h **** {
 988:Drivers/CMSIS/Include/cmsis_gcc.h ****   uint32_t result;
 989:Drivers/CMSIS/Include/cmsis_gcc.h **** 
 990:Drivers/CMSIS/Include/cmsis_gcc.h ****   __ASM volatile ("rev16 %0, %1" : __CMSIS_GCC_OUT_REG (result) : __CMSIS_GCC_USE_REG (value) );
 991:Drivers/CMSIS/Include/cmsis_gcc.h ****   return result;
 992:Drivers/CMSIS/Include/cmsis_gcc.h **** }
 993:Drivers/CMSIS/Include/cmsis_gcc.h **** 
 994:Drivers/CMSIS/Include/cmsis_gcc.h **** 
 995:Drivers/CMSIS/Include/cmsis_gcc.h **** /**
 996:Drivers/CMSIS/Include/cmsis_gcc.h ****   \brief   Reverse byte order (16 bit)
 997:Drivers/CMSIS/Include/cmsis_gcc.h ****   \details Reverses the byte order in a 16-bit value and returns the signed 16-bit result. For exam
 998:Drivers/CMSIS/Include/cmsis_gcc.h ****   \param [in]    value  Value to reverse
 999:Drivers/CMSIS/Include/cmsis_gcc.h ****   \return               Reversed value
1000:Drivers/CMSIS/Include/cmsis_gcc.h ****  */
1001:Drivers/CMSIS/Include/cmsis_gcc.h **** __STATIC_FORCEINLINE int16_t __REVSH(int16_t value)
1002:Drivers/CMSIS/Include/cmsis_gcc.h **** {
1003:Drivers/CMSIS/Include/cmsis_gcc.h **** #if (__GNUC__ > 4) || (__GNUC__ == 4 && __GNUC_MINOR__ >= 8)
1004:Drivers/CMSIS/Include/cmsis_gcc.h ****   return (int16_t)__builtin_bswap16(value);
1005:Drivers/CMSIS/Include/cmsis_gcc.h **** #else
1006:Drivers/CMSIS/Include/cmsis_gcc.h ****   int16_t result;
1007:Drivers/CMSIS/Include/cmsis_gcc.h **** 
ARM GAS  /tmp/ccdNxUHJ.s 			page 49


1008:Drivers/CMSIS/Include/cmsis_gcc.h ****   __ASM volatile ("revsh %0, %1" : __CMSIS_GCC_OUT_REG (result) : __CMSIS_GCC_USE_REG (value) );
1009:Drivers/CMSIS/Include/cmsis_gcc.h ****   return result;
1010:Drivers/CMSIS/Include/cmsis_gcc.h **** #endif
1011:Drivers/CMSIS/Include/cmsis_gcc.h **** }
1012:Drivers/CMSIS/Include/cmsis_gcc.h **** 
1013:Drivers/CMSIS/Include/cmsis_gcc.h **** 
1014:Drivers/CMSIS/Include/cmsis_gcc.h **** /**
1015:Drivers/CMSIS/Include/cmsis_gcc.h ****   \brief   Rotate Right in unsigned value (32 bit)
1016:Drivers/CMSIS/Include/cmsis_gcc.h ****   \details Rotate Right (immediate) provides the value of the contents of a register rotated by a v
1017:Drivers/CMSIS/Include/cmsis_gcc.h ****   \param [in]    op1  Value to rotate
1018:Drivers/CMSIS/Include/cmsis_gcc.h ****   \param [in]    op2  Number of Bits to rotate
1019:Drivers/CMSIS/Include/cmsis_gcc.h ****   \return               Rotated value
1020:Drivers/CMSIS/Include/cmsis_gcc.h ****  */
1021:Drivers/CMSIS/Include/cmsis_gcc.h **** __STATIC_FORCEINLINE uint32_t __ROR(uint32_t op1, uint32_t op2)
1022:Drivers/CMSIS/Include/cmsis_gcc.h **** {
1023:Drivers/CMSIS/Include/cmsis_gcc.h ****   op2 %= 32U;
1024:Drivers/CMSIS/Include/cmsis_gcc.h ****   if (op2 == 0U)
1025:Drivers/CMSIS/Include/cmsis_gcc.h ****   {
1026:Drivers/CMSIS/Include/cmsis_gcc.h ****     return op1;
1027:Drivers/CMSIS/Include/cmsis_gcc.h ****   }
1028:Drivers/CMSIS/Include/cmsis_gcc.h ****   return (op1 >> op2) | (op1 << (32U - op2));
1029:Drivers/CMSIS/Include/cmsis_gcc.h **** }
1030:Drivers/CMSIS/Include/cmsis_gcc.h **** 
1031:Drivers/CMSIS/Include/cmsis_gcc.h **** 
1032:Drivers/CMSIS/Include/cmsis_gcc.h **** /**
1033:Drivers/CMSIS/Include/cmsis_gcc.h ****   \brief   Breakpoint
1034:Drivers/CMSIS/Include/cmsis_gcc.h ****   \details Causes the processor to enter Debug state.
1035:Drivers/CMSIS/Include/cmsis_gcc.h ****            Debug tools can use this to investigate system state when the instruction at a particula
1036:Drivers/CMSIS/Include/cmsis_gcc.h ****   \param [in]    value  is ignored by the processor.
1037:Drivers/CMSIS/Include/cmsis_gcc.h ****                  If required, a debugger can use it to store additional information about the break
1038:Drivers/CMSIS/Include/cmsis_gcc.h ****  */
1039:Drivers/CMSIS/Include/cmsis_gcc.h **** #define __BKPT(value)                       __ASM volatile ("bkpt "#value)
1040:Drivers/CMSIS/Include/cmsis_gcc.h **** 
1041:Drivers/CMSIS/Include/cmsis_gcc.h **** 
1042:Drivers/CMSIS/Include/cmsis_gcc.h **** /**
1043:Drivers/CMSIS/Include/cmsis_gcc.h ****   \brief   Reverse bit order of value
1044:Drivers/CMSIS/Include/cmsis_gcc.h ****   \details Reverses the bit order of the given value.
1045:Drivers/CMSIS/Include/cmsis_gcc.h ****   \param [in]    value  Value to reverse
1046:Drivers/CMSIS/Include/cmsis_gcc.h ****   \return               Reversed value
1047:Drivers/CMSIS/Include/cmsis_gcc.h ****  */
1048:Drivers/CMSIS/Include/cmsis_gcc.h **** __STATIC_FORCEINLINE uint32_t __RBIT(uint32_t value)
1049:Drivers/CMSIS/Include/cmsis_gcc.h **** {
1050:Drivers/CMSIS/Include/cmsis_gcc.h ****   uint32_t result;
1051:Drivers/CMSIS/Include/cmsis_gcc.h **** 
1052:Drivers/CMSIS/Include/cmsis_gcc.h **** #if ((defined (__ARM_ARCH_7M__      ) && (__ARM_ARCH_7M__      == 1)) || \
1053:Drivers/CMSIS/Include/cmsis_gcc.h ****      (defined (__ARM_ARCH_7EM__     ) && (__ARM_ARCH_7EM__     == 1)) || \
1054:Drivers/CMSIS/Include/cmsis_gcc.h ****      (defined (__ARM_ARCH_8M_MAIN__ ) && (__ARM_ARCH_8M_MAIN__ == 1))    )
1055:Drivers/CMSIS/Include/cmsis_gcc.h ****    __ASM volatile ("rbit %0, %1" : "=r" (result) : "r" (value) );
1056:Drivers/CMSIS/Include/cmsis_gcc.h **** #else
1057:Drivers/CMSIS/Include/cmsis_gcc.h ****   uint32_t s = (4U /*sizeof(v)*/ * 8U) - 1U; /* extra shift needed at end */
1058:Drivers/CMSIS/Include/cmsis_gcc.h **** 
1059:Drivers/CMSIS/Include/cmsis_gcc.h ****   result = value;                      /* r will be reversed bits of v; first get LSB of v */
1060:Drivers/CMSIS/Include/cmsis_gcc.h ****   for (value >>= 1U; value != 0U; value >>= 1U)
1061:Drivers/CMSIS/Include/cmsis_gcc.h ****   {
1062:Drivers/CMSIS/Include/cmsis_gcc.h ****     result <<= 1U;
1063:Drivers/CMSIS/Include/cmsis_gcc.h ****     result |= value & 1U;
1064:Drivers/CMSIS/Include/cmsis_gcc.h ****     s--;
ARM GAS  /tmp/ccdNxUHJ.s 			page 50


1065:Drivers/CMSIS/Include/cmsis_gcc.h ****   }
1066:Drivers/CMSIS/Include/cmsis_gcc.h ****   result <<= s;                        /* shift when v's highest bits are zero */
1067:Drivers/CMSIS/Include/cmsis_gcc.h **** #endif
1068:Drivers/CMSIS/Include/cmsis_gcc.h ****   return result;
1069:Drivers/CMSIS/Include/cmsis_gcc.h **** }
1070:Drivers/CMSIS/Include/cmsis_gcc.h **** 
1071:Drivers/CMSIS/Include/cmsis_gcc.h **** 
1072:Drivers/CMSIS/Include/cmsis_gcc.h **** /**
1073:Drivers/CMSIS/Include/cmsis_gcc.h ****   \brief   Count leading zeros
1074:Drivers/CMSIS/Include/cmsis_gcc.h ****   \details Counts the number of leading zeros of a data value.
1075:Drivers/CMSIS/Include/cmsis_gcc.h ****   \param [in]  value  Value to count the leading zeros
1076:Drivers/CMSIS/Include/cmsis_gcc.h ****   \return             number of leading zeros in value
1077:Drivers/CMSIS/Include/cmsis_gcc.h ****  */
1078:Drivers/CMSIS/Include/cmsis_gcc.h **** __STATIC_FORCEINLINE uint8_t __CLZ(uint32_t value)
1079:Drivers/CMSIS/Include/cmsis_gcc.h **** {
1080:Drivers/CMSIS/Include/cmsis_gcc.h ****   /* Even though __builtin_clz produces a CLZ instruction on ARM, formally
1081:Drivers/CMSIS/Include/cmsis_gcc.h ****      __builtin_clz(0) is undefined behaviour, so handle this case specially.
1082:Drivers/CMSIS/Include/cmsis_gcc.h ****      This guarantees ARM-compatible results if happening to compile on a non-ARM
1083:Drivers/CMSIS/Include/cmsis_gcc.h ****      target, and ensures the compiler doesn't decide to activate any
1084:Drivers/CMSIS/Include/cmsis_gcc.h ****      optimisations using the logic "value was passed to __builtin_clz, so it
1085:Drivers/CMSIS/Include/cmsis_gcc.h ****      is non-zero".
1086:Drivers/CMSIS/Include/cmsis_gcc.h ****      ARM GCC 7.3 and possibly earlier will optimise this test away, leaving a
1087:Drivers/CMSIS/Include/cmsis_gcc.h ****      single CLZ instruction.
1088:Drivers/CMSIS/Include/cmsis_gcc.h ****    */
1089:Drivers/CMSIS/Include/cmsis_gcc.h ****   if (value == 0U)
1090:Drivers/CMSIS/Include/cmsis_gcc.h ****   {
1091:Drivers/CMSIS/Include/cmsis_gcc.h ****     return 32U;
1092:Drivers/CMSIS/Include/cmsis_gcc.h ****   }
1093:Drivers/CMSIS/Include/cmsis_gcc.h ****   return __builtin_clz(value);
1094:Drivers/CMSIS/Include/cmsis_gcc.h **** }
1095:Drivers/CMSIS/Include/cmsis_gcc.h **** 
1096:Drivers/CMSIS/Include/cmsis_gcc.h **** 
1097:Drivers/CMSIS/Include/cmsis_gcc.h **** #if ((defined (__ARM_ARCH_7M__      ) && (__ARM_ARCH_7M__      == 1)) || \
1098:Drivers/CMSIS/Include/cmsis_gcc.h ****      (defined (__ARM_ARCH_7EM__     ) && (__ARM_ARCH_7EM__     == 1)) || \
1099:Drivers/CMSIS/Include/cmsis_gcc.h ****      (defined (__ARM_ARCH_8M_MAIN__ ) && (__ARM_ARCH_8M_MAIN__ == 1)) || \
1100:Drivers/CMSIS/Include/cmsis_gcc.h ****      (defined (__ARM_ARCH_8M_BASE__ ) && (__ARM_ARCH_8M_BASE__ == 1))    )
1101:Drivers/CMSIS/Include/cmsis_gcc.h **** /**
1102:Drivers/CMSIS/Include/cmsis_gcc.h ****   \brief   LDR Exclusive (8 bit)
1103:Drivers/CMSIS/Include/cmsis_gcc.h ****   \details Executes a exclusive LDR instruction for 8 bit value.
1104:Drivers/CMSIS/Include/cmsis_gcc.h ****   \param [in]    ptr  Pointer to data
1105:Drivers/CMSIS/Include/cmsis_gcc.h ****   \return             value of type uint8_t at (*ptr)
1106:Drivers/CMSIS/Include/cmsis_gcc.h ****  */
1107:Drivers/CMSIS/Include/cmsis_gcc.h **** __STATIC_FORCEINLINE uint8_t __LDREXB(volatile uint8_t *addr)
1108:Drivers/CMSIS/Include/cmsis_gcc.h **** {
1109:Drivers/CMSIS/Include/cmsis_gcc.h ****     uint32_t result;
1110:Drivers/CMSIS/Include/cmsis_gcc.h **** 
1111:Drivers/CMSIS/Include/cmsis_gcc.h **** #if (__GNUC__ > 4) || (__GNUC__ == 4 && __GNUC_MINOR__ >= 8)
1112:Drivers/CMSIS/Include/cmsis_gcc.h ****    __ASM volatile ("ldrexb %0, %1" : "=r" (result) : "Q" (*addr) );
1113:Drivers/CMSIS/Include/cmsis_gcc.h **** #else
1114:Drivers/CMSIS/Include/cmsis_gcc.h ****     /* Prior to GCC 4.8, "Q" will be expanded to [rx, #0] which is not
1115:Drivers/CMSIS/Include/cmsis_gcc.h ****        accepted by assembler. So has to use following less efficient pattern.
1116:Drivers/CMSIS/Include/cmsis_gcc.h ****     */
1117:Drivers/CMSIS/Include/cmsis_gcc.h ****    __ASM volatile ("ldrexb %0, [%1]" : "=r" (result) : "r" (addr) : "memory" );
1118:Drivers/CMSIS/Include/cmsis_gcc.h **** #endif
1119:Drivers/CMSIS/Include/cmsis_gcc.h ****    return ((uint8_t) result);    /* Add explicit type cast here */
1120:Drivers/CMSIS/Include/cmsis_gcc.h **** }
1121:Drivers/CMSIS/Include/cmsis_gcc.h **** 
ARM GAS  /tmp/ccdNxUHJ.s 			page 51


1122:Drivers/CMSIS/Include/cmsis_gcc.h **** 
1123:Drivers/CMSIS/Include/cmsis_gcc.h **** /**
1124:Drivers/CMSIS/Include/cmsis_gcc.h ****   \brief   LDR Exclusive (16 bit)
1125:Drivers/CMSIS/Include/cmsis_gcc.h ****   \details Executes a exclusive LDR instruction for 16 bit values.
1126:Drivers/CMSIS/Include/cmsis_gcc.h ****   \param [in]    ptr  Pointer to data
1127:Drivers/CMSIS/Include/cmsis_gcc.h ****   \return        value of type uint16_t at (*ptr)
1128:Drivers/CMSIS/Include/cmsis_gcc.h ****  */
1129:Drivers/CMSIS/Include/cmsis_gcc.h **** __STATIC_FORCEINLINE uint16_t __LDREXH(volatile uint16_t *addr)
1130:Drivers/CMSIS/Include/cmsis_gcc.h **** {
1131:Drivers/CMSIS/Include/cmsis_gcc.h ****     uint32_t result;
1132:Drivers/CMSIS/Include/cmsis_gcc.h **** 
1133:Drivers/CMSIS/Include/cmsis_gcc.h **** #if (__GNUC__ > 4) || (__GNUC__ == 4 && __GNUC_MINOR__ >= 8)
1134:Drivers/CMSIS/Include/cmsis_gcc.h ****    __ASM volatile ("ldrexh %0, %1" : "=r" (result) : "Q" (*addr) );
1135:Drivers/CMSIS/Include/cmsis_gcc.h **** #else
1136:Drivers/CMSIS/Include/cmsis_gcc.h ****     /* Prior to GCC 4.8, "Q" will be expanded to [rx, #0] which is not
1137:Drivers/CMSIS/Include/cmsis_gcc.h ****        accepted by assembler. So has to use following less efficient pattern.
1138:Drivers/CMSIS/Include/cmsis_gcc.h ****     */
1139:Drivers/CMSIS/Include/cmsis_gcc.h ****    __ASM volatile ("ldrexh %0, [%1]" : "=r" (result) : "r" (addr) : "memory" );
1140:Drivers/CMSIS/Include/cmsis_gcc.h **** #endif
1141:Drivers/CMSIS/Include/cmsis_gcc.h ****    return ((uint16_t) result);    /* Add explicit type cast here */
1142:Drivers/CMSIS/Include/cmsis_gcc.h **** }
1143:Drivers/CMSIS/Include/cmsis_gcc.h **** 
1144:Drivers/CMSIS/Include/cmsis_gcc.h **** 
1145:Drivers/CMSIS/Include/cmsis_gcc.h **** /**
1146:Drivers/CMSIS/Include/cmsis_gcc.h ****   \brief   LDR Exclusive (32 bit)
1147:Drivers/CMSIS/Include/cmsis_gcc.h ****   \details Executes a exclusive LDR instruction for 32 bit values.
1148:Drivers/CMSIS/Include/cmsis_gcc.h ****   \param [in]    ptr  Pointer to data
1149:Drivers/CMSIS/Include/cmsis_gcc.h ****   \return        value of type uint32_t at (*ptr)
1150:Drivers/CMSIS/Include/cmsis_gcc.h ****  */
1151:Drivers/CMSIS/Include/cmsis_gcc.h **** __STATIC_FORCEINLINE uint32_t __LDREXW(volatile uint32_t *addr)
 581              		.loc 2 1151 31 view .LVU159
 582              	.LBB29:
1152:Drivers/CMSIS/Include/cmsis_gcc.h **** {
1153:Drivers/CMSIS/Include/cmsis_gcc.h ****     uint32_t result;
 583              		.loc 2 1153 5 view .LVU160
1154:Drivers/CMSIS/Include/cmsis_gcc.h **** 
1155:Drivers/CMSIS/Include/cmsis_gcc.h ****    __ASM volatile ("ldrex %0, %1" : "=r" (result) : "Q" (*addr) );
 584              		.loc 2 1155 4 view .LVU161
 585              		.syntax unified
 586              	@ 1155 "Drivers/CMSIS/Include/cmsis_gcc.h" 1
 587 0010 51E8003F 		ldrex r3, [r1]
 588              	@ 0 "" 2
1156:Drivers/CMSIS/Include/cmsis_gcc.h ****    return(result);
 589              		.loc 2 1156 4 view .LVU162
 590              	.LVL40:
 591              		.loc 2 1156 4 is_stmt 0 view .LVU163
 592              		.thumb
 593              		.syntax unified
 594              	.LBE29:
 595              	.LBE28:
 486:Drivers/STM32G4xx_HAL_Driver/Src/stm32g4xx_hal_uart_ex.c **** 
 596              		.loc 1 486 3 discriminator 1 view .LVU164
 597 0014 43F00203 		orr	r3, r3, #2
 598              	.LVL41:
 486:Drivers/STM32G4xx_HAL_Driver/Src/stm32g4xx_hal_uart_ex.c **** 
 599              		.loc 1 486 3 is_stmt 1 discriminator 1 view .LVU165
 600              	.LBB30:
ARM GAS  /tmp/ccdNxUHJ.s 			page 52


 601              	.LBI30:
1157:Drivers/CMSIS/Include/cmsis_gcc.h **** }
1158:Drivers/CMSIS/Include/cmsis_gcc.h **** 
1159:Drivers/CMSIS/Include/cmsis_gcc.h **** 
1160:Drivers/CMSIS/Include/cmsis_gcc.h **** /**
1161:Drivers/CMSIS/Include/cmsis_gcc.h ****   \brief   STR Exclusive (8 bit)
1162:Drivers/CMSIS/Include/cmsis_gcc.h ****   \details Executes a exclusive STR instruction for 8 bit values.
1163:Drivers/CMSIS/Include/cmsis_gcc.h ****   \param [in]  value  Value to store
1164:Drivers/CMSIS/Include/cmsis_gcc.h ****   \param [in]    ptr  Pointer to location
1165:Drivers/CMSIS/Include/cmsis_gcc.h ****   \return          0  Function succeeded
1166:Drivers/CMSIS/Include/cmsis_gcc.h ****   \return          1  Function failed
1167:Drivers/CMSIS/Include/cmsis_gcc.h ****  */
1168:Drivers/CMSIS/Include/cmsis_gcc.h **** __STATIC_FORCEINLINE uint32_t __STREXB(uint8_t value, volatile uint8_t *addr)
1169:Drivers/CMSIS/Include/cmsis_gcc.h **** {
1170:Drivers/CMSIS/Include/cmsis_gcc.h ****    uint32_t result;
1171:Drivers/CMSIS/Include/cmsis_gcc.h **** 
1172:Drivers/CMSIS/Include/cmsis_gcc.h ****    __ASM volatile ("strexb %0, %2, %1" : "=&r" (result), "=Q" (*addr) : "r" ((uint32_t)value) );
1173:Drivers/CMSIS/Include/cmsis_gcc.h ****    return(result);
1174:Drivers/CMSIS/Include/cmsis_gcc.h **** }
1175:Drivers/CMSIS/Include/cmsis_gcc.h **** 
1176:Drivers/CMSIS/Include/cmsis_gcc.h **** 
1177:Drivers/CMSIS/Include/cmsis_gcc.h **** /**
1178:Drivers/CMSIS/Include/cmsis_gcc.h ****   \brief   STR Exclusive (16 bit)
1179:Drivers/CMSIS/Include/cmsis_gcc.h ****   \details Executes a exclusive STR instruction for 16 bit values.
1180:Drivers/CMSIS/Include/cmsis_gcc.h ****   \param [in]  value  Value to store
1181:Drivers/CMSIS/Include/cmsis_gcc.h ****   \param [in]    ptr  Pointer to location
1182:Drivers/CMSIS/Include/cmsis_gcc.h ****   \return          0  Function succeeded
1183:Drivers/CMSIS/Include/cmsis_gcc.h ****   \return          1  Function failed
1184:Drivers/CMSIS/Include/cmsis_gcc.h ****  */
1185:Drivers/CMSIS/Include/cmsis_gcc.h **** __STATIC_FORCEINLINE uint32_t __STREXH(uint16_t value, volatile uint16_t *addr)
1186:Drivers/CMSIS/Include/cmsis_gcc.h **** {
1187:Drivers/CMSIS/Include/cmsis_gcc.h ****    uint32_t result;
1188:Drivers/CMSIS/Include/cmsis_gcc.h **** 
1189:Drivers/CMSIS/Include/cmsis_gcc.h ****    __ASM volatile ("strexh %0, %2, %1" : "=&r" (result), "=Q" (*addr) : "r" ((uint32_t)value) );
1190:Drivers/CMSIS/Include/cmsis_gcc.h ****    return(result);
1191:Drivers/CMSIS/Include/cmsis_gcc.h **** }
1192:Drivers/CMSIS/Include/cmsis_gcc.h **** 
1193:Drivers/CMSIS/Include/cmsis_gcc.h **** 
1194:Drivers/CMSIS/Include/cmsis_gcc.h **** /**
1195:Drivers/CMSIS/Include/cmsis_gcc.h ****   \brief   STR Exclusive (32 bit)
1196:Drivers/CMSIS/Include/cmsis_gcc.h ****   \details Executes a exclusive STR instruction for 32 bit values.
1197:Drivers/CMSIS/Include/cmsis_gcc.h ****   \param [in]  value  Value to store
1198:Drivers/CMSIS/Include/cmsis_gcc.h ****   \param [in]    ptr  Pointer to location
1199:Drivers/CMSIS/Include/cmsis_gcc.h ****   \return          0  Function succeeded
1200:Drivers/CMSIS/Include/cmsis_gcc.h ****   \return          1  Function failed
1201:Drivers/CMSIS/Include/cmsis_gcc.h ****  */
1202:Drivers/CMSIS/Include/cmsis_gcc.h **** __STATIC_FORCEINLINE uint32_t __STREXW(uint32_t value, volatile uint32_t *addr)
 602              		.loc 2 1202 31 view .LVU166
 603              	.LBB31:
1203:Drivers/CMSIS/Include/cmsis_gcc.h **** {
1204:Drivers/CMSIS/Include/cmsis_gcc.h ****    uint32_t result;
 604              		.loc 2 1204 4 view .LVU167
1205:Drivers/CMSIS/Include/cmsis_gcc.h **** 
1206:Drivers/CMSIS/Include/cmsis_gcc.h ****    __ASM volatile ("strex %0, %2, %1" : "=&r" (result), "=Q" (*addr) : "r" (value) );
 605              		.loc 2 1206 4 view .LVU168
 606              		.syntax unified
 607              	@ 1206 "Drivers/CMSIS/Include/cmsis_gcc.h" 1
ARM GAS  /tmp/ccdNxUHJ.s 			page 53


 608 0018 41E80032 		strex r2, r3, [r1]
 609              	@ 0 "" 2
1207:Drivers/CMSIS/Include/cmsis_gcc.h ****    return(result);
 610              		.loc 2 1207 4 view .LVU169
 611              	.LVL42:
 612              		.loc 2 1207 4 is_stmt 0 view .LVU170
 613              		.thumb
 614              		.syntax unified
 615              	.LBE31:
 616              	.LBE30:
 486:Drivers/STM32G4xx_HAL_Driver/Src/stm32g4xx_hal_uart_ex.c **** 
 617              		.loc 1 486 3 discriminator 2 view .LVU171
 618 001c 002A     		cmp	r2, #0
 619 001e F7D1     		bne	.L42
 620              	.LBE27:
 486:Drivers/STM32G4xx_HAL_Driver/Src/stm32g4xx_hal_uart_ex.c **** 
 621              		.loc 1 486 3 is_stmt 1 discriminator 3 view .LVU172
 489:Drivers/STM32G4xx_HAL_Driver/Src/stm32g4xx_hal_uart_ex.c **** 
 622              		.loc 1 489 3 view .LVU173
 489:Drivers/STM32G4xx_HAL_Driver/Src/stm32g4xx_hal_uart_ex.c **** 
 623              		.loc 1 489 3 view .LVU174
 624 0020 80F88420 		strb	r2, [r0, #132]
 489:Drivers/STM32G4xx_HAL_Driver/Src/stm32g4xx_hal_uart_ex.c **** 
 625              		.loc 1 489 3 view .LVU175
 491:Drivers/STM32G4xx_HAL_Driver/Src/stm32g4xx_hal_uart_ex.c **** }
 626              		.loc 1 491 3 view .LVU176
 491:Drivers/STM32G4xx_HAL_Driver/Src/stm32g4xx_hal_uart_ex.c **** }
 627              		.loc 1 491 10 is_stmt 0 view .LVU177
 628 0024 1046     		mov	r0, r2
 629              	.LVL43:
 491:Drivers/STM32G4xx_HAL_Driver/Src/stm32g4xx_hal_uart_ex.c **** }
 630              		.loc 1 491 10 view .LVU178
 631 0026 7047     		bx	lr
 632              	.LVL44:
 633              	.L43:
 483:Drivers/STM32G4xx_HAL_Driver/Src/stm32g4xx_hal_uart_ex.c **** 
 634              		.loc 1 483 3 discriminator 1 view .LVU179
 635 0028 0220     		movs	r0, #2
 636              	.LVL45:
 492:Drivers/STM32G4xx_HAL_Driver/Src/stm32g4xx_hal_uart_ex.c **** 
 637              		.loc 1 492 1 view .LVU180
 638 002a 7047     		bx	lr
 639              		.cfi_endproc
 640              	.LFE335:
 642              		.section	.text.HAL_UARTEx_DisableStopMode,"ax",%progbits
 643              		.align	1
 644              		.p2align 2,,3
 645              		.global	HAL_UARTEx_DisableStopMode
 646              		.syntax unified
 647              		.thumb
 648              		.thumb_func
 650              	HAL_UARTEx_DisableStopMode:
 651              	.LVL46:
 652              	.LFB336:
 500:Drivers/STM32G4xx_HAL_Driver/Src/stm32g4xx_hal_uart_ex.c ****   /* Process Locked */
 653              		.loc 1 500 1 is_stmt 1 view -0
 654              		.cfi_startproc
ARM GAS  /tmp/ccdNxUHJ.s 			page 54


 655              		@ args = 0, pretend = 0, frame = 0
 656              		@ frame_needed = 0, uses_anonymous_args = 0
 657              		@ link register save eliminated.
 502:Drivers/STM32G4xx_HAL_Driver/Src/stm32g4xx_hal_uart_ex.c **** 
 658              		.loc 1 502 3 view .LVU182
 502:Drivers/STM32G4xx_HAL_Driver/Src/stm32g4xx_hal_uart_ex.c **** 
 659              		.loc 1 502 3 view .LVU183
 660 0000 90F88430 		ldrb	r3, [r0, #132]	@ zero_extendqisi2
 661 0004 012B     		cmp	r3, #1
 662 0006 0FD0     		beq	.L48
 502:Drivers/STM32G4xx_HAL_Driver/Src/stm32g4xx_hal_uart_ex.c **** 
 663              		.loc 1 502 3 discriminator 2 view .LVU184
 664 0008 0123     		movs	r3, #1
 665 000a 0168     		ldr	r1, [r0]
 666 000c 80F88430 		strb	r3, [r0, #132]
 667              	.L47:
 502:Drivers/STM32G4xx_HAL_Driver/Src/stm32g4xx_hal_uart_ex.c **** 
 668              		.loc 1 502 3 discriminator 3 view .LVU185
 505:Drivers/STM32G4xx_HAL_Driver/Src/stm32g4xx_hal_uart_ex.c **** 
 669              		.loc 1 505 3 view .LVU186
 670              	.LBB32:
 505:Drivers/STM32G4xx_HAL_Driver/Src/stm32g4xx_hal_uart_ex.c **** 
 671              		.loc 1 505 3 view .LVU187
 505:Drivers/STM32G4xx_HAL_Driver/Src/stm32g4xx_hal_uart_ex.c **** 
 672              		.loc 1 505 3 view .LVU188
 505:Drivers/STM32G4xx_HAL_Driver/Src/stm32g4xx_hal_uart_ex.c **** 
 673              		.loc 1 505 3 view .LVU189
 674              	.LVL47:
 675              	.LBB33:
 676              	.LBI33:
1151:Drivers/CMSIS/Include/cmsis_gcc.h **** {
 677              		.loc 2 1151 31 view .LVU190
 678              	.LBB34:
1153:Drivers/CMSIS/Include/cmsis_gcc.h **** 
 679              		.loc 2 1153 5 view .LVU191
1155:Drivers/CMSIS/Include/cmsis_gcc.h ****    return(result);
 680              		.loc 2 1155 4 view .LVU192
 681              		.syntax unified
 682              	@ 1155 "Drivers/CMSIS/Include/cmsis_gcc.h" 1
 683 0010 51E8003F 		ldrex r3, [r1]
 684              	@ 0 "" 2
1156:Drivers/CMSIS/Include/cmsis_gcc.h **** }
 685              		.loc 2 1156 4 view .LVU193
 686              	.LVL48:
1156:Drivers/CMSIS/Include/cmsis_gcc.h **** }
 687              		.loc 2 1156 4 is_stmt 0 view .LVU194
 688              		.thumb
 689              		.syntax unified
 690              	.LBE34:
 691              	.LBE33:
 505:Drivers/STM32G4xx_HAL_Driver/Src/stm32g4xx_hal_uart_ex.c **** 
 692              		.loc 1 505 3 discriminator 1 view .LVU195
 693 0014 23F00203 		bic	r3, r3, #2
 694              	.LVL49:
 505:Drivers/STM32G4xx_HAL_Driver/Src/stm32g4xx_hal_uart_ex.c **** 
 695              		.loc 1 505 3 is_stmt 1 discriminator 1 view .LVU196
 696              	.LBB35:
ARM GAS  /tmp/ccdNxUHJ.s 			page 55


 697              	.LBI35:
1202:Drivers/CMSIS/Include/cmsis_gcc.h **** {
 698              		.loc 2 1202 31 view .LVU197
 699              	.LBB36:
1204:Drivers/CMSIS/Include/cmsis_gcc.h **** 
 700              		.loc 2 1204 4 view .LVU198
1206:Drivers/CMSIS/Include/cmsis_gcc.h ****    return(result);
 701              		.loc 2 1206 4 view .LVU199
 702              		.syntax unified
 703              	@ 1206 "Drivers/CMSIS/Include/cmsis_gcc.h" 1
 704 0018 41E80032 		strex r2, r3, [r1]
 705              	@ 0 "" 2
 706              		.loc 2 1207 4 view .LVU200
 707              	.LVL50:
 708              		.loc 2 1207 4 is_stmt 0 view .LVU201
 709              		.thumb
 710              		.syntax unified
 711              	.LBE36:
 712              	.LBE35:
 505:Drivers/STM32G4xx_HAL_Driver/Src/stm32g4xx_hal_uart_ex.c **** 
 713              		.loc 1 505 3 discriminator 2 view .LVU202
 714 001c 002A     		cmp	r2, #0
 715 001e F7D1     		bne	.L47
 716              	.LBE32:
 505:Drivers/STM32G4xx_HAL_Driver/Src/stm32g4xx_hal_uart_ex.c **** 
 717              		.loc 1 505 3 is_stmt 1 discriminator 3 view .LVU203
 508:Drivers/STM32G4xx_HAL_Driver/Src/stm32g4xx_hal_uart_ex.c **** 
 718              		.loc 1 508 3 view .LVU204
 508:Drivers/STM32G4xx_HAL_Driver/Src/stm32g4xx_hal_uart_ex.c **** 
 719              		.loc 1 508 3 view .LVU205
 720 0020 80F88420 		strb	r2, [r0, #132]
 508:Drivers/STM32G4xx_HAL_Driver/Src/stm32g4xx_hal_uart_ex.c **** 
 721              		.loc 1 508 3 view .LVU206
 510:Drivers/STM32G4xx_HAL_Driver/Src/stm32g4xx_hal_uart_ex.c **** }
 722              		.loc 1 510 3 view .LVU207
 510:Drivers/STM32G4xx_HAL_Driver/Src/stm32g4xx_hal_uart_ex.c **** }
 723              		.loc 1 510 10 is_stmt 0 view .LVU208
 724 0024 1046     		mov	r0, r2
 725              	.LVL51:
 510:Drivers/STM32G4xx_HAL_Driver/Src/stm32g4xx_hal_uart_ex.c **** }
 726              		.loc 1 510 10 view .LVU209
 727 0026 7047     		bx	lr
 728              	.LVL52:
 729              	.L48:
 502:Drivers/STM32G4xx_HAL_Driver/Src/stm32g4xx_hal_uart_ex.c **** 
 730              		.loc 1 502 3 discriminator 1 view .LVU210
 731 0028 0220     		movs	r0, #2
 732              	.LVL53:
 511:Drivers/STM32G4xx_HAL_Driver/Src/stm32g4xx_hal_uart_ex.c **** 
 733              		.loc 1 511 1 view .LVU211
 734 002a 7047     		bx	lr
 735              		.cfi_endproc
 736              	.LFE336:
 738              		.section	.text.HAL_UARTEx_EnableFifoMode,"ax",%progbits
 739              		.align	1
 740              		.p2align 2,,3
 741              		.global	HAL_UARTEx_EnableFifoMode
ARM GAS  /tmp/ccdNxUHJ.s 			page 56


 742              		.syntax unified
 743              		.thumb
 744              		.thumb_func
 746              	HAL_UARTEx_EnableFifoMode:
 747              	.LVL54:
 748              	.LFB337:
 519:Drivers/STM32G4xx_HAL_Driver/Src/stm32g4xx_hal_uart_ex.c ****   uint32_t tmpcr1;
 749              		.loc 1 519 1 is_stmt 1 view -0
 750              		.cfi_startproc
 751              		@ args = 0, pretend = 0, frame = 8
 752              		@ frame_needed = 0, uses_anonymous_args = 0
 520:Drivers/STM32G4xx_HAL_Driver/Src/stm32g4xx_hal_uart_ex.c **** 
 753              		.loc 1 520 3 view .LVU213
 523:Drivers/STM32G4xx_HAL_Driver/Src/stm32g4xx_hal_uart_ex.c **** 
 754              		.loc 1 523 3 view .LVU214
 526:Drivers/STM32G4xx_HAL_Driver/Src/stm32g4xx_hal_uart_ex.c **** 
 755              		.loc 1 526 3 view .LVU215
 526:Drivers/STM32G4xx_HAL_Driver/Src/stm32g4xx_hal_uart_ex.c **** 
 756              		.loc 1 526 3 view .LVU216
 757 0000 90F88420 		ldrb	r2, [r0, #132]	@ zero_extendqisi2
 758 0004 012A     		cmp	r2, #1
 759 0006 1FD0     		beq	.L52
 526:Drivers/STM32G4xx_HAL_Driver/Src/stm32g4xx_hal_uart_ex.c **** 
 760              		.loc 1 526 3 discriminator 2 view .LVU217
 526:Drivers/STM32G4xx_HAL_Driver/Src/stm32g4xx_hal_uart_ex.c **** 
 761              		.loc 1 526 3 discriminator 2 view .LVU218
 528:Drivers/STM32G4xx_HAL_Driver/Src/stm32g4xx_hal_uart_ex.c **** 
 762              		.loc 1 528 3 view .LVU219
 519:Drivers/STM32G4xx_HAL_Driver/Src/stm32g4xx_hal_uart_ex.c ****   uint32_t tmpcr1;
 763              		.loc 1 519 1 is_stmt 0 view .LVU220
 764 0008 00B5     		push	{lr}
 765              	.LCFI11:
 766              		.cfi_def_cfa_offset 4
 767              		.cfi_offset 14, -4
 531:Drivers/STM32G4xx_HAL_Driver/Src/stm32g4xx_hal_uart_ex.c **** 
 768              		.loc 1 531 12 view .LVU221
 769 000a 0268     		ldr	r2, [r0]
 528:Drivers/STM32G4xx_HAL_Driver/Src/stm32g4xx_hal_uart_ex.c **** 
 770              		.loc 1 528 17 view .LVU222
 771 000c 2421     		movs	r1, #36
 519:Drivers/STM32G4xx_HAL_Driver/Src/stm32g4xx_hal_uart_ex.c ****   uint32_t tmpcr1;
 772              		.loc 1 519 1 view .LVU223
 773 000e 83B0     		sub	sp, sp, #12
 774              	.LCFI12:
 775              		.cfi_def_cfa_offset 16
 528:Drivers/STM32G4xx_HAL_Driver/Src/stm32g4xx_hal_uart_ex.c **** 
 776              		.loc 1 528 17 view .LVU224
 777 0010 C0F88810 		str	r1, [r0, #136]
 531:Drivers/STM32G4xx_HAL_Driver/Src/stm32g4xx_hal_uart_ex.c **** 
 778              		.loc 1 531 3 is_stmt 1 view .LVU225
 531:Drivers/STM32G4xx_HAL_Driver/Src/stm32g4xx_hal_uart_ex.c **** 
 779              		.loc 1 531 10 is_stmt 0 view .LVU226
 780 0014 1168     		ldr	r1, [r2]
 781              	.LVL55:
 534:Drivers/STM32G4xx_HAL_Driver/Src/stm32g4xx_hal_uart_ex.c **** 
 782              		.loc 1 534 3 is_stmt 1 view .LVU227
 783 0016 D2F800C0 		ldr	ip, [r2]
ARM GAS  /tmp/ccdNxUHJ.s 			page 57


 538:Drivers/STM32G4xx_HAL_Driver/Src/stm32g4xx_hal_uart_ex.c **** 
 784              		.loc 1 538 19 is_stmt 0 view .LVU228
 785 001a 0190     		str	r0, [sp, #4]
 534:Drivers/STM32G4xx_HAL_Driver/Src/stm32g4xx_hal_uart_ex.c **** 
 786              		.loc 1 534 3 view .LVU229
 787 001c 2CF0010C 		bic	ip, ip, #1
 788 0020 C2F800C0 		str	ip, [r2]
 537:Drivers/STM32G4xx_HAL_Driver/Src/stm32g4xx_hal_uart_ex.c ****   huart->FifoMode = UART_FIFOMODE_ENABLE;
 789              		.loc 1 537 3 is_stmt 1 view .LVU230
 790 0024 41F00051 		orr	r1, r1, #536870912
 791              	.LVL56:
 538:Drivers/STM32G4xx_HAL_Driver/Src/stm32g4xx_hal_uart_ex.c **** 
 792              		.loc 1 538 3 view .LVU231
 541:Drivers/STM32G4xx_HAL_Driver/Src/stm32g4xx_hal_uart_ex.c **** 
 793              		.loc 1 541 3 view .LVU232
 538:Drivers/STM32G4xx_HAL_Driver/Src/stm32g4xx_hal_uart_ex.c **** 
 794              		.loc 1 538 19 is_stmt 0 view .LVU233
 795 0028 4FF0005C 		mov	ip, #536870912
 796 002c C0F864C0 		str	ip, [r0, #100]
 541:Drivers/STM32G4xx_HAL_Driver/Src/stm32g4xx_hal_uart_ex.c **** 
 797              		.loc 1 541 3 view .LVU234
 798 0030 1160     		str	r1, [r2]
 544:Drivers/STM32G4xx_HAL_Driver/Src/stm32g4xx_hal_uart_ex.c **** 
 799              		.loc 1 544 3 is_stmt 1 view .LVU235
 800 0032 FFF7FEFF 		bl	UARTEx_SetNbDataToProcess
 801              	.LVL57:
 546:Drivers/STM32G4xx_HAL_Driver/Src/stm32g4xx_hal_uart_ex.c **** 
 802              		.loc 1 546 3 view .LVU236
 546:Drivers/STM32G4xx_HAL_Driver/Src/stm32g4xx_hal_uart_ex.c **** 
 803              		.loc 1 546 17 is_stmt 0 view .LVU237
 804 0036 019B     		ldr	r3, [sp, #4]
 549:Drivers/STM32G4xx_HAL_Driver/Src/stm32g4xx_hal_uart_ex.c **** 
 805              		.loc 1 549 3 view .LVU238
 806 0038 0020     		movs	r0, #0
 807              	.LVL58:
 546:Drivers/STM32G4xx_HAL_Driver/Src/stm32g4xx_hal_uart_ex.c **** 
 808              		.loc 1 546 17 view .LVU239
 809 003a 2022     		movs	r2, #32
 810 003c C3F88820 		str	r2, [r3, #136]
 549:Drivers/STM32G4xx_HAL_Driver/Src/stm32g4xx_hal_uart_ex.c **** 
 811              		.loc 1 549 3 is_stmt 1 view .LVU240
 549:Drivers/STM32G4xx_HAL_Driver/Src/stm32g4xx_hal_uart_ex.c **** 
 812              		.loc 1 549 3 view .LVU241
 813 0040 83F88400 		strb	r0, [r3, #132]
 549:Drivers/STM32G4xx_HAL_Driver/Src/stm32g4xx_hal_uart_ex.c **** 
 814              		.loc 1 549 3 view .LVU242
 551:Drivers/STM32G4xx_HAL_Driver/Src/stm32g4xx_hal_uart_ex.c **** }
 815              		.loc 1 551 3 view .LVU243
 552:Drivers/STM32G4xx_HAL_Driver/Src/stm32g4xx_hal_uart_ex.c **** 
 816              		.loc 1 552 1 is_stmt 0 view .LVU244
 817 0044 03B0     		add	sp, sp, #12
 818              	.LCFI13:
 819              		.cfi_def_cfa_offset 4
 820              		@ sp needed
 821 0046 00BD     		pop	{pc}
 822              	.LVL59:
 823              	.L52:
ARM GAS  /tmp/ccdNxUHJ.s 			page 58


 824              	.LCFI14:
 825              		.cfi_def_cfa_offset 0
 826              		.cfi_restore 14
 526:Drivers/STM32G4xx_HAL_Driver/Src/stm32g4xx_hal_uart_ex.c **** 
 827              		.loc 1 526 3 discriminator 1 view .LVU245
 828 0048 0220     		movs	r0, #2
 829              	.LVL60:
 552:Drivers/STM32G4xx_HAL_Driver/Src/stm32g4xx_hal_uart_ex.c **** 
 830              		.loc 1 552 1 view .LVU246
 831 004a 7047     		bx	lr
 832              		.cfi_endproc
 833              	.LFE337:
 835              		.section	.text.HAL_UARTEx_DisableFifoMode,"ax",%progbits
 836              		.align	1
 837              		.p2align 2,,3
 838              		.global	HAL_UARTEx_DisableFifoMode
 839              		.syntax unified
 840              		.thumb
 841              		.thumb_func
 843              	HAL_UARTEx_DisableFifoMode:
 844              	.LVL61:
 845              	.LFB338:
 560:Drivers/STM32G4xx_HAL_Driver/Src/stm32g4xx_hal_uart_ex.c ****   uint32_t tmpcr1;
 846              		.loc 1 560 1 is_stmt 1 view -0
 847              		.cfi_startproc
 848              		@ args = 0, pretend = 0, frame = 0
 849              		@ frame_needed = 0, uses_anonymous_args = 0
 850              		@ link register save eliminated.
 561:Drivers/STM32G4xx_HAL_Driver/Src/stm32g4xx_hal_uart_ex.c **** 
 851              		.loc 1 561 3 view .LVU248
 564:Drivers/STM32G4xx_HAL_Driver/Src/stm32g4xx_hal_uart_ex.c **** 
 852              		.loc 1 564 3 view .LVU249
 567:Drivers/STM32G4xx_HAL_Driver/Src/stm32g4xx_hal_uart_ex.c **** 
 853              		.loc 1 567 3 view .LVU250
 567:Drivers/STM32G4xx_HAL_Driver/Src/stm32g4xx_hal_uart_ex.c **** 
 854              		.loc 1 567 3 view .LVU251
 855 0000 90F88430 		ldrb	r3, [r0, #132]	@ zero_extendqisi2
 856 0004 012B     		cmp	r3, #1
 857 0006 16D0     		beq	.L59
 567:Drivers/STM32G4xx_HAL_Driver/Src/stm32g4xx_hal_uart_ex.c **** 
 858              		.loc 1 567 3 discriminator 2 view .LVU252
 567:Drivers/STM32G4xx_HAL_Driver/Src/stm32g4xx_hal_uart_ex.c **** 
 859              		.loc 1 567 3 discriminator 2 view .LVU253
 569:Drivers/STM32G4xx_HAL_Driver/Src/stm32g4xx_hal_uart_ex.c **** 
 860              		.loc 1 569 3 view .LVU254
 572:Drivers/STM32G4xx_HAL_Driver/Src/stm32g4xx_hal_uart_ex.c **** 
 861              		.loc 1 572 12 is_stmt 0 view .LVU255
 862 0008 0268     		ldr	r2, [r0]
 569:Drivers/STM32G4xx_HAL_Driver/Src/stm32g4xx_hal_uart_ex.c **** 
 863              		.loc 1 569 17 view .LVU256
 864 000a 2423     		movs	r3, #36
 865 000c C0F88830 		str	r3, [r0, #136]
 572:Drivers/STM32G4xx_HAL_Driver/Src/stm32g4xx_hal_uart_ex.c **** 
 866              		.loc 1 572 3 is_stmt 1 view .LVU257
 572:Drivers/STM32G4xx_HAL_Driver/Src/stm32g4xx_hal_uart_ex.c **** 
 867              		.loc 1 572 10 is_stmt 0 view .LVU258
 868 0010 1168     		ldr	r1, [r2]
ARM GAS  /tmp/ccdNxUHJ.s 			page 59


 869              	.LVL62:
 575:Drivers/STM32G4xx_HAL_Driver/Src/stm32g4xx_hal_uart_ex.c **** 
 870              		.loc 1 575 3 is_stmt 1 view .LVU259
 871 0012 D2F800C0 		ldr	ip, [r2]
 579:Drivers/STM32G4xx_HAL_Driver/Src/stm32g4xx_hal_uart_ex.c **** 
 872              		.loc 1 579 19 is_stmt 0 view .LVU260
 873 0016 0023     		movs	r3, #0
 575:Drivers/STM32G4xx_HAL_Driver/Src/stm32g4xx_hal_uart_ex.c **** 
 874              		.loc 1 575 3 view .LVU261
 875 0018 2CF0010C 		bic	ip, ip, #1
 578:Drivers/STM32G4xx_HAL_Driver/Src/stm32g4xx_hal_uart_ex.c ****   huart->FifoMode = UART_FIFOMODE_DISABLE;
 876              		.loc 1 578 3 view .LVU262
 877 001c 21F00051 		bic	r1, r1, #536870912
 878              	.LVL63:
 575:Drivers/STM32G4xx_HAL_Driver/Src/stm32g4xx_hal_uart_ex.c **** 
 879              		.loc 1 575 3 view .LVU263
 880 0020 C2F800C0 		str	ip, [r2]
 578:Drivers/STM32G4xx_HAL_Driver/Src/stm32g4xx_hal_uart_ex.c ****   huart->FifoMode = UART_FIFOMODE_DISABLE;
 881              		.loc 1 578 3 is_stmt 1 view .LVU264
 882              	.LVL64:
 579:Drivers/STM32G4xx_HAL_Driver/Src/stm32g4xx_hal_uart_ex.c **** 
 883              		.loc 1 579 3 view .LVU265
 579:Drivers/STM32G4xx_HAL_Driver/Src/stm32g4xx_hal_uart_ex.c **** 
 884              		.loc 1 579 19 is_stmt 0 view .LVU266
 885 0024 4366     		str	r3, [r0, #100]
 582:Drivers/STM32G4xx_HAL_Driver/Src/stm32g4xx_hal_uart_ex.c **** 
 886              		.loc 1 582 3 is_stmt 1 view .LVU267
 887 0026 1160     		str	r1, [r2]
 584:Drivers/STM32G4xx_HAL_Driver/Src/stm32g4xx_hal_uart_ex.c **** 
 888              		.loc 1 584 3 view .LVU268
 584:Drivers/STM32G4xx_HAL_Driver/Src/stm32g4xx_hal_uart_ex.c **** 
 889              		.loc 1 584 17 is_stmt 0 view .LVU269
 890 0028 2022     		movs	r2, #32
 891 002a C0F88820 		str	r2, [r0, #136]
 587:Drivers/STM32G4xx_HAL_Driver/Src/stm32g4xx_hal_uart_ex.c **** 
 892              		.loc 1 587 3 is_stmt 1 view .LVU270
 587:Drivers/STM32G4xx_HAL_Driver/Src/stm32g4xx_hal_uart_ex.c **** 
 893              		.loc 1 587 3 view .LVU271
 894 002e 80F88430 		strb	r3, [r0, #132]
 587:Drivers/STM32G4xx_HAL_Driver/Src/stm32g4xx_hal_uart_ex.c **** 
 895              		.loc 1 587 3 view .LVU272
 589:Drivers/STM32G4xx_HAL_Driver/Src/stm32g4xx_hal_uart_ex.c **** }
 896              		.loc 1 589 3 view .LVU273
 589:Drivers/STM32G4xx_HAL_Driver/Src/stm32g4xx_hal_uart_ex.c **** }
 897              		.loc 1 589 10 is_stmt 0 view .LVU274
 898 0032 1846     		mov	r0, r3
 899              	.LVL65:
 589:Drivers/STM32G4xx_HAL_Driver/Src/stm32g4xx_hal_uart_ex.c **** }
 900              		.loc 1 589 10 view .LVU275
 901 0034 7047     		bx	lr
 902              	.LVL66:
 903              	.L59:
 567:Drivers/STM32G4xx_HAL_Driver/Src/stm32g4xx_hal_uart_ex.c **** 
 904              		.loc 1 567 3 discriminator 1 view .LVU276
 905 0036 0220     		movs	r0, #2
 906              	.LVL67:
 590:Drivers/STM32G4xx_HAL_Driver/Src/stm32g4xx_hal_uart_ex.c **** 
ARM GAS  /tmp/ccdNxUHJ.s 			page 60


 907              		.loc 1 590 1 view .LVU277
 908 0038 7047     		bx	lr
 909              		.cfi_endproc
 910              	.LFE338:
 912 003a 00BF     		.section	.text.HAL_UARTEx_SetTxFifoThreshold,"ax",%progbits
 913              		.align	1
 914              		.p2align 2,,3
 915              		.global	HAL_UARTEx_SetTxFifoThreshold
 916              		.syntax unified
 917              		.thumb
 918              		.thumb_func
 920              	HAL_UARTEx_SetTxFifoThreshold:
 921              	.LVL68:
 922              	.LFB339:
 606:Drivers/STM32G4xx_HAL_Driver/Src/stm32g4xx_hal_uart_ex.c ****   uint32_t tmpcr1;
 923              		.loc 1 606 1 is_stmt 1 view -0
 924              		.cfi_startproc
 925              		@ args = 0, pretend = 0, frame = 8
 926              		@ frame_needed = 0, uses_anonymous_args = 0
 607:Drivers/STM32G4xx_HAL_Driver/Src/stm32g4xx_hal_uart_ex.c **** 
 927              		.loc 1 607 3 view .LVU279
 610:Drivers/STM32G4xx_HAL_Driver/Src/stm32g4xx_hal_uart_ex.c ****   assert_param(IS_UART_TXFIFO_THRESHOLD(Threshold));
 928              		.loc 1 610 3 view .LVU280
 611:Drivers/STM32G4xx_HAL_Driver/Src/stm32g4xx_hal_uart_ex.c **** 
 929              		.loc 1 611 3 view .LVU281
 614:Drivers/STM32G4xx_HAL_Driver/Src/stm32g4xx_hal_uart_ex.c **** 
 930              		.loc 1 614 3 view .LVU282
 614:Drivers/STM32G4xx_HAL_Driver/Src/stm32g4xx_hal_uart_ex.c **** 
 931              		.loc 1 614 3 view .LVU283
 932 0000 90F88420 		ldrb	r2, [r0, #132]	@ zero_extendqisi2
 933 0004 012A     		cmp	r2, #1
 934 0006 1CD0     		beq	.L62
 614:Drivers/STM32G4xx_HAL_Driver/Src/stm32g4xx_hal_uart_ex.c **** 
 935              		.loc 1 614 3 discriminator 2 view .LVU284
 614:Drivers/STM32G4xx_HAL_Driver/Src/stm32g4xx_hal_uart_ex.c **** 
 936              		.loc 1 614 3 discriminator 2 view .LVU285
 616:Drivers/STM32G4xx_HAL_Driver/Src/stm32g4xx_hal_uart_ex.c **** 
 937              		.loc 1 616 3 view .LVU286
 606:Drivers/STM32G4xx_HAL_Driver/Src/stm32g4xx_hal_uart_ex.c ****   uint32_t tmpcr1;
 938              		.loc 1 606 1 is_stmt 0 view .LVU287
 939 0008 30B5     		push	{r4, r5, lr}
 940              	.LCFI15:
 941              		.cfi_def_cfa_offset 12
 942              		.cfi_offset 4, -12
 943              		.cfi_offset 5, -8
 944              		.cfi_offset 14, -4
 616:Drivers/STM32G4xx_HAL_Driver/Src/stm32g4xx_hal_uart_ex.c **** 
 945              		.loc 1 616 17 view .LVU288
 946 000a 2422     		movs	r2, #36
 619:Drivers/STM32G4xx_HAL_Driver/Src/stm32g4xx_hal_uart_ex.c **** 
 947              		.loc 1 619 12 view .LVU289
 948 000c 0468     		ldr	r4, [r0]
 606:Drivers/STM32G4xx_HAL_Driver/Src/stm32g4xx_hal_uart_ex.c ****   uint32_t tmpcr1;
 949              		.loc 1 606 1 view .LVU290
 950 000e 83B0     		sub	sp, sp, #12
 951              	.LCFI16:
 952              		.cfi_def_cfa_offset 24
ARM GAS  /tmp/ccdNxUHJ.s 			page 61


 616:Drivers/STM32G4xx_HAL_Driver/Src/stm32g4xx_hal_uart_ex.c **** 
 953              		.loc 1 616 17 view .LVU291
 954 0010 C0F88820 		str	r2, [r0, #136]
 619:Drivers/STM32G4xx_HAL_Driver/Src/stm32g4xx_hal_uart_ex.c **** 
 955              		.loc 1 619 10 view .LVU292
 956 0014 2568     		ldr	r5, [r4]
 622:Drivers/STM32G4xx_HAL_Driver/Src/stm32g4xx_hal_uart_ex.c **** 
 957              		.loc 1 622 3 view .LVU293
 958 0016 2268     		ldr	r2, [r4]
 616:Drivers/STM32G4xx_HAL_Driver/Src/stm32g4xx_hal_uart_ex.c **** 
 959              		.loc 1 616 17 view .LVU294
 960 0018 0190     		str	r0, [sp, #4]
 619:Drivers/STM32G4xx_HAL_Driver/Src/stm32g4xx_hal_uart_ex.c **** 
 961              		.loc 1 619 3 is_stmt 1 view .LVU295
 962              	.LVL69:
 622:Drivers/STM32G4xx_HAL_Driver/Src/stm32g4xx_hal_uart_ex.c **** 
 963              		.loc 1 622 3 view .LVU296
 964 001a 22F00102 		bic	r2, r2, #1
 965 001e 2260     		str	r2, [r4]
 625:Drivers/STM32G4xx_HAL_Driver/Src/stm32g4xx_hal_uart_ex.c **** 
 966              		.loc 1 625 3 view .LVU297
 967 0020 A268     		ldr	r2, [r4, #8]
 968 0022 22F06042 		bic	r2, r2, #-536870912
 969 0026 1143     		orrs	r1, r1, r2
 970              	.LVL70:
 625:Drivers/STM32G4xx_HAL_Driver/Src/stm32g4xx_hal_uart_ex.c **** 
 971              		.loc 1 625 3 is_stmt 0 view .LVU298
 972 0028 A160     		str	r1, [r4, #8]
 628:Drivers/STM32G4xx_HAL_Driver/Src/stm32g4xx_hal_uart_ex.c **** 
 973              		.loc 1 628 3 is_stmt 1 view .LVU299
 974 002a FFF7FEFF 		bl	UARTEx_SetNbDataToProcess
 975              	.LVL71:
 631:Drivers/STM32G4xx_HAL_Driver/Src/stm32g4xx_hal_uart_ex.c **** 
 976              		.loc 1 631 3 view .LVU300
 633:Drivers/STM32G4xx_HAL_Driver/Src/stm32g4xx_hal_uart_ex.c **** 
 977              		.loc 1 633 17 is_stmt 0 view .LVU301
 978 002e 019B     		ldr	r3, [sp, #4]
 631:Drivers/STM32G4xx_HAL_Driver/Src/stm32g4xx_hal_uart_ex.c **** 
 979              		.loc 1 631 3 view .LVU302
 980 0030 2560     		str	r5, [r4]
 633:Drivers/STM32G4xx_HAL_Driver/Src/stm32g4xx_hal_uart_ex.c **** 
 981              		.loc 1 633 3 is_stmt 1 view .LVU303
 636:Drivers/STM32G4xx_HAL_Driver/Src/stm32g4xx_hal_uart_ex.c **** 
 982              		.loc 1 636 3 is_stmt 0 view .LVU304
 983 0032 0020     		movs	r0, #0
 984              	.LVL72:
 633:Drivers/STM32G4xx_HAL_Driver/Src/stm32g4xx_hal_uart_ex.c **** 
 985              		.loc 1 633 17 view .LVU305
 986 0034 2022     		movs	r2, #32
 987 0036 C3F88820 		str	r2, [r3, #136]
 636:Drivers/STM32G4xx_HAL_Driver/Src/stm32g4xx_hal_uart_ex.c **** 
 988              		.loc 1 636 3 is_stmt 1 view .LVU306
 636:Drivers/STM32G4xx_HAL_Driver/Src/stm32g4xx_hal_uart_ex.c **** 
 989              		.loc 1 636 3 view .LVU307
 990 003a 83F88400 		strb	r0, [r3, #132]
 636:Drivers/STM32G4xx_HAL_Driver/Src/stm32g4xx_hal_uart_ex.c **** 
 991              		.loc 1 636 3 view .LVU308
ARM GAS  /tmp/ccdNxUHJ.s 			page 62


 638:Drivers/STM32G4xx_HAL_Driver/Src/stm32g4xx_hal_uart_ex.c **** }
 992              		.loc 1 638 3 view .LVU309
 639:Drivers/STM32G4xx_HAL_Driver/Src/stm32g4xx_hal_uart_ex.c **** 
 993              		.loc 1 639 1 is_stmt 0 view .LVU310
 994 003e 03B0     		add	sp, sp, #12
 995              	.LCFI17:
 996              		.cfi_def_cfa_offset 12
 997              		@ sp needed
 998 0040 30BD     		pop	{r4, r5, pc}
 999              	.LVL73:
 1000              	.L62:
 1001              	.LCFI18:
 1002              		.cfi_def_cfa_offset 0
 1003              		.cfi_restore 4
 1004              		.cfi_restore 5
 1005              		.cfi_restore 14
 614:Drivers/STM32G4xx_HAL_Driver/Src/stm32g4xx_hal_uart_ex.c **** 
 1006              		.loc 1 614 3 discriminator 1 view .LVU311
 1007 0042 0220     		movs	r0, #2
 1008              	.LVL74:
 639:Drivers/STM32G4xx_HAL_Driver/Src/stm32g4xx_hal_uart_ex.c **** 
 1009              		.loc 1 639 1 view .LVU312
 1010 0044 7047     		bx	lr
 1011              		.cfi_endproc
 1012              	.LFE339:
 1014 0046 00BF     		.section	.text.HAL_UARTEx_SetRxFifoThreshold,"ax",%progbits
 1015              		.align	1
 1016              		.p2align 2,,3
 1017              		.global	HAL_UARTEx_SetRxFifoThreshold
 1018              		.syntax unified
 1019              		.thumb
 1020              		.thumb_func
 1022              	HAL_UARTEx_SetRxFifoThreshold:
 1023              	.LVL75:
 1024              	.LFB340:
 655:Drivers/STM32G4xx_HAL_Driver/Src/stm32g4xx_hal_uart_ex.c ****   uint32_t tmpcr1;
 1025              		.loc 1 655 1 is_stmt 1 view -0
 1026              		.cfi_startproc
 1027              		@ args = 0, pretend = 0, frame = 8
 1028              		@ frame_needed = 0, uses_anonymous_args = 0
 656:Drivers/STM32G4xx_HAL_Driver/Src/stm32g4xx_hal_uart_ex.c **** 
 1029              		.loc 1 656 3 view .LVU314
 659:Drivers/STM32G4xx_HAL_Driver/Src/stm32g4xx_hal_uart_ex.c ****   assert_param(IS_UART_RXFIFO_THRESHOLD(Threshold));
 1030              		.loc 1 659 3 view .LVU315
 660:Drivers/STM32G4xx_HAL_Driver/Src/stm32g4xx_hal_uart_ex.c **** 
 1031              		.loc 1 660 3 view .LVU316
 663:Drivers/STM32G4xx_HAL_Driver/Src/stm32g4xx_hal_uart_ex.c **** 
 1032              		.loc 1 663 3 view .LVU317
 663:Drivers/STM32G4xx_HAL_Driver/Src/stm32g4xx_hal_uart_ex.c **** 
 1033              		.loc 1 663 3 view .LVU318
 1034 0000 90F88420 		ldrb	r2, [r0, #132]	@ zero_extendqisi2
 1035 0004 012A     		cmp	r2, #1
 1036 0006 1CD0     		beq	.L69
 663:Drivers/STM32G4xx_HAL_Driver/Src/stm32g4xx_hal_uart_ex.c **** 
 1037              		.loc 1 663 3 discriminator 2 view .LVU319
 663:Drivers/STM32G4xx_HAL_Driver/Src/stm32g4xx_hal_uart_ex.c **** 
 1038              		.loc 1 663 3 discriminator 2 view .LVU320
ARM GAS  /tmp/ccdNxUHJ.s 			page 63


 665:Drivers/STM32G4xx_HAL_Driver/Src/stm32g4xx_hal_uart_ex.c **** 
 1039              		.loc 1 665 3 view .LVU321
 655:Drivers/STM32G4xx_HAL_Driver/Src/stm32g4xx_hal_uart_ex.c ****   uint32_t tmpcr1;
 1040              		.loc 1 655 1 is_stmt 0 view .LVU322
 1041 0008 30B5     		push	{r4, r5, lr}
 1042              	.LCFI19:
 1043              		.cfi_def_cfa_offset 12
 1044              		.cfi_offset 4, -12
 1045              		.cfi_offset 5, -8
 1046              		.cfi_offset 14, -4
 665:Drivers/STM32G4xx_HAL_Driver/Src/stm32g4xx_hal_uart_ex.c **** 
 1047              		.loc 1 665 17 view .LVU323
 1048 000a 2422     		movs	r2, #36
 668:Drivers/STM32G4xx_HAL_Driver/Src/stm32g4xx_hal_uart_ex.c **** 
 1049              		.loc 1 668 12 view .LVU324
 1050 000c 0468     		ldr	r4, [r0]
 655:Drivers/STM32G4xx_HAL_Driver/Src/stm32g4xx_hal_uart_ex.c ****   uint32_t tmpcr1;
 1051              		.loc 1 655 1 view .LVU325
 1052 000e 83B0     		sub	sp, sp, #12
 1053              	.LCFI20:
 1054              		.cfi_def_cfa_offset 24
 665:Drivers/STM32G4xx_HAL_Driver/Src/stm32g4xx_hal_uart_ex.c **** 
 1055              		.loc 1 665 17 view .LVU326
 1056 0010 C0F88820 		str	r2, [r0, #136]
 668:Drivers/STM32G4xx_HAL_Driver/Src/stm32g4xx_hal_uart_ex.c **** 
 1057              		.loc 1 668 10 view .LVU327
 1058 0014 2568     		ldr	r5, [r4]
 671:Drivers/STM32G4xx_HAL_Driver/Src/stm32g4xx_hal_uart_ex.c **** 
 1059              		.loc 1 671 3 view .LVU328
 1060 0016 2268     		ldr	r2, [r4]
 665:Drivers/STM32G4xx_HAL_Driver/Src/stm32g4xx_hal_uart_ex.c **** 
 1061              		.loc 1 665 17 view .LVU329
 1062 0018 0190     		str	r0, [sp, #4]
 668:Drivers/STM32G4xx_HAL_Driver/Src/stm32g4xx_hal_uart_ex.c **** 
 1063              		.loc 1 668 3 is_stmt 1 view .LVU330
 1064              	.LVL76:
 671:Drivers/STM32G4xx_HAL_Driver/Src/stm32g4xx_hal_uart_ex.c **** 
 1065              		.loc 1 671 3 view .LVU331
 1066 001a 22F00102 		bic	r2, r2, #1
 1067 001e 2260     		str	r2, [r4]
 674:Drivers/STM32G4xx_HAL_Driver/Src/stm32g4xx_hal_uart_ex.c **** 
 1068              		.loc 1 674 3 view .LVU332
 1069 0020 A268     		ldr	r2, [r4, #8]
 1070 0022 22F06062 		bic	r2, r2, #234881024
 1071 0026 1143     		orrs	r1, r1, r2
 1072              	.LVL77:
 674:Drivers/STM32G4xx_HAL_Driver/Src/stm32g4xx_hal_uart_ex.c **** 
 1073              		.loc 1 674 3 is_stmt 0 view .LVU333
 1074 0028 A160     		str	r1, [r4, #8]
 677:Drivers/STM32G4xx_HAL_Driver/Src/stm32g4xx_hal_uart_ex.c **** 
 1075              		.loc 1 677 3 is_stmt 1 view .LVU334
 1076 002a FFF7FEFF 		bl	UARTEx_SetNbDataToProcess
 1077              	.LVL78:
 680:Drivers/STM32G4xx_HAL_Driver/Src/stm32g4xx_hal_uart_ex.c **** 
 1078              		.loc 1 680 3 view .LVU335
 682:Drivers/STM32G4xx_HAL_Driver/Src/stm32g4xx_hal_uart_ex.c **** 
 1079              		.loc 1 682 17 is_stmt 0 view .LVU336
ARM GAS  /tmp/ccdNxUHJ.s 			page 64


 1080 002e 019B     		ldr	r3, [sp, #4]
 680:Drivers/STM32G4xx_HAL_Driver/Src/stm32g4xx_hal_uart_ex.c **** 
 1081              		.loc 1 680 3 view .LVU337
 1082 0030 2560     		str	r5, [r4]
 682:Drivers/STM32G4xx_HAL_Driver/Src/stm32g4xx_hal_uart_ex.c **** 
 1083              		.loc 1 682 3 is_stmt 1 view .LVU338
 685:Drivers/STM32G4xx_HAL_Driver/Src/stm32g4xx_hal_uart_ex.c **** 
 1084              		.loc 1 685 3 is_stmt 0 view .LVU339
 1085 0032 0020     		movs	r0, #0
 1086              	.LVL79:
 682:Drivers/STM32G4xx_HAL_Driver/Src/stm32g4xx_hal_uart_ex.c **** 
 1087              		.loc 1 682 17 view .LVU340
 1088 0034 2022     		movs	r2, #32
 1089 0036 C3F88820 		str	r2, [r3, #136]
 685:Drivers/STM32G4xx_HAL_Driver/Src/stm32g4xx_hal_uart_ex.c **** 
 1090              		.loc 1 685 3 is_stmt 1 view .LVU341
 685:Drivers/STM32G4xx_HAL_Driver/Src/stm32g4xx_hal_uart_ex.c **** 
 1091              		.loc 1 685 3 view .LVU342
 1092 003a 83F88400 		strb	r0, [r3, #132]
 685:Drivers/STM32G4xx_HAL_Driver/Src/stm32g4xx_hal_uart_ex.c **** 
 1093              		.loc 1 685 3 view .LVU343
 687:Drivers/STM32G4xx_HAL_Driver/Src/stm32g4xx_hal_uart_ex.c **** }
 1094              		.loc 1 687 3 view .LVU344
 688:Drivers/STM32G4xx_HAL_Driver/Src/stm32g4xx_hal_uart_ex.c **** 
 1095              		.loc 1 688 1 is_stmt 0 view .LVU345
 1096 003e 03B0     		add	sp, sp, #12
 1097              	.LCFI21:
 1098              		.cfi_def_cfa_offset 12
 1099              		@ sp needed
 1100 0040 30BD     		pop	{r4, r5, pc}
 1101              	.LVL80:
 1102              	.L69:
 1103              	.LCFI22:
 1104              		.cfi_def_cfa_offset 0
 1105              		.cfi_restore 4
 1106              		.cfi_restore 5
 1107              		.cfi_restore 14
 663:Drivers/STM32G4xx_HAL_Driver/Src/stm32g4xx_hal_uart_ex.c **** 
 1108              		.loc 1 663 3 discriminator 1 view .LVU346
 1109 0042 0220     		movs	r0, #2
 1110              	.LVL81:
 688:Drivers/STM32G4xx_HAL_Driver/Src/stm32g4xx_hal_uart_ex.c **** 
 1111              		.loc 1 688 1 view .LVU347
 1112 0044 7047     		bx	lr
 1113              		.cfi_endproc
 1114              	.LFE340:
 1116 0046 00BF     		.section	.text.HAL_UARTEx_ReceiveToIdle,"ax",%progbits
 1117              		.align	1
 1118              		.p2align 2,,3
 1119              		.global	HAL_UARTEx_ReceiveToIdle
 1120              		.syntax unified
 1121              		.thumb
 1122              		.thumb_func
 1124              	HAL_UARTEx_ReceiveToIdle:
 1125              	.LVL82:
 1126              	.LFB341:
 713:Drivers/STM32G4xx_HAL_Driver/Src/stm32g4xx_hal_uart_ex.c ****   uint8_t  *pdata8bits;
ARM GAS  /tmp/ccdNxUHJ.s 			page 65


 1127              		.loc 1 713 1 is_stmt 1 view -0
 1128              		.cfi_startproc
 1129              		@ args = 4, pretend = 0, frame = 0
 1130              		@ frame_needed = 0, uses_anonymous_args = 0
 714:Drivers/STM32G4xx_HAL_Driver/Src/stm32g4xx_hal_uart_ex.c ****   uint16_t *pdata16bits;
 1131              		.loc 1 714 3 view .LVU349
 715:Drivers/STM32G4xx_HAL_Driver/Src/stm32g4xx_hal_uart_ex.c ****   uint16_t uhMask;
 1132              		.loc 1 715 3 view .LVU350
 716:Drivers/STM32G4xx_HAL_Driver/Src/stm32g4xx_hal_uart_ex.c ****   uint32_t tickstart;
 1133              		.loc 1 716 3 view .LVU351
 717:Drivers/STM32G4xx_HAL_Driver/Src/stm32g4xx_hal_uart_ex.c **** 
 1134              		.loc 1 717 3 view .LVU352
 720:Drivers/STM32G4xx_HAL_Driver/Src/stm32g4xx_hal_uart_ex.c ****   {
 1135              		.loc 1 720 3 view .LVU353
 713:Drivers/STM32G4xx_HAL_Driver/Src/stm32g4xx_hal_uart_ex.c ****   uint8_t  *pdata8bits;
 1136              		.loc 1 713 1 is_stmt 0 view .LVU354
 1137 0000 2DE9F047 		push	{r4, r5, r6, r7, r8, r9, r10, lr}
 1138              	.LCFI23:
 1139              		.cfi_def_cfa_offset 32
 1140              		.cfi_offset 4, -32
 1141              		.cfi_offset 5, -28
 1142              		.cfi_offset 6, -24
 1143              		.cfi_offset 7, -20
 1144              		.cfi_offset 8, -16
 1145              		.cfi_offset 9, -12
 1146              		.cfi_offset 10, -8
 1147              		.cfi_offset 14, -4
 713:Drivers/STM32G4xx_HAL_Driver/Src/stm32g4xx_hal_uart_ex.c ****   uint8_t  *pdata8bits;
 1148              		.loc 1 713 1 view .LVU355
 1149 0004 0E46     		mov	r6, r1
 720:Drivers/STM32G4xx_HAL_Driver/Src/stm32g4xx_hal_uart_ex.c ****   {
 1150              		.loc 1 720 12 view .LVU356
 1151 0006 D0F88C10 		ldr	r1, [r0, #140]
 1152              	.LVL83:
 713:Drivers/STM32G4xx_HAL_Driver/Src/stm32g4xx_hal_uart_ex.c ****   uint8_t  *pdata8bits;
 1153              		.loc 1 713 1 view .LVU357
 1154 000a 089D     		ldr	r5, [sp, #32]
 720:Drivers/STM32G4xx_HAL_Driver/Src/stm32g4xx_hal_uart_ex.c ****   {
 1155              		.loc 1 720 6 view .LVU358
 1156 000c 2029     		cmp	r1, #32
 1157 000e 59D1     		bne	.L90
 722:Drivers/STM32G4xx_HAL_Driver/Src/stm32g4xx_hal_uart_ex.c ****     {
 1158              		.loc 1 722 5 is_stmt 1 view .LVU359
 722:Drivers/STM32G4xx_HAL_Driver/Src/stm32g4xx_hal_uart_ex.c ****     {
 1159              		.loc 1 722 8 is_stmt 0 view .LVU360
 1160 0010 06B1     		cbz	r6, .L76
 722:Drivers/STM32G4xx_HAL_Driver/Src/stm32g4xx_hal_uart_ex.c ****     {
 1161              		.loc 1 722 25 discriminator 1 view .LVU361
 1162 0012 12B9     		cbnz	r2, .L77
 1163              	.L76:
 724:Drivers/STM32G4xx_HAL_Driver/Src/stm32g4xx_hal_uart_ex.c ****     }
 1164              		.loc 1 724 15 view .LVU362
 1165 0014 0120     		movs	r0, #1
 1166              	.LVL84:
 1167              	.L75:
 818:Drivers/STM32G4xx_HAL_Driver/Src/stm32g4xx_hal_uart_ex.c **** 
 1168              		.loc 1 818 1 view .LVU363
ARM GAS  /tmp/ccdNxUHJ.s 			page 66


 1169 0016 BDE8F087 		pop	{r4, r5, r6, r7, r8, r9, r10, pc}
 1170              	.LVL85:
 1171              	.L77:
 818:Drivers/STM32G4xx_HAL_Driver/Src/stm32g4xx_hal_uart_ex.c **** 
 1172              		.loc 1 818 1 view .LVU364
 1173 001a 1746     		mov	r7, r2
 1174 001c 9946     		mov	r9, r3
 728:Drivers/STM32G4xx_HAL_Driver/Src/stm32g4xx_hal_uart_ex.c ****     huart->ReceptionType = HAL_UART_RECEPTION_TOIDLE;
 1175              		.loc 1 728 20 view .LVU365
 1176 001e 2222     		movs	r2, #34
 1177              	.LVL86:
 727:Drivers/STM32G4xx_HAL_Driver/Src/stm32g4xx_hal_uart_ex.c ****     huart->RxState = HAL_UART_STATE_BUSY_RX;
 1178              		.loc 1 727 22 view .LVU366
 1179 0020 0023     		movs	r3, #0
 1180              	.LVL87:
 727:Drivers/STM32G4xx_HAL_Driver/Src/stm32g4xx_hal_uart_ex.c ****     huart->RxState = HAL_UART_STATE_BUSY_RX;
 1181              		.loc 1 727 22 view .LVU367
 1182 0022 C0F89030 		str	r3, [r0, #144]
 1183 0026 0446     		mov	r4, r0
 727:Drivers/STM32G4xx_HAL_Driver/Src/stm32g4xx_hal_uart_ex.c ****     huart->RxState = HAL_UART_STATE_BUSY_RX;
 1184              		.loc 1 727 5 is_stmt 1 view .LVU368
 728:Drivers/STM32G4xx_HAL_Driver/Src/stm32g4xx_hal_uart_ex.c ****     huart->ReceptionType = HAL_UART_RECEPTION_TOIDLE;
 1185              		.loc 1 728 5 view .LVU369
 728:Drivers/STM32G4xx_HAL_Driver/Src/stm32g4xx_hal_uart_ex.c ****     huart->ReceptionType = HAL_UART_RECEPTION_TOIDLE;
 1186              		.loc 1 728 20 is_stmt 0 view .LVU370
 1187 0028 C0F88C20 		str	r2, [r0, #140]
 729:Drivers/STM32G4xx_HAL_Driver/Src/stm32g4xx_hal_uart_ex.c ****     huart->RxEventType = HAL_UART_RXEVENT_TC;
 1188              		.loc 1 729 5 is_stmt 1 view .LVU371
 729:Drivers/STM32G4xx_HAL_Driver/Src/stm32g4xx_hal_uart_ex.c ****     huart->RxEventType = HAL_UART_RXEVENT_TC;
 1189              		.loc 1 729 26 is_stmt 0 view .LVU372
 1190 002c 0122     		movs	r2, #1
 1191 002e C266     		str	r2, [r0, #108]
 730:Drivers/STM32G4xx_HAL_Driver/Src/stm32g4xx_hal_uart_ex.c **** 
 1192              		.loc 1 730 5 is_stmt 1 view .LVU373
 733:Drivers/STM32G4xx_HAL_Driver/Src/stm32g4xx_hal_uart_ex.c **** 
 1193              		.loc 1 733 5 view .LVU374
 730:Drivers/STM32G4xx_HAL_Driver/Src/stm32g4xx_hal_uart_ex.c **** 
 1194              		.loc 1 730 24 is_stmt 0 view .LVU375
 1195 0030 0367     		str	r3, [r0, #112]
 733:Drivers/STM32G4xx_HAL_Driver/Src/stm32g4xx_hal_uart_ex.c **** 
 1196              		.loc 1 733 17 view .LVU376
 1197 0032 FFF7FEFF 		bl	HAL_GetTick
 1198              	.LVL88:
 739:Drivers/STM32G4xx_HAL_Driver/Src/stm32g4xx_hal_uart_ex.c ****     uhMask = huart->Mask;
 1199              		.loc 1 739 5 view .LVU377
 1200 0036 A268     		ldr	r2, [r4, #8]
 735:Drivers/STM32G4xx_HAL_Driver/Src/stm32g4xx_hal_uart_ex.c ****     huart->RxXferCount = Size;
 1201              		.loc 1 735 24 view .LVU378
 1202 0038 A4F85C70 		strh	r7, [r4, #92]	@ movhi
 739:Drivers/STM32G4xx_HAL_Driver/Src/stm32g4xx_hal_uart_ex.c ****     uhMask = huart->Mask;
 1203              		.loc 1 739 5 view .LVU379
 1204 003c B2F5805F 		cmp	r2, #4096
 733:Drivers/STM32G4xx_HAL_Driver/Src/stm32g4xx_hal_uart_ex.c **** 
 1205              		.loc 1 733 17 view .LVU380
 1206 0040 8046     		mov	r8, r0
 1207              	.LVL89:
 735:Drivers/STM32G4xx_HAL_Driver/Src/stm32g4xx_hal_uart_ex.c ****     huart->RxXferCount = Size;
ARM GAS  /tmp/ccdNxUHJ.s 			page 67


 1208              		.loc 1 735 5 is_stmt 1 view .LVU381
 736:Drivers/STM32G4xx_HAL_Driver/Src/stm32g4xx_hal_uart_ex.c **** 
 1209              		.loc 1 736 5 view .LVU382
 736:Drivers/STM32G4xx_HAL_Driver/Src/stm32g4xx_hal_uart_ex.c **** 
 1210              		.loc 1 736 24 is_stmt 0 view .LVU383
 1211 0042 A4F85E70 		strh	r7, [r4, #94]	@ movhi
 739:Drivers/STM32G4xx_HAL_Driver/Src/stm32g4xx_hal_uart_ex.c ****     uhMask = huart->Mask;
 1212              		.loc 1 739 5 is_stmt 1 view .LVU384
 739:Drivers/STM32G4xx_HAL_Driver/Src/stm32g4xx_hal_uart_ex.c ****     uhMask = huart->Mask;
 1213              		.loc 1 739 5 view .LVU385
 1214 0046 4FF00003 		mov	r3, #0
 1215 004a 3ED0     		beq	.L116
 739:Drivers/STM32G4xx_HAL_Driver/Src/stm32g4xx_hal_uart_ex.c ****     uhMask = huart->Mask;
 1216              		.loc 1 739 5 discriminator 4 view .LVU386
 1217 004c 002A     		cmp	r2, #0
 1218 004e 55D1     		bne	.L80
 739:Drivers/STM32G4xx_HAL_Driver/Src/stm32g4xx_hal_uart_ex.c ****     uhMask = huart->Mask;
 1219              		.loc 1 739 5 discriminator 5 view .LVU387
 1220 0050 2369     		ldr	r3, [r4, #16]
 740:Drivers/STM32G4xx_HAL_Driver/Src/stm32g4xx_hal_uart_ex.c **** 
 1221              		.loc 1 740 12 is_stmt 0 view .LVU388
 1222 0052 9246     		mov	r10, r2
 1223 0054 9342     		cmp	r3, r2
 1224 0056 0CBF     		ite	eq
 1225 0058 FF27     		moveq	r7, #255
 1226 005a 7F27     		movne	r7, #127
 1227              	.LVL90:
 1228              	.L79:
 755:Drivers/STM32G4xx_HAL_Driver/Src/stm32g4xx_hal_uart_ex.c **** 
 1229              		.loc 1 755 12 view .LVU389
 1230 005c 0023     		movs	r3, #0
 739:Drivers/STM32G4xx_HAL_Driver/Src/stm32g4xx_hal_uart_ex.c ****     uhMask = huart->Mask;
 1231              		.loc 1 739 5 discriminator 3 view .LVU390
 1232 005e A4F86070 		strh	r7, [r4, #96]	@ movhi
 1233              	.LVL91:
 755:Drivers/STM32G4xx_HAL_Driver/Src/stm32g4xx_hal_uart_ex.c **** 
 1234              		.loc 1 755 5 is_stmt 1 view .LVU391
 755:Drivers/STM32G4xx_HAL_Driver/Src/stm32g4xx_hal_uart_ex.c **** 
 1235              		.loc 1 755 12 is_stmt 0 view .LVU392
 1236 0062 A9F80030 		strh	r3, [r9]	@ movhi
 1237              	.LVL92:
 1238              	.L115:
 758:Drivers/STM32G4xx_HAL_Driver/Src/stm32g4xx_hal_uart_ex.c ****     {
 1239              		.loc 1 758 5 is_stmt 1 view .LVU393
 758:Drivers/STM32G4xx_HAL_Driver/Src/stm32g4xx_hal_uart_ex.c ****     {
 1240              		.loc 1 758 31 discriminator 1 view .LVU394
 758:Drivers/STM32G4xx_HAL_Driver/Src/stm32g4xx_hal_uart_ex.c ****     {
 1241              		.loc 1 758 17 is_stmt 0 discriminator 1 view .LVU395
 1242 0066 B4F85E30 		ldrh	r3, [r4, #94]
 758:Drivers/STM32G4xx_HAL_Driver/Src/stm32g4xx_hal_uart_ex.c ****     {
 1243              		.loc 1 758 31 discriminator 1 view .LVU396
 1244 006a 002B     		cmp	r3, #0
 1245 006c 39D0     		beq	.L81
 761:Drivers/STM32G4xx_HAL_Driver/Src/stm32g4xx_hal_uart_ex.c ****       {
 1246              		.loc 1 761 7 is_stmt 1 view .LVU397
 761:Drivers/STM32G4xx_HAL_Driver/Src/stm32g4xx_hal_uart_ex.c ****       {
 1247              		.loc 1 761 11 is_stmt 0 view .LVU398
ARM GAS  /tmp/ccdNxUHJ.s 			page 68


 1248 006e 2268     		ldr	r2, [r4]
 1249 0070 D169     		ldr	r1, [r2, #28]
 761:Drivers/STM32G4xx_HAL_Driver/Src/stm32g4xx_hal_uart_ex.c ****       {
 1250              		.loc 1 761 10 view .LVU399
 1251 0072 C806     		lsls	r0, r1, #27
 1252 0074 05D5     		bpl	.L82
 764:Drivers/STM32G4xx_HAL_Driver/Src/stm32g4xx_hal_uart_ex.c **** 
 1253              		.loc 1 764 9 is_stmt 1 view .LVU400
 1254 0076 1023     		movs	r3, #16
 1255 0078 1362     		str	r3, [r2, #32]
 768:Drivers/STM32G4xx_HAL_Driver/Src/stm32g4xx_hal_uart_ex.c ****         {
 1256              		.loc 1 768 9 view .LVU401
 768:Drivers/STM32G4xx_HAL_Driver/Src/stm32g4xx_hal_uart_ex.c ****         {
 1257              		.loc 1 768 12 is_stmt 0 view .LVU402
 1258 007a B9F80030 		ldrh	r3, [r9]
 1259 007e 002B     		cmp	r3, #0
 1260 0080 42D1     		bne	.L117
 1261              	.L82:
 778:Drivers/STM32G4xx_HAL_Driver/Src/stm32g4xx_hal_uart_ex.c ****       {
 1262              		.loc 1 778 7 is_stmt 1 view .LVU403
 778:Drivers/STM32G4xx_HAL_Driver/Src/stm32g4xx_hal_uart_ex.c ****       {
 1263              		.loc 1 778 11 is_stmt 0 view .LVU404
 1264 0082 D369     		ldr	r3, [r2, #28]
 778:Drivers/STM32G4xx_HAL_Driver/Src/stm32g4xx_hal_uart_ex.c ****       {
 1265              		.loc 1 778 10 view .LVU405
 1266 0084 9906     		lsls	r1, r3, #26
 1267 0086 0ED5     		bpl	.L84
 780:Drivers/STM32G4xx_HAL_Driver/Src/stm32g4xx_hal_uart_ex.c ****         {
 1268              		.loc 1 780 9 is_stmt 1 view .LVU406
 782:Drivers/STM32G4xx_HAL_Driver/Src/stm32g4xx_hal_uart_ex.c ****           pdata16bits++;
 1269              		.loc 1 782 52 is_stmt 0 view .LVU407
 1270 0088 536A     		ldr	r3, [r2, #36]
 782:Drivers/STM32G4xx_HAL_Driver/Src/stm32g4xx_hal_uart_ex.c ****           pdata16bits++;
 1271              		.loc 1 782 26 view .LVU408
 1272 008a 3B40     		ands	r3, r3, r7
 780:Drivers/STM32G4xx_HAL_Driver/Src/stm32g4xx_hal_uart_ex.c ****         {
 1273              		.loc 1 780 12 view .LVU409
 1274 008c 26B3     		cbz	r6, .L118
 787:Drivers/STM32G4xx_HAL_Driver/Src/stm32g4xx_hal_uart_ex.c ****           pdata8bits++;
 1275              		.loc 1 787 11 is_stmt 1 view .LVU410
 787:Drivers/STM32G4xx_HAL_Driver/Src/stm32g4xx_hal_uart_ex.c ****           pdata8bits++;
 1276              		.loc 1 787 23 is_stmt 0 view .LVU411
 1277 008e 06F8013B 		strb	r3, [r6], #1
 1278              	.LVL93:
 788:Drivers/STM32G4xx_HAL_Driver/Src/stm32g4xx_hal_uart_ex.c ****         }
 1279              		.loc 1 788 11 is_stmt 1 view .LVU412
 1280              	.L86:
 791:Drivers/STM32G4xx_HAL_Driver/Src/stm32g4xx_hal_uart_ex.c ****         huart->RxXferCount--;
 1281              		.loc 1 791 9 view .LVU413
 791:Drivers/STM32G4xx_HAL_Driver/Src/stm32g4xx_hal_uart_ex.c ****         huart->RxXferCount--;
 1282              		.loc 1 791 16 is_stmt 0 view .LVU414
 1283 0092 B9F80030 		ldrh	r3, [r9]
 1284 0096 0133     		adds	r3, r3, #1
 1285 0098 A9F80030 		strh	r3, [r9]	@ movhi
 792:Drivers/STM32G4xx_HAL_Driver/Src/stm32g4xx_hal_uart_ex.c ****       }
 1286              		.loc 1 792 9 is_stmt 1 view .LVU415
 792:Drivers/STM32G4xx_HAL_Driver/Src/stm32g4xx_hal_uart_ex.c ****       }
ARM GAS  /tmp/ccdNxUHJ.s 			page 69


 1287              		.loc 1 792 14 is_stmt 0 view .LVU416
 1288 009c B4F85E30 		ldrh	r3, [r4, #94]
 792:Drivers/STM32G4xx_HAL_Driver/Src/stm32g4xx_hal_uart_ex.c ****       }
 1289              		.loc 1 792 27 view .LVU417
 1290 00a0 013B     		subs	r3, r3, #1
 1291 00a2 A4F85E30 		strh	r3, [r4, #94]	@ movhi
 1292              	.L84:
 796:Drivers/STM32G4xx_HAL_Driver/Src/stm32g4xx_hal_uart_ex.c ****       {
 1293              		.loc 1 796 7 is_stmt 1 view .LVU418
 796:Drivers/STM32G4xx_HAL_Driver/Src/stm32g4xx_hal_uart_ex.c ****       {
 1294              		.loc 1 796 10 is_stmt 0 view .LVU419
 1295 00a6 6B1C     		adds	r3, r5, #1
 1296 00a8 DDD0     		beq	.L115
 798:Drivers/STM32G4xx_HAL_Driver/Src/stm32g4xx_hal_uart_ex.c ****         {
 1297              		.loc 1 798 9 is_stmt 1 view .LVU420
 798:Drivers/STM32G4xx_HAL_Driver/Src/stm32g4xx_hal_uart_ex.c ****         {
 1298              		.loc 1 798 15 is_stmt 0 view .LVU421
 1299 00aa FFF7FEFF 		bl	HAL_GetTick
 1300              	.LVL94:
 798:Drivers/STM32G4xx_HAL_Driver/Src/stm32g4xx_hal_uart_ex.c ****         {
 1301              		.loc 1 798 29 discriminator 1 view .LVU422
 1302 00ae A0EB0800 		sub	r0, r0, r8
 798:Drivers/STM32G4xx_HAL_Driver/Src/stm32g4xx_hal_uart_ex.c ****         {
 1303              		.loc 1 798 12 discriminator 1 view .LVU423
 1304 00b2 A842     		cmp	r0, r5
 1305 00b4 01D8     		bhi	.L88
 798:Drivers/STM32G4xx_HAL_Driver/Src/stm32g4xx_hal_uart_ex.c ****         {
 1306              		.loc 1 798 53 discriminator 2 view .LVU424
 1307 00b6 002D     		cmp	r5, #0
 1308 00b8 D5D1     		bne	.L115
 1309              	.L88:
 800:Drivers/STM32G4xx_HAL_Driver/Src/stm32g4xx_hal_uart_ex.c **** 
 1310              		.loc 1 800 11 is_stmt 1 view .LVU425
 800:Drivers/STM32G4xx_HAL_Driver/Src/stm32g4xx_hal_uart_ex.c **** 
 1311              		.loc 1 800 26 is_stmt 0 view .LVU426
 1312 00ba 2023     		movs	r3, #32
 1313 00bc C4F88C30 		str	r3, [r4, #140]
 802:Drivers/STM32G4xx_HAL_Driver/Src/stm32g4xx_hal_uart_ex.c ****         }
 1314              		.loc 1 802 11 is_stmt 1 view .LVU427
 802:Drivers/STM32G4xx_HAL_Driver/Src/stm32g4xx_hal_uart_ex.c ****         }
 1315              		.loc 1 802 18 is_stmt 0 view .LVU428
 1316 00c0 0320     		movs	r0, #3
 1317 00c2 A8E7     		b	.L75
 1318              	.LVL95:
 1319              	.L90:
 816:Drivers/STM32G4xx_HAL_Driver/Src/stm32g4xx_hal_uart_ex.c ****   }
 1320              		.loc 1 816 12 view .LVU429
 1321 00c4 0220     		movs	r0, #2
 1322              	.LVL96:
 818:Drivers/STM32G4xx_HAL_Driver/Src/stm32g4xx_hal_uart_ex.c **** 
 1323              		.loc 1 818 1 view .LVU430
 1324 00c6 BDE8F087 		pop	{r4, r5, r6, r7, r8, r9, r10, pc}
 1325              	.LVL97:
 1326              	.L116:
 739:Drivers/STM32G4xx_HAL_Driver/Src/stm32g4xx_hal_uart_ex.c ****     uhMask = huart->Mask;
 1327              		.loc 1 739 5 is_stmt 1 discriminator 1 view .LVU431
 1328 00ca 2269     		ldr	r2, [r4, #16]
ARM GAS  /tmp/ccdNxUHJ.s 			page 70


 1329 00cc 12BB     		cbnz	r2, .L119
 746:Drivers/STM32G4xx_HAL_Driver/Src/stm32g4xx_hal_uart_ex.c ****     }
 1330              		.loc 1 746 19 is_stmt 0 view .LVU432
 1331 00ce B246     		mov	r10, r6
 740:Drivers/STM32G4xx_HAL_Driver/Src/stm32g4xx_hal_uart_ex.c **** 
 1332              		.loc 1 740 12 view .LVU433
 1333 00d0 40F2FF17 		movw	r7, #511
 745:Drivers/STM32G4xx_HAL_Driver/Src/stm32g4xx_hal_uart_ex.c ****       pdata16bits = (uint16_t *) pData;
 1334              		.loc 1 745 19 view .LVU434
 1335 00d4 1646     		mov	r6, r2
 1336              	.LVL98:
 745:Drivers/STM32G4xx_HAL_Driver/Src/stm32g4xx_hal_uart_ex.c ****       pdata16bits = (uint16_t *) pData;
 1337              		.loc 1 745 19 view .LVU435
 1338 00d6 C1E7     		b	.L79
 1339              	.LVL99:
 1340              	.L118:
 782:Drivers/STM32G4xx_HAL_Driver/Src/stm32g4xx_hal_uart_ex.c ****           pdata16bits++;
 1341              		.loc 1 782 11 is_stmt 1 view .LVU436
 782:Drivers/STM32G4xx_HAL_Driver/Src/stm32g4xx_hal_uart_ex.c ****           pdata16bits++;
 1342              		.loc 1 782 24 is_stmt 0 view .LVU437
 1343 00d8 5246     		mov	r2, r10
 1344 00da 22F8023B 		strh	r3, [r2], #2	@ movhi
 1345 00de 9246     		mov	r10, r2
 1346              	.LVL100:
 783:Drivers/STM32G4xx_HAL_Driver/Src/stm32g4xx_hal_uart_ex.c ****         }
 1347              		.loc 1 783 11 is_stmt 1 view .LVU438
 783:Drivers/STM32G4xx_HAL_Driver/Src/stm32g4xx_hal_uart_ex.c ****         }
 1348              		.loc 1 783 11 is_stmt 0 view .LVU439
 1349 00e0 D7E7     		b	.L86
 1350              	.LVL101:
 1351              	.L81:
 808:Drivers/STM32G4xx_HAL_Driver/Src/stm32g4xx_hal_uart_ex.c ****     /* At end of Rx process, restore huart->RxState to Ready */
 1352              		.loc 1 808 5 is_stmt 1 view .LVU440
 808:Drivers/STM32G4xx_HAL_Driver/Src/stm32g4xx_hal_uart_ex.c ****     /* At end of Rx process, restore huart->RxState to Ready */
 1353              		.loc 1 808 39 is_stmt 0 view .LVU441
 1354 00e2 B4F85E10 		ldrh	r1, [r4, #94]
 808:Drivers/STM32G4xx_HAL_Driver/Src/stm32g4xx_hal_uart_ex.c ****     /* At end of Rx process, restore huart->RxState to Ready */
 1355              		.loc 1 808 32 view .LVU442
 1356 00e6 B4F85C30 		ldrh	r3, [r4, #92]
 810:Drivers/STM32G4xx_HAL_Driver/Src/stm32g4xx_hal_uart_ex.c **** 
 1357              		.loc 1 810 20 view .LVU443
 1358 00ea 2022     		movs	r2, #32
 808:Drivers/STM32G4xx_HAL_Driver/Src/stm32g4xx_hal_uart_ex.c ****     /* At end of Rx process, restore huart->RxState to Ready */
 1359              		.loc 1 808 32 view .LVU444
 1360 00ec 5B1A     		subs	r3, r3, r1
 808:Drivers/STM32G4xx_HAL_Driver/Src/stm32g4xx_hal_uart_ex.c ****     /* At end of Rx process, restore huart->RxState to Ready */
 1361              		.loc 1 808 12 view .LVU445
 1362 00ee A9F80030 		strh	r3, [r9]	@ movhi
 810:Drivers/STM32G4xx_HAL_Driver/Src/stm32g4xx_hal_uart_ex.c **** 
 1363              		.loc 1 810 5 is_stmt 1 view .LVU446
 810:Drivers/STM32G4xx_HAL_Driver/Src/stm32g4xx_hal_uart_ex.c **** 
 1364              		.loc 1 810 20 is_stmt 0 view .LVU447
 1365 00f2 C4F88C20 		str	r2, [r4, #140]
 812:Drivers/STM32G4xx_HAL_Driver/Src/stm32g4xx_hal_uart_ex.c ****   }
 1366              		.loc 1 812 5 is_stmt 1 view .LVU448
 1367              	.L83:
 773:Drivers/STM32G4xx_HAL_Driver/Src/stm32g4xx_hal_uart_ex.c ****         }
ARM GAS  /tmp/ccdNxUHJ.s 			page 71


 1368              		.loc 1 773 18 is_stmt 0 view .LVU449
 1369 00f6 0020     		movs	r0, #0
 818:Drivers/STM32G4xx_HAL_Driver/Src/stm32g4xx_hal_uart_ex.c **** 
 1370              		.loc 1 818 1 view .LVU450
 1371 00f8 BDE8F087 		pop	{r4, r5, r6, r7, r8, r9, r10, pc}
 1372              	.LVL102:
 1373              	.L80:
 739:Drivers/STM32G4xx_HAL_Driver/Src/stm32g4xx_hal_uart_ex.c ****     uhMask = huart->Mask;
 1374              		.loc 1 739 5 is_stmt 1 discriminator 8 view .LVU451
 1375 00fc B2F1805F 		cmp	r2, #268435456
 1376 0100 0BD0     		beq	.L120
 740:Drivers/STM32G4xx_HAL_Driver/Src/stm32g4xx_hal_uart_ex.c **** 
 1377              		.loc 1 740 12 is_stmt 0 view .LVU452
 1378 0102 1F46     		mov	r7, r3
 751:Drivers/STM32G4xx_HAL_Driver/Src/stm32g4xx_hal_uart_ex.c ****     }
 1379              		.loc 1 751 19 view .LVU453
 1380 0104 9A46     		mov	r10, r3
 1381 0106 A9E7     		b	.L79
 1382              	.LVL103:
 1383              	.L117:
 770:Drivers/STM32G4xx_HAL_Driver/Src/stm32g4xx_hal_uart_ex.c ****           huart->RxState = HAL_UART_STATE_READY;
 1384              		.loc 1 770 11 is_stmt 1 view .LVU454
 770:Drivers/STM32G4xx_HAL_Driver/Src/stm32g4xx_hal_uart_ex.c ****           huart->RxState = HAL_UART_STATE_READY;
 1385              		.loc 1 770 30 is_stmt 0 view .LVU455
 1386 0108 0222     		movs	r2, #2
 771:Drivers/STM32G4xx_HAL_Driver/Src/stm32g4xx_hal_uart_ex.c **** 
 1387              		.loc 1 771 26 view .LVU456
 1388 010a 2023     		movs	r3, #32
 770:Drivers/STM32G4xx_HAL_Driver/Src/stm32g4xx_hal_uart_ex.c ****           huart->RxState = HAL_UART_STATE_READY;
 1389              		.loc 1 770 30 view .LVU457
 1390 010c 2267     		str	r2, [r4, #112]
 771:Drivers/STM32G4xx_HAL_Driver/Src/stm32g4xx_hal_uart_ex.c **** 
 1391              		.loc 1 771 11 is_stmt 1 view .LVU458
 771:Drivers/STM32G4xx_HAL_Driver/Src/stm32g4xx_hal_uart_ex.c **** 
 1392              		.loc 1 771 26 is_stmt 0 view .LVU459
 1393 010e C4F88C30 		str	r3, [r4, #140]
 773:Drivers/STM32G4xx_HAL_Driver/Src/stm32g4xx_hal_uart_ex.c ****         }
 1394              		.loc 1 773 11 is_stmt 1 view .LVU460
 773:Drivers/STM32G4xx_HAL_Driver/Src/stm32g4xx_hal_uart_ex.c ****         }
 1395              		.loc 1 773 18 is_stmt 0 view .LVU461
 1396 0112 F0E7     		b	.L83
 1397              	.LVL104:
 1398              	.L119:
 751:Drivers/STM32G4xx_HAL_Driver/Src/stm32g4xx_hal_uart_ex.c ****     }
 1399              		.loc 1 751 19 view .LVU462
 1400 0114 9A46     		mov	r10, r3
 740:Drivers/STM32G4xx_HAL_Driver/Src/stm32g4xx_hal_uart_ex.c **** 
 1401              		.loc 1 740 12 view .LVU463
 1402 0116 FF27     		movs	r7, #255
 1403 0118 A0E7     		b	.L79
 1404              	.L120:
 739:Drivers/STM32G4xx_HAL_Driver/Src/stm32g4xx_hal_uart_ex.c ****     uhMask = huart->Mask;
 1405              		.loc 1 739 5 is_stmt 1 discriminator 9 view .LVU464
 740:Drivers/STM32G4xx_HAL_Driver/Src/stm32g4xx_hal_uart_ex.c **** 
 1406              		.loc 1 740 12 is_stmt 0 view .LVU465
 1407 011a 9A46     		mov	r10, r3
 739:Drivers/STM32G4xx_HAL_Driver/Src/stm32g4xx_hal_uart_ex.c ****     uhMask = huart->Mask;
ARM GAS  /tmp/ccdNxUHJ.s 			page 72


 1408              		.loc 1 739 5 discriminator 9 view .LVU466
 1409 011c 2369     		ldr	r3, [r4, #16]
 740:Drivers/STM32G4xx_HAL_Driver/Src/stm32g4xx_hal_uart_ex.c **** 
 1410              		.loc 1 740 12 view .LVU467
 1411 011e 002B     		cmp	r3, #0
 1412 0120 14BF     		ite	ne
 1413 0122 3F27     		movne	r7, #63
 1414 0124 7F27     		moveq	r7, #127
 1415 0126 99E7     		b	.L79
 1416              		.cfi_endproc
 1417              	.LFE341:
 1419              		.section	.text.HAL_UARTEx_ReceiveToIdle_IT,"ax",%progbits
 1420              		.align	1
 1421              		.p2align 2,,3
 1422              		.global	HAL_UARTEx_ReceiveToIdle_IT
 1423              		.syntax unified
 1424              		.thumb
 1425              		.thumb_func
 1427              	HAL_UARTEx_ReceiveToIdle_IT:
 1428              	.LVL105:
 1429              	.LFB342:
 835:Drivers/STM32G4xx_HAL_Driver/Src/stm32g4xx_hal_uart_ex.c ****   HAL_StatusTypeDef status = HAL_OK;
 1430              		.loc 1 835 1 is_stmt 1 view -0
 1431              		.cfi_startproc
 1432              		@ args = 0, pretend = 0, frame = 8
 1433              		@ frame_needed = 0, uses_anonymous_args = 0
 836:Drivers/STM32G4xx_HAL_Driver/Src/stm32g4xx_hal_uart_ex.c **** 
 1434              		.loc 1 836 3 view .LVU469
 839:Drivers/STM32G4xx_HAL_Driver/Src/stm32g4xx_hal_uart_ex.c ****   {
 1435              		.loc 1 839 3 view .LVU470
 839:Drivers/STM32G4xx_HAL_Driver/Src/stm32g4xx_hal_uart_ex.c ****   {
 1436              		.loc 1 839 12 is_stmt 0 view .LVU471
 1437 0000 D0F88CC0 		ldr	ip, [r0, #140]
 839:Drivers/STM32G4xx_HAL_Driver/Src/stm32g4xx_hal_uart_ex.c ****   {
 1438              		.loc 1 839 6 view .LVU472
 1439 0004 BCF1200F 		cmp	ip, #32
 1440 0008 03D1     		bne	.L126
 841:Drivers/STM32G4xx_HAL_Driver/Src/stm32g4xx_hal_uart_ex.c ****     {
 1441              		.loc 1 841 5 is_stmt 1 view .LVU473
 841:Drivers/STM32G4xx_HAL_Driver/Src/stm32g4xx_hal_uart_ex.c ****     {
 1442              		.loc 1 841 8 is_stmt 0 view .LVU474
 1443 000a 01B1     		cbz	r1, .L136
 841:Drivers/STM32G4xx_HAL_Driver/Src/stm32g4xx_hal_uart_ex.c ****     {
 1444              		.loc 1 841 25 discriminator 1 view .LVU475
 1445 000c 1AB9     		cbnz	r2, .L142
 1446              	.L136:
 843:Drivers/STM32G4xx_HAL_Driver/Src/stm32g4xx_hal_uart_ex.c ****     }
 1447              		.loc 1 843 14 view .LVU476
 1448 000e 0120     		movs	r0, #1
 1449              	.LVL106:
 872:Drivers/STM32G4xx_HAL_Driver/Src/stm32g4xx_hal_uart_ex.c **** 
 1450              		.loc 1 872 1 view .LVU477
 1451 0010 7047     		bx	lr
 1452              	.LVL107:
 1453              	.L126:
 870:Drivers/STM32G4xx_HAL_Driver/Src/stm32g4xx_hal_uart_ex.c ****   }
 1454              		.loc 1 870 12 view .LVU478
ARM GAS  /tmp/ccdNxUHJ.s 			page 73


 1455 0012 0220     		movs	r0, #2
 1456              	.LVL108:
 870:Drivers/STM32G4xx_HAL_Driver/Src/stm32g4xx_hal_uart_ex.c ****   }
 1457              		.loc 1 870 12 view .LVU479
 1458 0014 7047     		bx	lr
 1459              	.LVL109:
 1460              	.L142:
 847:Drivers/STM32G4xx_HAL_Driver/Src/stm32g4xx_hal_uart_ex.c ****     huart->RxEventType = HAL_UART_RXEVENT_TC;
 1461              		.loc 1 847 5 is_stmt 1 view .LVU480
 835:Drivers/STM32G4xx_HAL_Driver/Src/stm32g4xx_hal_uart_ex.c ****   HAL_StatusTypeDef status = HAL_OK;
 1462              		.loc 1 835 1 is_stmt 0 view .LVU481
 1463 0016 10B5     		push	{r4, lr}
 1464              	.LCFI24:
 1465              		.cfi_def_cfa_offset 8
 1466              		.cfi_offset 4, -8
 1467              		.cfi_offset 14, -4
 847:Drivers/STM32G4xx_HAL_Driver/Src/stm32g4xx_hal_uart_ex.c ****     huart->RxEventType = HAL_UART_RXEVENT_TC;
 1468              		.loc 1 847 26 view .LVU482
 1469 0018 4FF0010C 		mov	ip, #1
 835:Drivers/STM32G4xx_HAL_Driver/Src/stm32g4xx_hal_uart_ex.c ****   HAL_StatusTypeDef status = HAL_OK;
 1470              		.loc 1 835 1 view .LVU483
 1471 001c 82B0     		sub	sp, sp, #8
 1472              	.LCFI25:
 1473              		.cfi_def_cfa_offset 16
 847:Drivers/STM32G4xx_HAL_Driver/Src/stm32g4xx_hal_uart_ex.c ****     huart->RxEventType = HAL_UART_RXEVENT_TC;
 1474              		.loc 1 847 26 view .LVU484
 1475 001e C0F86CC0 		str	ip, [r0, #108]
 848:Drivers/STM32G4xx_HAL_Driver/Src/stm32g4xx_hal_uart_ex.c **** 
 1476              		.loc 1 848 5 is_stmt 1 view .LVU485
 848:Drivers/STM32G4xx_HAL_Driver/Src/stm32g4xx_hal_uart_ex.c **** 
 1477              		.loc 1 848 24 is_stmt 0 view .LVU486
 1478 0022 4FF0000C 		mov	ip, #0
 1479 0026 C0F870C0 		str	ip, [r0, #112]
 1480 002a 0190     		str	r0, [sp, #4]
 850:Drivers/STM32G4xx_HAL_Driver/Src/stm32g4xx_hal_uart_ex.c **** 
 1481              		.loc 1 850 5 is_stmt 1 view .LVU487
 850:Drivers/STM32G4xx_HAL_Driver/Src/stm32g4xx_hal_uart_ex.c **** 
 1482              		.loc 1 850 11 is_stmt 0 view .LVU488
 1483 002c FFF7FEFF 		bl	UART_Start_Receive_IT
 1484              	.LVL110:
 852:Drivers/STM32G4xx_HAL_Driver/Src/stm32g4xx_hal_uart_ex.c ****     {
 1485              		.loc 1 852 5 is_stmt 1 view .LVU489
 852:Drivers/STM32G4xx_HAL_Driver/Src/stm32g4xx_hal_uart_ex.c ****     {
 1486              		.loc 1 852 14 is_stmt 0 view .LVU490
 1487 0030 019B     		ldr	r3, [sp, #4]
 1488 0032 DA6E     		ldr	r2, [r3, #108]
 852:Drivers/STM32G4xx_HAL_Driver/Src/stm32g4xx_hal_uart_ex.c ****     {
 1489              		.loc 1 852 8 view .LVU491
 1490 0034 012A     		cmp	r2, #1
 1491 0036 02D0     		beq	.L143
 843:Drivers/STM32G4xx_HAL_Driver/Src/stm32g4xx_hal_uart_ex.c ****     }
 1492              		.loc 1 843 14 view .LVU492
 1493 0038 0120     		movs	r0, #1
 1494              	.L122:
 1495              	.LVL111:
 872:Drivers/STM32G4xx_HAL_Driver/Src/stm32g4xx_hal_uart_ex.c **** 
 1496              		.loc 1 872 1 view .LVU493
ARM GAS  /tmp/ccdNxUHJ.s 			page 74


 1497 003a 02B0     		add	sp, sp, #8
 1498              	.LCFI26:
 1499              		.cfi_remember_state
 1500              		.cfi_def_cfa_offset 8
 1501              		@ sp needed
 1502 003c 10BD     		pop	{r4, pc}
 1503              	.LVL112:
 1504              	.L143:
 1505              	.LCFI27:
 1506              		.cfi_restore_state
 854:Drivers/STM32G4xx_HAL_Driver/Src/stm32g4xx_hal_uart_ex.c ****       ATOMIC_SET_BIT(huart->Instance->CR1, USART_CR1_IDLEIE);
 1507              		.loc 1 854 7 is_stmt 1 view .LVU494
 1508 003e 1A68     		ldr	r2, [r3]
 1509 0040 1023     		movs	r3, #16
 1510 0042 1362     		str	r3, [r2, #32]
 1511              	.L141:
 855:Drivers/STM32G4xx_HAL_Driver/Src/stm32g4xx_hal_uart_ex.c ****     }
 1512              		.loc 1 855 7 view .LVU495
 1513              	.LBB37:
 855:Drivers/STM32G4xx_HAL_Driver/Src/stm32g4xx_hal_uart_ex.c ****     }
 1514              		.loc 1 855 7 view .LVU496
 855:Drivers/STM32G4xx_HAL_Driver/Src/stm32g4xx_hal_uart_ex.c ****     }
 1515              		.loc 1 855 7 view .LVU497
 855:Drivers/STM32G4xx_HAL_Driver/Src/stm32g4xx_hal_uart_ex.c ****     }
 1516              		.loc 1 855 7 view .LVU498
 1517              	.LVL113:
 1518              	.LBB38:
 1519              	.LBI38:
1151:Drivers/CMSIS/Include/cmsis_gcc.h **** {
 1520              		.loc 2 1151 31 view .LVU499
 1521              	.LBB39:
1153:Drivers/CMSIS/Include/cmsis_gcc.h **** 
 1522              		.loc 2 1153 5 view .LVU500
1155:Drivers/CMSIS/Include/cmsis_gcc.h ****    return(result);
 1523              		.loc 2 1155 4 view .LVU501
 1524              		.syntax unified
 1525              	@ 1155 "Drivers/CMSIS/Include/cmsis_gcc.h" 1
 1526 0044 52E8003F 		ldrex r3, [r2]
 1527              	@ 0 "" 2
1156:Drivers/CMSIS/Include/cmsis_gcc.h **** }
 1528              		.loc 2 1156 4 view .LVU502
 1529              	.LVL114:
1156:Drivers/CMSIS/Include/cmsis_gcc.h **** }
 1530              		.loc 2 1156 4 is_stmt 0 view .LVU503
 1531              		.thumb
 1532              		.syntax unified
 1533              	.LBE39:
 1534              	.LBE38:
 855:Drivers/STM32G4xx_HAL_Driver/Src/stm32g4xx_hal_uart_ex.c ****     }
 1535              		.loc 1 855 7 discriminator 1 view .LVU504
 1536 0048 43F01003 		orr	r3, r3, #16
 1537              	.LVL115:
 855:Drivers/STM32G4xx_HAL_Driver/Src/stm32g4xx_hal_uart_ex.c ****     }
 1538              		.loc 1 855 7 is_stmt 1 discriminator 1 view .LVU505
 1539              	.LBB40:
 1540              	.LBI40:
1202:Drivers/CMSIS/Include/cmsis_gcc.h **** {
ARM GAS  /tmp/ccdNxUHJ.s 			page 75


 1541              		.loc 2 1202 31 view .LVU506
 1542              	.LBB41:
1204:Drivers/CMSIS/Include/cmsis_gcc.h **** 
 1543              		.loc 2 1204 4 view .LVU507
1206:Drivers/CMSIS/Include/cmsis_gcc.h ****    return(result);
 1544              		.loc 2 1206 4 view .LVU508
 1545              		.syntax unified
 1546              	@ 1206 "Drivers/CMSIS/Include/cmsis_gcc.h" 1
 1547 004c 42E80031 		strex r1, r3, [r2]
 1548              	@ 0 "" 2
 1549              		.loc 2 1207 4 view .LVU509
 1550              	.LVL116:
 1551              		.loc 2 1207 4 is_stmt 0 view .LVU510
 1552              		.thumb
 1553              		.syntax unified
 1554              	.LBE41:
 1555              	.LBE40:
 855:Drivers/STM32G4xx_HAL_Driver/Src/stm32g4xx_hal_uart_ex.c ****     }
 1556              		.loc 1 855 7 discriminator 2 view .LVU511
 1557 0050 0029     		cmp	r1, #0
 1558 0052 F7D1     		bne	.L141
 1559              	.LBE37:
 836:Drivers/STM32G4xx_HAL_Driver/Src/stm32g4xx_hal_uart_ex.c **** 
 1560              		.loc 1 836 21 view .LVU512
 1561 0054 0020     		movs	r0, #0
 1562 0056 F0E7     		b	.L122
 1563              		.cfi_endproc
 1564              	.LFE342:
 1566              		.section	.text.HAL_UARTEx_ReceiveToIdle_DMA,"ax",%progbits
 1567              		.align	1
 1568              		.p2align 2,,3
 1569              		.global	HAL_UARTEx_ReceiveToIdle_DMA
 1570              		.syntax unified
 1571              		.thumb
 1572              		.thumb_func
 1574              	HAL_UARTEx_ReceiveToIdle_DMA:
 1575              	.LVL117:
 1576              	.LFB343:
 892:Drivers/STM32G4xx_HAL_Driver/Src/stm32g4xx_hal_uart_ex.c ****   HAL_StatusTypeDef status;
 1577              		.loc 1 892 1 is_stmt 1 view -0
 1578              		.cfi_startproc
 1579              		@ args = 0, pretend = 0, frame = 8
 1580              		@ frame_needed = 0, uses_anonymous_args = 0
 893:Drivers/STM32G4xx_HAL_Driver/Src/stm32g4xx_hal_uart_ex.c **** 
 1581              		.loc 1 893 3 view .LVU514
 896:Drivers/STM32G4xx_HAL_Driver/Src/stm32g4xx_hal_uart_ex.c ****   {
 1582              		.loc 1 896 3 view .LVU515
 896:Drivers/STM32G4xx_HAL_Driver/Src/stm32g4xx_hal_uart_ex.c ****   {
 1583              		.loc 1 896 12 is_stmt 0 view .LVU516
 1584 0000 D0F88CC0 		ldr	ip, [r0, #140]
 896:Drivers/STM32G4xx_HAL_Driver/Src/stm32g4xx_hal_uart_ex.c ****   {
 1585              		.loc 1 896 6 view .LVU517
 1586 0004 BCF1200F 		cmp	ip, #32
 1587 0008 03D1     		bne	.L150
 898:Drivers/STM32G4xx_HAL_Driver/Src/stm32g4xx_hal_uart_ex.c ****     {
 1588              		.loc 1 898 5 is_stmt 1 view .LVU518
 898:Drivers/STM32G4xx_HAL_Driver/Src/stm32g4xx_hal_uart_ex.c ****     {
ARM GAS  /tmp/ccdNxUHJ.s 			page 76


 1589              		.loc 1 898 8 is_stmt 0 view .LVU519
 1590 000a 01B1     		cbz	r1, .L162
 898:Drivers/STM32G4xx_HAL_Driver/Src/stm32g4xx_hal_uart_ex.c ****     {
 1591              		.loc 1 898 25 discriminator 1 view .LVU520
 1592 000c 1AB9     		cbnz	r2, .L167
 1593              	.L162:
 900:Drivers/STM32G4xx_HAL_Driver/Src/stm32g4xx_hal_uart_ex.c ****     }
 1594              		.loc 1 900 14 view .LVU521
 1595 000e 0120     		movs	r0, #1
 1596              	.LVL118:
 933:Drivers/STM32G4xx_HAL_Driver/Src/stm32g4xx_hal_uart_ex.c **** 
 1597              		.loc 1 933 1 view .LVU522
 1598 0010 7047     		bx	lr
 1599              	.LVL119:
 1600              	.L150:
 931:Drivers/STM32G4xx_HAL_Driver/Src/stm32g4xx_hal_uart_ex.c ****   }
 1601              		.loc 1 931 12 view .LVU523
 1602 0012 0220     		movs	r0, #2
 1603              	.LVL120:
 931:Drivers/STM32G4xx_HAL_Driver/Src/stm32g4xx_hal_uart_ex.c ****   }
 1604              		.loc 1 931 12 view .LVU524
 1605 0014 7047     		bx	lr
 1606              	.LVL121:
 1607              	.L167:
 904:Drivers/STM32G4xx_HAL_Driver/Src/stm32g4xx_hal_uart_ex.c ****     huart->RxEventType = HAL_UART_RXEVENT_TC;
 1608              		.loc 1 904 5 is_stmt 1 view .LVU525
 892:Drivers/STM32G4xx_HAL_Driver/Src/stm32g4xx_hal_uart_ex.c ****   HAL_StatusTypeDef status;
 1609              		.loc 1 892 1 is_stmt 0 view .LVU526
 1610 0016 10B5     		push	{r4, lr}
 1611              	.LCFI28:
 1612              		.cfi_def_cfa_offset 8
 1613              		.cfi_offset 4, -8
 1614              		.cfi_offset 14, -4
 904:Drivers/STM32G4xx_HAL_Driver/Src/stm32g4xx_hal_uart_ex.c ****     huart->RxEventType = HAL_UART_RXEVENT_TC;
 1615              		.loc 1 904 26 view .LVU527
 1616 0018 4FF0010C 		mov	ip, #1
 892:Drivers/STM32G4xx_HAL_Driver/Src/stm32g4xx_hal_uart_ex.c ****   HAL_StatusTypeDef status;
 1617              		.loc 1 892 1 view .LVU528
 1618 001c 82B0     		sub	sp, sp, #8
 1619              	.LCFI29:
 1620              		.cfi_def_cfa_offset 16
 904:Drivers/STM32G4xx_HAL_Driver/Src/stm32g4xx_hal_uart_ex.c ****     huart->RxEventType = HAL_UART_RXEVENT_TC;
 1621              		.loc 1 904 26 view .LVU529
 1622 001e C0F86CC0 		str	ip, [r0, #108]
 905:Drivers/STM32G4xx_HAL_Driver/Src/stm32g4xx_hal_uart_ex.c **** 
 1623              		.loc 1 905 5 is_stmt 1 view .LVU530
 905:Drivers/STM32G4xx_HAL_Driver/Src/stm32g4xx_hal_uart_ex.c **** 
 1624              		.loc 1 905 24 is_stmt 0 view .LVU531
 1625 0022 4FF0000C 		mov	ip, #0
 1626 0026 C0F870C0 		str	ip, [r0, #112]
 1627 002a 0190     		str	r0, [sp, #4]
 907:Drivers/STM32G4xx_HAL_Driver/Src/stm32g4xx_hal_uart_ex.c **** 
 1628              		.loc 1 907 5 is_stmt 1 view .LVU532
 907:Drivers/STM32G4xx_HAL_Driver/Src/stm32g4xx_hal_uart_ex.c **** 
 1629              		.loc 1 907 15 is_stmt 0 view .LVU533
 1630 002c FFF7FEFF 		bl	UART_Start_Receive_DMA
 1631              	.LVL122:
ARM GAS  /tmp/ccdNxUHJ.s 			page 77


 910:Drivers/STM32G4xx_HAL_Driver/Src/stm32g4xx_hal_uart_ex.c ****     {
 1632              		.loc 1 910 5 is_stmt 1 view .LVU534
 910:Drivers/STM32G4xx_HAL_Driver/Src/stm32g4xx_hal_uart_ex.c ****     {
 1633              		.loc 1 910 8 is_stmt 0 view .LVU535
 1634 0030 20B9     		cbnz	r0, .L145
 912:Drivers/STM32G4xx_HAL_Driver/Src/stm32g4xx_hal_uart_ex.c ****       {
 1635              		.loc 1 912 7 is_stmt 1 view .LVU536
 912:Drivers/STM32G4xx_HAL_Driver/Src/stm32g4xx_hal_uart_ex.c ****       {
 1636              		.loc 1 912 16 is_stmt 0 view .LVU537
 1637 0032 019B     		ldr	r3, [sp, #4]
 1638 0034 DA6E     		ldr	r2, [r3, #108]
 912:Drivers/STM32G4xx_HAL_Driver/Src/stm32g4xx_hal_uart_ex.c ****       {
 1639              		.loc 1 912 10 view .LVU538
 1640 0036 012A     		cmp	r2, #1
 1641 0038 02D0     		beq	.L168
 900:Drivers/STM32G4xx_HAL_Driver/Src/stm32g4xx_hal_uart_ex.c ****     }
 1642              		.loc 1 900 14 view .LVU539
 1643 003a 0120     		movs	r0, #1
 1644              	.LVL123:
 1645              	.L145:
 933:Drivers/STM32G4xx_HAL_Driver/Src/stm32g4xx_hal_uart_ex.c **** 
 1646              		.loc 1 933 1 view .LVU540
 1647 003c 02B0     		add	sp, sp, #8
 1648              	.LCFI30:
 1649              		.cfi_remember_state
 1650              		.cfi_def_cfa_offset 8
 1651              		@ sp needed
 1652 003e 10BD     		pop	{r4, pc}
 1653              	.LVL124:
 1654              	.L168:
 1655              	.LCFI31:
 1656              		.cfi_restore_state
 914:Drivers/STM32G4xx_HAL_Driver/Src/stm32g4xx_hal_uart_ex.c ****         ATOMIC_SET_BIT(huart->Instance->CR1, USART_CR1_IDLEIE);
 1657              		.loc 1 914 9 is_stmt 1 view .LVU541
 1658 0040 1A68     		ldr	r2, [r3]
 1659 0042 1023     		movs	r3, #16
 1660 0044 1362     		str	r3, [r2, #32]
 1661              	.L166:
 915:Drivers/STM32G4xx_HAL_Driver/Src/stm32g4xx_hal_uart_ex.c ****       }
 1662              		.loc 1 915 9 view .LVU542
 1663              	.LBB42:
 915:Drivers/STM32G4xx_HAL_Driver/Src/stm32g4xx_hal_uart_ex.c ****       }
 1664              		.loc 1 915 9 view .LVU543
 915:Drivers/STM32G4xx_HAL_Driver/Src/stm32g4xx_hal_uart_ex.c ****       }
 1665              		.loc 1 915 9 view .LVU544
 915:Drivers/STM32G4xx_HAL_Driver/Src/stm32g4xx_hal_uart_ex.c ****       }
 1666              		.loc 1 915 9 view .LVU545
 1667              	.LVL125:
 1668              	.LBB43:
 1669              	.LBI43:
1151:Drivers/CMSIS/Include/cmsis_gcc.h **** {
 1670              		.loc 2 1151 31 view .LVU546
 1671              	.LBB44:
1153:Drivers/CMSIS/Include/cmsis_gcc.h **** 
 1672              		.loc 2 1153 5 view .LVU547
1155:Drivers/CMSIS/Include/cmsis_gcc.h ****    return(result);
 1673              		.loc 2 1155 4 view .LVU548
ARM GAS  /tmp/ccdNxUHJ.s 			page 78


 1674              		.syntax unified
 1675              	@ 1155 "Drivers/CMSIS/Include/cmsis_gcc.h" 1
 1676 0046 52E8003F 		ldrex r3, [r2]
 1677              	@ 0 "" 2
1156:Drivers/CMSIS/Include/cmsis_gcc.h **** }
 1678              		.loc 2 1156 4 view .LVU549
 1679              	.LVL126:
1156:Drivers/CMSIS/Include/cmsis_gcc.h **** }
 1680              		.loc 2 1156 4 is_stmt 0 view .LVU550
 1681              		.thumb
 1682              		.syntax unified
 1683              	.LBE44:
 1684              	.LBE43:
 915:Drivers/STM32G4xx_HAL_Driver/Src/stm32g4xx_hal_uart_ex.c ****       }
 1685              		.loc 1 915 9 discriminator 1 view .LVU551
 1686 004a 43F01003 		orr	r3, r3, #16
 1687              	.LVL127:
 915:Drivers/STM32G4xx_HAL_Driver/Src/stm32g4xx_hal_uart_ex.c ****       }
 1688              		.loc 1 915 9 is_stmt 1 discriminator 1 view .LVU552
 1689              	.LBB45:
 1690              	.LBI45:
1202:Drivers/CMSIS/Include/cmsis_gcc.h **** {
 1691              		.loc 2 1202 31 view .LVU553
 1692              	.LBB46:
1204:Drivers/CMSIS/Include/cmsis_gcc.h **** 
 1693              		.loc 2 1204 4 view .LVU554
1206:Drivers/CMSIS/Include/cmsis_gcc.h ****    return(result);
 1694              		.loc 2 1206 4 view .LVU555
 1695              		.syntax unified
 1696              	@ 1206 "Drivers/CMSIS/Include/cmsis_gcc.h" 1
 1697 004e 42E80031 		strex r1, r3, [r2]
 1698              	@ 0 "" 2
 1699              		.loc 2 1207 4 view .LVU556
 1700              	.LVL128:
 1701              		.loc 2 1207 4 is_stmt 0 view .LVU557
 1702              		.thumb
 1703              		.syntax unified
 1704              	.LBE46:
 1705              	.LBE45:
 915:Drivers/STM32G4xx_HAL_Driver/Src/stm32g4xx_hal_uart_ex.c ****       }
 1706              		.loc 1 915 9 discriminator 2 view .LVU558
 1707 0052 0029     		cmp	r1, #0
 1708 0054 F7D1     		bne	.L166
 1709 0056 F1E7     		b	.L145
 1710              	.LBE42:
 1711              		.cfi_endproc
 1712              	.LFE343:
 1714              		.section	.text.HAL_UARTEx_GetRxEventType,"ax",%progbits
 1715              		.align	1
 1716              		.p2align 2,,3
 1717              		.global	HAL_UARTEx_GetRxEventType
 1718              		.syntax unified
 1719              		.thumb
 1720              		.thumb_func
 1722              	HAL_UARTEx_GetRxEventType:
 1723              	.LVL129:
 1724              	.LFB344:
ARM GAS  /tmp/ccdNxUHJ.s 			page 79


 958:Drivers/STM32G4xx_HAL_Driver/Src/stm32g4xx_hal_uart_ex.c ****   /* Return Rx Event type value, as stored in UART handle */
 1725              		.loc 1 958 1 is_stmt 1 view -0
 1726              		.cfi_startproc
 1727              		@ args = 0, pretend = 0, frame = 0
 1728              		@ frame_needed = 0, uses_anonymous_args = 0
 1729              		@ link register save eliminated.
 960:Drivers/STM32G4xx_HAL_Driver/Src/stm32g4xx_hal_uart_ex.c **** }
 1730              		.loc 1 960 3 view .LVU560
 961:Drivers/STM32G4xx_HAL_Driver/Src/stm32g4xx_hal_uart_ex.c **** 
 1731              		.loc 1 961 1 is_stmt 0 view .LVU561
 1732 0000 006F     		ldr	r0, [r0, #112]
 1733              	.LVL130:
 961:Drivers/STM32G4xx_HAL_Driver/Src/stm32g4xx_hal_uart_ex.c **** 
 1734              		.loc 1 961 1 view .LVU562
 1735 0002 7047     		bx	lr
 1736              		.cfi_endproc
 1737              	.LFE344:
 1739              		.section	.rodata.denominator.0,"a"
 1740              		.align	2
 1743              	denominator.0:
 1744 0000 08040204 		.ascii	"\010\004\002\004\010\001\001\001"
 1744      08010101 
 1745              		.section	.rodata.numerator.1,"a"
 1746              		.align	2
 1749              	numerator.1:
 1750 0000 01010103 		.ascii	"\001\001\001\003\007\001\000\000"
 1750      07010000 
 1751              		.text
 1752              	.Letext0:
 1753              		.file 3 "/usr/arm-none-eabi/include/machine/_default_types.h"
 1754              		.file 4 "/usr/arm-none-eabi/include/sys/_stdint.h"
 1755              		.file 5 "Drivers/CMSIS/Device/ST/STM32G4xx/Include/stm32g474xx.h"
 1756              		.file 6 "Drivers/CMSIS/Device/ST/STM32G4xx/Include/stm32g4xx.h"
 1757              		.file 7 "Drivers/STM32G4xx_HAL_Driver/Inc/stm32g4xx_hal_def.h"
 1758              		.file 8 "Drivers/STM32G4xx_HAL_Driver/Inc/stm32g4xx_hal_dma.h"
 1759              		.file 9 "Drivers/STM32G4xx_HAL_Driver/Inc/stm32g4xx_hal_uart.h"
 1760              		.file 10 "Drivers/STM32G4xx_HAL_Driver/Inc/stm32g4xx_hal_uart_ex.h"
 1761              		.file 11 "Drivers/STM32G4xx_HAL_Driver/Inc/stm32g4xx_hal.h"
ARM GAS  /tmp/ccdNxUHJ.s 			page 80


DEFINED SYMBOLS
                            *ABS*:00000000 stm32g4xx_hal_uart_ex.c
     /tmp/ccdNxUHJ.s:21     .text.UARTEx_SetNbDataToProcess:00000000 $t
     /tmp/ccdNxUHJ.s:27     .text.UARTEx_SetNbDataToProcess:00000000 UARTEx_SetNbDataToProcess
     /tmp/ccdNxUHJ.s:107    .text.UARTEx_SetNbDataToProcess:0000004c $d
     /tmp/ccdNxUHJ.s:1749   .rodata.numerator.1:00000000 numerator.1
     /tmp/ccdNxUHJ.s:1743   .rodata.denominator.0:00000000 denominator.0
     /tmp/ccdNxUHJ.s:113    .text.HAL_RS485Ex_Init:00000000 $t
     /tmp/ccdNxUHJ.s:120    .text.HAL_RS485Ex_Init:00000000 HAL_RS485Ex_Init
     /tmp/ccdNxUHJ.s:271    .text.HAL_UARTEx_WakeupCallback:00000000 $t
     /tmp/ccdNxUHJ.s:278    .text.HAL_UARTEx_WakeupCallback:00000000 HAL_UARTEx_WakeupCallback
     /tmp/ccdNxUHJ.s:293    .text.HAL_UARTEx_RxFifoFullCallback:00000000 $t
     /tmp/ccdNxUHJ.s:300    .text.HAL_UARTEx_RxFifoFullCallback:00000000 HAL_UARTEx_RxFifoFullCallback
     /tmp/ccdNxUHJ.s:312    .text.HAL_UARTEx_TxFifoEmptyCallback:00000000 $t
     /tmp/ccdNxUHJ.s:319    .text.HAL_UARTEx_TxFifoEmptyCallback:00000000 HAL_UARTEx_TxFifoEmptyCallback
     /tmp/ccdNxUHJ.s:331    .text.HAL_MultiProcessorEx_AddressLength_Set:00000000 $t
     /tmp/ccdNxUHJ.s:338    .text.HAL_MultiProcessorEx_AddressLength_Set:00000000 HAL_MultiProcessorEx_AddressLength_Set
     /tmp/ccdNxUHJ.s:383    .text.HAL_UARTEx_StopModeWakeUpSourceConfig:00000000 $t
     /tmp/ccdNxUHJ.s:390    .text.HAL_UARTEx_StopModeWakeUpSourceConfig:00000000 HAL_UARTEx_StopModeWakeUpSourceConfig
     /tmp/ccdNxUHJ.s:546    .text.HAL_UARTEx_EnableStopMode:00000000 $t
     /tmp/ccdNxUHJ.s:553    .text.HAL_UARTEx_EnableStopMode:00000000 HAL_UARTEx_EnableStopMode
     /tmp/ccdNxUHJ.s:643    .text.HAL_UARTEx_DisableStopMode:00000000 $t
     /tmp/ccdNxUHJ.s:650    .text.HAL_UARTEx_DisableStopMode:00000000 HAL_UARTEx_DisableStopMode
     /tmp/ccdNxUHJ.s:739    .text.HAL_UARTEx_EnableFifoMode:00000000 $t
     /tmp/ccdNxUHJ.s:746    .text.HAL_UARTEx_EnableFifoMode:00000000 HAL_UARTEx_EnableFifoMode
     /tmp/ccdNxUHJ.s:836    .text.HAL_UARTEx_DisableFifoMode:00000000 $t
     /tmp/ccdNxUHJ.s:843    .text.HAL_UARTEx_DisableFifoMode:00000000 HAL_UARTEx_DisableFifoMode
     /tmp/ccdNxUHJ.s:913    .text.HAL_UARTEx_SetTxFifoThreshold:00000000 $t
     /tmp/ccdNxUHJ.s:920    .text.HAL_UARTEx_SetTxFifoThreshold:00000000 HAL_UARTEx_SetTxFifoThreshold
     /tmp/ccdNxUHJ.s:1015   .text.HAL_UARTEx_SetRxFifoThreshold:00000000 $t
     /tmp/ccdNxUHJ.s:1022   .text.HAL_UARTEx_SetRxFifoThreshold:00000000 HAL_UARTEx_SetRxFifoThreshold
     /tmp/ccdNxUHJ.s:1117   .text.HAL_UARTEx_ReceiveToIdle:00000000 $t
     /tmp/ccdNxUHJ.s:1124   .text.HAL_UARTEx_ReceiveToIdle:00000000 HAL_UARTEx_ReceiveToIdle
     /tmp/ccdNxUHJ.s:1420   .text.HAL_UARTEx_ReceiveToIdle_IT:00000000 $t
     /tmp/ccdNxUHJ.s:1427   .text.HAL_UARTEx_ReceiveToIdle_IT:00000000 HAL_UARTEx_ReceiveToIdle_IT
     /tmp/ccdNxUHJ.s:1567   .text.HAL_UARTEx_ReceiveToIdle_DMA:00000000 $t
     /tmp/ccdNxUHJ.s:1574   .text.HAL_UARTEx_ReceiveToIdle_DMA:00000000 HAL_UARTEx_ReceiveToIdle_DMA
     /tmp/ccdNxUHJ.s:1715   .text.HAL_UARTEx_GetRxEventType:00000000 $t
     /tmp/ccdNxUHJ.s:1722   .text.HAL_UARTEx_GetRxEventType:00000000 HAL_UARTEx_GetRxEventType
     /tmp/ccdNxUHJ.s:1740   .rodata.denominator.0:00000000 $d
     /tmp/ccdNxUHJ.s:1746   .rodata.numerator.1:00000000 $d

UNDEFINED SYMBOLS
UART_SetConfig
UART_CheckIdleState
UART_AdvFeatureConfig
HAL_UART_MspInit
HAL_GetTick
UART_WaitOnFlagUntilTimeout
UART_Start_Receive_IT
UART_Start_Receive_DMA
